#Dataset: ICHEC-EC-EARTH_r12i1p1_SMHI-RCA4_v1
#Variable: tas
#Area: sea
#Interpolation_method: cdo remap
#Spatial_resolution: 0.5º
#Creation_Date: 2020-11-16
#Author: IPCC-WGI Atlas Hub (https://github.com/SantanderMetGroup/IPCC-Atlas). Santander Meteorology Group.
"date","NWN","NEN","WNA","CNA","ENA","full_domain"
"2006-01",-16.474,-24.955,11.239,17.121,10.089,4.719
"2006-02",-15.944,-22.46,11.055,16.987,10.619,4.314
"2006-03",-16.779,-22.058,8.277,19.627,10.718,4.901
"2006-04",-9.573,-12.843,11.254,20.434,12.812,7.339
"2006-05",-3.662,-8.256,12.416,23.256,15.484,9.614
"2006-06",4.056,0.154,14.416,25.617,17.675,13.124
"2006-07",6.326,2.83,16.235,27.45,20.515,15.257
"2006-08",6.441,3.906,16.879,28.101,21.677,16.148
"2006-09",4.148,1.354,16.243,27.974,20.295,15.243
"2006-10",-0.798,-1.748,14.944,24.591,17.994,12.825
"2006-11",-11.761,-10.995,12.928,21.532,15.186,8.822
"2006-12",-13.554,-14.896,10.133,20.094,13.996,6.925
"2007-01",-16.163,-25.109,8.215,18.484,11.411,4.234
"2007-02",-15.374,-24.646,8.664,17.672,9.679,4.183
"2007-03",-16.406,-23.47,9.383,19.348,11.729,4.511
"2007-04",-10.662,-16.771,10.396,21.478,13.432,6.243
"2007-05",-2.907,-6.055,12.46,23.593,15.053,9.911
"2007-06",4.296,0.675,14.207,26.322,18.199,13.208
"2007-07",7.07,3.284,16.128,27.717,20.812,15.275
"2007-08",6.377,3.785,16.599,28.304,21.65,15.866
"2007-09",3.683,-0.163,16.013,27.86,21.225,14.747
"2007-10",-0.192,-4.789,15.122,24.087,19.08,12.513
"2007-11",-7.298,-12.824,12.039,22.772,16.342,9.591
"2007-12",-11.69,-19.354,11.291,19.589,12.749,6.266
"2008-01",-13.344,-28.635,10.794,15.972,9.791,4.434
"2008-02",-16.178,-29.215,10.204,18.948,11.274,4.154
"2008-03",-16.383,-21.899,8.836,19.821,10.099,4.213
"2008-04",-12.393,-14.496,10.433,22.58,13.905,6.856
"2008-05",-1.87,-2.915,11.778,25.27,16.257,10.73
"2008-06",3.456,0.708,13.89,26.828,18.724,13.109
"2008-07",6.053,3.528,15.847,27.861,21.352,15.364
"2008-08",6.068,4.547,16.747,28.767,21.927,16.283
"2008-09",2.083,2.002,15.886,28.056,21.844,14.918
"2008-10",-6.657,-3.052,14.431,25.256,18.562,11.912
"2008-11",-10.022,-5.763,12.336,20.934,15.315,9.735
"2008-12",-13.683,-12.958,11.593,19.258,12.648,6.585
"2009-01",-22.544,-22.135,10.067,16.812,11.196,2.937
"2009-02",-15.867,-20.569,9.872,18.03,10.366,4.298
"2009-03",-17.408,-22.781,9.387,19.792,12.143,4.895
"2009-04",-9.885,-17.369,10.413,20.726,12.691,6.582
"2009-05",-0.482,-2.744,12.451,23.574,15.48,10.474
"2009-06",3.453,1.255,14.048,25.806,18.202,13.066
"2009-07",6.131,3.941,15.95,27.618,20.775,15.237
"2009-08",5.323,4.456,15.832,28.096,22.118,15.869
"2009-09",1.893,2.689,16.119,27.368,20.942,14.66
"2009-10",-4.295,-1.272,14.139,25.228,18.566,12.321
"2009-11",-8.078,-8.916,12.896,21.023,14.794,9.808
"2009-12",-16.029,-13.321,11.59,16.906,11.811,5.901
"2010-01",-18.996,-29.709,9.795,19.002,11.041,3.74
"2010-02",-15.875,-28.969,10.268,18.272,8.696,3.634
"2010-03",-17.851,-21.188,10.532,18.821,9.947,4.673
"2010-04",-9.768,-13.836,11.696,20.136,11.84,6.835
"2010-05",-2.321,-6.031,12.525,24.032,15.091,9.975
"2010-06",3.819,1.136,14.263,26.236,18.412,13.179
"2010-07",5.915,3.712,16.42,27.377,20.619,15.272
"2010-08",6.429,4.195,17.106,28.047,21.248,16.102
"2010-09",3.106,2.698,16.88,27.318,20.487,14.97
"2010-10",-2.518,-3.349,16.154,25.166,18.121,12.653
"2010-11",-10.248,-7.772,13.61,22.888,15.496,9.694
"2010-12",-16.75,-11.966,11.712,17.935,11.876,6.18
"2011-01",-18.484,-27.461,11.081,16.174,9.365,3.325
"2011-02",-23.81,-28.863,9.58,17.184,10.803,1.673
"2011-03",-14.165,-23.009,10.453,19.185,10.961,4.908
"2011-04",-11.087,-12.886,10.638,21.65,13.231,6.732
"2011-05",-2.005,-3.484,13.258,24.118,15.637,10.453
"2011-06",4.181,1.379,14.99,26.086,18.575,13.475
"2011-07",6.639,3.971,16.969,27.329,20.868,15.684
"2011-08",5.715,4.707,17.257,27.877,22.13,16.35
"2011-09",2.34,2.524,16.182,27.447,21.187,14.982
"2011-10",-3.749,-1.955,15.061,24.177,18.55,12.481
"2011-11",-9.132,-10.582,13.856,19.921,14.568,9.442
"2011-12",-13.996,-18.775,13.045,17.883,12.486,6.644
"2012-01",-19.095,-22.465,9.947,17.675,10.72,3.572
"2012-02",-14.542,-20.974,9.277,17.516,10.932,5.042
"2012-03",-15.796,-20.68,8.965,19.172,11.709,4.497
"2012-04",-6.547,-6.609,11.009,20.574,12.946,7.582
"2012-05",0.425,-1.534,12.745,24.223,15.8,10.675
"2012-06",3.765,2.051,14.512,26.241,18.513,13.127
"2012-07",5.966,4.309,16.385,27.631,21.076,15.462
"2012-08",5.469,4.803,16.655,28.416,21.951,16.007
"2012-09",2.703,2.004,16.202,27.573,20.629,14.872
"2012-10",-1.451,-2.545,15.373,24.155,17.935,12.433
"2012-11",-9.733,-10.21,13.425,22.068,14.752,9.038
"2012-12",-14.184,-14.895,12.533,17.489,12.059,5.628
"2013-01",-12.724,-22.023,10.667,16.27,9.778,4.588
"2013-02",-16.24,-25.2,10.75,16.991,10.425,3.684
"2013-03",-12.304,-25.616,10.756,19.143,11.472,4.303
"2013-04",-8.093,-13.03,11.524,20.566,12.922,7.507
"2013-05",-1.011,-3.959,12.666,23.746,15.884,10.468
"2013-06",4.227,0.423,14.85,26.616,18.995,13.336
"2013-07",7.012,3.362,16.725,27.993,21.466,15.604
"2013-08",6.96,3.766,17.409,28.76,21.544,16.171
"2013-09",4.28,2.128,16.75,28.43,21.324,15.415
"2013-10",-1.737,-2.06,15.474,25.435,18.615,12.834
"2013-11",-5.703,-9.353,13.945,19.795,14.602,9.584
"2013-12",-8.167,-8.689,11.828,18.416,12.764,8.364
"2014-01",-17.857,-26.299,10.737,16.277,11.06,3.499
"2014-02",-18.946,-29.101,9.159,17.832,11.178,3.134
"2014-03",-14.576,-24.037,10.983,18.874,11.349,4.75
"2014-04",-8.276,-15.857,11.171,21.519,13.097,6.829
"2014-05",-0.22,-7.017,13.172,24.086,16.302,10.361
"2014-06",4.42,0.055,14.686,26.152,18.459,13.035
"2014-07",6.342,3.245,16.347,27.735,21.226,15.169
"2014-08",6.227,3.975,16.296,28.318,21.969,15.939
"2014-09",2.715,2.583,15.588,27.711,20.834,14.885
"2014-10",-4.1,-4.334,14.275,25.687,19.316,12.179
"2014-11",-7.225,-8.872,12.094,22.601,15.961,9.903
"2014-12",-13.544,-16.851,11.363,18.966,13.142,7.185
"2015-01",-15.82,-27.841,9.713,17.301,11.942,4.155
"2015-02",-19.698,-30.37,8.042,19.378,12.114,3.222
"2015-03",-11.918,-21.611,8.708,20.457,11.714,5.048
"2015-04",-5.701,-8.503,9.24,22.197,13.568,7.674
"2015-05",-2.405,-4.676,11.546,25.244,16.507,9.958
"2015-06",3.863,1.681,14.226,26.459,19.538,13.16
"2015-07",5.621,4.003,16.126,27.699,21.541,15.11
"2015-08",5.955,4.311,17.249,28.37,22.502,15.941
"2015-09",3.868,2.149,16.754,27.57,20.873,14.914
"2015-10",0.151,-1.519,15.268,24.882,18.461,13.117
"2015-11",-7.545,-12.796,14.73,21.098,15.06,9.728
"2015-12",-12.759,-17.586,11.604,19.306,13.383,6.906
"2016-01",-14.625,-23.531,10.584,18.426,12.347,4.785
"2016-02",-18.908,-29.711,10.295,18.108,11.28,2.427
"2016-03",-14.281,-21.59,9.445,19.817,12.539,4.689
"2016-04",-9.282,-12.885,10.799,20.536,13.735,6.863
"2016-05",-1.978,-5.298,13.065,23.742,16.716,10.244
"2016-06",3.153,0.354,14.487,25.734,19.86,13.011
"2016-07",5.918,3.528,16.486,26.965,21.78,15.183
"2016-08",6.209,4.1,17.418,27.898,22.543,15.895
"2016-09",2.595,1.956,16.648,27.508,21.174,14.863
"2016-10",-1.211,0.401,14.299,25.203,18.762,13.097
"2016-11",-6.433,-7.665,12.882,20.904,14.916,10.041
"2016-12",-13.907,-18.136,11.274,17.976,12.188,7.046
"2017-01",-20.05,-23.073,9.969,18.565,10.63,3.979
"2017-02",-17.222,-27.717,8.194,18.667,10.551,3.607
"2017-03",-14.454,-16.068,8.735,19.696,12.038,5.485
"2017-04",-12.16,-16.239,9.969,21.423,13.745,6.386
"2017-05",-1.15,-5.336,11.476,24.151,15.696,10.005
"2017-06",3.426,1.26,13.982,26.017,18.584,12.916
"2017-07",5.838,3.704,15.866,27.659,21.497,15.262
"2017-08",6.391,3.949,16.73,28.237,22.134,16.227
"2017-09",3.209,1.928,16.268,27.301,21.066,14.869
"2017-10",-0.446,-3.577,16.356,22.919,18.189,12.523
"2017-11",-8.111,-7.261,13.056,21.829,16.47,9.86
"2017-12",-9.64,-13.298,11.379,17.418,12.908,7.387
"2018-01",-17.765,-25.609,10.129,17.685,12.145,3.686
"2018-02",-18.512,-27.339,9.207,19.348,11.245,3.687
"2018-03",-17.565,-19.421,9.706,20.156,11.714,4.367
"2018-04",-6.06,-8.251,10.354,22.277,13.486,8.172
"2018-05",-2.29,-6.048,12.293,24.932,15.755,10
"2018-06",4.232,1.548,14.243,26.963,18.866,13.259
"2018-07",6.883,3.985,15.758,28.119,21.194,15.389
"2018-08",7.327,4.244,16.211,28.647,21.805,16.283
"2018-09",4.162,1.318,16.056,27.738,21.309,15.365
"2018-10",0.008,-2.723,15.786,24.598,18.779,13.1
"2018-11",-7.142,-10.808,11.66,23.738,16.593,9.753
"2018-12",-13.624,-16.324,10.504,20.75,13.595,7.116
"2019-01",-13.754,-22.436,10.134,17.685,11.479,5.227
"2019-02",-13.687,-24.457,9.978,18.688,10.25,4.633
"2019-03",-17.526,-23.57,10.637,20.139,11.882,4.517
"2019-04",-7.96,-12.776,11.074,21.417,13.054,7.281
"2019-05",-0.82,-3.285,12.721,25.059,16.157,10.558
"2019-06",4.063,1.421,14.734,26.69,19.101,13.294
"2019-07",6.485,4.187,16.293,27.466,21.143,15.474
"2019-08",5.958,5.036,16.462,28.179,22.354,16.201
"2019-09",3.294,2.333,15.901,27.522,21.79,15.322
"2019-10",-0.404,-4.459,15.05,23.885,18.821,12.826
"2019-11",-4.086,-10.142,13.383,21.324,16.059,9.989
"2019-12",-9.351,-20.215,12.234,17.939,12.531,6.59
"2020-01",-13.155,-23.025,11.303,16.273,10.386,4.923
"2020-02",-17.514,-25.67,9.337,18.778,11.336,4.233
"2020-03",-13.364,-23.266,10.54,19.544,11.868,5.084
"2020-04",-7.767,-12.373,11.022,20.773,12.994,7.724
"2020-05",-2.886,-4.445,13.103,23.14,15.616,10.478
"2020-06",4.703,0.712,14.99,25.614,18.17,13.554
"2020-07",7.007,3.505,17.578,27.083,20.932,15.728
"2020-08",7.017,3.779,18.071,27.988,21.886,16.518
"2020-09",4.602,1.584,17.781,27.479,21.377,15.594
"2020-10",-0.544,-3.796,16.792,25.575,19.071,13.113
"2020-11",-10.797,-12.846,13.987,22.275,16.38,9.248
"2020-12",-13.413,-16.969,12.145,18.074,13.085,7.161
"2021-01",-11.872,-20.983,11.926,15.968,10.614,6.069
"2021-02",-14.149,-28.769,10.514,18.048,10.907,4.578
"2021-03",-12.74,-24.236,9.935,19.922,11.484,5.116
"2021-04",-8.149,-12.558,11.186,22.042,14.037,7.723
"2021-05",0.527,-3.042,13.236,24.497,16.141,11.067
"2021-06",5.364,1.735,15.055,26.106,19.113,13.822
"2021-07",7.643,4.259,16.941,27.816,21.879,15.997
"2021-08",7.029,4.166,17.781,28.487,22.714,16.595
"2021-09",5.533,3.109,16.994,28.002,21.679,15.694
"2021-10",0.329,-1.596,15.69,24.89,19.266,13.338
"2021-11",-6.883,-5.772,12.919,22.964,17.122,10.311
"2021-12",-11.624,-15.463,12.335,19.674,13.294,7.263
"2022-01",-14.249,-22.289,10.468,19.891,13.064,5.975
"2022-02",-15.142,-25.907,9.88,19.438,9.76,4.693
"2022-03",-13.689,-20.186,9.996,19.371,11.244,5.698
"2022-04",-12.015,-15.747,10.435,21.656,13.399,6.829
"2022-05",0.945,-2.715,11.875,24.016,15.69,10.619
"2022-06",4.463,1.409,14.441,26.418,19.005,13.366
"2022-07",6.733,3.822,16.599,27.72,21.271,15.57
"2022-08",6.325,4.524,17.306,27.837,21.725,16.242
"2022-09",5.058,1.717,16.959,27.545,21.508,15.593
"2022-10",1.527,-1,15.778,24.368,18.591,13.48
"2022-11",-6.268,-4.489,12.002,22.344,16.355,10.408
"2022-12",-13.174,-15.46,10.67,19.329,13.487,6.933
"2023-01",-14.498,-26.424,9.567,17.069,11.556,4.731
"2023-02",-16.987,-24.224,8.942,19.109,11.173,3.774
"2023-03",-15.739,-21.901,9.192,19.131,11.519,4.41
"2023-04",-9.357,-17.798,10.815,20.551,13.276,6.427
"2023-05",-2.295,-4.978,12.535,23.222,16.108,9.997
"2023-06",4.322,0.5,15.093,26.178,18.82,13.248
"2023-07",6.497,3.651,17.527,27.673,21.409,15.454
"2023-08",6.058,4.625,17.414,28.372,21.911,16.416
"2023-09",2.141,1.893,16.752,27.732,20.442,15.325
"2023-10",-1.273,-0.699,15.816,24.332,17.709,13.317
"2023-11",-3.961,-4.312,14.312,21.232,14.817,11.326
"2023-12",-9.517,-7.854,11.554,20.335,13.566,8.261
"2024-01",-14.46,-20.112,9.281,18.832,11.916,5.837
"2024-02",-13.83,-23.287,10.042,16.722,9.895,5.218
"2024-03",-12.443,-17.886,10.191,19.169,11.815,6.006
"2024-04",-9.078,-17.669,10.602,22.984,14.123,7.231
"2024-05",0.272,-4.496,12.304,24.368,15.919,10.677
"2024-06",5.474,1.319,14.91,26.886,19.044,13.708
"2024-07",7.413,4.464,16.74,28.279,21.478,15.82
"2024-08",7.817,4.658,17.436,28.718,22.369,16.77
"2024-09",4.404,3.144,16.802,27.763,22.014,15.81
"2024-10",-1.852,-3.789,14.938,25.783,19.342,13.09
"2024-11",-4.205,-8.497,13.748,23.004,15.554,10.822
"2024-12",-14.008,-15.664,12.607,18.1,11.993,6.73
"2025-01",-14.735,-21.252,11.331,17.127,9.652,4.445
"2025-02",-13.321,-18.125,11.369,17.941,9.692,5.073
"2025-03",-18.033,-27.684,11.443,20.032,11.803,4.32
"2025-04",-6.631,-13.669,12.405,22.974,13.286,7.564
"2025-05",-0.633,-5.124,13.462,25.344,16.214,10.657
"2025-06",4.634,1.579,16.044,26.899,18.654,13.605
"2025-07",6.688,4.029,17.691,27.783,21.761,15.737
"2025-08",6.474,4.372,18.392,27.967,22.558,16.356
"2025-09",4.322,3.714,17.3,27.161,21.323,15.481
"2025-10",-1.11,-0.261,15.494,25.089,18.369,13.121
"2025-11",-4.785,-6.971,14.177,20.557,14.193,10.397
"2025-12",-13.718,-17.911,10.324,19.758,13.808,6.819
"2026-01",-13.96,-24.223,10.185,15.745,11.2,4.97
"2026-02",-15.871,-24.163,10.055,16.917,9.75,3.906
"2026-03",-16.038,-20.015,10.49,19.352,12.602,4.59
"2026-04",-10.266,-13.583,11.098,20.88,13.097,7.024
"2026-05",-0.985,-4.058,12.507,23.496,15.82,10.309
"2026-06",3.831,1.406,14.807,26.158,19.2,13.139
"2026-07",5.938,3.829,16.787,27.572,21.5,15.396
"2026-08",5.888,4.645,16.836,28.34,22.176,16.268
"2026-09",3.133,1.763,16.484,27.846,21.539,15.317
"2026-10",-2.971,-1.718,15.032,26.223,19.321,12.885
"2026-11",-10.584,-7.284,13.724,22.128,16.26,10.1
"2026-12",-13.416,-18.842,11.57,18.317,12.611,6.759
"2027-01",-17.516,-24.925,9.93,19.46,12.084,4.22
"2027-02",-15.125,-25.88,10.209,19.088,10.784,4.705
"2027-03",-14.169,-19.194,10.242,19.99,11.799,5.395
"2027-04",-8.644,-15.662,11.873,21.711,13.05,7.279
"2027-05",-0.298,-4.493,13.475,23.714,15.335,10.608
"2027-06",4.665,0.809,15.713,25.978,18.677,13.548
"2027-07",6.626,3.713,17.177,27.489,21.027,15.425
"2027-08",6.736,4.333,17.567,28.248,22.403,16.238
"2027-09",4.148,1.363,17.841,27.588,20.827,15.231
"2027-10",0.622,-2.165,15.419,25.98,18.714,12.937
"2027-11",-7.066,-8.095,13.497,22.2,16.076,9.449
"2027-12",-10.759,-13.435,12.159,18.629,12.704,7.033
"2028-01",-15.245,-24.144,10.401,19.382,12.257,5.053
"2028-02",-15.507,-21.752,11.826,17.044,10.948,4.727
"2028-03",-11.384,-24.118,11.314,19.426,11.921,5.699
"2028-04",-8.677,-17.284,11.892,23.548,14.627,7.582
"2028-05",0.043,-5.363,14.169,24.38,16.783,11.103
"2028-06",4.976,0.531,16.28,26.791,19.287,13.908
"2028-07",6.785,3.388,17.497,28.102,21.695,15.969
"2028-08",6.669,3.875,17.949,28.689,22.522,16.675
"2028-09",3.6,2.444,17.23,27.81,21.629,15.609
"2028-10",-0.628,-3.204,15.72,25.521,18.824,13.196
"2028-11",-7.827,-8.132,13.589,22.909,15.591,10.479
"2028-12",-12.213,-19.195,13.248,18.671,12.876,7.52
"2029-01",-12.756,-24.486,11.914,17.785,11.149,5.591
"2029-02",-13.012,-22.164,12.009,18.479,10.498,6.03
"2029-03",-13.51,-26.905,11.824,19.979,11.423,5.189
"2029-04",-5.869,-14.7,12.535,21.631,13.75,7.687
"2029-05",-1.04,-3.373,13.564,24.732,16.16,11.103
"2029-06",4.892,0.988,15.908,26.548,18.859,13.925
"2029-07",7.44,3.687,17.833,27.856,21.486,16.036
"2029-08",7.751,3.874,18.989,28.425,22.604,16.838
"2029-09",5.024,1.412,17.712,28.16,21.99,15.792
"2029-10",-0.88,-3.229,14.446,27.148,19.48,13.344
"2029-11",-8.561,-9.038,12.111,23.864,16.456,10.159
"2029-12",-15.127,-19.293,11.612,18.315,13.485,6.343
"2030-01",-14.833,-21.073,12.091,16.783,11.681,5.035
"2030-02",-18.184,-25.594,10.337,18.715,11.478,3.676
"2030-03",-13.031,-24.407,11.083,20.349,12.123,5.012
"2030-04",-7.555,-9.48,12.069,22.058,14.668,8.053
"2030-05",0.45,-3.788,13.291,24.706,16.596,10.913
"2030-06",4.805,0.752,15.47,26.663,19.123,13.43
"2030-07",6.663,3.344,17.25,27.943,21.869,15.525
"2030-08",7.241,4.397,17.74,28.567,22.486,16.46
"2030-09",4.686,2.277,17.015,28.041,21.121,15.557
"2030-10",-0.814,-2.844,16.37,25.667,19.686,13.157
"2030-11",-4.097,-5.908,12.759,22.55,17.16,10.837
"2030-12",-12.353,-13.932,11.929,19.435,12.884,7.307
"2031-01",-12.27,-23.345,9.747,17.531,11.011,5.516
"2031-02",-16.058,-21.957,10.091,18.41,11.854,4.392
"2031-03",-14.78,-20.333,10.392,19.179,11.538,4.644
"2031-04",-10.171,-15.833,11.773,21.867,13.515,7.03
"2031-05",-3.887,-8.005,12.715,24.678,16.247,9.949
"2031-06",4.024,-0.241,15.14,26.674,19.264,13.264
"2031-07",6.346,3.315,16.427,27.97,21.32,15.318
"2031-08",6.102,3.364,17.981,28.472,22.243,16.028
"2031-09",5.33,2.005,17.917,27.568,21.252,15.627
"2031-10",1.164,-2.387,15.083,26.344,19.024,13.491
"2031-11",-5.305,-6.652,13.92,20.406,15.692,10.489
"2031-12",-12.868,-17.722,13.321,18.713,11.758,7.494
"2032-01",-14.721,-18.901,10.766,17.643,11.621,5.428
"2032-02",-15.879,-24.77,10.039,17.838,11.656,4.251
"2032-03",-13.083,-23.452,9.79,20.556,11.986,5.058
"2032-04",-9.655,-12.255,10.898,22.406,13.788,7.294
"2032-05",-1.67,-5.86,12.329,25.161,16.206,10.212
"2032-06",4.496,0.902,14.093,27.094,19.394,13.355
"2032-07",7.023,4.306,15.755,28.279,21.547,15.505
"2032-08",6.96,4.617,17.137,28.771,22.549,16.45
"2032-09",3.824,2.114,16.987,27.493,21.667,15.514
"2032-10",0.726,-3.303,15.851,24.549,19.01,13.348
"2032-11",-5.482,-11.401,13.764,22.106,16.039,10.337
"2032-12",-9.582,-13.107,12.091,18.876,13.269,7.926
"2033-01",-15.674,-22.869,7.927,19.537,13.733,5.418
"2033-02",-17.776,-27.631,9.367,19.556,12.125,3.479
"2033-03",-12.354,-17.396,10.675,18.481,11.622,5.724
"2033-04",-7.517,-15.662,12.041,21.051,13.559,6.897
"2033-05",-1.363,-5.173,13.391,23.487,16.277,10.581
"2033-06",4.914,1.446,14.845,25.689,19.007,13.631
"2033-07",6.73,3.582,16.442,27.548,21.666,15.684
"2033-08",7.335,4.786,17.456,28.011,22.174,16.585
"2033-09",3.206,2.275,16.877,27.67,21.083,15.289
"2033-10",-2.742,-1.351,14.573,25.107,19.655,12.817
"2033-11",-6.849,-4.459,12.561,22.074,15.702,10.265
"2033-12",-11.402,-11.016,11.579,19.811,13.422,6.943
"2034-01",-17.285,-24.625,11.271,18.255,11.92,4.389
"2034-02",-13.89,-23.918,10.662,18.5,10.976,4.408
"2034-03",-18.158,-21.871,9.845,19.273,11.94,4.032
"2034-04",-8.375,-10.176,10.958,22.482,14.146,7.457
"2034-05",-0.339,-4.138,12.928,24.59,16.429,10.716
"2034-06",5.132,1.34,14.95,26.492,19.222,13.451
"2034-07",6.673,4.085,16.778,27.618,21.328,15.556
"2034-08",6.765,5.043,17.5,27.88,22.597,16.428
"2034-09",5.287,2.56,17.478,27.107,21.714,15.588
"2034-10",-0.867,0.11,14.962,24.481,18.795,13.02
"2034-11",-7.694,-6.279,14.368,20.838,15.999,10.023
"2034-12",-10.785,-11.749,12.634,17.041,12.704,6.934
"2035-01",-14.769,-22.185,11.062,17.692,11.621,4.774
"2035-02",-17.234,-26.663,8.831,19.216,12.088,3.733
"2035-03",-12.48,-23.068,10.878,20.806,12.349,5.503
"2035-04",-8.688,-13.343,11.972,21.498,13.814,7.446
"2035-05",-0.625,-3.425,12.411,24.439,15.903,10.592
"2035-06",4.676,1.567,14.829,26.962,18.724,13.492
"2035-07",6.535,4.555,16.866,28.376,21.339,15.735
"2035-08",6.422,4.913,17.096,28.86,21.993,16.431
"2035-09",4.708,3.658,16.65,28.087,21.395,15.816
"2035-10",-2.881,-2.409,15.424,25.04,18.978,13.021
"2035-11",-5.27,-4.165,12.839,20.98,14.772,10.083
"2035-12",-9.698,-11.535,11.507,17.942,12.369,7.391
"2036-01",-10.996,-20.317,9.994,15.25,10.067,5.523
"2036-02",-16.959,-29.054,10.731,18.509,10.853,3.277
"2036-03",-15.886,-19.36,9.644,19.334,11.275,5.255
"2036-04",-5.466,-8.786,11.608,21.647,13.268,7.993
"2036-05",-0.634,-2.919,14.186,23.514,15.885,10.822
"2036-06",4.636,1.716,15.512,26.55,19.594,13.833
"2036-07",6.836,4.612,17.366,27.861,21.679,15.96
"2036-08",6.667,4.233,17.667,28.652,23.058,16.553
"2036-09",2.9,2.64,17.072,27.915,21.769,15.457
"2036-10",0.207,-0.772,15.521,25.327,18.699,13.476
"2036-11",-10.138,-10.318,11.991,24.228,16.411,9.746
"2036-12",-12.01,-16.785,11.924,19.536,13.627,7.159
"2037-01",-10.563,-21.806,10.862,17.782,11.412,6.39
"2037-02",-13.463,-24.457,9.848,18.771,10.278,5.309
"2037-03",-14.197,-21.001,9.652,21.405,11.974,5.717
"2037-04",-5.171,-9.401,11.139,21.482,13.136,8.452
"2037-05",-1.428,-4.481,12.386,24.534,16.322,10.482
"2037-06",4.153,0.762,15.247,26.507,19.359,13.572
"2037-07",6.864,3.841,17.197,28.191,21.387,15.906
"2037-08",7.118,4.165,17.586,28.868,22.321,16.78
"2037-09",3.99,2.174,16.722,28.693,21.775,15.748
"2037-10",-0.404,-2.012,15.064,26.037,19.224,13.488
"2037-11",-7.461,-8.062,13.993,21.453,14.59,10.284
"2037-12",-7.494,-16.055,11.979,17.901,12.28,8.046
"2038-01",-10.76,-22.036,11.244,18.821,12.378,6.11
"2038-02",-16.948,-20.525,10.05,17.052,11.92,4.352
"2038-03",-12.898,-19.428,10.662,21.019,13.357,5.594
"2038-04",-5.689,-9.623,11.642,21.656,13.796,8.151
"2038-05",1.912,-1.397,13.376,24.47,16.238,11.489
"2038-06",5.605,1.85,15.923,26.366,19.41,13.932
"2038-07",7.909,4.661,17.195,27.924,21.905,15.979
"2038-08",8.442,5.244,17.894,29.217,22.408,16.86
"2038-09",5.203,3.597,16.61,28.834,21.729,15.921
"2038-10",1.286,0.737,14.62,26.207,19.398,13.523
"2038-11",-2.941,-6.234,12.489,22.962,16.205,10.841
"2038-12",-10.187,-10.397,11.377,19.165,12.711,8.465
"2039-01",-11.918,-21.899,10.563,17.649,10.014,5.961
"2039-02",-15.276,-26.515,10.38,17.52,10.873,4.736
"2039-03",-11.469,-19.828,8.998,20.813,12.203,6.452
"2039-04",-9.087,-15.132,12.062,21.211,13.234,7.793
"2039-05",-0.368,-5.61,13.353,25.1,16.025,10.896
"2039-06",5.221,1.482,15.092,26.79,19.122,13.932
"2039-07",7.083,4.462,16.953,27.82,21.813,16.258
"2039-08",7.747,4.972,17.59,28.701,22.576,16.968
"2039-09",5.015,4.104,16.789,28.164,21.385,15.995
"2039-10",0.133,0.998,15.031,25.73,19.942,13.98
"2039-11",-5.604,-6.054,12.252,23.391,16.738,11.06
"2039-12",-10.839,-11.756,12.461,18.693,13.613,8.25
"2040-01",-13.011,-19.623,10.171,19.056,12.258,5.855
"2040-02",-14.152,-17.764,8.746,19.105,11.878,5.508
"2040-03",-12.031,-15.408,10.47,19.882,12.353,6.994
"2040-04",-8.01,-12.234,11.486,21.664,13.785,7.631
"2040-05",-0.337,-3.754,12.754,24.491,16.393,10.929
"2040-06",4.864,1.813,15.375,27.149,18.986,13.709
"2040-07",7.455,4.249,17.405,28.061,21.636,15.999
"2040-08",7.414,4.898,17.306,28.888,22.04,16.592
"2040-09",4.865,3.202,17.298,27.648,21.03,15.669
"2040-10",1.572,-0.718,16.023,25.276,18.561,13.417
"2040-11",-1.641,-3.872,12.825,22.986,16.24,11.096
"2040-12",-9.082,-14.971,11.985,18.762,13.392,7.722
"2041-01",-11.4,-21.749,11.211,17.028,10.767,5.36
"2041-02",-17.198,-26.72,10.34,18.42,10.664,3.758
"2041-03",-12.949,-23.213,10.6,20.605,11.377,5.211
"2041-04",-7.168,-11.744,11.295,21.572,13.841,7.955
"2041-05",-1.092,-5.963,12.325,25.001,16.418,10.119
"2041-06",4.449,1.733,14.2,27.315,19.384,13.43
"2041-07",6.357,4.996,16.755,28.307,21.509,15.641
"2041-08",7.048,5.219,17.062,28.958,22.125,16.519
"2041-09",4.368,3.147,16.206,28.257,21.249,15.531
"2041-10",0.999,-1.76,14.977,24.826,19.215,13.483
"2041-11",-5.575,-6.484,12.89,22.753,16.79,10.323
"2041-12",-12.356,-14.275,11.105,20.435,13.663,7.49
"2042-01",-15.445,-23.105,9.416,17.292,11.384,4.783
"2042-02",-14.103,-27.407,9.012,19.177,10.712,4.525
"2042-03",-12.474,-20.978,9.834,20.579,11.064,5.296
"2042-04",-6.806,-13.583,11.126,21.633,13.187,7.378
"2042-05",-1.834,-3.496,12.71,24.496,15.706,10.613
"2042-06",4.757,1.821,14.859,26.314,18.731,13.585
"2042-07",7.031,4.322,16.624,27.958,21.729,15.752
"2042-08",7.89,4.717,17.504,28.835,22.381,16.705
"2042-09",5.662,2.144,17.066,28.089,21.436,15.553
"2042-10",-0.568,-1.636,15.294,24.481,19.546,13.179
"2042-11",-5.38,-8.901,13.768,20.43,15.507,10.213
"2042-12",-10.017,-15.072,11.298,18.52,13.759,7.654
"2043-01",-16.118,-23.293,10.023,18.087,11.384,4.666
"2043-02",-12.029,-23.91,8.951,19.493,11.786,5.081
"2043-03",-17.547,-22.164,9.857,20.641,11.554,3.894
"2043-04",-9.185,-12.877,10.467,22.1,13.718,6.999
"2043-05",-0.165,-4.59,12.296,24.647,16.244,10.405
"2043-06",4.309,0.908,14.186,26.477,19.009,13.273
"2043-07",6.714,3.649,16.142,27.874,21.779,15.389
"2043-08",6.57,4.229,17.123,28.533,22.733,16.209
"2043-09",5.703,2.791,17.303,28.265,21.525,15.688
"2043-10",0.922,-2.266,16.203,24.723,18.679,13.246
"2043-11",-4.752,-7.39,15.065,22.929,15.951,10.78
"2043-12",-9.148,-16.424,13.434,20.344,13.753,8.133
"2044-01",-12.78,-27.29,11.384,19.462,11.238,4.901
"2044-02",-15.721,-26.043,10.109,18.498,10.947,4.278
"2044-03",-13.467,-21.336,9.921,20.078,11.088,5.67
"2044-04",-8.348,-15.081,11.956,22.385,13.271,7.561
"2044-05",1.632,-3.202,14.079,25.185,16.689,11.206
"2044-06",5.688,1.51,15.74,27.289,19.305,13.849
"2044-07",7.724,4.573,16.888,28.315,21.804,15.93
"2044-08",7.251,4.582,18.166,28.898,22.679,16.704
"2044-09",5.798,3.881,17.646,28.425,21.185,15.986
"2044-10",1.684,0.294,16.528,26.109,19.421,14.139
"2044-11",-6.846,-5.548,14.049,21.775,16.39,10.722
"2044-12",-10.833,-16.436,11.687,20.769,14.151,7.754
"2045-01",-11.163,-24.196,10.754,17.53,11.823,5.893
"2045-02",-16.2,-28.05,11.274,17.778,10.896,4.216
"2045-03",-13.035,-21.805,11.166,19.496,11.462,5.001
"2045-04",-7.093,-12.054,11.528,22.058,13.847,7.899
"2045-05",1.272,-3.272,12.484,25.505,16.934,11.12
"2045-06",5.085,1.28,14.607,27.311,19.601,13.68
"2045-07",6.82,4.017,16.456,28.221,21.835,15.88
"2045-08",7.787,4.652,18.187,28.718,22.726,16.872
"2045-09",4.164,1.896,17.718,27.76,21.803,15.536
"2045-10",0.877,0.656,16.045,23.601,18.917,13.468
"2045-11",-4.748,-4.063,13.587,23.284,17.2,11.065
"2045-12",-10.13,-9.228,10.543,21.468,15.06,8.359
"2046-01",-16.451,-14.717,9.187,18.181,11.708,6.013
"2046-02",-15.582,-22.802,10.37,19.176,12.724,5.174
"2046-03",-18.823,-23.983,10.097,20.125,12.329,4.204
"2046-04",-8.076,-16.345,11.258,22.565,14.579,7.524
"2046-05",-1.41,-4.551,13.879,24.72,16.648,10.842
"2046-06",4.919,1.452,15.57,26.869,19.364,13.818
"2046-07",6.602,4.295,17.021,28.409,22.108,15.984
"2046-08",6.534,5.05,17.467,28.871,22.657,16.58
"2046-09",4.568,3.546,17.452,28.006,21.521,15.825
"2046-10",-1.664,-0.287,16.549,24.212,18.651,13.54
"2046-11",-4.368,-6.763,14.971,21.161,15.982,11.096
"2046-12",-11.779,-18.633,12.775,17.861,12.703,7.062
"2047-01",-10.55,-24.608,12.127,17,10.064,5.75
"2047-02",-13.185,-25.883,12.574,19.295,11.282,6.05
"2047-03",-10.111,-19.715,11.933,19.949,10.853,6.297
"2047-04",-9.179,-13.313,11.911,23.013,13.798,7.809
"2047-05",1.378,-3.458,13.153,25.861,16.18,11.394
"2047-06",5.259,1.242,15.342,27.308,19.013,13.822
"2047-07",6.768,4.06,17.293,28.349,21.426,15.971
"2047-08",6.311,4.883,17.897,29.04,22.776,16.837
"2047-09",5.278,3.457,17.206,28.92,21.684,16.201
"2047-10",1.393,-0.039,15.79,25.314,19.254,13.945
"2047-11",-3.291,-4.378,13.533,21.716,15.79,11.134
"2047-12",-12.153,-13.743,11.768,20.696,13.555,7.907
"2048-01",-14.66,-23.335,10.445,19.721,11.408,5.47
"2048-02",-13.877,-24.692,10.973,20.171,11.353,4.675
"2048-03",-12.135,-23.129,11.865,20.967,12.195,5.631
"2048-04",-6.248,-8.539,12.581,22.496,13.862,8.905
"2048-05",0.934,-2.685,13.959,24.487,16.176,11.322
"2048-06",5.188,1.799,15.806,26.977,19.68,13.906
"2048-07",6.998,4.856,17.204,28.096,21.955,16.03
"2048-08",7.561,5.391,17.856,28.579,22.328,17.078
"2048-09",4.833,3.923,18.292,27.606,21.664,16.143
"2048-10",2.605,1.412,17.14,25.529,19.476,14.398
"2048-11",-5.844,-7.429,13.93,23.143,16.555,10.956
"2048-12",-12.661,-14.107,12.427,19.222,13.717,7.726
"2049-01",-11.703,-20.998,11.269,16.679,11.326,6.488
"2049-02",-11.55,-19.961,11.214,17.323,10.795,6.165
"2049-03",-10.361,-13.912,11.278,18.173,11.664,7.285
"2049-04",-5.063,-12.096,13.062,20.61,13.656,8.892
"2049-05",1.072,-4.698,14.081,23.621,15.581,11.472
"2049-06",6.334,1.327,15.931,26.441,18.887,14.308
"2049-07",8.096,3.368,18.397,27.959,21.621,16.382
"2049-08",8.596,4.022,19.25,28.451,22.691,17.17
"2049-09",6.237,2.531,18.71,27.968,21.887,16.423
"2049-10",1.253,-0.588,16.663,25.846,19.518,14.073
"2049-11",-2.649,-6.022,14.225,22.548,15.936,10.946
"2049-12",-8.261,-15.531,11.808,19.167,12.723,7.85
"2050-01",-13.452,-19.974,11.351,17.175,11.363,5.542
"2050-02",-12.832,-27.58,11.839,18.617,10.64,4.903
"2050-03",-14.171,-23.331,11.416,20.081,12.01,5.004
"2050-04",-10.022,-13.788,13.21,21.351,13.235,7.562
"2050-05",1.727,-3.239,13.899,24.557,16.464,11.368
"2050-06",5.159,0.972,16.079,26.937,19.231,13.905
"2050-07",6.872,3.87,17.783,28.375,21.886,16.076
"2050-08",7.138,4.627,18.355,28.422,22.465,16.826
"2050-09",4.456,3.418,17.321,28.379,21.952,15.949
"2050-10",1.213,0.803,15.911,26.167,18.944,13.831
"2050-11",-5.165,-7.357,13.464,24.218,16.777,10.698
"2050-12",-12.607,-15.308,12.527,20.656,13.521,7.762
"2051-01",-13.766,-22.645,11.156,17.662,11.992,5.969
"2051-02",-11.406,-20.693,11.25,17.111,11.348,6.294
"2051-03",-8.062,-13.262,11.838,20.066,12.534,7.681
"2051-04",-4.47,-9.835,12.446,22.713,14.289,9.194
"2051-05",0.735,-3.473,14.183,25.81,16.688,11.677
"2051-06",6.535,2.044,16.253,27.342,19.78,14.423
"2051-07",8.418,4.298,17.927,28.869,22.286,16.653
"2051-08",8.284,4.906,18.561,29.435,22.877,17.219
"2051-09",6.103,3.06,17.715,28.454,22.396,16.301
"2051-10",1.106,1.308,14.878,25.763,19.935,13.896
"2051-11",-5.038,-6.868,13.102,23.419,17.37,10.974
"2051-12",-9.261,-12.874,11.469,18.541,14.013,8.221
"2052-01",-14.834,-21.457,9.822,17.9,11.93,5.699
"2052-02",-12.721,-21.841,11.039,17.125,9.993,5.126
"2052-03",-9.613,-20.528,12.279,19.292,12.017,6.518
"2052-04",-3.3,-12.406,12.608,21.553,14.069,8.459
"2052-05",1.155,-3.486,14.281,23.301,15.955,11.51
"2052-06",5.37,1.742,15.828,27.277,19.389,14.309
"2052-07",7.443,4.031,17.126,28.825,22.284,16.185
"2052-08",7.664,4.881,17.772,29.116,22.658,17.015
"2052-09",4.864,2.525,17.284,28.909,22.008,16.156
"2052-10",-0.31,-1.406,13.736,27.743,20.599,13.794
"2052-11",-6.591,-9.289,13.378,20.261,16.182,10.609
"2052-12",-12.552,-14.15,11.571,19.164,13.338,7.737
"2053-01",-15.44,-21.728,10.499,16.894,11.705,4.463
"2053-02",-15.894,-23.487,9.237,19.332,11.716,4.93
"2053-03",-14.304,-21.286,11.119,19.447,12.114,5.876
"2053-04",-3.814,-14.998,12.473,20.581,13.432,8.136
"2053-05",0.919,-5.477,13.056,24.381,16.49,10.876
"2053-06",5.386,1.526,14.928,26.669,19.726,13.827
"2053-07",7.759,3.847,16.35,28.294,21.899,15.975
"2053-08",7.64,5.007,17.232,28.861,22.606,16.833
"2053-09",5.306,2.149,16.865,28.515,22.092,15.946
"2053-10",0.559,-1.781,14.983,25.02,19.649,13.598
"2053-11",-4.083,-6.106,13.696,22.69,16.336,10.982
"2053-12",-9.9,-15.49,13.055,21.512,15.076,8.319
"2054-01",-12.787,-20.607,11.038,19.283,12.14,5.854
"2054-02",-14.705,-25.114,10.745,19.767,11.104,4.715
"2054-03",-10.035,-20.375,9.444,21.328,13.09,5.988
"2054-04",-6.265,-13.248,12.309,21.796,13.956,7.939
"2054-05",1.278,-3.418,12.85,25.113,17.106,10.957
"2054-06",5.173,1.675,15.073,27.278,19.731,13.917
"2054-07",7.277,4.085,17.265,28.498,22.362,16.083
"2054-08",7.257,4.684,18.356,28.673,22.743,16.878
"2054-09",5.57,2.899,17.601,28.443,21.531,16.033
"2054-10",0.452,-1.004,16.123,26.394,19.906,13.865
"2054-11",-5.383,-6.828,14.163,21.879,16.678,10.798
"2054-12",-10.059,-10.281,11.429,20.117,14.111,8.391
"2055-01",-14.504,-19.818,11.438,19.51,11.325,5.091
"2055-02",-15.228,-26.549,11.384,17.339,10.577,3.756
"2055-03",-11.895,-24.121,10.916,20.982,13.392,5.623
"2055-04",-5.424,-9.135,11.174,23.304,13.636,8.468
"2055-05",0.534,-2.833,13.025,24.443,16.223,11.008
"2055-06",5.209,1.62,15.596,26.997,19.827,13.978
"2055-07",7.204,4.556,17.284,28.266,21.83,16.022
"2055-08",8.141,5.377,17.86,28.93,23.098,17.137
"2055-09",6.505,3.826,18.626,27.744,22.356,16.392
"2055-10",1.209,0.163,17.4,25.584,19.677,14.154
"2055-11",-4.786,-5.348,13.733,24.069,16.981,11.005
"2055-12",-9.469,-11.385,10.16,19.428,14.123,8.205
"2056-01",-12.542,-18.308,11.08,17.988,11.122,5.934
"2056-02",-14.696,-26.884,10.551,18.834,11.467,4.516
"2056-03",-11.211,-19.415,11.497,20.147,12.317,6.328
"2056-04",-5.689,-15.766,12.542,21.596,13.794,7.844
"2056-05",1.679,-3.442,13.315,25.567,16.155,11.238
"2056-06",5.466,1.809,16.43,27.193,19.441,14.146
"2056-07",7.392,4.635,18.287,28.282,22.165,16.344
"2056-08",7.724,4.762,18.798,28.886,22.689,17.128
"2056-09",6.376,3.332,19.069,28.029,21.505,16.272
"2056-10",2.953,0.575,16.911,25.508,19.21,14.364
"2056-11",-1.174,-1.503,14.092,22.934,15.71,11.698
"2056-12",-7.444,-10.855,12.055,18.595,13.91,8.824
"2057-01",-11.705,-15.135,12.304,19.07,11.568,7.226
"2057-02",-12.519,-21.189,9.114,20.81,12.47,6.605
"2057-03",-12.92,-20.83,11.837,19.02,11.387,6.144
"2057-04",-8.089,-14.242,12.935,22.358,13.676,8.124
"2057-05",0.664,-2.826,14.51,23.412,16.245,11.476
"2057-06",5.189,1.735,16.468,26.686,19.452,14.199
"2057-07",6.82,4.254,18.001,28.536,22.189,16.212
"2057-08",7.052,4.954,18.489,28.961,23.472,16.896
"2057-09",5.145,3.488,17.749,28.256,22.114,16.155
"2057-10",-0.41,-0.121,15.875,25.857,20.372,13.761
"2057-11",-4.529,-4.681,14.447,21.286,17.273,11.388
"2057-12",-7.773,-8.405,12.97,19.081,13.314,8.666
"2058-01",-10.327,-17.109,12.418,17.222,11.452,7.199
"2058-02",-14.706,-25.201,12.311,17.606,11.133,4.669
"2058-03",-12.868,-20.55,11.506,18.941,11.973,5.983
"2058-04",-7.17,-7.659,12.321,21.883,14.021,8.7
"2058-05",0.326,-2.527,14.673,24.302,16.101,11.47
"2058-06",5.124,2.373,16.624,27.02,19.228,14.303
"2058-07",7.016,4.839,17.761,28.702,22.077,16.456
"2058-08",6.498,5.164,18.261,29.328,23.266,17
"2058-09",6.065,3.924,16.494,29.209,22.156,16.482
"2058-10",1.055,-0.052,16.086,26.682,20.378,14.341
"2058-11",-8.476,-7.246,13.14,21.475,16.512,10.589
"2058-12",-7.767,-12.362,13.255,17.542,12.81,8.631
"2059-01",-11.378,-18.369,11.908,17.98,11.981,6.286
"2059-02",-14.008,-22.425,11.298,17.921,11.202,5.213
"2059-03",-14.935,-12.133,10.746,19.337,12.415,5.719
"2059-04",-7.21,-10.219,11.946,22.251,14.908,8.379
"2059-05",-0.61,-2.275,13.875,25.42,17.391,11.614
"2059-06",4.519,2.07,15.302,27.533,19.757,14.143
"2059-07",7.42,4.554,16.922,28.944,22.497,16.339
"2059-08",7.381,5.828,17.493,29.438,23.549,17.24
"2059-09",6.26,4.116,17.383,29.055,22.826,16.759
"2059-10",1.648,0.959,15.865,26.063,19.538,14.424
"2059-11",-1.837,-7.017,14.407,20.234,14.937,11.189
"2059-12",-11.29,-12.256,11.894,20.297,14.717,8.114
"2060-01",-14.776,-22.168,11.814,16.972,11.236,5.434
"2060-02",-13.285,-23.614,11.614,17.591,10.207,4.594
"2060-03",-12.543,-23.751,10.573,21.969,12.719,5.817
"2060-04",-9.045,-14.1,12.183,23.078,14.51,8.039
"2060-05",1.144,-3.052,14.007,25.507,17.003,11.789
"2060-06",5.962,0.868,16.122,27.156,19.959,14.382
"2060-07",7.317,3.96,17.844,28.585,22.048,16.378
"2060-08",6.756,4.558,18.071,29.194,22.559,17.07
"2060-09",4.774,1.881,17.681,29.061,22.198,16.076
"2060-10",-0.038,-1.237,16.78,25.886,19.157,13.802
"2060-11",-7.752,-8.954,13.478,23.2,16.196,10.558
"2060-12",-12.89,-12.997,12.16,19.427,14.099,7.738
"2061-01",-12.536,-18.603,11.487,18.687,12.302,6.732
"2061-02",-17.029,-21.326,10.666,18.768,13.337,4.987
"2061-03",-16.543,-25.836,10.621,21.404,13.828,4.603
"2061-04",-7.679,-11.834,10.823,22.677,14.432,8.155
"2061-05",0.663,-3.356,13.244,24.461,17.157,11.241
"2061-06",4.873,1.752,14.966,27.15,20.289,13.909
"2061-07",7.421,4.42,16.853,28.545,22.549,16.056
"2061-08",8.433,4.538,17.544,28.974,23.333,17.052
"2061-09",5.072,2.524,17.559,27.258,22.356,16.01
"2061-10",1.028,-1.549,17.135,24.401,19.431,13.619
"2061-11",-1.737,-8.514,14.589,20.729,17.229,10.975
"2061-12",-11.437,-14.972,12.438,19.648,15.054,7.716
"2062-01",-13.918,-21.328,11.92,16.545,12.147,5.631
"2062-02",-15.729,-28.541,12.23,19.567,11.346,4.396
"2062-03",-15.265,-19.529,11.069,20.575,13.328,5.251
"2062-04",-9.256,-11.482,12.328,22.321,14.489,7.916
"2062-05",0.444,-1.961,13.412,25.018,16.935,11.318
"2062-06",4.22,1.366,14.647,26.847,19.896,13.565
"2062-07",7.407,4.332,16.771,28.564,22.209,15.964
"2062-08",7.476,4.81,17.457,29.04,23.164,16.677
"2062-09",5.153,2.818,17.127,28.433,22.577,15.789
"2062-10",0.879,-0.045,14.987,25.484,19.962,13.756
"2062-11",-5.02,-6.731,13.435,22.226,16.478,10.656
"2062-12",-8.267,-9.08,12.058,18.585,14.483,8.548
"2063-01",-11.859,-20.353,9.744,17.891,12.889,5.399
"2063-02",-18.305,-22.15,8.013,19.165,13.204,4.115
"2063-03",-14.016,-22.876,9.774,19.218,13.913,5.055
"2063-04",-7.357,-12.564,10.933,21.707,14.776,7.543
"2063-05",-0.406,-5.107,11.936,25.465,17.376,10.482
"2063-06",4.187,1.396,14.081,27.52,20.1,13.667
"2063-07",6.64,3.66,16.307,28.843,22.223,15.902
"2063-08",7.035,4.276,17.534,29.457,23.447,16.864
"2063-09",4.911,3.505,16.888,28.763,22.643,15.951
"2063-10",1.141,-0.407,14.93,26.065,19.865,13.783
"2063-11",-4.104,-4.85,13.099,22.593,16.705,10.799
"2063-12",-13.836,-13.47,10.708,21.107,15.071,7.188
"2064-01",-14.382,-17.962,10.281,18.4,11.859,5.525
"2064-02",-16.011,-25.063,10.563,18.607,11.369,4.435
"2064-03",-11.028,-21.022,11.465,20.173,12.47,5.845
"2064-04",-3.748,-9.57,12.652,21.899,14.005,9.116
"2064-05",-1.264,-4.886,13.282,25.382,17.482,10.852
"2064-06",5.344,1.815,15.918,27.245,20.022,14.107
"2064-07",6.887,4.045,17.466,28.237,21.916,15.975
"2064-08",7.177,4.643,18.363,28.543,22.978,16.882
"2064-09",5.029,2.655,18.456,27.832,22.122,16.204
"2064-10",2.012,-0.296,17.015,24.979,18.983,14.055
"2064-11",-4.112,-4.426,14.226,22.083,16.411,11.252
"2064-12",-8.514,-11.963,12.836,20.205,14.141,8.884
"2065-01",-19.286,-21.004,11.139,19.018,12.973,4.608
"2065-02",-16.11,-23.992,10.978,19.55,12.771,4.682
"2065-03",-13.885,-19.285,12.028,19.498,12.223,5.874
"2065-04",-6.659,-13.886,12.42,21.959,13.849,8.077
"2065-05",1.71,-0.589,13.975,23.448,17.188,11.923
"2065-06",5.569,2.183,15.793,26.558,19.672,14.28
"2065-07",8.63,4.625,18.177,28.458,21.88,16.597
"2065-08",8.037,5.297,18.359,29.11,22.979,17.267
"2065-09",6.178,3.551,17.575,29.252,21.915,16.438
"2065-10",2.663,2.696,15.487,25.929,19.777,14.341
"2065-11",-2.54,-5.064,12.037,23.243,16.979,11.573
"2065-12",-10.123,-13.138,11.513,21.732,14.596,8.617
"2066-01",-12.005,-19.975,11.892,17.421,11.219,6.652
"2066-02",-11.829,-23.902,12.224,16.999,10.64,5.567
"2066-03",-9.717,-20.937,12.452,19.777,12.065,6.619
"2066-04",-5.606,-13.237,12.742,21.808,14.671,8.698
"2066-05",0.159,-3.873,15.249,24.711,16.637,11.781
"2066-06",5.768,1.549,16.796,27.149,20.08,14.436
"2066-07",8.353,4.467,18.547,28.699,22.066,16.71
"2066-08",8.481,5.352,19.093,29.056,23.077,17.526
"2066-09",4.273,3.34,18.033,28.438,22.29,16.098
"2066-10",0.489,-1.555,16.544,25.928,19.63,13.855
"2066-11",-3.305,-2.533,14.465,22.318,16.735,11.378
"2066-12",-10.503,-10.57,13.38,19.23,14.066,9.042
"2067-01",-9.133,-17.373,11.452,17.867,11.534,6.519
"2067-02",-15.604,-25.491,10.698,19.15,12.272,4.825
"2067-03",-10.447,-18.848,10.913,20.816,12.646,6.492
"2067-04",-6.842,-13.176,12.127,22.452,14.244,8.64
"2067-05",0.964,-3.133,13.868,25.156,16.599,11.652
"2067-06",5.887,2.175,16.069,27.214,19.672,14.504
"2067-07",7.607,4.888,17.567,28.673,22.525,16.634
"2067-08",8.393,5.679,18.112,29.321,23.173,17.637
"2067-09",5.941,3.44,18.006,28.034,22.073,16.715
"2067-10",1.445,0.285,16.558,25.672,19.613,14.273
"2067-11",-4.698,-5.483,15.537,21.861,16.88,11.455
"2067-12",-9.539,-12.859,13.911,19.274,13.843,8.051
"2068-01",-10.12,-16.653,13.217,18.771,11.674,7.367
"2068-02",-13.064,-23.908,12.177,20.124,10.264,5.552
"2068-03",-12.6,-19.065,11.343,21.234,12.66,6.481
"2068-04",-3.867,-5.985,11.768,22.076,14.259,9.072
"2068-05",1.165,-1.614,12.58,25.68,17.067,11.439
"2068-06",5.191,2.998,15.17,27.491,19.995,14.249
"2068-07",7.833,5.144,17.105,28.839,22.116,16.497
"2068-08",8.172,5.461,18.139,29.307,22.79,17.269
"2068-09",6.634,2.954,17.977,28.477,22.028,16.553
"2068-10",2.815,-1.431,17.28,26.19,18.965,14.187
"2068-11",-1.466,-4.116,14.451,24.394,17.095,11.685
"2068-12",-7.981,-14.24,11.081,22.653,14.082,8.361
"2069-01",-12.539,-20.31,11.529,17.801,12.45,6.417
"2069-02",-12.272,-24.144,9.802,20.839,12.117,5.595
"2069-03",-13.252,-22.307,10.355,21.899,12.114,5.775
"2069-04",-5.827,-12.013,11.382,23.864,14.775,8.185
"2069-05",1.807,-1.171,12.23,25.926,16.751,11.588
"2069-06",5.46,2.606,15.203,27.48,20.074,14.312
"2069-07",6.73,5.421,16.94,28.568,22.129,16.423
"2069-08",6.666,5.943,17.811,29.354,23.37,17.11
"2069-09",4.866,4.247,16.857,29.576,22.65,16.323
"2069-10",1.799,1.08,15.739,26.833,19.62,14.459
"2069-11",-4.892,-3.189,13.461,21.854,15.734,11.359
"2069-12",-7.454,-10.64,12.126,17.403,13.466,8.849
"2070-01",-11.041,-22.558,11.012,19.176,11.899,6.578
"2070-02",-9.88,-18.025,11.607,18.119,10.28,6.905
"2070-03",-8.642,-13.978,11.453,19.741,12.581,7.641
"2070-04",-8.38,-13.665,12.009,22.462,14.17,8.393
"2070-05",0.376,-4.843,14.649,24.337,16.373,11.401
"2070-06",6.115,1.471,16.691,26.95,19.62,14.55
"2070-07",7.945,4.411,18.452,28.625,21.999,16.617
"2070-08",7.928,4.62,18.563,29.421,23.028,17.422
"2070-09",5.816,2.027,18.396,28.378,22.027,16.523
"2070-10",2.541,0.999,15.846,27.108,20.265,14.713
"2070-11",-1.999,-4.908,14.427,21.131,16.723,11.921
"2070-12",-9.193,-16.834,11.007,22.97,15.239,8.473
"2071-01",-12.203,-19.764,10.95,19.676,12.062,6.273
"2071-02",-11.084,-22.846,10.501,18.415,11.043,6.164
"2071-03",-13.803,-21.21,10.257,19.52,12.029,5.593
"2071-04",-3.537,-4.512,10.928,22.774,13.793,9.17
"2071-05",0.619,-2.264,12.519,24.952,16.782,11.309
"2071-06",4.74,1.795,14.632,26.733,19.357,13.952
"2071-07",7.561,4.858,16.856,28.39,21.743,16.164
"2071-08",7.4,5.313,17.42,29.139,23.093,16.925
"2071-09",4.685,3.194,16.769,28.694,21.559,15.97
"2071-10",0.388,0.146,15.246,25.543,20.487,14.056
"2071-11",-6.481,-6.909,14.552,22.341,16.255,10.762
"2071-12",-8.288,-17.967,12.126,19.91,14.176,8.297
"2072-01",-11.396,-20.456,10.199,20.91,12.687,6.966
"2072-02",-11.591,-18.211,10.405,20.45,11.985,6.341
"2072-03",-7.756,-15.587,10.845,18.703,12.521,7.507
"2072-04",-4.381,-8.273,12.649,21.266,13.781,9.301
"2072-05",1.037,-3.314,14.427,24.883,16.628,11.878
"2072-06",6.232,1.911,15.788,27.145,19.625,14.677
"2072-07",8.188,4.848,17.634,28.468,22.207,16.814
"2072-08",8.387,4.888,18.596,29.287,23.123,17.595
"2072-09",5.812,3.354,17.981,28.479,22.582,16.607
"2072-10",1.61,0.475,15.926,26.232,20.129,14.319
"2072-11",-2.348,-4.959,11.607,25.358,17.441,11.662
"2072-12",-5.762,-10.722,12.234,18.638,12.623,9.432
"2073-01",-11.447,-17.405,11.628,14.792,10.362,7.015
"2073-02",-9.766,-19.672,12.18,16.087,9.994,6.551
"2073-03",-13.144,-19.373,12.002,19.304,12.391,6.207
"2073-04",-7.049,-13.306,13.055,22.265,14.479,8.711
"2073-05",1.15,-2.11,13.858,25.066,17.413,11.936
"2073-06",6.219,2.461,16.37,26.969,20.218,14.666
"2073-07",8.236,4.678,17.627,28.546,22.207,16.617
"2073-08",8.589,5.417,18.718,29.096,23.305,17.404
"2073-09",5.443,4.62,17.355,28.564,22.546,16.5
"2073-10",1.299,-1.594,16.035,26.583,19.724,14.264
"2073-11",-5.045,-6.963,15.357,23.014,16.9,11.448
"2073-12",-9.965,-14.87,12.841,20.389,14.859,8.617
"2074-01",-13.449,-18.902,12.382,17.72,12.292,6.148
"2074-02",-13.74,-20.944,12.779,19.298,11.887,6.032
"2074-03",-10.735,-15.483,12.413,20.295,12.489,7.529
"2074-04",-5.535,-8.842,12.66,21.781,14.301,9.306
"2074-05",2.119,-3.275,13.514,24.559,16.582,11.747
"2074-06",6.21,2.317,16.209,27.065,19.968,14.461
"2074-07",8.299,4.617,17.998,28.457,22.552,16.662
"2074-08",7.816,4.999,18.509,29.11,23.313,17.419
"2074-09",7.411,3.38,18.098,28.334,22.318,16.763
"2074-10",2.799,0.047,17.497,24.024,18.2,14.119
"2074-11",-2.29,-5.465,15.31,22.014,16.829,11.875
"2074-12",-1.758,-5.19,13.397,18.671,13.741,10.425
"2075-01",-7.133,-17.353,9.702,18.915,13.369,7.832
"2075-02",-14.27,-21.113,10.609,19.087,11.68,6.073
"2075-03",-12.297,-18.71,11.26,20.142,13.166,6.285
"2075-04",-5.939,-16.332,12.341,22.369,14.618,8.258
"2075-05",1.25,-5.366,14.837,24.929,17.211,11.526
"2075-06",5.972,1.93,16.6,26.381,20.028,14.382
"2075-07",7.985,4.418,18.349,28.356,22.38,16.548
"2075-08",7.559,4.871,18.65,29.007,23.478,17.251
"2075-09",6.088,2.472,17.576,29.205,22.674,16.404
"2075-10",3.297,0.884,16.198,25.724,19.503,14.709
"2075-11",-2.038,-7.18,14.279,21.443,16.875,11.543
"2075-12",-10.858,-15.068,12.977,20.347,14.864,8.443
"2076-01",-12.866,-22.371,9.565,19.869,12.076,6.713
"2076-02",-11.16,-24.226,11.954,17.471,11.054,5.979
"2076-03",-12.124,-22.054,11.737,20.161,13.053,6.672
"2076-04",-4.288,-8.21,11.898,22.519,14.128,9.319
"2076-05",1.76,-3.628,14.237,24.528,16.963,11.924
"2076-06",6.681,1.96,16.131,26.922,18.954,14.748
"2076-07",9.218,4.846,17.524,28.823,22.021,16.934
"2076-08",8.968,5.34,18.411,29.205,23.06,17.59
"2076-09",6.527,3.328,18.12,28.949,22.212,16.791
"2076-10",3.134,-0.289,16.851,24.009,19.643,14.459
"2076-11",-2.555,-6.273,15.603,20.644,15.846,11.415
"2076-12",-11.167,-13.714,13.283,20.424,14.113,7.87
"2077-01",-11.793,-20.092,12.844,16.704,10.916,6.035
"2077-02",-10.395,-20.086,13.307,17.354,10.782,6.995
"2077-03",-9.856,-17.748,11.98,19.898,11.365,6.727
"2077-04",-5.859,-9.842,13.013,21.868,13.907,8.664
"2077-05",1.418,-2.942,14.048,25.403,16.997,11.632
"2077-06",5.612,2.052,15.852,27.444,19.988,14.405
"2077-07",8.186,4.803,17.747,28.73,22.518,16.605
"2077-08",8.287,5.224,18.51,29.591,22.961,17.396
"2077-09",5.911,3.249,18.006,28.712,22.048,16.545
"2077-10",0.96,-0.044,16.755,25.288,19.603,14.237
"2077-11",-2.785,-5.533,15.414,19.286,15.713,11.388
"2077-12",-6.798,-10.039,14.592,19.017,13.881,9.717
"2078-01",-12.482,-22.221,13.535,19.272,13.197,6.775
"2078-02",-13.202,-24.775,12.829,18.545,11.226,6.091
"2078-03",-7.193,-15.704,12.384,19.411,12.169,7.722
"2078-04",-2.837,-8.894,12.136,23.722,15.072,9.456
"2078-05",2.317,-1.639,14.141,26.095,17.406,12.042
"2078-06",5.964,2.191,16.621,27.402,20.306,14.836
"2078-07",8.511,5.256,18.056,29.08,22.597,16.969
"2078-08",9.368,5.782,18.436,29.634,22.939,17.689
"2078-09",7.235,3.574,18.659,28.875,21.998,16.707
"2078-10",2.424,0.316,16.918,24.84,19.855,14.579
"2078-11",-1.183,-4.149,14.938,21.637,16.698,11.77
"2078-12",-9.829,-10.001,11.195,21.012,14.749,9.156
"2079-01",-10.989,-15.439,10.05,17.379,11.994,7.18
"2079-02",-13.882,-25.224,10.135,19.409,11.82,5.714
"2079-03",-10.421,-19.431,11.834,19.707,11.804,6.939
"2079-04",-5.273,-6.995,11.336,22.342,14.03,9.339
"2079-05",2.195,-2.098,13.509,25.106,16.855,12.229
"2079-06",6.366,2.569,15.807,27.015,19.938,14.922
"2079-07",8.516,5.209,17.526,28.572,22.063,16.919
"2079-08",8.671,6.102,18.114,29.339,22.954,17.827
"2079-09",6.355,3.587,17.612,28.817,22.37,16.764
"2079-10",3.467,0.075,17.003,26.296,19.813,14.764
"2079-11",-0.158,-6.01,14.703,21.734,16.386,11.808
"2079-12",-5.764,-10.225,11.526,18.577,13.548,9.529
"2080-01",-9.181,-14.275,11.467,17.702,11.719,7.685
"2080-02",-9.755,-20.307,11.503,17.533,10.587,6.588
"2080-03",-9.937,-13.574,11.972,20.433,12.644,7.642
"2080-04",-4.286,-7.837,12.346,22.049,14.763,9.395
"2080-05",2.025,-3.205,14.624,24.703,16.997,12.067
"2080-06",6.139,2.43,16.571,26.988,19.983,14.951
"2080-07",8.538,5.086,18.666,28.769,22.915,17.137
"2080-08",8.52,5.476,19.251,29.556,23.402,17.74
"2080-09",6.691,3.483,18.504,29.097,22.871,17.044
"2080-10",3.183,-0.081,16.145,26.319,20.136,14.709
"2080-11",-1.411,-5.632,14.918,22.954,17.585,11.902
"2080-12",-8.982,-11.788,13.432,19.421,13.785,8.978
"2081-01",-10.23,-17.979,11.593,19.057,12.063,7.309
"2081-02",-12.406,-22.186,10.282,20.757,12.192,6.26
"2081-03",-13.308,-18.163,11.224,20.031,12.899,6.155
"2081-04",-6.639,-10.64,11.58,23.22,15.123,8.32
"2081-05",1.244,-1.402,12.769,25.566,17.609,11.751
"2081-06",5.222,3.413,14.938,27.623,20.247,14.584
"2081-07",6.683,5.505,17.118,29.082,22.674,16.426
"2081-08",7.968,6.208,17.852,29.296,23.187,17.395
"2081-09",6.485,4.187,17.174,28.779,22.412,16.715
"2081-10",1.42,1.426,15.546,26.892,20.923,14.402
"2081-11",-3.267,-4.465,12.461,24.011,17.993,11.618
"2081-12",-6.11,-9.366,12.532,18.259,13.565,9.735
"2082-01",-11.804,-18.406,10.712,19.06,13.631,7.227
"2082-02",-14.194,-22.942,9.361,20.404,12.649,5.598
"2082-03",-12.795,-18.922,10.073,21.802,12.523,6.099
"2082-04",-4.365,-9.085,11.022,22.866,13.967,8.716
"2082-05",0.807,-2.356,11.996,25.862,16.919,11.418
"2082-06",5.276,2.92,14.707,27.43,19.827,14.433
"2082-07",7.015,5.118,16.512,28.659,22.353,16.519
"2082-08",8.233,5.885,17.608,29.051,23.632,17.382
"2082-09",7.217,4.773,17.237,28.566,22.493,16.869
"2082-10",3.14,2.334,15.42,26.242,20.245,14.705
"2082-11",-3.328,-3.456,13.663,22.989,17.726,11.646
"2082-12",-9.268,-9.406,10.592,18.724,14.855,8.873
"2083-01",-15.004,-17.212,10.994,18.484,11.822,5.94
"2083-02",-11.081,-21.648,11.539,18.122,11.539,6.204
"2083-03",-12.979,-20.556,11.073,21.26,12.218,6.221
"2083-04",-5.586,-9.13,12.151,22.906,15.067,8.964
"2083-05",1.104,-1.679,14.083,25.258,17.157,12.071
"2083-06",5.436,2.186,15.858,27.595,20.45,14.668
"2083-07",7.734,5.281,17.53,28.866,22.541,16.798
"2083-08",8.345,5.771,17.935,29.307,23.363,17.663
"2083-09",6.263,3.733,17.927,29.23,22.619,16.729
"2083-10",3.025,1.016,16.082,26.428,20.188,14.76
"2083-11",-3.371,-5.644,13.638,23.095,17.263,11.837
"2083-12",-7.718,-11.972,12.575,18.196,13.658,8.899
"2084-01",-9.314,-18.372,10.983,19.238,11.794,7.348
"2084-02",-11.48,-23.004,10.462,19.355,11.999,6.551
"2084-03",-9.156,-16.071,11.806,20.191,12.29,7.328
"2084-04",-3.223,-10.302,12.1,22.629,13.886,9.329
"2084-05",2.094,-1.319,14.022,25.153,16.695,12.257
"2084-06",6.414,3.207,16.363,27.971,20.066,15.092
"2084-07",8.34,5.492,18.265,29.251,22.534,17.182
"2084-08",8.629,6.371,18.629,29.522,23.239,17.761
"2084-09",6.477,4.633,17.961,29.353,22.932,17.259
"2084-10",3.959,0.169,16.74,24.289,19.423,14.841
"2084-11",-2.445,-2.935,14.375,22.207,16.938,11.967
"2084-12",-6.99,-9.993,12.837,18.493,12.828,9.226
"2085-01",-9.326,-15.28,12.125,18.267,11.878,8.163
"2085-02",-15.656,-19.173,12.55,17.649,10.895,5.305
"2085-03",-10.093,-17.455,12.463,20.128,12.16,6.713
"2085-04",-4.081,-7.39,12.286,22.543,14.157,9.102
"2085-05",2.025,-1.793,14.683,25.08,17.28,12.029
"2085-06",6.003,2.592,17.287,26.673,19.709,14.665
"2085-07",8.88,5.579,18.607,28.847,22.099,16.732
"2085-08",7.953,6.195,19.038,29.929,23.228,17.426
"2085-09",6.336,4.992,17.788,28.247,22.46,16.601
"2085-10",2.163,1.142,15.641,27.023,20.345,14.526
"2085-11",-3.84,-5.416,13.347,21.98,16.454,11.62
"2085-12",-6.443,-9.977,13.263,20.082,14.045,9.339
"2086-01",-10.034,-14.748,12.918,17.207,11.15,7.618
"2086-02",-14.771,-20.696,11.491,19.473,12.023,6.419
"2086-03",-11.089,-20.592,12.405,20.581,12.555,6.474
"2086-04",-3.769,-10.169,13.063,21.951,15.074,9.369
"2086-05",2.889,-1.974,15.047,25.309,17.269,12.368
"2086-06",6.403,2.809,16.634,27.66,20.389,14.97
"2086-07",8.272,5.583,17.742,28.962,22.497,16.957
"2086-08",8.421,5.606,18.595,29.572,23.738,17.784
"2086-09",6.785,4.096,17.812,28.922,22.573,16.839
"2086-10",2.461,1.089,16.29,26.461,20.077,14.804
"2086-11",-4.236,-4.63,14.083,23.126,17.469,11.754
"2086-12",-10.73,-12.928,11.322,21.517,14.93,8.596
"2087-01",-13.466,-21.355,10.397,20.376,13.631,6.033
"2087-02",-17.088,-21.507,10.531,20.336,12.557,5.387
"2087-03",-15.135,-18.43,10.815,22.162,13.652,6.11
"2087-04",-5.181,-12.391,11.617,23.015,14.84,8.787
"2087-05",1.39,-0.307,13.14,25.397,17.191,11.976
"2087-06",5.054,2.452,15.541,27.607,20.044,14.441
"2087-07",7.146,5.193,17.293,29.189,22.634,16.63
"2087-08",8.133,5.715,17.806,29.416,23.228,17.4
"2087-09",6.15,3.692,17.255,29.145,22.776,16.582
"2087-10",2.734,-0.229,15.492,26.429,20.077,14.411
"2087-11",-2.57,-2.707,13.383,23.341,17.85,11.747
"2087-12",-6.867,-9.287,12.436,20.124,14.857,8.989
"2088-01",-9.071,-18.88,9.018,18.579,13.229,6.797
"2088-02",-12.679,-20.237,8.457,20.513,12.867,6.152
"2088-03",-13.386,-17.151,9.432,21.018,13.304,6.421
"2088-04",-6.95,-10.408,10.987,23.831,15.053,8.69
"2088-05",1.338,-3.422,13.231,25.173,17.18,11.41
"2088-06",5.445,1.792,15.619,27,20.136,14.228
"2088-07",6.903,4.301,17.352,28.402,22.508,16.229
"2088-08",7.235,5.107,18.241,28.779,23.422,17.133
"2088-09",5.723,3.719,17.323,28.499,22.338,16.438
"2088-10",0.832,1.071,16.958,24.48,19.375,14.295
"2088-11",-5.213,-5.254,15.011,22.151,17.295,11.684
"2088-12",-7.918,-11.486,13.026,20.324,14.393,8.9
"2089-01",-11.875,-13.254,12.181,18.707,11.911,7.452
"2089-02",-18.676,-21.15,12.482,18.642,12.399,4.804
"2089-03",-11.281,-20.156,11.612,20.783,12.582,6.679
"2089-04",-7.614,-14.305,12.055,23.164,15.078,8.407
"2089-05",-0.397,-2.695,14.284,25.292,16.914,11.67
"2089-06",5.24,2.033,16.32,27.322,19.627,14.547
"2089-07",7.272,5.221,17.419,28.958,21.991,16.69
"2089-08",7.466,6.1,17.884,29.453,23.086,17.614
"2089-09",6.084,3.722,18.148,29.146,22.563,16.839
"2089-10",1.142,0.308,15.814,25.684,20.157,14.333
"2089-11",-2.026,-5.703,13.515,22.925,16.211,11.778
"2089-12",-12.236,-12.315,12.248,20.011,13.438,7.933
"2090-01",-9.271,-19.764,9.977,18.693,12.756,6.856
"2090-02",-14.543,-23.034,9.98,20.448,12.453,5.648
"2090-03",-14.567,-23.166,10.014,21.017,12.704,5.658
"2090-04",-4.008,-10.018,11.953,21.892,13.557,8.805
"2090-05",-0.449,-2.87,13.167,25.154,16.637,11.459
"2090-06",5.195,1.802,15.71,27.347,19.257,14.317
"2090-07",7.769,4.471,17.841,28.953,21.811,16.478
"2090-08",7.436,4.94,18.112,29.651,22.938,17.27
"2090-09",5.992,4.015,18.118,27.853,22.277,16.394
"2090-10",1.891,-0.696,17.029,25.156,18.662,14.263
"2090-11",-4.35,-6.605,14.125,23.465,16.798,11.243
"2090-12",-10.963,-11.334,12.861,19.8,13.907,8.213
"2091-01",-17.859,-19.414,11.384,18.223,11.614,5.035
"2091-02",-14.712,-23.282,10.954,18.361,11.956,5.029
"2091-03",-14.212,-17.426,10.33,19.513,12.434,6.173
"2091-04",-3.691,-10.775,11.937,23.303,14.556,8.821
"2091-05",2.209,-2.621,13.602,25.503,16.935,11.669
"2091-06",5.152,2.371,15,27.598,20.42,14.27
"2091-07",7.903,4.905,17.184,28.878,22.45,16.33
"2091-08",8.109,5.403,17.656,29.279,23.411,17.279
"2091-09",6.691,3.947,18.105,28.922,22.617,16.953
"2091-10",1.129,0.383,15.605,27.624,20.414,14.571
"2091-11",-4.314,-3.218,13.983,23.002,16.287,11.311
"2091-12",-7.973,-9.135,12.62,20.274,13.969,8.917
"2092-01",-13.068,-18.09,12.014,18.759,12.269,6.096
"2092-02",-13.298,-21.001,12.019,18.392,11.462,5.58
"2092-03",-10.165,-14.608,11.901,20.402,13.519,7.554
"2092-04",-6.383,-12.181,12.029,23.68,14.856,8.616
"2092-05",1.509,-3.808,14.129,24.716,16.664,11.513
"2092-06",5.9,1.98,15.807,27.181,19.746,14.438
"2092-07",7.665,4.551,17.781,28.29,22.578,16.545
"2092-08",7.987,5.024,18.366,29.236,22.635,17.444
"2092-09",6.284,3.571,17.788,29.113,22.171,16.618
"2092-10",3.149,0.266,16.298,24.711,18.629,14.394
"2092-11",-1.729,-4.758,14.283,23.354,16.736,11.786
"2092-12",-6.762,-12.374,13.065,17.318,12.479,8.716
"2093-01",-13.424,-20.019,11.874,18.54,11.926,6.072
"2093-02",-11.74,-22.064,12.1,17.123,11.163,5.57
"2093-03",-9.779,-16.57,12.957,19.61,12.285,7.375
"2093-04",-7.531,-11.775,13.616,22.586,14.778,9.023
"2093-05",-0.04,-3.825,15.177,24.869,17.059,11.598
"2093-06",5.858,1.864,16.577,27.574,19.893,14.466
"2093-07",8.229,4.78,18.01,29.337,22.222,16.761
"2093-08",8.7,4.802,19.348,29.662,23.183,17.465
"2093-09",7.927,4.476,18.617,28.31,21.741,16.824
"2093-10",3.861,1.351,16.861,26.261,19.218,14.584
"2093-11",-2.206,-4.691,14.492,23.555,17.237,11.717
"2093-12",-8.92,-12.613,12.838,21.313,13.867,8.762
"2094-01",-9.186,-17.809,12.175,19.586,12.529,7.556
"2094-02",-13.447,-19.903,12.054,16.788,10.279,6.136
"2094-03",-9.98,-16.186,11.102,20.684,13.633,6.72
"2094-04",-6.679,-11.912,12.964,22.134,14.063,8.691
"2094-05",1.6,-1.016,13.443,25.575,16.862,11.873
"2094-06",5.264,2.387,15.437,27.933,20.424,14.381
"2094-07",7.514,4.998,17.497,28.981,22.405,16.425
"2094-08",8.003,5.476,18.438,29.479,23.244,17.215
"2094-09",6.531,4.535,17.892,28.967,22.918,16.688
"2094-10",2.497,1.012,15.859,26.844,19.887,14.607
"2094-11",-2.38,-5.574,15.782,19.83,16.171,11.811
"2094-12",-6.68,-9.826,13.897,20.26,14.638,9.29
"2095-01",-9.503,-16.754,11.387,19.226,12.999,7.557
"2095-02",-11.477,-20.251,10.661,20.004,11.971,6.759
"2095-03",-13.096,-21.397,11.91,19.768,12.617,6.336
"2095-04",-7.81,-14.829,11.718,22.344,14.658,8
"2095-05",0.338,-2.971,13.251,24.639,16.799,11.57
"2095-06",5.442,2.798,15.453,27.282,19.587,14.522
"2095-07",7.478,5.308,17.165,28.867,22.418,16.687
"2095-08",7.386,6.048,17.523,29.124,22.988,17.285
"2095-09",5.977,4.291,17.391,27.841,22.015,16.563
"2095-10",3.55,1.881,16.107,25.339,20.116,14.834
"2095-11",0.126,-1.757,14.274,22.59,17.571,12.656
"2095-12",-8.288,-8.305,10.647,21.678,15.619,9.409
"2096-01",-12.977,-17.235,8.734,21.364,12.744,7.084
"2096-02",-11.159,-23.467,11.251,18.747,11.076,5.939
"2096-03",-10.514,-18.89,11.775,21.052,12.009,6.939
"2096-04",-7.162,-12.29,12.277,23.165,14.455,8.671
"2096-05",-0.274,-3.868,12.973,26.207,17.339,11.415
"2096-06",5.445,1.915,14.953,27.58,20.031,14.252
"2096-07",7.606,4.819,17.089,28.806,22.343,16.464
"2096-08",8.965,6.072,18.115,29.269,23.157,17.469
"2096-09",7.266,5.168,17.708,28.592,21.626,16.544
"2096-10",3.731,0.736,17.101,25.205,19.961,14.771
"2096-11",-0.224,-3.839,14.726,22.737,16.623,11.997
"2096-12",-5.936,-12.199,13.123,19.649,13.78,9.124
"2097-01",-9.314,-16.222,12.018,18.503,12.832,7.592
"2097-02",-15.695,-25.372,10.333,20.227,14.371,5.432
"2097-03",-13.608,-19.551,11.55,20.048,14.185,6.006
"2097-04",-8.32,-8.61,12.187,22.107,14.907,8.572
"2097-05",0.913,-0.988,14.006,24.83,17.44,12.053
"2097-06",5.494,3.292,16.076,26.985,19.754,14.707
"2097-07",7.044,5.541,17.273,28.807,22.169,16.824
"2097-08",7.791,6.31,18.025,29.564,23.046,17.619
"2097-09",5.663,4.713,17.686,28.99,22.504,16.657
"2097-10",2.145,2.405,15.755,26.089,19.982,14.679
"2097-11",-2.357,-2.981,13.16,22.921,16.499,12.065
"2097-12",-11.13,-9.18,11.694,20.708,14.335,8.905
"2098-01",-12.004,-18.207,9.904,18.051,12.501,6.89
"2098-02",-15.044,-21.761,11.292,17.216,11.774,5.242
"2098-03",-11.62,-17.708,11.47,19.514,12.982,6.592
"2098-04",-6.364,-11.818,12.741,22.389,14.055,9.043
"2098-05",1.524,-2.201,14.071,25.271,17.232,11.982
"2098-06",5.39,2.87,15.279,27.601,19.922,14.675
"2098-07",7.406,6.613,17.098,29.082,22.338,16.809
"2098-08",8.67,6.743,17.998,29.913,23.031,17.744
"2098-09",7.11,3.687,17.938,29.306,22.306,17
"2098-10",2.856,0.264,15.519,27.825,20.647,15.065
"2098-11",-2.745,-6.604,13.713,22.273,16.448,11.875
"2098-12",-8.839,-13.307,12.941,17.76,13.815,8.619
"2099-01",-11.416,-17.72,12.077,18.077,12.477,6.899
"2099-02",-13.264,-22.669,12.249,18.095,12.001,6.358
"2099-03",-14.007,-18.366,11.506,19.987,12.695,6.171
"2099-04",-4.268,-9.789,12.873,22.504,15.331,9.304
"2099-05",-0.944,-3.433,14.783,24.381,17.225,11.721
"2099-06",5.264,1.94,16.511,27.167,20.463,14.702
"2099-07",7.667,4.652,17.468,28.819,22.748,16.65
"2099-08",8.271,5.712,18.584,29.868,23.871,17.728
"2099-09",5.955,3.3,18.118,29.528,22.409,16.659
"2099-10",2.397,-0.403,17.201,24.612,19.741,14.594
"2099-11",-3.681,-4.832,15.436,23.007,16.862,11.359
"2099-12",-9.688,-12.654,13.905,19.317,14.873,8.302
"2100-01",-12.909,-21.801,12.344,17.314,11.684,6.487
"2100-02",-15.559,-22.234,12.551,18.366,10.148,5.207
"2100-03",-12.868,-17.88,12.063,19.564,12.426,6.591
"2100-04",-3.644,-11.426,13.405,21.709,14.469,9.215
"2100-05",-0.533,-3.206,13.371,25.061,16.899,11.411
"2100-06",5.006,2.196,15.746,27.299,20.016,14.396
"2100-07",7.197,5.451,17.456,28.667,22.295,16.562
"2100-08",7.991,5.899,18.032,29.385,23.072,17.621
"2100-09",6.092,4.001,17.683,28.153,22.481,16.851
"2100-10",1.278,0.843,16.434,24.841,20.193,14.427
"2100-11",-3.407,-4.155,14.23,22.976,17.89,11.866
"2100-12",-8.403,-9.972,12.354,21.796,15.137,9.342
