#Dataset: CMIP5_bcc-csm1-1-m_r1i1p1_rcp45
#Variable: tas
#Area: sea
#Interpolation_method: cdo remapcon
#Spatial_resolution: 1º
#Creation_Date: 2021-04-14
#Author: IPCC-WGI Atlas Hub (https://github.com/SantanderMetGroup/IPCC-Atlas). Santander Meteorology Group.
"date","GIC","NWN","NEN","WNA","CNA","ENA","NCA","SCA","CAR","NWS","NSA","NES","SAM","SWS","SES","SSA","NEU","WCE","EEU","MED","SAH","WAF","CAF","NEAF","SEAF","WSAF","ESAF","MDG","RAR","WSB","ESB","RFE","WCA","ECA","TIB","EAS","ARP","SAS","SEA","NAU","CAU","EAU","SAU","NZ","EAN","WAN","ARO","NPO","EPO","SPO","NAO","EAO","SAO","ARS","BOB","EIO","SIO","SOO","world"
"2006-01",-19.229,-6.778,-20.014,9.858,16.286,16.86,20.825,25.652,25.612,26.166,26.481,29.242,NA,20.141,25.379,11.136,0.032,9.99,4.463,13.997,20.106,29.057,30.097,25.613,28.794,22.632,28.745,29.195,-27.979,NA,NA,-9.089,7.955,NA,NA,14.521,21.219,26.782,28.164,30.148,25.277,25.951,18.286,19.297,1.261,-0.689,-26.809,19.634,28.839,22.493,18.586,29.172,22.708,27.046,27.114,29.426,26.498,6.906,18.212
"2006-02",-22.209,-7.571,-22.645,9.09,15.793,15.925,20.276,25.583,25.229,26.291,26.016,29.441,NA,20.862,26.153,11.682,-0.381,9.857,4.487,13.549,20.001,29.229,31.145,25.269,28.861,23.585,29.146,28.78,-27.365,NA,NA,-8.729,8.04,NA,NA,13.818,20.395,26.831,27.803,29.852,25.783,27.18,19.191,20.294,1.34,-0.435,-28.858,19.055,28.567,23.156,17.86,29.507,23.586,27.027,26.654,29.519,27.093,7.577,18.279
"2006-03",-19.387,-8.93,-18.533,9.301,16.464,16.473,20.554,25.614,25.235,25.898,25.941,29.612,NA,20.417,25.945,11.162,-0.71,9.609,5.357,13.486,20.053,29.293,31.407,26.09,29.745,23.73,28.863,28.995,-21.39,NA,NA,-6.878,9.596,NA,NA,14.162,22.2,28.061,28.632,30.5,25.642,27.276,18.802,19.976,-0.899,-2.44,-25.837,18.935,28.489,23.042,17.782,29.511,23.455,27.629,27.723,29.958,26.947,7.449,18.364
"2006-04",-11.746,-2.453,-9.067,9.707,19.404,18.088,21.87,26.442,25.661,25.323,26.238,29.547,NA,18.426,24.904,9.772,1.285,10.967,8.799,14.848,20.548,28.511,31.715,28.053,30.961,23.321,28.76,29.338,-12.705,NA,NA,-1.579,12.738,NA,NA,15.921,25.027,29.578,29.619,30.314,25.774,26.101,18.19,18.482,-6.267,-6.588,-16.844,19.382,28.622,22.092,18.081,29.393,22.395,29.174,30.16,30.793,26.626,6.571,18.518
"2006-05",-3.802,1.512,-2.671,11.437,23.982,20.575,24.139,27.477,26.583,24.304,26.606,29.138,NA,16.599,22.728,8.457,3.784,13.562,15.742,17.536,21.085,28.205,31.142,29.806,29.895,22.297,26.811,27.699,-2.343,NA,NA,1.242,18.836,NA,NA,18.053,28.201,30.385,30.557,29.339,25.403,24.778,17.032,17.194,-11.436,-13.709,-4.45,20.535,28.848,20.826,18.916,28.881,20.816,30.172,31.172,30.868,25.413,5.073,18.568
"2006-06",0.101,3.907,1.268,13.386,28.244,23.9,25.891,27.85,27.393,22.106,27.017,28.081,NA,14.959,21.456,7.443,5.78,17.24,19.564,21.154,21.965,28.106,29.508,28.125,27.456,20.526,25.26,25.993,0.28,NA,NA,4.221,22.381,NA,NA,21.621,30.372,30.79,30.436,27.752,24.861,23.213,15.583,15.663,-15.103,-21.834,-0.663,22.173,27.844,19.568,20.329,28.039,19.382,29.512,30.935,30.11,24.075,3.52,18.28
"2006-07",1.775,5.553,2.941,15.531,30.674,26.035,27.572,27.813,27.926,21.55,27.471,27.059,NA,14.019,20.259,6.778,7.372,20.047,23.444,23.743,23.034,28.037,28.292,26.311,26.879,19.365,24.387,25.205,2.352,NA,NA,6.547,25.703,NA,NA,23.987,30.747,29.241,29.789,26.52,23.818,22.117,14.607,14.642,-13.582,-20.753,-0.453,23.491,26.94,18.605,21.991,27.455,18.415,27.908,29.941,29.329,22.907,2.878,18.171
"2006-08",2.472,5.956,3.639,15.386,31.528,26.736,28.317,28.17,28.523,21.61,28.029,26.408,NA,13.79,19.981,6.338,7.65,19.624,22.176,24.838,23.177,27.672,26.99,25.932,26.396,18.247,23.975,24.723,2.375,NA,NA,9.18,24.303,NA,NA,26.005,31.096,29.234,29.731,26.146,23.18,21.528,13.908,14.163,-14.275,-18.435,-0.178,24.48,26.277,18.028,22.925,26.78,17.705,27.272,29.986,28.954,22.296,2.467,18.113
"2006-09",1.18,4.657,2.849,14.622,30.013,26.181,27.97,28.229,28.653,21.973,28.166,26.33,NA,14.156,19.676,6.224,6.876,17.341,16.873,23.298,23.076,27.598,26.721,27.33,26.521,17.808,24.26,24.863,1.541,NA,NA,8.044,19.993,NA,NA,24.738,31.055,29.242,29.327,26.483,22.696,21.662,13.74,14.053,-11.685,-17.661,-0.769,24.409,26.263,17.95,22.787,26.587,17.444,27.519,29.918,28.928,22.138,2.519,18.005
"2006-10",-2.08,2.018,0.401,12.56,27.901,23.926,26.792,28.006,28.162,22.426,27.891,26.668,NA,15.256,20.34,6.822,5.62,15.088,10.631,20.752,23.131,28.062,27.177,28.242,27.756,18.227,24.991,25.553,0.085,NA,NA,4.954,14.503,NA,NA,22.216,28.814,29.672,29.323,27.451,22.719,22.428,13.989,14.254,-10.581,-14.595,-5.692,23.415,26.828,18.394,21.63,27.069,17.752,28.806,29.934,29.642,22.681,2.935,17.873
"2006-11",-8.058,-2.736,-4.761,10.946,23.906,21.399,24.807,27.251,27.366,22.935,27.292,27.423,NA,16.905,21.695,8.194,4.196,13.218,7.242,17.592,22.339,28.618,27.781,27.787,29.407,19.756,26.087,26.679,-9.093,NA,NA,2.1,11.293,NA,NA,19.263,25.197,28.689,29.09,28.533,22.978,23.034,14.601,15.247,-4.604,-6.308,-16.598,22.16,27.417,19.454,20.512,27.735,18.856,28.803,28.649,29.692,23.663,4.118,17.834
"2006-12",-13.679,-6.049,-13.657,9.494,18.138,18.535,22.564,26.038,26.381,23.651,26.854,28.196,NA,18.079,23.416,9.552,1.328,10.923,5.561,15.626,20.299,28.06,28.415,26.203,29.203,21.363,27.118,27.816,-16.564,NA,NA,-0.068,8.589,NA,NA,16.08,22.071,27.753,28.595,29.851,24.174,24.404,16.221,17.333,-1.117,-2.661,-19.428,20.836,27.745,21.077,19.24,28.111,20.573,27.724,27.925,29.302,25.156,5.561,17.993
"2007-01",-18.358,-7.608,-23.892,8.83,16.222,16.344,21.153,24.912,25.392,24.801,26.182,28.881,NA,19.034,25.52,10.798,1.362,9.491,-2.999,14.038,19.322,27.836,29.022,24.662,27.275,22.745,27.247,28.3,-19.329,NA,NA,-4.37,1.497,NA,NA,13.671,19.607,27.187,28.289,29.934,26.035,25.874,18.034,19.292,0.949,-0.531,-22.958,19.803,27.82,22.404,18.253,28.523,22.312,26.653,27.611,28.941,26.411,6.971,18.152
"2007-02",-17.816,-10.91,-24.109,7.998,15.568,16.215,20.432,25.2,24.928,26.055,25.663,29.147,NA,19.668,26.424,11.218,1.614,9.132,-2.866,13.288,19.234,28.069,30.011,24.235,27.356,23.442,27.455,28.448,-22.753,NA,NA,-7.865,2.335,NA,NA,12.941,19.107,27.075,28.322,29.853,27.188,26.002,18.927,19.979,1.334,-0.483,-25.661,19.158,27.756,23.201,17.755,28.926,23.418,26.216,27.948,29.08,26.914,7.71,18.269
"2007-03",-14.036,-7.914,-18.067,8.796,16.602,16.088,20.726,25.441,24.746,26.543,25.558,29.21,NA,19.978,26.418,10.639,0.84,8.888,1.234,13.354,19.729,28.322,30.891,25.117,28.326,23.575,27.897,28.876,-22.679,NA,NA,-6.714,6.603,NA,NA,13.028,21.132,28.16,28.894,30.036,27.129,26.225,19.564,19.922,-0.713,-2.455,-25.093,19.076,28.038,22.949,17.721,29.085,23.463,26.868,29.046,29.822,26.964,7.44,18.336
"2007-04",-10.278,-5.141,-11.017,9.944,19.211,17.438,22.23,26.184,25.193,26.396,25.705,29.298,NA,18.963,25.403,9.714,1.651,9.982,9.783,14.534,20.847,28.255,31.34,27.53,29.561,22.572,27.198,28.059,-14.95,NA,NA,-2.133,13.815,NA,NA,14.611,24.6,29.55,29.473,29.565,27.759,25.046,18.612,18.658,-6.077,-8.366,-17.862,19.526,28.346,22.123,18.067,28.923,22.205,28.439,29.983,30.253,26.443,6.438,18.342
"2007-05",-2.742,1.228,-2.311,12.322,23.82,20.18,24.24,27.352,26.083,25.827,26.01,28.919,NA,17.495,23.584,8.758,3.421,12.555,13.682,16.954,21.405,28.113,30.975,28.91,29.167,21.715,26.624,27.075,-4.157,NA,NA,0.428,17.936,NA,NA,17.27,27.498,29.747,30.152,28.771,26.407,24.014,17.23,17.089,-10.965,-14.561,-4.431,20.543,28.815,20.735,18.944,28.749,20.661,28.985,29.805,30.257,25.372,4.9,18.436
"2007-06",0.323,4.205,1.389,15.282,27.668,23.519,26.228,27.805,27.046,25.329,26.433,27.903,NA,15.833,22.127,7.675,5.669,14.975,22.609,20.239,21.698,28.032,30.035,27.837,27.913,20.253,25.136,25.721,0.767,NA,NA,3.377,24.469,NA,NA,20.707,28.969,29.688,30.008,27.32,25.271,22.588,15.707,15.7,-13.755,-19.896,-0.628,21.968,28.776,19.498,20.208,28.032,19.274,28.602,29.781,29.79,23.987,3.521,18.279
"2007-07",1.843,5.816,3.532,16.073,29.958,25.689,27.817,28.178,27.747,24.727,27.147,26.74,NA,14.729,20.457,6.765,7.61,18.384,22.729,23.12,22.148,27.731,28.571,26.227,26.592,19.247,24.257,24.736,2.002,NA,NA,7.355,25.255,NA,NA,23.705,29.639,28.141,29.581,26.442,24.145,21.469,14.577,14.804,-14.325,-20.662,-0.25,23.543,28.617,18.58,21.907,27.341,18.276,26.972,29.304,29.133,22.91,2.64,18.242
"2007-08",2.416,5.594,4.091,15.995,30.871,26.205,28.494,28.444,28.254,24.422,27.851,26.437,NA,14.589,19.606,6.273,7.513,19.451,18.64,24.664,22.973,27.87,27.369,26.153,26.212,18.514,23.942,24.275,2.943,NA,NA,8.533,21.744,NA,NA,25.074,30.708,28.107,29.056,26.001,23.235,21.005,14.055,14.277,-13.061,-19.599,0.396,24.432,28.454,18.068,23.036,26.853,17.671,26.847,28.73,28.877,22.251,2.365,18.262
"2007-09",1.124,4.828,3.013,15.06,30.05,25.903,28.18,28.658,28.586,24.483,28.227,26.495,NA,14.798,19.301,6.131,7.031,17.46,17.107,22.265,23.787,27.978,26.859,27.772,26.502,17.978,23.943,24.326,1.478,NA,NA,7.976,20.061,NA,NA,24.86,30.365,29.368,29.044,26.052,22.664,20.846,13.709,14.042,-12.435,-18.728,-0.49,24.399,28.557,17.972,22.832,26.891,17.582,27.903,29.857,29.237,22.264,2.518,18.224
"2007-10",-1.575,2.512,1.142,13.096,27.469,23.616,27.395,28.259,27.966,24.818,28.14,27.067,NA,15.706,20.14,6.512,5.581,14.664,12.005,19.85,23.754,28.476,27.449,28.499,27.522,18.654,25.204,25.407,-0.589,NA,NA,5.276,15.781,NA,NA,22.519,28.772,29.33,29.352,27.119,22.526,21.397,14.031,14.246,-10.315,-13.138,-4.996,23.626,29.062,18.442,21.896,27.368,18.041,28.577,29.722,29.59,22.821,3.069,18.207
"2007-11",-6.491,-0.6,-2.813,11.429,21.667,20.575,25.186,27.492,27.2,25.31,27.733,27.763,NA,17.171,21.508,7.811,3.502,11.906,7.951,17.067,22.665,28.679,28.177,28.235,29.307,20.04,26.479,26.709,-10.863,NA,NA,1.566,11.708,NA,NA,19.623,26.065,28.313,29.41,28.426,22.699,22.647,14.85,14.99,-4.78,-6.29,-15.699,22.318,29.598,19.463,20.76,28.04,19.129,28.694,28.371,29.995,23.798,4.196,18.147
"2007-12",-12.321,-5.625,-10.139,8.962,19.078,19.188,23.284,26.982,26.446,25.782,26.775,28.509,NA,18.209,23.742,9.852,2.018,10.096,0.869,15.117,21.213,28.702,29.523,26.994,30.072,21.512,27.95,28.441,-20.564,NA,NA,-3.316,4.653,NA,NA,16.614,22.874,27.316,28.735,29.636,23.457,24.526,16.329,16.625,-1.021,-1.992,-22.297,20.941,29.837,20.916,19.359,28.641,20.806,27.925,27.384,29.672,25.274,5.642,18.199
"2008-01",-18.523,-7.597,-21.815,8.851,16.329,17.09,22.024,26.092,25.456,26.825,26.405,29.07,NA,19.919,24.807,11.014,0.395,9.395,1.52,14.059,20.212,28.414,30.325,26.033,29.466,22.861,28.597,29.604,-27.265,NA,NA,-11.226,5.875,NA,NA,14.585,20.451,26.785,28.155,30.181,24.455,26.409,18.204,19.404,1.433,-0.359,-26.282,19.822,29.597,22.222,18.401,29.06,22.645,27.286,26.779,29.244,26.718,7.021,18.269
"2008-02",-19.053,-7.142,-24.007,8.623,15.646,16.162,21.626,26.061,25.098,26.598,26.268,29.623,NA,20.702,25.746,12.19,-0.228,8.791,5.978,13.406,19.822,28.56,31.17,25.406,28.735,23.994,28.767,29.173,-21.692,NA,NA,-10.803,8.95,NA,NA,13.019,20.479,26.634,27.881,30.274,25.392,26.996,18.975,20.06,1.52,-0.078,-24.017,19.295,29.382,23.13,17.867,29.515,23.526,26.48,26.687,29.074,27.216,7.778,18.526
"2008-03",-17.372,-5.949,-14.886,9.534,17.72,16.619,21.897,26.564,25.311,26.357,26.399,29.823,NA,20.164,25.596,11.302,-0.895,8.925,3.591,13.36,19.937,29.063,31.927,26.353,29.905,23.753,28.685,29.041,-21.211,NA,NA,-8.688,7.691,NA,NA,12.939,20.845,27.45,28.602,30.3,26.117,26.539,18.704,19.317,-0.58,-2.104,-23.366,19.093,29.238,23.011,17.869,29.77,23.277,26.855,27.541,29.634,27,7.456,18.506
"2008-04",-9.983,-3.149,-9.365,10.024,20.224,18.163,22.585,27.511,25.945,25.665,26.49,29.884,NA,18.788,24.357,9.998,1.137,10.315,10.09,14.975,20.767,28.779,31.728,27.202,30.153,22.984,27.805,28.408,-12.025,NA,NA,-2.808,14.532,NA,NA,14.583,24.558,28.979,29.438,30.345,25.869,25.915,17.709,18.199,-4.869,-5.284,-15.163,19.444,29.436,22.207,18.262,29.701,22.319,27.566,30.081,30.38,26.39,6.453,18.607
"2008-05",-2.632,1.06,-2.585,11.478,25.096,20.736,24.787,28.198,26.886,23.728,26.716,29.121,NA,17.103,22.63,8.584,3.545,11.796,14.799,17.165,21.105,28.849,31.149,29.674,29.731,21.858,26.413,27.469,-2.973,NA,NA,0.109,19.046,NA,NA,17.988,27.618,30.017,30.309,29.302,24.81,24.313,16.433,16.666,-10.417,-10.174,-3.943,20.563,28.957,20.911,18.887,29.242,20.903,29.13,31.198,30.797,25.221,4.985,18.589
"2008-06",-0.098,3.832,0.678,13.781,28.016,23.931,26.336,28.113,27.587,22.259,27.148,28.122,NA,15.329,21.189,7.427,5.325,15.307,21.624,20.609,21.617,28.685,29.83,28.674,28.206,20.498,25.215,26.045,0.44,NA,NA,2.566,24.07,NA,NA,21.447,29.945,30.314,30.432,28.223,24.426,22.666,14.95,15.241,-12.116,-15.201,-0.684,22.079,28.138,19.724,20.182,28.369,19.469,29.031,30.683,30.297,23.809,3.626,18.369
"2008-07",1.74,5.282,3.146,15.77,30.152,25.953,27.693,28.18,28.302,22.228,27.602,27.263,NA,14.56,19.709,6.576,6.988,17.822,23.196,23.622,22.532,27.982,28.104,26.132,26.638,19.43,23.967,24.579,2.665,NA,NA,5.802,25.097,NA,NA,24.093,30.694,29.099,30.005,27.018,23.958,21.499,13.979,14.335,-15.074,-21.838,-0.025,23.704,27.516,18.86,21.777,27.432,18.493,27.772,30.097,29.305,22.609,2.397,18.17
"2008-08",2.509,6.093,3.562,15.3,30.915,26.471,28.421,28.593,28.725,22.144,28.318,26.918,NA,14.319,19.647,6.299,7.284,18.015,20.648,24.566,23.61,27.852,27.56,26.237,26.171,18.56,23.77,24.116,3.118,NA,NA,7.512,23.24,NA,NA,25.576,30.949,28.626,29.373,26.464,22.864,21.046,13.443,13.785,-13.941,-20.523,0.644,24.481,26.975,18.237,22.679,27.1,17.946,27.113,29.419,28.843,21.95,2.05,18.103
"2008-09",1.116,4.944,2.632,14.584,30.791,26.202,28.314,28.547,28.707,22.394,28.399,27.003,NA,14.399,19.571,6.222,6.749,17.021,14.386,22.153,24.268,28.201,27.267,27.096,26.344,18.176,24.021,24.31,1.814,NA,NA,6.764,18.851,NA,NA,25.368,29.579,28.549,29.274,26.778,22.43,21.276,13.363,13.712,-12.891,-20.065,0.156,24.554,26.937,18.102,22.608,27.062,17.657,27.288,29.191,28.97,21.895,2.173,18.032
"2008-10",-1.235,2.631,0.305,11.78,27.219,24.657,26.61,28.528,28.118,22.975,28.186,27.289,NA,15.284,20.377,6.798,5.897,15.279,6.645,19.704,23.789,28.637,28.119,28.157,27.299,18.8,24.782,24.825,-0.718,NA,NA,4.319,11.981,NA,NA,23.047,28.327,29.073,29.423,27.756,22.394,22.079,13.498,14.06,-10.282,-14.547,-3.321,23.582,27.377,18.505,21.617,27.473,18.012,28.445,29.265,29.243,22.218,2.669,17.962
"2008-11",-6.847,-0.142,-4.05,10.752,22.128,21.508,24.3,27.282,27.379,23.069,27.555,27.856,NA,17.039,21.385,8.098,4.626,12.84,4.32,17.259,22.409,28.988,28.684,28.028,28.946,20.298,26.292,26.458,-9.84,NA,NA,0.837,9.097,NA,NA,20.099,24.994,28.883,29.323,28.891,22.605,23.561,14.701,15.685,-4.931,-6.593,-11.539,22.179,27.663,19.605,20.345,28.096,18.881,28.667,29.053,29.583,23.401,3.92,17.959
"2008-12",-15.37,-3.303,-13.045,8.303,20.406,19.707,22.871,26.707,26.599,23.713,26.887,28.511,NA,18.369,23.389,9.46,2.379,10.816,1.169,15.245,20.678,28.832,29.363,26.203,29.469,21.71,27.323,27.588,-16.787,NA,NA,-3.125,5.067,NA,NA,17.104,21.621,27.555,28.96,29.603,23.728,25.177,16.175,17.241,-0.863,-2.155,-21.423,20.82,27.949,21.076,19.105,28.652,20.544,27.422,28.087,29.352,24.56,5.342,17.94
"2009-01",-20.104,-9.68,-26.733,7.476,18.107,18.303,22.02,26.315,25.741,25.51,26.04,28.96,NA,19.842,24.617,10.544,-0.031,9.739,4.575,14.281,19.819,28.827,30.129,24.906,28.023,22.772,27.701,28.079,-23.518,NA,NA,-5.247,6.717,NA,NA,14.63,19.937,26.833,28.006,30.068,24.876,26.168,17.744,19.359,1.235,-0.28,-28.014,19.841,28.159,22.37,18.096,29.111,22.262,26.486,27.336,29.056,25.831,6.781,17.992
"2009-02",-22.335,-8.601,-25.912,7.622,17.445,17.03,21.73,25.816,25.16,26.262,25.798,29.392,NA,20.419,25.6,11.657,-2.797,8.85,6.316,13.583,20.443,29.137,30.682,24.839,28.148,23.917,28.465,28.907,-22.79,NA,NA,-5.748,9.354,NA,NA,13.481,20.396,26.871,27.525,29.981,26.543,27.246,18.917,20.53,1.292,0.103,-27.773,19.287,28.248,22.994,17.556,29.454,23.406,26.5,26.951,29.109,26.676,7.553,18.212
"2009-03",-16.243,-7.794,-18.985,8.295,17.863,16.779,22.077,26.276,25.1,26.082,25.785,29.654,NA,20.117,26.252,11.48,-0.823,8.796,5.834,13.499,20.603,29.307,31.267,25.444,28.887,23.686,28.026,28.554,-20.129,NA,NA,-7.094,9.645,NA,NA,13.779,21.115,27.492,28.139,30.443,27.061,27.132,18.672,20.051,-0.483,-1.555,-22.971,19.258,28.5,22.87,17.456,29.699,23.369,26.919,27.439,29.461,26.851,7.31,18.386
"2009-04",-8.954,-5.931,-10.032,8.354,21.052,18.558,22.831,26.944,25.634,25.705,26.031,29.462,NA,18.58,24.399,9.475,1.111,9.111,9.911,13.696,20.586,28.252,31.456,27.686,30.304,23.351,27.565,28.143,-12.735,NA,NA,-2.764,14.511,NA,NA,15.459,25.423,29.236,29.414,29.812,26.537,25.611,17.776,18.74,-4.915,-6.856,-16.662,19.66,28.851,21.967,17.882,29.13,22.391,28.518,29.817,30.234,26.401,6.445,18.457
"2009-05",-3.887,-0.346,-2.591,9.448,24.443,20.8,24.522,27.538,26.121,25.076,26.451,28.985,NA,16.979,22.354,8.53,2.739,11.24,15.334,16.535,21.691,28.822,30.76,29.696,29.428,22.44,26.096,26.764,-3.583,NA,NA,0.363,19.264,NA,NA,18.242,28.46,29.678,30.163,29.044,25.702,24.734,16.347,17.338,-12.09,-15.372,-5.489,20.588,29.106,20.821,18.674,29.153,20.897,29.628,30.175,30.51,25.028,4.932,18.438
"2009-06",-0.275,2.722,0.475,12.407,28.282,23.47,26.252,27.882,26.846,24,26.946,27.968,NA,15.763,20.943,7.533,4.917,14.341,20.847,19.617,22.856,28.802,29.454,28.972,28.396,20.636,25.184,25.938,0.081,NA,NA,3.943,23.511,NA,NA,21.549,29.653,29.881,30.05,27.539,24.811,22.923,15.135,15.549,-13.609,-20.512,-0.751,22.024,28.907,19.629,20.189,28.491,19.501,29.519,29.789,29.968,23.824,3.433,18.307
"2009-07",1.254,3.897,3.25,14.538,30.195,25.663,27.675,28.162,27.681,23.555,27.529,27.269,NA,15.027,19.374,6.556,7.459,17.114,23.037,22.784,22.59,28.279,27.021,26.433,27.11,18.922,24.244,25.041,1.244,NA,NA,7.588,25.204,NA,NA,24.688,30.736,28.598,29.283,26.38,24.014,21.762,14.437,14.387,-14.348,-19.68,-0.454,23.527,28.415,18.742,21.75,27.518,18.394,27.786,29.163,29.194,22.863,2.768,18.245
"2009-08",2.028,4.65,3.841,14.782,29.982,26.425,28.235,28.454,28.076,23.407,28.025,26.803,NA,14.534,18.965,5.88,7.823,19.133,21.64,24.125,22.835,27.906,26.452,25.867,26.489,18.151,23.908,24.537,1.533,NA,NA,8.845,23.999,NA,NA,25.324,30.707,28.269,28.682,25.895,23.193,21.233,13.804,13.819,-13.257,-17.634,-0.243,24.363,28.026,18.261,22.979,26.961,17.774,27.006,28.867,28.705,22.267,2.548,18.235
"2009-09",0.969,4.42,2.53,14.931,29.675,26.07,28.084,28.733,28.262,23.8,28.152,26.714,NA,14.721,19.012,5.666,6.265,17.084,15.81,22.778,24.114,28.031,26.599,27.112,26.77,17.953,23.973,24.346,0.877,NA,NA,8.01,19.093,NA,NA,24.608,29.8,28.801,28.406,26.132,22.991,21.225,13.542,13.667,-11.73,-19.327,-1.305,24.465,27.987,18.159,22.925,26.733,17.595,27.268,28.941,28.828,22.078,2.541,18.132
"2009-10",-2.38,1.429,-0.689,12.791,25.933,23.945,26.755,28.306,28.008,23.796,28.194,27.101,NA,15.547,19.796,6.022,4.915,14.728,10.453,20.782,24.037,28.413,27.549,27.963,28.065,18.717,25.046,25.378,-1.877,NA,NA,5.5,14.791,NA,NA,21.986,28.858,29.454,28.799,27.076,22.877,21.882,13.894,14.042,-10.162,-14.357,-7.562,23.657,28.266,18.446,21.854,27.323,17.993,28.639,29.477,29.412,22.679,2.951,17.994
"2009-11",-9.531,-3.567,-5.193,11.178,20.808,21.363,24.373,27.436,27.286,24.182,27.963,27.654,NA,16.69,21.434,7.232,3.46,12.262,7.108,17.692,22.743,28.78,28.026,27.671,29.429,19.977,26.119,26.443,-11.795,NA,NA,1.983,10.257,NA,NA,19.32,25.573,28.949,29,28.159,23.127,23.226,14.9,15.236,-5.074,-7.132,-15.568,22.128,28.863,19.325,20.549,27.849,19.202,28.714,29.018,29.798,23.698,4.074,17.92
"2009-12",-15.059,-6.937,-11.747,9.367,18.25,19.162,22.266,26.404,26.328,25.146,26.964,28.531,NA,18.408,23.352,9.147,2.063,10.429,1.2,15.498,21.017,28.761,28.946,26.029,29.297,21.769,27.727,27.898,-18.414,NA,NA,-1.922,5.576,NA,NA,16.668,21.856,27.876,28.703,29.565,23.983,25.146,16.764,17.772,-1.28,-3.183,-20.382,20.676,29.154,20.904,19.323,28.663,20.804,27.501,28.343,29.597,25.273,5.443,18.088
"2010-01",-20.802,-8.481,-21.635,9.14,15.24,17.032,20.843,25.856,25.393,26.373,26.134,29.285,NA,20.053,24.308,10.935,0.058,9.804,3.629,14.251,20.096,28.889,30.019,25.026,28.634,23.013,28.799,29.074,-28.208,NA,NA,-8.751,7.286,NA,NA,14.292,19.545,27.073,28.055,30.087,25.058,26.36,18.101,19.391,1.14,-0.815,-27.241,19.493,29,22.349,18.253,29.288,22.272,26.573,27.67,29.429,26.495,6.731,18.064
"2010-02",-23.714,-7.985,-24.879,9.387,14.529,15.222,20.547,25.019,24.766,25.927,25.935,29.621,NA,20.355,25.665,11.128,-0.529,9.391,-2.808,13.717,20.017,29.298,30.677,25.167,28.62,23.326,28.286,29.073,-19.697,NA,NA,-12.147,2.032,NA,NA,13.456,19.349,27.2,28.097,30.042,25.973,26.896,18.834,20.066,1.398,-0.328,-24.896,19.039,28.439,23.176,17.575,29.574,23.278,26.514,27.577,29.418,27.171,7.492,18.272
"2010-03",-17.995,-7.684,-20.376,10.071,16.855,15.738,21.429,25.382,24.817,25.908,25.99,29.74,NA,20.156,25.949,11.158,-0.025,9.455,2.843,13.665,20.189,29.373,31.361,25.918,29.673,23.397,28.107,28.793,-20.704,NA,NA,-8.455,7.578,NA,NA,13.363,20.878,28.054,28.681,30.025,26.596,26.389,18.79,19.695,-0.623,-2.627,-24.832,19.041,28.094,23.112,17.5,29.68,23.371,26.786,28.651,29.894,26.779,7.265,18.286
"2010-04",-12.659,-4.644,-11.975,10.677,19.679,17.767,22.751,26.593,25.478,25.709,26.181,29.462,NA,19.041,24.66,10.299,1.059,11.247,10.441,15.425,20.7,28.938,31.346,27.423,30.463,22.584,27.519,28.237,-10.26,NA,NA,-2.586,13.437,NA,NA,14.725,23.819,29.344,29.59,29.546,26.171,25.008,17.651,18.34,-5.662,-9.425,-14.1,19.567,28.327,22.329,17.816,29.476,22.373,27.916,30.209,30.543,26.18,6.263,18.433
"2010-05",-3.389,1.411,-2.096,12.026,22.735,20.204,24.276,27.467,26.49,24.064,26.709,28.559,NA,17.04,22.774,8.716,3.196,13.291,15.402,17.609,21.15,28.392,30.895,29.287,29.71,21.02,26.218,26.815,-3.511,NA,NA,0.685,18.508,NA,NA,17.669,27.216,30.242,30.186,28.763,25.589,23.972,16.407,16.909,-10.644,-14.7,-4.239,20.604,28.459,21.137,18.701,28.795,20.688,29.26,30.989,30.641,24.987,4.891,18.455
"2010-06",-0.222,3.207,1.167,14.305,27.691,23.555,26.244,27.718,27.535,22.365,27.09,27.582,NA,15.392,21.119,7.527,5.566,15.475,22.032,21.162,21.544,28.236,29.493,28.599,28.232,19.455,24.925,25.551,0.176,NA,NA,3.71,23.17,NA,NA,21.026,29.476,30.368,30.095,27.487,24.302,22.529,15.055,15.379,-12.892,-20.78,-0.734,22.218,27.904,19.898,20.163,28.084,19.336,29.1,30.179,29.85,23.598,3.349,18.245
"2010-07",1.288,4.763,3.118,15.705,30.285,25.579,27.579,28.004,28.06,22.255,27.491,26.486,NA,14.826,20.121,6.819,7.242,18.617,23.589,24.276,22.609,27.782,27.864,26.086,26.722,18.409,24.014,24.704,1.858,NA,NA,6.197,25.504,NA,NA,24.094,30.601,29.23,29.838,26.944,23.43,21.453,13.977,14.125,-14.678,-21.123,-0.403,23.536,27.318,18.981,21.706,27.102,18.151,27.299,29.643,28.908,22.492,2.535,18.096
"2010-08",2.178,5.217,3.847,15.675,30.484,26.396,28.281,28.092,28.299,21.603,27.868,25.905,NA,13.959,19.3,6.327,8.092,19.183,21.489,25.526,22.959,27.497,27.188,26.358,26.2,17.6,23.881,24.404,1.826,NA,NA,9.522,23.694,NA,NA,25.215,30.701,28.345,29.328,26.384,22.865,20.967,13.618,13.576,-15.566,-24.408,-0.215,24.399,26.772,18.341,22.575,26.525,17.475,26.769,29.239,28.458,21.9,2.263,17.979
"2010-09",0.71,4.374,3.293,15.694,29.018,25.56,27.98,28.045,28.39,21.803,27.905,25.976,NA,14.312,19.599,6.355,7.132,17.137,16.484,23.511,23.078,27.872,27.15,27.302,26.353,17.46,24.385,24.717,1.1,NA,NA,8.437,19.363,NA,NA,24.37,30.017,28.581,29.441,26.778,22.32,21.413,13.53,13.677,-12.999,-19.641,-1.969,24.446,26.567,18.124,22.473,26.471,17.317,27.229,29.311,28.661,21.91,2.326,17.917
"2010-10",-1.613,1.7,1.135,12.898,26.62,23.781,26.612,27.914,27.929,22.475,27.808,26.762,NA,15.459,20.059,6.885,5.593,14.18,11.98,20.291,23.006,28.31,27.977,28.416,27.288,18.658,25.358,25.515,-3.478,NA,NA,4.738,15.817,NA,NA,22.228,28.789,29.235,29.417,27.733,22.223,22.235,13.665,14.263,-10.623,-14.575,-8.432,23.586,27.082,18.526,21.634,27.212,17.767,28.402,29.489,29.255,22.558,2.728,17.824
"2010-11",-7.177,-1.592,-4.326,11.49,22.89,20.699,24.711,27.233,27.362,22.65,27.227,27.143,NA,16.833,20.965,8.407,3.715,11.58,4.89,17.049,21.847,28.271,27.993,27.807,29.021,19.879,26.283,26.789,-14.422,NA,NA,0.899,9.984,NA,NA,19.688,25.693,28.402,29.197,28.835,22.498,23.376,14.494,15.722,-5.343,-7.274,-17.431,22.318,27.617,19.43,20.376,27.584,18.873,28.399,28.456,29.445,23.774,4.195,17.801
"2010-12",-15.852,-8.278,-14.695,9.387,20.621,19.12,23.649,26.457,26.415,23.634,26.587,28.137,NA,18.297,22.792,9.872,2.091,10.095,1.079,14.736,20.537,28.394,28.581,26.052,29.274,21.456,27.352,27.669,-18.728,NA,NA,-2.494,5.009,NA,NA,16.838,22.139,27.249,28.784,29.291,23.844,24.318,16.702,17.576,-1.373,-2.538,-25.134,20.959,27.939,20.9,19.174,28.106,20.681,27.337,27.523,28.967,25.028,5.598,17.848
"2011-01",-20.309,-10.381,-25.851,9.207,17.946,17.43,22.147,25.599,25.447,25.156,26.256,28.853,NA,20.086,24.418,11.705,0.752,8.881,-1.811,13.284,19.416,28.207,29.376,24.884,27.985,22.959,27.65,28.156,-23.98,NA,NA,-7.619,2.947,NA,NA,14.231,19.643,26.6,28.393,30.134,25.013,26.078,19.056,19.816,0.569,-1.147,-25.336,19.827,28.088,22.434,18.029,28.6,22.382,26.21,27.525,28.946,26.39,7.075,18.089
"2011-02",-15.932,-8.323,-23.527,9.959,16.991,16.087,21.527,25.535,25.059,26.3,25.833,29.222,NA,20.287,25.713,12.125,0.163,8.282,-0.088,12.883,19.176,28.322,30.26,24.517,27.631,23.633,27.915,28.474,-27.123,NA,NA,-9.76,5.588,NA,NA,12.304,20.155,26.562,28.009,29.888,25.731,26.813,19.861,20.777,0.87,-0.81,-25.895,19.209,28.31,23.087,17.654,29.057,23.324,25.83,27.605,28.95,27.069,7.776,18.287
"2011-03",-18.784,-8.327,-19.402,10.138,17.678,16.414,21.707,25.81,25.025,26.548,25.822,29.262,NA,19.798,25.67,11.575,-0.022,8.967,6.871,13.324,19.175,28.124,31.151,25.502,28.987,23.934,28.238,28.901,-18.045,NA,NA,-6.716,9.684,NA,NA,12.61,21.25,27.802,28.648,30.161,25.959,26.545,19.186,20.04,-0.818,-3.136,-24.625,19.103,28.647,22.962,17.402,28.989,23.434,26.705,28.642,29.964,27.167,7.518,18.389
"2011-04",-13.171,-4.203,-11.353,10.78,20.21,17.808,22.939,27.085,25.615,26.777,25.922,29.15,NA,18.895,24.446,10.457,1.005,9.741,10.89,14.538,19.952,27.749,31.338,27.041,29.407,23.059,27.276,27.842,-12.513,NA,NA,-2.099,13.843,NA,NA,14.338,23.939,29.28,29.48,30.058,26.125,25.853,17.888,18.704,-5.162,-11.612,-18.617,19.618,29.269,22.277,17.728,28.856,22.339,27.811,30.476,30.515,26.341,6.464,18.427
"2011-05",-3.485,0.323,-2.67,12.205,23.746,20.124,24.685,27.388,26.049,26.17,26.068,28.665,NA,17.138,22.836,9.063,3.231,12.345,17.691,17.015,21.099,28.062,30.84,29.165,29.128,21.339,25.775,26.704,-5.555,NA,NA,0.771,20.283,NA,NA,17.38,27.682,29.979,30.303,29.279,25.691,24.439,16.578,16.919,-10.895,-16.96,-5.982,20.618,29.577,21.129,18.701,28.671,20.719,29.078,31.227,30.481,25.131,4.915,18.492
"2011-06",0.049,2.441,1.232,13.572,28.645,23.505,26.742,28.154,27.045,25.387,26.647,27.729,NA,15.513,20.94,7.784,6.021,15.961,22.15,20.554,21.853,28.309,29.809,28.439,28.127,20.2,24.754,25.654,0.225,NA,NA,4.195,24.598,NA,NA,21.017,30.082,30.431,30.299,27.701,24.083,23.047,15.279,15.512,-14.768,-19.823,-1.036,22.159,29.394,19.851,20.196,27.98,19.339,28.815,30.086,29.719,23.771,3.459,18.386
"2011-07",2.075,5.211,2.791,15.722,30.724,25.643,28.201,28.366,27.942,24.489,27.491,26.664,NA,14.644,19.774,7.07,7.263,17.667,24.845,23.487,22.4,27.868,28.082,27.29,27.125,18.84,24.121,24.777,1.792,NA,NA,7.885,26.444,NA,NA,23.299,30.824,28.969,29.733,26.612,23.383,22.008,14.413,14.628,-17.127,-20.375,-0.434,23.668,29.038,18.826,21.755,27.178,18.27,27.77,29.458,29.117,22.858,2.322,18.248
"2011-08",2.791,6.244,3.748,16.095,30.933,26.611,29.014,28.635,28.304,24.046,28.001,26.452,NA,14.42,19.48,6.495,7.614,18.523,22.7,24.494,22.913,27.835,27.111,27.439,26.801,18.198,24.002,24.442,1.396,NA,NA,9.966,24.604,NA,NA,25.129,30.577,28.22,29.069,26.154,22.497,21.488,13.861,14.093,-15.222,-22.621,-0.436,24.374,28.836,18.255,22.642,26.851,17.675,27.394,28.953,28.903,22.224,2.07,18.201
"2011-09",1.164,4.877,2.812,15.133,29.355,25.324,28.458,28.684,28.161,24.059,28.034,26.572,NA,14.533,19.646,6.444,6.736,16.941,16.508,23.241,23.42,28.312,27.536,28.156,27.077,18.188,24.448,24.612,0.384,NA,NA,8.408,20.072,NA,NA,24.924,30.585,29.008,28.99,26.41,22.115,21.654,13.846,14.057,-13.656,-17.395,-2.822,24.384,28.847,18.166,22.677,27.041,17.479,27.97,29.233,28.97,22.08,2.45,18.19
"2011-10",-1.477,2.14,0.93,13.626,25.726,23.206,27.186,28.442,27.937,24.324,27.978,27.032,NA,15.735,20.183,7.015,5.547,14.215,10.078,20.401,23.071,28.473,27.775,28.807,28.081,18.782,25.269,25.364,-4.863,NA,NA,5.199,14.021,NA,NA,22.442,28.644,30.101,29.071,27.091,21.934,22.232,14.112,14.276,-10.823,-14.581,-9.663,23.577,29.056,18.542,21.591,27.389,17.871,29.404,30.349,29.349,22.634,2.96,18.026
"2011-11",-6.569,-3.166,-3.511,10.995,23.158,21.235,25.085,27.922,27.206,24.663,27.476,27.815,NA,17.117,21.69,8.52,4.202,11.962,5.706,17.542,22.765,28.896,29.001,28.26,29.459,20.525,27.044,26.96,-16.767,NA,NA,1.383,9.971,NA,NA,19.777,25.578,29.445,29.267,28.246,22.195,23.467,15.27,15.517,-5.422,-7.159,-20.291,22.083,29.4,19.479,20.394,28.286,19.273,28.987,29.907,29.753,23.721,4.13,17.954
"2011-12",-14.015,-5.779,-11.068,10.049,17.346,18.777,22.606,26.522,26.136,25.645,26.806,28.578,NA,18.864,23.37,9.991,2.075,10.47,4.631,15.528,21.255,29.34,29.783,27,30.106,22.139,27.96,28.465,-23.681,NA,NA,-5.363,8.285,NA,NA,17.007,22.842,28.237,28.782,29.554,22.836,25.736,16.655,17.784,-1.201,-2.185,-24.815,20.713,29.768,20.909,19.244,28.932,21.018,28.257,28.277,29.707,25.567,5.616,18.118
"2012-01",-17.722,-6.425,-19.805,10.078,15.622,16.416,21.749,25.746,25.31,26.53,26.257,29.299,NA,20.719,24.644,12.736,0.4,9.686,2.982,14.247,20.254,29.459,30.774,26.066,29.267,23.446,28.835,29.47,-24.06,NA,NA,-13.449,6.631,NA,NA,14.598,20.616,27.179,28.294,30.016,24.289,26.497,18.113,19.414,1.109,-0.512,-24.506,19.638,29.553,22.304,18.449,29.521,22.543,27.329,27.232,29.483,26.822,7.009,18.346
"2012-02",-20.463,-7.651,-23.328,10.23,15.75,15.227,21.742,25.213,24.825,26.209,26.118,29.617,NA,21.124,26.339,11.701,-0.5,9.393,5.476,13.775,20.109,29.343,31.079,25.951,29.247,24.151,29.336,29.443,-20.451,NA,NA,-10.7,8.609,NA,NA,13.026,20.639,27.107,27.735,29.666,24.901,27.402,19.72,20.948,1.183,-0.231,-25.667,19.043,28.871,23.116,17.952,29.725,23.728,27.068,26.837,29.366,27.536,7.745,18.468
"2012-03",-17.811,-4.068,-17.574,10.435,15.853,15.482,21.562,25.803,24.993,26.4,26.054,29.855,NA,20.258,25.743,10.928,-1.402,9.474,7.456,14.153,20.408,29.465,31.541,26.767,29.895,23.434,28.582,29.258,-17.393,NA,NA,-7.046,10.022,NA,NA,13.28,21.223,27.651,28.261,30.076,25.491,27.108,19.466,20.601,-0.524,-1.817,-22.421,19.061,28.497,22.993,17.787,29.876,23.514,27.354,27.481,29.818,27.264,7.401,18.506
"2012-04",-9.712,-3.493,-10.171,10.86,18.977,17.264,22.545,26.794,25.514,25.794,26.328,29.541,NA,18.966,24.484,10.23,1.295,9.887,8.335,14.748,20.395,28.68,31.898,28.049,31.053,22.918,28.246,28.969,-13.516,NA,NA,-2.927,13.146,NA,NA,15.118,24.383,29.147,29.491,29.796,25.628,26.024,18.217,18.893,-5.541,-7.984,-17.093,19.574,28.775,22.242,17.975,29.436,22.478,28.337,29.468,30.571,26.497,6.424,18.502
"2012-05",-3.662,1.125,-2.153,12.408,23.663,20.335,24.638,27.505,26.329,24.472,26.526,28.799,NA,17.554,22.963,9.276,2.82,12.045,17.24,17.177,21.39,28.296,31.228,29.556,30.224,21.877,26.891,27.429,-4.583,NA,NA,0.651,19.617,NA,NA,18.183,28.136,30.071,30.349,28.714,25.471,24.34,17.01,16.958,-12.047,-17.59,-5.835,20.566,28.872,20.964,18.861,29.053,20.964,29.366,31.005,30.824,25.262,4.947,18.478
"2012-06",-0.033,3.24,1.161,14.183,27.258,23.419,26.567,27.939,27.233,22.796,27.07,27.373,NA,15.768,21.251,7.963,5.308,15.928,19.815,21.45,22.035,28.102,29.664,28.68,28.118,20.338,24.97,25.841,0.239,NA,NA,4.361,22.734,NA,NA,21.723,30.219,30.005,30.378,27.766,24.643,23.111,15.69,15.754,-14.385,-20.943,-0.807,22.117,28.352,19.76,20.343,28.273,19.529,28.983,30.434,30.277,24.03,3.468,18.358
"2012-07",1.314,5.101,3.521,15.932,30.156,26.086,28.257,27.939,27.995,22.243,27.679,26.549,NA,14.625,20.008,7.07,6.547,18.51,22.135,24.351,23.043,27.941,27.797,26.954,26.863,18.865,24.151,24.86,1.566,NA,NA,7.587,24.506,NA,NA,24.341,31.606,29.466,29.771,26.722,24.046,22.052,14.822,14.855,-16.431,-22.809,-0.081,23.456,27.674,18.734,22.017,27.203,18.399,28.207,29.967,29.824,23.156,2.497,18.191
"2012-08",1.73,5.085,4.362,15.785,30.682,26.474,28.676,28.42,28.559,22.009,28.334,26.144,NA,14.058,18.928,6.389,7.762,20.176,20.972,24.684,23.431,27.623,26.496,26.028,26.475,17.996,23.774,24.52,1.157,NA,NA,9.152,23.824,NA,NA,25.68,31.152,28.91,29.327,26.239,23.232,21.408,14.124,14.257,-14.675,-23.797,-0.136,24.266,27.212,18.181,23.06,26.504,17.699,27.339,29.551,29.317,22.581,2.346,18.13
"2012-09",0.647,4.523,3.487,15.262,28.498,25.809,27.963,28.268,28.608,22.366,28.28,26.018,NA,14.274,19.032,6.009,7.354,19.52,15.496,23.588,23.892,27.527,26.409,26.519,26.551,17.909,23.817,24.348,-0.283,NA,NA,8.558,19.461,NA,NA,24.868,30.793,29.316,29.752,26.935,22.976,21.387,13.918,14.048,-13.549,-15.129,-1.228,24.306,27.105,18.144,23.051,26.408,17.502,27.39,29.913,29.111,22.438,2.551,18.132
"2012-10",-3.473,3.2,0.42,12.676,26.346,23.742,26.591,27.919,28.172,23.158,28.222,26.597,NA,15.417,19.714,6.699,5.846,15.717,11.181,20.659,24.443,28.192,27.033,27.86,27.631,18.53,24.792,25.238,-6.784,NA,NA,5.251,15.11,NA,NA,22.151,28.784,30.117,29.69,27.811,23.038,21.972,14.008,14.357,-9.216,-13.219,-8.529,23.622,27.495,18.591,22.026,26.924,17.864,28.675,30.371,29.452,22.797,3.205,18
"2012-11",-9.148,-0.026,-3.209,9.915,23.848,21.318,25.411,27.516,27.503,23.209,27.771,27.394,NA,16.778,21.481,7.902,3.168,13.022,5.812,17.857,23.616,28.626,28.112,27.639,29.258,20.098,25.99,26.647,-16.408,NA,NA,1.927,10.285,NA,NA,19.251,25.818,28.958,29.195,28.779,23.346,23.295,15.048,15.623,-5.257,-7.886,-19.582,22.363,27.823,19.648,20.784,27.703,18.999,28.64,28.98,29.772,23.787,4.163,17.872
"2012-12",-16.317,-5.552,-12.268,8.17,21.966,19.03,23.977,26.759,26.589,23.809,26.877,28.271,NA,18.524,23.341,9.801,1.517,11.39,4.304,16.066,22.006,28.599,28.863,26.413,29.719,21.715,26.951,27.649,-21.16,NA,NA,-2.064,8.165,NA,NA,16.555,23.001,27.726,28.726,29.925,24.621,24.734,16.69,17.834,-1.311,-3.295,-24.63,20.999,28.133,21.243,19.397,28.332,20.846,27.836,27.721,29.657,25.246,5.683,18.044
"2013-01",-21.385,-8.888,-25.548,6.796,20.761,18.652,22.74,26.459,25.838,25.203,26.263,28.878,NA,19.741,25.263,11.132,0.254,10.089,1.288,14.555,20.452,28.402,29.679,25.145,28.434,23.117,27.991,28.406,-21.331,NA,NA,-3.429,4.9,NA,NA,14.384,20.475,27.117,28.072,30.261,26.03,25.892,18.39,19.2,0.899,-1.142,-27.24,19.949,28.357,22.736,18.243,28.852,22.732,27.063,27.182,29.337,26.301,7.09,18.257
"2013-02",-23.465,-9.841,-25.835,7.447,17.626,17.385,21.711,25.942,25.135,26.599,25.994,29.291,NA,20.302,26.149,12.033,-1.72,9.789,3.898,13.929,19.941,28.649,30.828,24.894,28.357,23.834,28.223,28.747,-24.374,NA,NA,-6.101,7.163,NA,NA,13.155,20.208,27.016,27.768,30.395,27.385,27.288,19.108,20.324,1.094,-0.757,-29.994,19.404,28.475,23.302,17.427,29.407,23.639,26.736,27.016,29.584,27.274,7.828,18.334
"2013-03",-18.932,-5.969,-17.83,8.255,18.64,17.419,21.651,26.146,25.205,26.056,26.066,29.662,NA,19.869,25.979,11.591,-2.231,9.827,3.49,13.866,20.759,29.247,31.354,25.437,29.338,23.5,28.618,28.608,-20.113,NA,NA,-6.509,7.824,NA,NA,13.039,21.473,27.744,28.577,30.62,27.498,26.699,18.904,19.756,-0.95,-3.086,-25.467,19.335,28.805,23.094,17.52,29.661,23.666,27.081,27.995,30.021,27.325,7.548,18.504
"2013-04",-9.736,-3.363,-11.425,9.424,20.837,18.506,22.83,27.308,25.829,26.544,26.147,29.528,NA,18.816,24.407,10.065,0.89,11.587,12.061,15.49,21.367,28.951,31.417,27.422,30.645,22.739,27.918,28.543,-12.116,NA,NA,-2.672,15.33,NA,NA,14.497,24.471,29.066,29.474,30.317,26.549,25.406,18.032,18.443,-5.716,-10.815,-16.693,19.679,29.48,22.422,18.143,29.463,22.645,28.207,29.935,30.815,26.704,6.574,18.665
"2013-05",-3.49,0.201,-3.281,11.61,24.907,20.978,24.98,28.17,26.621,26.337,26.654,28.788,NA,17.113,22.314,8.648,3.225,12.651,15.578,17.841,21.717,28.794,30.996,29.567,29.975,21.412,26.453,27.411,-2.69,NA,NA,0.609,19.372,NA,NA,17.435,28.029,29.985,30.316,28.925,25.739,23.571,16.822,16.864,-11.621,-14.867,-5.657,20.864,29.715,21.148,18.86,29.07,20.923,29.705,31.022,31.028,25.481,5.034,18.687
"2013-06",0.351,3.677,1.099,13.491,28.466,23.493,26.506,28.468,27.473,25.338,27.268,27.861,NA,15.611,20.594,7.644,6.303,16.71,21.864,21.391,22.67,28.61,29.735,28.976,28.571,19.9,24.824,25.992,0.52,NA,NA,3.574,24.406,NA,NA,20.567,30.647,30.17,30.71,27.742,24.834,22.441,15.298,15.495,-13.991,-20.264,-0.756,22.344,29.579,19.887,20.333,28.445,19.604,29.79,30.606,30.473,24.113,3.492,18.564
"2013-07",2.061,5.181,3.311,14.978,31.052,26.267,27.617,28.854,28.443,24.693,28.139,27.155,NA,14.603,19.574,6.82,7.447,18.731,22.902,23.918,23.954,28.499,27.636,27.217,27.285,18.575,24.235,25.126,1.311,NA,NA,6.792,25.273,NA,NA,23.683,30.794,29.346,30.099,26.923,23.629,21.489,14.336,14.42,-15.06,-19.782,-0.661,23.693,29.3,18.891,22.033,27.556,18.563,28.075,29.707,29.546,22.989,2.659,18.448
"2013-08",2.527,6.101,3.506,14.934,31.831,26.607,28.823,29.194,28.91,24.343,28.574,26.777,NA,14.327,19.413,6.256,8.38,17.944,22.674,23.515,23.913,28.274,26.592,27.3,26.963,17.806,24.127,24.773,2.078,NA,NA,9.322,24.667,NA,NA,25.655,30.375,28.721,29.424,26.35,23.025,21.134,13.803,14.056,-14.298,-20.675,-0.501,24.584,29.007,18.328,23.154,26.903,17.95,27.513,29.145,29.052,22.381,2.095,18.374
"2013-09",0.741,5.539,2.136,15.58,29.614,26.08,28.452,29.244,28.878,24.476,28.571,26.943,NA,14.84,19.447,6.267,7.128,17.419,18.109,23.166,24.397,28.417,26.273,28.137,26.9,17.677,24.54,24.806,1.89,NA,NA,8.508,20.78,NA,NA,25.11,29.858,29.288,29.394,26.61,22.496,21.362,13.764,14.061,-13.978,-18.069,-1.603,24.778,28.938,18.176,23.026,26.951,17.842,28.242,29.53,29.322,22.35,2.22,18.348
"2013-10",-2.585,3.27,0.067,13.414,25.932,23.73,27.084,29.025,28.476,25.128,28.482,27.299,NA,16.012,19.897,6.923,5.745,15.124,11.902,20.462,24.194,28.823,27.136,29.097,28.152,18.358,24.926,25.377,0.039,NA,NA,5.199,15.361,NA,NA,22.279,28.581,30.214,29.3,27.318,22.571,21.852,14.073,14.611,-8.955,-15.185,-6.194,23.847,29.336,18.536,21.96,27.44,18.308,29.359,30.096,29.772,22.891,3.125,18.321
"2013-11",-7.778,-1.326,-4.025,11.525,22.807,20.972,25.841,28.108,27.634,25.449,28.217,28.019,NA,17.387,21.427,7.882,4.063,12.574,8.387,17.842,22.767,29.193,27.883,28.255,29.738,19.719,26.223,27.061,-7.093,NA,NA,1.721,12.009,NA,NA,19.502,26.427,29.387,29.325,28.565,23.103,23.549,15.564,16.116,-4.922,-8.335,-15.701,22.41,29.929,19.393,20.6,28.097,19.481,29.319,29.28,30.11,24.177,4.193,18.265
"2013-12",-15.395,-4.239,-9.88,10.221,19.608,18.99,23.78,27.476,26.735,26.307,27.584,28.771,NA,18.85,23.192,9.764,0.665,11.076,3.222,15.26,21.03,29.77,29.22,26.765,29.678,21.449,27.448,28.352,-18.77,NA,NA,-1.654,6.898,NA,NA,16.4,22.485,28.012,28.847,29.635,23.85,24.797,16.453,17.468,-0.73,-2.697,-23.104,20.922,30.097,20.835,19.57,28.958,20.996,28.012,28.38,29.864,25.593,5.608,18.277
"2014-01",-15.02,-7.058,-18.092,9.84,15.678,16.513,22.327,26.834,25.877,26.898,26.915,29.524,NA,20.02,24.541,11.393,-1.534,9.51,2.177,14.249,20.081,28.946,29.945,25.311,28.343,22.925,28.149,29.089,-24.224,NA,NA,-7.302,6.848,NA,NA,14.325,20.663,27.236,28.297,30.091,25.556,26.207,18.143,19.058,1.248,-1.013,-25.523,19.877,29.824,22.406,18.687,29.359,22.445,26.906,27.43,29.49,26.969,6.977,18.448
"2014-02",-17.608,-10.353,-26.22,10.033,15.602,15.419,21.555,26.358,25.347,26.852,26.696,30.018,NA,20.254,25.35,11.69,-0.387,8.877,-4.351,13.602,19.975,29.089,30.837,25.18,28.751,23.465,28.558,29.517,-26.395,NA,NA,-10.47,1.313,NA,NA,13.362,19.647,27.269,28.583,30.521,25.827,26.716,18.68,19.762,1.446,-0.663,-28.54,19.293,29.518,23.343,18.095,29.725,23.687,26.745,27.54,29.552,27.31,7.684,18.491
"2014-03",-16.306,-6.069,-18.149,10.547,17.175,15.845,21.951,26.182,25.499,26.355,26.764,30.13,NA,19.629,26.052,10.752,-0.486,9.326,3.108,13.741,19.886,29.112,31.521,26.163,30.112,23.352,28.764,29.68,-20.579,NA,NA,-7.886,8.322,NA,NA,13.304,21.75,28.178,28.82,30.374,26.034,26.715,18.332,19.743,-0.447,-3.37,-25.825,19.197,28.973,23.254,17.952,29.822,23.704,27.275,28.489,30.166,27.18,7.418,18.552
"2014-04",-10.3,-4.021,-9.789,11.071,19.965,17.75,23.37,26.92,25.96,25.583,26.78,29.764,NA,18.385,24.618,9.589,1.302,11.421,13.4,16.049,20.017,28.435,31.793,27.726,30.826,22.544,27.807,28.386,-12.941,NA,NA,-2.166,16.077,NA,NA,14.695,24.906,29.725,29.751,30.22,26.727,25.844,17.679,18.467,-4.227,-8.438,-17.31,19.674,28.74,22.318,18.107,29.525,22.533,28.594,30.341,30.785,26.462,6.549,18.591
"2014-05",-1.776,1.825,-2.804,13.227,23.91,20.656,25.204,27.87,26.729,24.337,26.902,28.851,NA,17.332,22.897,8.895,4.323,12.881,13.309,17.281,20.765,27.738,30.741,29.563,29.826,21.002,26.698,27.055,-4.014,NA,NA,0.221,17.496,NA,NA,17.764,27.842,30.24,30.634,29.573,25.759,24.886,16.684,17.286,-9.069,-15.674,-4.016,20.883,28.694,21.084,18.979,28.87,20.906,29.608,31.227,30.843,25.382,5.137,18.674
"2014-06",0.458,4.033,0.38,14.368,28.691,24.477,26.88,28.254,27.781,23.045,27.206,28.162,NA,15.825,21.461,7.73,7.237,16.78,20.622,21.177,21.534,27.803,29.273,28.113,27.97,19.357,25.066,25.639,0.171,NA,NA,3.225,23.26,NA,NA,21.181,29.981,29.706,30.823,28.407,24.438,23.529,15.363,15.883,-13.578,-20.184,-0.635,22.339,28.086,19.799,20.436,28.111,19.531,28.95,30.203,30.146,24.004,3.604,18.431
"2014-07",2.235,6.259,2.589,15.392,31.266,25.837,28.251,28.138,28.22,21.951,27.674,27.197,NA,14.63,20.17,6.892,8.222,18.962,22.485,23.71,22.614,27.744,27.939,26.378,26.413,18.156,23.872,24.51,1.639,NA,NA,6.793,24.628,NA,NA,24.2,30.182,29.121,30.244,27.252,23.66,22.318,14.389,14.852,-15.222,-22.849,-0.153,23.659,27.186,18.86,21.854,27.194,18.462,27.314,29.722,29.122,23.065,2.844,18.232
"2014-08",2.75,6.832,3.238,16.513,30.972,26.353,28.567,28.203,28.474,21.888,28.201,26.57,NA,14.244,19.258,6.438,8.3,18.76,21.743,23.957,23.482,27.634,27.226,25.761,25.888,17.814,23.724,24.086,1.673,NA,NA,9.113,24.143,NA,NA,25.317,30.46,28.278,29.697,26.866,23.036,21.553,13.834,14.189,-14.949,-21.391,0.298,24.659,26.429,18.297,22.732,26.736,17.801,26.233,28.819,28.56,22.461,2.214,18.101
"2014-09",1.24,5.466,2.777,15.898,30.02,26.283,28.294,28.419,28.609,22.377,28.369,26.49,NA,14.697,19.371,6.416,7.017,17.532,15.83,23.113,24.16,28.059,27.288,27.235,26.462,17.894,24.108,24.366,0.907,NA,NA,8.411,19.279,NA,NA,24.563,30.087,29.144,29.783,27.076,22.753,21.42,13.66,14.039,-12.897,-19.554,-0.471,24.508,26.482,18.166,22.546,26.869,17.613,26.996,29.261,28.797,22.299,2.557,18.081
"2014-10",-2.204,2.899,0.609,13.259,28.142,24.62,26.913,28.023,28.041,22.348,28.153,27.106,NA,15.306,20.371,6.914,5.806,15.656,10.762,20.656,23.864,28.688,27.724,28.341,27.749,18.626,25.153,25.237,-0.673,NA,NA,5.886,14.456,NA,NA,21.923,28.685,29.781,29.96,28.372,22.751,22.314,14.182,14.678,-9.636,-15.847,-4.507,23.672,27.03,18.503,21.657,27.388,17.967,28.434,29.57,29.358,22.739,2.969,18.037
"2014-11",-8.185,-0.175,-3.854,10.31,24.069,22.687,24.961,27.607,27.391,23.026,27.519,27.86,NA,16.774,21.74,8.316,4.401,12.567,4.357,18.002,22.337,28.804,28.596,27.962,29.37,19.942,26.494,26.621,-8.432,NA,NA,2.109,9.296,NA,NA,19.283,25.754,28.883,29.433,29.075,23.868,23.542,15.36,16.341,-4.677,-8.106,-11.861,22.407,27.381,19.424,20.275,27.893,19.109,28.46,28.819,29.773,23.792,4.204,18.032
"2014-12",-12.761,-5.527,-11.197,8.972,20.504,19.61,22.712,26.61,26.416,23.74,26.829,28.352,NA,18.414,23.455,10.101,2.943,10.81,-2.024,15.825,20.84,28.537,28.608,26.631,29.618,21.346,27.518,28.046,-21.094,NA,NA,-0.48,5.438,NA,NA,16.701,22.497,27.734,28.869,29.828,24.707,25.108,16.4,18.433,-0.882,-2.86,-23.299,20.982,27.546,21,19.146,28.135,20.966,27.661,27.811,29.57,25.257,5.607,18.005
"2015-01",-20.877,-15.147,-22.77,9.211,18.54,18.027,21.764,25.417,25.598,25.012,26.455,28.939,NA,19.364,25.747,11.396,0.298,9.923,0.101,14.135,19.712,28.509,28.954,24.972,27.746,22.626,27.893,28.8,-24.539,NA,NA,-3.478,5.442,NA,NA,14.482,19.878,26.674,28.348,30.688,26.281,26.418,17.892,19.564,1.382,-0.363,-27.679,19.78,27.812,22.418,18.324,28.463,22.953,26.51,26.978,29.054,26.597,7.057,18.113
"2015-02",-22.494,-10.249,-23.697,8.926,18.906,17.522,21.74,25.681,25.311,25.865,26.32,29.465,NA,19.724,26.568,11.82,-1.571,9.876,4.377,13.733,19.667,28.533,29.919,25.076,27.877,23.154,28.022,28.8,-25.747,NA,NA,-5.591,8.529,NA,NA,13.339,20.465,26.261,27.484,30.6,27.948,27.106,18.971,20.349,1.523,0.188,-31.451,19.216,28.032,23.166,17.804,29.176,23.905,26.479,25.863,28.638,27.058,7.834,18.223
"2015-03",-15.167,-9.148,-20.813,8.739,19.76,17.758,22.245,26.444,25.44,26.074,26.349,29.463,NA,19.331,26.222,10.878,-0.176,9.62,5.178,14.105,19.848,28.451,31.047,26.279,29.225,22.803,27.924,28.897,-19.875,NA,NA,-3.534,10.454,NA,NA,13.755,22.59,27.458,27.864,30.468,28.174,26.916,19.054,20.215,-0.364,-1.427,-25.629,19.136,28.505,23.118,17.673,29.207,23.704,27.331,26.979,29.213,27.085,7.585,18.452
"2015-04",-8.237,-7.292,-6.984,9.269,20.839,18.845,22.867,27.117,25.759,25.891,26.427,29.627,NA,18.06,24.509,9.515,1.993,10.736,11.137,15.376,21.24,27.749,31.03,28.414,30.214,21.885,27.222,28.309,-13.091,NA,NA,-3.046,15.646,NA,NA,15.322,26.119,29.297,29.146,30.356,27.562,25.716,18.181,18.914,-5.156,-8.986,-15.302,19.461,29.133,22.299,18.173,29.03,22.513,29.155,29.652,30.289,26.646,6.64,18.622
"2015-05",-3.414,-0.472,-2.617,11.722,23.761,20.467,24.319,27.486,26.199,25.376,26.739,29.057,NA,16.713,22.965,8.465,3.358,12.229,17.618,17.93,21.609,28.241,30.494,30.213,29.664,20.647,26.168,27.213,-2.944,NA,NA,0.542,20,NA,NA,18.091,28.899,29.713,30.087,28.99,26.982,24.052,17.215,17.35,-10.177,-16.443,-4.283,20.452,29.372,21.017,18.937,28.829,21.007,29.984,29.746,30.668,25.546,5.024,18.59
"2015-06",0.035,3.11,0.628,13.917,28.208,23.599,26.59,28.103,27.111,25.122,27.162,28.25,NA,15.58,21.55,7.569,5.256,15.28,21.034,21.162,21.961,28.369,28.947,28.471,28.191,19.579,24.896,25.753,0.745,NA,NA,3.28,23.756,NA,NA,21.605,30.357,30.334,30.468,27.698,25.446,22.343,15.675,15.458,-13.761,-21.534,-0.498,22.05,29.275,19.846,20.4,28.386,19.624,29.153,30.575,30.081,24.152,3.484,18.461
"2015-07",1.703,4.801,3.373,15.048,30.553,25.453,28.268,28.399,27.816,24.58,27.623,27.412,NA,14.92,20.048,6.832,7.119,17.894,25.271,23.35,22.585,28.181,27.465,27.82,27.136,18.511,23.873,24.638,1.507,NA,NA,6.856,26.835,NA,NA,24.109,31.164,29.517,29.765,26.751,24.105,21.426,14.635,14.572,-14.698,-20.961,-0.393,23.484,29.01,18.862,21.802,27.637,18.574,28.42,29.916,29.458,23.054,2.71,18.367
"2015-08",2.438,5.028,3.733,15.166,31.425,26.571,29.018,28.618,28.11,24.71,28.233,26.615,NA,14.676,18.71,6.293,7.84,18.474,21.296,23.855,22.85,28.103,26.6,26.7,26.265,18.134,23.314,23.923,2.293,NA,NA,8.641,23.798,NA,NA,25.761,31.118,28.843,29.512,26.261,23.364,21.07,14.168,14.061,-15.148,-24.31,-0.189,24.474,28.908,18.259,22.894,27.136,17.887,27.762,29.44,29.243,22.595,2.3,18.331
"2015-09",0.798,4.414,2.229,14.69,30.201,25.985,28.553,28.612,28.075,24.453,28.279,26.585,NA,14.903,18.472,6.02,7.324,17.461,15.781,22.165,23.511,28.307,26.767,27.52,26.644,18.048,23.516,24.133,1.665,NA,NA,8.004,19.059,NA,NA,25.225,30.333,29.325,29.446,26.438,22.729,21.092,14.044,13.927,-12.775,-20.664,-1.089,24.57,29.04,18.138,22.799,27.012,17.694,28.084,29.782,29.492,22.593,2.503,18.33
"2015-10",-2.628,1.925,-0.581,14.16,25.675,23.718,27.268,28.464,27.766,25.073,28.193,27.126,NA,16.037,19.105,6.53,5.649,14.676,10.495,19.872,23.75,28.957,27.774,28.548,27.698,18.899,24.482,24.683,0.19,NA,NA,5.141,14.902,NA,NA,22.304,28.589,29.634,29.479,27.355,22.758,21.941,14.67,14.384,-9.912,-13.523,-5.386,23.781,29.437,18.602,22.048,27.601,18.096,28.884,30.06,29.984,22.983,3.05,18.317
"2015-11",-10.034,-1.385,-5.521,12.483,21.233,20.874,25.489,27.68,27.132,25.372,27.827,27.88,NA,17.438,20.114,7.566,4.075,12.515,8.422,17.591,23.008,29.073,28.212,28.233,29.41,19.976,26.242,26.724,-7.33,NA,NA,1.787,12.187,NA,NA,19.392,26.64,29.132,29.548,28.444,23.344,23.168,15.966,15.637,-5.061,-8.576,-15.049,22.379,29.953,19.654,20.67,28.097,19.045,28.837,29.395,30.111,23.995,4.173,18.236
"2015-12",-13.465,-6.359,-15.672,10.53,17.408,18.345,22.833,26.939,26.23,26.852,26.923,28.682,NA,19.047,22.122,9.626,3.353,10.957,4.253,15.665,21.553,28.788,29.595,27.087,30.184,21.916,27.665,28.108,-17.27,NA,NA,-2.586,7.942,NA,NA,16.624,23.681,28.08,28.989,29.951,24.332,25.067,17.125,17.416,-1.145,-2.929,-21.238,20.92,30.168,21.283,19.544,28.833,20.869,28.173,28.282,30.173,25.423,5.649,18.365
"2016-01",-18.582,-10.418,-17.465,9.705,15.766,17.089,21.488,26.307,25.414,27.292,26.574,29.387,NA,20.55,24.15,11.786,0.683,10.112,3.23,14.697,20.622,29.199,31.067,25.83,29.139,23.342,28.963,29.74,-28.12,NA,NA,-9.272,7.032,NA,NA,14.612,20.707,27.387,28.215,30.712,25.525,26.554,18.688,18.964,1.058,-1.055,-30.09,19.646,29.81,22.843,18.649,29.565,22.529,27.396,27.284,29.571,26.971,6.989,18.381
"2016-02",-18.905,-6.739,-24.77,9.722,14.906,15.371,20.884,25.777,24.999,26.917,26.399,29.774,NA,21.104,25.425,11.58,0.458,9.92,5.695,14.381,20.601,29.353,31.306,25.485,28.732,23.704,28.74,29.893,-22.368,NA,NA,-13.037,9.019,NA,NA,13.774,20.896,27.287,27.995,30.548,26.061,27.342,19.647,20.28,1.299,-1.144,-24.175,19.092,29.22,23.426,18.101,29.691,23.361,27.053,27.013,29.335,27.601,7.573,18.543
"2016-03",-13.329,-6.509,-17.002,9.962,17.323,15.697,21.301,25.614,25.025,26.23,26.496,29.953,NA,20.77,25.077,11.5,0.661,9.85,6.172,14.577,20.743,29.48,31.466,26.719,30.032,23.655,28.658,29.889,-23.665,NA,NA,-9.222,10.747,NA,NA,13.94,22.835,28.45,28.711,30.739,25.978,27.282,19.994,20.202,-0.493,-3.154,-26.799,18.981,28.433,23.183,18.007,29.884,23.441,27.953,28.304,29.862,27.848,7.455,18.513
"2016-04",-8.292,-4.928,-11.324,10.247,20.688,17.7,22.513,27.114,25.812,26.241,26.611,29.777,NA,19.216,24.341,10.085,2.529,11.245,9.299,15.536,21.134,28.898,31.532,28.616,31.135,22.592,27.759,28.949,-13.099,NA,NA,-3.52,13.47,NA,NA,15.779,25.178,29.74,29.829,30.584,26.35,26.425,18.962,18.979,-4.636,-8.169,-16.463,19.55,28.719,22.366,18.263,29.816,22.425,29.482,30.418,30.73,27.013,6.54,18.677
"2016-05",-2.086,1.26,-2.387,12.355,24.627,20.644,24.598,27.704,26.499,25.127,26.877,28.775,NA,17.338,22.548,8.94,3.503,12.673,16.227,17.772,21.727,28.378,30.994,30.098,30.043,21.28,26.484,27.241,-2.691,NA,NA,0.32,18.827,NA,NA,17.892,28.422,30.649,30.485,29.872,25.846,25.082,17.272,17.469,-11.393,-17.024,-4.74,20.631,28.792,21.117,19.097,29.097,20.834,30.133,31.107,30.792,25.728,4.931,18.627
"2016-06",0.68,3.258,0.653,14.966,28.913,24.093,26.757,27.981,27.518,23.281,27.136,27.853,NA,15.885,21.012,7.747,5.762,16.407,20.765,20.848,21.667,28.391,29.76,29.256,28.332,19.953,25.155,25.738,0.087,NA,NA,3.611,23.59,NA,NA,21.432,29.821,30.363,30.435,28.387,24.718,23.445,15.752,16.219,-12.438,-18.353,-0.925,22.168,28.287,19.905,20.529,28.28,19.376,29.788,30.445,30.387,24.192,3.469,18.459
"2016-07",2.324,5.041,2.922,16.42,30.545,25.906,27.871,28.114,28.191,22.229,27.616,26.922,NA,15.148,19.861,7.124,7.408,19.719,22.237,24.089,22.099,28.035,27.427,26.518,26.809,18.519,24.085,24.727,0.795,NA,NA,8.158,24.804,NA,NA,24.368,30.571,29.115,30.292,27.616,23.903,22.266,14.693,15.029,-14.508,-23.459,-0.701,23.722,27.678,19.026,22.135,27.388,18.277,27.942,29.772,29.564,23.038,2.816,18.345
"2016-08",2.827,5.338,3.415,16.309,30.5,26.603,28.347,28.41,28.519,22.397,28.235,26.454,NA,14.881,19.227,6.864,8.634,20.095,21.338,25.54,22.91,27.597,26.299,26.207,26.135,17.865,23.513,24.211,1.244,NA,NA,10.758,23.696,NA,NA,26.311,31.629,29.242,30.402,27.219,22.956,21.62,14.119,14.21,-14.522,-21.977,-0.496,24.65,27.231,18.423,23.076,26.768,17.68,27.362,30.12,28.949,22.415,2.476,18.316
"2016-09",1.395,4.461,2.707,14.928,30.209,25.947,28.435,28.402,28.63,22.794,28.423,26.374,NA,15.106,19.482,6.754,7.901,18.483,15.51,23.472,23.973,27.733,26.477,26.934,26.326,17.728,23.703,24.24,0.605,NA,NA,9.051,19.345,NA,NA,25.619,31.169,28.997,30.283,27.497,22.534,21.478,13.814,13.941,-11.238,-18.579,-1.913,24.56,27.206,18.35,22.946,26.778,17.561,27.248,29.656,28.866,22.178,2.544,18.231
"2016-10",-2.108,2.008,-0.039,12.116,27.618,24.765,27.186,28.188,28.218,22.961,28.441,26.738,NA,15.771,20.121,7.037,6.628,16.514,11.41,21.811,24.329,28.376,27.237,27.982,27.444,18.432,24.806,25.229,-3.353,NA,NA,5.824,15.936,NA,NA,22.441,29.182,29.298,30.219,28.394,22.438,22.132,14.054,14.21,-9.162,-13.701,-9.43,23.65,27.425,18.806,22.023,27.238,17.826,28.309,29.585,29.318,22.594,3.248,18.083
"2016-11",-7.664,-3.523,-3.837,11.156,24.149,21.811,26.026,27.394,27.561,22.899,27.923,27.584,NA,16.86,21.271,8.149,4.255,13.227,7.004,18.802,22.777,28.749,28.387,28.048,29.011,19.961,26.183,26.413,-11.412,NA,NA,2.815,10.263,NA,NA,19.455,26.916,29.155,29.642,29.038,23.593,23.458,15.424,15.956,-4.5,-8.027,-16.394,22.333,27.717,19.728,20.73,27.803,19.006,28.864,29.111,29.692,23.704,4.378,18.042
"2016-12",-12.296,-7.034,-11.718,10.546,19.366,18.81,23.554,26.038,26.609,23.85,27.392,28.292,NA,18.41,22.914,9.675,2.37,10.894,2.457,16.29,20.944,28.409,28.831,26.299,29.497,21.194,27.453,28.095,-21.852,NA,NA,-0.128,6.353,NA,NA,16.258,22.908,27.803,28.783,30.245,23.988,25.224,17.245,17.996,-0.767,-3.81,-24.643,20.985,27.957,21.202,19.63,28.213,20.843,27.588,27.766,29.386,25.22,5.717,18.061
"2017-01",-18.91,-7.957,-25.158,9.725,17.626,17.579,22.004,25.404,25.857,25.349,26.583,28.951,NA,19.399,25.339,11.163,0.416,9.616,4.879,14.818,19.565,28.226,29.626,25.481,28.062,22.686,27.739,29.132,-26.647,NA,NA,-3.816,8.445,NA,NA,14.066,21.819,26.642,27.654,30.526,25.403,26.617,18.698,19.862,1.09,-1.211,-28.139,19.935,28.126,22.874,18.616,28.722,22.76,26.887,26.336,28.685,26.373,7.15,18.222
"2017-02",-20.451,-9.935,-25.925,9.124,17.126,16.741,21.859,25.786,25.387,26.185,26.117,29.107,NA,19.539,26.399,10.607,0.158,9.169,3.025,14.292,19.388,28.223,30.27,25.367,28.201,23.378,27.925,28.817,-26.205,NA,NA,-6.418,8.224,NA,NA,13.297,21.135,26.453,27.479,30.098,25.954,27.275,19.518,20.73,1.356,-0.544,-28.144,19.438,28.261,23.342,17.839,29,23.914,26.812,25.938,28.811,27.162,7.928,18.379
"2017-03",-19.219,-5.33,-17.496,9.19,18.821,17.13,22.091,25.793,25.309,25.942,25.957,29.475,NA,19.528,25.647,10.372,-0.034,9.845,6.678,14.512,20.483,28.891,31.044,26.027,29.344,23.348,27.884,28.59,-21.831,NA,NA,-7.058,9.227,NA,NA,13.554,22.013,27.438,27.999,30.359,27.407,27.365,19.398,20.426,-0.156,-1.628,-25.662,19.352,28.426,23.256,17.791,29.434,23.541,27.295,27.131,29.257,27.399,7.715,18.516
"2017-04",-11.588,-4.182,-10.067,9.32,22.36,19.156,23.551,26.97,25.837,25.41,26.158,29.176,NA,18.325,24.678,9.474,1.865,11.069,11.567,16.092,20.583,28.262,31.007,27.615,30.284,22.721,27.099,28.223,-12.755,NA,NA,-1.064,14.787,NA,NA,15.472,24.49,29.016,29.317,30.104,26.926,26.108,18.039,18.485,-3.383,-9.053,-17.434,19.826,28.989,22.456,18.156,29.015,22.37,28.547,29.525,30.225,26.722,6.742,18.657
"2017-05",-4.02,0.077,-2.503,11.726,25.828,21.593,25.278,27.727,26.58,25.362,26.498,28.68,NA,17.052,23.006,8.21,3.882,13.707,17.014,18.386,20.813,28.16,30.946,29.892,29.548,21.569,25.773,27.182,-3.164,NA,NA,0.858,20.474,NA,NA,18.115,28.894,29.966,30.199,29.219,26.406,24.611,16.717,16.78,-8.213,-19.355,-6.169,20.769,29.324,21.074,19.261,28.661,21.032,29.688,30.563,30.716,25.601,5.149,18.671
"2017-06",0.495,3.468,0.846,13.987,28.688,24.394,26.781,28.292,27.613,24.894,27.152,27.83,NA,15.858,21.667,7.305,6.122,16.139,21.196,21.875,21.925,28.241,29.485,29.087,28.059,20.028,24.451,25.651,0.491,NA,NA,3.827,23.813,NA,NA,22.181,31.034,29.607,30.541,28.301,25.238,23.429,15.42,15.655,-11.164,-19.343,-0.731,22.266,29.222,19.811,20.853,28.203,19.723,29.41,30.324,30.079,24.148,3.876,18.654
"2017-07",2.16,4.502,2.683,15.688,30.253,26.333,27.983,28.539,28.158,24.124,27.627,27.011,NA,15.163,20.162,6.582,7.724,18.801,24.706,25.327,22.561,28.159,27.888,26.969,27.232,18.825,23.826,24.819,1.121,NA,NA,7.21,25.975,NA,NA,24.814,31.106,28.514,30.095,27.4,24.056,22.468,14.614,14.714,-11.414,-22.728,-0.675,23.68,28.929,18.836,22.492,27.574,18.61,27.997,29.49,29.535,23.073,2.877,18.518
"2017-08",2.429,6.045,2.862,16.242,31.07,26.86,28.561,28.72,28.582,23.724,28.075,26.584,NA,14.741,19.715,6.119,8.108,19.355,20.641,25.38,23.329,27.793,27.15,26.591,26.544,18.027,23.377,24.235,1.122,NA,NA,9.645,23.107,NA,NA,25.893,31.132,28.498,29.864,27.043,23.259,21.764,13.987,14.156,-13.802,-19.404,-0.588,24.703,28.577,18.313,23.416,26.908,17.95,27.37,29.123,29.133,22.417,2.572,18.47
"2017-09",1.419,5.075,2.374,15.712,30.798,25.494,28.58,28.851,28.746,24.231,28.507,26.727,NA,15.299,19.739,6.093,7.145,17.15,16.67,23.234,23.92,28.496,27.49,28.177,27.026,18.145,23.841,24.564,0.29,NA,NA,8.551,20.025,NA,NA,25.366,30.891,29.371,29.616,27.269,22.795,21.811,13.738,14.149,-10.996,-18.755,-1.501,24.746,28.625,18.18,23.064,27.227,17.807,28.163,29.46,29.38,22.308,2.76,18.436
"2017-10",-1.98,2.86,-0.502,13.798,26.204,23.308,27.104,28.597,28.478,24.31,28.525,27.279,NA,16.051,20.494,6.59,5.872,15.647,10.499,20.78,24.509,29.024,28.045,29.103,28.143,18.551,25.007,25.548,-4.021,NA,NA,5.537,14.535,NA,NA,22.617,29.27,29.779,29.634,27.962,22.595,22.502,14.066,14.393,-9.597,-13.427,-7.63,23.784,28.891,18.578,22.233,27.774,18.208,29.5,29.872,29.956,22.733,3.213,18.281
"2017-11",-9.418,-0.282,-4.574,12.401,23.139,20.378,25.151,27.752,27.537,24.479,28.043,27.998,NA,17.498,22.229,7.773,3.935,13.279,7.482,18.179,23.315,29.231,29.036,28.722,29.432,19.838,26.55,27.044,-14.613,NA,NA,2.282,11.571,NA,NA,19.686,26.765,29.112,29.422,28.818,22.851,23.376,15.326,15.768,-5.258,-8.236,-18.998,22.444,29.113,19.604,20.947,28.387,19.336,29.411,29.052,30.066,23.794,4.272,18.121
"2017-12",-11.648,-8.561,-12.761,11.172,18.526,18.566,23.259,26.939,26.654,25.556,27.336,28.581,NA,19.065,24.031,9.578,2.799,10.581,0.887,15.652,22.274,29.541,29.672,27.619,30.213,21.75,27.798,28.566,-21.759,NA,NA,-1.006,7.46,NA,NA,16.914,23.699,27.899,29.219,30.017,23.743,25.016,16.338,17.542,-0.992,-2.869,-22.786,21.069,29.303,21.191,19.642,28.851,20.847,28.518,28.598,30.216,25.402,5.678,18.306
"2018-01",-18.985,-5.524,-19.879,10.966,16.203,16.659,21.82,25.817,25.806,26.574,26.737,29.142,NA,20.395,25.932,11.087,0.203,10.095,3.692,14.372,21.271,29.251,30.275,26.598,29.173,23.153,28.333,29.285,-26.252,NA,NA,-8.308,7.352,NA,NA,14.597,21.701,27.409,28.657,30.124,24.744,26.123,18.368,19.489,1.028,-0.724,-25.092,19.886,29.25,22.635,18.788,29.225,22.592,27.636,28.167,29.891,26.63,7.044,18.456
"2018-02",-19.484,-5.902,-25.812,10.656,15.175,15.343,21.327,25.377,25.295,26.408,26.413,29.41,NA,20.695,26.632,11.613,0.075,9.815,6.209,14.092,20.442,29.086,31.047,26.132,29.098,23.49,28.741,29.484,-23.981,NA,NA,-9.418,9.146,NA,NA,13.648,21.572,27.436,28.5,30.329,25.285,27.153,18.802,20.316,1.352,-0.488,-24.686,19.414,28.717,23.5,18.088,29.626,23.686,27.24,27.989,29.681,27.036,7.694,18.575
"2018-03",-15.765,-1.53,-16.396,11.025,15.457,15.137,21.531,25.407,25.181,26.132,26.372,29.729,NA,20.328,26.257,11.583,-0.196,9.779,8.707,14.308,20.634,28.572,31.477,26.726,30.19,23.199,28.954,29.5,-19.052,NA,NA,-7.672,11.829,NA,NA,13.614,22.812,28.414,28.907,30.61,25.208,27.179,18.847,20.48,-0.715,-3.145,-20.884,19.375,28.413,23.361,17.94,29.682,23.505,27.623,28.891,30.194,26.91,7.424,18.673
"2018-04",-8.812,-0.979,-11.002,11.227,19.396,17.371,22.598,26.433,25.741,25.465,26.39,29.946,NA,18.805,25.392,9.563,2.415,10.671,9.841,15.26,21.208,28.921,31.479,28.643,31.093,21.987,28.087,28.626,-12.495,NA,NA,-2.875,14.007,NA,NA,14.775,25.543,29.814,29.201,30.257,25.531,26.705,17.958,19.096,-5.486,-8.378,-14.05,19.749,28.4,22.431,18.355,29.67,22.615,29.455,30.115,30.911,26.449,6.503,18.671
"2018-05",-3.226,1.729,-2.813,11.987,24.819,20.931,24.801,27.801,26.688,24.354,26.695,29.207,NA,16.839,23.607,8.216,3.755,13.672,17.338,18.538,21.667,28.818,30.642,30.242,30.326,20.683,26.589,27.579,-3.181,NA,NA,0.498,20.365,NA,NA,17.923,28.495,30.322,30.326,29.316,25.406,25.272,16.713,17.497,-10.581,-15.883,-4.684,20.747,28.721,21.159,19.244,29.133,21.084,30.257,30.869,31.114,25.519,5.088,18.688
"2018-06",0.768,4.909,0.586,13.886,29.146,24.324,26.547,28.185,27.893,23.476,27.315,28.134,NA,15.884,21.93,7.453,5.877,16.023,20.476,21.744,22.723,28.603,29.381,28.859,28.468,19.732,25.4,26.194,0.46,NA,NA,3.564,23.233,NA,NA,21.744,30.578,29.917,30.487,27.95,24.388,23.446,15.389,16.045,-13.837,-22.278,-0.624,22.292,28.549,19.924,20.874,28.301,19.511,29.513,30.823,30.384,24.099,3.631,18.533
"2018-07",2.52,7.815,3.085,16.454,31.06,26.17,27.784,28.235,28.375,22.37,28.029,27.156,NA,14.905,20.626,6.73,7.379,17.648,24.283,22.926,24.181,28.257,27.709,26.686,26.823,18.812,24.148,24.917,1.103,NA,NA,6.825,26.07,NA,NA,24.09,30.39,29.187,29.871,27.065,23.649,22.367,14.377,14.924,-13.448,-17.892,0.237,23.801,27.926,18.971,22.541,27.401,18.439,27.689,30.051,29.429,22.948,2.908,18.46
"2018-08",2.718,8.307,3.697,16.731,30.818,26.771,28.351,28.647,28.898,22.687,28.391,26.555,NA,14.782,20.126,6.383,8.26,19.055,21.012,23.942,24.416,27.971,27.025,26.708,26.408,18.078,23.736,24.372,1.764,NA,NA,8.937,24.227,NA,NA,25.592,30.986,28.444,29.361,26.591,23.004,21.901,13.832,14.395,-13.783,-16.982,0.379,24.661,27.392,18.47,23.544,26.861,17.744,27.033,29.171,28.848,22.285,2.516,18.385
"2018-09",1.329,6.372,2.938,15.702,30.866,26.125,28.492,28.565,29.102,22.846,28.708,26.503,NA,14.961,19.733,6.397,7.948,17.932,16.235,23.389,24.772,28.309,27.126,27.831,26.986,18.027,24.199,24.622,1.122,NA,NA,8.083,19.872,NA,NA,24.838,30.486,29.066,29.306,26.997,22.551,21.978,13.76,14.288,-12.907,-21.492,-0.435,24.64,27.399,18.379,23.244,26.988,17.531,27.782,29.311,29.04,22.118,2.256,18.227
"2018-10",-0.643,3.875,1.196,13.42,27.579,24.221,26.937,28.572,28.679,23.229,28.637,26.846,NA,15.933,20.206,7.045,6.512,15.248,8.092,20.499,24.251,28.507,27.409,29.205,28.202,18.465,25.07,25.608,-1.444,NA,NA,4.666,13.991,NA,NA,22.908,29.139,29.978,29.633,27.786,22.602,22.575,13.973,14.537,-8.795,-14.331,-4.376,23.789,27.948,18.717,22.096,27.391,17.958,29.467,29.909,29.78,22.694,3.125,18.271
"2018-11",-5.175,0.66,-1.604,11.393,23.098,21.502,25.023,27.673,27.855,23.957,28.058,27.548,NA,17.393,22.275,8.399,5.085,12.818,2.914,17.499,23.002,28.714,28.423,28.131,29.484,19.977,26.568,27.108,-11.54,NA,NA,0.885,8.105,NA,NA,20.289,26.358,29.062,29.413,28.883,22.629,23.735,14.843,15.513,-4.844,-7.564,-13.682,22.423,28.447,19.775,20.744,28.015,19.312,29.001,28.901,29.867,23.616,4.204,18.204
"2018-12",-9.699,-4.439,-6.7,10.256,19.235,19.24,23.106,26.733,26.87,25,27.307,28.176,NA,18.967,23.549,10.199,2.314,10.831,1.414,15.261,21.143,28.849,28.943,26.188,29.113,21.592,27.251,27.885,-22.672,NA,NA,-4.523,5.688,NA,NA,17.63,22.108,27.784,29.03,29.846,23.854,25.07,16.399,17.121,-0.48,-2.272,-20.121,20.979,28.735,21.328,19.6,28.332,20.961,27.684,28.061,29.666,24.935,5.655,18.27
"2019-01",-10.446,-5.56,-19.012,10.127,17.241,17.309,21.641,26.146,25.967,26.422,26.685,28.638,NA,19.885,26.014,11.097,1.406,8.563,-11.792,13.519,19.598,28.212,29.575,25.521,28.771,22.89,28.337,28.974,-23.3,NA,NA,-11.435,-2.672,NA,NA,14.588,19.835,26.985,28.371,30.303,25.395,26.093,18.397,19.025,2.056,-0.705,-20.664,20.005,29.046,22.741,18.703,28.686,22.844,26.836,27.408,29.251,26.464,7.121,18.56
"2019-02",-14.709,-7.343,-15.6,10.433,17.76,16.837,21.362,25.857,25.493,26.762,26.282,29.103,NA,20.586,26.684,10.881,0.549,9.055,2.643,13.292,19.804,28.461,30.396,25.345,28.083,23.573,28.307,28.947,-25.694,NA,NA,-9.961,7.348,NA,NA,13.092,19.825,27.022,28.09,30.126,26.231,26.955,18.955,20.397,1.933,-0.154,-25.532,19.302,29.11,23.348,18.18,29.187,23.752,26.626,27.267,29.274,27.05,7.858,18.619
"2019-03",-15.056,-7.697,-20.155,10.526,18.6,17.084,21.995,26.692,25.569,27.112,26.37,29.585,NA,20.066,26.019,10.592,1.067,9.482,8.096,13.776,20.58,28.893,31.245,26.36,29.346,23.68,28.348,29.189,-21.636,NA,NA,-4.688,12.224,NA,NA,13.562,22.486,27.913,28.461,30.318,26.364,26.6,18.712,19.236,0.111,-1.921,-24.19,19.212,29.371,23.27,18.021,29.529,23.571,27.372,28.146,29.781,27.098,7.657,18.655
"2019-04",-10.202,-3.236,-10.803,10.899,21.753,18.963,23.794,27.666,25.953,26.571,26.405,29.6,NA,18.826,25.104,10.102,2.227,10.578,11.269,15.42,21.656,28.961,31.164,27.972,30.241,23.092,27.874,28.253,-11.487,NA,NA,-2.174,14.994,NA,NA,15.143,25.045,29.492,29.641,30.143,26.292,25.575,17.982,18.143,-3.885,-6.437,-14.242,19.629,29.691,22.38,18.305,29.565,22.662,28.685,30.491,30.593,26.492,6.702,18.821
"2019-05",-3.307,1.814,-1.94,12.473,24.252,20.63,25.411,28.18,26.447,26.305,26.759,29.133,NA,17.391,23.688,8.867,3.638,12.662,20.711,17.931,22.304,29.107,31.034,29.812,29.965,21.685,26.882,27.48,-3.927,NA,NA,1.035,22.959,NA,NA,18.633,28.27,30.047,30.441,29.275,25.547,24.459,16.656,16.919,-8.324,-13.742,-5.619,20.572,29.951,21.128,19.168,29.304,21.123,29.696,31.428,30.968,25.154,5.319,18.812
"2019-06",0.379,4.829,0.856,14.273,28.304,23.975,26.828,28.549,27.387,25.317,27.371,28.135,NA,16.108,21.996,7.706,6.26,16.068,20.783,21.27,22.729,28.931,29.722,29.124,28.687,20.279,25.204,25.99,0.131,NA,NA,4.543,23.095,NA,NA,21.704,30.578,30.106,30.498,27.812,24.548,23.029,15.584,15.619,-11.756,-18.7,-0.789,22.185,29.625,19.863,20.781,28.396,19.711,29.758,30.71,30.257,23.84,3.955,18.69
"2019-07",2.221,6.277,4.523,15.751,30.797,26.377,28.337,28.811,28.26,25.465,28.009,27.421,NA,15.649,20.657,6.781,8.057,18.121,24.488,23.831,23.715,28.393,28.12,27.321,27.24,18.979,24.188,24.88,1.464,NA,NA,8.268,25.928,NA,NA,24.353,31.439,29.438,30.012,26.871,23.301,22.13,14.607,14.937,-13.576,-21.002,-0.138,23.607,29.397,18.917,22.555,27.604,18.654,28.506,29.84,29.506,22.715,2.861,18.582
"2019-08",2.535,6.474,4.784,16.578,31.603,26.904,29.274,29.078,28.771,24.905,28.596,27.036,NA,15.127,19.706,6.415,8.665,19.789,20.769,24.814,23.678,28.458,27.222,26.667,26.858,18.202,24.016,24.546,2.29,NA,NA,9.291,23.353,NA,NA,25.696,31.423,28.541,29.755,26.428,22.53,21.445,13.865,14.479,-14.557,-23.966,-0.024,24.595,29.351,18.396,23.408,27.315,18.022,27.612,29.091,29.132,22.076,2.354,18.509
"2019-09",1.234,5.783,3.338,17.248,30.506,25.582,29.348,29.074,28.851,25.55,28.819,27.001,NA,15.867,19.403,6.28,7.358,17.577,16.948,22.814,24.337,28.517,27.11,28.439,27.346,18.241,24.313,24.7,1.342,NA,NA,8.49,19.721,NA,NA,24.796,30.661,28.993,29.308,26.789,22.313,21.625,13.651,14.34,-11.912,-16.138,-0.787,24.772,29.473,18.285,23.369,27.59,17.865,28.348,29.291,29.253,22.077,2.654,18.566
"2019-10",-1.391,2.913,1.184,15.077,26.01,23.316,27.912,29.235,28.545,25.771,28.838,27.585,NA,16.584,19.948,6.834,6.088,15.151,12.007,20.344,24.175,29.154,28.164,29.321,28.437,19.119,25.067,25.272,-0.867,NA,NA,5.844,16.311,NA,NA,22.41,29.441,29.707,29.61,27.593,22.548,22.128,13.764,14.439,-9.483,-14.656,-5.68,23.866,29.862,18.617,22.168,28.08,18.266,29.528,29.633,29.815,22.696,3.115,18.444
"2019-11",-5.847,-2.169,-3.17,12.631,22.416,20.951,25.699,28.363,27.838,25.685,28.657,28.415,NA,17.713,21.572,8.243,4.527,12.911,5.817,17.609,23.51,29.75,28.998,28.552,30.198,20.532,26.468,26.912,-9.834,NA,NA,2.278,10.285,NA,NA,19.507,26.517,28.788,29.368,28.799,22.753,23.486,14.909,15.508,-5.26,-9.379,-16.109,22.517,30.333,19.498,20.862,28.7,19.449,29.237,28.674,30.075,24.042,4.242,18.353
"2019-12",-13.59,-8.765,-9.468,11.018,19.755,19.071,23.691,27.536,26.928,26.78,27.864,29.337,NA,19.22,22.706,10.534,2.913,11.159,3.994,15.645,21.67,29.753,30.166,27.098,30.434,21.757,27.877,28.221,-21.286,NA,NA,-0.592,7.513,NA,NA,16.806,23.188,27.712,28.982,30.133,23.831,25.687,16.931,17.874,-1.161,-2.567,-23.559,20.993,30.542,21.201,19.679,29.484,20.859,28.285,27.764,29.881,25.7,5.602,18.435
"2020-01",-16.048,-9.218,-17.194,10.418,16.935,17.347,22.487,27.227,26.291,27.743,27.515,29.946,NA,20.567,24.562,11.833,0.967,9.592,2.111,13.972,20.163,29.505,30.981,26.653,29.996,23.01,28.584,29.258,-25.76,NA,NA,-6.153,7.391,NA,NA,14.257,21.425,26.916,28.475,30.543,24.646,26.674,17.807,18.895,1.056,-1.039,-27.282,19.834,30.202,22.805,18.837,29.875,22.439,27.536,27.173,29.532,27.026,7.043,18.585
"2020-02",-21.933,-9.52,-23.514,9.955,17.024,16.46,21.85,26.789,25.874,27.617,27.355,30.177,NA,20.994,25.731,12.185,-1.037,9.309,-1.285,13.227,20.333,29.66,31.687,26.546,30.074,23.842,29.496,30.091,-24.726,NA,NA,-7.649,4.393,NA,NA,13.187,20.483,26.929,28.228,30.669,25.505,27.317,19.141,20.017,1.181,-0.447,-29.117,19.197,29.806,23.342,18.319,30.29,23.647,27.175,26.881,29.362,27.738,7.714,18.599
"2020-03",-18.431,-5.259,-18.921,9.852,17.562,16.896,21.975,27.42,26.048,27.631,27.123,30.362,NA,20.945,26.076,11.553,-1.591,9.514,6.682,13.374,21.181,30.062,31.922,27.117,30.418,23.663,29.307,29.919,-20.578,NA,NA,-8.047,10.707,NA,NA,13.44,22.09,27.827,28.783,30.324,26.345,26.973,18.699,19.682,-0.927,-2.259,-25.143,19.199,29.881,23.26,18.288,30.438,23.471,27.592,27.889,29.901,27.737,7.478,18.727
"2020-04",-10.302,-3.045,-9.94,10.307,19.534,17.947,22.674,28.503,26.501,27.427,27.195,30.039,NA,19.733,24.775,10.564,1.085,10.588,11.233,14.115,21.314,29.216,32.002,28.48,30.997,23.087,28.343,29.212,-11.291,NA,NA,-2.03,13.844,NA,NA,14.774,24.506,29.288,29.622,30.301,26.505,26.363,17.999,18.763,-5.885,-7.03,-15.925,19.634,30.223,22.456,18.667,29.926,22.525,28.757,29.845,30.717,26.961,6.5,18.866
"2020-05",-2.863,1.301,-2.637,11.346,22.934,20.532,24.392,28.513,27.194,25.937,27.655,29.178,NA,17.929,22.861,9.365,3.895,12.964,17.205,17.414,21.952,28.829,31.09,30.417,30.466,21.604,26.825,27.812,-2.959,NA,NA,0.772,19.901,NA,NA,17.55,28.809,30.319,30.644,29.376,25.826,24.6,16.693,17.11,-9.864,-12.495,-4.203,20.728,30.195,21.299,19.32,29.243,20.903,30.11,31.375,31.199,25.544,5.171,18.911
"2020-06",0.154,4.847,0.606,14.329,27.818,23.974,26.629,28.593,27.782,24.912,27.958,28.395,NA,16.577,21.017,8.41,6.005,16.233,22.172,21.368,22.428,28.744,29.303,29.949,28.926,20.093,25.319,26.155,0.158,NA,NA,4.029,24.704,NA,NA,21.347,31.392,30.382,30.848,28.163,25.16,22.977,15.244,15.526,-13.296,-17.92,-0.769,22.195,29.828,20.013,20.719,28.554,19.57,30.028,31.001,30.803,24.196,3.816,18.739
"2020-07",1.465,6.539,3.334,15.843,30.55,26.071,28.214,28.801,28.488,24.203,28.491,27.493,NA,15.692,20.011,7.498,8.041,18.048,25.464,23.371,22.908,28.575,28.156,27.673,27.2,19.279,24.325,24.891,1.738,NA,NA,6.833,26.991,NA,NA,23.832,31.471,29.621,30.221,27.247,24.147,22.043,14.299,14.906,-14.102,-21.909,-0.276,23.656,29.199,19.03,22.212,27.773,18.591,28.701,29.994,29.835,23.064,2.888,18.567
"2020-08",2.413,6.617,4.242,16.31,31.353,26.623,28.868,29.051,28.881,23.888,28.942,27.203,NA,15.291,19.642,6.945,8.39,18.1,20.14,24.108,23.417,28.418,27.419,26.969,26.418,18.632,24.145,24.422,2.322,NA,NA,8.452,23.136,NA,NA,25.213,31.062,29.164,29.839,26.726,23.406,21.645,13.75,14.392,-14.691,-17.751,-0.083,24.565,28.704,18.54,23.081,27.187,17.974,27.764,29.667,29.5,22.338,2.442,18.506
"2020-09",1.065,5.003,3.189,15.104,30.437,26.356,28.826,28.989,28.835,24.073,28.935,26.975,NA,15.453,19.542,6.888,7.715,17.346,14.912,22.76,24.262,28.656,27.232,27.729,26.457,18.79,24.45,24.492,1.484,NA,NA,7.843,18.357,NA,NA,24.539,29.579,29.179,29.806,27.122,22.922,21.796,13.596,14.223,-12.118,-19.458,-1.136,24.633,28.871,18.466,23.173,27.178,17.743,27.751,29.533,29.44,22.228,2.682,18.479
"2020-10",-1.878,3.009,1.385,13.4,26.607,24.428,27.753,28.603,28.291,24.031,28.733,27.236,NA,16.036,19.946,7.104,6.127,15.965,10.271,20.957,25.349,29.177,28.151,28.629,27.586,19.537,25.255,25.525,-0.413,NA,NA,4.868,14.047,NA,NA,21.642,28.831,29.968,29.726,27.588,22.665,22.22,13.865,14.46,-9.551,-13.419,-5.834,23.793,29.145,18.73,22.288,27.842,18.171,29.036,30.06,29.899,22.91,3.404,18.434
"2020-11",-5.81,-1.215,-2.721,11.759,22.114,21.258,25.36,28.129,27.664,24.882,28.306,27.986,NA,17.852,21.083,8.479,4.659,12.566,5.115,18.102,23.72,29.553,29.451,28.608,29.294,21.153,26.558,26.963,-8.977,NA,NA,2.098,10.105,NA,NA,18.838,25.834,29.038,29.571,28.948,22.883,23.959,14.594,15.712,-3.998,-7.485,-14.302,22.499,29.61,19.807,20.944,28.7,19.432,29.077,29.24,30.33,24.239,4.336,18.439
"2020-12",-11.509,-6.143,-10.46,9.642,19.128,19.628,23.101,27.356,26.942,25.624,27.573,29.013,NA,19.213,23.472,10.623,3.529,11.011,4.969,15.818,22.123,29.476,30.394,26.965,29.998,22.736,28.087,28.624,-20.143,NA,NA,-0.132,8.169,NA,NA,16.515,23.013,28.204,29.388,30.38,23.662,25.572,15.78,16.792,-0.395,-2.419,-22.554,20.948,29.941,21.475,19.713,29.242,21.046,27.996,28.848,30.173,25.713,6.007,18.543
"2021-01",-18.378,-11.201,-19.157,9.183,17.99,18.135,22.272,26.618,26.123,26.429,26.931,29.749,NA,20.581,25.063,12.117,1.098,10.186,4.724,14.474,20.513,28.986,30.863,25.458,28.581,23.704,28.264,29.423,-26.638,NA,NA,-3.993,6.956,NA,NA,14.08,20.574,27.338,28.444,30.642,25.085,27.201,17.128,18.723,2.031,-0.51,-30.556,19.906,29.678,22.867,18.808,29.492,22.598,27.091,27.775,29.846,27.077,7.593,18.558
"2021-02",-20.088,-10.347,-23.927,9.263,17.211,16.509,21.697,26.152,25.723,26.648,26.773,30.329,NA,21.084,26.938,11.988,0.61,9.655,5.659,14.053,20.735,28.994,31.555,25.287,28.589,24.48,29.1,29.796,-26.409,NA,NA,-7.279,8.729,NA,NA,13.198,20.736,27.431,28.008,30.482,25.777,27.233,18.43,19.459,2.158,-0.038,-29.602,19.34,29.088,23.526,18.256,29.971,23.813,26.98,27.236,29.667,27.726,8.178,18.644
"2021-03",-15.198,-4.512,-17.897,9.765,16.929,16.472,21.503,26.736,25.781,26.885,26.693,30.356,NA,20.988,25.659,11.467,1.394,9.988,3.873,14.019,20.849,29.485,31.675,26.103,30.121,24.169,29.1,29.547,-15.724,NA,NA,-6.746,8.437,NA,NA,13.218,21.559,28.244,28.728,30.436,26.478,27.042,18.371,19.452,0.492,-1.534,-19.08,19.284,28.937,23.264,18.187,30.189,23.627,27.441,28.173,30.135,27.422,7.727,18.874
"2021-04",-10.213,-3.485,-8.46,10.801,20.514,18.222,22.847,27.804,26.389,26.117,26.756,29.892,NA,19.712,24.61,10.196,1.166,10.523,12.48,15.177,21.294,29.231,31.873,27.623,30.434,23.351,27.835,28.699,-12.12,NA,NA,-2.042,15.404,NA,NA,14.334,24.765,29.353,29.614,30.41,26.441,26.082,17.746,18.413,-3.941,-6,-17.484,19.841,29.33,22.435,18.491,29.673,22.661,28.181,30.13,30.925,26.946,6.725,18.823
"2021-05",-2.981,1.207,-2.733,12.507,23.242,20.478,24.466,27.727,26.774,24.452,26.915,29.139,NA,18.144,23.242,9.32,3.981,12.3,20.488,17.694,21.551,28.783,31.121,29.679,29.543,22.237,26.373,26.967,-2.757,NA,NA,0.656,22.532,NA,NA,17.285,27.935,30.131,30.418,29.58,25.817,24.812,16.616,17.201,-9.448,-13.835,-4.758,20.858,29.183,21.247,19.22,29.185,21.063,29.589,30.857,31.056,25.572,5.251,18.803
"2021-06",0.274,3.398,0.898,14.479,28.039,24.576,26.48,28.124,27.647,22.778,27.277,28.195,NA,16.045,21.335,8.248,5.998,16.833,19.799,21.88,23.114,29.057,29.716,28.524,28.27,20.517,25.209,25.757,0.912,NA,NA,4.808,22.403,NA,NA,20.645,29.293,30.315,30.373,28.161,25.126,23.598,15.45,16.06,-13.199,-19.046,-0.732,22.219,28.711,20.093,20.835,28.533,19.636,29.489,30.323,30.664,24.148,3.613,18.605
"2021-07",2.085,5.093,3.414,16.364,30.57,26.435,27.654,28.407,28.449,22.187,27.814,27.244,NA,14.929,20.098,7.36,7.889,18.796,22.901,24.074,23.621,28.408,27.52,26.563,26.958,19.086,24.366,24.892,2.371,NA,NA,7.867,25.09,NA,NA,23.925,30.706,29.462,30.121,26.902,24.184,22.367,14.404,15.157,-12.673,-15.935,-0.361,23.737,28.014,19.212,22.252,27.572,18.661,27.924,30.24,29.726,23.069,2.913,18.548
"2021-08",2.448,5.456,4.267,15.989,30.649,27.088,28.267,28.572,28.786,22.232,28.528,26.786,NA,14.548,19.813,7.04,9,20.679,22.284,25.32,24.446,27.98,26.558,26.61,26.445,17.961,24.043,24.418,2.778,NA,NA,10.312,24.365,NA,NA,25.502,31.733,29.221,29.626,26.335,23.255,21.689,13.703,14.41,-13.569,-17.901,-0.09,24.599,27.516,18.659,23.381,27.096,18.068,27.58,30.282,29.271,22.403,2.361,18.445
"2021-09",0.819,4.57,3.187,14.75,30.374,26.417,28.292,28.594,28.89,22.473,28.649,26.86,NA,14.731,19.917,7.016,7.537,18.905,15.402,24.594,25.001,28.393,27.134,27.714,26.53,17.769,24.2,24.472,2.131,NA,NA,8.563,18.371,NA,NA,23.622,30.917,29.566,29.576,26.876,22.663,21.702,13.499,14.072,-12.294,-17.862,-0.818,24.69,27.407,18.584,23.294,27.228,17.828,28.015,30.2,29.195,22.169,2.279,18.328
"2021-10",-1.914,1.401,0.458,13.321,27.337,24.294,27.464,28.525,28.702,22.679,28.547,27.413,NA,15.554,20.575,7.46,6.317,15.229,10.869,21.422,23.85,28.733,27.437,28.481,27.408,18.369,25.378,25.545,0.179,NA,NA,5.693,14.952,NA,NA,21.857,28.473,30.116,29.533,27.666,22.491,22.298,13.83,14.579,-8.777,-12.605,-6.158,23.887,27.675,18.858,22.284,27.425,18.278,28.983,30.11,29.573,22.549,3.226,18.276
"2021-11",-7.348,-1.279,-3.858,10.828,22.669,21.167,24.894,27.497,27.827,22.924,28.208,28.01,NA,16.862,22.115,8.372,4.623,12.769,8.323,18.496,22.736,28.877,28.321,28.032,28.838,19.257,26.198,26.516,-8.524,NA,NA,1.902,11.933,NA,NA,19.347,25.906,29.156,29.349,29.004,22.492,23.799,15,15.445,-4.634,-6.439,-14.664,22.49,27.876,19.925,20.924,27.961,19.336,28.733,29.283,29.782,23.681,4.28,18.173
"2021-12",-15.47,-6.051,-12.591,8.859,20.759,19.366,23.549,26.92,26.767,23.804,27.687,28.539,NA,18.785,23.863,10.606,2.393,10.842,4.035,15.892,21.373,29.038,28.68,26.949,29.548,20.562,27.309,27.913,-15.297,NA,NA,-0.167,7.954,NA,NA,16.438,23.189,27.887,28.617,29.925,23.034,25.699,17.069,17.731,-1.097,-2.981,-19.595,21.136,28.068,21.28,19.716,28.437,20.892,27.948,27.883,29.708,25.284,5.67,18.254
"2022-01",-19.016,-11.511,-20.843,8.674,18.648,17.758,22.247,25.747,25.966,25.333,26.925,29.059,NA,20.238,26.086,11.531,1.341,9.936,2.538,14.633,20.274,28.874,29.205,25.691,28.084,22.394,28,28.491,-21.211,NA,NA,-4.91,6.307,NA,NA,14.231,20.64,27.104,27.901,30.274,24.691,26.628,18.604,19.379,0.829,-0.715,-25.288,19.915,28.223,22.805,18.676,28.832,22.92,27.171,26.897,29.277,26.456,7.11,18.368
"2022-02",-21.067,-12.698,-28.263,7.647,20.463,18.158,22.422,26.536,25.696,26.277,26.595,29.306,NA,20.523,26.078,11.953,1.485,9.41,3.79,13.756,19.908,29.021,30.199,25.661,28.594,23.523,28.98,29.622,-19.483,NA,NA,-3.849,7.232,NA,NA,13.2,20.312,27.105,27.8,29.998,25.963,26.93,19.228,20.304,1.203,-0.107,-24.802,19.379,28.332,23.282,18.006,29.267,23.764,26.961,26.878,29.46,27.227,7.833,18.532
"2022-03",-17.07,-12.565,-20.22,8.086,20.193,18.651,22.116,27.339,25.833,26.804,26.404,29.412,NA,20.189,25.894,11.799,1.704,9.745,4.089,13.843,20.246,28.91,31.163,26.981,30.102,23.429,28.627,29.492,-19.435,NA,NA,-4.064,9.402,NA,NA,13.745,22.128,28.083,28.632,30.791,26.278,26.916,19.142,20.31,-0.608,-1.799,-24.207,19.15,28.927,23.202,17.865,29.451,23.71,27.894,27.952,29.798,27.172,7.553,18.623
"2022-04",-13.455,-6.349,-11.548,8.899,22.541,18.997,23.209,27.629,25.974,26.396,26.504,29.468,NA,19.101,24.323,10.84,2.181,11.177,9.384,14.997,20.323,28.792,31.359,28.547,31.028,22.482,27.821,28.7,-10.001,NA,NA,-1.278,12.702,NA,NA,15.526,24.107,29.123,29.93,30.789,25.825,26.183,17.933,18.993,-5.041,-10.5,-17.508,19.815,29.47,22.465,17.979,29.251,22.787,28.917,29.746,30.751,26.623,6.631,18.72
"2022-05",-3.008,-0.285,-2.68,11.585,23.975,21.413,24.565,28.093,26.607,26.202,26.822,28.87,NA,17.26,22.981,9.619,3.914,13.416,17.422,18.252,21.164,28.436,30.917,30.132,29.928,21.975,26.937,27.393,-2.732,NA,NA,1.216,20.819,NA,NA,18.336,28.309,30.134,30.472,29.672,25.569,24.481,16.77,17.356,-10.774,-17.005,-4.188,20.771,29.737,21.201,18.982,29.003,21.194,30.085,30.797,30.866,25.666,5.008,18.788
"2022-06",-0.275,2.76,0.609,13.322,28.959,24.386,26.695,28.441,27.594,25.954,27.399,27.939,NA,15.689,21.386,8.272,5.707,16.387,21.003,21.624,22.17,28.269,29.208,28.994,28.587,20.156,25.331,26.317,0.804,NA,NA,4.554,23.226,NA,NA,21.88,29.924,30.373,30.529,27.99,24.527,22.835,15.264,15.822,-13.336,-20.208,-0.715,22.498,29.555,19.991,20.745,28.191,19.812,29.749,30.508,30.361,24.33,3.621,18.695
"2022-07",1.484,4.518,3.26,15.438,30.563,26.141,28.347,28.551,28.207,25.364,27.764,27.147,NA,14.845,20.131,7.516,7.254,19.706,23.893,24.967,22.688,27.99,27.783,27.228,27.434,18.959,24.389,25.262,2.165,NA,NA,7.686,25.605,NA,NA,24.397,30.484,29.191,29.881,27.11,23.763,21.941,14.199,14.792,-12.985,-23.506,-0.07,23.844,29.269,19.041,22.117,27.396,18.691,27.969,29.272,29.481,23.099,2.68,18.534
"2022-08",1.886,4.795,4.278,14.579,30.615,27.121,28.916,28.894,28.56,25.03,28.345,26.784,NA,14.801,19.763,7.08,7.645,19.752,23.295,25.522,23.079,28.146,26.9,26.53,26.65,18.68,24.049,24.57,2.785,NA,NA,9.775,25.223,NA,NA,25.871,30.955,28.803,29.893,26.498,22.969,21.207,13.735,14.063,-14.582,-22.813,0.257,24.752,29.039,18.425,23.114,27.184,18.176,27.245,29.247,29.051,22.478,2.298,18.501
"2022-09",0.947,4.318,3.373,14.46,29.608,26.123,28.681,29.068,28.556,25.075,28.377,26.84,NA,15.109,19.721,6.816,6.84,18.375,16.572,23.554,23.59,28.413,27.314,27.462,26.958,18.354,24.548,24.857,1.969,NA,NA,9.257,19.596,NA,NA,24.805,30.313,29.127,29.669,26.702,22.665,21.375,13.658,13.949,-13.976,-18.485,-0.473,24.758,29.152,18.263,22.855,27.206,17.969,27.666,29.519,29.34,22.467,2.446,18.449
"2022-10",-1.817,1.858,0.916,12.369,26.753,24.054,27.511,29.003,28.179,25.528,28.396,27.129,NA,16.017,19.956,7.08,5.925,15.175,9.032,20.682,23.482,28.735,27.79,28.975,28.578,18.908,25.225,25.784,0.28,NA,NA,5.747,14.119,NA,NA,22.542,29.204,30.965,29.547,27.342,22.72,21.993,13.92,14.228,-9.36,-12.232,-5.066,23.887,29.553,18.703,21.865,27.56,18.433,29.694,30.799,30.047,23.178,3.396,18.501
"2022-11",-7.23,-1.973,-4.372,9.362,23.705,21.928,25.653,28.344,27.491,25.375,28.144,27.995,NA,17.323,21.121,7.673,4.783,13.013,5.683,18.19,22.917,29.268,28.265,28.412,30.145,20.069,26.282,27.271,-6.098,NA,NA,2.164,9.831,NA,NA,20.037,25.684,29.702,29.798,28.686,23.183,23.677,15.352,15.685,-4.945,-7.523,-12.589,22.488,29.966,19.703,20.649,28.18,19.651,29.352,29.67,30.432,24.512,4.357,18.489
"2022-12",-15.532,-5.545,-11.866,8.825,19.971,19.661,23.504,27.497,26.703,26.425,27.448,28.809,NA,18.737,23.28,9.839,2.47,11.286,4.111,16.062,21.473,29.568,29.725,26.637,30.488,21.873,27.682,28.157,-20.339,NA,NA,-2.35,7.815,NA,NA,17.398,22.51,28.443,29.464,30.062,23.973,25.075,16.834,17.278,-0.957,-2.415,-23.05,20.996,30.337,21.317,19.532,28.956,21.391,27.973,28.946,30.213,25.783,5.828,18.48
"2023-01",-19.282,-4.608,-17.513,8.585,15.27,16.547,21.733,26.485,25.69,27.169,26.836,29.581,NA,19.942,25.253,11.696,0.918,10.525,6.566,15.035,20.716,29.537,30.49,26.118,29.922,23.383,29.016,29.662,-25.542,NA,NA,-8.796,9.65,NA,NA,15.181,21.427,27.705,28.542,30.872,24.979,26.746,18.214,18.738,1.305,-0.73,-25.25,19.857,29.954,22.708,18.507,29.599,23.058,27.597,27.637,29.642,27.169,7.201,18.622
"2023-02",-18.948,-9.711,-23.783,9.024,15.144,15.667,21.359,26.086,25.334,26.743,26.62,30.245,NA,20.441,25.318,11.805,0.929,9.667,3.869,14.46,20.444,29.297,31.025,26.351,29.36,24.204,29.035,29.289,-24.89,NA,NA,-10.403,8.492,NA,NA,13.941,21.475,27.799,28.254,30.721,26.732,27.509,18.868,19.936,1.456,-0.418,-27.471,19.365,29.299,23.321,17.952,29.978,23.894,27.69,27.546,29.732,27.731,7.865,18.628
"2023-03",-16.374,-6.728,-19.126,9.757,16.491,16.037,21.224,26.398,25.504,26.504,26.721,30.207,NA,20.415,25.41,11.341,1.686,9.967,5.27,14.28,20.286,29.271,31.77,26.969,30.591,23.813,29.173,29.329,-20.651,NA,NA,-7.81,9.035,NA,NA,13.769,22.062,28.456,28.749,30.745,26.19,27.349,18.997,20.016,-1.025,-3.101,-22.17,19.263,29.241,23.36,17.827,30.022,23.701,28.071,27.967,30.052,27.472,7.581,18.738
"2023-04",-10.203,-3.97,-10.424,10.457,20.319,18.216,22.552,27.498,26.177,25.83,26.773,30.003,NA,18.997,24.545,9.783,2.95,10.527,6.184,14.677,20.91,29.228,31.66,27.997,31.014,23.149,28.323,28.324,-12.772,NA,NA,-2.633,11.104,NA,NA,15.259,24.385,29.52,29.773,30.565,26.22,25.941,18.591,18.76,-6.571,-8.299,-16.294,19.853,29.338,22.473,18.086,29.85,22.582,28.924,29.559,30.89,26.864,6.561,18.758
"2023-05",-3.14,0.517,-2.461,11.758,24.672,21.308,24.642,28.436,27.144,24.392,27.202,28.884,NA,17.448,22.777,8.771,4.462,13.575,17.302,17.388,21.251,28.651,31.35,29.673,29.474,22.529,26.725,26.882,-3.337,NA,NA,0.343,20.047,NA,NA,18.389,27.827,30.68,30.717,29.575,25.748,24.929,17.14,17.358,-11.428,-15.359,-4.844,20.693,29.265,21.24,18.968,29.198,21.014,30.069,31.277,31.019,25.651,4.984,18.732
"2023-06",0.212,3.607,1.305,14.786,29.222,24.294,26.559,28.468,28.004,23.094,27.58,27.896,NA,16.103,21.238,7.886,6.495,17.815,21.897,20.964,22.542,28.633,29.846,28.746,27.995,20.725,25.373,25.819,0.447,NA,NA,4.108,24.28,NA,NA,21.545,29.719,30.603,30.652,28.668,24.51,23.762,15.657,16.18,-13.702,-17.979,-0.507,22.209,28.6,19.997,20.646,28.581,19.584,29.37,30.346,30.343,24.31,3.366,18.556
"2023-07",1.702,4.996,3.273,16.27,30.959,26.467,27.957,28.685,28.705,22.348,28.21,27.318,NA,14.932,19.757,7.187,7.964,20.07,23.21,24.385,23.225,28.428,28.575,27.127,27.091,19.594,24.191,24.91,1.75,NA,NA,7.167,25.065,NA,NA,24.228,31.019,28.999,30.13,27.578,23.516,22.631,14.401,15.199,-13.768,-19.153,-0.104,23.726,27.799,19.1,22.124,27.955,18.719,28.108,29.751,29.776,23.257,2.595,18.461
"2023-08",2.292,5.302,4.102,16.061,31.731,27.017,28.858,28.823,29.047,22.454,28.753,26.761,NA,14.665,19.067,6.703,8.385,21.359,19.668,25.36,23.903,28.311,27.809,26.079,26.123,18.929,23.478,24.058,2.141,NA,NA,9.494,22.523,NA,NA,26.092,31.384,29.017,30.011,27.13,22.876,21.875,13.706,14.493,-13.86,-21.66,0.206,24.598,27.554,18.562,23.212,27.464,18.1,27.324,29.73,29.249,22.514,2.345,18.426
"2023-09",1.302,4.468,3.067,15.889,30.654,26.155,28.83,28.93,29.157,22.885,28.708,26.876,NA,14.827,19.357,6.657,7.726,19.757,14.619,23.862,24.668,28.573,28.19,27.125,26.448,18.591,23.814,24.282,1.777,NA,NA,8.278,18.136,NA,NA,25.121,30.677,29.36,30.06,27.52,22.645,21.949,13.493,14.345,-13.68,-18.115,-0.55,24.531,27.395,18.397,23.078,27.598,17.979,27.729,29.608,29.24,22.416,2.633,18.367
"2023-10",-1.139,2.191,0.964,14.303,26.708,23.891,27.804,28.454,28.709,22.754,28.567,27.451,NA,15.528,19.895,7.475,6.3,16.266,12.884,21.498,25.062,29.164,28.365,28.801,28.23,18.843,25.237,25.837,-0.061,NA,NA,5.288,16.795,NA,NA,22.356,29.496,30.643,30.162,28.359,22.629,22.468,13.776,14.975,-8.288,-13.729,-4.128,23.846,27.679,18.782,22.091,27.999,18.496,29.581,30.292,29.848,22.913,3.26,18.401
"2023-11",-6.343,-2.602,-2.848,11.827,23.914,21.638,26.011,28.078,27.99,23.368,28.279,27.921,NA,17.009,21.289,8.549,5.167,13.755,4.453,18.542,23.753,29.213,28.719,28.261,29.898,20.022,26.439,27.059,-10.373,NA,NA,2.257,9.659,NA,NA,19.645,26.891,29.222,29.747,29.307,22.557,24.018,14.74,16.304,-4.198,-7.604,-15.006,22.436,28.153,19.75,20.762,28.51,19.46,29.239,29.158,30.176,23.729,4.215,18.224
"2023-12",-13.65,-5.531,-8.377,10.716,20.882,19.279,23.808,26.827,26.998,24.049,27.396,28.58,NA,18.218,23.489,10.105,2.451,11.962,6.878,16.724,22.286,29.26,28.851,26.648,29.62,21.025,27.468,28.448,-20.522,NA,NA,-1.232,9.582,NA,NA,17.01,23.623,28.027,29.169,30.368,23.306,25.735,16.673,18.374,-1.077,-2.847,-21.675,21.018,28.292,21.332,19.472,28.602,20.944,28.056,28.333,30.132,25.155,5.721,18.273
"2024-01",-19.348,-9.225,-21.373,9.754,17.559,17.391,22.384,26.107,26.168,25.199,26.698,28.953,NA,19.445,25.5,11.813,1.393,10.458,2.045,14.91,20.103,28.451,29.348,25.357,27.935,22.171,27.506,28.02,-23.294,NA,NA,-5.107,5.278,NA,NA,14.533,20.794,27.206,28.363,30.675,24.685,27.014,18.546,20.038,0.951,-0.484,-25.157,20.077,28.283,22.732,18.359,28.788,22.633,27.167,27.362,29.403,26.14,7.106,18.348
"2024-02",-18.464,-9.302,-24.335,9.88,17.801,16.525,21.985,26.152,25.584,26.143,26.307,29.219,NA,19.899,26.563,12.07,1.085,9.924,3.243,14.208,19.963,28.764,30.276,25.326,28.427,22.895,28.134,29.277,-29.452,NA,NA,-8.398,8.076,NA,NA,13.54,20.715,27.089,27.993,30.628,26.25,27.687,19.126,20.924,1.153,-0.177,-27.741,19.487,28.412,23.356,17.782,29.235,23.702,26.94,27.145,29.337,26.924,7.851,18.432
"2024-03",-16.921,-6.278,-18.776,9.35,18.408,17.039,22.406,26.828,25.628,26.438,26.158,29.435,NA,19.57,26.042,11.017,1.216,10.269,5.989,14.624,20.242,29.036,31.066,26.411,29.857,23.359,28.914,29.546,-19.492,NA,NA,-8.187,9.748,NA,NA,14.026,21.867,27.956,28.5,30.349,26.803,27.046,19.434,20.484,-0.576,-1.442,-22.799,19.47,28.934,23.109,17.658,29.543,23.534,27.503,27.934,30.006,27.355,7.632,18.675
"2024-04",-10.55,-2.068,-8.086,10.285,21.148,18.572,23.406,27.667,26.031,26.466,26.191,29.576,NA,18.514,24.065,10.017,1.749,11.119,12.256,16.006,21.144,28.716,31.464,27.753,30.478,22.382,27.838,28.581,-14.009,NA,NA,-2.635,15.315,NA,NA,15.347,24.653,29.523,29.398,30.143,26.312,25.943,18.131,19.125,-5.026,-7.397,-16.28,19.894,29.635,22.264,17.922,29.405,22.481,28.564,30.109,30.794,26.724,6.612,18.742
"2024-05",-1.983,0.633,-1.202,11.715,25.866,21.667,24.999,28.29,26.738,26.379,26.601,29.175,NA,17.225,22.596,8.786,4.097,13.202,14.844,18.115,21.748,28.901,31.125,29.904,29.887,21.312,26.558,27.178,-3.824,NA,NA,0.363,19.143,NA,NA,18.021,28.68,30.548,30.261,29.139,25.579,24.468,16.778,17.037,-9.781,-13.119,-4.573,20.832,29.831,21.127,19.233,29.098,20.93,29.976,30.902,31.1,25.534,5.203,18.841
"2024-06",0.171,3.447,1.747,13.731,29.792,24.757,26.772,28.626,27.7,26.391,27.194,28.22,NA,15.889,20.898,7.567,6.193,17.052,21.296,21.581,22.279,28.721,29.545,28.597,28.472,20.124,25.096,25.877,0.134,NA,NA,3.781,23.905,NA,NA,21.901,30.657,29.716,30.526,27.93,24.479,23.117,15.568,15.501,-12.018,-17.462,-0.659,22.188,29.573,19.926,20.897,28.3,19.62,29.199,31.094,30.559,24.114,3.782,18.698
"2024-07",2.046,5.7,4.55,15.367,31.116,26.496,28.52,28.863,28.351,25.603,27.775,27.193,NA,15.122,19.72,7.067,8.343,18.884,23.923,24.929,22.722,28.423,27.957,27.148,27.265,18.95,24.099,24.895,1.18,NA,NA,7.785,26.26,NA,NA,24.944,31.493,29.534,29.919,26.869,23.647,21.983,14.329,14.581,-13.58,-22.273,-0.026,23.726,29.162,19.05,22.451,27.681,18.632,28.165,30.549,29.829,23.089,2.816,18.601
"2024-08",2.825,6.509,4.972,16.014,31.328,26.681,29.024,29.036,28.688,24.507,28.231,26.924,NA,14.604,19.565,6.635,8.306,19.137,22.349,25.457,23.302,28.136,27.236,26.873,26.826,18.021,23.929,24.64,1.539,NA,NA,9.481,24.525,NA,NA,26.165,31.48,29.103,29.868,26.45,22.72,21.507,13.769,14.152,-13.621,-21.148,0.295,24.838,28.617,18.451,23.396,27.122,18.061,27.594,30.319,29.425,22.409,2.217,18.528
"2024-09",1.446,5.565,3.839,14.564,30.06,26.785,28.137,29.136,28.873,23.967,28.452,27.027,NA,14.836,19.283,6.499,7.827,18.151,15.688,23.911,23.89,28.344,27.022,28.462,27.465,17.85,24.418,24.978,0.2,NA,NA,8.342,19.615,NA,NA,24.669,30.947,29.077,29.453,26.79,22.212,21.756,13.577,14.28,-13.826,-18.112,-0.6,24.726,28.416,18.271,23.2,27.133,17.856,28.46,29.953,29.586,22.278,2.438,18.403
"2024-10",-0.758,3.545,1.997,12.44,27.556,24.303,27.616,29.074,28.659,24.118,28.562,27.477,NA,15.776,19.791,7.064,6.555,15.367,11.853,20.749,24.336,28.744,27.675,29.191,28.238,18.254,24.92,25.222,-4.496,NA,NA,4.913,16.257,NA,NA,22.948,29.973,30.124,29.726,27.612,22.11,22.596,13.716,14.717,-9.699,-13.557,-4.839,23.929,28.848,18.731,22.155,27.696,18.19,29.626,30.58,29.921,22.774,3.126,18.388
"2024-11",-4.295,0.579,-0.234,11.004,23.434,21.337,25.684,28.585,27.982,24.227,28.232,28.213,NA,16.849,21.592,8.006,4.905,13.125,7.522,17.889,23.318,29.401,28.435,28.927,29.585,19.438,25.959,26.448,-13.721,NA,NA,1.139,11.739,NA,NA,19.601,26.572,29.302,29.51,28.651,22.73,23.653,14.992,15.915,-5.091,-7.425,-12.384,22.481,29.085,19.758,20.959,28.254,19.368,29.652,29.636,30.351,23.837,4.209,18.351
"2024-12",-10.792,-4.112,-4.863,9.54,19.56,18.859,23.184,27.416,27.054,24.612,27.312,28.554,NA,18.011,23.172,9.57,2.742,11.569,0.793,16.301,21.859,29.621,28.873,26.725,30.28,20.553,27.111,27.789,-22.69,NA,NA,-3.238,5.976,NA,NA,17.37,22.512,27.947,28.96,29.741,23.926,24.667,17.163,17.788,-1.134,-2.849,-21.638,21.078,29.153,21.323,19.523,28.63,20.714,28.096,28.443,30.088,25.156,5.609,18.322
"2025-01",-11.933,-10.258,-16.533,8.074,17.171,17.644,21.575,26.623,26.19,25.807,26.443,29.045,NA,19.52,24.823,11.318,2.624,9.641,-11.555,14.221,20.665,29.376,29.385,25.751,28.943,22.174,28.242,29.005,-26.415,NA,NA,-9.336,-1.503,NA,NA,15.78,19.646,27.542,28.74,29.888,25.722,26.346,18.396,19.149,1.018,-1.062,-22.332,20.041,29.335,22.634,18.414,28.851,22.529,27.319,27.828,29.643,26.571,7.018,18.523
"2025-02",-17.727,-7.088,-21.289,8.606,17.039,16.531,21.256,26.112,25.629,26.251,26.33,29.581,NA,20.229,25.805,12.295,0.966,9.813,0.792,13.759,20.341,29.367,30.572,25.595,28.858,23.287,29.137,29.508,-26.641,NA,NA,-11.983,5.555,NA,NA,14.25,19.934,27.513,28.494,29.856,25.317,27.338,18.745,20.325,1.424,-0.699,-26.305,19.41,29.319,23.462,17.969,29.516,23.623,27.135,27.765,29.696,27.168,7.725,18.598
"2025-03",-14.62,-5.87,-16.698,9.32,17.779,16.87,21.836,26.328,25.622,26.076,26.498,29.759,NA,19.73,25.93,11.053,1.165,10.145,4.826,14.015,19.963,29.029,31.246,26.516,29.807,22.938,28.897,29.249,-21.873,NA,NA,-6.214,9.69,NA,NA,14.323,21.493,28.245,28.968,30.543,25.529,27.136,18.804,19.485,-0.437,-2.484,-24.244,19.461,29.16,23.387,17.758,29.628,23.419,27.618,28.472,30.233,27.004,7.438,18.676
"2025-04",-7.197,-4.513,-9.121,9.773,21.359,18.758,23.154,27.355,26.085,25.942,26.591,29.817,NA,18.419,24.326,9.542,3.176,11.113,8.767,15.427,20.901,28.816,31.575,27.952,30.397,22.639,27.707,28.269,-14.17,NA,NA,-3.153,13.161,NA,NA,15.606,24.531,29.386,30.085,30.43,25.676,26.295,17.95,18.757,-5.748,-8.874,-15.716,19.855,29.322,22.508,18,29.649,22.531,28.633,30.21,30.921,26.349,6.495,18.739
"2025-05",-2.607,0.861,-1.636,11.433,25.095,21.225,24.77,28.32,26.769,24.834,26.906,28.752,NA,16.992,22.408,8.687,4.485,13.08,14.395,18.37,22.373,29.182,31.098,29.779,29.719,21.715,26.788,27.458,-5.554,NA,NA,0.434,17.934,NA,NA,18.466,27.671,30.428,30.775,29.852,25.196,24.982,16.66,17.456,-10.874,-14.916,-5.373,20.813,29.493,21.221,18.955,29.324,21.069,29.575,30.873,30.996,25.285,4.944,18.734
"2025-06",0.299,3.127,1.489,14.028,29.655,24.368,26.967,28.179,27.55,23.584,27.355,27.761,NA,15.749,20.667,7.724,6.66,16.556,20.883,21.865,22.823,28.944,29.176,28.92,28.349,20.015,25.36,26.143,-0.193,NA,NA,4.154,23.81,NA,NA,22.372,30.134,29.815,30.837,28.59,24.17,23.404,15.382,15.951,-13.688,-20.104,-0.754,22.366,29.061,19.991,20.568,28.321,19.524,29.394,30.738,30.431,23.96,3.412,18.574
"2025-07",2.273,5.782,3.643,16.228,30.464,26.15,28.013,28.385,28.194,23.7,28.105,27.006,NA,15.328,19.882,7.078,8.744,18.448,22.981,23.94,23.007,28.347,27.713,26.835,27.07,19.029,24.315,24.998,0.803,NA,NA,8.75,25.263,NA,NA,25.28,30.384,28.998,30.157,27.349,23.495,22.132,14.334,14.866,-12.783,-20.938,-0.203,23.807,28.617,19.083,22.093,27.663,18.497,27.659,30.089,29.627,22.884,2.617,18.5
"2025-08",3.007,5.889,4.914,16.038,31.367,27.064,28.756,28.713,28.624,22.898,28.52,26.883,NA,14.794,19.483,6.634,9.05,19.524,21.483,24.827,23.815,28.17,26.545,26.591,26.617,18.177,23.896,24.549,0.659,NA,NA,10.792,24.097,NA,NA,25.918,30.53,28.783,29.649,26.817,22.74,21.429,13.569,14.326,-13.631,-19.154,-0.249,24.662,27.994,18.503,23.105,27.187,17.943,27.166,29.346,29.192,22.208,2.355,18.415
"2025-09",1.741,5.071,3.6,15.61,30.404,25.701,28.924,28.729,28.758,23.41,28.753,26.953,NA,15.226,19.323,6.677,7.979,18.399,15.104,23.144,25.127,28.712,26.774,27.381,26.664,18.295,23.934,24.391,-1.61,NA,NA,9.092,19.028,NA,NA,24.998,30.986,29.435,29.457,27.327,22.274,21.839,13.334,14.316,-14.282,-14.834,-1.845,24.59,27.945,18.369,23.272,27.289,17.76,27.435,29.385,29.254,22.079,2.38,18.301
"2025-10",-1.303,2.91,1.459,13.301,27.775,24.277,27.407,28.596,28.409,23.488,28.826,27.538,NA,15.946,19.942,6.956,6.577,15.605,10.063,20.703,25.298,29.142,27.467,28.63,27.945,18.66,24.821,25.219,-7.735,NA,NA,5.804,14.992,NA,NA,23.171,29.323,30.088,29.907,28.018,22.366,22.496,13.885,14.708,-10,-12.787,-8.875,23.81,28.365,18.654,22.144,27.744,18.13,29.049,30.13,29.913,22.681,3.026,18.197
"2025-11",-7.476,-0.376,-2.932,11.825,23.32,21.209,25.332,27.795,27.524,23.623,28.264,28.142,NA,17.108,21.598,8.318,4.716,13.114,6.898,17.876,23.854,29.475,28.12,28.58,29.55,19.64,26.192,26.995,-14.143,NA,NA,2.34,11.158,NA,NA,19.74,26.85,29.132,29.341,29.181,22.744,24.121,14.957,15.739,-5.085,-7.024,-16.832,22.523,28.851,19.681,20.856,28.251,19.281,29.359,28.773,30.217,23.927,4.164,18.178
"2025-12",-12,-5.328,-9.76,8.401,20.537,19.667,23.242,27.163,26.724,24.421,27.261,28.864,NA,18.642,23.318,10.16,3.43,11.525,5.149,15.971,22.199,29.366,29.025,26.869,29.978,21.39,27.461,28.186,-24.4,NA,NA,-1.433,8.6,NA,NA,17.163,23.096,27.791,28.951,30.604,23.245,25.643,16.631,17.678,-1.018,-2.376,-25.444,21.11,29.067,21.145,19.491,28.906,20.973,28.158,27.763,29.785,25.119,5.656,18.213
"2026-01",-17.142,-8.256,-23.622,6.906,18.949,18.764,22.064,26.782,26.019,25.612,26.584,29.371,NA,19.883,25.459,11.259,2.429,10.307,-0.694,14.641,20.629,29.035,29.995,25.912,28.78,23.265,28.385,28.687,-26.241,NA,NA,-7.53,4.798,NA,NA,15.361,20.576,27.126,28.331,30.198,24.835,26.728,18.555,19.607,0.978,-0.396,-27.936,20.084,29.035,22.583,18.253,29.275,22.905,27.3,26.979,29.399,26.302,7.091,18.36
"2026-02",-17.179,-8.175,-24.851,6.779,18.939,17.716,21.771,26.714,25.626,26.203,26.164,29.574,NA,20.194,25.753,12.13,2.215,9.847,1.208,14.046,20.306,29.218,30.455,25.97,28.949,24.078,28.646,29.011,-25.738,NA,NA,-9.821,6.275,NA,NA,14.553,20.795,27.079,28.281,30.179,25.722,27.143,19.276,20.296,1.534,0.311,-26.982,19.523,29.04,23.379,17.614,29.445,23.732,27.119,26.932,29.43,26.966,7.797,18.563
"2026-03",-16.356,-7.281,-17.774,7.474,18.943,17.005,22.031,26.662,25.512,25.685,26.252,30.052,NA,19.821,25.806,10.888,0.843,10.054,6.043,14.313,20.536,29.406,31.177,27.134,30.103,23.694,28.242,28.787,-19.645,NA,NA,-5.865,9.93,NA,NA,14.7,21.887,27.857,28.661,30.302,25.948,27.439,19.392,20.443,-0.47,-1.421,-23.9,19.466,29.381,23.286,17.534,29.836,23.674,27.876,27.801,30.136,27.021,7.533,18.717
"2026-04",-10.066,-2.644,-9.76,9.287,21.748,18.816,23.434,27.772,26.127,25.748,26.588,29.471,NA,18.602,23.804,9.552,2.389,11.091,8.446,15.343,20.355,29.042,31.659,28.448,30.716,22.764,28.018,28.556,-13.965,NA,NA,-2.316,11.814,NA,NA,16.251,24.003,28.942,29.72,30.278,25.365,26.21,18.312,18.877,-5.33,-7.387,-16.989,19.962,29.754,22.478,17.901,29.632,22.498,28.705,29.778,30.893,26.434,6.561,18.763
"2026-05",-2.856,-0.007,-2.29,10.699,25.836,21.424,24.952,28.574,26.902,25.025,26.914,28.787,NA,17.586,22.195,8.375,4.466,13.69,16.864,17.953,20.983,28.48,30.921,30.479,30.129,21.312,26.62,27.578,-2.93,NA,NA,0.898,19.89,NA,NA,19.568,28.087,30.183,30.502,29.186,24.765,24.558,16.966,17.124,-9.119,-13.228,-4.971,20.9,29.803,21.287,18.72,29.05,20.813,29.947,31.233,31.154,25.279,5.237,18.833
"2026-06",0.278,4.165,0.735,13.8,29.01,24.329,26.477,28.636,27.612,24.616,27.301,27.955,NA,16.472,20.685,7.833,7.35,17.346,20.277,21.611,21.858,28.477,29.607,29.309,28.727,19.974,25.376,26.458,0.394,NA,NA,3.395,23.31,NA,NA,22.254,30.066,30.078,30.577,28.206,24.076,23.414,15.279,15.876,-10.681,-17.123,-0.851,22.529,29.634,19.979,20.43,28.324,19.441,29.659,31.077,30.545,24.095,3.853,18.751
"2026-07",1.989,6.665,2.768,15.707,31.18,26.03,28.191,28.607,28.242,23.355,27.972,27.139,NA,15.036,20.038,7.09,8.433,18.262,25.006,23.995,22.731,28.057,28.174,28.001,27.775,18.952,24.691,25.572,2.475,NA,NA,6.213,26.661,NA,NA,24.72,30.641,29.41,30.051,27.175,23.237,22.263,14.111,14.78,-14.031,-22.343,-0.186,24.091,28.983,18.984,21.883,27.491,18.467,28.604,30.272,29.631,22.874,2.813,18.533
"2026-08",2.661,7.541,3.488,16.533,30.848,25.898,29.032,28.856,28.702,22.997,28.47,26.682,NA,14.622,19.397,6.657,8.931,18.121,21.628,23.989,23.899,28.64,28.258,27.428,27.209,19.106,24.516,24.954,2.732,NA,NA,7.779,24.279,NA,NA,26.052,30.744,28.796,29.585,26.828,22.532,21.778,13.646,14.387,-15.959,-22.261,0.11,24.996,28.401,18.366,22.8,27.439,17.9,27.831,29.311,29.202,22.354,2.22,18.412
"2026-09",1.113,4.844,2.553,14.956,30.377,26.485,28.542,28.981,28.844,22.967,28.753,26.861,NA,14.831,19.441,6.648,8.144,17.912,15.494,22.969,24.25,28.679,28.181,28.094,27.271,18.838,24.859,25.16,1.776,NA,NA,8.129,19.181,NA,NA,25.643,30.734,29.874,29.439,27.061,22.122,21.852,13.397,14.271,-12.838,-16.344,-1.546,24.73,28.299,18.193,22.842,27.431,17.738,28.377,30.008,29.289,22.234,2.684,18.397
"2026-10",-2.331,1.165,-0.384,13.001,28.505,25.101,28.012,28.838,28.472,23.719,28.661,27.37,NA,16.049,20.047,6.988,6.471,15.96,10.124,21.134,24.707,28.975,28.761,29.025,28.184,19.578,25.82,25.946,0.341,NA,NA,5.808,14.383,NA,NA,23.247,29.705,30.532,29.615,27.727,22.008,22.515,14.072,14.733,-10.11,-11.178,-6.479,23.819,28.558,18.661,21.845,27.875,18.175,29.577,30.465,29.796,22.551,3.132,18.315
"2026-11",-7.849,-1.848,-4.033,11.639,22.724,21.467,25.924,28.128,27.711,24.099,27.981,28.134,NA,17.409,21.928,8.206,4.848,12.765,6.599,17.761,23.119,29.226,28.808,28.626,29.837,20.607,26.969,27.301,-6.606,NA,NA,2.509,10.751,NA,NA,20.395,26.095,29.524,29.554,28.95,22.358,23.819,14.987,15.646,-4.455,-6.666,-13.578,22.579,29.023,19.688,20.521,28.273,19.318,29.274,29.745,30.265,23.657,4.277,18.319
"2026-12",-12.862,-3.775,-10.911,10.577,17.871,18.177,23.145,26.751,26.568,25.009,27.084,28.574,NA,18.432,24.063,9.619,3.471,10.816,5.156,15.596,21.725,29.214,29.443,27.06,30.526,21.715,27.936,28.325,-19.724,NA,NA,-0.899,9.091,NA,NA,17.175,23.235,28.237,28.864,29.971,23.321,25.437,16.117,17.239,-0.717,-2.116,-21.068,21.21,29.354,21.341,19.392,28.887,20.926,28.241,28.536,30.199,25.207,5.777,18.394
"2027-01",-18.993,-7.475,-22.603,10.355,16.379,16.098,21.96,25.788,25.686,25.97,26.386,29.197,NA,19.448,25.883,10.976,1.696,10.133,4.492,14.515,20.756,29.139,30.022,25.967,29.366,22.847,28.369,28.684,-21.447,NA,NA,-4.749,8.059,NA,NA,14.976,21.198,27.496,28.131,30.513,24.664,26.802,18.324,19.548,1.821,-0.285,-22.853,20.207,29.159,22.552,18.401,29.164,22.585,27.455,27.769,29.72,26.438,7.255,18.53
"2027-02",-18.509,-6.123,-24.458,10.216,16.235,15.36,21.703,25.945,25.327,26.219,26.119,29.625,NA,20.312,26.062,11.262,0.025,9.405,4.886,13.845,20.424,29.333,30.859,25.838,29.379,23.892,28.577,29.461,-20.994,NA,NA,-7.687,8.019,NA,NA,13.779,20.793,27.585,28.561,30.46,25.208,27.79,19.118,20.813,1.818,0.091,-24.179,19.647,28.988,23.255,17.843,29.662,23.633,27.019,28.345,30.035,27.031,7.998,18.7
"2027-03",-17.133,-6.413,-20.995,10.648,17.626,16.262,22.028,26.18,25.405,26.028,26.164,29.948,NA,20.222,25.978,11.466,1.578,9.924,5.862,13.919,20.724,29.491,31.47,26.637,30.276,23.528,28.489,29.342,-18.613,NA,NA,-4.061,9.307,NA,NA,13.667,21.825,28.443,28.97,30.379,25.079,27.82,18.967,20.814,-0.378,-1.989,-23.232,19.582,29.055,23.244,17.624,29.808,23.641,27.358,29.186,30.583,27.041,7.707,18.752
"2027-04",-10.961,-2.192,-9.78,11.537,19.974,17.935,23.142,26.958,25.767,25.517,26.403,29.773,NA,18.863,25.533,10.413,2.218,11.46,13.413,15.752,21.086,29.382,31.749,27.601,30.655,22.913,27.929,28.466,-10.759,NA,NA,-0.925,15.017,NA,NA,15.203,24.216,29.735,30.103,30.278,25.686,26.131,18.045,18.814,-4.454,-7.191,-14.76,19.865,29.377,22.444,17.959,29.523,22.492,27.96,31.191,31.029,26.473,6.736,18.822
"2027-05",-2.688,2.122,-2.453,13.254,24.488,20.262,25.261,27.402,26.317,24.652,26.856,29.23,NA,17.051,23.578,8.933,4.014,13.394,16.194,18.042,21.727,28.847,30.809,29.731,29.993,21.785,26.851,27.488,-1.463,NA,NA,1.311,19.922,NA,NA,18.12,27.435,30.305,30.751,29.139,25.372,24.546,16.843,17.241,-8.6,-11.835,-3.624,21.05,29.585,21.2,18.886,28.971,21.015,29.195,31.57,30.946,25.339,5.481,18.912
"2027-06",0.523,4.405,0.772,15.215,28.366,24.056,26.951,28.123,27.146,23.92,27.247,28.424,NA,15.802,21.332,7.57,6.252,16.716,19.337,21.527,22.242,28.556,28.841,29.275,29.045,20.263,25.611,26.492,0.986,NA,NA,4.98,22.307,NA,NA,21.787,29.684,30.607,30.47,28.135,24.681,23.55,15.565,16.195,-11.733,-19.259,-0.458,22.683,29.394,19.911,20.478,28.229,19.696,29.426,30.431,30.325,24.159,4,18.754
"2027-07",1.893,6.206,2.505,16.572,29.958,26.159,28.08,28.21,27.882,23.28,27.858,27.299,NA,14.713,20.24,7.011,8.079,19.499,21.819,24.551,23.225,28.392,28.02,27.695,27.601,19.389,24.677,25.42,2.388,NA,NA,8.591,24.945,NA,NA,24.861,30.46,29.261,29.967,26.804,24.254,22.382,14.549,15.003,-14.093,-19.224,-0.067,24.095,28.964,18.956,22.069,27.686,18.631,28.341,29.434,29.579,23.139,3.077,18.634
"2027-08",2.312,7.295,3.309,17.396,31.126,26.575,28.854,28.723,28.476,23.156,28.591,26.965,NA,14.389,19.701,6.34,7.9,18.968,21.318,24.525,24.524,28.141,27.163,27.78,27.332,18.517,24.226,24.923,2.718,NA,NA,10.791,24.138,NA,NA,25.744,31.314,28.993,29.505,26.355,23.489,21.971,14.016,14.447,-15.815,-18.64,0.516,24.966,28.271,18.376,23.158,27.022,17.981,28.041,29.617,29.424,22.625,2.676,18.542
"2027-09",1.252,6.173,2.605,17.271,30.439,25.649,28.977,28.907,28.689,23.521,28.719,27.107,NA,14.803,19.81,6.106,7.256,16.842,16.812,22.473,24.409,28.491,27.323,28.353,27.567,18.405,24.466,24.935,1.935,NA,NA,9.773,20.495,NA,NA,24.761,30.155,29.47,29.233,26.699,23.088,21.838,13.826,14.141,-13.387,-16.176,0.16,25.16,28.192,18.307,23.065,27.223,17.945,28.46,29.605,29.502,22.505,2.839,18.542
"2027-10",-1.268,3.003,0.852,14.253,27.744,24.252,27.917,28.662,28.383,23.705,28.515,27.465,NA,15.913,19.998,6.563,6.512,15.23,10.455,20.596,23.926,28.84,27.61,28.958,28.662,18.967,25.503,25.791,0.122,NA,NA,5.85,13.928,NA,NA,22.65,28.704,30.075,29.783,27.574,22.882,22.684,13.968,14.55,-9.448,-12.308,-2.717,24.244,28.569,18.696,22.031,27.636,18.339,29.126,30.138,29.853,22.868,3.256,18.491
"2027-11",-7.244,-1.094,-4.07,12.668,23.639,21.683,26.089,28.042,27.64,24.133,28.134,27.906,NA,17.213,21.911,7.801,4.867,12.485,7.545,18.02,23.515,29.248,28.185,28.164,30.2,20.396,26.994,27.458,-8.404,NA,NA,2.661,11.215,NA,NA,19.791,25.532,29.344,29.587,28.806,22.958,24.162,14.423,15.402,-4.261,-4.99,-12.448,22.819,28.992,19.735,20.758,28.098,19.62,28.658,29.623,30.254,24.068,4.458,18.444
"2027-12",-12.302,-5.487,-11.561,11.17,19.233,18.916,23.634,27.023,26.656,25.23,27.503,28.563,NA,19.022,23.518,10.07,3.02,10.385,2.323,15.459,21.953,29.378,29.321,27.186,29.923,22.145,27.662,28.154,-17.312,NA,NA,0.081,7.644,NA,NA,16.841,22.919,27.758,28.81,29.924,23.859,25.442,15.879,17.332,-0.522,-1.624,-19.21,21.334,29.296,21.165,19.603,28.769,21.148,28.113,27.851,29.959,25.615,5.995,18.505
"2028-01",-14.458,-8.046,-19.257,10.735,16.106,17.088,21.785,25.88,25.767,26.409,26.793,29.309,NA,19.897,25.967,11.215,1.271,9.42,0.549,14.448,20.827,29.043,30.297,25.938,29.157,23.169,28.394,29.094,-26.273,NA,NA,-5.473,6.533,NA,NA,14.498,21.068,27.217,28.539,29.987,24.407,27.055,18.406,19.308,1.657,0.082,-25.314,20.112,29.441,22.533,18.693,29.346,22.963,27.282,27.615,29.723,26.527,7.486,18.598
"2028-02",-17.46,-10.108,-20.981,10.512,16.643,16.349,21.721,25.658,25.324,26.366,26.677,29.636,NA,19.903,26.905,11.123,0.613,9.171,6.937,13.882,20.326,29.156,30.878,25.653,29.282,23.975,29.295,29.864,-24.016,NA,NA,-8.52,9.832,NA,NA,13.204,20.959,27.287,28.346,29.817,25.579,27.781,20.256,20.344,1.968,0.215,-26.932,19.429,29.203,23.25,18.179,29.612,24.045,27.051,27.452,29.727,27.211,8.119,18.693
"2028-03",-13.744,-4.614,-18.903,11.022,17.579,16.129,22.124,26.072,25.452,26.158,26.754,29.904,NA,19.62,26.261,10.337,0.56,9.444,6.996,14.003,20.672,29.423,31.702,26.637,30.044,23.654,28.968,29.655,-16.084,NA,NA,-5.008,10.712,NA,NA,13.312,22.566,27.88,28.29,30.208,25.766,27.51,19.916,20.45,-0.143,-2.076,-21.18,19.508,29.096,23.316,18.061,29.998,23.644,27.807,27.429,29.851,27.349,7.768,18.858
"2028-04",-10.209,-1.263,-11.735,11.802,19.699,17.754,23.38,27.265,26.137,25.66,26.87,29.837,NA,18.508,25.206,9.666,2.122,9.884,8.325,14.251,21.097,29.311,32.003,28.306,30.863,23.078,27.884,28.854,-11.274,NA,NA,-2.211,12.765,NA,NA,14.679,24.506,29.206,29.498,30.357,26.393,26.569,19.007,19.2,-4.682,-5.6,-13.601,19.992,29.19,22.495,18.383,29.811,22.414,28.787,29.622,30.594,26.7,6.736,18.867
"2028-05",-2.643,0.967,-2.852,12.404,23.193,20.387,24.855,28.065,26.989,24.367,27.099,29.407,NA,16.451,23.736,8.366,4.061,12.105,18.387,17.272,21.142,29.14,31.223,30.227,30.135,21.81,26.877,27.411,-2.884,NA,NA,0.833,20.317,NA,NA,18.069,28.035,30.518,30.459,29.324,25.953,24.893,17.427,17.292,-9.955,-11.629,-4.374,20.955,29.333,21.153,19.219,29.318,20.907,30.224,30.869,31.024,25.531,5.316,18.847
"2028-06",0.488,3.559,0.739,14.05,28.487,24.062,26.701,28.16,27.684,23.175,27.6,28.363,NA,15.462,22.306,7.339,6.084,15.51,22.783,21.226,22.389,28.774,29.189,29.363,28.781,20.195,25.458,26.233,0.811,NA,NA,4.457,24.859,NA,NA,21.855,30.837,30.508,30.657,27.786,25.197,23.354,15.608,16.041,-12.402,-14.39,-0.739,22.361,29.033,19.972,20.68,28.416,19.652,29.89,30.894,30.569,24.081,4.204,18.754
"2028-07",1.846,5.613,2.805,16.375,30.617,26.022,28.53,28.396,28.307,23.099,28.203,27.375,NA,14.735,20.785,6.614,7.489,18.994,24.093,24.514,23.242,28.574,27.77,26.822,27.306,19.14,24.46,25.228,2.8,NA,NA,7.028,26.381,NA,NA,24.541,30.632,29.181,29.898,26.965,24.242,22.666,14.649,15.14,-14.892,-18.749,-0.21,23.977,28.357,19.028,22.264,27.632,18.661,28.026,29.728,29.485,23.023,3.083,18.562
"2028-08",2.537,6.411,3.341,17.169,30.813,26.713,29.221,28.625,28.709,22.822,28.65,26.885,NA,14.571,19.527,6.177,7.613,19.43,20.963,24.653,24.611,28.533,26.881,26.609,26.705,18.4,23.912,24.72,3.342,NA,NA,8.753,23.59,NA,NA,26.09,31.455,28.816,29.727,26.584,23.363,22.175,13.976,14.638,-16.084,-19.794,0.413,24.835,27.804,18.509,23.202,27.29,18.013,27.293,29.407,29.245,22.502,2.625,18.478
"2028-09",0.967,5.041,2.668,16.101,30.43,26.13,28.884,28.884,28.76,23.293,28.81,26.999,NA,15.099,19.405,6.161,6.98,17.704,15.633,23.057,25.069,28.536,27.188,27.765,27.135,18.398,24.356,25.005,1.988,NA,NA,8.265,19.506,NA,NA,25.201,30.836,29.353,29.503,26.785,22.87,22.176,13.668,14.435,-14.238,-18.358,-0.063,24.795,27.851,18.345,23.102,27.361,17.832,27.852,29.725,29.417,22.455,2.548,18.393
"2028-10",-2.342,3.202,0.328,13.633,27.67,24.333,27.555,28.912,28.436,23.563,28.608,27.531,NA,16.194,20.143,6.982,5.714,15.62,12.207,20.217,24.207,29.213,28.234,28.465,28.266,19.108,25.266,25.666,0.212,NA,NA,5.962,16.298,NA,NA,22.23,29.313,29.323,29.55,27.659,22.401,22.534,13.758,14.718,-10.21,-14.165,-3.758,23.954,28.473,18.832,22.234,27.926,18.375,28.829,29.817,30.005,22.906,3.224,18.425
"2028-11",-7.257,-0.247,-5.59,11.163,23.746,22.038,25.214,28.028,27.775,23.644,28.174,28.051,NA,17.264,21.404,8.381,4.429,12.796,7.725,17.75,23.566,29.557,29.037,28.34,29.499,20.416,26.707,26.877,-6.377,NA,NA,2.987,12.225,NA,NA,19.607,26.31,29.039,29.543,28.922,22.353,23.935,14.766,16.211,-4.809,-6.659,-10.921,22.54,28.807,19.876,20.866,28.459,19.39,29.166,29.355,30.126,24.031,4.217,18.402
"2028-12",-11.124,-3.498,-12.328,9.893,18.656,18.98,22.883,26.901,26.658,24.689,27.268,28.858,NA,18.805,23.396,9.765,2.767,10.675,0.117,15.571,22.089,29.297,29.254,26.877,29.631,21.871,27.607,28.119,-17.789,NA,NA,-0.425,5.666,NA,NA,16.808,23.101,27.912,29.265,29.621,23.219,25.636,16.344,17.77,-1.315,-2.318,-19.134,21.183,29.09,21.504,19.542,28.879,21.042,28.016,28.515,29.953,25.426,5.782,18.468
"2029-01",-18.127,-8.599,-23.289,9.183,17.408,17.508,21.93,26.339,26.008,26.114,26.804,29.302,NA,20.054,25.553,10.99,0.788,9.428,2.345,13.789,20.89,29.391,29.994,25.792,28.456,22.97,28.272,28.982,-25.315,NA,NA,-2.637,7.118,NA,NA,14.511,20.862,27.015,28.219,30.046,24.442,27.134,18.508,20.189,0.899,-0.76,-27.627,20.105,29.21,22.871,18.656,29.361,22.731,27.077,27.621,29.602,26.44,7.082,18.459
"2029-02",-15.942,-7.795,-22.855,9.599,16.085,16.56,21.419,26.052,25.588,26.322,26.74,29.61,NA,20.401,26.807,11.797,0.469,9.127,6.39,13.379,20.263,29.267,30.88,25.9,28.963,23.932,29.002,29.765,-21.456,NA,NA,-6.291,9.938,NA,NA,12.967,21.437,27.166,28.086,30.068,24.999,27.46,19.178,20.627,1.268,-0.498,-23.857,19.472,29.047,23.36,18.226,29.724,23.696,27.121,27.504,29.773,27.171,7.809,18.711
"2029-03",-16.109,-5.627,-19.899,10.184,16.797,16.317,21.74,26.377,25.642,26.74,26.756,29.643,NA,20.54,26.132,11.538,0.889,9.736,6.878,14.026,19.988,28.95,31.841,26.772,30.312,23.659,29.015,29.661,-17.918,NA,NA,-5.566,10.041,NA,NA,13.141,22.288,28.118,28.889,30.853,25.37,27.634,18.878,20.418,-0.349,-2.758,-21.497,19.429,29.241,23.415,18.008,29.781,23.779,27.592,28.38,30.325,27.45,7.605,18.84
"2029-04",-10.561,-4.54,-9.267,10.807,20.541,18.305,23.49,27.182,26.14,26.387,26.777,29.766,NA,19.356,24.94,10.442,0.941,10.844,15.005,16.082,20.38,28.444,32.043,28.091,30.907,22.931,28.19,29.035,-13.486,NA,NA,-1.704,17.555,NA,NA,14.939,25.626,29.735,29.837,30.659,25.774,26.686,17.866,19.414,-4.113,-7.514,-17.051,19.749,29.418,22.59,18.174,29.529,22.724,28.779,30.597,31.068,26.886,6.653,18.818
"2029-05",-2.88,0.671,-2.146,12.131,24.569,20.917,25.103,28.241,26.894,25.645,27.037,29.18,NA,17.74,23.184,9.299,3.066,12.261,15.587,17.787,21.449,28.727,31.467,30.1,29.965,22.03,26.436,27.109,-3.893,NA,NA,1.176,19.187,NA,NA,18.356,28.286,30.534,30.653,29.423,26.035,24.943,16.636,17.244,-11.192,-13.6,-4.967,20.994,29.769,21.398,18.981,29.315,21.031,29.84,30.641,31.181,25.595,5.204,18.875
"2029-06",0.321,4.452,0.759,15.183,28.57,23.652,27.099,28.515,27.665,23.857,27.363,28.338,NA,15.871,21.695,8.067,5.511,15.411,22.954,21.1,22.617,28.847,30.093,28.99,28.727,20.193,24.915,26.035,0.737,NA,NA,3.938,24.839,NA,NA,21.941,29.71,30.369,30.869,28.222,24.986,23.512,15.285,15.789,-13.368,-16.172,-0.649,22.635,29.477,20.127,20.488,28.68,19.837,29.467,30.758,30.613,24.285,4.099,18.836
"2029-07",1.998,6.146,3.791,16.855,30.289,25.862,28.08,28.478,28.271,23.548,27.911,27.417,NA,15.081,20.463,7.047,7.132,17.386,23.096,23.803,23.166,28.546,28.604,27.539,27.546,19.045,24.219,25.128,1.409,NA,NA,7.822,25.386,NA,NA,24.322,30.972,28.724,29.92,26.879,24.195,22.255,14.424,14.708,-15.077,-20.116,-0.187,24.056,28.956,19.133,22.119,27.873,18.769,28.152,29.9,29.776,23.237,3.135,18.648
"2029-08",2.922,6.245,4.352,16.892,31.223,27.021,28.611,28.704,28.709,23.502,28.405,27.115,NA,14.727,20.043,6.617,7.429,19.492,20.06,25.156,23.639,28.551,28.208,27.088,26.958,18.633,24.038,24.474,2.252,NA,NA,9.74,22.607,NA,NA,25.113,31.038,28.656,29.736,26.519,23.314,21.709,13.85,14.305,-15.243,-19.529,0.093,24.996,28.418,18.576,23.183,27.468,18.082,27.567,29.224,29.369,22.513,2.664,18.584
"2029-09",1.533,5.521,3.172,15.725,30.765,26.102,28.61,29.116,29.002,23.919,28.77,27.203,NA,15.244,19.935,6.635,7.122,18.636,16.558,23.206,23.888,28.6,27.768,28.482,27.286,18.425,24.555,24.802,1.264,NA,NA,8.773,20.228,NA,NA,24.472,30.96,29.549,29.474,26.656,22.67,21.706,13.772,14.136,-12.921,-17.916,-0.815,24.842,28.538,18.405,23.158,27.475,17.904,28.379,29.824,29.706,22.413,2.704,18.52
"2029-10",-0.413,3.746,1.494,13.877,28.5,24.242,27.769,28.851,28.513,24.361,28.571,27.4,NA,16.373,20.431,7.408,5.495,15.477,11.698,20.134,24.088,29.05,28.248,29.117,28.702,19.17,25.686,25.887,-1.486,NA,NA,5.853,15.56,NA,NA,22.625,29.305,29.737,29.666,27.384,22.605,22.438,14.31,14.755,-9.571,-13.377,-4.722,24.106,29.109,18.753,22.25,27.883,18.187,29.404,29.815,30.198,23.211,3.447,18.557
"2029-11",-4.465,0.418,-2.352,11.238,23.961,21.905,25.608,28.262,27.677,24.775,28.125,28.038,NA,17.322,21.61,8.302,3.886,12.278,4.157,17.626,23.689,29.257,28.718,28.449,29.753,20.15,26.647,27.307,-11.692,NA,NA,3.119,9.803,NA,NA,19.583,26.326,29.323,29.735,28.813,23.302,23.852,15.527,15.692,-4.74,-5.529,-14.679,22.823,29.784,19.791,20.843,28.301,19.184,29.285,29.496,30.373,24.321,4.452,18.504
"2029-12",-11.403,-3.79,-8.829,9.732,18.599,18.942,23.493,27.241,26.677,25.722,27.168,28.834,NA,18.654,23.563,9.559,1.334,10.623,6.943,15.617,21.574,29.065,29.579,27.064,29.928,21.991,28.139,29.144,-18.423,NA,NA,-0.256,10.321,NA,NA,16.665,23.378,28.194,29.195,29.957,24.312,25.933,17.123,17.829,-0.423,-2.169,-20.244,21.33,30.035,21.403,19.646,28.878,20.735,28.382,28.441,30.296,25.779,5.869,18.611
"2030-01",-16.261,-8.837,-19.654,9.229,17.388,17.839,22.54,26.66,25.841,26.804,26.538,29.451,NA,20.16,24.761,11.483,1.757,9.777,1.667,14.086,19.803,28.685,30.586,25.879,29.19,23.419,28.726,29.748,-21.233,NA,NA,-4.009,5.294,NA,NA,14.452,20.298,27.479,28.904,30.677,25.921,27.299,18.39,19.923,2.082,-0.479,-22.169,20.232,29.929,22.943,18.646,29.341,22.488,27.457,28.025,29.99,27.234,7.265,18.831
"2030-02",-16.991,-7.824,-22.236,9.877,16.765,16.857,22.163,26.621,25.458,27.593,26.307,29.675,NA,20.893,26.303,12.235,1.294,9.888,5.52,13.947,19.631,28.941,31.239,25.811,29.416,24.217,29.295,30.089,-20.741,NA,NA,-7.234,7.921,NA,NA,13.024,19.678,27.487,28.594,30.641,26.545,27.088,18.847,19.584,1.991,0.151,-23.164,19.499,29.579,23.53,18.196,29.662,23.501,27.088,27.78,30.011,27.905,7.908,18.884
"2030-03",-17.452,-7.331,-19.608,10.345,18.56,16.934,22.57,26.66,25.443,26.679,26.251,29.8,NA,20.242,26.85,12.041,0.029,9.976,10.617,14.231,19.957,28.98,32.233,26.679,30.258,24.299,29.568,29.599,-19.748,NA,NA,-6.167,13.127,NA,NA,13.164,21.977,28.427,29.121,30.63,26.915,26.796,18.883,19.661,-0.067,-1.115,-23.92,19.401,29.41,23.513,18.003,29.768,23.713,27.589,28.814,30.366,27.596,7.698,18.836
"2030-04",-10.606,-2.654,-9.994,10.52,21.337,18.366,23.603,27.549,25.858,26.182,26.32,30.008,NA,19.014,25.317,10.785,0.97,10.807,12.563,15.173,21.315,29.318,32.032,28.671,31.013,23.101,28.719,28.829,-11.837,NA,NA,-1.882,15.459,NA,NA,14.77,24.785,29.735,30.019,30.365,26.68,25.729,18.269,18.414,-3.77,-5.166,-16.707,19.831,29.638,22.516,18.358,29.724,22.688,29.12,30.486,31.076,26.673,6.739,18.891
"2030-05",-2.465,1.754,-2.25,12.87,24.242,20.961,25.265,28.057,26.591,24.719,26.703,29.311,NA,17.125,23.44,9.114,2.986,13.243,18.501,18.207,21.957,29.029,30.933,30.426,30.052,21.33,26.711,27.45,-2.71,NA,NA,0.835,20.956,NA,NA,17.96,28.565,30.622,30.719,29.414,26.391,24.519,16.998,16.8,-9.028,-12.528,-4.434,20.991,29.592,21.248,19.209,29.238,21.211,30.259,31.194,31.434,25.61,5.498,18.964
"2030-06",0.514,4.999,0.579,15.467,29.622,24.017,27.129,28.523,27.606,22.995,27.399,28.148,NA,15.228,22.091,7.717,5.635,15.666,23.077,20.736,22.788,29.031,29.692,29.21,28.445,20.19,25.692,26.207,0.655,NA,NA,3.454,24.859,NA,NA,21.751,29.846,30.612,30.904,28.57,24.833,23.232,15.795,15.785,-11.237,-15.901,-0.664,22.49,28.796,20.022,20.733,28.493,19.828,29.809,31.187,30.709,24.06,4.229,18.795
"2030-07",2.39,6.57,2.894,16.299,30.83,26.366,28.455,28.507,28.415,22.772,28.004,27.49,NA,14.753,20.646,7.044,9.17,17.439,24.086,23.707,23.093,28.395,28.057,27.466,27.459,19.111,24.856,25.462,3.04,NA,NA,6.794,25.74,NA,NA,24.027,30.532,29.123,30.191,27.367,23.567,22.102,14.571,14.719,-12.077,-19.005,0.235,23.811,28.109,19.113,22.367,27.661,18.847,28.3,29.667,29.66,22.885,3.26,18.629
"2030-08",2.68,6.579,3.601,16.763,31.49,26.963,29.093,28.834,28.904,22.427,28.552,26.921,NA,14.488,19.9,6.63,9.138,19.237,22.015,24.873,23.709,27.829,27.411,26.757,27.013,18.551,24.558,25.09,3.58,NA,NA,9.176,23.662,NA,NA,25.573,30.907,29.073,29.925,26.873,22.808,21.51,14.036,14.173,-12.672,-19.28,0.737,24.862,27.619,18.572,23.378,27.201,18.185,27.623,29.679,29.383,22.299,2.922,18.603
"2030-09",1.897,6.051,2.796,16.565,29.339,25.771,28.654,28.844,28.997,23.009,28.65,26.885,NA,14.992,19.683,6.463,7.795,17.203,17.906,23.258,23.757,28.421,27.525,28.113,27.507,18.511,24.941,25.48,2.482,NA,NA,7.881,20.94,NA,NA,24.604,30.388,29.561,29.649,26.983,22.403,21.658,13.807,14.047,-13.506,-18.247,0.247,24.807,27.684,18.467,23.256,27.362,17.984,28.118,29.785,29.347,22.256,2.839,18.479
"2030-10",-0.62,4.249,1.052,14.682,26.208,23.311,27.014,28.833,28.692,23.422,28.474,27.178,NA,16.054,20.174,7.049,6.421,14.75,10.854,20.15,23.555,28.919,28.441,29.206,28.519,19.417,25.759,26.162,0.641,NA,NA,5.292,15.031,NA,NA,22.4,29.532,30.422,29.599,27.713,22.559,22.18,14.117,14.447,-9.6,-12.919,-2.277,23.84,28.056,18.875,22.104,27.855,18.311,29.574,29.903,29.89,22.983,3.438,18.469
"2030-11",-5.415,-0.323,-3.705,11.703,23.267,21.868,25.267,27.966,27.747,23.857,27.981,27.93,NA,17.328,21.68,8.084,4.968,13.111,6.37,17.792,23.194,29.188,28.961,28.69,30.406,20.415,26.801,27.289,-7.395,NA,NA,2.129,10.775,NA,NA,19.851,26.539,29.269,29.391,28.842,22.896,23.547,15.025,15.526,-4.4,-6.499,-12.177,22.639,28.543,19.892,20.842,28.194,19.238,29.511,29.052,30.31,24.146,4.49,18.424
"2030-12",-13.247,-4.285,-13.421,9.192,20.259,19.808,23.652,26.987,27.054,24.896,27.324,28.644,NA,19.023,23.902,9.769,2.722,11.139,-0.665,15.89,21.339,28.975,29.203,27.069,30.145,21.591,27.293,27.949,-18.1,NA,NA,-0.694,5.561,NA,NA,17.404,22.853,27.968,29.212,30.192,24.464,25.455,16.434,17.659,-0.833,-1.78,-20.428,21.239,28.874,21.274,19.611,28.679,21.013,28.143,28.169,30.182,25.627,5.958,18.443
"2031-01",-18.548,-9.359,-23.583,8.315,17.479,18.074,22.44,26.399,26.137,26.159,26.598,29.175,NA,20.164,25.485,11.587,0.387,9.745,-1.299,14.512,19.991,28.529,29.955,25.986,28.444,23.207,28.144,28.424,-24.42,NA,NA,-5.618,4.776,NA,NA,15.289,21.142,27.274,28.784,30.648,25.069,26.421,17.845,19.083,1.223,-0.249,-23.374,20.095,29.063,22.634,18.645,29.228,22.56,27.392,27.467,29.64,26.65,7.458,18.546
"2031-02",-17.236,-9.707,-22.288,8.387,16.859,16.892,21.9,25.661,25.445,26.637,26.42,29.507,NA,20.726,26.138,12.024,1.369,9.044,-3.156,13.762,19.606,28.517,31.017,25.893,29.008,23.828,28.894,29.587,-21.789,NA,NA,-8.615,1.076,NA,NA,14.058,20.83,27.473,29.026,30.566,26.07,26.747,18.675,20.149,1.422,0.448,-23.963,19.538,28.912,23.356,18.079,29.508,23.683,27.236,27.743,29.759,27.344,8.168,18.767
"2031-03",-14.883,-8.874,-18.022,9.258,19.064,17.669,22.435,26.644,25.657,26.889,26.403,29.936,NA,20.073,26.497,11.517,1.088,9.583,6.97,13.85,20.457,29.099,31.755,26.569,29.691,23.96,28.248,28.782,-19.155,NA,NA,-8.394,10.554,NA,NA,13.393,22.061,28.407,29.419,30.922,27.256,27.05,18.981,20.132,-0.463,-1.22,-23.096,19.403,29.275,23.381,18.054,29.785,23.545,27.479,29.028,30.465,27.076,7.868,18.837
"2031-04",-6.302,-4.306,-9.819,10.206,21.437,19.015,23.49,27.816,26.112,26.572,26.443,29.933,NA,18.891,25.526,10.5,1.974,10.521,9.493,15.155,21.303,29.005,31.656,28.381,30.67,22.982,27.723,28.326,-12.219,NA,NA,-2.131,14.36,NA,NA,14.746,24.659,29.592,30.163,30.628,26.873,25.935,17.864,18.767,-4.742,-6.112,-14.97,19.851,29.62,22.601,18.464,29.674,22.643,28.657,30.867,30.728,26.516,6.792,18.939
"2031-05",-2.505,1.434,-2.546,11.948,25.566,21.542,25.159,28.451,26.775,25.837,26.84,29.284,NA,17.389,23.425,9.137,3.569,13.254,16.606,17.846,21.7,29.042,31.131,29.632,29.997,21.779,26.669,27.287,-2.192,NA,NA,0.393,19.379,NA,NA,17.802,27.104,30.298,30.89,29.731,25.642,24.364,16.702,17.132,-9.921,-12.932,-3.77,20.911,29.757,21.268,19.426,29.332,21.249,29.41,31.42,30.944,25.356,5.536,18.972
"2031-06",0.51,3.701,0.717,13.877,29.108,24.466,26.467,28.763,27.705,24.348,27.467,28.146,NA,16.121,21.493,8.121,6.288,18.16,21.031,22.061,22.218,28.527,29.375,28.739,28.671,20.32,25.552,26.475,1.379,NA,NA,3.119,23.421,NA,NA,21.425,29.917,30.225,30.892,28.728,24.466,23.207,15.605,16.072,-13.524,-19.326,-0.592,22.301,29.382,20.026,21.062,28.321,19.684,29.405,30.516,30.282,24.179,4.128,18.775
"2031-07",2.515,6.081,3.45,15.873,30.893,26.599,28.307,28.55,28.315,23.583,28.017,27.327,NA,14.925,19.996,7.188,8.726,20.296,24.524,25.101,22.57,28.179,27.137,27.082,27.321,19.007,24.6,25.34,2.085,NA,NA,7.114,26.347,NA,NA,24.066,30.367,29.192,30.202,27.466,24.008,22.146,14.681,15.201,-14.333,-18.606,-0.043,23.735,28.774,19.078,22.602,27.481,18.549,27.803,29.721,29.673,23.224,3.313,18.669
"2031-08",3.091,6.826,3.879,16.131,30.951,26.99,29.042,28.754,28.834,23.292,28.705,26.926,NA,14.539,19.002,6.535,9.864,20.391,21.639,25.682,23.32,28.143,26.573,26.873,27.081,18.374,24.284,24.867,1.931,NA,NA,9.571,24.484,NA,NA,25.427,31.59,28.939,29.976,26.947,23.18,21.576,14.096,14.677,-14.884,-19.058,0.316,24.657,28.214,18.527,23.421,27.289,17.954,27.533,29.212,29.321,22.598,2.965,18.61
"2031-09",1.693,6.056,2.815,15.689,30.054,26.268,28.798,29.093,28.984,23.537,28.962,26.968,NA,15.064,19.048,6.566,8.312,18.581,14.998,23.304,23.753,28.455,27.264,27.946,27.138,18.372,24.359,24.692,1.372,NA,NA,8.083,18.251,NA,NA,24.86,31.039,29.79,30.004,27.232,22.908,21.587,14.006,14.682,-13.43,-16.623,-0.312,24.717,28.179,18.421,23.42,27.433,17.733,28.266,29.695,29.55,22.594,2.958,18.566
"2031-10",-1.472,4.026,0.778,13.583,27.554,24.548,27.573,29.002,28.631,23.876,28.7,27.382,NA,16.036,19.423,7.103,6.675,16.207,10.334,21.086,24.013,28.792,27.76,29.156,28.291,18.743,25.659,26.118,-0.564,NA,NA,5.155,14.504,NA,NA,22.205,29.356,30.66,29.821,27.831,22.72,22.63,14.423,15.625,-10.863,-12.51,-4.023,23.956,28.455,18.722,22.276,27.676,17.968,29.666,30.245,30.134,23.197,3.485,18.49
"2031-11",-5.99,1.654,-2.333,11.741,23.374,21.478,25.639,28.485,27.804,24.302,28.047,28.187,NA,17.444,21.183,8.594,4.997,13.913,8.288,18.544,23.538,29.55,28.909,28.828,29.883,20.225,26.894,27.659,-7.266,NA,NA,1.731,12.413,NA,NA,19.334,26.302,29.499,29.641,29.07,23.052,24.524,15.567,16.943,-4.894,-5.474,-12.617,22.655,28.857,19.644,20.914,28.515,19.377,29.741,29.331,30.447,24.331,4.549,18.507
"2031-12",-10.159,-1.272,-7.851,9.804,19.826,19.206,23.228,27.175,26.726,24.656,27.33,28.924,NA,18.507,23.749,9.854,3.109,11.178,5.037,15.645,22.556,29.537,29.637,27.364,30.369,21.749,27.89,28.549,-16.787,NA,NA,-1.356,9.519,NA,NA,16.644,23.951,27.724,28.823,30.114,23.388,26.411,17.451,18.97,-0.994,-2.219,-19.607,21.175,29.044,21.14,19.821,29.034,21.145,28.528,27.773,29.978,25.396,5.935,18.537
"2032-01",-17.32,-9.326,-20.914,7.978,18.524,18.396,22.177,26.435,25.878,25.33,26.698,29.584,NA,19.684,24.844,11.024,1.352,10.63,3.77,14.557,21.24,29.417,30.288,26.131,28.86,23.299,28.376,28.857,-22.687,NA,NA,-4.977,6.625,NA,NA,14.64,20.891,26.849,28.303,30.355,24.887,27.229,18.892,20.287,1.227,-0.572,-27.515,20.175,29.058,22.714,18.841,29.374,22.792,27.507,26.945,29.549,26.358,7.331,18.536
"2032-02",-18.432,-5.836,-23.543,8.692,17.562,17.284,21.921,26.061,25.458,26.247,26.435,29.923,NA,20.29,25.98,11.974,0.491,10.023,4.948,14.067,20.487,29.504,31.11,25.701,29.062,23.842,28.805,29.191,-21.116,NA,NA,-8.197,7.763,NA,NA,13.244,20.162,26.892,27.727,30.079,26.24,27.596,19.818,21.05,1.561,0.118,-23.793,19.607,29.008,23.571,18.299,29.844,23.844,27.115,26.778,29.433,26.97,8.101,18.79
"2032-03",-15.346,-6.019,-18.659,9.419,18.404,17.325,22.408,26.631,25.641,26.575,26.451,30.104,NA,20.35,25.341,11.338,1.337,10.194,6.207,14.163,20.864,29.765,31.755,26.894,30.249,24,28.645,29.19,-20.044,NA,NA,-4.958,9.633,NA,NA,13.436,21.896,27.619,28.34,30.159,27.373,26.738,19.274,20.555,-0.239,-1.278,-24.624,19.646,29.368,23.471,18.156,30.141,23.844,27.521,27.454,29.902,27.203,7.885,18.879
"2032-04",-8.214,-0.783,-8.185,10.986,20.972,18.506,23.592,27.484,26.068,26.379,26.523,29.838,NA,19.107,25.143,9.837,2.514,10.949,13.09,15.34,21.42,29.444,31.812,28.246,30.825,23.456,28.185,28.87,-13.016,NA,NA,-3.465,15.768,NA,NA,14.327,24.881,28.899,29.493,30.26,26.855,25.41,18.227,19.004,-4.43,-6.221,-14.117,20.03,29.842,22.609,18.421,30.013,22.838,28.548,29.552,30.93,26.785,7.006,19.045
"2032-05",-1.945,1.851,-1.993,11.967,25.483,21.132,25.207,28.503,26.938,26.687,26.825,29.235,NA,17.938,23.317,8.735,4.64,12.913,15.42,17.335,22.322,29.455,31.3,30.169,30.13,22.134,26.513,27.406,-4.734,NA,NA,0.361,19.262,NA,NA,17.78,28.124,30.227,30.455,29.159,25.805,24.205,17.036,17.771,-10.696,-12.47,-5.368,20.903,30.181,21.401,19.413,29.647,21.088,30.033,31.055,31.329,25.555,5.497,19.009
"2032-06",0.793,4.024,0.903,14.488,28.57,24.243,26.681,28.941,27.837,25.885,27.532,28.306,NA,16.381,21.834,7.923,7.192,17.416,20.633,21.315,23.421,29.081,29.786,29.771,29.042,20.27,25.254,26.396,-0.047,NA,NA,3.988,23.471,NA,NA,21.788,29.971,29.628,30.762,27.8,25.002,23.027,15.826,16.348,-13.141,-17.01,-0.768,22.256,30.001,20.112,21.019,28.829,19.672,29.717,30.839,30.758,24.297,4.258,18.91
"2032-07",2.632,6.748,2.506,16.541,31.208,26.396,28.102,29.129,28.85,25.092,28.443,27.58,NA,15.149,20.009,7.008,8.617,19.665,24.086,24.782,23.954,28.79,27.962,27.889,27.92,19.136,24.396,25.327,1.076,NA,NA,8.429,25.877,NA,NA,24.916,30.799,28.978,29.863,26.72,24.042,22.037,14.935,15.237,-14.935,-20.278,0.186,23.837,29.568,19.151,22.735,27.969,18.643,28.659,29.969,30.119,23.24,3.303,18.808
"2032-08",3.367,7.611,3.503,16.814,31.681,26.611,28.745,29.564,29.255,25.2,28.982,27.321,NA,15.148,19.189,6.449,9.037,19.011,23.653,24.398,24.048,28.72,27.487,27.646,27.141,18.65,23.923,24.631,1.22,NA,NA,9.665,25.763,NA,NA,25.806,31.225,28.911,29.143,26.251,23.195,21.368,14.337,14.479,-14.969,-19.952,0.808,24.761,29.355,18.582,23.465,27.616,18.091,28.029,29.746,29.576,22.601,3.018,18.748
"2032-09",2.339,6.181,2.772,16.383,30.792,26.135,29.22,29.54,29.295,24.976,28.976,27.391,NA,15.266,19.17,6.421,8.106,17.664,16.92,22.965,24.646,28.995,27.84,28.583,27.529,18.669,24.274,24.922,0.64,NA,NA,8.139,20.309,NA,NA,24.76,31.092,29.167,29.572,26.831,22.952,21.584,14.078,14.461,-12.967,-13.305,0.297,24.749,29.371,18.4,23.35,27.71,17.996,28.546,29.818,29.679,22.63,3.13,18.75
"2032-10",0.538,4.012,1.144,15.196,26.652,23.518,27.849,29.065,28.654,25.378,28.81,27.825,NA,16.116,19.914,6.684,6.574,15.088,14.329,20.345,24.392,29.027,28.195,29.521,28.75,19.189,25.391,25.921,-1.917,NA,NA,5.934,17.557,NA,NA,22.367,29.568,29.845,29.632,27.813,22.908,22.558,14.201,14.847,-10.252,-13.228,-2.875,24.013,29.93,18.82,22.306,27.999,18.349,29.869,30.225,30.2,22.974,3.446,18.669
"2032-11",-4.347,1.589,-1.988,13.116,21.128,20.555,25.341,27.872,27.561,26.037,28.207,28.472,NA,18.112,21.162,8.404,5.36,12.493,6.158,17.755,22.636,29.336,29.18,28.982,30.02,20.602,27.108,27.494,-10.162,NA,NA,2.457,10.93,NA,NA,19.699,26.584,29.605,29.705,29.181,22.987,23.529,15.089,16.157,-5.443,-5.653,-11.335,22.639,30.438,19.957,20.881,28.517,19.581,29.762,29.911,30.451,24.204,4.563,18.691
"2032-12",-10.972,-4.504,-5.857,11.749,18.644,18.692,23.473,27.035,26.569,26.76,27.517,29.191,NA,19.384,23.56,10.391,3.66,11.341,5.911,16.086,21.397,29.475,30.207,27.188,30.346,22.233,28.449,28.954,-20.94,NA,NA,-0.82,8.574,NA,NA,16.81,22.712,28.217,29.403,30.33,23.434,25.072,16.635,17.441,-0.922,-1.753,-21.457,21.084,30.429,21.413,19.805,29.295,21.437,28.323,28.76,30.337,25.86,5.869,18.683
"2033-01",-14.985,-7.13,-14.926,10.014,16.517,17.559,21.769,26.899,26.094,27.314,27.456,29.763,NA,20.496,25.199,12.222,1.327,10.003,7.378,14.831,20.476,29.523,31.281,25.991,29.44,23.841,29.348,29.929,-25.049,NA,NA,-4.732,9.763,NA,NA,14.757,21.24,27.518,28.94,31.031,24.553,27.054,18.368,19.594,1.086,-0.016,-25.365,19.999,30.133,22.748,19.099,29.942,23.254,27.438,28.155,30.109,26.934,7.302,18.846
"2033-02",-15.838,-6.841,-22.668,10.019,15.622,16.564,21.091,26.184,25.763,26.973,27.298,30.209,NA,21.343,26.258,12.298,2.227,9.455,4.238,14.07,19.469,28.738,31.798,26.038,29.589,24.324,29.612,30.421,-18.893,NA,NA,-6.628,7.883,NA,NA,13.376,21.45,27.628,28.726,30.493,24.641,28.058,19.399,20.475,1.319,0.004,-22.491,19.434,29.776,23.487,18.558,29.991,24.138,27.407,28.073,30.144,27.739,8.025,19.029
"2033-03",-13.722,-4.381,-14.47,10.377,17.964,16.969,21.524,26.574,25.871,26.49,27.272,30.389,NA,20.334,25.794,11.452,0.981,9.723,7.843,14.154,20.021,29.138,31.992,27.192,30.514,23.78,29.397,30.111,-23.623,NA,NA,-6.794,11.604,NA,NA,13.515,22.623,28.813,29.511,30.758,25.318,27.775,19.382,20.394,-0.808,-2.469,-23.56,19.264,29.377,23.601,18.421,30.15,23.775,28.281,29.5,30.744,27.734,7.75,18.963
"2033-04",-10.558,-0.618,-8.286,11.053,20.685,18.768,22.783,27.878,26.702,26.67,27.285,30.353,NA,19.034,24.664,9.985,1.489,11.104,13.952,15.7,20.423,29.334,32.036,27.951,31.213,22.972,28.188,28.725,-9.028,NA,NA,-1.301,16.363,NA,NA,14.965,24.74,30.055,30.201,30.776,26.505,26.46,18.308,19.145,-5.066,-7.409,-13.401,19.733,29.415,22.716,18.67,30.029,22.808,29.009,31.005,31.262,27.014,6.824,19.064
"2033-05",-2.499,2,-1.939,12.719,24.908,20.847,24.847,28.144,27.121,24.293,27.259,29.558,NA,17.068,23.143,8.778,4.435,12.598,15.744,17.367,21.139,28.518,30.938,30.089,30.692,21.193,26.934,27.714,-3.023,NA,NA,0.736,19.36,NA,NA,18.2,28.483,30.861,30.985,29.715,25.963,25.137,17.374,17.584,-10.819,-15.556,-4.429,20.835,29.055,21.5,19.344,29.204,21.227,30.322,31.549,31.576,25.823,5.467,18.947
"2033-06",0.788,5.598,1.268,14.773,28.756,24.217,26.753,28.478,28.001,23.117,27.384,28.371,NA,15.707,21.584,7.773,7.085,16.008,23.543,20.426,21.831,28.28,29.719,29.086,28.599,20.16,25.462,26.283,0.848,NA,NA,4.042,25.351,NA,NA,21.066,30.53,31.013,31.073,28.345,25.348,23.497,16.067,16.254,-13.351,-13.97,-0.699,22.507,28.381,20.171,20.824,28.579,19.701,30.14,30.924,31.071,24.549,4.302,18.854
"2033-07",2.821,8.195,5.201,16.121,30.646,26.416,28.228,28.414,28.396,22.986,27.82,27.287,NA,15.091,20.336,7.289,8.463,19.197,24.097,23.895,22.661,28.264,28.499,26.918,27.086,19.426,24.169,25.145,1.849,NA,NA,7.137,25.902,NA,NA,24.043,30.623,29.239,30.324,27.288,24.479,22.457,14.842,15.498,-15.575,-18.444,0.365,23.819,27.748,19.185,22.48,27.846,18.683,28.212,30.17,30.003,23.369,3.503,18.684
"2033-08",3.065,8.575,5.04,16.241,31.068,26.897,28.476,28.593,28.722,22.863,28.25,26.884,NA,14.75,19.773,6.856,8.701,19.16,20.321,24.401,23.223,27.986,27.606,26.057,26.487,18.664,23.835,24.569,2.189,NA,NA,9.404,23.443,NA,NA,26.046,30.878,28.573,30.07,26.918,23.576,21.888,14.156,14.956,-16.013,-20.391,0.522,24.879,27.296,18.669,23.314,27.348,18.057,27.042,30.048,29.403,22.597,2.728,18.54
"2033-09",1.464,6.725,4.037,15.894,30.403,26.373,28.346,28.715,28.843,22.489,28.449,26.985,NA,14.863,19.591,6.813,7.467,17.743,17.76,22.833,24.014,28.495,27.497,27.427,26.774,18.408,24.197,24.71,1.781,NA,NA,7.967,20.816,NA,NA,24.707,30.399,29.317,30.117,27.435,22.989,21.961,13.947,14.722,-13.45,-17.638,-0.368,24.776,27.113,18.592,23.394,27.355,17.814,27.687,30.038,29.46,22.51,2.863,18.479
"2033-10",-0.953,4.984,2.141,13.56,27.344,24.802,27.065,28.425,28.363,23.099,28.47,27.642,NA,15.996,20.398,7.509,6.297,15.395,11.288,21.28,24.005,29.041,28.404,28.413,27.562,18.917,25.446,25.733,0.16,NA,NA,4.947,14.679,NA,NA,22.208,28.635,29.771,30.285,28.424,22.608,22.829,14.078,15.23,-9.669,-12.981,-3.183,24,27.477,19.062,22.22,27.959,18.382,28.687,30.107,29.63,22.722,3.4,18.476
"2033-11",-4.087,2.233,-1.295,11.685,24.242,22.313,25.353,27.826,27.673,23.543,28.175,28.068,NA,17.736,22.01,9.104,4.997,12.194,8.196,17.959,22.722,29.224,29.46,28.215,28.609,20.241,26.777,26.7,-7.708,NA,NA,2.168,12.653,NA,NA,19.479,25.859,29.016,30.039,29.44,22.66,23.726,15.04,16.486,-4.995,-7.169,-11.006,22.533,27.868,20.075,20.893,28.566,19.469,28.76,29.392,29.784,23.668,4.326,18.413
"2033-12",-9.563,-2.883,-7.62,10.023,21.329,19.938,23.668,26.848,26.887,23.929,27.286,28.669,NA,18.99,23.929,10.391,4.128,10.967,4.369,15.681,21.187,29.264,29.655,26.969,29.325,21.771,27.703,28.012,-16.876,NA,NA,0.021,8.688,NA,NA,16.507,22.917,27.762,29.554,30.331,23.433,25.093,17.207,18.615,-0.95,-2.337,-19.518,21.277,28.101,21.382,19.577,28.897,21.179,27.867,28.709,29.897,25.144,5.791,18.475
"2034-01",-10.955,-5.173,-10.704,10.034,19.128,18.293,22.567,26.127,26.172,25.341,26.835,29.141,NA,20.047,25.741,11.559,2.365,8.786,-9.501,13.789,20.095,29.022,29.943,25.344,27.931,23.146,28.292,28.969,-23.054,NA,NA,-5.709,-1.714,NA,NA,14.063,20.438,26.986,29.321,30.695,24.471,26.771,19.407,20.736,1.287,-0.167,-21.855,20.078,28.356,22.905,18.827,29.059,23.079,26.702,28.435,29.66,26.33,7.233,18.734
"2034-02",-14.57,-5.936,-16.786,10.295,18.361,17.506,21.927,26.107,25.804,26.898,26.654,29.71,NA,20.626,26.804,12.143,1.295,8.743,-0.438,13.235,19.793,28.854,30.693,24.695,28.478,23.741,29.148,29.5,-26.467,NA,NA,-7.696,6.155,NA,NA,12.558,20.125,27.35,28.658,30.612,26.828,27.195,19.714,21.124,1.461,0.289,-24.971,19.385,28.295,23.582,18.433,29.526,24.035,26.452,28.285,29.408,26.927,7.912,18.724
"2034-03",-14.755,-5.253,-17.227,10.51,19.165,17.533,22.4,26.987,26.042,27.091,26.495,30.059,NA,20.014,26.394,11.647,1.816,9.142,0.54,13.552,20.094,29.04,31.608,25.07,28.679,23.702,28.659,28.906,-21.388,NA,NA,-7.21,6.474,NA,NA,12.725,21.216,28.253,28.975,30.481,27.563,26.864,19.697,20.625,0.039,-0.731,-26.206,19.356,28.839,23.493,18.33,29.888,23.822,26.909,29.384,30.031,26.973,7.751,18.761
"2034-04",-9.317,-1.54,-10.948,11.623,20.623,18.598,23.234,27.416,26.325,26.844,26.536,29.81,NA,18.946,24.834,10.419,1.686,10.523,11.738,14.838,20.626,28.754,32.003,26.771,29.75,23.2,27.886,27.894,-10.706,NA,NA,-1.49,15.258,NA,NA,14.249,24.485,29.495,29.794,30.317,27.201,25.631,18.711,19.173,-3.503,-3.511,-14.917,19.929,29.465,22.655,18.47,29.555,22.652,27.959,30.943,30.494,26.452,6.895,18.95
"2034-05",-2.725,2.032,-2.583,13.168,24.591,21.136,24.867,28.384,27.067,26.509,26.778,29.12,NA,17.782,23.383,9.182,4.099,12.695,19.088,17.655,21.802,28.364,31.086,28.868,29.785,21.927,26.891,27.245,-3.854,NA,NA,1.051,21.411,NA,NA,17.204,27.594,29.93,30.61,29.433,25.991,24.433,17.205,17.639,-9.949,-15.172,-4.635,21.022,29.848,21.378,19.324,28.976,21.256,28.952,30.784,30.667,25.345,5.542,18.946
"2034-06",0.548,4.764,0.97,14.997,28.435,24.221,26.853,28.869,27.752,26.233,27.187,28.237,NA,16.349,21.647,8.092,6.172,15.666,23.931,21.071,22.571,28.604,29.864,28.56,28.331,20.625,25.457,25.934,0.65,NA,NA,4.499,25.683,NA,NA,21.124,30.368,29.806,30.762,28.344,25.019,23.258,15.895,16.225,-13.914,-17.203,-0.535,22.458,29.839,20.025,20.952,28.488,19.888,28.73,30.66,30.143,24.045,4.339,18.873
"2034-07",2.342,7.122,3.254,17.143,30.814,26.514,28.217,28.829,28.276,26.141,27.877,27.426,NA,15.701,20.362,7.267,7.809,18.592,23.917,23.924,22.766,28.524,28.061,27.126,27.198,19.24,24.617,25.185,1.982,NA,NA,8.366,25.709,NA,NA,23.875,31.114,28.914,30.134,27.458,23.796,22.118,14.589,15.122,-12.572,-17.612,0.103,24.007,29.715,19.112,22.491,27.891,18.876,27.86,29.793,29.642,22.922,3.614,18.875
"2034-08",2.913,7.359,3.924,17.536,30.856,27.173,28.64,29.007,28.521,26.59,28.511,26.923,NA,15.794,19.74,6.835,8.635,19.597,21.287,24.904,23.205,28.572,27.463,26.993,26.672,18.638,23.92,24.629,1.974,NA,NA,10.025,23.891,NA,NA,25.786,31.288,28.663,29.985,27.047,22.774,21.606,13.754,14.409,-13.381,-18.098,0.666,24.759,29.638,18.653,23.528,27.717,18.207,27.424,29.326,29.452,22.298,3.308,18.864
"2034-09",1.763,6.718,3.058,17.033,30.655,26.133,29.023,29.219,28.592,26.114,28.866,27.135,NA,15.687,19.69,6.587,7.507,17.686,17.226,23.427,24.076,28.991,27.689,28.475,27.21,18.623,24.519,24.907,1.292,NA,NA,9.036,20.053,NA,NA,24.638,31.03,30.067,29.638,27.022,22.563,21.531,13.604,14.243,-13.951,-15.092,0.121,24.792,29.667,18.507,23.48,28.006,17.964,28.549,30.234,29.539,22.336,3.47,18.821
"2034-10",-0.512,4.54,1.576,14.475,28.246,24.906,27.952,29.219,28.468,26.28,28.85,27.956,NA,16.503,20.055,6.905,6.134,15.578,12.537,21.239,24.656,29.523,28.7,29.278,28.519,19.385,25.445,25.872,-0.691,NA,NA,5.949,15.758,NA,NA,22.44,29.164,30.737,29.706,27.87,22.446,22.344,13.952,14.711,-9.734,-9.063,-2.451,24.027,30.146,18.883,22.452,28.529,18.35,29.891,30.806,30.016,22.962,3.753,18.832
"2034-11",-4.254,2.152,-2.467,11.143,23.989,22.156,25.803,28.849,27.849,25.848,28.284,28.721,NA,17.428,21.589,8.125,4.848,13.169,6.91,18.056,23.928,29.895,29.591,29.17,30.104,20.78,27.115,27.541,-8.485,NA,NA,2.495,11.939,NA,NA,19.522,26.778,29.793,29.691,29.099,22.881,23.808,15.147,15.718,-5.21,-5.406,-10.078,22.637,30.453,19.982,21.117,28.985,19.298,29.567,29.713,30.295,24.272,4.661,18.773
"2034-12",-8.886,-0.397,-6.135,10.164,18.629,19.128,23.281,27.801,26.871,26.951,27.543,29.315,NA,18.906,23.642,9.774,2.762,10.74,1.299,15.591,21.831,29.801,29.793,27.788,30.561,21.823,28.18,29.067,-20.308,NA,NA,-1.015,8.191,NA,NA,16.857,24.2,28.43,29.307,30.357,24.098,25.828,17.107,17.715,-1.077,-2.498,-18.343,21.153,30.626,21.455,19.914,29.334,20.892,28.854,28.358,30.251,25.737,5.972,18.788
"2035-01",-13.961,-6.131,-13.466,9.444,15.614,16.473,21.997,27.126,25.99,27.518,27.125,30.013,NA,20.178,24.932,11.781,0.627,9.972,2.548,14.39,21.198,29.73,31.046,27.032,30.045,23.271,28.87,29.512,-27.364,NA,NA,-5.594,7.418,NA,NA,14.722,21.992,27.309,28.786,31.139,25.702,27.58,18.063,19.857,1.329,-0.44,-26.031,20.014,30.409,22.911,19.112,30.046,22.59,28.108,27.405,29.827,27.244,7.491,18.868
"2035-02",-15.848,-3.373,-16.242,9.958,15.648,15.672,21.265,26.469,25.61,27.285,27.105,30.366,NA,20.772,26.011,11.72,0.685,9.654,4.116,13.837,20.694,29.654,31.317,26.961,30.33,24.2,29.7,30.397,-22.586,NA,NA,-9.951,7.738,NA,NA,13.386,21.549,27.55,28.76,30.919,25.536,27.511,18.861,20.732,1.492,0.362,-23.128,19.359,30.064,23.54,18.696,30.151,23.571,27.647,27.81,29.889,28.101,8.205,19.069
"2035-03",-14.556,-5.279,-15.046,9.833,16.768,16.074,21.222,26.657,25.867,27.042,27.022,30.633,NA,20.247,26.225,11.12,1.433,10.198,9.647,13.991,20.935,29.665,31.753,27.614,30.57,24.069,29.413,29.895,-20.096,NA,NA,-5.252,13.14,NA,NA,13.535,23.684,28.782,28.912,30.911,25.695,27.194,19.19,20.069,-0.206,-0.838,-23.768,19.235,29.718,23.559,18.524,30.296,23.499,28.355,28.501,30.127,27.672,7.876,18.99
"2035-04",-8.017,-1.361,-5.056,10.122,20.05,17.846,22.634,27.479,26.452,26.276,27.194,30.49,NA,19.221,24.759,10.07,1.867,10.977,13.498,15.033,21.553,29.368,31.873,29.15,31.096,23.628,28.672,28.627,-13.038,NA,NA,-2.079,16.564,NA,NA,15.317,25.67,29.967,29.807,30.749,25.566,26.369,18.049,18.961,-4.269,-6.342,-14.326,19.686,29.618,22.829,18.662,30.288,22.665,29.723,30.235,30.991,26.883,6.898,19.075
"2035-05",-1.234,1.9,-0.521,11.481,25.017,21.756,24.873,28.366,27.153,25.242,27.421,29.681,NA,17.555,23.259,8.748,4.567,13.024,15.272,18.333,22.473,29.194,31.425,30.914,30.654,22.017,27.152,27.82,-3.521,NA,NA,0.745,18.879,NA,NA,18.82,28.679,30.77,30.751,29.649,25.348,24.561,16.411,17.33,-8.381,-14.631,-4.525,20.584,29.263,21.506,19.502,29.855,21.218,30.838,31.245,31.305,25.714,5.669,19.035
"2035-06",1.094,4.851,2.259,13.714,28.803,24.808,26.677,28.529,28.086,24.013,27.849,28.571,NA,15.993,21.882,7.63,6.776,15.706,21.261,21.166,22.888,28.955,30.232,29.18,29.246,20.581,25.441,26.238,0.435,NA,NA,4.215,23.858,NA,NA,22.332,30.27,29.932,30.827,28.471,24.906,23.207,15.05,15.61,-13.474,-17.111,-0.683,22.247,28.865,20.32,21.096,28.812,19.933,29.768,30.628,30.769,24.184,4.407,18.886
"2035-07",3.295,6.459,4.372,15.434,30.969,26.769,27.976,28.674,28.592,23.308,28.329,27.594,NA,15.188,20.423,6.785,9.827,19.242,24.568,23.919,23.239,28.569,28.076,27.313,27.542,19.622,24.328,25.035,1.551,NA,NA,8.562,26.305,NA,NA,24.515,31.308,29.386,30.166,27.415,23.962,22.261,14.127,14.581,-13.513,-20.547,-0.17,23.755,28.172,19.443,22.711,27.899,18.898,28.517,30.212,30.023,22.92,3.677,18.782
"2035-08",3.602,6.97,4.549,15.933,31.596,27.037,28.644,28.955,29,23.111,28.969,27.21,NA,15.014,20.027,6.464,9.814,20.376,22.178,25.022,23.869,28.582,27.265,26.606,26.711,18.959,23.948,24.466,1.677,NA,NA,10.075,24.239,NA,NA,25.912,31.25,28.546,30.038,27.132,23.017,21.847,13.546,14.125,-15.653,-20.642,0.244,24.612,27.686,18.821,23.79,27.713,18.305,27.328,29.437,29.419,22.22,3.182,18.662
"2035-09",2.449,6.122,3.528,16.375,30.35,25.908,28.951,28.911,29.258,22.757,29.032,27.095,NA,15.038,19.696,6.396,8.589,18.892,17.323,23.425,24.392,28.793,27.687,27.808,27.006,18.88,24.283,24.754,0.901,NA,NA,8.859,20.689,NA,NA,25.004,30.788,29.728,30.292,27.537,22.594,21.903,13.437,14.046,-14.619,-20.938,-0.198,24.686,27.496,18.652,23.533,27.746,18.089,27.881,29.86,29.402,22.154,3.207,18.561
"2035-10",0.21,4.306,1.561,14.646,28.016,23.943,28.191,28.716,28.741,23.415,28.876,27.756,NA,15.976,20.988,7.087,6.92,15.986,10.284,20.384,24.998,29.344,28.567,28.726,28.355,19.332,25.346,25.643,-2.302,NA,NA,6.032,15.444,NA,NA,22.315,28.777,29.942,30.033,28.051,22.575,22.516,13.908,14.436,-10.612,-14.113,-3.893,23.8,27.607,18.927,22.594,28.176,18.455,29.378,30.022,30.068,22.663,3.643,18.471
"2035-11",-5.915,1.149,-3.382,13.26,23.05,21.349,25.759,27.98,27.993,23.403,28.295,28.219,NA,16.95,22.105,8.01,5.246,13.817,6.725,17.841,23.899,29.629,29.024,28.119,30.045,20.456,26.627,27.267,-9.742,NA,NA,2.899,10.191,NA,NA,19.564,25.284,29.094,29.628,28.766,22.615,23.903,14.96,16.185,-4.923,-7.264,-12.88,22.638,27.814,19.893,21.194,28.54,19.644,29.171,29.278,30.451,23.907,4.545,18.396
"2035-12",-12.972,-3.648,-9.044,11.785,19.687,18.644,23.263,26.672,26.966,24.266,27.513,28.796,NA,18.728,23.96,9.967,2.939,11.784,5.248,15.789,22.105,29.455,29.197,26.103,28.796,21.712,27.13,27.918,-20.099,NA,NA,0.009,8.762,NA,NA,17.036,21.983,28.064,29.337,30.329,23.449,25.139,16.715,17.877,-0.671,-2.046,-22.661,21.249,28.084,21.322,19.911,28.885,21.242,27.607,28.479,29.892,25.326,6.115,18.401
"2036-01",-16.485,-8.739,-22.021,9.01,19.68,18.254,22.079,26.518,26.183,25.101,26.592,29.404,NA,19.938,25.332,10.742,2.909,10.665,-0.33,14.373,21.036,29.4,29.989,25.475,29.084,23.068,28.194,28.646,-23.714,NA,NA,-2.952,4.195,NA,NA,15.21,20.247,27.401,28.875,30.619,25.021,26.172,18.698,20.172,1.781,-0.598,-24.827,20.051,28.28,22.704,18.882,29.458,22.939,27.18,27.818,29.566,26.469,7.702,18.614
"2036-02",-19.849,-8.342,-24.563,8.313,18.482,17.39,21.667,26.175,25.744,26.08,26.408,29.686,NA,20.743,26.755,12.051,0.067,10.516,5.776,14.045,20.256,29.38,30.868,25.476,28.715,24.535,28.847,29.316,-22.053,NA,NA,-4.399,8.77,NA,NA,13.963,20.549,27.313,28.532,30.573,25.935,26.362,19.525,20.825,1.721,0.074,-28.695,19.566,28.487,23.529,18.27,29.794,24.112,26.995,27.646,29.603,27.237,8.391,18.751
"2036-03",-14.853,-9.737,-20.374,8.694,18.943,17.745,22.181,26.415,25.679,26.399,26.522,29.661,NA,20.276,26.12,11.369,2.732,10.52,7.301,14.178,20.672,28.995,31.544,25.894,28.979,23.923,28.3,28.884,-15.492,NA,NA,-2.972,9.781,NA,NA,13.901,21.166,28.169,29.325,30.804,26.664,26.488,19.154,20.722,-0.09,-1.754,-21.166,19.48,28.878,23.336,18.113,29.6,23.947,27.073,28.779,30.237,27.387,8.055,18.95
"2036-04",-6.675,-5.224,-8.822,9.843,20.78,18.407,23.311,26.897,25.954,25.903,26.569,29.639,NA,18.917,24.807,10.453,3.813,11.415,10.711,15.362,21.135,28.883,31.854,27.771,30.354,23.139,27.532,28.215,-12.49,NA,NA,-1.282,14.396,NA,NA,15.284,25.007,29.736,30.253,30.591,26.726,25.911,18.245,19.545,-3.375,-5.573,-14.874,19.86,29.257,22.531,18.444,29.551,22.9,28.418,30.804,30.748,26.726,7.035,18.992
"2036-05",-3.234,0.057,-2.676,11.901,25.546,21.459,25.124,28.212,27.01,25.796,26.84,29.12,NA,17.494,23.11,9.078,4.759,14.388,18.493,18.435,21.474,28.9,31.413,29.39,29.567,22.161,26.472,27.006,-2.509,NA,NA,0.946,20.973,NA,NA,18.426,27.648,29.972,30.914,29.487,26.01,24.295,16.591,17.286,-8.973,-13.438,-4.849,20.931,29.601,21.347,19.292,29.402,21.387,29.399,30.62,30.704,25.573,5.739,19.001
"2036-06",0.511,3.535,0.888,13.672,29.97,24.235,26.78,28.485,27.99,24.128,27.325,28.444,NA,15.715,21.459,7.945,6.333,16.527,22.199,21.615,22.672,29.017,30.624,29.246,28.655,20.772,25.277,26.036,0.799,NA,NA,4.255,24.208,NA,NA,21.734,30.105,30.195,30.773,28.214,25.128,23.028,15.583,15.938,-11.408,-20.519,-0.572,22.415,29.378,20.043,20.82,28.824,19.965,29.179,30.114,30.24,24.187,4.286,18.834
"2036-07",2.508,5.776,3.053,15.772,31.359,25.972,28.256,28.9,28.611,23.624,28.073,27.621,NA,14.888,19.894,7.002,7.871,18.366,26.562,23.824,23.071,28.873,29.132,27.771,27.719,19.501,24.452,25.302,2.303,NA,NA,7.51,27.666,NA,NA,24.308,31.274,29.558,30.172,27.082,24.023,21.922,14.584,14.955,-13.667,-20.908,-0.141,23.889,28.945,19.178,22.286,28.161,18.901,28.573,29.636,29.619,22.93,3.392,18.717
"2036-08",2.922,6.602,3.935,15.968,31.211,26.888,28.898,29.066,28.695,23.734,28.643,27.165,NA,14.883,19.378,6.504,8.228,19.102,22.59,24.926,23.777,28.705,27.887,27.006,27.194,18.625,23.992,24.717,3.55,NA,NA,8.816,24.601,NA,NA,25.713,31.867,29.253,29.791,26.653,23.118,21.383,13.751,14.221,-13.993,-20.257,0.255,24.867,28.653,18.728,23.239,27.597,18.247,27.844,29.679,29.272,22.282,3.198,18.72
"2036-09",1.613,5.467,2.937,15.364,30.703,26.45,28.848,29.256,28.897,24.123,28.69,27.225,NA,15.225,19.269,6.308,7.759,17.72,15.798,22.922,23.807,28.834,28.079,27.872,27.408,18.652,23.953,24.571,2.111,NA,NA,8.671,19.633,NA,NA,25.134,30.663,29.419,29.71,27.017,22.639,21.559,13.429,14.032,-14.753,-15.248,-0.514,24.992,28.661,18.654,23.038,27.774,18.075,28.067,29.748,29.274,22.171,3.126,18.649
"2036-10",-0.902,4.077,1.228,14.366,26.739,23.874,27.892,28.978,28.579,24.652,28.543,27.713,NA,16.197,19.971,6.491,6.624,15.062,12.634,20.504,23.302,29.077,28.996,28.569,28.485,19.361,25.212,25.655,0.348,NA,NA,5.29,15.479,NA,NA,22.848,28.877,30.193,29.59,27.563,22.338,21.887,14.122,14.421,-12.168,-12.164,-3.895,24.208,28.903,19.015,22.142,28.108,18.372,29.084,30.395,29.623,22.711,3.604,18.581
"2036-11",-4.581,0.339,-1.712,12.917,22.495,21.052,25.514,28.036,27.835,24.82,28.024,28.304,NA,17.417,21.639,7.746,5.203,12.159,4.435,17.45,22.313,29.157,29.095,27.778,29.985,20.125,26.21,27.049,-6.785,NA,NA,1.757,8.857,NA,NA,19.903,25.342,29.032,29.715,28.969,22.746,23.746,15.335,15.712,-5.406,-6.477,-12.057,22.737,29.485,20.084,21.037,28.445,19.537,28.551,29.786,30.039,23.908,4.574,18.587
"2036-12",-10.643,-4.007,-7.657,11.781,17.602,18.259,23.441,26.676,26.638,25.438,27.263,28.913,NA,18.666,23.447,9.741,3.94,11.132,2.899,15.687,21.518,29.477,29.604,26.551,29.666,21.439,27.579,28.489,-16.55,NA,NA,-2.638,7.203,NA,NA,17.352,22.285,28.256,29.592,30.103,23.571,25.66,16.993,17.806,-1.04,-2.015,-19.324,21.279,29.788,21.538,19.813,29.045,21.12,27.672,29.186,30.028,25.426,5.998,18.669
"2037-01",-13.575,-6.213,-16.681,11.861,16.249,16.977,22.38,25.944,25.906,26.962,26.683,29.397,NA,20.131,25.81,10.757,2.855,9.763,-2.837,14.32,20.558,29.304,30.349,25.758,29.457,22.912,28.636,29.098,-19.77,NA,NA,-8.146,3.858,NA,NA,14.744,20.044,27.662,28.873,30.487,24.821,27.685,18.351,19.982,1.1,0.337,-20.797,20.187,29.534,23.15,18.959,29.517,22.845,26.934,28.787,29.997,26.749,7.537,18.928
"2037-02",-15.364,-8.056,-18.698,11.569,16.051,16.285,22.024,26.125,25.576,27.493,26.532,30.124,NA,21.144,26.519,11.004,1.082,8.335,2.968,13.402,20.338,29.297,31.315,25.716,29.242,23.912,28.913,29.684,-28.19,NA,NA,-11.836,8.553,NA,NA,13.618,20.968,27.841,29.052,30.622,25.68,28.192,19.251,20.569,1.253,0.803,-27.292,19.5,29.343,23.839,18.515,29.888,23.687,26.756,29.046,30.042,27.324,8.247,18.869
"2037-03",-13.908,-6.813,-14.729,11.207,17.448,16.476,22.062,26.773,25.62,27.464,26.723,30.647,NA,20.706,26.455,10.87,1.482,9.603,8.868,14.044,21.088,29.634,31.842,26.538,30.509,23.7,29.083,29.689,-23.926,NA,NA,-7.016,12.795,NA,NA,13.879,22.554,28.944,29.711,31.2,26.149,27.659,18.651,19.9,-0.719,-2.29,-24.685,19.322,29.439,23.628,18.368,30.199,23.653,27.443,30.052,30.828,27.449,7.923,18.952
"2037-04",-8.71,-3.001,-7.773,11.638,21.017,18.35,23.486,27.839,26.276,26.902,26.972,30.495,NA,19.576,25.252,10.159,2.146,10.998,13.174,14.919,21.421,29.143,31.824,28.054,31.081,23.119,28.115,28.554,-12.583,NA,NA,-1.243,15.91,NA,NA,15.212,25.285,30.233,30.344,30.538,26.228,26.283,17.679,18.759,-4.954,-7.942,-15.985,19.796,29.742,22.825,18.679,29.947,22.626,28.654,31.265,31.271,26.65,6.858,19.019
"2037-05",-2.796,0.868,-2.325,12.791,25.22,21.483,25.332,28.222,26.83,25.275,27.18,29.544,NA,17.795,23.191,8.876,4.324,13.885,15.847,17.893,22.815,28.684,31.18,30.386,30.534,21.664,27.029,27.672,-2.533,NA,NA,0.883,19.152,NA,NA,18.434,28.879,30.816,30.975,29.781,26.149,24.878,16.733,17.146,-10.853,-14.419,-4.169,20.9,29.669,21.525,19.544,29.355,21.063,29.908,31.108,31.374,25.593,5.491,19.02
"2037-06",0.68,3.788,0.922,14.764,29.134,24.233,27.176,28.411,27.765,23.21,27.716,28.514,NA,15.824,21.672,7.694,7.515,15.978,21.315,21.122,23.378,28.799,29.317,29.37,29.003,20.222,25.68,26.561,0.432,NA,NA,3.939,23.65,NA,NA,21.826,29.89,30.767,30.837,28.549,24.907,23.43,15.523,15.815,-12.336,-14.804,-0.591,22.44,29.383,20.289,21.049,28.465,19.649,29.652,31.015,30.835,24.299,4.338,18.934
"2037-07",2.408,5.927,3.908,16.211,31.036,26.46,28.531,28.654,28.579,23.409,28.35,27.642,NA,15.285,20.263,7.09,8.969,18.803,25.992,24.575,23.531,28.435,27.967,27.192,27.601,19.332,24.644,25.354,1.442,NA,NA,7.819,27.683,NA,NA,24.849,31.311,29.797,30.377,27.313,24.142,22.293,14.479,14.979,-15.457,-16.699,-0.045,23.816,28.791,19.348,22.571,27.733,18.64,28.163,30.738,30.104,23.181,3.468,18.795
"2037-08",3.289,6.468,4.965,16.584,32.122,27.166,29.276,28.984,29.07,23.465,28.907,27.082,NA,15.007,19.657,6.624,8.839,19.592,21.626,24.265,24.971,28.373,26.971,26.479,27.034,18.346,24.14,24.707,2.242,NA,NA,9.23,24.182,NA,NA,26.226,30.978,28.554,29.802,27.022,23.162,21.707,13.669,14.333,-17.528,-20.436,0.225,24.734,28.442,18.862,23.8,27.127,17.968,27.235,29.789,29.52,22.399,3.023,18.677
"2037-09",2.054,5.087,3.669,16.164,30.931,26.141,29.211,29.224,29.13,23.311,29.029,27.147,NA,15.204,19.816,6.511,8.123,18.201,18.216,22.95,25.35,28.598,27.167,28.361,27.474,18.198,24.48,24.938,1.441,NA,NA,7.987,21.377,NA,NA,25.581,30.691,29.219,29.774,27.223,22.321,21.692,13.608,14.293,-16.292,-17.709,-0.453,24.777,28.314,18.698,23.808,27.354,17.898,27.751,29.715,29.535,22.272,3.008,18.614
"2037-10",-0.241,3.278,2.014,14.085,26.91,24.102,27.425,28.844,28.8,23.421,29.072,27.665,NA,16.02,20.338,7.016,6.569,15.57,12.647,20.767,24.64,29.364,28.229,29.573,28.621,19.182,25.43,25.941,-1.131,NA,NA,4.979,16.22,NA,NA,22.937,29.75,29.761,29.787,27.752,22.049,22.385,13.917,15.149,-12.181,-14.104,-4.598,23.864,28.701,19.128,22.7,28.17,18.571,29.436,29.968,30.083,22.716,3.467,18.571
"2037-11",-5.252,0.342,-2.524,11.038,24.037,21.914,25.428,28.206,28.149,23.983,28.629,28.665,NA,17.419,21.935,8.645,5.483,12.879,1.495,17.465,23.323,29.622,29.455,28.667,29.929,20.613,27.066,27.541,-9.728,NA,NA,1.936,7.91,NA,NA,20.143,27.053,29.195,29.665,28.81,22.047,23.549,15.047,16.245,-6.038,-6.674,-13.165,22.625,29.206,20.14,21.357,28.987,19.723,29.136,29.266,30.17,23.868,4.503,18.573
"2037-12",-9.921,-2.122,-9.99,8.423,22.367,20.009,23.989,27.501,27.065,25.042,27.526,29.528,NA,19.055,24.014,9.868,4.53,11.482,0.328,14.803,21.45,29.527,29.657,27.171,30.055,22.012,28.031,28.642,-17.661,NA,NA,-3.152,6.317,NA,NA,17.694,22.972,28.338,29.55,30.011,23.052,25.35,17.113,18.536,-1.144,-2.007,-18.727,21.218,29.403,21.625,19.947,29.262,21.555,28.022,29.052,30.23,25.355,5.991,18.719
"2038-01",-17.226,-6.672,-21.115,7.65,18.225,18.159,22.069,26.715,26.163,26.653,26.909,29.92,NA,20.374,26.132,11.671,2.602,10.63,5.386,14.059,20.337,29.539,30.449,26.139,29.44,23.643,29.088,29.408,-24.16,NA,NA,-7.878,8.604,NA,NA,15.621,21.23,27.687,29.124,30.598,24.726,27.027,18.644,20.265,1.1,-0.16,-25.62,20.052,29.467,22.944,18.9,29.76,23.057,27.305,28.334,30.056,26.539,7.371,18.732
"2038-02",-17.431,-8.349,-24.036,8.142,17.359,17.652,21.248,26.359,25.739,26.8,26.691,30.027,NA,21.004,27.25,11.936,1.218,10.012,3.103,13.631,20.012,29.501,31.035,25.555,28.628,24.769,29.461,29.505,-21.52,NA,NA,-10.12,6.91,NA,NA,14.29,20.146,27.672,29.131,30.903,25.772,27.493,19.204,20.996,1.314,0.442,-22.667,19.52,29.31,23.644,18.266,30.022,24.23,26.964,28.356,30.087,27.531,8.138,18.97
"2038-03",-16.767,-5.224,-19.808,9.073,18.422,17.393,21.686,26.129,25.646,26.777,26.693,30.241,NA,21.094,26.838,11.808,0.768,10.361,8.454,14.138,21.014,30.079,31.752,26.42,29.982,24.488,29.235,29.704,-18.359,NA,NA,-8.057,12.013,NA,NA,14.002,22.131,28.348,29.148,30.857,25.731,26.728,19.304,20.043,-0.354,-1.695,-22.532,19.423,29.242,23.534,18.248,30.433,24.092,27.414,28.727,30.411,27.419,7.78,18.943
"2038-04",-8.569,-2.52,-9.683,9.896,21.84,19.128,23.125,27.261,26.223,26.039,26.918,30.362,NA,19.683,25.071,10.51,2.935,11.56,8.871,14.582,21.143,29.493,32.282,28.51,31.162,23.524,28.481,28.924,-10.877,NA,NA,-2.638,13.857,NA,NA,15.517,25.645,30.065,29.695,30.382,26.652,25.869,18.298,18.507,-4.174,-5.517,-13.699,19.754,29.416,22.763,18.594,30.121,22.996,29.408,30.019,31.017,26.517,6.876,19.038
"2038-05",-2.29,2.269,-2.406,12.241,26.091,21.766,25.473,28.43,27.168,25.298,27.251,29.62,NA,17.853,23.454,9.133,4.721,14.525,15.032,17.368,21.53,28.72,31.879,30.445,30.6,22.711,27.229,27.684,-2.332,NA,NA,0.544,18.735,NA,NA,18.638,28.495,30.882,30.823,29.22,26.858,24.304,17.236,17.021,-10.554,-9.61,-3.498,20.789,29.701,21.551,19.528,29.647,21.396,30.443,31.239,31.407,25.462,5.599,19.115
"2038-06",0.566,5.195,0.754,14.493,29.43,24.71,26.79,28.61,27.949,24.483,27.718,28.856,NA,16.815,21.681,8.157,6.328,17.33,23.828,21.372,22.97,28.811,30.804,29.687,29.218,21.63,25.989,26.23,0.731,NA,NA,3.657,25.392,NA,NA,21.601,29.925,30.487,30.712,28.119,25.092,23.024,16.028,15.903,-13.988,-15.498,-0.655,22.381,29.608,20.298,21.243,28.926,19.962,29.855,30.935,30.629,23.955,4.312,18.962
"2038-07",1.836,6.868,2.59,16.15,31.147,26.318,28.752,28.714,28.689,23.82,28.368,27.854,NA,15.572,20.574,7.297,7.968,20.258,25.166,24.977,23.75,28.888,29.182,27.764,27.895,20.271,24.872,25.201,2.383,NA,NA,6.844,27.307,NA,NA,24.798,31.432,29.488,30.434,27.604,24.042,22.325,14.768,15.153,-16.44,-17.728,-0.167,23.87,29.285,19.33,22.813,28.226,18.957,28.629,30.037,29.857,22.884,3.207,18.829
"2038-08",2.496,7.22,3.532,15.751,31.868,26.889,28.957,29.053,28.996,23.716,28.998,27.386,NA,15.073,19.55,6.935,8.33,20.735,21.292,24.86,24.174,28.825,27.93,27.627,27.379,19.279,24.311,24.755,3.53,NA,NA,8.996,23.823,NA,NA,26.49,31.27,29.252,30.283,27.534,23.229,21.808,14.005,14.741,-16.521,-20.389,0.491,24.779,29.26,18.799,23.743,27.743,18.302,28.28,29.926,29.601,22.265,2.811,18.803
"2038-09",0.878,6.242,2.649,16.704,29.546,25.864,29.03,29.175,29.075,23.692,29.085,27.324,NA,14.914,19.557,6.698,7.506,18.437,18.117,23.458,24.397,28.845,27.626,28.384,27.5,18.671,24.309,24.881,2.174,NA,NA,8.315,21.146,NA,NA,25.539,30.603,29.416,30.156,27.793,22.709,21.989,13.678,14.566,-17.296,-17.604,-0.499,25.018,29.213,18.667,23.429,27.572,18.104,28.366,30.191,29.583,22.234,2.91,18.71
"2038-10",-1.496,4.009,0.057,14.809,27.704,24.069,28.083,29.38,28.824,24.14,29.015,27.834,NA,15.467,20.257,7.463,6.281,15.403,11.878,20.311,24.222,29.205,28.056,29.537,28.476,19.08,25.303,25.682,0.474,NA,NA,5.607,16.294,NA,NA,22.681,29.736,30.591,29.908,28.444,22.518,22.773,14.407,15.22,-12.447,-15.068,-3.177,24.29,29.455,19.002,22.444,28.127,18.386,30.243,30.519,30.081,22.919,3.423,18.695
"2038-11",-6.246,1.175,-5.345,12.462,22.699,21.93,25.263,28.52,28.158,25.018,28.541,28.546,NA,17.355,21.359,8.973,5.11,13.457,8.037,17.966,23.942,29.908,28.934,28.646,29.995,20.277,26.708,27.216,-5.921,NA,NA,2.305,12.495,NA,NA,20.072,26.754,29.79,29.775,29.579,22.668,24.167,15.219,16.935,-5.446,-5.223,-11.014,22.761,29.796,20.036,21.23,28.961,19.395,29.735,29.618,30.311,24.226,4.584,18.732
"2038-12",-13.852,-0.769,-13.073,11.676,17.095,18.594,22.661,27.017,27.084,25.626,27.768,29.32,NA,19.017,23.272,10.859,3.288,11.768,4.187,15.768,22.393,29.633,30.006,27.385,30.496,21.706,28.413,29.015,-14.563,NA,NA,-1.065,8.017,NA,NA,16.968,22.986,28.526,29.061,30.28,23.45,25.964,17.044,18.409,-1.358,-2.533,-18.194,21.344,29.985,21.642,20.063,29.483,21.128,28.671,28.431,30.103,25.545,5.895,18.752
"2039-01",-16.289,-4.413,-20.372,11.15,15.592,16.605,21.582,26.069,26.138,26.493,27.306,29.807,NA,20.007,25.24,12.026,2.359,10.761,-2.777,14.559,21.303,29.22,30.491,26.621,29.687,22.809,29.153,29.642,-20.952,NA,NA,-7.005,4.122,NA,NA,14.85,20.649,27.623,28.551,30.416,24.837,27.147,18.116,20.442,0.993,-0.614,-22.154,20.176,29.87,22.988,19.093,29.669,22.821,27.772,27.461,29.662,26.936,7.396,18.864
"2039-02",-20.011,-7.093,-24.958,11.194,15.666,15.371,21.547,25.291,25.696,26.551,27.223,29.9,NA,20.719,26.731,12.281,1.569,10.87,5.808,14.241,20.745,29.319,31.189,26.33,29.448,23.399,29.197,29.616,-22.307,NA,NA,-8.437,8.809,NA,NA,13.821,20.516,27.438,28.716,30.626,25.298,28.113,19.131,21.196,1.147,-0.087,-25.905,19.577,29.044,23.937,18.505,29.987,23.755,27.049,27.708,29.621,27.494,8.092,18.859
"2039-03",-12.475,-5.09,-18.837,11.504,17.339,16.1,22.227,26.172,25.957,26.306,27.023,29.914,NA,20.121,26.509,11.425,2.639,10.857,7.249,14.605,20.456,29.066,31.869,27.025,30.494,23.392,29.085,29.855,-19.957,NA,NA,-5.846,10.208,NA,NA,13.959,22.119,28.416,29.218,30.716,25.75,28.046,19.105,20.706,-0.474,-1.939,-23.194,19.517,28.994,23.706,18.293,29.997,23.757,27.575,28.968,30.336,27.496,7.828,18.97
"2039-04",-10.798,-1.636,-9.922,11.612,20.373,18.075,23.088,27.094,26.354,25.925,27.018,29.826,NA,19.07,25.218,10.278,3.121,12.287,14.638,16.542,21.525,28.64,31.792,28.292,30.888,22.752,28.138,28.803,-9.759,NA,NA,-1.013,17.082,NA,NA,15.549,25.292,29.808,30.083,30.66,25.978,27.089,18.124,19.745,-4.698,-7.018,-13.83,19.899,29.245,22.872,18.381,29.748,22.742,28.458,30.985,31.218,26.872,6.852,19.054
"2039-05",-2.153,1.969,-2.334,12.572,24.863,21.653,25.101,28.111,27.192,24.279,27.098,29.426,NA,17.43,23.198,9.015,4.991,14.192,16.548,19.105,21.748,28.905,31.492,30.416,30.284,21.712,26.865,27.39,-3.694,NA,NA,1.11,19.556,NA,NA,18.58,28.808,30.595,30.906,29.382,26.078,25.025,16.774,17.725,-10.564,-13.43,-4.731,21.054,29.319,21.569,19.219,29.393,21.227,29.779,31.329,31.198,25.767,5.553,19.035
"2039-06",0.798,4.464,1.197,14.902,29.091,24.128,27.209,28.394,27.979,22.989,27.496,28.569,NA,15.936,21.491,8.047,7.276,16.44,23.432,21.621,22.334,28.442,29.544,29.318,28.871,20.23,25.636,26.305,0.207,NA,NA,4.936,25.485,NA,NA,22.386,31.165,30.489,30.922,28.216,25.564,23.618,15.661,16.351,-16.666,-19.308,-0.691,22.72,28.884,20.231,20.781,28.622,19.799,30.011,30.762,30.747,24.592,4.149,18.859
"2039-07",2.091,6.332,3.363,16.885,31.088,26.474,28.649,28.418,28.485,22.395,28.076,27.304,NA,14.79,20.441,7.174,9.102,20.022,23.551,24.807,22.995,28.351,27.837,26.778,27.083,19.045,24.442,25.1,1.98,NA,NA,8.074,25.327,NA,NA,24.629,31.401,29.192,30.282,27.269,24.63,22.22,14.58,15.187,-17.823,-17.521,-0.287,24.156,28.016,19.303,22.295,27.675,18.775,27.934,30.209,29.88,23.549,3.329,18.702
"2039-08",2.818,7.089,4.482,17.151,31.036,26.798,29.029,28.567,28.626,22.534,28.474,26.792,NA,14.541,19.848,6.768,9.694,20.175,22.347,26.078,23.646,28.305,27.386,26.162,26.328,18.493,23.88,24.344,2.189,NA,NA,9.945,24.841,NA,NA,26.343,31.522,28.329,29.918,26.909,23.927,21.629,13.85,14.722,-19.776,-21.827,0.283,24.844,27.545,18.742,23.229,27.294,18.21,27.116,29.312,29.294,22.839,2.613,18.511
"2039-09",1.911,5.937,3.664,16.018,30.559,26.323,28.831,28.552,28.765,22.335,28.717,26.844,NA,14.592,20.089,6.657,8.315,18.322,17.09,23.443,24.425,28.711,27.791,27.285,26.821,18.669,24.403,24.49,1.388,NA,NA,9.485,20.789,NA,NA,25.672,31.042,29.398,30.01,27.302,23.324,21.618,13.701,14.595,-17.327,-17.523,-0.487,24.927,27.549,18.589,23.175,27.465,18.015,27.709,29.683,29.325,22.651,2.9,18.517
"2039-10",-0.774,3.868,1.512,13.401,28.501,25.144,27.753,28.626,28.532,22.972,28.575,27.583,NA,15.705,20.66,7.278,7.085,15.716,10.887,20.903,24.244,29.164,28.546,29.128,28.117,19.063,25.195,25.287,-1.614,NA,NA,6.341,15.473,NA,NA,22.883,30.061,30.716,30.224,28.259,23.727,21.917,14.212,14.824,-11.447,-14.758,-4.866,24.216,28.018,19.052,22.135,28.022,18.398,29.908,30.385,29.915,23.054,3.323,18.517
"2039-11",-7.027,1.181,-3.235,10.651,25.025,22.832,25.681,28.333,28.067,24.046,28.46,27.948,NA,17.217,22.255,8.118,5.78,13.323,6.44,18.588,23.207,29.493,28.672,28.411,29.447,19.973,26.081,26.496,-9.59,NA,NA,2.603,10.524,NA,NA,20.288,26.183,29.388,29.827,29.509,24.045,23.439,15.495,15.989,-5.312,-7.313,-14.078,22.819,28.695,20.184,20.904,28.384,19.361,28.871,29.572,30.228,24.352,4.588,18.53
"2039-12",-11.799,-4.987,-10.937,9.787,19.804,19.984,22.957,27.14,27.221,24.734,27.663,28.865,NA,18.907,23.86,10.35,4.315,11.84,5.429,16.449,21.103,29.095,29.525,26.622,29.818,21.722,27.656,28.131,-18.487,NA,NA,0.206,8.144,NA,NA,17.667,22.802,28.222,29.233,30.48,24.929,25.123,16.812,17.442,-1.053,-1.965,-20.943,21.365,28.975,21.732,19.727,28.879,21.01,28.061,28.43,30.081,26.006,6.149,18.643
"2040-01",-14.532,-6.599,-16.626,8.601,18.537,17.982,21.546,26.556,26.364,26.103,27.103,29.577,NA,20.135,25.587,11.915,1.735,10.696,4.249,14.975,20.306,29.176,30.316,25.92,29.617,23.321,28.959,29.546,-21.283,NA,NA,-3.363,8.381,NA,NA,14.981,21.111,27.399,28.824,30.732,26.116,27.06,18.477,19.063,1.21,-0.303,-23.484,20.212,29.056,23.055,18.794,29.514,22.431,27.423,27.94,30.148,27.434,7.606,18.869
"2040-02",-16.026,-9.043,-21.222,8.96,17.95,17.329,21.452,26.578,26.053,27.132,26.713,29.625,NA,20.85,26.777,12.109,0.658,10.057,3.223,14.444,20.058,29.416,31.065,25.44,28.469,23.51,28.649,29.12,-27.083,NA,NA,-5.773,8.373,NA,NA,13.701,20.835,27.671,28.85,30.542,27.276,27.587,19.152,20.566,1.341,-0.072,-26.745,19.671,29.218,23.962,18.247,29.769,23.266,27.004,28.307,30.099,27.788,8.246,18.908
"2040-03",-14.594,-5.7,-16.059,9.498,19.204,17.494,22.108,27.091,26.125,27.4,26.755,29.762,NA,20.928,26.351,11.802,1.808,10.526,7.108,14.493,20.222,29.396,31.599,26.198,29.455,23.905,29.431,29.745,-22.8,NA,NA,-4.328,10.66,NA,NA,14.003,21.79,28.586,29.208,30.758,27.569,27.462,19.557,19.983,-0.478,-2.029,-24.799,19.498,29.541,23.734,18.047,29.75,23.422,27.375,29.105,30.53,27.798,7.886,18.977
"2040-04",-8.184,-4.437,-10.213,9.985,21.324,19.128,23.39,27.992,26.617,27.271,26.818,29.779,NA,19.683,25.367,10.845,3.069,12.194,8.967,16.252,21.03,29.015,32.082,28.052,30.816,23.172,28.369,28.987,-11.618,NA,NA,-0.694,13.315,NA,NA,15.883,25.955,30.306,30.004,30.643,27.33,26.492,18.509,18.916,-4.781,-6.437,-14.71,19.952,29.973,22.886,18.245,29.729,22.391,28.964,31.143,31.293,26.956,6.771,19.093
"2040-05",-2.626,0.87,-2.696,12.658,26.115,22.113,25.504,28.706,27.326,26.101,26.944,29.213,NA,17.365,23.5,9.171,4.64,14.097,17.869,18.637,21.522,28.78,31.313,30.018,30.432,21.685,26.801,27.712,-4.297,NA,NA,1.978,20.173,NA,NA,18.932,27.992,30.52,31.02,29.832,26.723,24.843,17.203,17.267,-10.358,-10.873,-5.14,21.1,30.008,21.652,19.099,29.158,20.972,29.895,31.615,31.484,25.989,5.372,19.098
"2040-06",0.543,3.948,0.827,14.348,30.328,25.028,27.131,28.935,27.966,25.749,27.348,28.256,NA,16.387,21.565,7.997,6.392,17.253,21.551,22.689,21.84,28.781,30.006,28.711,28.47,20.717,25.232,26.202,0.795,NA,NA,5.009,23.886,NA,NA,22.385,30.214,30.163,31.097,28.521,25.199,23.436,15.766,15.609,-14.055,-15.412,-0.58,22.681,29.862,20.371,20.539,28.479,19.649,29.237,30.906,30.219,24.409,4.058,18.95
"2040-07",2.002,5.643,3.556,16.422,31.379,26.731,28.504,29.013,28.428,24.772,27.934,27.315,NA,15.554,20.39,7.147,8.204,19.138,25.211,24.69,22.868,28.306,28.443,27.296,27.21,19.653,24.32,25.161,1.772,NA,NA,8.862,26.666,NA,NA,24.754,31.051,28.825,30.477,27.83,23.988,22.383,14.754,14.745,-17.184,-19.371,-0.235,24.145,29.377,19.406,22.348,27.737,18.602,27.817,29.48,29.49,23.285,2.91,18.754
"2040-08",2.858,5.561,4.491,16.278,31.514,27.113,29.259,29.053,28.785,24.099,28.666,26.825,NA,15.164,19.777,6.747,9.441,20.768,24.161,26.384,23.43,28.473,28.081,27.315,27.204,19.36,24.344,24.864,2.081,NA,NA,10.998,25.838,NA,NA,26.316,31.11,29.084,30.229,27.32,23.237,21.707,14.138,14.374,-20.161,-21.867,0.089,25.109,29.127,18.766,23.493,27.553,18.098,27.654,29.547,29.489,22.629,2.093,18.659
"2040-09",2.152,5.032,3.842,15.774,30.74,26.602,29.142,29.211,29.078,23.807,28.915,26.743,NA,15.159,19.649,6.721,8.766,18.978,16.886,24.608,23.631,28.809,28.104,28.879,27.773,19.282,24.612,25.032,1.058,NA,NA,9.123,20.564,NA,NA,25.294,31.165,29.866,30.011,27.455,22.825,21.865,14.038,14.349,-18.78,-17.939,-0.596,25.05,29.008,18.59,23.379,27.568,18.006,28.531,29.992,29.713,22.608,2.31,18.616
"2040-10",-0.065,2.857,1.668,14.94,26.952,24.026,27.899,28.855,28.673,24.105,28.65,27.243,NA,15.97,20.051,7.162,6.857,15.441,11.754,20.948,24.131,29.19,28.611,29.477,28.632,19.775,25.695,25.891,-1.534,NA,NA,6.307,16.202,NA,NA,22.857,30.063,30.429,29.929,28.097,22.915,22.304,14.412,14.856,-13.152,-12.868,-5.689,24.319,29.205,18.975,22.338,28.102,18.393,30.184,30.139,30.297,23.25,3.217,18.619
"2040-11",-4.796,-1.816,-3.05,12.292,24.437,22.166,26.061,28.268,28.005,24.742,28.263,28.178,NA,17.598,21.594,8.773,5.683,13.609,7.452,18.264,23.34,29.526,28.907,28.958,29.894,20.454,26.73,27.368,-10.685,NA,NA,2.933,11.339,NA,NA,20.251,26.285,29.697,29.886,29.013,23.02,23.651,15.693,16.224,-6.282,-7.521,-13.269,22.867,29.624,20.05,20.938,28.541,19.38,29.947,29.625,30.651,24.46,4.246,18.594
"2040-12",-10.974,-4.344,-10.551,10.369,18.986,19.085,23.622,27.249,27.046,25.283,27.483,28.902,NA,18.987,24.136,10.865,4.457,11.951,1.596,16.039,21.948,29.474,29.943,27.492,30.589,22.409,28.877,29.23,-15.631,NA,NA,-1.029,6.105,NA,NA,18.007,22.796,28.561,29.686,30.134,23.918,25.48,17.848,17.795,-1.779,-2.357,-18.022,21.419,29.863,21.53,19.686,29.232,21.192,28.751,28.915,30.481,25.978,5.692,18.771
"2041-01",-15.323,-7.648,-19.317,10.28,17.706,17.443,22.741,26.331,26.123,26.243,26.708,29.35,NA,20.663,26.249,11.798,3.14,10.473,1.296,14.57,20.119,28.746,30.825,26.002,28.978,23.677,29.293,29.589,-19.052,NA,NA,-5.217,5.499,NA,NA,15.264,20.388,27.87,29.237,30.458,26.055,27.004,18.997,20.114,0.602,-0.725,-20.99,20.405,29.808,22.868,18.661,29.492,23.202,27.38,28.496,30.107,27.352,7.013,18.924
"2041-02",-16.349,-5.704,-22.349,10.894,16.973,16.276,22.352,25.706,25.639,26.536,26.523,29.701,NA,20.861,27.269,11.937,2.26,10.467,5.425,14.133,20.03,29.049,31.466,26.19,29.53,24.086,29.72,30.188,-22.276,NA,NA,-7.056,8.362,NA,NA,13.911,20.729,27.734,28.206,30.424,26.909,27.713,20.22,21.319,0.72,-0.301,-24.549,19.82,29.354,23.737,18.183,29.953,24.098,27.207,27.839,29.824,28.119,7.651,18.951
"2041-03",-16.368,-4.533,-18.127,10.943,18.02,16.615,22.439,26.466,25.695,26.547,26.267,30.084,NA,20.003,26.202,11.095,2.354,10.466,7.078,14.416,21.175,29.888,31.822,27.018,30.387,23.584,29.295,30.345,-15.948,NA,NA,-6.885,10.514,NA,NA,13.875,21.855,28.362,28.95,30.966,26.582,27.494,19.382,20.482,-0.558,-2.272,-21.636,19.74,29.214,23.466,18.129,30.009,23.819,27.587,28.697,30.392,28.012,7.474,18.981
"2041-04",-9.575,-2.725,-7.173,11.33,21.584,18.463,23.963,27.589,26.262,25.394,26.574,29.794,NA,18.641,25.285,10.025,2.404,11.228,12.052,15.211,21.317,29.357,31.673,28.319,31.256,22.886,28.381,29.597,-12.876,NA,NA,-0.714,15.365,NA,NA,15.674,24.554,29.866,29.814,30.89,26.921,26.709,18.522,19.232,-4.157,-9.475,-15.704,20.201,29.333,22.674,18.454,29.827,22.767,28.731,30.778,31.099,27.261,6.616,19.01
"2041-05",-2.305,1.848,-2.909,12.478,25.455,21.497,25.436,28.358,27.116,24.701,26.957,28.979,NA,17.389,24.033,8.957,4.943,13.039,13.905,18,22.186,29.402,31.159,30.036,29.816,21.922,26.673,27.474,-3.461,NA,NA,0.931,17.521,NA,NA,18.495,27.717,30.585,30.908,29.805,26.918,25.186,17.184,17.582,-9.467,-17.436,-4.217,21.21,29.61,21.513,19.215,29.522,21.235,29.65,31.524,31.115,26.038,5.33,19.044
"2041-06",0.514,4.66,0.68,14.355,29.328,24.117,26.88,28.621,27.984,24.182,27.588,27.82,NA,16.063,22.435,7.834,6.692,16.532,21.453,21.36,23.213,28.901,29.51,29.258,28.597,20.448,25.48,26.267,0.4,NA,NA,4.509,24.449,NA,NA,21.653,30.971,30.436,30.71,28.58,25.641,23.853,15.562,16.072,-14.676,-17.088,-0.569,22.589,29.412,20.371,20.982,28.588,19.831,29.627,30.669,30.533,24.527,4.074,18.914
"2041-07",2.501,7.2,3.972,16.075,31.221,26.683,27.93,28.881,28.776,23.94,28.302,26.989,NA,15.206,20.502,7.04,9.37,19.972,22.593,24.637,23.631,28.534,28.145,27.459,27.657,19.448,24.711,25.351,1.884,NA,NA,8.363,25.354,NA,NA,24.419,31.365,29.302,30.521,27.32,24.786,22.463,14.586,14.865,-18.965,-18.543,0.086,23.925,29.029,19.451,22.596,27.666,18.772,28.379,29.75,29.927,23.4,2.917,18.753
"2041-08",3.544,7.707,5.19,16.864,32.317,27.403,29.071,29.242,29.305,23.491,28.936,26.687,NA,14.574,20.161,6.356,9.37,19.966,21.682,25.214,24.295,28.207,27.232,27.247,27.315,18.493,24.391,24.858,2.901,NA,NA,10.224,23.963,NA,NA,25.834,31.38,29.374,29.942,26.905,23.9,22.008,13.978,14.396,-20.333,-18.987,0.607,24.916,28.802,18.877,23.483,27.299,18.171,28.076,29.732,29.644,22.687,2.275,18.675
"2041-09",2.055,6.489,4.114,16.808,30.841,26.604,29.083,29.159,29.228,23.713,29.013,26.663,NA,14.875,20.316,6.289,8.15,18.276,15.563,23.672,24.988,28.566,27.792,28.491,27.543,18.399,24.734,24.963,1.853,NA,NA,8.962,19.148,NA,NA,25.071,30.732,29.668,29.838,27.526,22.866,22.423,13.757,14.415,-19.121,-19.066,0.135,24.867,28.848,18.723,23.546,27.429,18.081,28.558,29.785,29.525,22.479,2.089,18.552
"2041-10",-0.196,5.061,2.069,15.128,26.514,24.216,27.323,28.832,28.802,24.15,28.778,27.247,NA,15.823,20.906,6.773,6.456,15.883,9.913,21.259,24.876,29.214,28.517,29.258,28.296,19.12,25.739,25.797,0.252,NA,NA,5.968,14.269,NA,NA,22.658,29.554,29.807,29.818,28.311,22.775,22.711,14.147,14.756,-11.959,-12.584,-1.867,24.257,29.356,19.027,22.525,27.901,18.545,29.798,29.986,30.093,22.906,3.212,18.709
"2041-11",-5.264,2.082,-1.252,12.467,22.921,21.231,25.314,27.925,28.053,24.704,28.555,28.056,NA,17.376,22.133,8.24,4.805,13.131,8.871,18.637,23.305,29.511,29.167,28.948,29.994,20.38,27.14,27.166,-6.036,NA,NA,2.801,12.168,NA,NA,19.92,27.103,29.513,29.78,29.71,23.083,24.104,15.774,16.364,-6.97,-7.908,-9.707,22.941,29.852,20.095,21.016,28.461,19.566,29.64,29.626,30.47,24.161,4.275,18.724
"2041-12",-9.013,-2.555,-7.939,11.675,18.593,19.209,23.37,27.287,27.159,25.794,27.704,28.787,NA,18.689,23.963,9.796,3.378,10.922,0.971,16.129,21.589,29.488,29.57,27.479,30.394,21.553,28.303,28.698,-15.104,NA,NA,-0.027,5.249,NA,NA,16.981,23.174,28.41,29.494,30.296,23.782,26.045,17.48,18.29,-1.964,-2.046,-15.957,21.513,30.167,21.445,19.842,28.953,21.084,28.547,28.762,30.489,25.91,5.797,18.856
"2042-01",-12.234,-4.585,-13.306,11.851,16.385,17.374,22.356,26.173,26.244,26.935,27.031,29.135,NA,20.226,26.241,11.379,2.455,9.623,-7.758,14.54,20.08,28.952,30.413,26.106,29.316,22.622,28.845,29.341,-22.19,NA,NA,-5.395,-2.317,NA,NA,14.12,20.748,27.578,29.295,30.733,25.014,26.92,18.756,19.442,0.214,-0.83,-20.051,20.352,30.04,23.12,18.946,29.335,22.771,27.184,28.521,30.002,26.983,7.167,18.986
"2042-02",-13.793,-7.695,-18.489,11.775,15.95,16.644,21.529,26.308,25.8,27.772,26.8,29.719,NA,21.082,27.171,11.622,1.401,8.894,2.516,13.613,20.035,29.061,31.579,25.8,29.627,23.469,29.57,30.477,-25.674,NA,NA,-6.907,7.694,NA,NA,13.043,20.856,27.802,28.791,30.721,25.521,27.946,19.07,20.131,0.619,-0.477,-24.547,19.714,29.893,24.027,18.488,29.838,23.832,26.89,28.432,30.249,27.839,7.889,19.05
"2042-03",-13.072,-6.396,-15.706,11.485,17.864,17.299,21.694,26.886,26.032,27.661,26.869,30.018,NA,20.942,26.49,11.046,1.986,9.268,6.908,13.457,20.402,29.024,31.914,26.923,30.757,24.148,29.876,30.62,-22.755,NA,NA,-8.184,11.089,NA,NA,13.415,22.572,29.113,29.684,31.034,25.694,27.02,18.998,19.55,-1.091,-2.809,-23.713,19.514,29.958,23.763,18.338,29.979,23.708,27.93,29.749,30.789,27.811,7.598,19.033
"2042-04",-8.717,-3.422,-9.723,11.505,20.194,18.987,22.523,27.706,26.551,27.518,26.923,29.983,NA,19.475,25.815,10.147,3.111,10.855,11.664,14.758,20.863,29.119,32.123,28.689,31.236,23.365,28.723,29.655,-11.548,NA,NA,-2.698,14.67,NA,NA,15.134,25.367,30.697,30.47,30.594,26.029,26.047,18.318,18.519,-5.052,-6.413,-15.384,19.93,29.806,22.722,18.645,29.845,22.735,29.423,31.587,31.474,27.193,6.572,19.063
"2042-05",-3.29,1.19,-2.321,12.928,24.229,21.557,24.692,28.132,26.836,25.887,27.178,29.442,NA,17.688,23.658,8.812,4.786,14.152,17.056,17.93,21.928,28.809,31.266,30.336,30.562,22.165,27.177,27.851,-3.196,NA,NA,0.666,19.922,NA,NA,18.179,28.564,31.075,31.158,29.861,26.143,25.163,17.174,17.352,-11.343,-12.51,-4.722,21.074,29.697,21.395,19.558,29.511,21.35,30.241,31.915,31.663,25.997,5.16,19.05
"2042-06",0.815,4.814,1.073,14.91,28.467,24.908,26.643,28.77,28.007,24.395,27.785,28.28,NA,16.179,21.941,7.203,6.949,16.266,23.655,21.376,22.592,28.562,29.655,29.423,29.081,20.667,25.545,26.562,0.42,NA,NA,4.254,25.174,NA,NA,21.402,29.853,30.628,31.028,28.313,25.367,23.762,16.174,15.994,-14.955,-15.987,-0.46,22.681,29.335,20.215,21.155,28.589,20.019,29.768,30.71,30.779,24.727,3.874,18.934
"2042-07",2.698,6.547,3.6,17.274,31.016,26.8,28.325,28.703,28.739,23.201,28.355,27.364,NA,15.092,20.8,6.499,8.688,18.818,25.539,23.861,22.89,28.368,27.993,27.21,27.648,19.301,24.796,25.605,2.596,NA,NA,7.016,26.965,NA,NA,24.018,31.09,29.486,30.352,27.164,24.391,22.688,15.067,15.06,-20.402,-16.949,0.143,24.215,28.382,19.304,22.652,27.649,18.879,28.216,30.213,30.081,23.578,2.413,18.645
"2042-08",3.079,7.613,4.115,17.898,31.52,27.436,29.096,28.755,28.991,22.67,28.949,26.834,NA,14.429,20.442,6.199,9.528,19.592,21.869,25.214,23.737,28.231,27.732,27.054,27.142,18.646,24.399,25.052,2.489,NA,NA,8.516,24.45,NA,NA,25.729,31.309,29.482,30.034,26.936,23.265,22.185,14.353,14.595,-19.675,-20.072,0.598,25.199,27.739,18.737,23.551,27.414,18.264,27.834,30.346,29.763,22.78,2.077,18.577
"2042-09",1.979,6.332,3.562,16.855,30.684,26.92,29.055,29.012,29.15,22.938,29.2,26.946,NA,14.642,20.354,6.258,8.485,18.053,17.332,23.189,24.517,28.928,28.001,28.276,27.327,18.677,24.758,25.14,1.723,NA,NA,7.326,20.079,NA,NA,24.878,30.55,29.45,30.22,27.353,22.905,22.132,14.087,14.458,-19.516,-18.81,0.204,25.081,27.861,18.571,23.413,27.682,18.2,28.214,30.209,29.871,22.664,2.111,18.497
"2042-10",-0.346,4.046,1.868,14.971,28.3,24.397,28.207,28.771,28.773,23.231,29.013,27.583,NA,15.389,20.78,6.791,6.684,15.664,12.353,20.587,24.083,29.259,28.831,29.297,28.531,19.471,25.905,26.354,0.301,NA,NA,5.178,15.515,NA,NA,22.468,29.121,29.827,30.16,28.154,22.684,22.497,14.516,14.859,-13.125,-13.024,-2.795,24.256,28.416,18.888,22.572,28.197,18.49,29.296,30.23,30.222,23.255,2.861,18.557
"2042-11",-4.123,0.788,-1.116,13.034,23.568,21.68,25.894,27.971,28.02,23.728,28.432,28.463,NA,16.802,22.009,8.293,5.312,12.929,8.026,17.724,23.084,29.67,29.238,28.733,29.661,20.49,27.106,27.877,-6.979,NA,NA,2.308,11.625,NA,NA,19.864,25.763,29.649,29.938,29.061,23.428,23.566,15.685,15.93,-6.371,-6.815,-10.656,22.867,28.741,19.964,21.242,28.74,19.714,29.463,29.928,30.56,24.511,4.27,18.63
"2042-12",-12.404,-5.119,-7.312,11.675,18.182,19.262,23.049,26.805,27.13,24.714,27.687,28.947,NA,18.527,24.02,10.07,3.661,11.363,2.448,15.932,22.018,29.653,29.646,26.951,30.205,21.733,27.955,28.74,-16.916,NA,NA,-1.399,6.515,NA,NA,17.402,22.553,28.384,29.376,30.208,24.6,25.773,17.68,18.59,-1.689,-2.038,-20.127,21.341,28.952,21.45,19.982,29.106,21.625,28.306,28.629,30.246,25.86,5.614,18.616
"2043-01",-17.176,-5.964,-15.756,11.026,17.588,17.517,21.931,25.577,26.166,25.852,27.07,29.62,NA,20.193,26.125,11.929,1.654,10.047,4.897,14.438,20.869,29.627,30.424,26.147,29.178,22.874,29.003,29.816,-24.563,NA,NA,-6.304,9.233,NA,NA,14.857,21.537,26.929,28.054,30.672,25.514,27.625,18.792,20.833,0.502,-0.165,-25.153,20.21,28.899,23.077,19.115,29.622,23.393,27.418,26.711,29.472,27.092,6.978,18.711
"2043-02",-15.721,-6.79,-22.279,10.942,18.159,17.061,22.112,26.09,25.986,27.141,26.851,29.945,NA,20.61,26.753,11.674,2.053,9.416,-1.599,13.557,20.265,29.439,30.917,26.509,29.332,23.494,29.116,30.105,-21.145,NA,NA,-8.926,3.127,NA,NA,13.956,20.647,26.814,27.806,30.587,25.97,28.047,19.396,21.421,0.601,0.116,-22.081,19.647,28.846,23.807,18.523,29.887,24.137,27.367,26.059,29.267,28.025,7.795,18.934
"2043-03",-17.949,-5.431,-18.136,11.05,18.601,17.407,22.556,26.523,26.007,26.933,26.648,30.21,NA,20.44,26.744,11.375,0.965,9.925,7.382,13.823,20.859,29.842,31.59,27.128,29.735,23.489,28.969,29.511,-20.904,NA,NA,-6.227,10.213,NA,NA,14.185,21.617,27.664,28.384,30.702,26.527,27.628,19.267,20.786,-1.026,-1.422,-24.391,19.539,29.072,23.6,18.402,30.021,24.029,27.84,26.959,29.49,27.647,7.516,18.84
"2043-04",-9.007,-0.314,-8.021,11.558,20.996,18.249,23.503,27.353,26.269,25.824,26.833,30.118,NA,18.834,25.044,10.115,1.618,10.549,12.635,14.847,21.852,29.788,31.571,28.61,30.805,22.86,28.575,29.201,-10.744,NA,NA,-1.684,15.79,NA,NA,16.046,24.884,28.898,29.528,30.772,27.141,26.884,18.713,19.608,-5.601,-6.039,-13.174,20.077,29.417,22.626,18.766,30.144,22.924,29.301,28.837,30.481,27.102,6.562,19.063
"2043-05",-1.734,2.31,-2.012,13.187,25.472,21.003,25.439,28.502,27.088,25.775,27.152,29.083,NA,17.957,23.949,8.857,3.763,12.821,18.922,17.509,22.223,29.323,31.144,30.153,30.645,21.56,27.203,28.114,-2.508,NA,NA,1.03,22.236,NA,NA,18.908,29.12,30.157,30.468,29.744,26.351,25.13,17.68,17.693,-12.748,-14.287,-3.746,21.047,29.719,21.429,19.45,29.306,21.294,30.384,30.999,31.138,26.053,5.159,19.026
"2043-06",0.57,4.442,0.77,15.183,30.004,24.407,27.156,28.644,27.854,24.804,27.748,27.904,NA,16.105,21.959,7.59,6.005,15.97,22.905,20.622,22.986,29.328,29.923,29.656,29.374,20.235,25.786,26.833,0.415,NA,NA,4.232,24.956,NA,NA,22.766,30.026,30.778,30.708,28.327,25.492,23.471,16.415,16.245,-17.402,-18.586,-0.845,22.451,29.581,20.176,20.988,28.566,19.811,30.232,30.871,30.823,24.612,3.536,18.794
"2043-07",2.503,7.149,3.496,16.956,31.224,26.438,28.318,28.836,28.442,24.364,28.302,27.158,NA,15.035,20.572,6.826,7.564,18.399,25.461,23.605,23.748,28.709,27.624,27.565,27.973,18.913,24.647,25.614,2.709,NA,NA,6.86,26.974,NA,NA,25.29,31.022,29.176,30.36,27.618,24.391,22.402,14.919,15.285,-20.659,-18.917,0.048,24.016,29.38,19.328,22.692,27.44,18.727,28.356,29.402,29.841,23.345,2.464,18.67
"2043-08",3.059,7.35,4.679,17.333,31.321,27.117,29.25,29.081,28.838,24.143,28.67,26.85,NA,14.851,19.853,6.475,8.347,20.895,20.073,25.565,24.631,28.279,27.344,27.931,27.561,18.302,24.366,25.082,3.524,NA,NA,9.094,22.913,NA,NA,26.485,31.272,29.067,29.677,26.874,23.547,21.701,14.172,14.73,-20.712,-21.157,0.587,24.807,29.064,18.703,23.727,27.285,18.112,28.091,29.773,29.66,22.743,1.939,18.591
"2043-09",1.362,6.719,3.467,17.024,30.824,26.456,29.121,29.272,29.045,24.9,28.907,27.028,NA,15.476,19.777,6.569,7.354,18.769,16.484,23.907,25.396,28.579,26.923,29.025,27.668,17.895,24.817,25.373,2.537,NA,NA,8.037,19.848,NA,NA,25.516,30.798,29.589,29.748,27.215,22.959,21.988,14.074,14.66,-17.768,-16.56,-0.02,24.865,29.432,18.523,23.705,27.348,17.932,29.154,30.257,29.752,22.764,2.256,18.652
"2043-10",-0.868,4.546,1.747,14.566,27.886,24.511,28.354,29.122,28.757,25.516,28.947,27.65,NA,15.892,20.735,6.863,6.211,15.678,11.719,20.515,24.837,28.962,27.672,30.299,28.985,18.56,26.071,26.497,0.644,NA,NA,5.299,15.655,NA,NA,23.396,29.699,30.471,30.017,28.004,22.871,22.833,14.336,15.018,-12.45,-10.416,-3.054,24.074,29.933,18.923,22.693,27.739,18.307,30.399,30.597,30.356,23.367,3.031,18.729
"2043-11",-5.436,1.144,-1.08,12.453,22.452,21.467,26.052,28.138,27.857,25.745,28.402,28.41,NA,16.981,21.715,8.058,4.486,13.439,8.73,17.972,23.729,29.644,28.67,29.286,30.487,20.008,27.24,27.437,-7.903,NA,NA,2.074,12.081,NA,NA,20.742,26.38,29.461,30.134,29.421,23.403,24.705,15.704,16.728,-6.883,-7.184,-11.757,22.819,30.315,20.059,21.248,28.513,19.33,29.48,29.866,30.526,24.394,4.184,18.711
"2043-12",-12.721,-2.36,-6.553,10.702,19.042,19.2,23.757,27.174,26.771,26.487,27.697,29.156,NA,18.791,23.763,9.855,1.612,11.644,5.528,15.924,22.512,29.885,29.563,27.834,31.017,21.664,28.738,29.407,-19.963,NA,NA,-1.448,9.549,NA,NA,17.971,23.622,28.242,29.419,30.622,24.392,25.473,17.13,17.772,-1.79,-2.47,-21.947,21.345,30.55,21.469,20.112,29.215,20.992,28.807,28.307,30.425,25.989,5.659,18.71
"2044-01",-17.701,-6.996,-15.516,9.101,17.406,17.767,22.371,26.586,25.917,27.038,27.506,29.775,NA,20.283,25.757,11.387,-0.81,10.884,4.005,14.765,21.083,29.595,30.522,26.598,29.835,23.193,29.328,30.408,-23.409,NA,NA,-5.887,7.691,NA,NA,15.923,21.07,27.406,28.809,30.648,25.329,27.092,18.768,19.295,0.771,0.106,-24.843,20.309,30.204,23.021,19.115,29.717,22.939,28.046,27.199,29.981,27.535,7.11,18.901
"2044-02",-13.51,-7.739,-17.907,9.338,16.684,16.486,21.791,26.67,25.689,26.871,27.284,30.419,NA,21.057,27.58,12.21,-0.32,9.831,4.544,14.078,20.47,29.55,31.077,26.177,29.524,23.979,29.229,29.934,-25.505,NA,NA,-8.019,8.988,NA,NA,14.884,20.519,27.452,28.743,30.523,25.937,27.551,19.302,19.815,0.593,-0.042,-23.697,19.683,29.816,23.787,18.597,30.129,23.997,27.413,27.272,29.942,27.697,7.816,19.031
"2044-03",-15.56,-4.749,-16.943,10.399,17.543,16.493,22.241,27.39,25.999,26.861,27.377,30.502,NA,21.046,26.414,11.192,-0.435,9.659,5.292,13.835,20.501,29.39,31.802,27.055,30.451,24.055,28.768,29.763,-19.466,NA,NA,-5.401,10.494,NA,NA,14.656,22.778,28.508,29.214,30.8,26.252,27.761,19.423,19.905,-1.344,-1.765,-22.465,19.703,29.991,23.81,18.423,30.262,23.867,28.28,28.349,30.351,27.642,7.479,19.088
"2044-04",-8.192,-1.813,-6.725,10.692,19.265,17.474,22.601,27.891,26.409,26.188,27.572,30.428,NA,19.634,25.23,10.061,2.284,10.789,10.682,14.516,20.978,29.18,31.619,28.97,31.462,23.058,28.024,28.888,-9.227,NA,NA,-1.959,14.488,NA,NA,16.282,25.281,30.07,30.483,31.254,26.682,26.95,18.725,18.987,-5.879,-5.56,-11.075,20.095,30.362,22.906,18.661,30.039,22.849,29.761,30.926,31.314,27.04,6.478,19.278
"2044-05",-1.851,1.672,-1.899,12.239,24.064,20.717,24.567,28.608,27.164,24.567,27.806,29.825,NA,17.535,23.755,9.045,4.227,13.581,14.365,17.703,21.484,29.058,31.151,30.825,30.572,21.545,26.651,27.616,-3.094,NA,NA,0.662,18.53,NA,NA,19.18,28.716,30.878,31.29,30.146,25.76,25.776,17.032,17.569,-11.775,-13.549,-3.862,21.03,30.217,21.616,19.646,29.671,21.417,30.694,31.496,31.62,25.679,5.124,19.137
"2044-06",0.51,4.955,0.905,14.321,29.058,24.115,26.814,28.761,28.272,24.106,28.32,28.892,NA,16.189,22.052,7.913,5.607,15.835,20.688,21.215,23.418,28.961,29.098,29.908,29.55,19.724,25.717,26.643,0.298,NA,NA,3.56,23.442,NA,NA,22.2,30.528,30.755,30.923,28.648,24.966,24.199,15.527,16.058,-15.771,-17.392,-0.289,22.462,29.652,20.341,21.114,28.756,20.055,30.18,30.828,31.044,24.388,3.646,18.89
"2044-07",2.453,6.996,3.786,17.1,31.375,26.428,28.343,29.182,29.082,23.943,28.879,28.004,NA,15.421,20.904,7.079,7.099,17.667,23.137,23.662,23.599,28.502,27.534,28.409,28.411,18.481,24.667,25.576,1.947,NA,NA,7.373,25.438,NA,NA,24.945,30.893,29.737,30.3,27.253,24.021,22.854,14.5,14.987,-20.326,-18.361,0.521,24.158,28.989,19.401,22.569,27.892,19.025,28.943,30.08,30.275,23.322,2.3,18.687
"2044-08",2.9,6.77,4.442,17.003,31.095,27.37,28.895,29.104,29.112,23.588,29.295,27.571,NA,14.852,19.967,6.567,7.733,19.945,20.958,25.047,24.583,28.762,27.07,27.603,27.561,18.378,24.286,24.887,2.836,NA,NA,9.159,23.484,NA,NA,26.431,31.155,28.961,30.07,26.929,23.149,22.511,14.024,14.56,-21.297,-22.095,0.986,24.967,28.584,18.756,23.617,27.682,18.429,28.209,29.624,29.74,22.699,1.953,18.599
"2044-09",2.1,5.986,3.399,16.846,30.441,26.104,29.02,29.243,29.339,23.535,29.308,27.433,NA,15.192,19.457,6.437,7.168,17.714,16.043,22.967,24.83,28.944,27.22,28.577,27.943,18.417,24.67,25.229,1.867,NA,NA,7.991,19.235,NA,NA,24.845,30.463,29.946,30.09,27.51,22.665,22.607,13.861,14.739,-18.128,-18.362,0.498,25.016,28.548,18.638,23.512,27.791,18.205,28.613,30.433,29.742,22.626,2.183,18.589
"2044-10",0.317,4.301,2.122,13.878,27.597,24.477,27.812,29.154,28.834,23.839,29.162,28.089,NA,16.315,19.999,7.074,5.828,15.887,12.104,21.515,25.446,29.468,28.269,29.647,28.709,19.343,25.846,26.36,0.149,NA,NA,5.505,16.479,NA,NA,22.788,29.914,30.523,30.066,28.476,22.861,23.007,14.191,15.188,-11.638,-12.169,-1.444,24.265,29.012,19.119,22.543,28.362,18.628,29.908,30.973,30.008,23.144,3.059,18.749
"2044-11",-4.939,2.463,-0.243,12.053,21.109,21.494,24.903,28.143,28.081,24.386,28.889,28.607,NA,17.754,21.624,8.574,4.343,12.699,7.142,18.4,23.853,29.672,28.806,28.827,30.025,20.072,27.006,27.519,-6.451,NA,NA,2.448,11.134,NA,NA,20.089,26.843,29.262,29.834,29.533,23.323,24.016,15.168,15.829,-5.794,-5.681,-8.78,22.828,29.186,20.279,21.213,28.59,19.467,29.532,29.653,30.297,24.298,4.299,18.731
"2044-12",-9.521,0.273,-5.539,9.805,19.89,19.093,23.065,27.107,27.13,25.214,27.824,29.134,NA,19.354,24.348,10.711,2.795,11.458,3.301,16.218,22.531,29.701,29.444,27.545,30.297,21.449,28.196,28.923,-18.265,NA,NA,-1.106,7.539,NA,NA,17.499,22.715,28.058,29.07,30.289,23.804,26.058,16.636,17.429,-1.543,-1.7,-18.043,21.384,29.13,21.642,20.046,29.213,21.24,28.677,27.992,30.007,25.784,5.748,18.722
"2045-01",-16.302,-5.854,-15.88,8.225,18.545,17.8,22.082,26.958,26.384,26.062,27.269,29.69,NA,20.53,25.838,12.328,1.309,10.863,4.211,14.957,21.144,29.497,30.236,26.349,29.406,23.206,28.879,28.944,-21.15,NA,NA,-3.683,6.675,NA,NA,15.821,20.18,27.293,28.483,29.909,24.672,27.02,18.042,18.677,0.441,0.274,-23.393,20.352,29.125,23.031,19.04,29.726,23.01,27.655,27.294,29.717,26.797,7.29,18.831
"2045-02",-17.96,-7.493,-23.35,7.581,18.156,16.783,22.286,26.917,26.114,26.786,27.19,29.946,NA,21.127,26.569,12.967,0.492,9.999,6.497,14.214,20.25,29.32,31.319,26.214,29.507,23.9,28.912,29.642,-19.137,NA,NA,-5.413,10.009,NA,NA,14.673,21.142,27.419,28.185,30.377,26.281,27.092,19.235,20.01,0.693,0.187,-23.221,19.759,29.267,23.774,18.505,30.08,23.83,27.439,27.314,29.666,27.531,7.92,18.975
"2045-03",-12.554,-5.193,-16.071,8.674,16.818,16.609,21.918,26.83,25.954,26.375,26.971,30.179,NA,19.983,26.724,11.802,1.158,9.742,6.761,14.491,20.606,29.338,32.048,27.649,30.6,23.63,29.057,29.886,-21.768,NA,NA,-6.463,12.653,NA,NA,14.86,24.559,28.736,28.963,30.434,26.567,27.52,19.557,20.354,-1.147,-1.48,-23.253,19.667,29.565,23.634,18.151,29.913,24.087,28.691,28.687,30.325,27.565,7.654,19.025
"2045-04",-9.526,-2.789,-6.842,9.54,21.007,18.464,23.4,27.658,26.371,26.789,26.991,30.49,NA,18.868,25.724,10.147,1.251,10.844,13.263,15.383,21.624,29.371,32.091,29.235,31.214,22.799,28.118,28.626,-10.849,NA,NA,-1.857,16.631,NA,NA,16.065,25.717,30.189,29.923,30.638,26.746,26.588,18.531,19.141,-5.603,-7.047,-14.072,19.953,29.974,22.788,18.452,29.973,23.092,30.325,30.461,31.221,26.779,6.638,19.109
"2045-05",-3.077,1.183,-1.642,11.248,25.373,21.734,25.327,28.215,26.823,25.861,27.13,29.706,NA,17.148,23.663,8.601,3.62,13.985,16.411,18.466,23.064,29.372,30.722,30.875,30.247,21.588,26.847,27.36,-1.865,NA,NA,1.4,19.216,NA,NA,19.275,28.069,31.098,30.994,29.661,26.136,25.288,17.084,17.5,-11.239,-11.334,-4.049,21.109,30.084,21.516,19.327,29.493,21.51,31.43,31.564,31.558,25.673,5.226,19.132
"2045-06",0.298,4.383,1.327,14.197,29.606,24.779,26.985,28.85,27.651,24.582,27.564,28.677,NA,15.75,21.731,7.591,5.818,16.782,22.046,21.733,23.222,28.964,29.212,29.426,28.95,20.017,25.688,26.179,0.46,NA,NA,4.779,24.593,NA,NA,22.592,30.703,30.997,31.028,28.193,25.228,23.774,15.678,15.925,-15.585,-19.801,-0.788,22.893,29.635,20.286,21.021,28.486,19.995,30.176,31.135,30.859,24.441,3.612,18.903
"2045-07",2.011,5.933,3.714,15.329,31.089,26.576,28.271,28.869,28.436,23.459,28.221,27.873,NA,14.814,20.213,6.891,7.854,19.787,24.627,24.552,23.597,28.699,27.795,27.7,27.885,19.382,25.037,25.383,2.414,NA,NA,7.574,26.626,NA,NA,25.272,30.913,29.423,30.407,26.96,24.6,22.736,14.816,15.101,-18.091,-18.597,-0.182,24.081,28.786,19.332,22.776,27.847,18.841,28.543,30.044,30.182,23.404,2.407,18.684
"2045-08",2.663,6.488,4.454,16.192,31.156,27.092,28.981,28.993,28.841,23.455,28.847,27.458,NA,14.921,20.137,6.617,8.424,20.799,23.394,26.074,24.463,28.42,27.409,27.02,27.115,18.653,24.371,24.77,3.211,NA,NA,10.175,24.815,NA,NA,26.509,31.622,29.547,29.699,26.706,23.916,22.173,14.096,14.728,-19.096,-21.432,0.355,25.014,27.959,18.774,23.705,27.365,18.238,27.868,30.062,29.757,22.681,1.917,18.552
"2045-09",1.392,5.627,3.207,16.265,31.224,26.627,29.139,29.076,29.086,23.564,29.013,27.342,NA,15.298,20.241,6.611,7.586,18.35,18.248,23.312,24.817,28.808,27.974,28.337,27.145,18.692,24.688,24.896,2.514,NA,NA,8.72,20.547,NA,NA,25.326,30.647,29.712,30.017,27.207,23.373,22.145,13.773,14.69,-19.689,-19.476,0.014,25.185,27.718,18.626,23.779,27.576,18.064,28.187,30.087,29.74,22.604,1.905,18.48
"2045-10",-0.895,3.693,1.574,15.97,26.551,23.311,27.841,28.682,28.655,23.914,28.86,27.643,NA,16.193,20.563,7.412,6.178,16.211,13.63,21.472,25.151,29.448,28.716,28.901,28.053,19.261,25.455,25.676,0.655,NA,NA,5.939,16.459,NA,NA,22.408,28.696,29.869,29.993,28.295,23.084,22.721,14.008,15.159,-12.911,-13.621,-2.662,24.267,28.182,19.002,22.792,28.279,18.44,28.861,30.199,29.981,23.061,2.836,18.541
"2045-11",-6.188,-0.518,-2.259,13.337,22.837,21.142,25.737,27.834,27.928,24.09,28.664,28.232,NA,17.336,22.197,8.684,4.771,13.352,10.054,18.532,23.739,29.637,29.462,28.458,30,20.218,27.037,27.52,-5.316,NA,NA,2.729,13.317,NA,NA,19.527,26.583,29.593,29.825,29.543,23.562,24.143,15.306,16.368,-7.071,-6.578,-11.355,22.887,28.486,20.116,21.379,28.678,19.395,29.256,29.792,30.443,24.17,4.104,18.552
"2045-12",-11.408,-4.824,-7.993,10.667,19.03,19.443,23.384,27.124,27.047,24.768,27.939,28.811,NA,18.988,23.491,10.135,3.385,11.597,4.775,15.99,22.272,29.852,29.926,27.239,30.062,21.939,27.955,28.197,-13.521,NA,NA,-0.384,9.46,NA,NA,17.042,23.584,28.148,29.405,30.348,24.099,25.47,16.897,18.272,-2.046,-2.877,-16.664,21.442,28.721,21.659,20.009,29.218,21.044,28.212,28.771,30.432,25.364,5.613,18.672
"2046-01",-16.39,-6.195,-17.857,10.863,17.192,17.348,22.282,26.07,26.148,25.63,27.242,29.463,NA,20.033,25.651,11.191,1.701,10.376,5.101,14.505,21.202,29.66,30.396,26.185,28.71,23.344,28.607,28.88,-18.538,NA,NA,-4.694,8.202,NA,NA,14.605,21.684,27.409,28.662,30.532,25.517,27.216,18.728,20.207,0.039,-0.772,-21.075,20.327,28.698,23.087,19.121,29.598,22.969,27.518,27.864,30.073,26.6,7.057,18.804
"2046-02",-19.396,-8.661,-21.594,11.095,16.845,16.644,22.101,26.069,25.791,26.408,26.782,29.722,NA,20.462,26.625,11.918,0.019,9.813,6.556,14.022,20.899,29.93,31.111,25.782,28.734,23.958,28.939,29.475,-24.205,NA,NA,-6.383,10.311,NA,NA,13.481,21.295,27.237,28.536,30.291,26.514,27.275,19.509,20.917,0.445,-0.449,-25.997,19.789,28.655,23.614,18.595,30.06,24.061,27.233,27.663,30.011,27.21,7.718,18.776
"2046-03",-16.678,-4.244,-19.344,11.352,18.346,16.615,22.392,26.291,25.715,26.379,26.726,29.946,NA,20.133,26.863,11.88,0.261,10.293,9.807,14.188,21.188,30.007,31.786,26.897,30.321,23.529,28.879,29.757,-21.527,NA,NA,-5.566,13.173,NA,NA,13.686,23.135,28.315,28.712,30.697,27.129,27.321,19.437,20.686,-1.035,-2.16,-22.723,19.728,28.854,23.493,18.431,30.189,23.832,28.175,28.361,30.577,27.369,7.462,18.872
"2046-04",-8.717,-2.255,-9.667,11.899,20.384,18.444,23.367,27.799,26.407,25.953,26.875,30.036,NA,18.751,25.952,10.307,2.708,11.081,12.042,15.579,21.338,29.663,32.003,28.975,31.303,23.08,28.151,28.997,-9.806,NA,NA,-1.863,15.92,NA,NA,15.32,26.244,29.96,29.559,30.467,27.612,25.881,18.347,18.684,-4.917,-8.749,-12.324,20.166,29.445,22.623,18.653,29.966,22.914,29.975,29.776,31.125,26.902,6.563,19.073
"2046-05",-1.281,1.835,-2.132,13.634,25.377,21.42,25.749,28.456,27.381,25.254,27.275,29.287,NA,17.242,23.531,8.61,4.709,12.954,15.028,17.303,22.065,29.159,31.451,30.512,29.77,22.29,26.555,27.259,-3.707,NA,NA,1.078,19.279,NA,NA,18.322,28.884,30.955,30.666,29.22,26.87,24.334,17,17.086,-12.135,-14.205,-4.557,21.126,29.779,21.532,19.628,29.4,21.258,30.968,31.289,31.284,25.682,5.061,19.013
"2046-06",0.56,4.6,0.574,15.661,28.832,24.476,27.352,28.594,27.9,24.41,27.776,28.246,NA,15.773,22.165,7.591,6.418,16.337,21.142,20.848,23.159,29.05,29.836,29.254,28.448,20.654,25.405,26.164,0.457,NA,NA,4.412,23.684,NA,NA,21.847,30.773,30.391,30.857,27.927,25.315,23.015,15.85,15.817,-18.588,-20.467,-0.765,22.53,29.632,20.3,21.094,28.772,19.886,30.126,30.858,30.623,24.285,3.477,18.766
"2046-07",2.582,6.381,2.87,17.057,31.272,26.942,28.565,28.699,28.574,24.372,28.479,27.401,NA,15.118,19.977,6.834,8.697,20.088,24.183,24.649,23.485,28.815,27.854,27.392,27.246,19.162,24.358,25.222,1.84,NA,NA,7.589,26.194,NA,NA,25.402,31.237,29.113,30.665,27.165,24.039,22.346,14.962,15.022,-19.804,-20.972,-0.077,24.018,29.308,19.272,22.953,28.092,18.827,28.398,30.095,29.94,23.387,2.396,18.699
"2046-08",2.622,7.168,3.818,17.556,31.373,27.703,29.503,29.184,29.044,24.369,28.955,27.212,NA,14.813,19.486,6.425,8.881,19.546,21.587,25.332,23.862,28.682,27.286,27.388,26.831,18.65,23.932,24.798,2.029,NA,NA,9.554,24.208,NA,NA,26.918,32.05,29.165,29.919,26.823,23.33,21.893,14.195,14.693,-19.197,-19.79,0.509,25.017,29.181,18.64,23.916,27.813,18.259,28.128,30.003,29.729,22.833,2.121,18.716
"2046-09",1.467,6.233,2.665,16.845,30.224,26.479,29.241,29.293,29.183,24.514,29.182,27.247,NA,15.243,19.652,6.471,8.067,18.541,16.43,23.436,24.414,29.298,28.014,28.247,27.253,18.865,24.275,24.845,1.487,NA,NA,8.589,19.069,NA,NA,26.077,30.182,29.496,29.667,26.859,22.933,21.837,13.963,14.659,-15.819,-17.501,0.178,25.189,29.101,18.495,23.67,28.018,18.141,28.341,29.91,29.828,22.785,2.174,18.682
"2046-10",-0.611,3.627,0.783,15,27.236,24.622,28.079,29.372,28.978,25.067,29.059,27.654,NA,16.323,20.025,7.089,7.327,16.027,9.779,21.544,23.8,29.551,28.591,29.448,28.557,19.428,25.464,25.812,-0.276,NA,NA,5.575,14.392,NA,NA,23.12,28.813,30.44,29.978,27.672,22.877,22.43,14.315,14.859,-12.78,-14.115,-2.378,24.213,29.434,18.939,22.547,28.366,18.459,29.731,30.523,30.495,23.363,2.848,18.673
"2046-11",-4.737,0.258,-4.418,11.325,24.139,22.897,26.188,28.652,28.26,25.124,28.387,28.122,NA,17.642,21.307,8.447,6.212,13.374,3.057,17.959,22.305,29.367,29.014,28.956,30.348,20.215,26.998,27.63,-7.352,NA,NA,2.14,8.322,NA,NA,20.757,26.259,29.635,30.088,28.774,23.194,23.984,15.913,16.507,-7.376,-7.917,-10.048,22.793,29.961,19.903,21.099,28.546,19.413,29.658,30.245,31.065,24.776,4.049,18.685
"2046-12",-10.932,-4.733,-9.78,9.808,19.774,20.261,23.8,27.716,27.267,26.173,27.431,29.094,NA,19.194,23.285,10.508,4.311,11.46,5.477,16.029,21.156,29.411,29.592,27.14,29.638,21.914,28.157,28.928,-20.933,NA,NA,-2.588,9.082,NA,NA,17.897,23.01,28.676,29.529,30.023,24.589,25.888,17.828,18.462,-1.658,-2.567,-20.728,21.378,30.292,21.459,19.952,29.205,21.018,28.586,29.04,30.599,26.422,5.66,18.735
"2047-01",-17.08,-8.639,-21.609,7.91,17.448,18.574,22.181,27.084,26.422,26.899,27.103,29.679,NA,20.356,25.868,12.355,2.156,10.398,3.151,14.624,19.949,29.284,31.018,26.596,29.852,22.843,29.309,30.053,-19.965,NA,NA,-6.904,7.764,NA,NA,15.532,21.731,28.067,29.234,30.814,25.677,27.63,18.932,20.14,0.517,-0.5,-22.207,20.259,30.014,22.919,19.004,29.751,22.557,28.04,28.389,30.274,27.603,6.826,18.873
"2047-02",-20.989,-11.903,-21.089,8.097,16.34,16.994,21.39,26.356,25.772,26.833,27.036,30.18,NA,20.791,26.146,12.225,0.332,9.97,4.676,14.135,20.069,29.349,31.384,26.724,29.603,23.26,28.901,29.621,-23.3,NA,NA,-8.306,9.109,NA,NA,14.042,21.379,28.078,28.643,31.208,26.325,28.509,19.848,21.145,0.715,-0.02,-25.485,19.662,29.754,23.886,18.437,30.015,23.589,28.026,28.039,30.035,28.026,7.521,18.897
"2047-03",-14.201,-5.753,-17.327,9.063,16.947,16.661,21.638,26.564,25.755,27.129,26.843,30.191,NA,20.222,26.305,11.546,0.961,10.333,8.83,14.83,20.305,29.132,31.938,27.356,30.882,23.329,29.331,30.114,-19.351,NA,NA,-6.107,13.022,NA,NA,14.421,23.44,28.847,29.119,30.902,27.286,27.649,19.53,19.631,-0.996,-1.491,-22.031,19.574,29.411,23.69,18.28,30.048,23.854,28.609,28.755,30.524,28.079,7.4,19.015
"2047-04",-9.792,-4.022,-8.628,11.04,19.725,18.017,23.186,27.309,26.154,26.236,26.902,29.915,NA,18.568,25.688,10.03,3.21,11.585,13.317,16.108,20.818,28.886,31.926,29.171,31.155,22.647,28.234,29.283,-9.812,NA,NA,-1.73,15.769,NA,NA,16.219,26.71,30.434,30.473,30.725,26.078,26.673,18.726,18.457,-5.097,-6.476,-12.819,19.998,29.534,22.945,18.551,29.799,22.772,29.841,30.908,31.423,27.203,6.578,19.141
"2047-05",-2.811,1.088,-1.976,12.219,23.505,21.031,24.985,27.902,26.895,24.943,27.141,29.344,NA,17.268,23.32,8.552,4.995,14.416,16.601,18.774,21.279,28.602,31.243,31.025,30.569,21.549,27.299,28.044,-2.984,NA,NA,1.352,19.413,NA,NA,19.024,28.688,31.041,30.999,29.626,25.782,24.88,17.289,16.967,-13.126,-12.368,-4.59,21.056,29.432,21.618,19.496,29.367,21.206,30.756,30.912,31.559,26.062,5.158,19.025
"2047-06",0.318,4.265,1.257,14.4,28.167,24.765,26.722,28.45,27.802,23.746,27.534,28.433,NA,16.036,21.845,7.62,7.017,17.534,23.427,22.118,22.272,28.505,29.72,29.951,29.227,20.303,26.069,26.963,0.867,NA,NA,4.327,25.342,NA,NA,22.287,30.922,30.853,30.91,28.49,24.823,23.506,15.911,15.885,-15.684,-19.845,-0.561,22.705,28.821,20.298,21.117,28.537,19.807,30.676,30.762,31.031,24.74,3.305,18.794
"2047-07",1.822,5.572,3.833,15.617,30.24,27.016,27.839,28.488,28.495,23.648,28.106,27.463,NA,15.406,20.916,6.878,10.794,20.483,25.342,24.677,22.79,28.18,27.987,27.264,27.558,19.287,24.766,25.63,2.424,NA,NA,8.556,26.58,NA,NA,25.354,31.233,29.731,30.424,27.397,24.236,22.555,14.74,14.925,-19.38,-20.253,-0.154,24.12,28.173,19.386,22.678,27.657,18.735,28.453,30.531,30.082,23.595,2.171,18.601
"2047-08",2.703,5.693,4.089,15.9,31.197,27.45,28.921,28.817,28.94,23.393,28.685,26.921,NA,15.132,19.959,6.644,9.857,21.635,20.835,25.936,23.303,28.244,27.587,27.151,26.999,18.841,24.408,24.898,3.037,NA,NA,10.452,23.712,NA,NA,25.861,31.871,29.626,30.143,27.091,23.128,22.137,13.905,14.41,-20.184,-19.24,0.083,25.075,27.852,18.802,23.678,27.39,18.22,27.759,30.236,29.714,22.787,2.016,18.575
"2047-09",1.263,4.969,2.915,15.892,31.196,26.655,29.056,28.921,29.132,23.108,28.963,27.017,NA,15.281,19.865,6.614,8.994,19.37,18.196,24.118,23.777,28.448,27.538,28.011,27.314,18.699,24.623,24.963,1.955,NA,NA,9.406,21.705,NA,NA,25.508,31.822,29.91,30.103,27.251,22.877,22.137,13.801,14.485,-16.696,-18.439,-1.025,25.06,27.762,18.63,23.409,27.509,17.97,28.282,30.469,29.899,22.83,2.113,18.505
"2047-10",-1.777,2.09,0.726,13.796,28.196,24.683,27.873,28.842,28.694,23.42,28.779,27.629,NA,15.978,20.63,7.047,7.61,16.716,12.18,21.396,24.309,28.901,28.008,29.211,28.34,18.998,25.275,25.78,-0.193,NA,NA,5.791,16.145,NA,NA,22.718,29.45,30.315,30.109,28.295,22.701,22.984,14.201,15.058,-12.417,-13.563,-5.814,24.256,28.275,19.002,22.346,27.879,18.437,29.277,30.54,30.409,23.365,2.856,18.486
"2047-11",-5.843,-0.789,-3.22,12.3,22.58,21.907,25.762,28.262,27.936,23.914,28.144,28.033,NA,17.503,21.988,8.157,5.867,12.984,7.465,18.25,23.356,29.321,28.665,28.962,29.888,20.127,26.281,26.956,-7.319,NA,NA,3.087,12.149,NA,NA,19.519,27.167,29.817,29.978,29.372,23.032,24.109,15.117,16.537,-7.244,-7.469,-13.514,22.962,28.759,20.082,21.022,28.227,19.532,29.458,29.997,30.604,24.411,3.992,18.494
"2047-12",-11.555,-4.759,-7.034,11.126,19.43,19.64,23.219,26.98,26.969,24.917,27.209,28.566,NA,18.755,23.504,9.928,4.336,11.546,3.304,16.34,22.267,29.477,29.033,27.494,30.06,21.563,27.408,28.304,-17.45,NA,NA,0.192,8.155,NA,NA,16.388,23.559,28.42,29.309,30.625,24.231,26.613,16.251,18.676,-1.78,-2.415,-21.269,21.395,29.064,21.825,19.84,28.795,21.035,28.506,28.626,30.284,25.939,5.579,18.615
"2048-01",-17.562,-6.141,-17.476,10.096,16.667,18.114,21.381,26.149,26.092,26.182,26.739,29.166,NA,19.968,25.221,10.991,2.074,10.408,2.102,15.163,21.237,29.313,29.822,26.113,29.425,22.845,28.129,28.608,-24.867,NA,NA,-4.67,7.148,NA,NA,14.827,21.378,27.492,28.606,30.748,25.919,27.97,17.477,20.418,0.35,-0.463,-24.882,20.31,29.27,23.169,18.93,29.268,22.803,27.699,27.385,29.525,26.855,7.064,18.711
"2048-02",-19.862,-11.06,-24.375,9.322,17.495,17.658,21.461,26.378,25.814,27.135,26.614,29.72,NA,20.965,26.02,11.957,1.164,10.106,7.742,14.664,20.905,29.462,30.892,25.885,29.079,23.756,28.832,29.616,-24.809,NA,NA,-5.543,11.765,NA,NA,14.011,21.915,27.578,28.344,30.783,27.1,27.567,19.032,20.822,0.433,-0.059,-28.1,19.684,29.409,23.82,18.409,29.715,23.779,27.566,27.201,29.722,27.719,7.822,18.808
"2048-03",-17.572,-6.254,-18.559,9.792,18.977,17.314,22.348,26.422,25.817,27.227,26.759,30.391,NA,20.597,26.15,11.582,-0.129,9.872,9.16,14.358,21.164,29.373,31.362,27.42,30.398,23.558,28.728,29.882,-17.531,NA,NA,-6.089,12.646,NA,NA,14.208,23.806,28.549,28.53,30.849,27.717,27.235,19.038,20.497,-1.391,-1.421,-22.346,19.615,29.478,23.605,18.321,30.13,23.919,28.67,27.787,29.953,27.706,7.497,18.958
"2048-04",-8.43,-3.222,-6.735,10.447,21.24,18.602,23.517,27.228,26.151,26.346,26.815,30.331,NA,19.278,25.218,10.167,2.518,10.464,10.751,14.528,21.705,29.418,31.844,28.723,31.479,23.1,28.28,29.345,-10.493,NA,NA,-2.069,14.379,NA,NA,15.641,25.386,29.528,29.972,30.539,26.797,26.246,18.245,19.377,-5.324,-6.621,-14.016,20.133,29.71,22.764,18.74,30.066,22.75,29.478,30.009,30.855,27.199,6.572,19.116
"2048-05",-2.862,0.765,-2.196,11.967,25.108,21.276,25.187,28.315,26.823,26.264,27.084,29.598,NA,18.06,24.007,8.822,4.003,13.085,16.668,17.141,22.387,29.079,31.191,30.403,30.536,22.111,27.002,27.719,-2.789,NA,NA,0.905,20.193,NA,NA,18.914,28.43,30.474,30.843,29.456,26.275,24.518,16.708,17.291,-13.274,-14.981,-5.093,21.197,30.007,21.513,19.586,29.497,21.328,30.183,31.322,31.351,25.99,5.084,19.034
"2048-06",0.148,4.129,1.131,14.292,29.122,24.56,27.091,28.635,27.77,25.403,27.727,28.227,NA,16.784,22.058,7.778,6.72,17.592,20.246,21.234,23.12,29.037,29.568,29.94,29.062,20.839,25.661,26.584,0.734,NA,NA,3.887,23.524,NA,NA,22.481,31.409,30.405,30.604,28.325,25.199,23.185,15.673,15.91,-15.605,-19.103,-0.745,22.618,29.613,20.244,21.218,28.598,19.721,30.147,30.674,30.805,24.918,3.431,18.855
"2048-07",1.803,5.793,3.366,16.565,30.813,26.503,28.625,28.865,28.478,24.397,28.427,27.491,NA,15.959,20.694,6.956,8.252,19.61,23.521,24.838,23.615,28.608,27.553,27.961,27.814,19.247,24.526,25.47,2.642,NA,NA,7.164,25.502,NA,NA,24.822,31.337,29.446,30.394,27.485,23.652,22.166,14.395,14.853,-17.469,-20.052,-0.158,24.121,29.143,19.389,22.701,27.838,18.72,29.022,29.644,30.251,23.628,2.525,18.744
"2048-08",2.225,6.501,4.18,16.413,31.361,26.746,29.544,29.237,28.966,24.068,28.81,26.932,NA,15.441,20.48,6.378,9.445,20.102,21.863,25.51,24.334,28.249,26.317,26.93,26.757,18.265,23.869,24.774,3.054,NA,NA,9.247,24.242,NA,NA,26.562,31.996,29.571,30.175,27.215,23.06,21.789,13.769,14.272,-20.034,-19.775,0.467,25.047,28.803,18.825,23.74,27.08,18.032,28.365,29.885,29.899,22.869,1.765,18.618
"2048-09",0.72,5.372,3.165,16.084,30.798,26.43,29.234,29.168,29.164,23.856,28.82,26.969,NA,15.324,20.158,6.291,8.4,18.574,15.588,23.943,24.491,28.473,26.763,28.228,27.306,18.287,24.542,25.108,2.627,NA,NA,7.576,19.151,NA,NA,24.886,31.494,30.358,29.959,27.292,22.887,21.984,13.732,14.174,-18.774,-16.269,-0.176,24.793,28.517,18.665,23.734,27.263,17.904,28.585,30.689,30.031,22.696,2.149,18.535
"2048-10",-2.777,2.48,0.241,13.01,28.146,25.083,28.093,29.195,28.744,24.32,28.706,27.551,NA,16.354,20.414,6.868,7.388,16.183,9.105,21.015,24.277,29.203,27.705,29.275,28.233,19.249,25.557,25.753,0.761,NA,NA,5.589,13.949,NA,NA,23.044,29.591,30.277,30.351,28.078,22.51,22.72,14.29,14.781,-12.49,-13.038,-3.523,24.122,28.733,18.985,22.601,27.907,18.41,29.347,30.614,30.529,23.155,2.793,18.554
"2048-11",-9.041,0.208,-4.203,12.202,22.1,21.245,25.458,27.846,27.777,24.655,28.15,28.233,NA,18.013,21.785,8.276,5.337,13.387,7.103,17.998,23.407,29.762,28.795,28.889,29.849,20.689,26.683,26.877,-3.193,NA,NA,2.725,11.273,NA,NA,20.162,26.733,29.588,30.162,29.386,22.977,24.475,15.545,16.732,-7.141,-6.504,-10.174,22.772,29.209,20.057,21.251,28.708,19.576,29.364,29.636,30.749,24.255,4.008,18.612
"2048-12",-15.262,-3.434,-9.811,11.195,18.845,18.531,23.401,26.791,26.668,25.147,27.487,29.067,NA,19.215,23.677,10.186,3.401,11.612,6.089,16.092,22.113,29.871,29.693,27.523,30.527,22.475,28.109,28.56,-14.553,NA,NA,-0.343,9.704,NA,NA,17.21,23.757,28.443,29.367,30.59,23.753,26.285,17.01,18.53,-1.891,-2.054,-19.579,21.332,29.464,21.613,20.015,29.222,21.264,28.742,28.335,30.553,25.826,5.555,18.672
"2049-01",-21.759,-7.484,-18.832,9.804,18.045,17.54,22.325,26.378,26.046,26.292,27.098,29.988,NA,20.71,25.48,12.189,1.874,10.417,4.352,14.798,20.6,29.659,30.722,26.603,29.781,23.749,29.425,29.911,-20.487,NA,NA,-5.12,8.694,NA,NA,15.334,21.878,27.574,28.534,30.578,25.122,27.318,18.786,19.957,0.24,-0.374,-25.029,20.25,29.321,23.106,18.897,29.91,23.023,28.234,27.12,29.889,27.11,6.857,18.742
"2049-02",-20.561,-10.213,-22.996,9.827,18.071,17.13,22.218,26.085,25.74,26.416,26.845,30.269,NA,21.478,26.891,12.766,0.699,9.924,5.058,14.178,20.007,29.615,31.268,26.699,29.46,24.254,29.088,29.595,-22.036,NA,NA,-8.89,9.112,NA,NA,14.179,21.823,27.581,28.437,30.657,25.674,27.337,19.435,20.569,0.575,0.022,-24.002,19.676,28.956,23.629,18.335,30.072,24.078,28.066,27.103,29.818,27.372,7.552,18.795
"2049-03",-16.289,-3.859,-16.152,10.071,18.668,16.86,22.413,26.615,25.829,26.609,26.877,30.387,NA,21.504,26.551,12.717,0.763,10.236,9.032,14.468,20.9,29.683,31.931,27.635,30.364,24.273,29.059,29.342,-19.544,NA,NA,-6.092,12.457,NA,NA,14.425,22.981,28.281,28.851,30.9,26.304,26.94,19.404,20.396,-1.149,-1.323,-21.156,19.626,28.86,23.609,18.327,30.264,24.119,28.602,27.893,30.08,27.341,7.293,18.945
"2049-04",-9.58,-2.869,-8.278,10.272,21.109,18.545,23.335,27.717,26.455,26.179,27,30.177,NA,19.792,25.627,11.374,2.862,11.486,10.84,16.004,21.539,29.624,32.344,28.633,31.15,23.598,28.644,28.997,-10.549,NA,NA,-1.295,14.476,NA,NA,16.181,25.785,29.65,29.919,30.776,26.314,25.962,18.578,19.038,-6.122,-5.389,-14.058,20.112,29.329,22.683,18.508,30.047,23.142,29.395,30.204,30.862,26.874,6.333,19.042
"2049-05",-2.635,1.661,-1.886,11.807,24.895,21.189,25.551,28.401,26.962,25.031,27.25,29.641,NA,18.025,24.087,9.588,4.823,14.074,17.278,18.444,22.278,29.271,31.516,30.365,30.328,22.61,26.823,27.314,-2.232,NA,NA,1.141,20.193,NA,NA,19.171,28.941,30.47,30.871,29.434,26.376,24.429,17.452,17.32,-14.469,-14.629,-2.817,21.22,29.781,21.427,19.435,29.64,21.543,30.409,31.183,31.417,25.785,4.93,19.048
"2049-06",0.285,3.805,1.523,14.199,28.974,24.632,27.305,28.744,27.693,24.232,27.652,28.527,NA,16.377,22.778,8.207,6.787,18.301,22.085,22.86,23.011,29.003,29.946,29.782,28.494,20.295,25.08,25.9,0.861,NA,NA,4.145,23.906,NA,NA,22.451,30.823,30.257,31.074,28.053,25.689,23.051,15.766,15.807,-17.047,-17.356,-0.393,22.786,29.534,20.249,20.964,28.847,20.134,30.094,30.951,30.984,24.484,3.468,18.892
"2049-07",1.914,6.142,3.958,16.916,31.524,26.466,28.895,28.848,28.421,24.327,28.361,27.689,NA,15.585,21.389,7.322,8.087,19.234,23.323,24.499,24.282,28.86,28.056,27.901,27.407,19.198,24.265,25.193,3.151,NA,NA,6.617,26.097,NA,NA,24.509,31.555,29.841,30.221,27.122,24.504,21.957,14.557,14.977,-19.13,-19.502,0.516,24.261,29.072,19.314,22.598,28.052,19.033,28.901,30.302,30.234,23.35,2.163,18.695
"2049-08",2.776,7.136,4.262,17.136,31.455,26.9,29.306,29.059,28.939,23.938,28.941,27.231,NA,15.135,20.165,6.864,8.406,19.059,23.048,24.389,24.933,28.739,27.645,27.347,27.15,18.546,23.935,24.738,3.324,NA,NA,7.932,25.69,NA,NA,25.948,31.902,29.121,29.973,26.367,24.008,21.362,14.026,14.594,-22.439,-19.421,1.316,25.05,28.711,18.744,23.598,27.658,18.226,28.149,29.983,29.891,22.719,1.449,18.532
"2049-09",1.726,6.259,3.104,17.176,30.72,26.115,29.527,29.143,29.137,23.825,29.21,27.403,NA,15.312,20.117,6.804,7.563,17.957,17.861,23.119,25.004,29.065,27.813,28.25,27.516,18.694,24.248,24.72,2.484,NA,NA,7.975,21.148,NA,NA,25.687,31.565,30.247,30.088,26.542,23.417,21.43,14.025,14.691,-20.079,-18.068,0.675,24.93,28.818,18.575,23.678,27.818,18.06,28.823,30.579,29.971,22.613,1.719,18.531
"2049-10",-0.095,4.384,1.219,14.934,29.165,24.695,28.687,29.025,28.961,24.405,29.144,28,NA,16.157,20.55,7.084,6.088,15.433,12.793,20.052,24.81,29.516,28.789,29.284,28.7,19.605,25.498,25.901,0.728,NA,NA,5.529,16.9,NA,NA,22.743,29.745,30.672,29.905,27.195,23.065,21.864,14.595,15.164,-14.869,-13.495,-0.79,24.196,29.168,18.987,22.78,28.401,18.551,29.978,30.79,30.456,23.042,2.636,18.64
"2049-11",-4.405,0.426,-1.978,12.293,24.199,21.945,26.477,28.578,28.258,24.825,28.653,28.585,NA,17.296,21.567,7.911,4.945,13.348,8.626,17.761,24.217,29.824,28.955,28.818,30.019,20.726,26.796,27.33,-5.478,NA,NA,2.207,12.249,NA,NA,20.138,26.696,29.258,29.703,28.669,23.235,23.539,15.882,16.533,-6.608,-7.174,-8.293,22.86,29.637,20.041,21.453,28.686,19.678,29.686,29.151,30.635,24.081,4.16,18.741
"2049-12",-10.849,-4.512,-8.733,11.31,18.725,19.286,23.56,27.386,27.228,25.388,27.896,29.225,NA,18.826,23.283,9.713,3.706,11.305,4.81,15.918,22.447,29.589,29.523,27.236,30.618,22.05,28.023,28.354,-16.89,NA,NA,0.089,8.244,NA,NA,17.569,23.393,28.127,29.449,30.196,24.69,25.382,17.406,18.569,-1.794,-1.927,-19.489,21.509,29.867,21.588,20.031,29.082,21.364,28.675,28.185,30.451,25.562,5.677,18.761
"2050-01",-15.288,-5.327,-19.72,9.532,17.749,17.754,22.32,27.205,26.529,26.679,27.09,29.844,NA,20.053,25.523,11.555,2.085,10.64,5.548,15.036,20.992,29.157,30.715,26.341,29.571,23.79,28.583,28.742,-21.138,NA,NA,-6.604,9.163,NA,NA,15.141,21.947,27.635,29.428,30.885,26.33,26.802,18.667,20.043,0.391,-0.147,-21.868,20.473,30.001,22.936,18.997,29.756,23.007,27.908,27.895,30.195,26.915,7.074,18.951
"2050-02",-15.638,-7.515,-21.968,9.576,16.823,16.575,21.642,26.736,26.004,27.071,26.663,30.346,NA,20.73,26.881,12.272,2.393,10.414,7.176,14.718,20.845,29.586,31.42,26.469,29.82,24.813,29.335,29.465,-19.755,NA,NA,-8.419,10.205,NA,NA,14.167,21.941,27.936,29.059,30.723,27.013,27.218,19.663,20.97,0.55,0.279,-22.062,19.849,29.918,23.615,18.354,30.236,24.35,27.966,27.782,30.136,27.785,7.764,19.132
"2050-03",-15.506,-6.453,-16.712,9.845,17.984,17.157,21.634,27.02,25.89,27.118,26.845,30.672,NA,20.795,25.888,11.732,1.711,10.258,6.636,14.546,20.706,29.607,32.417,27.229,31.107,24.871,29.592,30.053,-20.347,NA,NA,-8.28,10.46,NA,NA,14.413,22.117,28.647,29.697,31.21,26.775,27.105,19.519,20.779,-1.467,-2.098,-22.904,19.737,29.857,23.576,18.254,30.488,23.991,28.315,28.826,30.907,28.044,7.438,19.093
"2050-04",-7.455,-1.454,-9.254,10.717,19.997,18.181,22.719,27.946,26.395,26.402,27.014,30.676,NA,19.161,24.921,10.369,2.5,10.281,11.063,14.796,21.532,29.414,32.164,28.967,31.666,23.453,28.235,29.114,-10.709,NA,NA,-2.134,15.547,NA,NA,15.704,25.942,30.136,30.557,30.794,26.73,26.396,18.42,19.666,-6.584,-7.179,-13.369,20.206,30.172,22.801,18.565,30.334,22.989,29.538,30.951,31.717,27.29,6.441,19.215
"2050-05",-2.048,3.147,-2.558,13.042,24.94,21.048,25.234,28.402,27.051,24.885,27.266,29.643,NA,17.494,23.203,8.977,4.516,12.255,15.692,17.285,21.784,29.25,31.225,30.567,30.478,21.914,26.904,27.871,-2.312,NA,NA,0.82,19.271,NA,NA,18.481,28.289,30.924,31.411,30.086,26.606,24.683,17.492,17.759,-14.62,-14.064,-3.353,21.306,30.029,21.517,19.308,29.677,21.326,30.552,31.795,31.902,26.247,4.884,19.108
"2050-06",0.528,5.927,1.111,14.873,29.14,24.274,27.227,28.619,28.008,24.016,27.784,28.731,NA,16.141,21.352,7.882,6.579,15.786,22.748,21.059,22.619,29.03,29.181,29.525,29.222,20.073,25.727,26.832,0.696,NA,NA,3.614,24.822,NA,NA,21.893,30.818,31.044,31.304,28.519,25.522,23.285,16.21,16.492,-18.41,-18.609,-0.394,22.752,29.569,20.294,20.844,28.822,20.012,30.359,31.063,31.332,24.768,3.195,18.852
"2050-07",2.581,7.905,3.677,17.172,30.958,25.92,28.676,28.994,28.639,23.712,28.294,27.888,NA,15.17,20.264,6.842,8.309,18.231,25.063,24.156,22.948,28.664,27.709,27.72,27.881,19.068,24.926,25.685,1.439,NA,NA,8.265,26.736,NA,NA,25.064,31.517,29.572,30.644,27.293,24.941,22.048,15.031,15.257,-17.922,-18.987,0.373,24.193,28.898,19.47,22.354,28.032,18.933,28.901,30.055,30.351,23.467,2.389,18.747
"2050-08",3.027,8.132,4.301,17.369,31.134,26.693,29.227,29.201,28.919,23.927,29.011,27.5,NA,15.052,19.917,6.344,8.308,18.698,22.404,25.251,23.856,28.507,27.318,27.33,27.497,18.654,24.411,25.213,1.913,NA,NA,10.49,25.034,NA,NA,26.374,32.098,29.599,30.386,26.57,24.153,21.268,14.334,14.468,-20.951,-18.718,0.789,24.991,28.418,18.891,23.261,27.644,18.333,28.179,30.238,29.885,22.863,1.893,18.623
"2050-09",1.855,6.878,3.273,17.03,30.816,26.188,29.261,29.12,29.005,24.127,29.221,27.447,NA,15.553,19.808,6.346,7.545,16.946,18.492,22.561,24.881,28.989,27.501,28.251,27.718,18.766,24.663,25.182,1.275,NA,NA,8.727,20.926,NA,NA,25.534,30.371,29.294,30.293,26.907,23.456,21.381,14.115,14.439,-18.783,-17.798,0.376,25.047,28.493,18.679,23.287,27.685,18.17,28.444,30.306,30.037,22.841,1.894,18.556
"2050-10",-0.305,5.179,1.426,14.444,28.073,24.126,27.859,29.232,28.75,24.76,29.096,27.742,NA,16.707,20.211,7.083,6.204,15.081,12.475,20.719,24.775,29.285,27.929,29.527,28.461,19.034,25.555,25.934,-1.411,NA,NA,6.141,16.507,NA,NA,22.718,29.311,30.038,30.512,28.028,23.329,22.272,14.716,15.122,-13.27,-14.212,-2.428,24.105,29.042,19.105,22.419,28.072,18.389,29.561,30.363,30.461,23.408,2.751,18.615
"2050-11",-4.36,2.625,-2.065,11.922,24.011,21.484,25.79,28.494,27.978,24.78,28.704,28.514,NA,17.483,21.454,8.283,4.839,12.793,8.921,17.821,23.557,29.64,28.663,29.162,30.227,20.146,26.498,27.214,-9.07,NA,NA,2.576,13.245,NA,NA,19.931,27.024,29.42,30.286,29.466,23.445,23.623,16.01,16.516,-6.784,-6.675,-9.225,22.756,29.717,20.137,21.091,28.635,19.371,29.743,29.827,30.974,24.749,4.126,18.728
"2050-12",-10.949,0.585,-7.217,9.677,18.486,18.437,23.36,27.371,26.957,25.685,27.628,29.178,NA,18.748,23.37,9.74,3.149,11.37,7.303,16.207,22.357,29.784,29.147,27.564,30.347,21.605,28.098,28.829,-19.521,NA,NA,-1.088,11.148,NA,NA,17.36,23.946,28.424,29.588,30.291,24.06,25.174,17.687,18.345,-1.734,-1.913,-19.346,21.392,30.004,21.511,19.863,29.179,21.066,28.643,28.835,30.575,26.125,5.538,18.732
"2051-01",-16.267,-5.472,-18.283,8.969,17.577,17.233,22.065,26.688,26.171,26.865,27.011,29.826,NA,19.746,25.312,11.112,2.31,9.916,0.404,14.8,21.334,29.936,30.43,26.494,29.593,22.933,28.189,29.082,-24.114,NA,NA,-3.946,5.12,NA,NA,15.696,21.543,27.681,29.202,31.012,25.63,27.152,19.306,20.462,0.246,-0.469,-24.511,20.333,29.923,22.862,18.832,29.834,22.951,27.976,27.885,30.289,27.41,6.874,18.842
"2051-02",-17.244,-6.154,-18.597,9.273,16.645,16.3,21.481,26.621,25.751,27.429,27.055,30.28,NA,20.67,26.491,11.455,0.833,9.67,6.849,14.262,21.212,30.174,30.974,26.407,29.943,23.53,29.382,30.245,-25.785,NA,NA,-8.588,10.375,NA,NA,14.138,21.377,27.722,29.226,30.803,27.181,27.766,20.051,21.006,0.423,-0.075,-24.755,19.649,29.844,23.624,18.45,30.17,23.885,27.627,28.078,30.377,28.287,7.654,19
"2051-03",-12.565,-3.867,-15.155,9.73,17.359,16.194,21.725,26.758,25.712,27.313,27.187,30.658,NA,20.111,26.791,11.72,0.599,9.45,8.214,14.445,21.704,29.926,31.91,27.133,30.449,23.504,29.309,29.881,-19.364,NA,NA,-6.91,12.479,NA,NA,14.361,23.496,28.918,29.645,31.129,27.189,26.849,19.855,20.109,-2.155,-2.313,-21.528,19.541,29.764,23.648,18.383,30.473,23.812,28.246,29.236,30.961,28.425,7.371,19.121
"2051-04",-9.96,-0.24,-8.299,10.917,19.279,17.449,22.294,27.121,26.22,26.822,27.317,30.485,NA,19.083,25.276,10.751,2.068,11.205,12.513,15.583,21.232,29.329,32.042,29.275,31.529,22.763,28.506,28.764,-12.295,NA,NA,-2.036,16.615,NA,NA,15.705,26.506,30.77,30.542,30.81,26.785,26.19,19.13,18.937,-6.129,-7.124,-14.784,19.988,29.878,22.865,18.547,30.12,22.832,30.209,31.258,31.562,27.279,6.407,19.103
"2051-05",-2.373,2.071,-2.21,13.124,25.115,20.955,25.183,28.108,26.928,25.432,27.443,29.728,NA,17.26,23.131,9.308,3.655,13.572,15.839,18.62,21.664,29.106,31.021,30.846,30.757,21.458,27.467,28.057,-3.144,NA,NA,1.172,19.701,NA,NA,19.047,29.388,31.502,31.398,29.924,26.523,24.804,17.425,17.329,-13.461,-13.329,-4.936,21.166,29.688,21.591,19.449,29.643,21.165,31.214,31.996,31.897,26.182,4.844,19.054
"2051-06",0.71,5.251,0.74,15.737,29.163,23.933,27.022,28.683,27.863,23.822,27.812,28.682,NA,15.644,22.06,8.049,5.772,15.627,21.234,21.33,22.331,28.849,29.315,28.758,28.937,19.649,26.026,26.531,0.743,NA,NA,5.026,24.022,NA,NA,22.151,31.059,30.77,31.388,28.55,25.449,23.578,16.213,16.097,-17.972,-21.832,-0.612,22.751,29.011,20.312,20.997,28.515,19.724,30.036,31.303,31.112,24.972,2.976,18.739
"2051-07",2.795,6.682,3.522,16.974,30.719,26.285,28.335,28.677,28.346,23.455,28.333,27.855,NA,15.391,20.836,7.424,7.176,18.254,24.189,23.945,22.938,28.746,27.877,27.423,27.156,18.663,24.992,25.305,2.139,NA,NA,8.488,26.256,NA,NA,24.526,31.405,29.515,30.741,27.622,24.582,22.742,15.223,15.246,-20.269,-18.922,-0.286,24.119,28.156,19.253,22.433,27.822,18.755,28.269,30.528,30.23,23.88,2.131,18.56
"2051-08",3.19,7.443,4.224,16.618,31.161,26.876,28.838,29.046,28.884,22.957,28.897,27.285,NA,15.014,19.659,6.862,7.838,19.209,23.774,25.315,23.565,28.152,27.225,27.121,26.399,18.134,24.101,24.791,2.824,NA,NA,9.796,25.849,NA,NA,26.415,31.641,29.13,30.618,27.531,23.928,22.458,14.506,14.94,-19.288,-20.108,0.512,25.242,27.737,18.681,23.539,27.287,18.073,27.731,30.129,29.776,23.209,1.912,18.584
"2051-09",2.057,6.363,3.233,16.44,30.295,26.049,28.873,29.019,29.115,23.179,29.031,27.225,NA,15.206,19.994,6.887,6.944,17.484,17.061,23.476,24.395,28.374,27.176,27.798,26.791,18.101,24.392,24.939,1.7,NA,NA,7.933,20.059,NA,NA,25.414,31.372,29.798,30.367,28.055,23.598,22.562,14.219,14.942,-16.773,-17.872,0.127,25.067,27.676,18.587,23.578,27.173,17.843,28.187,29.938,29.669,23.109,2.154,18.524
"2051-10",-0.245,4.912,1.566,15.08,27.006,24.294,27.514,28.855,28.904,23.286,28.821,27.535,NA,15.993,20.223,7.684,5.523,14.784,14.314,21.092,24.069,28.878,27.912,28.889,27.906,18.913,25.681,25.971,0.226,NA,NA,5.374,17.191,NA,NA,22.835,29.795,30.203,30.438,28.73,23.37,22.777,14.632,15.275,-11.906,-12.917,-1.97,24.15,27.864,18.973,22.576,27.681,18.162,29.66,30.032,30.192,23.48,3.013,18.557
"2051-11",-6.52,1.623,-3.175,11.833,23.594,22.166,25.865,27.872,28.177,23.856,28.279,28.101,NA,17.495,21.105,8.526,4.44,12.435,5.069,18.067,22.921,29.192,28.375,28.257,29.406,19.943,26.553,27.079,-4.422,NA,NA,2.479,10.181,NA,NA,20.206,26.373,29.443,30.214,29.882,23.626,24.375,15.747,17.036,-6.914,-6.523,-9.591,23.008,28.048,20.074,21.134,28.03,19.273,29.076,29.727,30.45,24.311,4.04,18.536
"2051-12",-11.616,-2.207,-8.255,11.046,19.073,19.149,22.823,26.325,27.014,24.647,27.567,28.709,NA,19.222,23.751,10.557,3.132,10.968,4.631,16.14,21.644,29.226,29.389,27.046,30.173,21.907,27.974,28.469,-16.662,NA,NA,0.065,8.494,NA,NA,17.17,23.324,28.106,29.234,30.615,24.473,25.705,16.877,18.683,-1.671,-2.014,-17.8,21.564,28.372,21.822,19.836,28.832,21.146,28.262,28.268,30.003,25.66,5.543,18.628
"2052-01",-17.013,-5.332,-18.965,10.825,17.204,17.309,22.135,26.009,26.167,25.593,27.09,29.463,NA,20.248,25.931,11.472,1.514,10.037,2.525,14.734,20.569,29.253,30.15,26.231,28.892,23.313,28.454,29.037,-21.328,NA,NA,-4.633,6.877,NA,NA,14.911,20.881,27.388,28.607,30.284,25.314,26.833,18.635,20.473,0.354,0.466,-22.585,20.474,28.663,23.029,18.935,29.34,23.106,27.659,27.515,29.929,26.927,6.972,18.756
"2052-02",-17.049,-5.277,-21.435,11.277,16.608,15.927,21.855,25.641,25.713,26.935,26.876,29.767,NA,20.913,26.851,11.882,0.009,9.74,5.145,14.384,20.635,29.579,30.763,25.754,28.301,24.227,28.347,29.181,-21.996,NA,NA,-8.381,9.266,NA,NA,13.644,21.192,27.426,28.476,30.666,27.078,27.332,19.94,21.5,0.516,0.749,-23.481,19.943,28.756,23.648,18.466,29.698,23.924,27.128,27.683,29.908,27.433,7.685,18.877
"2052-03",-14.285,-4.955,-18.936,11.194,17.716,16.424,22.202,26.711,25.99,27.314,26.787,30.035,NA,20.221,26.455,11.768,0.789,10.05,7.173,14.632,21.436,29.577,31.656,26.664,29.869,23.284,28.531,29.299,-20.828,NA,NA,-6.472,11.803,NA,NA,14.066,22.406,28.572,28.954,30.887,27.591,27.28,19.297,21.035,-1.159,-0.835,-22.279,19.807,29.298,23.655,18.24,29.797,23.757,27.739,28.694,30.581,27.528,7.374,18.958
"2052-04",-10.169,-2.005,-10.702,12.176,20.791,18.24,23.404,27.795,26.521,27.526,26.807,30.304,NA,18.832,25.084,10.113,1.856,10.671,11.873,15.828,22.489,29.809,31.689,28.699,30.921,22.378,28.128,28.917,-13.146,NA,NA,-1.359,15.397,NA,NA,15.519,25.399,30.24,29.803,30.697,27.319,26.054,18.283,19.412,-5.769,-5.802,-14.406,20.151,30.002,22.84,18.634,29.937,22.724,29.632,30.341,31.351,26.797,6.487,19.072
"2052-05",-1.327,2.374,-2.433,13.398,24.961,21.2,25.595,28.594,27.145,27.43,27.24,29.652,NA,17.746,23.142,8.769,4.584,13.562,14.363,17.986,22.066,29.485,30.877,30.469,30.016,21.239,27.008,27.844,-3.163,NA,NA,0.852,18.71,NA,NA,18.846,29.202,30.937,30.935,29.531,26.642,24.532,17.136,17.655,-12.552,-12.68,-4.068,21.241,30.202,21.422,19.466,29.452,21.262,30.876,31.562,31.537,25.938,5.192,19.125
"2052-06",1.242,4.528,0.597,15.419,29.564,24.043,27.896,28.776,27.873,27.073,27.884,28.726,NA,16.661,21.397,7.461,6.918,16.785,21.389,21.86,22.267,29.009,29.074,29.262,28.759,20.09,25.521,26.568,0.266,NA,NA,4.095,23.543,NA,NA,22.217,30.549,30.282,30.952,27.66,26.147,23.153,16.218,16.053,-15.708,-16.091,-0.812,22.814,30.131,20.131,20.828,28.648,19.844,29.83,30.788,30.978,24.843,3.823,18.97
"2052-07",2.748,7.09,2.75,17.39,31.375,25.956,29.168,29.056,28.462,26.287,28.419,27.918,NA,15.881,20.306,6.824,8.361,18.971,26.112,24.77,22.646,28.738,27.715,28.181,27.719,19.222,24.721,25.375,1.054,NA,NA,8.801,27.662,NA,NA,25.193,31.698,29.841,30.256,26.855,24.968,22.438,15.15,15.159,-18.974,-16.901,-0.453,24.281,29.777,19.217,22.303,27.857,18.856,28.926,30.03,30.292,23.563,2.432,18.776
"2052-08",3.095,7.478,3.762,17.171,31.06,26.498,29.628,29.41,28.688,25.723,29.049,27.609,NA,15.516,19.908,6.42,8.201,19.573,20.907,24.586,24.008,28.726,27.18,27.609,27.069,18.67,24.506,24.891,2.032,NA,NA,10.335,24.131,NA,NA,26.407,31.99,29.526,29.648,26.781,23.802,22.109,14.537,14.694,-21.47,-19.284,0.203,25.237,29.468,18.719,23.427,27.564,18.267,28.342,29.591,29.705,22.835,1.633,18.641
"2052-09",2.051,6.332,2.844,16.499,30.62,25.8,29.392,29.29,28.714,25.246,29.163,27.798,NA,15.694,19.829,6.447,7.267,18.612,17.316,24.026,24.815,29.134,27.522,28.663,27.3,18.581,24.786,25.02,1.488,NA,NA,8.785,20.934,NA,NA,25.716,31.504,29.94,29.877,27.079,23.323,22.062,14.292,14.534,-18.927,-17.966,-0.009,25.306,29.229,18.5,23.298,27.792,18.179,28.904,30.147,30.101,22.859,2.105,18.663
"2052-10",-0.161,3.82,0.99,15.708,27.621,23.453,28.637,29.333,28.587,26.064,28.993,28.007,NA,16.78,20.474,7.164,6.163,15.549,13.376,20.93,24.249,29.412,28.512,29.707,28.808,19.372,25.907,26.166,-0.526,NA,NA,5.528,17.268,NA,NA,22.627,30.213,30.272,29.769,27.902,23.277,22.717,14.706,14.901,-12.888,-13.07,-2.957,24.362,29.998,18.854,22.288,28.109,18.481,30.132,30.146,30.503,23.441,2.866,18.701
"2052-11",-4.233,0.431,-2.724,12.706,23.305,21.666,26.197,28.523,27.973,26.04,28.467,28.758,NA,18.191,22.074,8.282,5.43,13.285,6.115,18.387,23.142,29.815,29.263,29.292,30.912,20.771,27.107,27.697,-8.025,NA,NA,2.528,10.515,NA,NA,20.284,27.096,29.699,30,29.185,23.526,23.766,15.971,16.109,-6.554,-7.33,-11.397,22.858,30.548,19.821,20.912,28.843,19.815,29.89,29.795,30.791,24.615,4.168,18.75
"2052-12",-9.257,-4.378,-9.507,11.106,19.388,19.285,24.009,27.651,27.003,26.74,27.763,29.475,NA,19.457,23.909,10.067,4.067,10.856,0.521,16.285,21.712,29.768,30.456,27.256,30.718,22.462,28.459,28.95,-16.04,NA,NA,-0.995,5.23,NA,NA,17.541,23.06,28.639,29.859,30.533,24.5,26.139,17.294,18.37,-1.869,-2.415,-18.045,21.444,30.785,21.408,19.83,29.627,21.528,28.395,29.317,30.713,26.121,5.555,18.891
"2053-01",-15.555,-8.8,-18.365,11.386,16.806,17.301,22.585,26.715,26.194,27.334,27.659,30.095,NA,20.624,25.919,11.675,1.426,9.743,7.12,14.848,21.094,29.886,31.691,26.149,29.646,23.995,29.575,30.04,-26.493,NA,NA,-4.647,10.145,NA,NA,14.876,21.77,27.915,29.141,30.96,25.444,27.332,18.635,19.807,0.246,-0.493,-26.297,20.261,30.396,22.769,19.162,30.229,23.172,27.673,28.605,30.41,27.346,6.992,18.862
"2053-02",-17.743,-5.781,-17.051,11.383,16.216,16.175,22.194,26.591,25.908,27.483,27.49,30.55,NA,21.519,26.725,12.268,0.277,9.788,4.452,14.411,20.656,29.637,31.951,26.094,29.634,24.528,29.936,30.495,-26.394,NA,NA,-7.751,8.431,NA,NA,13.676,21.18,28.07,28.94,30.629,26.454,27.669,19.528,20.252,0.522,0.189,-26.514,19.681,30.129,23.501,18.651,30.359,24.033,27.626,28.287,30.28,27.715,7.675,18.977
"2053-03",-15.721,-4.678,-17.097,11.153,17.32,16.503,22.444,26.974,26.11,27.641,27.263,30.715,NA,21.394,26.516,11.722,1.219,10.466,11.082,15.057,20.956,29.796,32.328,26.99,30.208,24.353,28.904,29.211,-18.719,NA,NA,-5.906,14.26,NA,NA,13.968,23.974,28.999,29.271,31.157,26.542,27.476,19.097,19.848,-0.657,-0.998,-22.39,19.598,30.022,23.658,18.39,30.407,24.032,28.281,28.973,30.6,27.453,7.453,19.094
"2053-04",-8.706,-0.037,-7.685,11.28,19.788,18.246,23.265,28.15,26.669,27.25,27.272,30.764,NA,19.822,25.325,10.338,2.023,10.655,13.135,15.843,21.113,29.893,32.475,29.502,31.687,23.263,28.413,29.088,-12.903,NA,NA,-2.984,17.15,NA,NA,15.546,26.506,30.24,30.112,30.733,26.275,25.685,18.578,18.586,-4.601,-6.578,-12.266,20.05,30.204,22.8,18.565,30.512,22.944,30.097,30.786,31.403,26.914,6.531,19.208
"2053-05",-1.925,1.849,-2.207,13.261,23.646,21.073,25.14,28.296,27.247,25.864,27.488,30.05,NA,18.033,23.332,8.978,3.913,13.167,16.163,18.16,21.465,29.485,31.778,30.991,30.832,22.197,27.312,28.05,-3.914,NA,NA,0.732,20.067,NA,NA,18.115,29.215,31.312,30.936,29.632,25.563,24.471,17.524,17.327,-12.561,-12.074,-5.183,21.138,30.046,21.535,19.416,29.88,21.449,31.212,31.83,31.787,25.781,5.175,19.101
"2053-06",0.206,4.785,0.855,16.011,28.604,24.8,27.744,28.701,27.965,24.354,27.877,29.159,NA,16.571,21.705,8.057,6.132,16.647,20.151,21.959,22.236,29.104,30.164,29.56,29.193,20.768,25.832,26.923,0.567,NA,NA,3.451,22.71,NA,NA,21.715,30.603,30.82,31.003,28.237,25.369,23.355,16.349,16.21,-18.208,-14.457,-0.758,22.647,29.522,20.183,21.076,29.201,20.045,30.327,31.352,31.195,24.608,3.33,18.863
"2053-07",2.018,6.456,3.251,17.647,31.047,26.731,28.923,28.733,28.382,23.259,28.308,28.283,NA,15.646,20.074,7.36,8.381,20.027,25.291,26.059,22.782,28.878,28.864,27.501,27.799,19.876,25.01,25.812,1.267,NA,NA,8.411,26.824,NA,NA,24.348,32.326,30.164,30.552,27.101,25.028,22.279,15.228,15.25,-21.016,-15.868,-0.054,24.251,28.721,19.238,22.634,28.46,19.025,28.833,31.345,30.3,23.506,2.015,18.675
"2053-08",3.274,6.848,4.388,17.393,30.941,27.298,29.42,29.052,28.945,22.926,28.967,27.591,NA,15.157,19.204,6.929,8.463,20.088,22.053,25.672,23.373,28.877,28.209,27.506,27.476,19.366,24.594,25.226,1.519,NA,NA,11.04,24.601,NA,NA,25.981,32.149,29.7,29.799,26.761,24.19,21.793,14.5,14.623,-22.025,-19.657,0.276,25.108,27.955,18.65,23.633,28.069,18.328,28.013,30.667,29.927,22.776,1.586,18.513
"2053-09",1.972,6.218,3.494,16.664,30.907,26.728,29.317,29.082,29.143,22.752,29.258,27.561,NA,15.208,19.114,6.885,7.801,18.268,17.877,24.094,24.262,29.303,28.533,28.279,27.477,19.382,24.635,25.17,0.812,NA,NA,8.148,20.736,NA,NA,25.607,30.711,29.442,29.895,27.402,23.556,21.948,14.377,14.637,-19.071,-16.11,-0.159,25.185,27.621,18.486,23.566,28.092,18.223,28.176,30.028,29.769,22.631,2.11,18.519
"2053-10",0.601,4.491,1.598,15.73,27.595,24.235,28.235,28.773,28.73,23.271,29.068,28.044,NA,16.098,19.968,7.331,6.217,14.875,11.378,21.095,24.3,29.483,28.989,29.051,28.325,19.686,25.771,26.232,-3.193,NA,NA,5.237,16.677,NA,NA,23.002,29.53,29.864,29.831,28.421,23.613,22.347,14.66,15.068,-12.611,-11.549,-2.643,24.364,28.066,18.81,22.48,28.501,18.644,29.431,30.156,30.138,23.089,3.029,18.559
"2053-11",-4.032,1.708,-2.483,13.577,23.857,21.911,26.005,28.246,28.189,23.929,28.362,28.727,NA,17.35,21.652,8.842,4.919,12.625,7.397,18.003,23.46,29.636,29.249,28.594,29.967,20.876,26.767,27.605,-10.544,NA,NA,1.745,12.325,NA,NA,19.781,27.302,29.278,29.617,29.341,23.48,23.52,15.717,16.462,-6.905,-7.678,-10.964,22.863,28.386,19.73,21.205,28.943,19.839,29.599,29.369,30.517,24.251,4.13,18.498
"2053-12",-7.665,-2.437,-7.722,11.147,20.658,20.007,24.027,27.465,27.299,24.662,27.398,29.762,NA,18.787,23.607,10.512,3.416,10.398,-2.243,15.589,22.262,29.758,30.317,27.567,30.237,22.394,27.891,28.752,-15.181,NA,NA,-2.383,5.25,NA,NA,16.974,24.008,27.877,28.966,30.047,24.333,25.005,17.539,18.157,-1.986,-2.7,-16.024,21.51,28.503,21.337,19.942,29.782,21.668,28.661,27.805,30.364,25.789,5.647,18.709
"2054-01",-13.002,-6.861,-13.556,11.007,18.536,18.053,22.814,26.33,26.327,25.767,26.762,30.144,NA,19.909,25.642,11.204,1.856,10.05,2.755,14.579,20.725,29.615,30.563,25.981,29.454,23.334,28.282,29.08,-24.579,NA,NA,-9.038,5.988,NA,NA,14.829,20.653,27.43,28.642,30.757,25.812,26.944,19.25,20.438,0.139,-0.491,-22.83,20.364,28.461,22.853,18.929,29.787,23.282,27.613,27.257,29.699,26.62,7.156,18.734
"2054-02",-15.71,-7.886,-20.334,9.467,19.173,17.72,22.58,26.6,25.992,26.256,26.35,30.21,NA,20.411,26.277,11.839,0.583,9.551,0.189,13.893,20.43,29.785,31.131,26.214,29.656,24.371,29.225,30.039,-22.929,NA,NA,-9.994,5.45,NA,NA,14.078,20.734,27.78,28.564,30.697,27.266,27.687,20.051,20.583,0.437,-0.019,-26.414,19.772,28.39,23.629,18.473,30.103,24.234,27.664,27.524,29.908,27.359,7.905,18.837
"2054-03",-16.608,-6.554,-16.7,9.71,18.895,17.396,22.548,26.883,25.92,26.313,26.231,30.272,NA,19.876,25.964,11.46,0.114,10.26,10.091,14.536,20.816,29.587,31.926,27.483,30.438,24.509,29.84,30.366,-21.059,NA,NA,-4.991,13.412,NA,NA,14.846,23.302,28.67,29.03,30.961,26.942,27.386,19.731,20.356,-1.381,-1.709,-25.767,19.643,28.701,23.451,18.192,30.126,24.28,28.572,28.459,30.394,27.417,7.588,18.866
"2054-04",-8.277,-4.577,-8.68,10.736,22.743,19.194,23.896,27.219,26.024,25.293,26.288,30.158,NA,18.088,25.095,9.88,2.322,11.628,9.839,15.429,22.262,29.4,32.01,28.887,31.062,23.478,28.638,29.227,-10.161,NA,NA,-3.261,13.572,NA,NA,16.464,24.764,30.135,30.094,30.777,26.437,26.369,18.637,19.727,-6.391,-6.918,-13.759,20.135,28.867,22.602,18.487,30.047,23.2,29.788,30.277,31.309,26.955,6.582,19.028
"2054-05",-2.344,1.389,-1.499,12.105,25.451,21.41,25.354,27.987,26.578,25.303,26.572,29.552,NA,17.023,23.072,9.006,3.985,13.611,18.47,18.407,23.248,29.671,31.658,30.402,30.091,22.835,27.439,27.914,-3.1,NA,NA,0.905,20.727,NA,NA,19.421,28.363,30.696,31.117,29.931,25.728,24.922,17.28,18.052,-12.792,-12.479,-4.1,21.153,29.433,21.377,19.518,29.875,21.382,30.437,31.221,31.261,25.75,4.949,19.018
"2054-06",0.751,4.688,1.452,15.457,28.896,24.34,26.882,28.444,27.546,24.557,27.309,28.221,NA,15.687,21.498,7.997,6.302,17.358,23.442,21.781,23.987,29.4,29.935,29.226,28.648,21.17,25.932,26.725,0.916,NA,NA,4.058,25.493,NA,NA,22.615,29.515,30.509,30.891,28.697,24.848,23.432,15.777,16.585,-16.345,-17.867,-0.584,22.672,29.249,20.155,21.102,28.961,19.845,29.855,30.542,30.437,24.313,3.605,18.833
"2054-07",2.594,6.985,3.715,17.225,31.222,26.219,28.667,28.723,28.426,24.174,28.185,27.348,NA,15.018,20.445,7.09,8.293,19.517,25.681,24.598,24.396,28.908,27.344,27.427,27.556,19.244,24.792,25.814,2.795,NA,NA,6.34,27.097,NA,NA,25.358,31.132,29.615,30.541,27.644,23.94,22.227,14.488,15.358,-18.014,-24.198,0.386,24.339,28.935,19.245,22.717,27.965,18.845,28.39,29.907,29.812,23.294,2.301,18.682
"2054-08",3.076,7.975,4.262,17.23,31.429,27.205,29.11,29.08,28.941,23.924,28.807,26.973,NA,14.588,19.516,6.409,9.055,20.189,21.969,25.149,24.879,28.629,26.916,26.797,27.101,18.756,24.218,25.033,2.962,NA,NA,8.464,24.938,NA,NA,27.19,31.995,29.216,30.283,27.235,23.183,21.523,13.919,14.632,-18.541,-18.675,0.881,25.385,28.652,18.694,23.774,27.503,18.252,27.757,30.056,29.509,22.563,2.134,18.734
"2054-09",1.449,6.927,3.083,17.467,29.917,26.163,28.513,29.453,29.275,23.923,29.174,27.1,NA,14.861,19.482,6.485,7.679,18.052,16.89,23.58,24.96,29.035,27.254,28.245,27.433,18.545,24.583,25.192,1.968,NA,NA,8.347,20.137,NA,NA,26.385,30.939,29.476,30.269,27.641,22.554,21.602,13.679,14.529,-16.53,-16.997,0.237,25.203,28.581,18.559,23.503,27.723,18.167,28.304,30.034,29.539,22.465,2.188,18.634
"2054-10",-0.865,4.128,1.227,15.403,27.128,23.81,27.661,28.753,28.756,24.296,29.023,27.603,NA,15.851,20.306,7.029,6.072,15.454,13.387,20.936,24.705,29.24,27.796,29.426,28.532,18.931,25.488,25.942,0.33,NA,NA,5.611,16.586,NA,NA,23.842,29.562,30.218,30.338,28.52,22.747,22.588,14.167,15.015,-12.3,-13.275,-2.455,24.385,28.974,18.929,22.586,27.801,18.351,29.384,30.276,30.079,22.916,3.003,18.636
"2054-11",-5.577,0.467,-2.417,12.106,24.083,22.371,25.908,28.452,28.378,24.596,28.549,28.266,NA,17.311,22.168,8.281,5.233,13.196,5.316,18.331,22.923,29.48,28.416,29.02,29.841,20.099,26.727,27.42,-6.345,NA,NA,2.164,10.066,NA,NA,20.61,26.379,29.763,30.063,29.528,23.01,24.028,15.265,15.833,-6.238,-6.954,-9.23,22.946,29.607,19.879,21.16,28.302,19.571,29.468,29.702,30.409,24.047,4.061,18.651
"2054-12",-10.191,-3.059,-6.554,10.224,20.268,19.93,23.932,27.667,27.316,26.06,27.491,28.937,NA,18.982,24.119,10.208,2.956,11.262,4.871,16.221,22.014,29.62,29.316,27.626,30.195,21.788,27.894,28.501,-17.237,NA,NA,-1.67,9.354,NA,NA,18.119,23.477,28.769,29.621,30.452,23.914,25.38,16.935,17.732,-1.712,-1.85,-18.478,21.442,29.999,21.507,19.87,28.983,21.43,28.681,28.796,30.189,25.448,5.625,18.758
"2055-01",-14.637,-6.323,-16.439,9.037,17.57,18.57,22.465,27.037,26.358,26.924,26.716,29.373,NA,20.412,25.726,12.235,1.041,10.494,5.521,14.981,20.809,29.339,30.644,26.641,29.665,23.336,28.981,29.766,-22.177,NA,NA,-7.049,8.813,NA,NA,15.977,21.383,27.578,29.015,30.752,25.353,26.043,18.921,19.436,0.524,-0.413,-23.045,20.442,30.011,22.961,18.914,29.466,23.134,28.02,27.513,29.948,26.989,7.031,18.915
"2055-02",-16.4,-8.01,-18.699,9.611,16.234,17.044,21.673,26.117,25.788,27.105,26.734,29.868,NA,21.534,27.101,12.45,-0.411,9.596,7.543,14.175,20.342,29.14,31.441,26.197,29.488,24.041,29.164,30.124,-25.413,NA,NA,-6.652,11.595,NA,NA,14.817,21.899,27.598,29.095,30.916,26.107,27.183,19.609,19.651,0.826,-0.005,-26.208,19.866,29.835,23.642,18.496,29.9,24.081,27.44,27.982,30.101,27.844,7.746,18.991
"2055-03",-16.539,-6.078,-19.092,10.322,18.924,17.273,22.593,26.8,25.902,27.372,26.927,30.312,NA,20.952,26.28,11.715,1.364,9.878,5.396,14.06,20.243,29.155,32.186,27.202,30.249,24.149,29.19,29.902,-17.875,NA,NA,-5.263,10.014,NA,NA,14.619,23.348,28.839,29.531,30.925,26.72,26.828,18.929,19.457,-1.075,-1.301,-23.708,19.795,30.188,23.544,18.348,30.014,24.198,28.255,29.219,30.646,27.55,7.496,19.076
"2055-04",-11.572,-3.346,-10.941,10.884,20.402,18.136,23.591,27.707,26.294,27.58,27.134,30.474,NA,19.511,24.98,10.523,1.418,10.825,14.386,15.707,21.182,29.13,32.346,28.892,31.225,23.408,28.214,28.639,-13.27,NA,NA,-2.806,18.038,NA,NA,16.292,26.968,30.139,30.411,30.787,26.492,25.858,18.247,18.313,-5.694,-7.588,-18.393,20.165,30.643,22.679,18.654,29.973,23.06,29.358,31.094,31.382,26.531,6.554,19.031
"2055-05",-1.614,1.474,-1.948,12.67,23.879,20.801,25.256,28.269,26.746,26.855,27.387,29.909,NA,17.84,23.083,9.293,3.789,12.773,17.431,17.753,21.654,29.065,31.109,30.737,30.608,21.852,27.188,27.928,-3.962,NA,NA,1.046,20.982,NA,NA,19.14,29.632,30.799,31.293,30.058,25.584,24.899,17.252,17.491,-11.977,-11.449,-4.674,21.253,30.562,21.382,19.525,29.602,21.521,30.558,32.056,31.683,25.578,5.013,19.139
"2055-06",0.744,4.084,1.334,14.785,28.323,24.17,27.474,28.649,27.638,26.182,27.805,29.074,NA,16.513,21.266,8.167,6.434,16.557,21.734,21.714,22.563,28.885,29.939,29.852,29.108,20.352,25.863,26.751,0.491,NA,NA,4.371,24.069,NA,NA,22.728,30.831,30.484,31.148,28.641,24.884,23.507,15.768,15.997,-17.366,-18.218,-0.813,22.812,30.18,20.125,21.006,28.847,20.14,30.126,30.731,30.701,24.25,3.517,18.912
"2055-07",2.098,6.163,3.488,16.834,30.861,26.025,28.608,28.918,28.285,25.532,28.461,28.029,NA,15.679,20.146,7.2,7.987,18.895,23.333,24.468,23.47,28.632,28.427,27.848,28.043,19.289,25.031,25.742,1.46,NA,NA,8.469,25.639,NA,NA,25.302,31.58,28.981,30.595,27.332,24.014,22.399,14.782,14.98,-19.165,-19.157,-0.17,24.289,29.652,19.201,22.444,28.051,19.129,28.548,29.513,30.086,23.216,2.529,18.765
"2055-08",2.59,6.894,4.308,16.703,31.558,26.917,29.182,29.03,28.779,24.221,29.021,27.514,NA,14.811,19.417,6.489,8.487,19.499,21.794,25.307,24.223,28.528,27.461,27.567,27.498,18.608,24.566,25.258,1.5,NA,NA,9.992,24.207,NA,NA,26.827,31.616,29.493,30.046,26.705,23.186,21.801,14,14.406,-20.528,-16.319,0.396,25.212,29.093,18.675,23.49,27.424,18.494,28.214,29.907,29.697,22.571,1.764,18.645
"2055-09",1.786,6.04,3.585,16.776,31.246,26.309,29.566,29.158,28.969,23.824,29.124,27.497,NA,15.021,19.343,6.518,7.6,17.654,18.377,23.013,24.577,28.831,27.724,28.842,27.844,18.478,24.943,25.391,0.765,NA,NA,9.442,21.514,NA,NA,26.116,31.133,30.051,29.762,26.852,22.696,21.799,13.662,14.278,-17.769,-16.137,0.074,25.259,28.695,18.622,23.464,27.423,18.23,29.212,30.48,29.887,22.453,2.039,18.607
"2055-10",-0.684,4.057,1.721,14.742,26.808,24.282,28.346,29.128,28.845,23.994,28.991,28.002,NA,16.137,20.131,6.639,6.451,15.789,11.093,20.474,24.695,28.979,27.569,29.511,28.992,18.775,25.613,26.18,-1.291,NA,NA,6.618,15.764,NA,NA,23.53,30.132,30.295,29.905,27.568,22.948,22.263,14.484,14.514,-11.915,-10.647,-3.331,24.487,29.027,18.983,22.632,27.88,18.626,30.144,30.832,30.088,23.155,2.922,18.674
"2055-11",-5.655,1.248,-1.059,12.869,21.523,21.755,25.621,27.847,27.848,24.576,28.533,28.725,NA,17.444,22.107,7.526,4.506,13.474,8.05,18.039,24.144,29.654,28.688,28.781,30.203,20.192,27.004,27.559,-9.991,NA,NA,2.868,12.281,NA,NA,20.468,26.71,29.5,29.702,28.827,23.667,23.93,15.876,15.99,-6.443,-4.842,-12.175,23.143,29.565,19.825,21.297,28.629,19.727,29.768,29.865,30.459,24.511,4.071,18.647
"2055-12",-10.632,-3.776,-6.261,11.565,19.471,20.096,23.721,27.427,27.136,25.631,27.816,29.368,NA,18.861,24.048,9.433,3.228,11.676,4.394,15.867,22.944,29.636,29.728,27.554,30.337,21.845,28.055,28.633,-19.981,NA,NA,-0.678,8.655,NA,NA,17.427,23.651,27.944,29.236,29.988,24.548,25.111,16.828,17.316,-1.655,-1.772,-18.683,21.65,29.884,21.336,20.078,29.238,21.483,28.618,28.139,30.234,25.593,5.722,18.747
"2056-01",-16.915,-8.522,-11.883,11.304,16.806,18.516,22.083,26.505,26.207,26.942,27.292,29.917,NA,19.818,25.675,10.365,1.144,11.153,4.15,14.95,21.647,29.647,30.629,26.443,29.921,23.349,28.96,29.648,-23.692,NA,NA,-4.207,8.666,NA,NA,15.06,21.372,27.389,28.804,30.68,25.835,26.768,18.367,19.446,0.274,0.331,-23.814,20.383,29.909,22.897,19.168,29.744,23.02,27.761,27.838,30.02,26.975,7.184,18.903
"2056-02",-15.617,-10.064,-17.588,11.181,17.077,17.162,21.756,26.054,25.786,26.772,27.034,30.38,NA,20.663,26.654,11.101,2.512,10.533,3.697,14.424,21.693,30.078,31.399,26.515,29.555,23.755,28.745,29.531,-22.229,NA,NA,-6.948,8.04,NA,NA,14.001,21.513,27.611,28.491,30.678,27.343,27.492,19.241,20.328,0.681,0.646,-21.211,19.734,29.477,23.771,18.681,30.221,23.645,27.734,27.811,30.143,27.832,7.807,19.077
"2056-03",-13.564,-5.154,-15.612,11.554,18.616,17.634,22.398,26.714,26.041,26.3,27.065,30.527,NA,20.525,26.021,11.086,1.771,9.52,2.495,13.685,21.649,30.253,32.069,27.306,30.751,23.659,29.107,29.333,-18.44,NA,NA,-6.03,7.756,NA,NA,14.112,22.56,28.527,29.606,31.271,27.621,27.46,19.305,20.406,-1.238,-0.718,-21.332,19.689,29.09,23.68,18.712,30.264,23.314,28.033,29.226,30.86,27.701,7.462,19.073
"2056-04",-7.518,-2.402,-8.185,11.885,21.068,19.092,23.648,28.076,26.779,25.825,27.289,30.331,NA,18.743,24.881,10.017,3.061,10.696,8.07,14.166,21.685,29.3,31.811,28.954,31.29,22.669,28.302,28.932,-12.482,NA,NA,-2.01,13.647,NA,NA,15.782,25.232,30.105,30.753,31.252,26.738,26.549,18.499,19.361,-6.054,-3.655,-14.011,20.17,29.281,22.847,18.937,29.897,22.545,29.255,31.091,31.584,26.834,6.475,19.12
"2056-05",-2.31,1.129,-1.538,12.463,25.304,21.902,25.612,28.476,27.491,24.327,27.584,29.707,NA,17.193,23.324,8.314,4.333,13.427,15.721,17.332,22.16,29.306,31.063,30.592,30.754,21.638,27.268,27.967,-2.973,NA,NA,0.723,19.431,NA,NA,18.495,29.239,31.058,31.213,29.896,26.523,24.818,17.473,17.415,-13.048,-7.582,-3.223,21.151,29.278,21.622,19.697,29.359,21.016,30.594,31.526,31.677,25.692,5.117,19.084
"2056-06",0.576,3.556,1.477,14.279,29.745,25.236,27.553,28.342,28.12,23.213,27.84,28.737,NA,15.534,21.798,7.289,6.985,18.48,20.083,21.861,22.865,29.233,29.663,28.767,29.191,20.39,25.875,26.696,0.636,NA,NA,4.482,22.844,NA,NA,22.36,30.188,30.282,31.172,28.394,25.7,23.197,16.242,15.876,-17.086,-13.393,-0.684,22.72,28.84,20.42,21.218,28.507,19.691,29.425,31.317,30.806,24.267,3.63,18.857
"2056-07",2.481,6.287,3.402,16.58,31.151,27.081,28.638,28.596,28.621,22.8,28.394,27.912,NA,15.203,20.683,6.689,9.123,21.529,25.203,24.923,23.768,28.792,28.355,27.359,27.47,19.283,24.836,25.502,2.101,NA,NA,7.778,26.771,NA,NA,25.191,30.549,28.797,30.725,27.666,24.686,22.292,15.202,15.073,-17.361,-18.097,0.039,24.052,28.125,19.354,22.97,27.939,18.692,27.944,29.732,29.771,23.187,2.724,18.695
"2056-08",3.331,6.603,4.147,17.436,31.873,27.787,29.255,29.099,29.239,22.887,29.082,27.427,NA,15.254,19.785,6.48,9.442,21.915,20.889,25.423,24.878,28.502,27.551,26.823,27.028,18.35,24.384,25.103,1.607,NA,NA,10.412,24.043,NA,NA,26.597,31.926,29.093,30.284,27.104,23.699,21.749,14.497,14.479,-19.617,-19.591,0.438,24.996,27.892,18.773,24.089,27.539,18.022,27.706,29.766,29.391,22.532,2.002,18.587
"2056-09",2.219,5.813,3.323,16.522,30.297,26.807,29.012,29.2,29.345,23.426,29.14,27.385,NA,15.668,19.889,6.467,8.576,19.584,17.25,23.332,25.325,28.941,27.551,27.73,27.191,18.222,24.594,25.076,1.033,NA,NA,8.938,20.66,NA,NA,25.611,31.02,29.661,30.299,27.169,23.298,21.786,14.376,14.428,-17.348,-17.435,0.075,25.051,28.023,18.615,23.929,27.601,17.842,28.203,30.205,29.155,22.434,2.188,18.553
"2056-10",0.212,4.611,1.324,15.066,27.88,24.498,27.866,28.952,28.811,23.661,29.003,27.908,NA,16.417,20.595,7.064,6.753,16.328,12.556,20.636,25.535,29.489,28.492,28.715,27.887,19.241,25.493,25.572,-0.345,NA,NA,5.763,16.418,NA,NA,22.636,29.581,29.972,30.21,28.101,23.49,22.402,14.697,14.915,-12.883,-11.644,-1.531,24.382,28.446,19.024,22.943,28.125,18.286,28.966,30.155,29.618,22.884,2.86,18.618
"2056-11",-4.765,1.501,-1.39,12.642,24.82,22.094,26.418,28.293,28.184,24.173,28.526,28.581,NA,17.837,22.555,8.597,5.201,13.81,7.028,18.605,24.155,29.755,29.438,28.367,29.417,20.643,26.428,26.647,-7.842,NA,NA,2.434,11.625,NA,NA,19.395,27.167,28.936,29.534,29.241,23.397,23.895,15.429,16.297,-6.726,-5.715,-10.316,23.045,28.822,20.067,21.476,28.771,19.541,29.207,28.587,30.045,23.855,3.993,18.596
"2056-12",-9.83,-3.443,-6.852,10.968,21.389,19.381,24.543,27.316,27.094,25.202,27.791,29.111,NA,19.548,24.473,10.364,3.65,12.25,4.596,16.391,22.434,29.847,30.39,27.553,30.059,22.382,28.153,28.142,-19.328,NA,NA,-0.356,9.514,NA,NA,16.976,23.857,27.992,29.076,30.007,24.394,25.062,17.29,18.065,-1.628,-1.885,-20.239,21.6,29.204,21.613,20.094,29.304,21.217,28.602,27.888,30.002,25.288,5.56,18.66
"2057-01",-14.799,-7.475,-19.726,9.531,19.211,17.996,23.164,26.816,26.308,27.04,27.218,29.593,NA,20.751,25.975,11.439,2.515,10.991,3.782,14.636,21.205,29.799,31.056,26.927,29.588,23.646,28.868,29.578,-23.46,NA,NA,-3.761,7.753,NA,NA,15.22,21.842,27.219,28.565,30.837,26.128,26.542,18.564,19.907,0.485,-0.132,-24.671,20.497,29.487,23.036,19.086,29.842,23.001,27.912,27.107,29.729,26.866,7.012,18.836
"2057-02",-11.772,-8.433,-22.141,9.741,18.354,17.278,22.593,26.503,25.986,27.873,26.922,29.892,NA,21.56,26.79,11.582,2.406,9.536,-4.638,13.752,20.198,29.365,31.788,26.749,30.023,24.23,29.164,29.383,-24.718,NA,NA,-9.167,3.588,NA,NA,14.033,21.359,27.612,28.789,31.165,26.328,27.395,19.359,21.131,0.777,0.312,-21.728,19.817,29.575,23.773,18.417,29.892,23.874,27.657,27.602,29.929,27.245,7.741,19.023
"2057-03",-12.89,-7.65,-15.167,9.397,19.553,18.34,22.506,27.334,26.178,28.153,26.666,30.452,NA,21.052,26.392,11.195,2.661,10.066,5.349,13.91,20.665,29.694,31.926,27.506,30.519,24.519,29.613,29.728,-21.038,NA,NA,-7.93,11.216,NA,NA,14.152,23.045,28.975,29.402,31.031,27.043,26.473,19.463,20.064,-0.755,-1.104,-22.458,19.607,29.937,23.577,18.296,30.111,23.95,28.448,29.198,30.65,27.465,7.466,19.075
"2057-04",-9.761,-2.156,-10.621,10.162,21.203,19.393,22.975,27.112,26.184,27.386,26.662,30.426,NA,19.637,25.144,10.246,3.641,11.823,12.75,15.543,21.583,29.455,32.165,28.618,31.273,23.776,28.652,29.221,-9.039,NA,NA,-1.797,16.233,NA,NA,15.98,25.832,30.481,30.37,30.351,27.095,25.432,18.591,18.831,-5.006,-6.948,-12.225,20.004,29.831,22.694,18.582,30.192,22.871,29.435,31.452,31.62,26.82,6.519,19.145
"2057-05",-2.567,1.671,-2.176,12.673,26.121,22.218,25.238,28.599,27.006,26.775,26.896,29.698,NA,18.217,23.769,8.903,5.187,13.97,17.352,18.878,21.839,29.302,31.667,30.388,30.314,22.425,27.066,27.684,-2.683,NA,NA,0.736,19.694,NA,NA,19.286,28.217,30.785,31.297,29.453,26.916,24.197,17.327,17.216,-12.182,-11.929,-3.921,21.144,30.152,21.449,19.618,29.77,21.289,29.785,31.682,31.238,25.761,5.168,19.139
"2057-06",0.648,4.416,1.287,14.273,29.092,25.343,26.72,28.92,27.83,25.278,27.468,28.815,NA,16.494,22.019,7.894,7.031,17.647,24.333,22.086,22.249,29.127,30.271,29.677,28.85,20.926,25.741,26.46,0.726,NA,NA,4.731,26.114,NA,NA,22.613,30.536,30.856,30.784,28.111,25.658,22.937,16.029,15.842,-14.717,-16.264,-0.494,22.71,29.99,20.198,21.177,28.947,19.855,29.909,30.578,30.471,24.617,3.875,19.002
"2057-07",2.529,6.319,3.459,16.466,31.306,27.01,28.55,29.04,28.665,25.116,28.102,27.644,NA,15.856,20.48,6.934,8.835,20.849,26.46,25.889,23.217,28.785,28.081,28.272,27.873,19.272,24.805,25.63,2.733,NA,NA,8.003,27.846,NA,NA,25.14,32.179,29.929,30.235,26.819,24.531,21.965,14.981,14.822,-16.589,-19.606,-0.089,24.19,29.554,19.286,22.739,28.021,18.693,29.19,30.077,30.041,23.568,2.745,18.852
"2057-08",3.431,6.389,4.306,16.636,31.489,27.595,29.646,29.244,28.87,24.596,28.753,27.15,NA,15.275,19.958,6.545,9.733,21.496,24.312,26.856,24.215,28.605,27.485,26.91,27.366,18.746,24.359,25.151,3.048,NA,NA,9.424,26.161,NA,NA,26.192,32.171,29.095,29.459,26.008,23.73,21.322,14.527,14.379,-20.108,-22.274,-0.176,25.131,29.061,18.731,23.748,27.708,18.135,27.905,29.561,29.689,22.926,1.885,18.651
"2057-09",1.964,5.336,3.255,15.301,30.538,27.072,29.389,29.156,28.961,24.366,29.07,27.14,NA,15.491,19.577,6.547,9.005,19.637,18.15,24.612,24.941,28.93,27.313,28.086,27.748,18.416,24.812,25.432,1.967,NA,NA,8.474,20.94,NA,NA,25.73,31.404,29.509,29.57,26.524,23.192,21.561,14.297,14.545,-18.764,-20.346,-1.134,25.3,28.954,18.586,23.723,27.712,17.961,28.159,29.819,29.665,22.819,2.012,18.603
"2057-10",-0.96,3.536,0.336,14.304,28.972,24.769,28.56,28.902,28.57,24.308,28.906,27.897,NA,16.283,20.219,7.282,7.4,16.603,10.087,20.97,25.052,29.533,28.235,28.879,28.642,19.379,26.104,26.556,-0.084,NA,NA,6.168,14.61,NA,NA,22.863,29.728,30.114,29.747,27.609,22.97,22.215,14.523,14.967,-12.198,-13.474,-4.102,24.433,29.215,18.926,22.809,28.466,18.396,29.274,30.294,30.162,23.451,2.984,18.683
"2057-11",-6.329,1.885,-3.119,12.294,23.287,21.8,26.195,28.372,27.966,25.119,28.371,28.547,NA,17.873,21.826,8.516,5.669,14.238,8.994,18.583,23.966,29.728,28.685,28.758,30.393,20.534,27.071,27.673,-8.866,NA,NA,2.734,12.915,NA,NA,20.227,27.262,29.62,29.585,28.978,23.002,24.196,15.145,16.138,-5.936,-6.953,-13.313,23.09,29.679,20.028,21.27,28.678,19.617,29.566,29.739,30.356,24.5,4.239,18.674
"2057-12",-12.931,-3.777,-11.643,9.802,20.571,19.667,23.871,27.703,27.035,25.66,27.615,29.334,NA,19.38,23.808,10.362,4.074,12.12,6.07,16.45,22.575,29.715,29.849,27.611,30.358,21.982,27.92,28.735,-18.829,NA,NA,-0.364,9.534,NA,NA,17.818,24.45,28.279,29.372,30.016,23.651,25.968,17.136,18.396,-1.497,-1.833,-21.04,21.607,30.079,21.691,19.988,29.319,21.098,28.665,28.394,30.393,25.924,5.642,18.758
"2058-01",-16.664,-7.032,-18.3,8.857,18.384,18.419,21.965,26.929,26.257,27.363,26.893,29.945,NA,20.568,25.841,11.731,3.23,11.191,3.785,15.341,21.614,29.8,30.81,26.54,29.435,23.141,28.893,29.079,-23.248,NA,NA,-6.205,7.679,NA,NA,15.9,21.861,27.578,28.99,30.073,24.545,26.792,18.761,19.526,0.623,-0.256,-26.494,20.372,30.218,23.011,19.024,29.802,22.77,27.841,27.716,30.051,26.939,7.008,18.84
"2058-02",-17.069,-6.749,-21.016,9.211,16.486,16.996,21.466,26.258,25.639,27.439,26.581,30.234,NA,20.894,27.197,12.254,2.855,10.566,7.516,14.759,20.754,29.531,31.766,26.59,29.852,23.836,29.155,29.847,-21.289,NA,NA,-9.134,10.265,NA,NA,14.478,21.883,27.62,28.811,30.47,25.534,27.936,19.53,20.083,0.972,-0.029,-22.538,19.839,29.967,23.782,18.454,30.191,24.014,27.519,27.791,30.11,27.656,7.688,19.08
"2058-03",-13.725,-4.485,-14.602,9.969,18.565,16.958,21.97,26.442,25.659,27.304,26.599,30.59,NA,20.573,27.078,12.107,2.382,10.815,10.333,15.118,21.426,29.924,32.057,27.553,30.61,23.708,28.969,29.648,-21.456,NA,NA,-6.475,13.942,NA,NA,14.604,23.235,28.733,29.087,30.725,25.538,27.906,19.282,20.338,-0.785,-1.231,-23.84,19.716,29.791,23.636,18.423,30.463,23.958,28.132,28.985,30.576,27.672,7.488,19.085
"2058-04",-8.011,-0.378,-10.239,11.351,20.436,18.345,23.196,27.479,26.147,26.941,26.743,30.536,NA,19.338,25.849,10.773,3.387,11.418,13.042,16.237,21.786,29.809,32.208,29.072,31.443,23.239,28.12,28.797,-10.933,NA,NA,-2.565,16.287,NA,NA,15.963,26.951,30.584,29.78,30.556,26.002,26.652,18.19,19.182,-4.454,-4.989,-12.375,20.112,29.919,22.747,18.72,30.311,22.959,29.911,30.878,31.206,27.121,6.542,19.208
"2058-05",-2.269,2.64,-2.404,13.74,23.541,20.652,24.836,28.033,26.743,25.216,27.081,29.708,NA,17.098,24.047,9.095,5.187,13.505,19.248,18.002,21.988,29.408,31.394,30.677,30.809,22.021,27.08,27.838,-3.26,NA,NA,1.323,22.386,NA,NA,19.439,29.362,31.219,30.982,29.666,25.472,24.796,17.186,17.255,-10.747,-12.578,-3.354,21.295,29.921,21.473,19.516,29.735,21.348,30.872,31.801,31.59,26.026,5.191,19.168
"2058-06",0.421,4.813,0.666,16.242,27.97,23.885,26.913,28.284,27.621,22.678,27.539,28.564,NA,15.419,22.554,7.871,7.63,16.459,24.453,21.517,22.552,28.965,29.919,30.216,29.335,20.841,26.057,26.787,0.381,NA,NA,3.938,26.017,NA,NA,22.719,31.06,30.544,30.98,28.381,24.911,23.602,16.112,16.118,-15.93,-18.016,-0.57,22.991,29.075,20.151,20.978,28.665,19.881,30.395,30.724,30.831,24.566,3.793,18.896
"2058-07",2.171,7.385,2.777,16.838,30.848,26.035,28.52,28.48,28.353,22.484,28.279,27.707,NA,14.791,21.018,7.199,9.73,17.995,24.904,24.137,23.125,28.484,28.177,27.791,27.997,19.573,24.925,25.583,1.807,NA,NA,7.755,26.463,NA,NA,25.368,31.907,29.824,30.483,27.418,24.098,22.466,15.149,15.271,-20.504,-20.067,0.727,24.578,27.973,19.198,22.384,27.943,18.828,28.852,30.617,30.257,23.431,2.574,18.667
"2058-08",2.883,7.407,3.815,17.243,31.368,27.22,28.761,28.703,28.793,22.56,29.009,27.031,NA,14.664,20.099,6.793,9.391,19.918,23.358,24.415,24.658,28.525,27.204,26.525,26.904,18.753,24.114,24.802,2.271,NA,NA,10.095,25.679,NA,NA,27.036,31.99,28.901,29.94,27.1,23.219,21.764,14.377,14.574,-18.848,-19.108,1.334,25.315,27.537,18.661,23.584,27.366,18.164,27.598,29.817,29.664,22.913,2.345,18.632
"2058-09",1.932,6.205,3.182,16.071,30.425,26.509,28.827,28.9,28.975,23.258,29.07,27.011,NA,15.272,20.143,6.593,8.451,18.38,16.794,23.596,25.406,28.641,27.395,27.584,27.174,18.873,24.335,24.886,1.788,NA,NA,9.102,20.147,NA,NA,26.184,31.188,29.635,30.009,27.414,23.004,21.761,14.123,14.292,-17.641,-14.744,0.758,25.2,27.471,18.514,23.46,27.419,18.045,27.95,30.007,29.722,22.748,2.145,18.531
"2058-10",-0.239,4.707,1.381,13.323,28.227,24.758,27.774,28.756,28.553,23.637,28.831,27.326,NA,16.068,20.387,6.863,7.035,16.418,10.691,21.477,25.639,29.203,28.243,29.188,28.509,19.415,25.302,25.772,0.426,NA,NA,6.378,15.594,NA,NA,22.952,29.575,30.352,30.137,28.167,23.201,22.42,14.394,14.668,-13.237,-14.487,-0.595,24.253,27.767,18.923,22.551,27.886,18.582,29.553,30.546,30.276,23.164,2.965,18.562
"2058-11",-4.302,2.298,-1.683,11.785,23.927,22.496,25.851,27.91,27.716,23.05,28.344,28.134,NA,16.921,22.473,7.918,5.567,13.747,7.637,19.134,24.739,29.628,28.837,28.803,30.061,21.041,26.839,27.441,-6.778,NA,NA,3.486,11.909,NA,NA,20.493,26.699,29.402,29.976,29.336,23.537,23.798,15.593,15.851,-5.134,-6.672,-8.089,22.974,28.145,19.833,21.204,28.429,19.861,29.49,29.822,30.631,24.448,4.252,18.661
"2058-12",-10.708,-0.014,-5.953,11.337,18.32,18.976,23.426,26.389,26.677,24.333,27.544,28.897,NA,18.333,24.037,9.639,3.933,11.534,5.92,16.831,22.716,29.707,29.627,27.192,30.162,22.46,27.9,28.395,-16.041,NA,NA,0.233,9.416,NA,NA,17.267,23.334,28.162,29.265,30.642,25.04,25.788,17.04,17.744,-1.341,-1.535,-16.785,21.668,28.52,21.36,19.972,29.154,21.379,28.367,28.457,30.329,25.731,5.806,18.73
"2059-01",-12.903,-6.295,-15.49,11.056,17.556,17.49,22.448,25.928,25.937,26.298,26.853,29.712,NA,19.866,25.481,11.063,2.828,10.859,4.786,15.725,21.493,29.612,30.362,25.771,28.736,23.306,28.147,28.863,-23.957,NA,NA,-4.838,8.669,NA,NA,14.853,21.07,27.345,28.729,31.051,27.06,26.895,18.768,19.832,1.315,-0.313,-22.033,20.502,28.615,22.862,19.122,29.7,22.727,27.533,27.536,29.737,27.127,7.302,18.845
"2059-02",-17.872,-5.819,-22.531,10.323,17.35,16.897,21.79,25.789,25.49,26.403,26.604,30.289,NA,20.322,26.333,12.276,2.549,10.592,6.531,15.134,21.145,29.948,31.049,25.816,28.929,23.919,28.434,29.611,-23.865,NA,NA,-6.635,10.129,NA,NA,13.927,21.386,27.407,28.435,30.934,28.259,27.089,19.276,21.031,1.371,-0.18,-24.91,19.86,28.651,23.467,18.601,30.005,23.731,27.37,27.338,29.7,27.782,7.939,18.871
"2059-03",-13.183,-5.562,-15.765,9.998,18.827,17.667,22.582,26.701,25.627,26.119,26.512,30.273,NA,20.084,26.121,11.461,2.458,10.265,5.511,14.794,21.75,29.921,31.56,26.562,29.636,23.821,28.332,28.98,-19.453,NA,NA,-5.469,9.518,NA,NA,14.194,22.014,28.07,28.882,30.903,27.882,26.826,19.356,20.445,-0.786,-2.193,-21.945,19.813,28.978,23.588,18.529,30.241,23.715,27.59,28.122,30.153,27.572,7.66,19.024
"2059-04",-8.292,-2.351,-9.672,10.179,20.247,18.751,23.201,27.127,26.001,25.737,26.654,29.895,NA,18.923,25.341,10.401,3.499,11.335,10.784,15.818,21.984,29.495,31.942,28.353,30.638,23.042,27.336,28.101,-9.268,NA,NA,-1.8,14.704,NA,NA,16.061,25.206,29.766,30.061,30.373,27.423,26.035,18.622,19.127,-5.405,-6.993,-10.876,20.21,29.417,22.781,18.756,29.926,22.61,28.92,30.502,31.106,26.969,6.641,19.147
"2059-05",-2.597,1.725,-2.709,12.606,23.805,20.836,25.3,27.758,26.692,25.941,26.966,29.221,NA,17.293,23.602,8.805,5.083,13.057,17.456,17.839,22.963,29.313,31.26,30.268,30.129,21.675,26.401,27.279,-2.807,NA,NA,1.162,20.572,NA,NA,18.716,28.558,30.709,30.942,29.067,26.693,24.565,17.345,17.162,-12.936,-11.52,-3.438,21.322,29.907,21.487,19.617,29.496,21.224,30.065,31.279,31.156,25.749,5.307,19.1
"2059-06",0.564,4.214,0.674,15.139,28.144,24.356,27.183,28.56,27.844,25.665,27.804,28.182,NA,15.863,21.714,7.705,6.832,16.094,23.073,21.487,23.076,29.251,29.553,29.612,29.153,20.216,25.71,26.475,0.478,NA,NA,4.999,25.34,NA,NA,22.213,30.672,30.796,30.75,27.931,25.981,23.364,16.205,16.097,-17.19,-17.327,-0.59,22.794,29.758,20.187,21.119,28.67,19.815,29.923,30.797,30.729,24.544,3.61,18.887
"2059-07",2.357,6.776,2.728,17.105,31.29,26.432,28.772,28.941,28.507,25.61,28.382,27.378,NA,15.422,19.709,6.766,8.289,19.209,25.849,24.696,23.625,28.783,27.464,27.235,27.777,19.135,24.638,25.445,2.345,NA,NA,8.03,27.428,NA,NA,24.684,31.374,29.093,29.969,26.824,25.017,22.319,15.439,15.194,-20.471,-19.579,-0.071,24.32,29.664,19.199,22.676,27.826,18.684,28.457,30.169,30.174,23.554,2.502,18.741
"2059-08",2.984,6.549,3.94,16.889,31.393,26.901,29.795,29.081,28.745,25.583,28.985,27.175,NA,15.027,19.321,6.366,9.449,20.756,22.194,26.198,24.827,28.675,27.022,27.478,27.224,18.469,24.355,24.831,3.089,NA,NA,9.742,24.776,NA,NA,26.089,32.592,29.26,29.817,26.599,24.419,21.847,14.826,14.915,-20.315,-19.043,0.601,25.113,29.545,18.517,23.711,27.353,18.096,28.137,30.35,29.874,22.946,1.976,18.704
"2059-09",1.23,6.015,2.957,16.648,29.725,26.05,29.388,29.214,28.891,25.485,29.156,27.413,NA,15.292,19.302,6.296,8.279,18.923,18.694,23.631,24.811,28.998,27.347,28.484,27.633,18.525,24.845,25.123,2.198,NA,NA,9.233,21.93,NA,NA,25.703,30.651,30.011,29.593,27.03,23.975,21.991,14.642,14.798,-17.708,-15.545,0.059,25.29,29.711,18.381,23.492,27.672,17.982,28.797,30.626,30.024,22.933,2.347,18.756
"2059-10",-1.084,3.192,0.979,14.23,27.789,24.902,28.242,29.249,28.581,26.347,28.987,27.79,NA,16.383,19.262,6.656,7.181,16.542,12.628,21.167,24.408,29.358,27.769,29.75,28.863,18.947,25.641,25.956,0.324,NA,NA,5.892,15.877,NA,NA,23.454,29.187,30.525,29.768,27.789,23.844,22.677,15.096,15.298,-13.218,-13.438,-2.536,24.487,30.268,18.787,22.464,27.955,18.199,30.216,30.384,30.507,23.625,2.905,18.764
"2059-11",-5.229,-0.12,-2.009,12.183,23.806,22.275,26.195,28.748,28.051,26.663,28.758,28.548,NA,17.854,20.724,8.321,5.671,13.818,7.43,19.037,23.69,29.535,28.374,29.378,30.239,20.418,27.126,27.295,-7.014,NA,NA,2.886,10.968,NA,NA,20.547,26.672,29.909,30.238,29.346,23.968,23.919,16.326,16.664,-5.916,-5.764,-11.093,23.104,30.949,19.974,21.144,28.486,19.35,29.81,29.873,30.932,24.622,4.308,18.901
"2059-12",-8.874,-4.776,-8.105,9.568,21.428,20.808,24.48,28.335,27.232,27.846,28.126,29.301,NA,19.942,23.345,10.688,4.644,11.985,3.754,16.962,22.261,29.641,29.545,27.16,30.69,22.151,28.363,28.739,-14.323,NA,NA,0.076,7.871,NA,NA,17.342,22.956,28.716,29.658,30.45,24.456,25.668,17.714,18.337,-1.481,-1.871,-16.188,21.68,31.065,21.569,20.06,29.344,21.208,28.585,28.956,30.658,25.999,5.776,19.085
"2060-01",-16.111,-7.149,-19.503,9.716,17.058,18.423,23.111,27.33,26.445,28.176,27.865,30.088,NA,21.437,24.896,11.978,3.516,10.853,-2.529,15.448,20.963,29.615,31.241,26.044,29.788,23.42,29.293,29.61,-20.101,NA,NA,-5.625,2.995,NA,NA,14.982,20.148,28.114,29.325,31.336,25.379,26.94,18.903,20.214,0.768,-0.21,-21.689,20.478,30.434,23.112,19.263,30.093,22.713,27.726,28.344,30.241,27.424,7.183,19.116
"2060-02",-15.403,-9.03,-21.368,10.302,17.139,17.365,22.691,26.585,26.063,27.767,27.436,30.29,NA,22.158,26.249,12.445,2.998,10.634,6.363,15.006,20.099,29.377,31.916,26.019,29.894,24.43,29.799,30.511,-25.709,NA,NA,-9.655,8.9,NA,NA,13.502,20.095,28.152,29.163,31.221,26.43,28.13,19.465,20.72,0.763,0.399,-24.646,19.873,29.857,23.909,18.742,30.381,23.851,27.589,28.313,30.318,28.15,7.906,19.145
"2060-03",-16.596,-4.913,-17.707,10.889,17.668,17.806,22.85,27.15,26.064,27.915,27.363,30.867,NA,21.513,25.822,11.733,2.628,10.726,8.252,15.133,20.85,29.551,32.487,26.941,30.622,24.231,29.531,29.925,-16.251,NA,NA,-5.804,11.293,NA,NA,13.379,22.175,28.886,29.619,31.42,26.792,27.33,19.606,20.164,-0.884,-1.315,-20.59,19.771,29.603,23.582,18.619,30.701,23.722,27.996,29.488,30.73,27.995,7.59,19.201
"2060-04",-10.023,-1.432,-7.557,11.344,21.563,19.876,23.975,28.053,26.524,27.294,27.395,30.558,NA,20.279,25.243,11.036,3.446,12.367,12.818,17.399,22.365,29.946,32.849,28.178,31.364,23.651,28.798,29.224,-9.863,NA,NA,-2.32,15.97,NA,NA,14.779,25.896,30.051,30.768,31.124,26.564,26.448,18.564,18.96,-4.447,-7.496,-13.738,20.165,29.899,22.784,19.024,30.735,22.869,28.783,31.456,31.499,27.167,6.665,19.293
"2060-05",-2.417,1.626,-1.992,12.866,26.086,22.614,25.884,28.756,27.261,26.092,27.578,29.619,NA,18.497,23.188,9.546,5.345,16.051,16.939,20.026,22.245,29.279,32.042,30.354,30.812,21.967,27.198,27.971,-2.859,NA,NA,1.033,20.01,NA,NA,18.104,29.346,30.898,31.442,30.092,26.432,24.964,17.456,17.571,-10.88,-12.713,-4.517,21.31,29.785,21.517,19.948,29.647,21.067,30.136,31.85,31.434,26.063,5.343,19.224
"2060-06",0.72,4.383,1.324,14.801,30.36,25.059,27.936,29.162,28.241,24.213,27.966,28.502,NA,16.67,21.457,8.329,7.305,18.206,23.307,22.951,22.762,29.03,30.067,29.784,29.443,20.245,25.93,26.79,0.931,NA,NA,3.789,25.304,NA,NA,22.108,30.972,30.53,31.53,28.772,25.781,23.686,16.457,16.468,-17.215,-16.653,-0.502,22.966,29.504,20.28,21.367,28.799,19.588,29.984,31.343,30.955,24.758,3.85,19.043
"2060-07",2.321,6.284,4.091,16.857,31.614,26.799,29.365,28.82,28.624,23.83,28.449,27.417,NA,15.891,20.024,7.465,9.138,20.829,24.55,25.754,23.331,28.804,28.475,27.118,27.686,19.434,24.788,25.619,2.967,NA,NA,8.095,26.095,NA,NA,25.224,32.069,30.139,30.8,27.565,24.72,22.575,15.399,15.436,-19.629,-17.571,0.364,24.512,28.876,19.296,22.857,27.955,18.598,28.554,31.06,30.187,23.721,2.624,18.865
"2060-08",2.688,6.857,4.315,16.79,31.567,27.595,29.694,28.936,28.943,23.297,28.928,26.872,NA,15.264,19.412,6.905,9.736,21.843,23.236,26.695,24.266,28.499,27.908,27.1,27.232,18.787,24.322,25.085,3.01,NA,NA,10.285,25.176,NA,NA,26.118,31.952,29.577,30.102,26.935,23.975,21.935,14.727,14.815,-19.286,-17.908,0.931,25.369,28.422,18.701,23.881,27.562,17.966,28.062,30.478,29.893,23.129,2.369,18.8
"2060-09",1.627,6.338,3.446,16.029,31.018,26.841,29.145,29.214,29.077,24.096,29.173,26.895,NA,15.711,19.538,6.918,8.66,19.343,16.816,24.624,25.314,29.122,28.052,27.881,27.399,18.598,24.428,25.025,2.285,NA,NA,8.965,19.881,NA,NA,25.433,30.824,29.187,30.217,27.525,23.321,22.229,14.364,14.765,-15.064,-19.611,0.47,25.215,28.3,18.657,23.882,27.617,17.812,28.147,29.868,29.919,22.988,2.341,18.717
"2060-10",-0.697,4.344,1.752,13.794,28.484,25.225,28.13,29.077,28.859,24.095,28.875,27.115,NA,16.779,20.032,7.702,7.209,17.093,11.291,22.332,25.506,29.287,28.376,28.713,28.751,19.298,25.453,26.1,0.702,NA,NA,6.651,14.016,NA,NA,23.613,28.177,30.143,30.544,28.424,23.015,23.037,14.664,15.385,-12.861,-15.238,-2.065,24.483,28.434,19.118,22.756,27.981,18.188,29.3,30.379,30.596,23.398,3.104,18.747
"2060-11",-4.097,0.409,-1.488,11.673,23.643,22.813,26.114,28.383,28.297,24.189,28.603,28.055,NA,18.057,21.468,9.105,5.932,13.893,5.997,19.308,23.647,29.551,28.868,27.988,30.478,20.135,26.854,27.802,-6.646,NA,NA,2.906,9.457,NA,NA,20.222,25.337,29.53,30.238,29.602,23.605,23.921,15.782,16.299,-5.664,-7.938,-10.213,23.161,28.787,20.205,21.464,28.416,19.418,28.883,29.928,30.813,24.436,4.205,18.756
"2060-12",-10.758,-3.004,-8.13,9.068,23.104,20.708,24.601,27.539,27.471,25.17,27.849,28.995,NA,19.703,24.116,10.622,4.431,11.542,1.256,16.372,21.85,29.6,29.293,27.211,30.779,21.809,28.374,29.239,-13.811,NA,NA,-1.034,7.016,NA,NA,17.245,22.764,28.188,29.503,30.544,24.434,25.449,17.036,17.754,-1.48,-2.043,-19.6,21.652,29.068,21.819,20.362,28.988,21.438,28.243,28.66,30.566,25.857,5.689,18.836
"2061-01",-13.85,-8.603,-20.936,7.845,20.476,19.487,23.226,27.079,26.62,26.144,27.362,29.578,NA,20.649,25.821,11.496,3.705,10.271,-2.351,15.024,20.42,29.129,30.891,26.081,28.946,23.208,28.766,29.193,-18.203,NA,NA,-2.748,4.145,NA,NA,15.032,20.962,27.518,29.239,30.984,26.208,26.648,18.862,20.07,0.501,-0.289,-20.973,20.609,29.169,23.233,19.307,29.654,23.006,27.239,28.134,30.058,27.154,6.979,19.012
"2061-02",-14.243,-6.437,-19.013,8.282,18.777,17.972,22.273,26.641,26.078,26.515,27.169,30.047,NA,20.964,25.935,11.741,2.457,9.422,-1.238,14.222,20.39,29.458,31.081,25.914,29.019,23.61,28.508,29.592,-20.431,NA,NA,-7.419,4.671,NA,NA,13.958,21.171,27.609,29.283,31.047,26.835,27.317,19.759,21.278,0.891,0.247,-22.447,19.92,29.215,23.947,18.784,29.933,23.837,27.089,28.432,30.341,27.876,7.655,19.137
"2061-03",-12.438,-4.698,-15.503,8.929,19.667,18.09,22.425,26.691,26.049,26.557,27.008,30.364,NA,20.87,25.231,11.703,2.562,10.077,4.743,14.291,20.966,29.76,31.714,26.558,30.034,23.76,28.792,29.993,-18.229,NA,NA,-6.704,9.675,NA,NA,13.97,22.042,28.767,29.732,31.307,27.52,27.395,19.532,20.74,-0.649,-0.83,-17.673,19.778,29.283,23.846,18.675,30.184,23.697,27.74,29.428,30.658,27.92,7.414,19.236
"2061-04",-8.434,-3.832,-7.975,9.396,22.905,20.062,24.173,27.921,26.691,26.022,27.255,29.828,NA,19.674,24.242,10.488,3.622,11.432,9.721,15.084,20.588,29.071,32.104,28.935,31.333,23.289,28.513,29.323,-13.125,NA,NA,-1.563,14.55,NA,NA,15.583,25.661,30.706,30.634,30.887,26.913,26.459,18.451,19.224,-4.517,-5.293,-16.009,20.142,29.516,22.88,18.822,29.834,22.703,29.841,31.46,31.602,27.376,6.599,19.162
"2061-05",-2.815,0.933,-1.667,11.502,25.582,22.24,26.054,28.535,27.339,24.792,27.421,29.233,NA,17.901,22.71,9.34,4.937,14.613,17.093,18.615,21.323,28.642,31.311,30.171,30.019,21.916,27.127,27.868,-3.204,NA,NA,1.213,20.215,NA,NA,18.7,29.199,31.007,31.256,29.878,25.865,24.669,17.052,17.528,-10.888,-10.856,-4.266,21.305,29.948,21.623,19.75,29.315,21.133,30.66,31.65,31.598,25.965,5.305,19.207
"2061-06",0.394,4.311,1.123,14.46,29.041,25.162,27.326,28.467,27.998,23.361,27.735,28.327,NA,16.04,21.302,8.073,7.211,17.042,20.284,22.278,21.974,28.58,30.009,28.999,28.791,20.362,25.683,26.787,0.509,NA,NA,4.225,23.641,NA,NA,21.69,31.062,31.521,31.44,28.703,25.323,23.069,15.829,16.106,-14.942,-16.742,-0.564,22.906,29.614,20.415,21.131,28.63,19.639,29.631,31.622,30.838,24.561,3.936,19.018
"2061-07",2.263,6.039,4.076,16.466,30.994,27.047,28.48,28.699,28.518,23.667,28.073,27.452,NA,15.559,20.084,7.221,9.426,19.064,26.591,24.799,22.541,28.441,28.52,27.283,27.59,19.232,24.933,25.968,2.055,NA,NA,7.48,27.69,NA,NA,24.476,30.947,28.994,30.77,27.812,24.238,21.993,14.767,14.973,-17.835,-17.937,-0.049,24.37,29.195,19.463,22.688,27.901,18.704,27.954,29.619,29.747,23.477,2.647,18.823
"2061-08",3.065,6.965,4.932,16.587,32.08,27.64,29.326,28.87,28.907,22.899,28.78,27.079,NA,14.648,19.324,6.717,9.112,19.321,21.665,25.451,23.835,28.405,27.63,27.169,27.159,18.568,24.635,25.483,2.667,NA,NA,9.394,24.495,NA,NA,26.141,32.289,29.313,30.43,27.086,23.711,21.364,14.223,14.382,-17.777,-19.18,0.715,25.24,28.567,18.859,23.679,27.353,18.121,27.601,29.89,29.568,22.857,2.289,18.751
"2061-09",1.978,5.899,3.761,16.368,30.916,26.191,29.27,29.154,29.003,23.261,29.001,27.271,NA,14.84,19.341,6.499,8.292,17.502,19.499,23.569,24.582,28.8,27.777,28.204,27.237,18.691,24.979,25.369,1.905,NA,NA,9.119,22.075,NA,NA,25.646,30.963,29.599,30.03,27.457,22.986,21.579,14.004,14.335,-16.917,-18.641,0.385,25.238,28.575,18.715,23.557,27.55,18.006,28.087,30.173,29.531,22.653,2.31,18.656
"2061-10",-0.267,3.793,1.961,13.633,28.519,24.363,28.009,29.104,28.76,23.511,29.003,27.736,NA,15.834,20.343,7.327,7.297,15.768,13.217,20.89,24.194,29.098,28.263,29.5,28.426,19.248,26.019,26.321,-0.141,NA,NA,6.728,16.728,NA,NA,23.344,29.584,30.719,30.478,28.656,22.576,22.515,14.234,15.138,-12.018,-13.498,-1.843,24.534,28.857,19.028,22.618,28.12,18.475,29.967,30.772,30.258,23.2,3.231,18.782
"2061-11",-4.136,0.503,-2.078,11.014,23.457,22.105,25.649,28.268,27.985,24.241,28.419,28.532,NA,17.583,21.492,8.943,6.233,13.303,2.354,18.439,22.606,29.363,29.138,28.747,30.191,20.71,27.044,27.626,-8.259,NA,NA,2.877,9.121,NA,NA,20.897,26.351,30.606,30.249,29.814,23.465,23.996,15.248,16.733,-5.328,-5.555,-10.236,23.053,29.255,20.039,21.051,28.726,19.482,29.863,30.881,30.697,24.525,4.493,18.793
"2061-12",-11.102,-4.653,-7.283,10.083,20.248,19.427,23.664,27.439,27.094,24.924,27.705,29.449,NA,18.615,24.275,10.206,4.114,11.777,4.459,16.017,21.674,29.296,29.912,27.748,30.497,21.804,28.22,29.182,-15.307,NA,NA,-1.197,8.628,NA,NA,17.777,23.415,29.203,29.679,30.41,24.002,26.016,16.977,18.331,-1.076,-1.377,-15.702,21.537,29.487,21.575,19.992,29.266,21.326,28.949,29.638,30.492,25.92,5.917,18.899
"2062-01",-13.161,-5.425,-14.348,10.455,17.283,17.505,22.633,26.233,26.25,26.223,27.096,29.871,NA,19.506,25.813,10.832,2.534,10.152,4.254,14.681,20.847,29.517,30.332,26.708,29.252,22.999,28.587,29.704,-22.031,NA,NA,-6.629,9.47,NA,NA,15.246,22.157,27.654,28.471,30.404,25.343,27.608,18.526,20.433,1.008,0.779,-21.045,20.393,29.614,22.985,19.262,29.567,23.162,27.935,28.043,30.082,27.193,7.338,19.015
"2062-02",-17.027,-7.942,-19.263,10.288,18.171,17.181,22.4,26.374,25.865,27.135,26.785,30.154,NA,20.608,26.3,11.564,0.777,10.004,7.521,14.475,21.217,29.44,31.067,26.607,29.201,23.944,28.867,30.029,-26.002,NA,NA,-7.297,11.557,NA,NA,14.517,22.548,28.002,28.215,30.573,26.771,28.049,19.271,20.922,1.033,0.743,-25.957,19.734,29.545,23.91,18.739,29.997,23.888,27.997,27.593,29.85,27.758,7.969,19.008
"2062-03",-16.165,-6.741,-18.929,9.973,18.916,17.552,22.348,27.303,26.13,27.502,26.741,30.4,NA,19.93,25.979,10.892,2.336,10.422,10.16,14.781,21.603,29.757,31.893,27.953,30.692,23.926,29.51,30.129,-20.882,NA,NA,-5.126,13.926,NA,NA,15.038,24.095,28.866,28.76,30.97,27.324,27.909,19.036,20.25,-0.381,-1.034,-24.04,19.603,29.844,23.794,18.52,30.201,23.589,29.182,28.145,30.145,27.67,7.783,19.079
"2062-04",-10.446,-1.683,-8.23,10.531,21.094,18.629,23.369,28.306,26.563,27.093,26.838,30.475,NA,18.601,25.12,9.773,2.646,10.87,13.723,15.716,22.126,29.906,32.071,29.79,31.397,23.083,28.836,29.61,-10.474,NA,NA,-1.647,17.585,NA,NA,16.527,26.441,30.327,29.81,30.885,27.59,26.536,18.343,18.894,-4.189,-5.681,-14.258,19.968,30.226,22.819,18.911,30.235,22.56,30.665,30.209,30.878,27.246,6.828,19.23
"2062-05",-2.774,1.355,-1.955,12.55,24.578,21.614,25.43,28.605,27.125,26.03,27.346,29.445,NA,16.755,23.599,8.633,4.564,13.527,17.062,18.052,22.244,29.753,31.16,31.151,30.472,21.513,27.478,28.34,-3.174,NA,NA,1.301,20.636,NA,NA,19.867,29.65,31.086,31.06,29.924,26.606,25.173,17.034,17.479,-10.287,-10.993,-5.406,21.057,30.183,21.454,19.773,29.554,21.039,31.602,31.701,31.506,26.111,5.509,19.197
"2062-06",0.358,4.127,1.154,14.861,28.944,24.538,27.209,28.805,27.875,24.751,27.923,28.415,NA,15.534,22.069,7.706,6.528,16.592,22.365,21.974,22.557,29.488,29.328,29.398,28.722,20.044,26.075,26.831,0.627,NA,NA,4.874,25.073,NA,NA,23.299,31.602,30.639,31.132,28.665,25.261,23.747,15.839,16.128,-14.259,-16.876,-0.648,22.732,29.652,20.205,21.333,28.596,19.697,30.269,31.362,30.918,24.753,4.153,19.04
"2062-07",2.225,5.672,3.775,16.565,30.962,26.421,28.34,29.034,28.612,23.9,28.658,27.633,NA,15.024,20.273,7.072,8.488,19.786,24.303,25.197,23.076,28.89,28.048,27.89,27.844,19.113,24.923,25.895,1.654,NA,NA,8.938,26.333,NA,NA,25.847,31.831,29.575,30.503,27.367,24.128,22.506,14.898,15.155,-16.544,-20.514,-0.272,24.312,28.881,19.296,22.737,27.939,18.745,28.911,30.045,30.194,23.612,3.118,18.863
"2062-08",2.918,6.563,3.865,17.023,31.667,27.059,29.135,29.292,29.012,23.487,28.977,27.149,NA,14.59,19.362,6.539,8.833,20.689,21.868,25.952,23.712,28.479,27.273,27.555,27.448,18.537,24.741,25.35,2.448,NA,NA,11.251,25.011,NA,NA,26.894,32.444,29.47,29.835,26.64,23.429,21.803,14.259,14.508,-18.584,-19.963,0.086,24.972,28.556,18.77,23.838,27.342,18,28.346,30.101,29.788,22.876,2.763,18.749
"2062-09",1.752,5.64,2.888,16.493,30.731,26.354,29.483,29.177,28.98,23.233,29.258,27.171,NA,14.872,19.688,6.527,7.694,18.689,16.718,23.172,25.171,28.855,27.785,27.808,27.496,18.643,25.018,25.458,1.728,NA,NA,9.511,19.992,NA,NA,26.58,32.072,30.048,30.035,27.009,23.051,21.76,14.042,14.342,-16.274,-17.399,-0.329,25.169,28.334,18.609,23.861,27.573,17.883,28.51,30.444,29.768,22.703,2.625,18.69
"2062-10",-0.756,2.477,0.571,13.613,26.923,24.425,27.558,28.991,28.581,23.343,29.024,27.652,NA,15.624,21.005,6.918,6.358,15.253,10.557,20.243,25.213,29.24,28.544,29.097,28.298,19.614,26.176,26.212,-0.209,NA,NA,5.856,15.03,NA,NA,23.771,29.732,30.23,30.068,27.739,23.262,22.078,14.294,14.434,-10.345,-10.903,-4.398,24.398,28.515,18.964,22.774,28.083,18.475,29.769,30.542,30.261,23.247,3.457,18.698
"2062-11",-5.272,-2.27,-3.42,12.016,22.605,21.903,25.339,28.12,27.851,23.979,28.736,28.282,NA,17.087,22.638,8.091,5.336,12.908,8.099,17.837,23.899,29.646,28.934,29.056,29.785,20.534,26.84,27.149,-6.123,NA,NA,2.361,11.852,NA,NA,20.221,27.028,29.454,29.937,29.191,23.82,23.406,15.178,15.449,-5.464,-7.943,-12.465,22.95,28.819,20.13,21.452,28.437,19.747,30.051,29.517,30.605,24.137,4.377,18.625
"2062-12",-12.099,-4.523,-7.851,10.52,20.056,19.743,23.318,27.032,27.088,24.949,28.069,29.041,NA,18.763,25.059,9.958,2.953,11.583,6.727,16.089,22.488,29.56,29.282,27.55,30.509,22.174,28.137,28.423,-17.876,NA,NA,-0.791,10.674,NA,NA,17.437,24.207,27.903,29.031,29.962,24.891,24.505,16.945,17.558,-1.417,-2.127,-21.231,21.483,29.112,21.576,20.29,29.013,21.617,28.596,27.821,30.267,25.579,5.944,18.682
"2063-01",-13.398,-8.853,-18.369,9.514,17.92,18.469,22.351,26.4,26.322,25.816,27.47,29.678,NA,19.819,26.419,10.776,1.18,10.159,1.596,14.99,21.465,29.541,30.429,26.424,29.623,23.722,29.35,29.648,-24.258,NA,NA,-5.704,6.842,NA,NA,15.616,21.967,27.011,28.463,30.449,26.613,26.246,18.613,19.305,0.62,-0.094,-25.012,20.398,29.204,22.992,19.368,29.781,23.538,27.792,26.573,29.666,26.926,7.405,18.858
"2063-02",-18.883,-7.396,-22.62,9.957,16.996,17.195,21.939,26.233,26.011,27.042,27.18,30.01,NA,20.571,27.004,11.407,1.486,9.407,0.279,14.152,20.513,29.049,31.282,26.615,29.96,24.726,29.602,30.001,-24.138,NA,NA,-9.143,6.308,NA,NA,14.634,21.699,27.274,28.512,30.763,26.759,26.874,19.592,20.203,0.948,0.143,-25.695,19.782,29.093,23.693,18.755,30.01,24.46,27.737,26.561,29.719,27.504,8.171,18.962
"2063-03",-13.889,-8.29,-12.103,10.516,18.119,17.168,22.307,26.577,25.955,26.674,27.037,30.464,NA,20.167,26.626,11.044,-0.201,9.448,5.653,14.322,21.054,29.255,32.088,27.095,30.29,24.441,28.992,29.83,-23.039,NA,NA,-6.012,11.736,NA,NA,14.765,23.398,28.35,29.296,30.942,27.059,26.864,19.449,20.318,-0.647,-1.467,-27.189,19.747,29.48,23.581,18.589,30.246,24.382,28.24,27.635,30.11,27.301,7.829,19.016
"2063-04",-9.166,-3.928,-7.22,11.51,21.918,18.674,23.983,28.007,26.689,26.826,27.104,30.517,NA,19.024,25.938,9.902,2.613,10.76,12.626,15.65,21.5,29.289,32.27,28.961,31.363,23.742,28.764,29.542,-11.53,NA,NA,-2.208,16.131,NA,NA,16.299,26.431,29.652,30.063,30.705,26.997,26.204,18.281,19.28,-4.693,-6.06,-15.679,20.122,30.044,22.649,18.831,30.372,23.325,29.931,29.35,30.954,26.913,6.875,19.208
"2063-05",-1.968,1.336,-1.488,13.478,25.426,21.261,25.714,29.008,27.522,25.746,27.342,30.004,NA,17.334,24.015,8.521,4.501,13.002,17.171,18.166,22.629,29.684,31.841,30.628,30.76,22.37,27.388,28.183,-2.773,NA,NA,1.216,20.462,NA,NA,19.228,28.932,30.426,30.88,29.362,26.166,24.674,17.094,17.634,-12.006,-11.169,-4.311,21.124,30.113,21.377,19.742,30.256,21.73,30.829,30.998,31.402,25.893,5.572,19.238
"2063-06",0.857,4.681,1.482,15.088,29.542,24.598,27.168,29.209,28.398,24.304,27.752,28.677,NA,15.884,21.917,7.425,6.482,16.736,20.71,22.918,23.131,29.564,29.904,30.189,29.334,20.346,25.987,26.824,0.686,NA,NA,4.156,23.434,NA,NA,22.466,31.214,30.457,30.908,28.033,25.384,23.38,16.017,16.424,-16.593,-15.374,-0.585,22.614,29.394,20.149,21.147,29.273,20.085,30.258,30.815,30.847,24.619,4.232,19.007
"2063-07",2.511,6.186,3.44,15.848,31.747,27.446,28.309,29.153,28.993,23.366,28.42,27.714,NA,14.862,20.569,6.279,8.05,19.539,23.849,25.813,23.753,29.029,28.63,27.911,28.197,19.426,25.056,26.03,2.024,NA,NA,7.183,25.842,NA,NA,24.84,31.576,29.667,30.209,26.939,24.177,22.344,15.074,15.368,-17.904,-17.645,-0.147,24.062,28.815,19.269,22.841,28.294,18.966,28.769,30.192,30.178,23.506,3.136,18.834
"2063-08",2.775,6.817,3.98,16.555,31.993,27.809,29.43,29.276,29.417,23.219,29.013,27.277,NA,14.633,19.831,6.006,8.828,20.68,20.83,25.842,24.463,28.671,27.755,27.381,27.512,18.774,24.648,25.284,2.462,NA,NA,10.028,23.97,NA,NA,26.918,31.89,29.633,29.664,26.653,23.448,21.883,14.389,14.692,-18.165,-17.065,0.597,24.96,28.117,18.738,23.887,27.756,18.182,28.386,30.035,29.775,22.801,2.616,18.737
"2063-09",1.879,5.742,3.438,16.238,31.007,26.559,28.923,29.421,29.531,23.406,29.206,27.222,NA,15.192,19.867,6.021,7.544,17.941,16.675,23.494,24.698,28.857,27.686,28.498,27.552,18.418,24.846,25.244,1.855,NA,NA,8.81,20.046,NA,NA,25.943,31.385,30.157,29.47,27.117,22.955,21.909,14.187,14.581,-14.935,-15.835,0.241,25.054,27.894,18.655,23.772,27.651,17.886,28.81,29.994,29.702,22.689,2.793,18.68
"2063-10",-0.045,4.15,1.741,14.768,28.113,24.606,27.648,29.02,29.149,23.487,29.041,27.693,NA,16.049,20.555,6.736,6.417,15.403,12.808,21.304,24.331,29.314,28.598,29.272,28.667,19.372,25.859,26.128,0.117,NA,NA,5.922,16.634,NA,NA,23.141,29.84,30.29,29.597,28.018,22.966,22.417,14.422,15.045,-11.935,-10.847,-1.809,24.266,28.25,18.994,22.738,28.227,18.314,29.665,29.752,30.096,23.188,3.226,18.661
"2063-11",-3.831,0.392,-2.544,11.757,23.454,22.398,25.756,28.367,28.379,24.053,28.46,28.206,NA,17.294,21.807,8.414,5.382,12.549,4.885,18.441,23.282,29.485,29.505,28.077,30.025,20.55,26.656,26.933,-7.349,NA,NA,2.741,8.868,NA,NA,20.768,26.467,29.743,29.969,29.578,23.522,24.021,15.396,16.465,-6.563,-5.961,-9.781,22.963,28.67,20.015,21.399,28.712,19.455,29.425,29.756,30.449,24.05,4.334,18.662
"2063-12",-10.578,-6.024,-10.966,9.059,21.924,20.804,24.371,27.697,27.449,24.704,27.563,28.887,NA,18.707,23.742,9.849,4.587,11.367,1.416,16.334,21.898,29.575,29.55,27.338,30.077,21.91,27.986,28.645,-18.458,NA,NA,-0.349,6.524,NA,NA,18.307,23.134,29.05,29.747,30.559,24.383,25.804,16.92,18.386,-1.435,-2.256,-20.182,21.691,28.919,21.504,19.955,28.962,21.138,28.697,29.69,30.451,25.588,5.751,18.678
"2064-01",-13.002,-10.342,-17.8,9.196,18.312,18.614,22.595,26.74,26.503,25.888,26.862,29.607,NA,20.104,25.587,11.47,2.499,10.195,1.635,14.891,21.235,29.547,30.31,26.639,29.412,23.182,28.596,29.032,-28.683,NA,NA,-5.218,8.101,NA,NA,15.869,21.663,28.126,29.529,31.296,25.954,26.84,18.222,19.583,0.763,0.313,-27.557,20.465,29.26,22.908,19.093,29.413,23.049,28.004,29.015,30.263,26.735,7.217,18.773
"2064-02",-15.954,-7.892,-23.272,9.147,17.548,17.274,22.057,26.16,25.963,27.004,26.585,30.125,NA,20.808,26.781,12.214,2.157,10.27,5.57,14.563,20.71,29.477,31.08,26.666,30.02,23.783,29.404,29.561,-22.837,NA,NA,-5.207,9.266,NA,NA,14.754,22.069,27.91,29.128,31.031,27.753,27.395,19.544,20.457,1.099,0.651,-22.502,19.906,29.185,23.696,18.567,29.901,24.007,28.184,28.163,30.269,27.148,7.968,19.061
"2064-03",-14.426,-7.743,-15.639,9.36,18.936,18.014,22.575,26.839,26.254,27.152,26.653,30.379,NA,19.97,26.123,10.745,1.365,10.459,8.708,15.113,20.802,29.055,31.692,27.057,29.972,23.56,28.827,29.539,-22.288,NA,NA,-5.659,12.99,NA,NA,14.663,23.668,28.886,29.744,31.021,27.428,27.02,18.998,20.246,-0.596,-0.529,-23.862,19.79,29.37,23.602,18.41,30.026,23.992,28.384,29.523,30.977,27.429,7.631,19.054
"2064-04",-7.546,-3.276,-9.351,9.628,21.576,19.58,23.436,27.72,26.537,26.071,26.642,30.126,NA,18.574,24.874,10.053,3.483,11.694,8.789,16.046,21.391,28.694,31.856,29.054,31.472,22.692,28.179,29.164,-11.166,NA,NA,-2.202,13.282,NA,NA,16.095,26.215,30.336,30.662,30.638,27.733,26.038,18.26,19.008,-4.125,-4.281,-13.585,20.251,29.758,22.779,18.663,30.01,23.006,29.713,31.33,31.752,26.941,6.703,19.237
"2064-05",-2.514,0.861,-2.256,11.823,26.119,22.199,25.633,28.615,27.196,25.269,26.908,29.123,NA,17.365,23.319,8.543,4.847,14.287,18.547,19.03,22.038,28.626,31.466,30.452,30.481,21.887,27.008,27.834,-2.998,NA,NA,1.359,20.962,NA,NA,19.174,28.769,31.406,31.295,29.676,26.93,24.581,17.107,17.35,-10.042,-10.479,-4.131,21.386,29.983,21.61,19.537,29.368,21.402,30.643,31.826,31.557,25.89,5.493,19.259
"2064-06",0.599,2.871,1.066,14.351,29.973,25.138,27.64,28.681,28.08,24.924,27.505,28.312,NA,16.282,22.281,7.573,6.605,17.57,22.917,21.911,23.662,28.781,30.294,29.581,29.076,20.449,25.732,26.73,0.436,NA,NA,4.659,25.614,NA,NA,22.556,30.462,30.773,31.241,28.404,25.425,23.168,15.721,16.166,-15.832,-16.394,-0.774,22.983,29.897,20.307,21.433,28.903,19.839,30.194,30.809,30.982,24.691,4.117,19.109
"2064-07",2.705,5.026,3.14,15.203,31.988,27.093,29.084,28.883,28.866,23.682,28.224,27.415,NA,14.975,20.924,6.739,7.843,19.436,25.904,24.806,24.098,28.562,28.544,27.833,27.811,19.056,24.999,25.936,1.351,NA,NA,8.735,27.729,NA,NA,25.296,32.194,30.623,30.673,27.38,24.409,22.296,14.714,15.223,-17.16,-17.468,-0.153,24.426,29.229,19.355,22.966,27.934,18.728,28.999,30.877,30.196,23.574,3.178,18.953
"2064-08",3.325,5.379,3.933,15.627,31.267,27.627,28.925,29.181,29.058,23.918,28.854,26.887,NA,14.897,20.459,6.345,8.924,20.712,21.96,25.881,24.314,28.571,27.818,27.667,27.273,18.524,24.546,25.258,1.569,NA,NA,9.775,25.032,NA,NA,26.239,32.248,30.027,30.334,26.989,23.482,21.842,13.992,14.759,-18.423,-19.739,0.214,25.177,28.7,18.787,23.781,27.592,18.126,28.533,30.276,29.716,22.911,2.594,18.789
"2064-09",2.027,4.805,3.086,15.457,31.299,26.835,29.036,29.342,29.315,23.894,29.114,26.888,NA,14.97,20.312,6.376,8.162,19.617,20.296,24.711,24.943,28.89,27.892,28.359,27.452,18.34,24.889,25.457,1.283,NA,NA,8.085,22.51,NA,NA,25.685,30.92,29.398,30.082,27.284,23.023,21.853,13.721,14.53,-16.25,-17.345,-0.062,25.287,28.747,18.644,23.783,27.711,18.056,28.512,29.586,29.622,22.835,2.76,18.778
"2064-10",-0.36,3.298,0.917,14.131,28.629,24.431,28.304,29.007,28.969,24.181,28.953,27.348,NA,15.833,20.765,7.258,6.82,16.752,12.238,21.859,24.848,29.097,28.333,29.537,28.542,19.159,26.4,26.691,0.076,NA,NA,5.43,16.112,NA,NA,23.42,29.84,30.411,30.414,28.043,22.84,22.459,14.074,14.996,-12.077,-12.918,-2.458,24.432,29.131,18.961,22.775,27.978,18.458,29.914,30.434,30.295,23.361,3.432,18.803
"2064-11",-4.718,-0.421,-2.363,12.703,22.26,21.97,25.82,28.101,28.186,24.344,28.317,27.967,NA,17.061,22.868,8.044,5.369,13.546,8.908,19.483,23.165,29.338,28.895,28.895,29.747,20.698,27.567,27.767,-6.944,NA,NA,2.61,12.11,NA,NA,20.633,26.628,29.586,30.023,29.137,23.795,23.695,15.762,16.247,-5.847,-5.36,-11.043,23.018,29.494,20.13,21.272,28.379,19.767,29.462,29.503,30.537,24.372,4.516,18.793
"2064-12",-11.636,-3.9,-7.225,11.67,18.194,19.378,23.211,26.777,27.085,25.599,27.481,28.633,NA,18.664,24.732,9.342,3.767,11.56,6.275,17.301,22.462,29.608,29.685,27.533,30.311,22.385,28.363,28.738,-18.16,NA,NA,-1.412,10.148,NA,NA,18.247,23.827,28.451,29.381,30.481,24.455,26.057,17.409,18.727,-1.057,-1.131,-18.416,21.603,29.888,21.703,20.059,28.895,21.648,28.734,28.43,30.095,25.78,5.926,18.888
"2065-01",-12.381,-4.55,-13,11.077,15.871,17.551,21.828,26.107,26.215,26.831,26.722,29.304,NA,20.288,26.314,11.024,2.905,10.291,-1.454,15.608,21.247,29.378,30.596,26.206,29.821,23.863,29.267,30.032,-19.393,NA,NA,-6.775,4.983,NA,NA,15.755,21.402,27.538,28.632,30.463,25.221,27.089,19.014,19.87,1.167,0.582,-19.116,20.539,29.785,23.092,19.167,29.418,23.52,27.9,27.42,30.063,27.236,7.498,19.189
"2065-02",-15.948,-6.674,-16.713,11.362,16.658,16.939,21.857,26.341,25.982,27.009,26.733,29.917,NA,20.466,26.686,11.589,1.221,9.629,4.687,14.778,20.924,29.243,31.364,26.135,29.271,23.849,29.148,30.127,-25.076,NA,NA,-7.462,9.55,NA,NA,14.389,21.138,27.719,28.684,30.365,25.589,27.703,19.742,20.981,1.257,0.529,-24.804,19.932,29.735,23.849,18.687,29.845,24.357,27.728,27.656,30.069,27.8,8.131,19.157
"2065-03",-14.33,-4.742,-15.04,11.222,17.388,17.058,22.047,26.742,26.079,27.241,26.756,30.269,NA,20.449,26.893,11.525,1.296,9.976,9.235,15.135,21.119,29.214,32.061,27.15,29.919,23.668,28.622,29.676,-22.564,NA,NA,-6.074,12.81,NA,NA,14.588,23.271,28.722,29.215,31.216,26.387,27.439,19.192,20.865,-0.916,-1.583,-23.856,19.932,30.142,23.759,18.611,30.028,24.159,28.136,28.977,30.701,27.915,7.795,19.22
"2065-04",-8.05,-1.899,-8.405,11.222,20.422,19.017,23.415,27.608,26.544,27.06,26.842,30.359,NA,19.786,25.617,10.659,2.984,11.097,8.709,16.156,21.531,29.183,32.307,28.724,31.573,23.24,28.607,29.629,-11.531,NA,NA,-1.598,13.428,NA,NA,15.88,25.756,29.99,30.217,30.979,26.704,26.209,18.254,19.422,-5.293,-7.134,-11.753,20.411,30.406,22.784,18.83,29.953,23.041,29.259,30.882,31.379,27.38,6.794,19.369
"2065-05",-2.95,2.344,-2.37,12.852,24.546,21.158,25.468,28.273,27.081,26.167,27.064,29.718,NA,17.916,23.76,9.119,4.495,13.849,15.283,18.177,22.903,29.151,31.515,30.752,31.346,21.761,27.734,28.663,-2.164,NA,NA,0.858,18.813,NA,NA,18.839,28.388,30.831,31.162,29.92,26.034,24.906,17.389,18.035,-12.041,-11.502,-2.839,21.45,30.325,21.492,19.745,29.502,21.437,30.406,31.786,31.779,26.235,5.446,19.323
"2065-06",0.544,4.752,1.36,15.127,28.775,24.339,27.561,28.719,28.105,24.503,27.84,28.694,NA,16.62,22.196,7.976,6.345,16.962,22.654,21.522,24.201,29.063,30.079,30.246,29.585,20.459,26.623,27.258,0.938,NA,NA,4.287,25.308,NA,NA,22.232,31.152,30.795,31.162,28.664,25.576,23.519,16.315,16.632,-15.752,-15.206,-0.462,22.897,29.83,20.234,21.657,28.853,20.06,30.468,31.443,31.06,24.865,4.175,19.167
"2065-07",2.299,6.841,3.627,16.601,30.882,26.78,28.879,28.79,28.854,23.419,28.668,27.821,NA,15.369,20.644,6.975,7.715,18.894,24.089,25.06,24.319,28.968,28.448,28.018,28.073,19.383,25.445,26.147,2.043,NA,NA,8.106,26.393,NA,NA,25.159,32.238,29.743,30.746,27.615,24.559,22.423,15.428,15.744,-17.895,-19.18,0.319,24.303,29.444,19.288,23.227,28.193,18.919,28.93,30.874,30.347,23.696,3.266,19.023
"2065-08",2.583,7.673,4.196,17.834,31.493,27.389,29.163,29.367,29.449,23.84,29.227,27.05,NA,15.238,19.869,6.466,8.241,19.372,22.625,25.402,25.347,28.582,27.388,28.115,27.623,18.713,24.928,25.48,2.469,NA,NA,9.898,24.782,NA,NA,26.601,31.94,29.364,30.228,27.156,23.965,21.788,14.561,14.998,-18.225,-18.731,0.959,25.179,29.354,18.751,24.105,27.436,18.037,28.555,30.154,30.037,23.031,2.718,18.935
"2065-09",1.85,6.179,3.447,16.861,30.389,26.845,29.219,29.49,29.585,24.549,29.377,27.195,NA,15.636,19.671,6.287,7.65,18.138,17.147,23.667,25.229,28.965,27.63,29.083,27.686,18.891,25.076,25.305,1.329,NA,NA,9.099,20.411,NA,NA,25.629,31.601,29.694,29.649,27.302,23.545,21.665,14.425,14.725,-16.327,-15.005,0.382,25.148,29.387,18.647,24.07,27.597,17.992,29.009,29.881,30.051,22.877,2.905,18.899
"2065-10",-0.073,4.545,1.274,15.57,26.24,24.228,27.761,29.185,29.177,24.323,28.875,27.716,NA,16.141,20.41,6.688,6.453,15.362,12.763,20.601,24.484,29.218,28.315,29.482,28.394,19.367,25.654,25.966,-0.918,NA,NA,6.222,16.752,NA,NA,23.207,30.186,30.008,30.119,28.124,23.691,22.79,14.918,15.324,-12.374,-13.376,-1.941,24.517,29.497,19.082,22.785,28.063,18.407,29.764,30.328,30.547,23.418,3.344,18.856
"2065-11",-4.714,2.29,-2.739,13.987,22.289,21.325,25.65,28.455,28.127,24.578,28.396,28.385,NA,17.594,21.783,8.209,4.752,13.112,9.891,18.328,23.563,29.808,29.318,28.992,29.988,20.665,27.179,27.692,-8.762,NA,NA,2.492,13.343,NA,NA,20.473,26.889,29.404,30.161,29.49,23.858,24.128,15.642,16.379,-6.217,-6.968,-8.737,23.176,29.844,20.244,21.322,28.853,19.459,29.831,29.786,30.816,24.513,4.39,18.88
"2065-12",-11.659,-2.44,-9.069,11.168,21.013,20.097,23.949,27.814,27.332,25.781,27.478,29.109,NA,19.166,23.483,10.062,3.985,11.359,0.492,16.245,22.343,29.837,29.82,27.821,30.736,22.165,28.578,29.352,-15.609,NA,NA,0.418,5.845,NA,NA,17.943,23.281,28.377,29.63,30.598,24.581,26.521,17.33,18.576,-1.068,-1.879,-18.579,21.732,30.262,21.792,20.127,29.402,21.197,28.849,29.054,30.741,26.309,5.807,19.01
"2066-01",-14.008,-7.699,-17.937,10.553,17.979,18.878,22.489,27.153,26.513,26.721,27.234,29.699,NA,20.423,25.69,11.517,2.285,10.272,4.737,15.195,21.172,29.285,31.031,26.851,29.86,23.965,29.912,30.65,-24.011,NA,NA,-3.249,9.087,NA,NA,15.437,21.948,27.712,29.03,30.469,25.34,27.507,18.668,20.123,1.632,-0.495,-22.911,20.541,30.369,23.153,19.241,29.882,23.134,28.01,28.32,30.31,27.585,7.281,19.143
"2066-02",-17.217,-7.365,-22.359,10.87,17.307,17.615,22.036,26.596,26.088,27.247,27.202,30.145,NA,20.709,26.921,11.742,2.469,9.881,-1.071,14.345,20.41,29.163,31.454,26.513,29.94,24.773,30.014,31.032,-19.953,NA,NA,-5.677,4.394,NA,NA,13.945,21.14,27.95,29.07,30.776,26.112,27.966,19.775,21.33,1.361,-0.023,-19.625,19.945,30.025,23.805,18.627,30.291,24.126,27.761,28.37,30.468,28.463,8.05,19.344
"2066-03",-15.347,-4.891,-15.856,11.403,17.587,17.628,22.352,27.066,26.076,27.092,27.074,30.596,NA,20.352,26.372,10.891,2.209,10.531,7.71,14.948,21.287,30.106,32.384,27.436,30.753,24.357,29.608,30.823,-16.747,NA,NA,-6.045,11.524,NA,NA,13.849,22.676,28.782,29.313,31.263,26.344,27.49,19.89,21.05,-0.79,-1.513,-21.189,19.809,29.805,23.671,18.56,30.58,23.929,28.231,29.318,31.002,28.255,7.72,19.288
"2066-04",-9.849,-2.613,-7.96,12.096,20.429,18.851,23.674,27.775,26.508,26.372,27.068,30.411,NA,19.139,24.739,9.764,2.537,11.246,13.505,16.145,21.657,29.881,32.473,28.614,31.376,23.225,28.812,29.725,-10.466,NA,NA,-1.883,16.766,NA,NA,15.353,25.508,29.911,30.444,31.32,26.218,26.601,19.189,19.587,-4.809,-6.315,-14.768,20.285,30.112,22.757,18.9,30.389,22.88,28.998,30.964,31.699,27.626,6.834,19.316
"2066-05",-2.35,2.478,-2.582,13.88,24.795,21.678,25.645,28.237,27.269,24.976,27.22,29.866,NA,17.58,23.102,8.516,4.555,12.896,17.126,18.129,23.053,29.701,31.337,30.5,30.666,21.495,27.249,28.116,-3.212,NA,NA,0.932,19.98,NA,NA,19.187,28.234,30.961,31.392,30.075,25.939,25.075,17.787,17.684,-11.058,-12.688,-3.713,21.321,30.034,21.586,19.711,29.915,21.257,30.214,31.985,31.67,26.439,5.568,19.304
"2066-06",0.762,5.11,0.727,16.371,29.003,24.799,27.336,28.804,28.25,23.401,27.773,28.756,NA,16.004,21.351,7.524,6.649,16.063,22,21.598,23.71,29.588,29.489,30.249,29.522,20.08,25.818,27.136,1.215,NA,NA,4.03,24.157,NA,NA,22.267,30.941,30.798,31.482,28.419,25.577,23.44,16.394,16.216,-15.459,-16.681,-0.393,22.851,29.494,20.293,21.203,29.249,19.881,30.435,30.753,31.268,25.217,4.302,19.138
"2066-07",2.184,8.313,4.151,17.362,31.486,26.716,28.268,29.118,28.921,23.316,28.458,27.664,NA,15.407,20.379,7.006,7.94,19.326,23.891,24.358,24.398,28.914,27.87,27.768,28.435,18.967,25.171,26.348,2.406,NA,NA,7.521,26.017,NA,NA,24.615,31.102,29.637,30.827,27.267,24.832,22.324,15.252,15.306,-18.418,-19.421,0.613,24.521,28.811,19.324,22.856,28.219,18.789,28.896,30.379,30.564,23.994,3.427,19.004
"2066-08",3.036,9.175,4.85,17.836,31.973,27.248,29.194,29.273,29.205,23.385,29.144,27.172,NA,15.211,20.103,6.629,8.008,19.622,22.025,25.283,25.822,28.627,27.236,27.473,27.617,18.541,24.889,25.525,2.872,NA,NA,9.502,24.641,NA,NA,26.065,31.851,30.044,30.282,26.897,23.765,21.825,14.508,14.738,-18.715,-17.772,1.254,25.568,28.392,18.785,23.991,27.561,18.163,28.229,30.494,30,23.075,2.688,18.922
"2066-09",1.949,7.32,3.721,17.505,30.636,26.438,28.971,29.436,29.411,23.979,29.513,27.336,NA,15.759,20.048,6.532,7.376,18.68,15.685,23.35,26.339,29.07,27.348,28.343,27.864,18.597,25.009,25.589,1.94,NA,NA,8.647,19.215,NA,NA,25.311,30.596,29.616,30.191,27.324,23.134,21.792,14.189,14.568,-16.131,-16.662,0.664,25.515,28.21,18.723,23.975,27.605,18.032,28.212,29.834,29.882,22.747,2.797,18.836
"2066-10",-0.284,5.022,1.787,15.156,26.572,25.061,27.666,29.194,29.055,24.147,29.106,27.951,NA,16.424,20.926,7.043,6.307,16.561,11.697,21.824,25.687,29.464,28.228,29.134,28.944,19.66,26.138,26.443,0.501,NA,NA,6.2,15.556,NA,NA,22.797,29.724,30.518,30.378,28.337,23.34,22.507,14.634,14.798,-11.562,-12.943,-0.834,24.614,28.465,19.124,22.712,28.075,18.519,29.389,30.577,30.392,23.286,3.415,18.855
"2066-11",-3.036,2.802,-1.362,14.062,22.506,21.695,25.394,27.772,28.124,24.25,28.69,28.396,NA,17.608,22.542,8.771,5.381,13.12,6.76,18.721,23.594,29.622,29.26,29.134,30.103,20.245,26.988,27.67,-3.892,NA,NA,2.387,10.16,NA,NA,19.748,26.137,30.174,30.387,29.557,23.384,23.931,15.316,15.877,-5.661,-7.873,-6.116,23.004,29.027,20.122,21.359,28.51,19.587,29.653,30.577,30.861,24.309,4.483,18.874
"2066-12",-10.002,-1.832,-6.817,12.374,19.048,19.572,23.294,26.713,27.106,25.157,27.691,29.149,NA,18.725,24.542,10.339,4.034,11.387,3.608,16.162,22.322,29.663,29.387,27.312,30.327,21.55,28.057,28.964,-12.8,NA,NA,-0.97,8.478,NA,NA,16.772,23.598,28.51,29.729,30.664,24.655,25.413,16.639,17.69,-1.278,-2.255,-15.594,21.583,29.155,21.755,20.238,29.077,21.456,28.359,28.877,30.446,25.938,5.959,18.933
"2067-01",-15.782,-2.679,-15.679,11.444,16.245,17.439,21.84,25.726,26.199,26.488,26.943,29.633,NA,19.714,26.336,11.446,2.495,10.491,4.777,14.959,20.964,29.301,30.234,26.595,29.117,23.022,28.607,29.395,-16.269,NA,NA,-5.096,8.374,NA,NA,14.719,21.551,27.247,28.947,30.924,25.714,27.311,18.483,20.002,0.904,-0.207,-16.934,20.537,29.034,23.192,19.242,29.5,23.312,27.732,27.439,29.867,26.975,7.44,19.121
"2067-02",-17.701,-7.32,-16.832,10.328,17.181,17.272,21.809,26.103,25.808,26.685,26.594,29.817,NA,20.688,26.806,11.817,1.449,10.154,6.256,14.542,20.45,29.307,30.963,26.373,29.152,23.694,29.004,29.654,-23.78,NA,NA,-5.488,9.656,NA,NA,14.086,21.245,27.408,28.609,30.781,26.829,27.618,19.457,21.234,1.154,0.158,-26.875,19.969,29.058,23.763,18.637,29.958,24.162,27.56,27.332,30.024,27.575,8.148,19.031
"2067-03",-15.726,-5.601,-15.74,10.432,17.525,17.534,21.86,26.653,25.754,26.924,26.629,30.299,NA,20.256,26.75,11.463,1.554,10.527,8.599,14.923,21.204,29.765,31.965,27.099,30.304,23.835,29.161,29.617,-17.708,NA,NA,-5.955,11.627,NA,NA,14.723,22.898,28.53,29.117,30.828,26.678,27.203,19.75,20.907,-0.401,-1.134,-21.817,19.765,29.34,23.681,18.49,30.263,24.325,28.372,28.076,30.369,27.626,7.861,19.175
"2067-04",-9.056,-3.68,-7.568,11.163,20.866,19.298,23.564,27.302,26.274,26.262,26.762,29.996,NA,18.872,25.099,10.016,2.713,11.37,13.467,15.99,21.265,29.347,32.16,28.802,31.176,23.05,28.179,29.127,-11.3,NA,NA,-2.354,16.262,NA,NA,16.529,26.306,30.096,30.337,31.155,26.593,26.778,18.889,20.086,-4.778,-7.663,-15.329,20.264,29.751,22.949,18.755,29.851,23.082,29.817,30.404,31.204,27.084,6.902,19.247
"2067-05",-2.381,1.778,-1.35,12.627,26.364,22.29,25.934,28.464,26.978,26.657,27.023,29.56,NA,17.448,23.495,8.403,4.276,13.432,17.331,18.895,22.661,29.232,31.613,30.468,30.489,21.956,27.066,28.061,-2.601,NA,NA,1.002,20.95,NA,NA,19.163,28.984,31.117,31.024,30.002,25.738,25.036,17.425,17.993,-10.971,-11.664,-3.423,21.334,30.23,21.681,19.722,29.57,21.676,30.757,31.631,31.431,26.029,5.554,19.346
"2067-06",0.841,4.247,1.204,14.994,29.92,24.384,27.723,28.617,27.772,26.058,27.59,28.496,NA,16.097,22.104,7.574,6.192,16.68,24.823,21.679,23.532,29.227,29.834,29.36,29.072,20.252,25.574,26.818,0.459,NA,NA,4.551,26.603,NA,NA,23.01,30.71,30.734,31.32,28.814,24.972,23.765,16.01,16.762,-15.598,-16.36,-0.556,22.911,30.117,20.434,21.207,28.623,20.138,30.168,30.978,30.8,24.574,4.225,19.161
"2067-07",2.692,7.639,3.761,16.906,31.269,26.406,28.838,28.879,28.425,25.75,28.269,27.758,NA,15.435,21.361,7.097,8.405,19.016,24.76,24.622,23.973,28.888,28.343,28.034,28.046,18.99,24.971,25.987,2.309,NA,NA,8.056,26.57,NA,NA,25.516,31.817,29.84,30.886,27.846,23.925,22.806,14.937,15.805,-18.267,-19.201,0.334,24.551,29.806,19.404,22.626,27.988,19.056,28.846,30.444,30.15,23.542,3.008,19.026
"2067-08",3.392,8.586,4.895,17.975,31.97,26.897,29.748,29.13,28.889,25.513,28.965,27.429,NA,15.14,20.214,6.787,8.368,19.217,22.138,24.726,24.968,28.991,27.882,27.635,27.462,18.372,24.854,25.553,3.543,NA,NA,9.322,24.732,NA,NA,26.846,31.874,29.44,30.281,27.436,23.298,22.225,14.259,15.083,-18.147,-19.423,1.202,25.543,29.561,18.786,23.505,27.632,18.423,28.231,30.195,29.83,22.891,2.618,18.984
"2067-09",2.229,6.775,3.981,17.055,30.778,26.34,29.347,29.287,28.882,25.238,29.1,27.752,NA,15.375,19.948,6.732,7.709,19.137,16.204,23.771,26.013,29.444,28.054,28.813,27.517,18.604,25.382,25.55,2.23,NA,NA,8.823,19.783,NA,NA,26.11,31.508,30.433,30.279,28.002,23.05,22.472,14.32,15.032,-15.389,-15.631,0.665,25.346,29.395,18.649,23.616,27.87,18.241,28.899,30.842,29.956,22.803,2.65,18.936
"2067-10",-0.096,4.775,2.081,15.018,27.901,24.394,28.268,28.941,28.519,25.072,29.125,28.137,NA,16.365,20.408,7.432,6.251,16.24,13.913,21.82,26.272,29.624,28.608,29.616,28.401,19.33,26.028,26.152,0.95,NA,NA,5.83,16.748,NA,NA,23.693,30.03,30.712,30.579,28.594,22.707,23.295,14.554,15.702,-12.582,-12.612,-0.78,24.536,29.606,19.071,22.767,28.285,18.628,30.033,31.004,30.484,23.293,3.219,18.945
"2067-11",-4.032,2.15,-0.471,13.824,24.452,21.518,26.574,28.073,27.884,25.089,28.691,28.509,NA,17.617,21.654,8.816,5.105,13.23,8.269,18.633,23.784,29.851,29.77,28.943,29.984,20.99,27.434,27.65,-2.593,NA,NA,2.509,11.251,NA,NA,20.422,26.686,29.709,30.387,29.735,23.09,24.063,15.364,16.476,-6.064,-6.443,-6.187,23.092,30.029,20.154,21.546,28.998,19.637,29.912,29.818,30.88,24.471,4.516,19.052
"2067-12",-7.774,-0.376,-2.102,12.348,20.53,19.612,24.605,27.078,27.018,26.035,27.917,29.362,NA,18.956,23.986,10.287,3.763,11.519,6.834,16.728,22.213,30.057,30.613,27.418,30.633,22.732,28.94,29.387,-14.755,NA,NA,-0.935,10.522,NA,NA,17.603,23.002,28.648,29.615,30.701,24.069,26.041,17.44,18.417,-1.253,-1.435,-13.943,21.602,30.366,21.613,20.243,29.603,21.393,28.867,28.76,30.654,26.197,6.032,19.181
"2068-01",-14.381,-5.241,-9.85,10.83,18.023,18.163,22.778,26.951,26.376,26.95,27.416,29.918,NA,20.513,25.435,11.129,2.378,10.866,5.683,15.488,21.672,30.379,31.276,27.315,30.311,24.095,29.927,30.424,-26.822,NA,NA,-6.939,9.625,NA,NA,15.735,22.217,27.894,28.972,31.161,25.399,27.272,18.78,19.981,0.725,0.272,-24.015,20.413,30.17,22.961,19.36,30.063,22.933,28.573,27.582,30.164,27.412,7.452,19.1
"2068-02",-17.034,-6.371,-15.352,10.131,15.457,16.895,21.84,27.066,26.09,27.304,27.257,30.455,NA,21.403,26.921,11.948,1.529,10.415,5.112,15.166,21.36,30.459,32.012,27.802,30.512,25.158,30.231,30.155,-21.71,NA,NA,-8.965,9.458,NA,NA,14.739,22.826,28.095,28.606,30.719,26.313,27.351,19.939,20.291,1.076,0.788,-24.457,19.747,30.241,23.898,18.875,30.53,24.152,28.755,27.547,29.962,27.966,8.176,19.29
"2068-03",-15.335,-2.788,-13.924,10.647,17.763,17.108,21.93,26.945,25.965,27.051,27.312,30.901,NA,20.585,26.38,11.283,1.848,10.192,6.32,15.133,21.443,30.364,32.322,28.335,30.969,24.616,29.401,30.594,-16.804,NA,NA,-7.234,11.027,NA,NA,15.224,23.423,28.87,29.455,30.808,26.501,27.08,19.559,20.052,-0.473,-0.103,-19.593,19.664,30.15,23.667,18.683,30.771,23.965,29.166,28.644,30.372,28.073,7.853,19.359
"2068-04",-10.214,0.674,-8.396,12.502,19.537,18.121,23.145,27.77,26.575,26.63,27.495,30.756,NA,19.154,25.53,9.965,2.453,11.089,11.646,15.77,21.673,29.733,32.675,29.782,31.434,23.831,28.185,29.193,-10.032,NA,NA,-2.372,15.575,NA,NA,16.577,26.365,30.192,30.459,31.147,25.97,26.463,18.534,19.147,-4.213,-3.061,-11.053,20.163,30.059,22.815,18.954,30.59,23.089,30.337,30.779,31.339,26.913,6.916,19.397
"2068-05",-1.745,2.397,-0.776,13.199,25.765,21.873,25.297,28.952,27.459,25.099,27.539,30.152,NA,17.722,23.729,8.876,4.505,13.357,15.618,18.132,22.302,29.797,31.864,31.307,30.577,22.516,27.09,27.765,-2.754,NA,NA,1.232,19.061,NA,NA,19.294,28.21,31.114,31.232,30.096,25.563,25.211,17.249,17.618,-9.529,-6.906,-3.333,21.196,30.078,21.595,19.784,30.149,21.54,31.354,31.635,31.553,25.814,5.731,19.397
"2068-06",0.716,4.909,1.535,15.733,29.665,25.218,27.299,28.839,28.064,23.217,27.936,29.131,NA,15.979,22.158,7.533,6.823,16.721,23.358,21.978,23.204,29.437,30.192,29.785,29.058,20.781,25.822,26.53,0.801,NA,NA,4.506,25.501,NA,NA,23.222,30.576,30.175,31.335,28.658,24.751,23.747,15.811,16.146,-14.075,-15.962,-0.532,22.769,29.356,20.478,21.299,29.127,20.063,30.256,30.941,30.728,24.326,4.372,19.13
"2068-07",2.729,6.567,4.154,16.57,31.09,26.827,28.496,28.909,28.816,22.877,28.545,28.049,NA,15.107,20.851,6.922,8.498,19.572,24.907,25.254,23.707,28.983,27.967,27.917,27.624,19.336,25.04,25.353,2.493,NA,NA,7.991,26.886,NA,NA,26.118,31.99,29.718,30.628,27.754,24.201,22.932,14.858,15.478,-17.089,-18.035,0.333,24.247,28.387,19.44,23.069,28.178,18.931,28.965,30.385,30,23.326,3.377,18.942
"2068-08",3.804,7.354,5.019,16.712,31.782,27.759,29.232,29.225,29.267,22.958,29.081,27.485,NA,15.046,20.532,6.585,9.247,19.979,23.635,25.946,24.283,28.644,27.407,26.564,26.704,18.629,24.571,24.873,2.242,NA,NA,9.956,26.148,NA,NA,27.356,32.22,29.226,30.24,27.043,23.332,22.218,14.285,14.956,-17.764,-18.105,1.069,25.275,27.724,18.901,24.092,27.606,18.388,27.888,30.086,29.737,22.676,2.894,18.871
"2068-09",2.525,5.752,4.158,15.63,30.812,27.238,28.973,29.494,29.547,23.051,29.282,27.57,NA,15.302,20.534,6.574,8.291,18.618,17.269,24.289,24.754,28.978,27.508,27.596,26.748,18.665,24.607,24.895,1.565,NA,NA,9.245,20.699,NA,NA,26.119,31.547,29.754,30.335,27.38,22.995,21.873,13.969,14.529,-16.079,-18.298,0.591,25.286,27.697,18.769,23.946,27.81,18.332,28.114,30.28,29.746,22.446,2.735,18.761
"2068-10",0.79,3.89,2.182,13.449,28.657,25.211,27.876,29.168,29.032,23.167,29.189,27.808,NA,16.179,20.966,7.445,7.131,16.084,8.645,21.366,24.52,29.428,28.276,28.791,27.834,19.177,25.49,25.662,-1.084,NA,NA,6.334,14.443,NA,NA,24.233,30.159,30.543,30.502,28.401,22.964,22.576,14.237,15.142,-12.23,-14.616,-1.473,24.555,28.064,19.166,22.634,28.232,18.666,29.431,30.791,30.163,22.829,3.383,18.76
"2068-11",-3.708,1.027,-1.63,11.824,23.623,22.04,25.632,28.24,28.266,23.349,28.576,28.574,NA,17.57,22.043,8.866,5.558,13.604,7.94,18.782,23.548,29.648,28.9,28.931,29.655,20.501,26.904,27.492,-8.017,NA,NA,2.449,12.72,NA,NA,21.098,27.576,29.558,30.322,29.93,23.631,24.391,15.259,16.525,-5.295,-6.741,-8.975,23.115,28.385,20.29,21.234,28.719,19.683,29.659,29.873,30.641,24.021,4.48,18.782
"2068-12",-10.589,-2.88,-7.628,10.318,18.885,19.722,22.928,26.919,27.254,24.419,27.836,29.277,NA,18.998,24.39,10.236,3.866,12.009,5.579,16.977,22.115,29.563,29.527,27.051,29.932,22.118,28.149,28.713,-16.148,NA,NA,-0.166,8.745,NA,NA,17.411,24.171,28.086,29.292,30.559,25.08,25.435,16.963,17.717,-1.399,-1.761,-18.473,21.677,28.655,21.789,19.928,29.296,21.468,28.453,28.134,30.18,25.362,5.937,18.77
"2069-01",-13.773,-4.521,-15.714,9.884,16.722,17.925,21.686,26.314,26.479,25.868,27.029,29.767,NA,20.317,25.984,11.086,2.32,10.797,6.32,15.611,20.887,29.459,30.278,25.92,28.537,23.588,28.005,29.136,-21.096,NA,NA,-2.597,9.769,NA,NA,14.685,21.834,27.413,28.339,31.034,26.672,27.33,18.644,20.205,0.665,0.185,-20.868,20.658,28.942,23.143,19.01,29.632,23.365,27.692,27.22,29.689,26.766,7.461,19.013
"2069-02",-16.812,-8.062,-17.266,10.458,17.342,17.178,21.849,26.176,25.995,26.802,26.754,29.958,NA,20.793,26.933,11.689,0.32,9.993,4.797,14.738,20.812,29.488,31.005,25.785,28.475,24.259,28.458,28.971,-21.884,NA,NA,-4.326,8.547,NA,NA,13.468,21.62,27.509,28.052,31.08,27.544,27.583,19.247,20.894,0.888,0.388,-25.903,20.081,29.031,23.923,18.586,30.042,24.274,27.571,27.018,29.515,27.142,8.206,19.048
"2069-03",-14.409,-5.283,-18.224,10.487,19.769,17.615,22.914,26.935,26.162,26.976,26.756,30.274,NA,20.529,27.217,11.556,1.984,10.172,7.285,14.879,21.327,29.489,31.756,26.603,29.772,23.993,28.746,29.669,-17.404,NA,NA,-4.374,12.685,NA,NA,13.754,23.201,28.339,28.154,30.909,27.909,27.12,18.88,20.141,-0.881,-1.314,-21.79,19.948,29.477,23.947,18.496,30.243,24.172,28.116,27.819,29.918,27.343,7.965,19.187
"2069-04",-8.948,-2.178,-8.705,10.231,23.073,19.701,24.096,27.91,26.547,26.909,26.758,30.177,NA,19.26,26.541,10.4,2.822,11.842,9.632,16.321,22.504,29.78,32.061,28.614,30.859,23.217,28.141,29.001,-10.198,NA,NA,-1.038,13.649,NA,NA,15.525,25.132,29.81,29.405,30.82,27.855,26.119,18.277,18.836,-5.419,-6.925,-13.241,20.3,30.099,23.05,18.809,30.229,23.169,29.572,30.005,30.975,26.926,7.004,19.319
"2069-05",-1.879,1.509,-1.627,11.797,26.861,22.169,25.757,28.674,27.24,27.275,27.104,29.514,NA,18.043,24.429,9.066,4.56,13.772,19.265,19.465,22.421,29.905,31.681,30.531,30.065,22.182,26.992,27.879,-2.863,NA,NA,1.514,22.884,NA,NA,18.894,29.009,30.813,30.456,29.681,26.672,24.746,17.286,17.35,-11.792,-11.652,-4.249,21.425,30.453,21.661,19.437,29.854,21.576,30.925,31.39,31.482,25.985,5.735,19.347
"2069-06",0.97,4.778,1.257,14.711,30.442,24.76,27.705,28.954,28.085,26.201,27.768,28.735,NA,16.509,22.338,8.073,6.483,16.104,24.106,21.935,23.406,29.624,30.661,29.789,28.941,20.891,25.766,26.665,0.75,NA,NA,4.514,25.881,NA,NA,22.821,30.727,30.371,30.726,28.185,25.728,23.563,16.071,15.968,-17.746,-18.723,-0.713,22.971,30.14,20.301,20.834,29.168,20.233,30.678,30.76,30.93,24.708,4.234,19.109
"2069-07",3.103,6.385,3.481,17.072,32.004,26.896,28.784,29.189,28.908,24.551,28.541,27.915,NA,15.25,21.21,7.362,7.572,17.677,26.773,24.556,23.51,29.071,28.814,27.88,27.965,19.39,24.979,25.91,2.007,NA,NA,7.439,28.042,NA,NA,25.524,31.631,29.633,30,27.047,25.092,22.652,15.063,15.255,-19.729,-21.664,-0.044,24.367,29.605,19.255,22.539,28.198,19.103,28.924,30.038,30.357,23.838,3.043,18.901
"2069-08",3.516,6.846,4.549,17.259,31.999,27.425,29.372,29.465,29.235,24.275,29.003,27.494,NA,15.067,20.263,6.912,8.701,19.343,22.219,25.219,24.138,28.719,27.815,27.644,27.639,18.769,24.863,25.442,2.644,NA,NA,9.938,24.617,NA,NA,26.751,31.797,29.567,29.439,26.732,24.205,22.156,14.484,14.817,-17.903,-21.004,0.887,25.419,29.048,18.67,23.632,27.705,18.42,28.66,30.211,29.901,23.157,2.673,18.895
"2069-09",2.617,5.99,3.601,16.738,30.588,25.975,29.437,29.51,29.182,24.607,29.133,27.597,NA,15.456,20.093,6.721,8.059,18.016,17.724,23.902,24.897,29.152,28.056,29.045,27.976,18.807,25.155,25.502,1.822,NA,NA,8.16,20.845,NA,NA,25.552,31.276,30.306,29.626,27.072,23.627,22.197,14.369,14.582,-16.64,-16.775,0.487,25.261,29.173,18.538,23.523,27.978,18.3,29.381,30.509,29.926,22.994,2.819,18.853
"2069-10",0.389,4.085,1.573,14.972,26.301,23.866,27.927,29.379,28.78,25.11,29.131,28.098,NA,16.294,20.77,7.123,6.562,15.532,11.902,21.677,24.527,29.514,28.526,30.05,29.017,19.778,26.266,26.156,0.274,NA,NA,6.16,16.118,NA,NA,23.21,29.634,30.86,29.836,27.913,23.52,22.802,14.747,14.798,-12.735,-11.336,-1.387,24.575,29.728,18.929,22.473,28.446,18.827,30.607,30.908,30.317,23.411,3.347,18.911
"2069-11",-4.121,1.21,-3.052,13.445,22.266,21.166,26.071,28.518,28.016,25.547,28.598,28.573,NA,17.987,21.977,8.864,5.374,12.849,7.731,18.374,23.286,29.756,29.761,29.662,30.559,21.335,27.252,27.245,-5.468,NA,NA,2.882,12.216,NA,NA,20.066,27.07,30.316,30.154,29.491,23.909,24.175,15.339,15.954,-6.174,-6.084,-7.656,23.206,30.19,20.116,20.934,29.019,19.905,30.381,30.435,30.86,24.463,4.508,18.98
"2069-12",-10.63,-4.927,-7.944,11.928,19.449,19.227,23.673,27.465,27.001,26.188,27.668,29.278,NA,19.158,24.27,10.471,3.975,11.058,4.668,15.754,22.349,29.794,30.328,27.814,30.931,22.873,28.348,28.361,-16.735,NA,NA,0.124,9.86,NA,NA,17.358,23.965,28.609,29.73,30.696,24.9,25.56,17.005,17.705,-1.806,-2.358,-20.391,21.654,30.46,21.676,19.855,29.585,21.575,28.953,28.868,30.718,25.814,5.865,18.919
"2070-01",-17.345,-4.814,-18.158,10.877,16.647,17.291,22.512,26.965,26.207,27.399,27.355,29.891,NA,20.547,26.349,12.212,1.018,10.285,6.153,14.718,21.182,29.858,31.287,27.061,30.372,24.169,29.201,29.98,-25.478,NA,NA,-4.536,9.494,NA,NA,15.397,22.225,27.442,28.827,31.351,25.654,27.141,18.289,19.582,0.446,-0.09,-24.938,20.566,30.216,23.232,19.009,30.028,23.72,28.356,27.447,30.403,27.169,7.35,19.058
"2070-02",-18.541,-6.347,-21.086,10.638,17.693,16.608,22.175,26.453,25.767,26.956,27.106,30.608,NA,21.263,27.192,12.99,0.746,9.955,4.565,14.109,21.186,30.023,31.431,26.626,29.572,24.264,29.251,30.067,-21.208,NA,NA,-6.235,9.346,NA,NA,14.422,21.42,27.701,28.804,30.795,25.731,28.254,18.895,20.961,0.808,0.246,-23.43,20.096,29.893,24.014,18.491,30.333,24.513,27.982,27.701,30.338,27.711,8.072,19.248
"2070-03",-14.998,-2.816,-15.339,11.23,18.642,17.115,22.711,27.04,25.898,27.219,27.252,30.733,NA,20.936,26.659,12.002,1.249,10.256,8.18,14.367,21.094,30.289,31.974,27.17,30.811,24.101,29.574,30.37,-17.54,NA,NA,-5.257,11.314,NA,NA,14.419,22.078,28.391,29.136,30.973,26.015,27.481,18.72,19.946,-0.794,-1.168,-21.099,20.021,29.782,23.916,18.497,30.625,24.341,28.036,28.597,30.779,27.892,7.786,19.332
"2070-04",-7.887,-1.259,-8.288,11.836,20.843,18.324,23.774,28.026,26.501,26.842,27.373,30.554,NA,19.529,25.541,10.594,3.39,11.053,11.82,15.206,21.322,29.848,32.121,28.597,31.646,23.515,28.787,29.476,-8.726,NA,NA,-1.229,15.268,NA,NA,16.069,25.167,29.532,30.579,30.915,25.924,26.437,17.992,18.738,-4.531,-5.524,-11.493,20.467,30.131,23.033,18.781,30.438,23.345,28.944,30.499,31.589,27.313,6.891,19.479
"2070-05",-1.774,2.57,-1.154,13.842,24.425,20.305,25.909,28.267,27.004,24.337,27.566,29.966,NA,17.227,23.908,9.221,4.479,13.04,17.974,17.837,21.785,29.472,31.493,30.676,30.715,22.064,27.203,28.209,-3.08,NA,NA,0.793,20.692,NA,NA,19.075,29.22,30.784,31.338,30.044,25.234,24.787,16.34,17.226,-10.524,-11.347,-3.76,21.394,29.934,21.732,19.429,29.85,21.868,30.248,31.52,31.635,25.842,5.714,19.324
"2070-06",0.536,5.517,2.096,16.646,28.858,24.195,27.991,28.525,27.975,23.493,27.725,28.989,NA,15.877,22.151,8.057,6.641,17.238,21.73,21.384,22.512,28.914,29.775,29.934,29.379,20.5,25.744,26.683,1.127,NA,NA,3.71,24.107,NA,NA,22.695,30.8,30.93,30.972,28.665,25.126,23.656,15.563,16.145,-15.718,-17.816,-0.469,23.006,29.165,20.404,20.904,28.856,20.305,30.284,30.822,31.122,24.768,4.309,19.086
"2070-07",2.342,7.781,4.62,17.729,31.059,26.391,29.079,28.637,28.362,23.496,28.401,28.108,NA,15.258,20.985,7.254,7.944,18.294,25.415,23.601,22.988,28.736,28.314,28.129,28.344,19.428,24.946,25.644,3.174,NA,NA,7.012,27.555,NA,NA,25.321,31.335,29.88,30.182,27.453,24.446,22.714,14.694,15.298,-18.385,-16.253,0.138,24.352,28.315,19.398,22.467,28.156,19.228,28.794,30.296,30.322,23.827,3.395,18.913
"2070-08",2.948,7.929,4.962,17.473,31.804,27.313,29.417,29.239,29.1,22.959,29.048,27.671,NA,14.911,20.028,6.786,8.546,19.241,22.799,24.597,23.891,28.578,27.412,27.148,27.807,18.802,24.578,25.122,3.229,NA,NA,8.792,25.268,NA,NA,27.194,31.694,29.369,29.871,27.007,23.696,22.174,14.134,14.738,-15.911,-16.948,0.814,25.347,27.915,18.897,23.573,27.729,18.554,28.149,29.893,30.008,23.102,2.798,18.887
"2070-09",1.881,6.433,4.055,16.251,31.075,26.582,29.227,29.238,29.099,23.512,29.294,27.579,NA,15.486,20.258,6.835,7.768,18.375,17.394,23.015,24.598,28.686,27.19,28.008,27.717,18.455,24.474,25.114,2.443,NA,NA,8.492,20.897,NA,NA,25.736,30.649,29.862,30.146,27.454,22.892,22.154,13.744,14.296,-15.297,-17.468,0.236,25.441,27.904,18.826,23.473,27.592,18.35,28.514,30.232,29.875,22.752,2.946,18.807
"2070-10",-0.572,4.809,2.185,15.183,27.868,24.154,28.504,29.09,28.835,23.948,29.052,28.069,NA,16.459,21.024,7.151,6.27,15.93,12.028,20.697,24.779,29.316,28.102,29.115,28.943,19.163,25.22,25.737,0.736,NA,NA,5.585,16.598,NA,NA,23.027,29.977,30.763,30.068,28.156,23.183,22.567,13.988,14.508,-12.69,-12.312,-2.414,24.548,28.12,19.198,22.654,28.107,18.713,30.091,30.855,30.446,23.087,3.405,18.756
"2070-11",-3.077,1.74,-1.635,11.554,24.167,22.149,26.104,28.308,28.075,23.919,28.604,28.669,NA,17.394,22.685,8.15,5.204,13.2,2.097,17.992,23.916,29.705,29.025,28.929,30.052,20.68,26.566,26.904,-4.259,NA,NA,2.514,8.35,NA,NA,20.622,26.852,29.72,30.101,29.602,22.959,24.193,15.15,16.33,-5.757,-6.93,-9.224,23.282,28.495,20.092,21.294,28.744,19.832,29.371,29.881,30.605,24.065,4.548,18.804
"2070-12",-8.083,-2.728,-6.69,9.929,19.69,20.096,23.649,27.228,27.094,24.531,27.499,29.214,NA,19.37,24.488,10.509,4.174,11.773,-0.262,16.042,21.532,29.448,29.482,27.252,30.228,22.299,28.312,28.613,-16.065,NA,NA,-0.363,5.066,NA,NA,18.244,22.988,28.543,29.81,30.768,23.541,26.033,16.908,18.229,-1.684,-2.486,-18.746,21.826,28.866,21.74,19.801,29.088,21.671,28.566,28.924,30.301,25.716,5.936,18.868
"2071-01",-15.515,-9.353,-17.759,9.687,18.156,18.577,22.197,26.484,26.303,26.067,26.811,29.813,NA,20.223,26.002,11.366,2.964,10.699,0.531,14.807,20.796,29.515,30.375,26.543,29.402,23.41,28.731,29.341,-22.754,NA,NA,-2.942,5.225,NA,NA,15.979,21.098,27.901,29.282,31.07,24.963,26.908,18.651,19.664,0.439,0.008,-26.013,20.644,29.114,23.05,18.877,29.66,23.202,27.912,28.323,30.301,26.702,7.295,18.878
"2071-02",-17.73,-9.83,-17.771,10.104,18.288,18.038,21.873,26.432,25.827,27.163,26.792,30.199,NA,20.996,26.852,11.749,1.482,10.381,3.75,14.117,20.761,29.978,31.036,26.365,29.795,24.305,29.419,30.402,-25.643,NA,NA,-4.662,7.708,NA,NA,14.719,20.359,28.05,29.255,30.849,25.409,27.547,19.942,21.075,0.894,0.502,-27.664,19.951,29.298,23.912,18.381,30.11,24.243,27.724,28.619,30.535,27.792,8.053,19.087
"2071-03",-14.247,-5.333,-17.928,10.318,18.902,17.785,22.381,27.046,25.982,27.333,26.917,30.482,NA,20.682,26.438,11.44,2.427,10.273,2.693,14.392,21.282,30.291,31.837,27.323,30.694,24.151,29.167,29.391,-18.017,NA,NA,-3.456,8.629,NA,NA,14.721,22.419,28.834,29.502,30.894,26.231,26.962,19.086,20.14,-0.463,-0.953,-22.051,19.957,29.726,23.911,18.381,30.395,24.04,28.219,29.44,30.991,27.422,7.83,19.27
"2071-04",-8.519,-2.884,-7.217,11.253,20.09,18.427,22.885,27.688,26.338,27.542,27.141,29.985,NA,19.703,24.684,10.464,3.312,10.734,11.528,14.83,21.572,29.589,32.04,28.909,31.377,22.84,28.316,28.784,-12.077,NA,NA,-1.59,15.375,NA,NA,16.23,25.427,30.592,30.685,30.992,26.686,26.446,18.173,19.055,-4.325,-5.645,-14.141,20.325,30.082,22.919,18.638,30.001,22.738,29.69,31.582,31.765,26.958,6.947,19.304
"2071-05",-1.718,1.357,-1.406,12.892,24.519,21.647,24.968,28.81,27.267,27.076,27.397,29.144,NA,17.535,23.308,9.272,5.035,13.452,17.853,17.539,22.034,29.377,31.301,30.519,30.715,21.573,27.3,27.971,-3.494,NA,NA,1.043,20.907,NA,NA,19.551,28.387,30.908,31.451,30.023,25.888,25.296,17.113,17.684,-11.377,-12.336,-3.689,21.274,30.372,21.634,19.653,29.642,21.243,30.42,32.033,31.708,25.959,5.584,19.309
"2071-06",0.699,3.466,1.474,15.862,28.706,25.108,27.126,29.143,28.127,26.062,27.989,28.253,NA,16.126,22.005,8.307,6.97,16.519,21.355,21.219,22.463,29.103,29.832,29.539,28.983,20.052,25.859,26.751,0.746,NA,NA,4.955,24.057,NA,NA,22.835,30.735,30.361,31.336,28.784,24.956,23.693,15.745,16.304,-16.271,-18.757,-0.534,22.873,29.848,20.312,21.163,28.645,19.921,29.994,31.307,31.053,24.843,4.174,19.092
"2071-07",2.599,5.236,4.3,17.06,30.337,26.614,28.753,29.084,28.568,24.925,28.523,27.682,NA,15.413,20.865,7.336,8.763,19.155,24.351,24.351,23.132,28.557,27.794,28.15,28.06,18.882,25.011,26.058,2.591,NA,NA,8.665,26.277,NA,NA,25.422,31.875,29.446,30.7,27.51,24.183,22.391,14.629,14.892,-18.735,-20.439,0.017,24.441,29.356,19.393,22.672,27.751,18.952,29.145,29.874,30.393,23.809,3.019,18.938
"2071-08",3.535,5.664,4.894,16.976,30.829,27.551,29.534,29.207,28.844,24.12,29.161,27.372,NA,15.038,20.225,6.862,9.369,21.153,21.165,25.637,24.25,28.617,27.204,27.118,27.477,18.32,24.644,25.516,2.533,NA,NA,10.556,24.101,NA,NA,26.555,32.111,29.603,30.449,27.24,23.234,21.889,13.891,14.445,-18.255,-18.95,0.444,25.389,28.938,18.804,23.789,27.386,18.421,28.308,30.183,29.876,23.004,2.468,18.883
"2071-09",2.32,4.995,3.907,16.751,30.653,26.473,29.465,29.27,29.108,23.624,29.238,27.4,NA,15.084,20.582,6.827,8.199,18.258,17.327,23.558,24.581,28.683,27.31,27.993,27.512,18.302,24.988,25.428,1.887,NA,NA,9.921,20.68,NA,NA,26.182,31.622,29.957,30.252,27.465,22.832,21.615,13.622,14.27,-15.938,-19.946,0.102,25.455,28.697,18.744,23.514,27.363,18.299,28.577,30.263,29.865,22.825,2.595,18.796
"2071-10",0.239,3.471,2.29,14.069,27.169,24.722,27.866,29.074,28.79,23.503,28.911,27.745,NA,15.643,21.51,7.165,6.422,15.304,13.331,21.055,24.283,28.942,28.059,29.011,28.377,18.88,26.007,26.399,0.202,NA,NA,6.966,17.184,NA,NA,23.24,30.015,30.209,30.076,28.26,22.894,22.337,14.293,14.792,-13.21,-13.014,-2.009,24.509,28.524,19.144,22.699,27.884,18.691,29.691,30.266,30.198,23.336,3.171,18.745
"2071-11",-3.462,-0.454,-0.284,12.48,22.94,21.511,25.801,28.247,27.945,24.381,28.499,28.307,NA,17.406,23.136,8.282,4.943,12.968,9.613,18.282,23.57,29.378,29.316,28.924,29.99,20.312,27.286,27.496,-7.323,NA,NA,3.158,13.884,NA,NA,20.47,27.445,29.28,30.048,29.423,23.051,23.902,15.664,16.348,-6.781,-6.161,-11.486,23.068,28.718,20.175,21.303,28.705,19.898,29.721,29.652,30.731,24.571,4.37,18.75
"2071-12",-7.111,-3.817,-5.626,11.641,17.434,18.518,23.55,27.017,26.942,24.826,27.812,29,NA,19.123,24.578,10.334,3.85,11.385,1.41,16.294,21.549,29.559,29.612,27.626,30.816,22.011,28.549,29.026,-14.218,NA,NA,0.492,5.926,NA,NA,17.539,23.566,28.059,29.358,30.164,23.981,25.3,17.559,18.347,-1.574,-2.395,-15.542,21.741,29.021,21.594,20.052,29.151,21.512,28.661,28.308,30.677,25.937,5.913,18.929
"2072-01",-11.646,-6.476,-11.259,11.658,15.843,16.516,22.433,25.772,25.962,25.723,26.937,29.365,NA,20.813,25.66,12.347,2.691,10.122,0.666,15.216,20.992,29.302,30.266,26.237,29.545,23.286,29.45,29.561,-23.453,NA,NA,-3.404,7.989,NA,NA,15.13,21.98,27.72,29.085,31.019,25.478,27.324,18.731,20.666,0.597,-0.439,-21.645,20.649,29.175,23.292,19.012,29.409,22.991,27.715,28.034,29.997,26.874,7.289,19.047
"2072-02",-15.775,-7.152,-17.009,11.919,16.405,16.031,22.207,25.422,25.591,26.631,26.942,29.887,NA,21.616,26.967,12.951,2.058,9.959,3.365,14.412,20.727,29.669,31.082,25.978,29.438,24.202,29.869,30.206,-24.829,NA,NA,-4.268,7.411,NA,NA,13.724,21.287,27.705,28.424,30.341,25.865,28,19.597,20.972,0.906,0.258,-25.1,20.091,28.875,24.004,18.546,29.991,23.993,27.774,27.802,30.257,27.574,8.035,19.085
"2072-03",-13.838,-5.373,-15.224,12.17,17.422,16.452,22.255,25.935,25.661,26.426,27.041,30.15,NA,21.048,26.949,12.014,1.753,10.208,6.198,14.498,20.945,30.019,31.593,26.438,29.65,23.803,29.066,29.466,-17.157,NA,NA,-4.045,10.46,NA,NA,13.78,21.748,28.321,28.876,30.82,26.479,27.687,19.723,20.244,-0.6,-1.075,-20.688,20.043,29.029,23.868,18.421,30.195,24.067,27.918,28.584,30.515,27.545,7.757,19.192
"2072-04",-7.364,-1.78,-9.324,12.555,21.216,18.497,24.084,27.204,26.401,26.282,27.18,30.078,NA,19.3,25.872,10.664,2.68,10.933,12.97,15.73,21.113,29.251,31.685,28.787,30.897,22.887,28.21,28.85,-10.532,NA,NA,-1.165,16.384,NA,NA,15.385,26.443,30.004,29.918,30.707,26.606,26.799,18.505,19.037,-4.458,-6.558,-14.204,20.424,29.502,23.052,18.578,29.852,23.235,29.676,30.785,31.069,26.879,6.852,19.242
"2072-05",-1.902,2.779,-1.682,14.18,24.883,20.921,26.06,28.39,27.204,25.032,27.493,29.364,NA,17.383,24.153,9.006,3.75,12.294,17.923,17.973,22.401,29.278,31.299,30.354,30.124,21.847,26.818,27.84,-3.833,NA,NA,1.302,20.968,NA,NA,18.924,28.948,31.328,30.982,29.711,26.331,25.128,17.048,17.325,-10.354,-16.129,-4.139,21.519,29.907,21.682,19.388,29.46,21.727,30.675,31.665,31.393,25.828,5.578,19.24
"2072-06",0.926,5.111,1.254,17.058,28.024,24.278,27.641,28.504,27.789,24.392,27.861,28.393,NA,16.068,22.611,7.926,6.129,16.162,21.281,21.303,22.932,29.112,30.014,29.029,28.662,20.533,25.331,26.314,0.456,NA,NA,4.394,24.189,NA,NA,22.375,30.609,31.137,31.006,28.431,24.898,23.736,15.57,15.774,-13.19,-17.225,-0.69,23.213,29.757,20.487,20.92,28.854,20.409,29.788,31.054,30.719,24.442,4.116,19.131
"2072-07",2.905,7.77,3.907,18.005,30.34,26.559,28.717,28.786,28.389,24.145,28.153,27.61,NA,15.205,20.815,7.217,8.93,20.683,25.784,25.082,23.367,28.776,28.504,27.94,27.871,19.4,24.564,25.511,1.631,NA,NA,7.153,27.289,NA,NA,24.941,31.258,29.902,30.492,27.286,24.155,22.499,14.53,14.802,-17.666,-21.853,0.165,24.548,29.156,19.458,22.592,28.092,19.252,28.566,30.322,30.142,23.489,3.059,18.929
"2072-08",3.256,7.629,4.987,18.623,31.641,27.513,29.661,29.21,29.006,24.289,28.867,27.221,NA,15.213,20.047,6.715,9.446,20.662,22.394,25.872,24.012,28.602,27.548,27.788,27.497,18.719,24.192,25.108,2.334,NA,NA,9.882,24.924,NA,NA,26.222,32.124,29.344,29.709,26.619,23.421,21.975,14.032,14.421,-17.331,-19.216,0.848,25.417,28.867,18.825,23.778,27.713,18.575,28.117,29.862,29.775,22.951,2.524,18.895
"2072-09",2.062,6.244,4.039,17.487,30.398,26.8,29.378,29.335,29.095,24.819,28.909,27.364,NA,15.559,20.047,6.648,9.447,19.047,18.148,23.979,24.158,28.967,28.015,28.553,27.834,18.951,24.53,25.09,1.644,NA,NA,8.5,21.47,NA,NA,25.592,31.146,29.725,29.778,27.042,23.08,22.399,13.982,14.646,-16.233,-14.971,0.14,25.455,29.09,18.671,23.65,27.905,18.423,28.415,30.026,30.009,22.774,2.69,18.89
"2072-10",0.447,4.51,2.495,15.29,26.822,24.387,27.879,29.034,28.636,25.134,28.961,27.714,NA,16.384,20.358,7.263,7.374,15.609,12.755,21.095,24.054,29.502,28.925,29.685,28.661,19.606,25.528,26.028,-0.058,NA,NA,5.612,16.271,NA,NA,23.293,28.831,30.3,29.994,27.864,22.666,22.927,14.181,15.159,-12.657,-13.776,-1.805,24.646,29.692,19.044,22.629,28.364,18.779,29.656,30.431,30.341,23.264,3.338,18.899
"2072-11",-3.712,2.338,-1.273,13.381,24.071,21.779,25.959,28.328,27.873,25.51,28.24,28.655,NA,17.494,21.706,8.192,5.749,13.189,7.455,18.259,23.37,29.892,29.807,29.151,30.151,21.106,26.849,27.569,-6.79,NA,NA,2.36,11.47,NA,NA,20.416,26.189,29.381,29.806,29.098,23.064,24.379,15.698,16.297,-5.933,-6.262,-8.983,23.275,30.272,20.045,21.222,29.041,19.769,29.618,29.43,30.551,24.588,4.508,18.958
"2072-12",-11.565,-0.908,-7.888,12.179,19.403,19.493,24.259,27.272,26.835,26.72,27.46,29.296,NA,19.22,23.75,10.339,3.748,11.515,5.09,16.186,22.146,29.888,30.3,27.648,30.693,22.664,28.412,28.986,-20.365,NA,NA,-0.849,9.239,NA,NA,17.498,23.356,28.079,29.162,30.425,24.178,25.658,17.007,17.835,-1.167,-1.77,-19.569,21.791,30.556,21.594,20.138,29.519,21.484,28.557,28.046,30.033,26.134,5.972,18.942
"2073-01",-15.654,-5.063,-13.151,11.808,16.357,17.57,22.678,26.627,26.008,27.436,27.009,30.265,NA,20.992,25.526,12.205,1.951,10.448,-3.036,14.888,21.231,29.97,31.188,27.126,30.324,24.261,29.62,30.655,-22.349,NA,NA,-6.201,1.979,NA,NA,15.298,21.018,27.467,28.651,30.691,25.053,27.121,18.07,19.458,1.089,0.336,-23.51,20.679,30.288,23.034,19.331,30.221,23.549,27.986,27.313,29.814,27.61,7.318,19.144
"2073-02",-16.816,-6.323,-19.938,11.731,15.625,16.455,21.909,26.578,25.617,27.97,26.796,30.717,NA,21.351,26.62,12.48,1.932,10.183,4.694,14.71,21.242,30.355,31.839,26.817,30.171,24.88,30.111,30.972,-20.001,NA,NA,-7.552,8.064,NA,NA,14.423,20.639,27.466,28.522,30.677,24.983,27.963,19.027,20.64,1.312,0.643,-24.047,19.998,30.197,23.803,18.754,30.685,24.339,27.552,27.159,29.752,28.274,7.94,19.255
"2073-03",-12.437,-5.961,-14.331,12.034,17.359,16.615,22.156,26.771,25.598,27.926,27.078,30.834,NA,20.952,27.304,12.157,1.526,10.195,7.04,14.758,21.259,29.711,32.548,27.605,30.817,24.978,29.762,30.431,-20.301,NA,NA,-5.698,11.531,NA,NA,14.523,23.162,28.455,29.351,31.1,26.057,27.467,19.059,20.366,-0.061,-0.345,-22.876,19.963,30.209,23.66,18.569,30.625,24.165,28.299,28.418,30.429,28.138,7.747,19.309
"2073-04",-9.502,-1.402,-9.261,12.634,19.889,18.107,23.797,27.651,26.167,27.443,27.418,30.704,NA,19.403,25.793,10.621,2.95,11.105,10.834,15.235,21.561,29.725,32.665,29.117,31.614,23.742,28.902,30.069,-9.144,NA,NA,-1.978,14.097,NA,NA,16.071,24.52,29.851,30.57,30.837,26.417,26.229,18.303,18.603,-3.175,-4.16,-12.796,20.38,30.449,22.891,18.958,30.546,22.978,29.211,30.575,31.373,27.303,6.816,19.423
"2073-05",-2.15,2.993,-2.499,13.676,23.941,20.615,25.519,28.687,27.037,26.261,27.836,29.864,NA,17.755,23.786,9.288,4.229,14.032,17.457,17.867,22.297,29.215,31.733,30.909,31.634,22.007,27.887,28.867,-2.83,NA,NA,0.898,19.978,NA,NA,18.983,28.261,30.758,31.303,29.737,25.539,25.012,16.806,16.95,-9.403,-10.738,-3.186,21.364,30.304,21.703,19.757,29.902,21.549,30.507,32.011,31.755,25.916,5.646,19.385
"2073-06",0.671,5.609,0.913,16.349,28.643,24.223,27.153,28.637,27.867,24.887,28.14,28.704,NA,16.319,21.53,7.996,6.904,17.873,22.673,21.5,22.961,28.946,30.452,30.697,29.824,20.547,26.541,27.323,0.826,NA,NA,4.305,24.924,NA,NA,22.553,31.21,31.379,31.065,28.266,24.937,23.713,15.793,15.791,-14.424,-16.864,-0.615,22.969,29.795,20.448,21.325,29.152,20.032,30.732,31.153,31.125,24.741,4.205,19.174
"2073-07",2.54,8.224,4.161,18.549,31.176,26.485,29.18,28.919,28.746,23.9,28.725,27.688,NA,15.337,19.829,7.176,8.843,19.661,24.719,24.676,23.404,28.824,28.554,28.14,28.382,19.422,25.405,26.248,1.713,NA,NA,7.73,26.39,NA,NA,24.752,31.43,29.769,30.201,27.106,24.199,22.697,15.092,15.019,-16.927,-21.418,0.313,24.635,29.117,19.416,22.792,28.384,19.019,29.239,30.3,30.413,23.787,3.121,18.999
"2073-08",2.886,8.002,4.635,18.335,31.719,27.068,29.756,29.157,29.05,24.118,29.233,27.214,NA,15.165,19.698,6.727,9.152,20.755,21.195,25.729,24.352,28.933,28.19,27.031,27.398,19.222,24.816,25.159,3.005,NA,NA,10.05,24.035,NA,NA,26.5,32.141,29.429,29.624,26.746,23.405,22.024,14.331,14.462,-16.528,-15.837,0.92,25.373,28.651,18.867,23.818,28.007,18.458,28.135,30.101,29.832,22.974,2.731,18.952
"2073-09",1.526,6.886,3.551,18.057,30.441,26.247,29.366,29.467,29.221,23.79,29.368,27.268,NA,15.268,20.159,6.778,7.892,18.515,17.175,23.528,25.275,29.208,28.322,28.161,27.721,19.075,25.119,25.236,1.927,NA,NA,9.034,20.71,NA,NA,25.586,31.235,29.903,29.847,27.289,23.082,22.053,14.006,14.412,-16.617,-16.205,0.198,25.481,28.581,18.768,23.884,27.908,18.285,28.632,30.123,29.842,22.75,2.487,18.824
"2073-10",-0.941,4.648,1.797,15.232,26.865,23.758,28.142,28.934,28.722,23.884,29.198,27.824,NA,16.133,21.019,7.345,6.328,16.139,12.001,21.22,25.582,29.526,29.131,29.49,28.978,19.988,26.323,26.48,0.744,NA,NA,6.669,15.779,NA,NA,23.139,30.338,30.35,30.084,28.027,22.826,22.823,14.48,15.222,-13.552,-11.066,-1.814,24.609,28.797,19.077,22.967,28.461,18.712,29.655,30.525,30.129,23.155,2.969,18.797
"2073-11",-5.378,2.296,-1.374,13.444,23.124,21.09,26.383,28.08,27.959,24.46,28.576,28.558,NA,17.357,22.526,8.567,4.884,13.635,7.362,18.572,24.089,29.737,29.809,29.18,30.419,21.123,27.585,27.813,-2.979,NA,NA,3.137,11.721,NA,NA,19.773,27.397,29.227,29.778,29.305,23.161,24.083,15.848,16.615,-6.069,-8.046,-7.458,23.298,29.415,20.128,21.51,29.019,19.859,29.683,29.358,30.264,24.252,4.33,18.908
"2073-12",-10.754,-1.598,-6.454,12.522,20.304,19.368,24.238,27.132,27.156,25.324,28.003,29.013,NA,18.624,24.846,9.939,3.197,11.743,6.104,16.433,21.946,29.621,29.914,28.018,30.759,22.319,28.504,28.965,-10.333,NA,NA,0.091,9.947,NA,NA,17.069,24.443,27.775,29.196,30.052,24.017,25.54,17.252,18.144,-1.581,-2.241,-14.148,21.736,29.588,21.688,20.27,29.227,21.538,28.762,27.85,30.171,25.511,5.701,18.972
"2074-01",-14.802,-3.712,-13.094,11.38,17.508,17.985,22.765,26.857,26.446,26.669,27.257,29.646,NA,19.807,26.473,11.276,1.238,10.78,6.73,15.245,21.22,29.679,30.592,26.818,29.782,24.15,29.623,29.935,-20.614,NA,NA,-4.738,9.862,NA,NA,15.329,22.15,26.998,28.412,30.382,25.52,26.695,18.83,19.847,0.579,-0.487,-21.635,20.574,29.462,22.992,19.292,29.833,23.388,27.976,26.584,29.543,26.888,7.133,19.007
"2074-02",-14.091,-4.974,-20.65,11.508,17.386,17.109,22.446,26.296,25.976,26.945,27,29.965,NA,20.511,27.15,11.753,1.601,9.529,5.689,14.256,20.75,29.91,31.477,26.64,30.114,25.116,29.553,29.739,-21.353,NA,NA,-7.421,9.686,NA,NA,14.145,21.916,27.264,28.261,30.584,26.036,27.723,19.546,20.632,0.633,0.151,-22.359,20.048,29.375,23.752,18.819,30.236,24.359,27.833,26.562,29.617,27.462,7.845,19.127
"2074-03",-14.423,-2.755,-16.781,11.973,17.918,17.209,22.8,26.434,25.974,26.476,26.833,30.147,NA,20.421,26.344,11.813,2.057,10.209,8.1,14.36,21.127,29.766,32.029,27.721,31.303,24.753,29.263,29.794,-19.155,NA,NA,-7.14,11.748,NA,NA,13.991,22.608,28.335,28.816,30.873,26.675,27.297,19.015,19.958,-0.749,-1.072,-21.621,19.901,29.358,23.82,18.627,30.312,24.18,28.572,27.904,30.362,27.584,7.63,19.156
"2074-04",-10.165,0.11,-6.286,12.357,20.616,18.681,23.676,27.431,26.338,26.411,26.727,30.256,NA,19.19,25.499,10.392,2.254,11.218,12.767,15.97,21.951,29.888,32.073,28.902,31.784,23.781,28.476,29.221,-10.275,NA,NA,-1.625,15.738,NA,NA,15.495,25.006,29.526,29.924,30.822,26.778,26.454,18.34,19.104,-4.788,-7.697,-13.635,20.369,29.575,22.907,19.022,30.271,23.181,29.297,29.958,31.225,27.078,6.745,19.267
"2074-05",-1.802,2.246,-1.117,13.774,24.37,21.575,25.472,28.432,27.078,25.272,27.171,29.737,NA,17.586,23.639,8.983,4.827,13.585,17.865,18.591,22.67,29.934,31.764,30.788,30.894,22.613,27.428,28.012,-3.218,NA,NA,1.405,20.535,NA,NA,18.583,28.567,30.726,30.815,29.851,26.106,25.089,17.337,17.779,-11.786,-14.699,-3.889,21.42,29.706,21.528,19.886,29.981,21.708,30.681,31.586,31.511,25.906,5.443,19.251
"2074-06",0.922,5.475,1.667,15.676,29.117,24.837,27.373,28.77,28.19,23.147,27.928,28.311,NA,15.795,21.877,7.729,7.414,17.74,21.714,22.413,23.536,29.42,30.252,29.396,29.413,20.863,26.257,26.837,0.768,NA,NA,5.187,24.424,NA,NA,22.392,30.64,31.031,31.025,28.551,25.211,23.574,15.926,16.34,-17.096,-16.991,-0.457,23.102,29.157,20.235,21.467,29.102,20.19,29.805,31.581,30.877,24.557,4.054,19.076
"2074-07",3.467,8.256,3.783,17.476,31.97,26.733,28.785,28.881,29.039,22.654,28.365,27.469,NA,14.808,20.813,7.126,9.307,19.324,25.952,25.316,23.684,28.949,28.295,27.759,28.199,19.487,25.292,25.9,2.446,NA,NA,8.12,27.067,NA,NA,25.265,31.546,29.651,30.279,27.141,24.249,22.424,14.938,15.272,-20.686,-16.38,0.171,24.503,28.401,19.322,22.906,28.121,19.13,28.792,30.041,30.098,23.485,2.615,18.823
"2074-08",4.246,8.254,4.865,18.348,32.123,27.418,29.549,29.197,29.443,22.566,29.038,27.18,NA,14.485,20.26,6.748,9.221,19.635,23.225,25.893,24.314,28.633,27.388,27.579,27.711,18.705,24.931,25.488,2.663,NA,NA,9.615,25.502,NA,NA,26.343,32.125,29.603,29.839,26.957,23.407,22.247,14.206,14.873,-20.076,-15.319,0.826,25.409,27.439,18.748,23.919,27.675,18.436,28.111,30.141,29.669,22.89,2.272,18.739
"2074-09",2.593,6.726,3.615,17.85,30.999,26.489,29.702,29.387,29.444,23.143,29.261,27.312,NA,14.925,20.447,6.694,8.441,18.694,16.37,24.36,24.98,28.698,27.614,28.504,27.952,18.839,25.417,25.587,2.057,NA,NA,9.29,19.948,NA,NA,25.472,31.191,29.997,29.599,27.379,23,22.197,13.966,14.661,-16.384,-14.137,0.475,25.236,27.325,18.627,23.931,27.745,18.258,28.673,30.076,29.733,22.771,2.297,18.661
"2074-10",0.581,4.767,1.843,15.252,27.441,24.772,28.103,28.996,29.064,23.141,29.148,27.591,NA,15.852,21.038,7.285,7.034,16.035,11.529,21.537,24.865,29.24,28.447,29.286,28.571,19.709,26.241,26.23,0.959,NA,NA,5.678,15.659,NA,NA,23.13,29.529,30.948,29.819,28.305,22.886,22.813,14.231,15.245,-12.78,-12.057,-0.515,24.345,27.471,19.066,22.881,28.117,18.584,29.669,30.759,29.991,23.244,3.339,18.704
"2074-11",-4.397,1.147,-2.195,12.214,23.687,23.002,25.6,28.229,28.264,23.623,28.597,28.009,NA,17.143,22.439,8.74,5.803,13.747,5.091,18.835,24.041,29.6,28.973,28.838,30.023,20.952,27.573,27.732,-3.37,NA,NA,2.526,9.312,NA,NA,20.74,26.359,30.307,30.205,29.681,23.258,24.158,15.266,16.607,-6.152,-7.435,-7.047,22.917,27.938,20.048,21.553,28.486,19.568,29.662,30.414,30.57,24.409,4.477,18.76
"2074-12",-10.606,-2.909,-7.529,10.64,20.413,20.243,23.48,27.188,27.224,24.018,27.508,28.894,NA,18.653,24.172,10.845,4.332,12.236,6.824,16.956,21.985,29.514,29.824,27.091,30.212,22.554,28.458,28.525,-12.458,NA,NA,-0.499,9.914,NA,NA,17.905,23.088,28.615,29.733,30.72,24.037,26.416,16.937,18.618,-1.508,-1.605,-16.544,21.558,28.16,21.548,20.201,29.257,21.323,28.373,29.081,30.448,25.585,5.896,18.802
"2075-01",-12.312,-5.31,-18.551,9.15,19.504,18.506,22.563,26.602,26.322,25.172,26.96,29.524,NA,19.822,25.8,11.539,3.157,10.542,4.054,15.094,20.416,29.311,30.493,26.139,29.239,23.496,28.322,28.939,-17.603,NA,NA,-3.235,7.451,NA,NA,15.358,21.066,27.735,28.856,30.779,25.674,27.563,18.348,20.287,0.412,0.629,-16.75,20.604,28.337,23.003,19.229,29.622,23.189,27.9,27.855,30.041,26.735,7.253,19.023
"2075-02",-14.245,-6.347,-21.402,9.855,18.217,17.43,22.166,26.054,25.706,26.414,26.443,29.699,NA,20.584,26.744,12.375,2.656,9.468,-1.738,14.012,20.116,29.497,31.26,25.59,28.854,24.033,28.485,29.275,-22.028,NA,NA,-5.4,3.405,NA,NA,13.908,20.008,27.724,28.809,30.916,26.187,28.095,19.733,21.477,0.752,0.743,-20.863,20.066,28.422,23.723,18.683,29.866,24.346,27.484,27.942,30.045,27.196,7.962,19.073
"2075-03",-11.384,-6.022,-13.619,10.655,19.201,17.891,22.7,26.274,25.731,26.481,26.557,29.939,NA,20.535,27.231,12.107,2.899,9.785,4.231,13.997,20.43,29.236,32.009,25.927,29.565,24.119,28.942,29.497,-19.463,NA,NA,-6.034,9.362,NA,NA,13.914,21.596,28.475,29.112,31.049,26.832,27.813,19.886,20.967,-0.895,-1.015,-19.503,19.917,28.802,23.528,18.602,30.063,24.183,27.644,28.746,30.311,27.423,7.772,19.151
"2075-04",-8.561,-3.137,-7.678,10.984,22.807,19.704,23.891,27.301,26.248,26.455,26.749,29.923,NA,19.396,25.725,10.024,3.584,10.908,11.075,15.025,21.404,29.142,32.095,27.758,30.707,23.495,28.111,28.864,-12.714,NA,NA,-1.555,14.7,NA,NA,15.763,24.75,29.902,30.198,30.826,27,26.107,18.655,18.95,-4.452,-3.759,-16.49,20.303,29.226,22.793,18.901,29.944,23.093,28.791,30.93,31.204,27,6.815,19.152
"2075-05",-2.625,1.232,-2.139,12.684,26.101,21.942,25.381,28.278,27.036,26.174,27.078,29.357,NA,17.517,23.875,8.727,4.778,14.383,17.406,18.25,21.874,29.064,31.369,29.769,30.071,22.306,26.827,27.614,-4.761,NA,NA,1.604,20.692,NA,NA,19.129,28.622,30.55,30.884,29.346,26.791,24.321,17.185,17.182,-9.456,-10.153,-4.967,21.427,29.75,21.468,19.766,29.515,21.514,30.03,31.525,31.472,25.877,5.618,19.223
"2075-06",0.596,4.686,1.457,14.899,29.677,24.522,27.136,28.863,28.043,25.083,27.593,28.432,NA,15.538,22.388,7.612,6.534,17.444,24.358,21.384,22.698,28.96,30.02,28.997,28.738,20.713,25.84,26.507,0.864,NA,NA,4.874,26.109,NA,NA,22.934,30.073,29.946,31.021,28.167,25.475,23.256,16.255,16.082,-16.009,-15.593,-0.586,23.18,29.598,20.214,21.24,28.803,20.122,29.499,30.784,30.706,24.564,4.156,19.09
"2075-07",2.091,7.101,4.191,16.881,31.258,26.575,28.856,28.894,28.521,24.471,28.197,27.543,NA,14.654,20.587,6.903,8.322,20.88,25.765,25.044,23.537,28.467,28.399,27.75,27.532,19.365,24.768,25.597,1.897,NA,NA,7.533,27.421,NA,NA,25.128,31.564,29.541,30.386,27.558,24.069,22.381,14.976,15.103,-16.724,-20.602,0.255,24.46,29.447,19.33,22.89,27.875,19.062,28.558,29.721,29.99,23.483,2.806,18.9
"2075-08",2.904,7.348,4.979,17.089,32.098,27.499,29.571,29.125,28.921,24.425,28.656,27.264,NA,14.751,19.657,6.646,8.315,20.283,22.976,25.634,24.147,28.367,27.453,27.389,27.175,18.45,24.396,25.262,2.21,NA,NA,10.208,25.602,NA,NA,26.859,31.786,29.176,30.073,27.14,23.433,21.886,14.02,14.508,-17.732,-17.632,0.947,25.421,29.254,18.809,23.941,27.501,18.458,28.071,29.742,29.711,22.82,2.181,18.873
"2075-09",2.048,6.503,3.809,16.368,31.258,26.674,29.302,29.359,28.887,24.824,29.004,27.456,NA,15.11,19.773,6.549,7.839,18.936,17.729,24.116,25.014,29.037,27.889,28.607,27.747,18.456,24.549,25.31,1.501,NA,NA,9.351,20.376,NA,NA,26.138,31.601,29.869,30.118,27.344,22.979,22.13,13.764,14.528,-17.684,-17.271,0.429,25.357,29.147,18.667,23.827,27.781,18.238,28.85,30.471,30.062,22.774,2.443,18.827
"2075-10",-0.306,4.56,2.312,14.02,27.97,24.831,27.93,29.222,28.603,25.166,29.021,27.788,NA,16.307,20.276,7.066,6.415,16.384,11.131,21.539,25.134,29.467,28.499,30.041,29.072,19.414,25.486,25.882,0.436,NA,NA,6.485,15.767,NA,NA,23.641,30.102,30.777,30.226,28.51,23.094,23.121,14.289,15.119,-14.013,-15.868,-1.045,24.587,29.479,19.107,22.719,28.197,18.669,30.434,30.521,30.69,23.141,2.908,18.834
"2075-11",-4.213,1.842,-1.143,12.365,22.653,21.669,25.957,28.423,27.874,25.671,28.609,28.486,NA,17.67,21.725,8.438,5.232,13.758,8.29,18.559,24.366,29.874,29.452,29.462,30.851,20.973,27.051,27.473,-5.287,NA,NA,3.292,12.612,NA,NA,20.243,27.398,29.698,30.088,29.775,23.128,24.212,15.439,15.976,-6.31,-7.205,-7.492,23.243,30.138,20.108,21.56,28.972,19.811,29.997,29.68,31.009,24.267,4.193,18.969
"2075-12",-11.517,-2.959,-8.255,9.824,18.519,19.316,23.584,27.132,26.852,26.484,27.537,29.335,NA,18.68,24.223,9.917,4.134,11.748,4.584,16.196,22.332,29.629,30.193,27.779,30.854,22.424,28.254,28.882,-15.538,NA,NA,0.447,8.631,NA,NA,17.939,23.915,28.366,29.649,30.847,24.286,26.396,17.171,17.99,-1.572,-1.8,-18.433,21.92,30.285,21.379,20.395,29.559,21.49,28.64,28.78,30.617,25.761,5.715,18.951
"2076-01",-16.834,-5.11,-19.29,9.028,16.836,17.822,22.717,26.491,26.079,26.528,27.066,30.224,NA,19.841,26.663,11.257,2.399,10.417,0.646,14.265,20.753,28.985,31.271,26.803,30.087,23.721,29.188,30.068,-18.316,NA,NA,-2.598,5.614,NA,NA,15.728,21.21,27.969,29.296,31.145,25.374,27.726,19.031,20.122,0.606,0.081,-21.074,20.748,29.833,22.746,19.434,29.977,23.238,27.864,28.48,30.287,27.071,7.061,19.07
"2076-02",-15.968,-6.048,-18.511,9.549,16.588,16.525,22.072,26.091,25.639,26.75,27.086,30.28,NA,20.258,27.116,11.646,1.888,10.119,-1.534,13.693,20.769,29.506,31.502,26.764,30.028,24.213,29.949,30.472,-22.495,NA,NA,-6.756,4.932,NA,NA,14.487,21.155,28.193,29.244,30.629,25.753,28.049,19.786,20.779,0.627,0.277,-24.188,20.091,29.526,23.744,18.946,30.227,24.291,27.669,28.748,30.522,27.647,7.723,19.155
"2076-03",-15.974,-4.47,-19.943,10.359,17.641,16.679,22.557,26.527,25.845,26.396,27.222,30.423,NA,20.171,26.683,11.14,1.688,10.133,6.107,13.953,21.274,29.834,32.163,27.446,30.751,24.016,29.701,30.135,-17.777,NA,NA,-4.08,10.704,NA,NA,14.405,22.15,29.147,29.673,30.851,26.384,27.922,19.722,20.38,-0.976,-1.177,-23.938,20.121,29.437,23.656,18.831,30.418,24.036,28.159,29.672,31.008,27.818,7.5,19.168
"2076-04",-7.376,-3.2,-8.739,10.989,21.254,18.948,23.691,27.656,26.372,25.691,27.367,30.241,NA,18.825,25.396,10.048,3.343,11.398,9.626,15.234,22.093,29.569,32.321,28.776,31.695,23.35,28.935,29.049,-10.531,NA,NA,-0.709,13.866,NA,NA,15.76,24.729,30.202,30.855,30.83,26.425,26.632,18.433,19.023,-5.512,-6.224,-13.007,20.563,29.785,22.851,19.135,30.142,23.06,29.204,31.35,31.626,27.181,6.534,19.329
"2076-05",-2.143,1.05,-1.835,13.827,23.618,21.158,25.202,28.448,27.414,24.835,27.72,29.862,NA,17.176,23.817,8.697,4.318,13.107,19.088,18.41,22.42,29.486,31.772,30.298,30.601,21.974,27.196,27.648,-2.276,NA,NA,1.34,21.957,NA,NA,18.871,29.037,30.73,31.607,29.927,25.436,25.128,17.041,17.575,-12.308,-13.976,-4.345,21.661,29.927,21.547,20.054,29.703,21.654,29.891,32.073,31.675,25.974,5.023,19.243
"2076-06",0.661,4.655,0.861,15.45,28.624,24.527,27.398,28.637,28.306,23.748,28.273,28.797,NA,15.64,21.911,7.808,6.594,16.768,21.706,21.304,23.091,29.277,30.232,29.671,28.888,20.793,25.639,26.367,0.872,NA,NA,4.44,24.34,NA,NA,22.381,30.953,30.856,31.189,28.753,24.683,23.73,15.792,16.164,-18.202,-18.02,-0.458,23.115,29.397,20.317,21.655,28.825,20.107,29.761,31.031,30.838,24.44,3.304,18.948
"2076-07",2.411,7.08,3.59,16.561,31.723,26.578,28.946,29.022,29.025,23.7,28.824,27.714,NA,15.025,20.621,7.09,8.057,18.782,24.075,24.447,23.632,28.878,28.805,27.609,27.435,19.683,24.504,25.315,2.336,NA,NA,7.4,26.129,NA,NA,24.873,31.032,29.579,30.675,27.761,24.367,22.624,14.674,15.032,-17.9,-18.934,0.467,24.43,28.97,19.482,23.085,27.984,18.996,28.567,29.963,29.97,23.305,2.461,18.838
"2076-08",2.986,7.841,4.466,16.819,31.663,27.315,29.191,29.443,29.478,23.559,29.216,27.081,NA,14.816,20.329,6.619,8.335,19.577,21.906,24.745,24.34,28.811,28.445,27.077,26.66,19.065,24.033,24.744,2.697,NA,NA,10.23,24.852,NA,NA,26.676,31.668,29.387,30.306,27.443,23.464,21.951,13.776,14.334,-18.775,-20.269,1.325,25.308,28.711,18.964,23.981,27.606,18.425,27.858,29.671,29.549,22.684,2.098,18.799
"2076-09",1.894,6.457,3.748,16.126,30.843,26.71,29.341,29.554,29.628,23.976,29.345,26.968,NA,15.188,20.105,6.48,7.611,18.494,16.875,23.651,24.869,28.84,28.267,28.068,27.155,19.124,24.665,24.901,2.204,NA,NA,8.883,20.745,NA,NA,26.289,31.796,30.408,30.475,27.533,23.023,21.938,13.649,14.21,-19.039,-16.338,0.607,25.383,28.961,18.819,23.805,27.588,18.228,28.61,30.699,29.841,22.648,2.282,18.801
"2076-10",-0.31,4.761,1.671,14.658,27.082,24.7,27.882,29.131,29.226,24.26,29.231,27.387,NA,16.09,21.105,7.215,6.578,16.745,10.929,21.797,25.068,29.279,29.041,29.256,28.454,19.715,26.059,26.365,0.584,NA,NA,5.625,14.584,NA,NA,23.669,29.989,30.957,30.62,28.307,22.881,22.563,13.995,15.006,-13.241,-13.187,-0.762,24.625,29.455,19.071,22.757,28.095,18.605,29.653,31.002,30.36,23.406,3.02,18.881
"2076-11",-4.933,1.387,-2.086,12.453,22.829,22.27,25.7,28.249,28.364,24.338,28.676,28.368,NA,17.065,22.744,8.089,5.811,14.23,5.846,18.839,23.262,29.622,29.255,28.508,30.158,20.753,27.34,28.141,-5.369,NA,NA,2.8,10.116,NA,NA,20.996,26.338,29.961,30.664,29.686,23.37,24.074,15.295,16.192,-5.814,-7.279,-8.044,23.308,29.848,20.107,21.291,28.581,19.857,29.405,30.365,30.805,24.721,4.314,18.964
"2076-12",-10.897,-2.715,-7.368,11.572,18.096,19.585,23.552,27.031,27.339,25.57,27.932,29.078,NA,18.637,24.301,9.719,4.458,12.462,3.08,16.808,22.091,29.687,29.646,27.541,30.877,22.275,28.714,29.476,-13.559,NA,NA,-0.604,7.851,NA,NA,18.039,23.584,28.826,30.075,30.579,24.337,25.456,16.827,18.167,-1.611,-2.145,-14.237,21.786,30.056,21.658,20.183,29.087,21.615,28.559,29.471,30.856,26.157,5.787,19.086
"2077-01",-15.706,-7.571,-16.47,11.786,17.277,17.669,22.839,25.977,26.33,26.556,27.418,29.81,NA,19.851,25.586,11.192,3.277,11.328,3.679,15.341,21.348,29.718,30.405,26.698,29.918,23.451,29.126,30.155,-21.014,NA,NA,-5.016,7.49,NA,NA,14.923,21.933,28.042,29.042,31.171,25.328,26.921,18.478,20.042,0.692,-0.714,-22.033,20.6,29.908,23.059,19.503,29.733,23.257,27.838,28.554,30.59,27.317,7.253,19.106
"2077-02",-17.095,-7.597,-22.061,11.808,16.795,17.3,22.375,26.469,26.062,27.587,27.222,30.193,NA,20.828,26.902,12.145,2.827,10.691,1.296,14.287,21.243,30.046,31.071,26.66,30.061,24.451,29.972,30.451,-21.222,NA,NA,-7.201,6.458,NA,NA,13.774,21.561,28.134,28.657,30.841,26.062,27.195,19.368,20.45,0.919,-0.238,-21.843,19.975,29.873,23.755,19.004,30.289,24.485,27.795,28.398,30.422,27.981,7.977,19.253
"2077-03",-13.233,-3.908,-18.43,12.005,17.886,17.128,22.515,26.745,26.027,27.22,27.354,30.363,NA,20.533,26.941,11.81,2.686,10.256,2.473,13.975,21.18,29.869,31.891,27.542,30.887,24.152,29.517,30.056,-18.75,NA,NA,-6.691,7.761,NA,NA,14.071,22.863,28.987,29.559,31.056,26.048,27.52,19.106,20.246,-0.577,-2.323,-20.349,19.913,29.984,23.775,18.913,30.422,24.452,28.302,29.25,30.823,27.748,7.721,19.329
"2077-04",-8.383,-0.256,-7.751,12.723,20.558,18.848,23.785,27.911,26.484,27.203,27.599,30.237,NA,19.059,25.96,10.446,3.86,11.696,6.215,14.752,21.519,29.859,32.168,29.453,31.535,23.366,28.592,29.091,-10.533,NA,NA,-2.811,11.092,NA,NA,16.007,24.565,30.247,30.758,30.937,26.335,26.328,18.204,18.796,-4.478,-9.403,-11.946,20.405,30.441,23.019,19.241,30.333,23.379,29.506,30.639,31.597,27.233,6.812,19.477
"2077-05",-2.451,2.519,-0.799,13.205,25.586,22.125,25.511,29.03,27.427,26.488,27.877,29.615,NA,17.595,24.215,9.442,4.973,15.146,17.843,19.163,22.813,29.811,31.899,30.973,30.448,22.453,27.424,27.692,-1.8,NA,NA,1.142,20.397,NA,NA,18.424,29.048,31.109,31.317,29.839,26.088,24.888,17.037,17.342,-11.688,-14.645,-3.348,21.225,30.627,21.738,20.074,30.124,21.697,30.778,31.829,31.768,25.962,5.247,19.383
"2077-06",0.809,4.822,1.937,14.809,29.303,25.071,27.496,29.124,28.427,25.533,28.348,28.726,NA,16,22.204,8.053,7.064,18.063,22.258,22.403,23.73,29.412,30.141,29.427,28.817,20.486,25.798,26.507,0.813,NA,NA,4.865,24.865,NA,NA,22.367,31.424,31.122,31.353,28.343,24.978,23.651,15.688,16.118,-15.868,-18.107,-0.56,22.826,30.287,20.47,21.713,29.021,20.355,30.128,31.363,31.217,24.725,3.815,19.193
"2077-07",2.599,7.231,4.199,17.33,30.776,26.851,28.75,29.316,29.053,25.065,28.933,27.764,NA,15.475,20.98,7.251,9.496,20.492,25.709,24.991,23.972,28.905,28.257,27.518,27.486,19.061,24.597,25.463,2.879,NA,NA,7.397,27.502,NA,NA,24.728,32.313,30.217,30.835,27.56,24.055,23.036,14.838,15.36,-19.493,-19.342,0.08,24.39,29.801,19.428,23.321,28.15,19.134,28.572,31.116,30.377,23.689,2.787,19.026
"2077-08",2.858,7.76,5.112,18.096,31.376,27.988,29.501,29.468,29.243,25.173,29.276,27.327,NA,15.227,20.161,6.637,9.984,20.506,23.233,26.062,24.228,28.887,27.622,27.798,27.295,18.526,24.182,24.908,2.809,NA,NA,9.357,25.335,NA,NA,26.063,32.062,29.254,30.125,27.246,23.314,22.515,14.088,14.841,-19.33,-19.722,0.669,25.213,29.732,18.888,24.131,27.588,18.482,28.063,30.303,29.962,22.954,2.207,18.929
"2077-09",1.705,6.171,4.205,18.074,31.105,27.206,29.549,29.703,29.493,24.381,29.421,27.435,NA,14.883,19.679,6.399,8.735,19.597,18.012,24.756,24.611,28.978,28.081,28.689,27.802,18.699,24.99,25.178,1.893,NA,NA,8.727,20.718,NA,NA,25.08,31.058,29.984,30.213,27.512,22.969,22.431,13.972,14.502,-18.374,-16.407,-0.158,25.362,29.66,18.759,24.203,27.719,18.309,28.771,30.516,30.137,22.821,2.268,18.896
"2077-10",-0.39,4.471,2.303,15.8,26.982,24.391,28.302,29.613,29.237,25.036,29.337,27.756,NA,16.387,20.138,7.115,7.497,16.64,12.826,21.949,24.463,29.234,28.401,30.019,28.861,19.07,25.762,26.041,0.232,NA,NA,6.371,16.803,NA,NA,23.076,29.923,30.38,30.32,27.982,22.931,22.924,14.433,14.93,-12.085,-12.604,-3.522,24.689,29.948,19.146,23.082,28.018,18.591,29.944,30.609,30.688,23.474,3.229,18.967
"2077-11",-3.388,2.333,-0.649,13.639,21.835,21.259,26.216,28.796,28.378,25.625,28.715,28.358,NA,17.857,22.025,8.799,6.194,14.181,9.976,19.034,24.078,29.715,28.955,29.377,30.171,20.118,26.931,27.266,-5.471,NA,NA,2.72,13.93,NA,NA,19.85,27.136,29.833,30.288,29.211,23.183,24.356,15.67,16.623,-6.53,-6.378,-9.755,23.278,30.437,20.178,21.604,28.644,19.592,29.962,30.192,30.998,24.609,4.289,19.012
"2077-12",-8.668,-0.566,-7.318,12.613,18.583,19.558,23.919,27.567,27.304,26.768,28.16,29.178,NA,19.673,23.79,11.082,5.054,12.178,2.459,16.398,22.228,29.614,30.164,27.625,30.7,21.662,28.23,28.678,-9.912,NA,NA,0.002,6.847,NA,NA,16.952,23.441,28.441,29.874,30.425,24.369,26.132,17.339,18.911,-1.982,-2.603,-13.445,21.816,30.665,21.899,20.393,29.374,21.2,28.936,28.642,30.743,26.076,5.678,19.222
"2078-01",-12.985,-3.695,-10.712,12.086,16.431,17.868,22.833,26.908,26.425,27.601,27.954,30.029,NA,20.893,25.468,13.136,3.835,11.319,4.344,15.352,20.927,29.63,31.7,26.669,30.385,23.112,29.535,30.001,-23.116,NA,NA,-4.394,7.427,NA,NA,14.731,21.183,27.809,29.243,31.096,25.7,27.764,19.187,20.651,0.103,-0.816,-21.832,20.56,30.323,23.312,19.576,30.004,22.913,27.99,28.245,30.368,27.776,7.025,19.254
"2078-02",-16.458,-7.461,-18.616,11.167,17.059,17.154,22.424,27.299,26.372,27.956,27.952,30.329,NA,21.406,26.179,13.41,2.714,11.11,6.799,14.985,21.195,29.875,32.077,26.75,30.106,23.786,29.68,30.17,-25.557,NA,NA,-6.114,9.408,NA,NA,13.902,21.431,27.893,29.041,31.111,26.286,28.992,20.251,22.051,0.506,-0.211,-27.488,19.852,30.092,23.901,19.273,30.407,23.918,27.827,28.125,30.419,28.615,7.775,19.232
"2078-03",-13.232,-3.889,-15.755,10.625,16.862,16.997,22.31,27.862,26.57,27.851,27.825,30.513,NA,21.316,26.155,12.351,2.746,11.004,6.457,15.017,21.441,29.774,32.313,27.66,30.686,23.838,29.71,30.124,-23.456,NA,NA,-5.134,11.535,NA,NA,14.51,23.069,29.178,29.618,30.899,26.491,28.04,20,20.784,-1.23,-1.674,-24.499,19.775,30.388,23.879,19.094,30.401,23.85,28.6,28.979,30.599,28.498,7.553,19.313
"2078-04",-7.897,-0.663,-7.037,11.196,19.384,17.985,23.342,28.067,26.811,26.999,27.851,30.646,NA,19.859,25.213,11.232,3.401,11.885,12.686,16.094,22.371,29.623,32.127,29.42,31.862,22.973,28.71,29.502,-13.737,NA,NA,-1.118,16.613,NA,NA,16.404,26.711,30.577,30.679,31.272,26.229,27.037,18.932,19.491,-4.972,-7.831,-14.407,20.313,30.58,23.106,19.184,30.313,23.034,30.205,31.214,31.435,27.561,6.579,19.445
"2078-05",-1.334,1.706,-0.823,13.325,23.83,20.98,25.51,28.777,27.523,26.11,28.089,29.982,NA,18.292,23.67,9.873,5.315,14.144,17.03,18.707,22.369,29.676,30.971,31.145,30.922,21.373,27.098,27.837,-3.518,NA,NA,1.234,20.551,NA,NA,19.128,29.936,31.207,31.412,30.532,25.743,25.817,17.635,17.794,-12.039,-14.103,-4.418,21.418,30.614,21.81,19.985,29.791,21.572,31.237,31.582,31.836,26.323,5.251,19.413
"2078-06",1.514,4.202,2.374,15.02,28.176,24.183,27.758,29.079,28.329,24.754,28.715,28.831,NA,16.667,21.971,8.632,7.814,16.855,23.364,22.387,22.902,29.474,29.28,30.373,29.44,19.937,25.956,26.606,0.786,NA,NA,4.197,25.734,NA,NA,22.805,32.154,30.79,31.539,29.513,24.864,24.573,16.16,16.552,-18.819,-19.064,-0.336,23.041,30.134,20.462,21.499,28.998,20.191,30.918,31.245,31.367,25.01,3.588,19.177
"2078-07",3.165,6.016,4.468,17.089,30.689,26.767,28.743,29.26,29.001,24.454,29.215,27.848,NA,15.825,20.325,7.656,9.988,19.354,24.215,25.005,23.979,29.159,27.987,28.051,27.957,19.198,24.938,25.514,1.612,NA,NA,8.731,26.225,NA,NA,25.633,32.662,30.199,31.344,28.447,24.447,22.815,15.108,15.339,-19.543,-16.365,0.238,24.741,29.671,19.541,23.205,28.325,18.987,29.234,31.032,30.635,23.724,2.835,19.154
"2078-08",3.638,6.96,5.239,17.048,32.219,27.49,29.576,29.558,29.356,23.922,29.63,27.41,NA,15.269,19.852,7.026,9.707,20.121,20.521,25.724,25.295,28.946,27.662,27.521,27.45,18.702,24.784,25.205,2.782,NA,NA,10.212,23.477,NA,NA,26.797,32.707,30.222,30.808,27.759,24.018,22.245,14.42,14.732,-20.689,-21.775,1.121,25.691,29.177,18.948,24.244,27.843,18.425,28.558,31.008,30.18,23.081,2.137,19.005
"2078-09",2.452,5.97,3.969,16.955,29.854,26.583,29.253,29.566,29.378,24.02,29.706,27.506,NA,15.568,19.943,6.912,8.804,18.442,17.977,23.524,25.3,29.362,27.644,28.621,27.836,18.595,25.211,25.461,2.03,NA,NA,9.042,21.248,NA,NA,26.02,31.53,30.49,30.68,27.939,23.645,22.38,14.349,14.749,-17.345,-16.109,0.652,25.699,28.876,18.788,24.003,27.995,18.267,28.991,31.3,30.342,22.982,2.656,19.009
"2078-10",0.731,4.669,2.04,15.154,27.17,24.187,28.084,29.278,29.029,24.234,29.414,27.78,NA,16.601,20.249,7.572,7.517,16.143,12.941,21.202,25.12,29.691,28.249,29.653,28.99,19.445,26.194,26.492,0.533,NA,NA,6.069,16.57,NA,NA,23.185,29.007,31.007,30.457,28.933,23.803,23.288,14.463,15.387,-12.113,-11.501,-0.472,24.759,28.975,19.169,22.967,28.487,18.789,29.904,31.182,30.812,23.709,3.318,19.031
"2078-11",-2.278,1.398,-0.97,12.92,24.184,22.211,26.754,28.542,28.279,24.572,28.837,28.484,NA,18.056,21.969,8.705,6.157,14.26,7.731,18.836,24.592,30.038,29.24,29.019,30.59,21.051,27.389,27.974,-4.087,NA,NA,2.558,11.968,NA,NA,20.292,26.69,30.382,30.635,30.223,24.266,24.52,15.387,16.375,-5.76,-6.346,-7.239,23.192,29.318,20.072,21.655,29.136,20.092,29.842,30.492,31.11,24.966,4.399,19.067
"2078-12",-9.494,-2.617,-6.026,12.212,19.318,19.3,24.289,27.686,27.447,25.73,28.281,29.114,NA,19.803,23.205,10.722,4.732,12.318,5.817,16.999,22.362,29.673,29.759,27.385,30.731,22.124,28.428,28.777,-15.547,NA,NA,-0.215,9.482,NA,NA,17.298,23.519,28.764,29.449,30.893,24.876,25.78,17.103,18.097,-1.627,-1.806,-17.119,21.789,29.62,21.653,20.44,29.39,21.646,28.774,28.998,30.84,26.119,5.83,19.03
"2079-01",-10.483,-5.521,-12.583,11.485,18.003,18.3,22.838,27.205,26.73,26.681,27.47,29.808,NA,20.811,25.532,11.986,3.953,11.281,-3.546,15.482,21.345,29.615,30.305,27.062,30.107,23.219,29.109,29.671,-21.676,NA,NA,-5.399,4.82,NA,NA,15.066,21.883,27.993,28.821,30.932,26.007,27.18,19.04,20.274,0.629,0.454,-19.233,20.71,29.685,23.259,19.584,29.67,23.439,28.322,27.8,30.276,27.112,7.272,19.272
"2079-02",-13.318,-5.308,-21.74,11.434,16.554,17.201,22.181,26.078,26.031,26.609,27.034,30,NA,21.165,27.29,12.121,3.791,11.03,2.472,14.709,20.774,29.631,31.093,27.045,29.517,24.145,28.835,29.932,-22.436,NA,NA,-9.37,7.461,NA,NA,14.129,21.481,28.191,28.859,31.083,26.815,27.446,19.725,20.768,0.834,0.325,-21.568,20.175,29.147,23.795,19.126,30.022,24.391,28.197,27.996,30.276,27.801,7.957,19.242
"2079-03",-12.392,-2.504,-13.449,11.209,17.943,17.231,22.456,26.69,26.095,26.78,26.997,30.163,NA,20.752,27.165,11.671,3.325,11.528,10.967,15.18,21.245,29.778,31.781,27.77,30.764,24.148,29.193,30.027,-16.329,NA,NA,-5.084,14.17,NA,NA,14.368,22.817,28.915,29.212,31.332,27.517,27.637,19.337,20.268,-0.834,-1.363,-18.685,20.053,29.298,23.705,18.974,30.167,24.361,28.693,28.626,30.637,27.934,7.706,19.391
"2079-04",-7.992,-0.543,-7.312,11.552,20.035,18.708,23.225,27.067,26.476,26.274,27.03,30.25,NA,19.201,25.416,10.373,4.105,12.499,13.237,16.666,22.312,29.572,32.128,29.705,31.244,23.322,27.998,28.804,-7.843,NA,NA,-0.49,16.583,NA,NA,16.303,26.419,30.23,29.995,30.958,28.149,26.998,18.551,19.362,-4.863,-5.671,-12.435,20.524,29.577,22.817,19.206,30.052,23.196,30.495,29.836,31.295,27.291,6.67,19.393
"2079-05",-1.715,2.596,-1.447,12.763,25.605,22.332,25.453,28.559,27.466,24.7,27.41,29.594,NA,17.26,24.149,9.251,5.252,14.055,19.55,19.33,22.46,29.612,31.485,30.712,30.256,22.427,26.824,27.709,-2.488,NA,NA,1.693,22.364,NA,NA,19.402,28.97,30.904,31.007,30.112,27.108,25.245,17.244,17.674,-10.38,-11.206,-3.807,21.512,29.769,21.592,20.224,29.627,21.821,31.113,31.43,31.733,26.171,5.311,19.376
"2079-06",1.033,5.66,1.26,15.481,30.199,25.162,27.498,28.584,28.413,22.826,28.012,28.655,NA,15.705,22.438,7.91,7.35,16.641,22.812,21.38,22.999,29.274,29.919,29.387,28.968,21.04,25.913,26.547,0.622,NA,NA,5.098,25.341,NA,NA,22.995,30.857,30.724,30.949,28.652,26.054,23.687,16.136,16.351,-15.086,-17.029,-0.541,23.025,29.248,20.292,21.722,28.7,20.354,30.28,31.219,31.134,24.887,3.906,19.123
"2079-07",3.128,7.216,4.108,16.758,31.142,27.373,28.628,28.864,28.848,23.267,28.816,27.79,NA,15.214,20.977,7.056,9.86,19.834,24.519,24.822,23.555,28.788,28.448,27.341,27.371,20.008,24.722,25.329,2.407,NA,NA,8.792,26.272,NA,NA,25.612,31.604,29.995,30.263,27.578,25.162,22.684,15.159,15.374,-20.137,-18.401,0.235,24.48,28.789,19.335,23.26,27.794,19.221,28.568,30.874,30.282,23.875,3.017,18.966
"2079-08",3.713,7.459,4.826,17.44,31.855,28.189,29.076,29.437,29.444,23.383,29.365,27.393,NA,15.089,20.203,6.7,9.83,21.369,22.276,26.137,24.443,28.661,27.799,27.179,26.873,19.268,23.979,24.751,2.603,NA,NA,10.073,24.602,NA,NA,27.295,31.737,29.764,30.371,27.152,24.307,22.083,14.522,14.836,-18.358,-19.827,0.737,25.347,28.455,18.781,24.155,27.627,18.622,27.973,30.538,29.922,23.221,2.396,18.912
"2079-09",2.595,6.394,4.124,16.599,30.623,26.772,29.254,29.662,29.7,23.172,29.505,27.347,NA,15.084,20.359,6.583,8.965,19.863,17.031,24.824,24.703,29.159,27.987,27.78,27.032,19.345,24.331,24.689,1.565,NA,NA,9.001,20.072,NA,NA,26.598,30.943,29.666,30.292,27.459,23.952,21.965,14.235,14.656,-17.076,-17.737,0.311,25.38,28.491,18.653,23.962,27.851,18.543,28.161,30.185,29.99,23.109,2.358,18.836
"2079-10",0.947,4.719,2.438,14.421,28.447,24.818,28.322,29.469,29.369,24.056,29.321,27.746,NA,16.508,21.173,7.187,7.437,16.195,11.801,21.579,24.32,29.578,29.055,29.327,28.236,20.044,25.466,25.697,-0.295,NA,NA,6.591,16.669,NA,NA,23.551,30.122,31.111,30.252,28.246,23.816,22.84,14.516,15.026,-12.332,-11.472,-1.659,24.55,28.969,19.098,22.928,28.456,18.992,30.303,31.028,30.674,23.403,3.168,18.928
"2079-11",-2.566,2.247,-0.776,12.921,22.782,21.715,25.898,28.778,28.393,25.005,28.577,28.599,NA,17.603,22.869,8.4,6.206,14.303,7.158,19.103,23.65,30.049,29.857,29.517,29.835,21.11,26.585,26.942,-7.146,NA,NA,3.367,12.367,NA,NA,20.424,27.375,29.939,30.039,29.803,24.444,24.221,15.579,16.412,-6.588,-8.209,-9.986,23.278,29.64,20.224,21.535,29.141,20.188,30.247,29.634,30.849,24.587,4.252,18.964
"2079-12",-8.368,0.991,-5.304,10.993,19.719,19.134,23.833,27.698,27.413,26.019,27.748,29.218,NA,18.867,24.561,9.817,4.89,12.517,7.822,17.161,22.756,29.973,30.646,28.089,30.954,22.562,27.923,28.504,-13.738,NA,NA,-0.481,11.374,NA,NA,17.507,24.532,28.396,29.159,30.633,24.717,26.021,16.849,18.278,-1.241,-1.721,-15.403,21.82,30.048,21.67,20.467,29.695,21.678,28.966,28.404,30.659,25.997,5.75,19.125
"2080-01",-10.691,-4.593,-13.121,10.536,18.227,18.281,22.693,27.339,26.711,27.125,27.054,29.883,NA,20.519,26.726,11.357,4.59,11.227,-0.139,15.688,21.378,29.898,30.828,26.301,29.154,23.713,28.784,29.142,-20.455,NA,NA,-4.392,4.427,NA,NA,15.007,21.716,27.748,28.598,30.72,25.647,26.966,18.284,19.505,0.726,0.183,-21.851,20.766,30.189,23.112,19.53,30.083,23.698,27.823,27.787,30.185,27.201,7.268,19.259
"2080-02",-11.984,-4.65,-15.526,10.966,17.418,17.614,22.237,27.392,26.22,28.308,26.865,30.367,NA,21.25,27.006,11.509,3.934,10.698,1.015,14.7,21.067,29.992,31.884,26.299,30.03,24.446,29.547,30.608,-23.43,NA,NA,-9.283,4.933,NA,NA,13.95,20.425,27.822,28.973,31.541,27.273,27.622,19.157,19.98,0.809,0.463,-23.67,20.053,30.078,23.659,19.092,30.521,24.523,27.705,27.759,30.41,28.049,7.895,19.324
"2080-03",-10.83,-3.895,-13.492,11.056,17.809,17.384,22.084,27.95,26.245,28.702,27.04,30.676,NA,20.805,26.8,11.484,2.791,10.343,6.37,14.788,21.268,29.736,32.306,27.47,30.657,24.413,29.191,30.037,-18.265,NA,NA,-6.098,12.223,NA,NA,14.438,23.12,28.545,29.724,31.651,27.416,27.368,19.295,19.949,-0.734,-1.063,-21.012,19.944,30.477,23.642,18.895,30.544,24.371,28.146,28.323,30.839,27.982,7.592,19.426
"2080-04",-7.561,-2.016,-5.906,11.914,21.04,18.626,23.251,28.754,26.76,28.347,27.356,30.761,NA,19.066,25.681,10.304,2.975,11.35,11.062,15.72,22.385,29.721,32.635,29.404,31.857,23.174,28.49,29.099,-12.339,NA,NA,-1.082,16.627,NA,NA,15.946,26.812,30.457,30.801,31.302,26.936,25.983,18.496,18.571,-4.519,-5.547,-16.341,20.287,30.807,22.876,19.137,30.581,23.261,29.788,30.903,31.748,27.332,6.525,19.407
"2080-05",-1.001,1.874,-1.262,13.998,24.712,21.666,25.416,28.858,27.421,26.653,27.616,30.149,NA,17.204,23.585,9.104,4.931,14.161,17.037,17.972,22.771,29.531,31.304,31.029,30.861,21.845,27.397,27.84,-2.551,NA,NA,0.981,20.355,NA,NA,18.82,28.693,31.067,31.6,30.169,26.125,24.723,17.443,17.307,-9.784,-10.175,-4.428,21.385,30.601,21.555,20.207,30.031,21.687,30.974,31.957,32.044,26.243,5.151,19.417
"2080-06",1.128,4.663,1.723,16.225,28.783,24.746,27.717,29.052,28.228,25.521,28.199,29.03,NA,16.04,21.802,8.071,7.615,17.668,22.658,21.559,23.429,29.188,29.411,30.248,29.133,20.121,25.588,26.468,0.082,NA,NA,4.228,25.158,NA,NA,22.89,30.995,31.018,31.529,28.939,25.387,23.574,16.022,16.328,-15.125,-13.67,-0.762,22.986,30.153,20.3,21.821,29.065,20.226,30.681,31.123,31.333,24.899,3.826,19.235
"2080-07",3.327,6.517,4.187,17.503,30.782,26.474,28.744,29.424,29.023,25.403,28.904,27.973,NA,15.687,20.415,7.378,10.034,20.79,25.015,25.056,23.832,28.688,27.461,27.556,27.462,18.876,24.498,25.395,1.577,NA,NA,7.767,26.285,NA,NA,25.185,32.191,30.037,31.021,27.933,24.555,22.666,14.978,15.27,-19.563,-19.039,-0.264,24.541,29.687,19.378,23.319,28.228,19.055,28.873,30.732,30.562,23.906,2.29,18.978
"2080-08",3.83,7.114,4.814,17.417,31.661,27.417,29.819,29.461,29.377,24.065,29.561,27.374,NA,14.834,19.915,6.85,10.179,21.398,23.96,25.828,24.548,28.569,27.075,27.185,27.21,18.101,24.399,25.134,2.641,NA,NA,9.241,26.328,NA,NA,26.794,32.601,30.13,30.788,27.619,23.813,22.44,14.478,14.719,-19.722,-19.155,0.52,25.546,29.011,18.791,24.338,27.721,18.329,28.45,31.204,30.296,23.284,1.882,18.921
"2080-09",3.039,6.351,4.214,16.57,31.521,26.513,29.917,29.694,29.518,24.187,29.608,27.624,NA,15.067,19.759,6.649,9.048,18.942,18.299,24.446,24.924,28.771,27.204,28.658,27.445,18.055,24.867,25.376,1.754,NA,NA,9.083,21.16,NA,NA,25.915,32.176,31.343,30.667,28.09,23.059,22.842,14.234,14.742,-20.358,-16.081,0.195,25.51,28.672,18.677,24.221,27.684,18.13,29.347,31.99,30.489,23.096,1.812,18.81
"2080-10",0.893,4.662,2.474,15.625,27.469,24.203,28.392,29.4,29.298,24.092,29.519,28.141,NA,15.916,20.25,7.014,7.454,16.039,13.634,21.255,24.885,29.346,28.126,29.778,28.365,19.006,26.063,26.295,0.496,NA,NA,6.662,17.853,NA,NA,23.618,30.414,30.658,30.719,28.888,23.249,23.832,14.76,15.517,-12.552,-12.6,-1.893,24.716,28.693,19.07,23.295,28.198,18.574,30.093,31.131,30.889,23.543,3.197,18.947
"2080-11",-2.772,2.407,-1.186,13.102,21.683,21.618,26.025,28.474,28.478,24.491,28.965,28.67,NA,16.968,22.514,8.029,6.087,13.55,8.702,18.018,24.033,29.733,28.54,29.553,30.442,20.162,27.389,28.026,-4.734,NA,NA,3.241,13.339,NA,NA,20.605,27.934,29.7,30.527,29.782,23.453,24.626,15.884,16.27,-6.999,-6.789,-9.136,23.346,29.21,20.172,22.02,28.653,19.942,30.122,30.143,31.286,24.493,4.115,18.963
"2080-12",-9.056,-1.328,-6.436,11.957,18.32,19.149,24.125,27.308,27.442,25.064,28.004,29.261,NA,18.999,23.894,10.625,4.567,11.911,5.854,16.039,22.517,29.888,29.372,28.157,31.085,21.902,28.379,28.668,-13.254,NA,NA,0.316,9.876,NA,NA,17.538,25.149,28.143,29.75,30.643,24.35,25.782,17.167,18.149,-1.654,-1.904,-16.72,22.013,29.361,21.765,20.695,29.341,21.627,29.113,28.306,30.692,25.613,5.657,19.043
"2081-01",-13.094,-5.62,-11.502,11.127,16.487,17.39,22.603,26.349,26.501,26.297,27.238,29.738,NA,20.716,26.154,12.28,3.383,11.086,2.893,15.168,21.689,29.661,30.519,26.76,29.982,23.48,29.003,29.216,-19.615,NA,NA,-2.714,6.982,NA,NA,15.238,22.174,27.356,28.938,30.573,26.716,26.634,18.912,19.785,0.731,-0.294,-23.16,20.858,29.137,23.196,19.662,29.82,23.383,28.095,27.546,30.396,26.88,7.063,19.126
"2081-02",-15.87,-4.664,-16.554,11.035,16.473,16.822,22.419,26.284,26.103,27.137,26.998,30.481,NA,21.681,26.43,12.763,1.72,10.675,5.064,14.622,21.77,30.211,31.333,26.149,29.308,24.388,29.01,29.932,-23.896,NA,NA,-4.408,9.135,NA,NA,14.454,20.91,27.456,28.57,30.791,27.48,27.095,20.051,20.311,1.182,0.225,-24.922,20.252,28.893,23.836,19.126,30.396,23.939,27.779,27.212,30.306,27.839,7.769,19.16
"2081-03",-13.653,-4.347,-11.678,11.198,17.717,16.796,22.714,26.699,26.156,26.78,27.005,30.685,NA,20.907,26.486,11.906,0.852,10.858,9.621,15.091,21.772,30.267,31.976,26.847,29.954,24.318,28.536,29.526,-20.107,NA,NA,-4.063,13.602,NA,NA,14.771,23.349,28.793,29.325,30.89,27.296,27.19,19.906,20.24,-0.563,-0.663,-23.635,20.224,29.094,23.792,18.999,30.5,23.894,28.351,28.383,30.838,27.903,7.522,19.252
"2081-04",-8.754,-1.288,-6.744,11.783,20.725,18.534,23.922,27.399,26.499,26.272,27.043,30.269,NA,19.256,25.262,10.411,2.124,12.085,13.043,16.791,22.027,29.859,32.159,29.146,31.447,23.523,28.368,29.164,-9.814,NA,NA,-1.169,15.829,NA,NA,16.322,26.437,29.989,30.384,30.908,27.853,26.347,18.874,18.957,-5.449,-4.838,-14.103,20.647,29.723,22.864,19.175,30.336,22.854,30.069,30.069,31.597,27.33,6.608,19.367
"2081-05",-1.467,1.951,-1.629,13.674,25.866,21.249,26.175,28.083,26.992,24.922,27.4,29.716,NA,17.433,23.788,8.795,5.081,14.945,19.412,19.337,22.708,29.539,31.64,30.642,30.213,22.271,26.944,27.775,-3.178,NA,NA,1.447,22.988,NA,NA,19.18,29.873,30.857,31.305,29.667,27.216,24.983,17.65,17.148,-12.262,-10.856,-4.685,21.659,30.007,21.639,20.046,29.806,21.421,30.825,31.545,31.802,26.305,5.299,19.347
"2081-06",1,4.915,1.443,15.773,29.992,24.675,27.852,28.688,28.089,23.96,27.907,28.665,NA,15.645,22.076,7.404,7.532,18.087,21.726,22.51,23.314,29.3,30.154,29.548,29.004,20.862,25.885,26.811,0.836,NA,NA,4.745,24.887,NA,NA,22.834,31.442,30.339,31.343,28.308,25.846,23.786,16.512,15.838,-18.731,-16.322,-0.556,23.117,29.764,20.352,21.587,28.748,20.007,29.991,31.29,30.788,25.005,3.516,19.071
"2081-07",3.251,6.615,3.825,16.791,31.445,26.787,28.762,29.131,28.912,23.657,28.649,27.778,NA,15.056,20.243,6.758,9.225,21.094,26.053,25.864,23.753,28.862,28.094,27.954,28.096,19.307,25.002,25.905,2.584,NA,NA,9.431,27.424,NA,NA,25.695,31.804,29.702,30.566,27.36,24.65,22.704,15.287,15.157,-20.096,-16.469,-0.12,24.535,29.108,19.396,23.167,27.973,18.862,28.688,30.509,30.266,23.794,2.261,18.89
"2081-08",3.896,7.675,4.648,17.053,31.004,27.097,29.233,29.432,29.202,24.088,29.184,27.297,NA,15.144,19.759,6.386,10.066,22.041,23.951,27.11,24.182,28.668,27.604,27.264,27.499,18.731,24.613,25.312,3.049,NA,NA,11.141,25.908,NA,NA,27.244,32.098,29.311,29.968,26.787,23.864,22.164,14.596,14.74,-20.686,-19.939,0.331,25.498,28.704,18.89,24.216,27.566,18.208,28.333,29.993,29.885,23.049,1.826,18.819
"2081-09",2.605,6.198,3.807,16.56,30.587,26.707,29.304,29.757,29.45,24.129,29.346,27.395,NA,15.238,20.024,6.405,8.671,20.352,16.254,24.828,25.357,28.699,27.469,28.798,27.834,18.605,24.855,25.466,2.095,NA,NA,9.481,20.562,NA,NA,25.744,32.075,30.671,29.7,27.112,23.142,22.436,14.301,14.817,-17.11,-18.346,-0.305,25.505,28.73,18.699,24.284,27.606,18.048,29.173,30.721,30.15,22.913,2.203,18.821
"2081-10",0.044,4.265,1.993,14.026,27.616,24.902,27.524,29.099,28.888,24.49,29.179,27.672,NA,16.001,20.524,7.088,7.409,17.562,11.828,22.12,25.675,29.551,28.416,29.981,28.978,19.206,25.864,26.421,0.701,NA,NA,6.864,16.058,NA,NA,23.815,30.298,30.244,30.166,28.153,23.293,22.919,14.792,15.377,-13.869,-14.101,-3.271,24.769,29.435,19.026,23.2,28.272,18.331,30.212,30.677,30.427,23.442,2.847,18.853
"2081-11",-3.203,2.34,-0.638,12.941,22.408,21.188,25.541,28.199,28.01,25.057,28.707,28.504,NA,17.642,22.115,8.799,5.331,13.917,10.99,19.224,24.501,29.851,29.162,29.367,30.618,20.553,27.439,27.871,-3.318,NA,NA,3.34,14.413,NA,NA,20.685,27.704,29.405,29.894,29.561,23.902,24.396,16.412,16.766,-6.809,-5.612,-8.4,23.505,30.028,19.987,21.672,28.722,19.388,30.002,29.888,30.864,24.594,4.11,18.99
"2081-12",-10.506,-3.37,-6.733,11.683,19.99,19.911,23.853,27.691,27.306,26.306,28,29.099,NA,19.335,24.069,10.734,3.922,12.337,0.825,16.54,22.299,29.934,29.928,27.943,30.817,21.886,28.652,29.297,-15.755,NA,NA,0.68,5.708,NA,NA,18.124,23.713,28.638,29.778,30.56,24.512,25.809,17.426,18.067,-1.958,-2.076,-19.43,21.998,30.408,21.661,20.293,29.336,20.993,29.075,29.209,30.644,26.103,5.573,18.995
"2082-01",-17.502,-6.238,-13.715,10.697,18.029,18.296,22.415,27.096,26.605,27.257,27.445,29.627,NA,20.184,26.06,11.953,1.444,11.362,5.034,15.053,21.269,29.886,30.567,26.958,29.515,23.098,29.314,30.219,-20.684,NA,NA,-1.883,8.033,NA,NA,16.328,21.29,27.967,29.095,30.857,25.223,27.347,18.678,20.105,0.276,0.025,-25.47,20.859,30.299,23.244,19.442,29.702,22.971,28.186,28.259,30.267,27.423,6.942,19.128
"2082-02",-17.636,-5.925,-16.467,10.88,16.465,17.133,21.918,26.74,26.158,27.775,27.509,30.111,NA,20.826,27.127,11.965,1.416,10.934,4.877,14.491,21.232,29.887,31.35,27.44,30.745,23.788,30.251,31.218,-20.484,NA,NA,-5.646,8.875,NA,NA,14.928,21.038,28.179,29.023,30.913,25.787,27.892,19.501,20.765,0.87,0.861,-22.36,20.175,29.919,23.716,19.056,30.347,24.202,28.177,27.992,30.226,28.188,7.668,19.308
"2082-03",-14.379,-5.977,-16.919,11.14,18.017,17.256,22.359,27.021,26.224,27.642,27.5,30.575,NA,20.766,26.266,11.706,2.25,11.164,9.314,15.071,21.804,30.049,32.215,27.714,30.918,23.63,29.486,30.54,-16.252,NA,NA,-3.94,12.682,NA,NA,15.091,22.986,28.799,29.365,30.981,26.012,28.098,18.949,21.032,-0.641,-0.639,-20.372,20.104,29.933,23.655,18.986,30.628,24.071,28.357,28.812,30.569,27.98,7.506,19.359
"2082-04",-8.085,-0.844,-7.022,11.489,22.714,19.269,24.111,28.343,26.94,27.295,27.621,30.548,NA,19.894,25.833,10.249,3.115,12.139,14.77,16.217,21.915,29.828,32.389,29.083,31.618,23.266,28.676,29.378,-10.353,NA,NA,-0.336,17.294,NA,NA,16.835,26.224,30.603,30.183,30.658,26.481,26.726,18.379,19.62,-4.907,-5.686,-12.838,20.44,30.221,22.821,19.294,30.418,23.022,29.922,30.828,31.213,27.287,6.574,19.43
"2082-05",-1.688,2.37,-0.822,12.839,25.352,21.382,25.676,28.926,27.572,26.069,27.87,29.696,NA,17.939,24.055,8.948,4.872,13.821,18.732,18.799,22.209,29.71,31.837,31.091,30.719,22.08,27.255,28.05,-3.274,NA,NA,2.069,21.763,NA,NA,20.313,29.63,31.115,31.172,29.478,26.179,24.932,17.219,17.529,-10.725,-11.894,-2.978,21.45,30.251,21.679,20.17,29.836,21.683,31.036,31.856,31.674,26.127,5.297,19.424
"2082-06",0.951,5.113,2.116,15.131,29.13,25.355,27.464,29.148,28.374,24.677,28.44,28.61,NA,16.575,21.987,7.583,7.076,17.412,20.764,22.869,23.04,29.376,30.465,29.607,29.228,21.121,25.877,26.771,0.743,NA,NA,5.514,23.372,NA,NA,22.885,31.284,30.656,31.275,28.321,25.345,23.732,16.118,16.13,-15.199,-16.986,-0.497,23.104,29.772,20.357,21.726,28.936,20.232,30.039,31.205,31.073,24.819,3.959,19.216
"2082-07",3.042,9.023,4.685,18.284,31.343,27.165,28.782,29.209,28.972,24.171,28.787,27.746,NA,15.027,20.92,6.682,9.219,19.004,25.848,24.941,23.717,28.965,28.672,27.989,28.242,19.661,25.026,26.018,2.147,NA,NA,8.161,26.969,NA,NA,25.304,32.048,30.455,31.035,27.411,24.507,22.839,15.166,15.246,-18.621,-20.395,0.632,24.717,29.282,19.361,23.318,27.996,19.073,28.93,31.298,30.617,23.857,2.486,19.025
"2082-08",3.939,8.76,6.076,17.824,32.062,27.434,29.609,29.545,29.417,23.936,29.323,27.405,NA,14.761,19.885,6.277,10.082,20.068,23.799,25.28,24.308,28.793,27.6,28.05,28,18.674,24.735,25.865,3.104,NA,NA,9.748,25.98,NA,NA,26.496,31.563,29.48,30.534,27.105,23.823,22.314,14.522,14.666,-18.318,-21.599,1.284,25.502,29.061,18.769,23.997,27.566,18.417,28.477,30.488,30.187,23.201,1.864,18.9
"2082-09",2.949,7.21,4.725,17.047,30.88,26.643,29.276,29.596,29.496,24.33,29.266,27.437,NA,15.37,19.996,6.447,8.636,18.735,17.755,23.923,24.734,29.061,27.737,27.891,28.214,18.627,25.063,25.827,2.243,NA,NA,9.206,21.298,NA,NA,26.132,31.817,29.989,30.419,27.508,23.256,22.403,14.234,14.574,-17.875,-18.026,0.771,25.553,28.929,18.612,23.88,27.826,18.244,28.865,30.571,30.331,22.958,1.977,18.832
"2082-10",0.905,4.969,2.629,15.767,28.223,24.83,28.388,29.441,29.242,24.226,29.156,27.977,NA,16.151,20.753,7.114,7.292,16.32,10.14,21.463,24.71,29.524,28.312,29.844,29.291,19.234,26.175,26.839,0.664,NA,NA,6.266,14.436,NA,NA,23.382,30.275,30.475,30.426,28.332,23.381,23.035,14.758,14.867,-13.738,-16.008,-0.988,24.734,28.756,18.936,22.859,28.369,18.613,30.186,30.904,30.775,23.69,2.657,18.806
"2082-11",-2.948,2.412,-0.055,12.784,25.059,22.357,26.662,28.763,28.533,24.685,28.79,28.621,NA,17.482,22.187,8.219,5.687,14.28,8.082,19.442,24.174,29.823,28.825,29.573,30.446,20.4,27.155,28.002,-5.241,NA,NA,3.685,11.955,NA,NA,20.819,27.372,29.989,30.403,29.569,23.789,24.324,16.116,16.174,-6.581,-7.26,-9.08,23.454,29.057,19.999,21.557,28.862,19.654,30.242,30.023,31.059,24.827,4.015,18.917
"2082-12",-9.046,-1.717,-4.739,10.828,21.582,20.681,24.398,27.837,27.691,25.149,27.888,29.229,NA,18.777,23.908,9.549,3.943,11.924,0.581,16.783,22.539,29.818,29.589,28.299,31.18,21.912,28.252,28.665,-15.766,NA,NA,1.21,7.15,NA,NA,18.398,24.062,28.885,30.245,30.668,24.53,26.11,17.343,18.527,-1.88,-2.129,-17.511,22.079,29.508,21.617,20.287,29.291,21.242,29.374,29.313,31.031,25.996,5.55,19.03
"2083-01",-15.509,-3.176,-11.772,10.041,16.688,18.041,22.358,26.679,26.693,26.208,27.212,29.816,NA,20.004,25.507,11.825,1.674,11.41,5.881,15.668,21.23,29.508,30.283,26.812,29.575,23.259,28.773,29.194,-25.15,NA,NA,-2.894,9.147,NA,NA,16.516,22.09,28.181,29.408,31.068,25.699,27.202,18.764,20.064,-0.033,-0.224,-24.107,20.953,29.499,23.041,19.398,29.636,23.008,28.27,28.522,30.433,26.856,6.969,19.042
"2083-02",-17.475,-7.232,-19.067,10.275,16.621,17.205,21.896,26.194,26.084,26.468,26.924,30.184,NA,20.658,26.833,12.34,1.516,10.804,1.312,14.84,20.931,29.514,31.093,26.61,29.649,24.086,29.422,29.664,-21.392,NA,NA,-3.55,6.063,NA,NA,15.309,20.793,28.245,29.289,30.841,26.675,28.032,19.499,20.72,0.409,0.265,-24.772,20.465,29.291,23.825,18.898,30.05,24.058,28.167,28.378,30.569,27.679,7.734,19.204
"2083-03",-14.629,-3.033,-14.623,10.577,17.934,17.342,21.926,26.514,25.957,26.16,27.003,30.589,NA,19.885,26.445,11.623,1.823,11.144,8.01,14.956,21.125,29.834,31.92,26.962,30.687,24.3,29.091,29.358,-16.989,NA,NA,-3.554,10.715,NA,NA,15.232,21.715,28.851,29.776,31.247,26.607,27.587,19.437,20.166,-1.455,-1.205,-21.335,20.354,29.332,23.773,18.776,30.31,24.014,28.193,29.367,30.959,27.626,7.489,19.3
"2083-04",-7.636,-2.475,-6.944,11.787,20.571,18.544,23.557,26.974,26.34,25.62,27.162,30.615,NA,18.533,25.096,9.509,3.462,11.974,9.071,15.601,21.672,29.501,32.08,28.672,31.33,23.549,28.538,29.089,-10.78,NA,NA,-0.327,13.418,NA,NA,16.734,25.531,30.311,30.714,31.02,27.367,26.306,18.504,18.988,-5.606,-4.638,-13.67,20.878,29.569,22.84,19.046,30.175,23.066,29.197,31.046,31.602,27.113,6.625,19.364
"2083-05",-2.323,2.836,-1.467,13.549,25.339,21.406,26.027,28.451,27.6,24.637,27.501,30.075,NA,17.182,23.184,8.543,4.729,14.07,19.064,18.63,22.369,29.302,31.637,30.442,30.68,22.122,27.71,28.39,-3.251,NA,NA,2.23,21.151,NA,NA,19.749,28.606,30.647,31.306,29.76,26.498,24.742,17.409,17.489,-11.833,-10.256,-4.777,21.959,29.703,21.485,19.856,29.778,21.526,30.201,31.703,31.572,25.979,5.198,19.302
"2083-06",0.582,5.862,1.616,15.485,29.631,24.773,27.853,28.786,28.468,23.202,27.884,29.102,NA,16.004,21.419,7.699,6.685,17.213,21.976,22.718,23.331,29.333,29.684,30.03,29.357,20.488,26.424,27.096,0.417,NA,NA,5.49,24.526,NA,NA,23.171,30.958,30.84,31.052,28.495,25.85,23.684,16.134,16.377,-16.548,-14.488,-0.358,23.368,28.994,20.181,21.38,29.001,20.001,30.291,30.989,31.045,24.85,3.686,19.076
"2083-07",2.377,8.033,4.323,17.221,31.512,27.121,28.681,28.982,28.863,23.157,28.629,28.105,NA,15.318,20.7,7.034,8.034,18.781,24.591,24.831,24.028,29.092,28.35,27.714,27.706,19.386,25.234,25.882,1.704,NA,NA,10.376,26.369,NA,NA,25.849,31.671,30.03,30.524,27.338,25.162,22.768,15.13,15.498,-20.431,-17.018,0.299,24.861,28.311,19.194,22.979,28.151,18.869,28.687,30.944,30.382,23.791,2.323,18.84
"2083-08",2.918,8.029,5.355,17.76,31.059,27.528,29.259,29.247,29.21,23.107,29.171,27.609,NA,15.091,20.104,6.595,8.508,20.173,22.547,25.124,24.493,28.975,27.66,27.592,27.483,18.913,24.923,25.467,2.447,NA,NA,11.972,25.043,NA,NA,26.639,31.757,29.029,29.872,27.066,23.996,22.179,14.465,15.054,-20.458,-21.146,0.574,25.674,27.981,18.688,24.066,27.789,18.343,28.023,30.159,29.931,23.019,2.01,18.76
"2083-09",1.799,6.819,4.456,18.025,30.925,27.309,29.442,29.099,29.344,22.861,29.387,27.325,NA,15.288,19.952,6.669,8.244,19.319,16.827,23.785,24.903,28.876,27.952,28.4,27.831,18.947,25.374,25.669,1.872,NA,NA,10.356,20.295,NA,NA,25.873,31.816,30.2,29.966,27.595,23.485,22.188,14.255,14.925,-17.193,-16.22,0.051,25.777,28.039,18.559,24.098,27.718,17.994,28.741,30.423,29.953,22.871,2.257,18.791
"2083-10",-0.294,4.693,2.14,16.709,27.7,24.513,28.634,28.794,28.939,23.521,29.273,27.714,NA,16.26,20.53,7.342,6.809,16.099,10.359,21.267,25.417,29.306,28.349,29.639,28.861,19.355,26.246,26.573,0.607,NA,NA,6.566,14.983,NA,NA,23.083,30.361,30.842,30.337,28.585,23.374,22.82,14.625,15.357,-13.48,-13.353,-1.821,24.754,28.644,18.99,23.202,27.963,18.351,30.324,30.958,30.486,23.267,3.028,18.817
"2083-11",-3.885,1.55,-1.326,14.17,23.093,21.746,26.224,27.991,28.182,24.135,28.57,28.407,NA,17.494,21.98,8.481,5.555,13.22,8.133,18.435,23.675,29.415,28.654,29.064,29.955,20.707,27.157,27.637,-5.165,NA,NA,3.032,12.269,NA,NA,20.217,26.865,30.028,30.06,29.511,23.284,23.961,15.638,16.396,-5.927,-6.635,-8.642,23.446,29.104,20.232,21.705,28.413,19.569,29.919,30.234,30.736,24.167,4.367,18.908
"2083-12",-9.78,-2.518,-7.233,12.759,18.868,19.486,23.916,26.883,27.229,25.224,27.918,28.888,NA,18.561,24.3,9.806,4.341,11.765,4.755,16.057,22.228,29.509,29.423,27.629,30.856,22.146,28.403,28.857,-11.71,NA,NA,0.639,8.523,NA,NA,17.369,23.459,28.544,29.355,30.371,23.72,26.289,16.713,18.106,-1.274,-2.342,-14.78,22.041,29.493,21.741,20.344,28.942,21.578,28.884,28.763,30.445,25.582,5.871,19.041
"2084-01",-13.628,-5.119,-15.142,12.304,16.619,18.149,22.35,26.289,26.387,26.774,27.126,29.223,NA,20.285,25.648,11.718,4.145,10.62,-4.867,14.678,20.65,29.12,30.212,26.344,29.583,23.478,29.277,29.58,-16.712,NA,NA,-1.86,-0.104,NA,NA,15.16,19.588,27.957,28.994,30.534,25.414,27.16,17.984,19.8,1.131,-0.214,-17.365,21.021,29.652,23.275,19.314,29.48,23.131,27.549,28.613,30.223,26.829,7.334,19.278
"2084-02",-18.375,-5.009,-18.813,11.748,15.766,17.38,21.653,26.039,25.963,27.695,26.883,30.097,NA,21.408,26.9,12.395,2.316,10.58,5.807,14.426,20.77,29.151,31.152,25.494,28.605,24.607,29.197,29.242,-24.892,NA,NA,-5.388,8.4,NA,NA,14.632,19.376,27.995,28.899,30.591,25.701,27.361,18.989,20.612,1.168,0.265,-25.339,20.368,29.847,24.102,18.729,30.059,24.118,26.972,28.563,29.931,27.522,8.021,19.222
"2084-03",-13.213,-2.667,-15.875,11.846,17.474,17.375,22.264,26.322,25.948,27.519,26.734,30.438,NA,21.12,26.165,11.752,1.347,10.521,8.143,14.77,21.196,29.691,32.021,26.519,29.665,24.519,28.772,29.565,-17.316,NA,NA,-4.21,12.484,NA,NA,14.732,22.326,29.065,29.158,30.373,26.684,26.826,19.303,19.977,-0.329,-0.826,-19.553,20.316,30.078,23.866,18.634,30.313,23.904,27.919,29.28,30.662,27.643,7.672,19.382
"2084-04",-7.775,0.584,-6.443,12.625,20.571,18.939,23.459,27.587,26.634,28.08,27.03,30.206,NA,20.391,25.112,10.709,2.391,11.2,13.485,15.941,21.769,29.517,32.316,29.035,31.212,23.496,28.371,29.202,-9.151,NA,NA,-1.576,16.449,NA,NA,16.091,25.958,30.291,30.21,30.446,25.843,26.45,18.696,18.962,-4.25,-5.282,-10.656,20.809,30.453,23.007,18.933,30.177,22.828,29.536,30.856,31.528,26.818,6.654,19.503
"2084-05",-1.762,2.954,-1.059,13.805,24.946,21.736,25.128,28.875,27.387,27.213,27.376,30.041,NA,18.345,23.519,9.507,4.185,12.918,18.049,18.362,22.315,29.746,31.674,30.72,30.177,22.363,27.101,27.72,-3.126,NA,NA,1.245,20.607,NA,NA,19.505,29.145,30.924,31.19,29.404,25.259,25.371,17.266,17.53,-9.395,-11.538,-3.419,21.954,30.671,21.663,19.729,29.892,21.405,30.502,31.771,31.465,25.548,5.359,19.439
"2084-06",0.79,5.324,1.432,16.396,29.308,25.245,27.624,29.096,28.041,26.603,27.88,29.062,NA,16.737,22.027,8.211,6.495,17.002,20.131,21.86,23.078,29.548,30.134,29.944,29.3,20.863,25.934,26.737,0.735,NA,NA,4.818,23.788,NA,NA,23.269,30.401,30.541,31.053,28.224,24.57,23.759,16.195,16.023,-12.647,-17.7,-0.695,23.305,30.482,20.266,21.297,28.979,20.062,30.239,31.236,30.999,24.402,4.076,19.247
"2084-07",2.453,8.273,3.943,18.962,30.679,26.953,28.825,29.286,28.398,26.48,28.594,28.324,NA,16.286,20.468,7.535,7.56,19.696,25.463,25.734,23.552,29.129,28.178,28.87,28.178,19.652,24.912,25.903,2.177,NA,NA,9.048,27.24,NA,NA,25.7,31.774,30.47,30.208,27.279,23.572,22.807,14.822,15.315,-18.415,-17.654,0.35,24.681,30.335,19.242,22.951,28.244,19.064,29.224,30.225,30.327,23.556,2.793,19.078
"2084-08",2.959,8.182,4.941,19.099,31.84,27.512,29.549,29.362,28.887,26.051,29.115,27.846,NA,15.763,19.377,7.023,8.241,20.267,24.343,25.678,23.992,28.866,27.082,28.706,28.094,18.775,24.654,25.678,3.13,NA,NA,10.826,26.134,NA,NA,26.969,32.055,29.411,29.84,26.913,22.937,22.318,14.042,14.823,-18.906,-21.483,1.13,25.679,30.262,18.69,23.898,27.955,18.424,28.971,29.782,29.861,22.963,2.033,18.982
"2084-09",2.044,7.17,4,17.943,30.496,26.999,29.742,29.492,29.124,25.788,29.357,27.842,NA,15.835,19.101,6.805,7.816,19.635,17.728,24.36,24.275,29.167,27.706,29.735,28.592,18.868,25.158,25.734,2.028,NA,NA,9.171,21.236,NA,NA,25.801,31.233,29.67,29.61,27.237,22.718,22.371,13.945,14.582,-18.286,-17.79,0.749,25.629,30.177,18.515,23.627,28.076,18.171,29.701,29.756,29.748,22.884,2.021,18.869
"2084-10",0.206,5.266,2.309,16.117,28.31,24.906,28.485,29.448,28.826,25.98,29.35,28.207,NA,16.76,19.922,7.337,6.693,16.321,13.717,22.453,24.263,29.516,28.236,30.367,29.458,19.609,26.151,26.497,0.448,NA,NA,6.035,18.059,NA,NA,22.874,30.307,30.799,29.891,28.163,22.613,23.144,14.418,14.933,-12.973,-11.367,-0.717,24.715,30.335,19.003,22.675,28.401,18.543,30.812,30.609,29.99,23.338,2.992,18.965
"2084-11",-3.387,3.188,-0.635,13.684,23.573,22.283,26.191,28.893,28.189,26.416,28.967,28.825,NA,17.992,21.383,8.835,5.517,13.704,8.128,19.352,23.691,30.057,29.212,29.925,30.491,20.964,27.456,27.892,-6.082,NA,NA,2.811,12.15,NA,NA,20.395,27.467,29.873,29.947,29.536,23.12,24.7,15.587,16.528,-6.71,-6.025,-6.836,23.4,30.873,20.165,21.268,29.185,19.759,30.487,29.883,30.25,24.499,4.217,19.094
"2084-12",-9.797,0.927,-4.958,11.192,17.877,19.267,23.499,28.182,27.307,27.476,28.161,29.827,NA,19.769,23.586,10.954,3.708,11.882,6.499,17.133,22.742,30.103,30.602,28.135,30.693,22.65,28.503,29.316,-17.073,NA,NA,-0.379,9.999,NA,NA,17.882,24.347,28.835,29.645,30.739,24.177,26.912,16.832,18.252,-1.465,-1.636,-16.126,21.902,31.151,21.85,20.188,30.03,21.471,29.075,28.923,30.261,25.914,5.843,19.223
"2085-01",-13.694,-4.366,-13.381,10.325,15.299,17.246,21.607,27.521,26.505,28.528,27.422,30.399,NA,21.056,25.516,12.617,2.382,10.754,5.731,15.302,21.478,30.35,31.458,27.557,30.752,23.809,29.725,30.444,-23.77,NA,NA,-5.57,9.267,NA,NA,16.39,22.163,28.215,29.33,31.067,25.315,27.734,17.977,19.822,0.794,-0.078,-22.81,20.701,30.763,23.09,19.313,30.402,23.286,28.473,28.357,30.207,27.394,7.28,19.264
"2085-02",-15.021,-6.476,-17.154,10.606,15.857,16.34,21.486,27.217,26.118,28.389,27.304,30.607,NA,22.255,26.046,13.258,2.471,9.617,-2.17,14.284,20.409,29.535,31.801,27.496,30.814,24.625,30.294,31.419,-22.768,NA,NA,-7.234,6.201,NA,NA,15.361,21.755,28.423,29.341,31.259,26.788,28.279,19.021,20.6,1.209,0.388,-23.394,20.168,30.383,23.779,18.716,30.423,24.071,28.432,28.367,30.41,28.426,7.849,19.37
"2085-03",-12.55,-3.856,-10.589,11.073,17.405,16.609,21.78,27.375,26.212,27.776,27.213,30.983,NA,21.6,26.897,12.525,2.128,10.06,9.508,14.352,20.691,30.025,32.497,28.106,31.369,24.432,29.7,30.74,-21.75,NA,NA,-7.176,12.913,NA,NA,15.092,23.031,29.14,29.588,31.193,27.273,27.84,19.118,20.425,-0.465,-0.612,-21.653,20.002,29.967,23.802,18.609,30.627,24.197,28.96,28.909,30.77,28.054,7.558,19.367
"2085-04",-9.749,-1.288,-7.588,11.235,20.302,18.044,22.786,27.858,26.546,27.578,27.199,31.049,NA,20.554,25.879,10.817,2.823,11.507,12.856,15.913,21.695,29.83,32.459,29.441,31.775,23.517,28.754,29.048,-10.981,NA,NA,-1.583,16.325,NA,NA,16.824,26.036,30.444,30.558,31.467,26.974,27.179,17.827,19.233,-3.573,-3.888,-13.089,20.411,29.82,23.006,18.781,30.332,23.127,29.954,31.215,31.548,27.256,6.585,19.383
"2085-05",-1.393,2.508,-1.18,12.862,25.722,21.434,25.261,28.778,27.343,26.555,27.51,30.184,NA,18.602,24.059,9.673,4.473,12.727,18.152,17.65,23.042,29.47,31.337,31.063,31.184,21.883,27.608,27.976,-3.819,NA,NA,0.727,21.39,NA,NA,19.668,29.475,31.2,31.223,30.282,26.382,25.585,16.656,17.436,-10.036,-12.528,-3.788,21.531,29.839,21.683,19.769,29.717,21.454,30.912,32.077,31.789,25.98,5.464,19.344
"2085-06",1.089,5.184,1.274,15.545,29.432,24.717,27.075,28.924,28.325,24.364,28.091,29.081,NA,16.815,22.058,8.404,6.622,15.713,24.202,21.49,22.998,29.297,30.023,30.008,29.512,20.563,26.041,26.528,0.326,NA,NA,3.862,25.98,NA,NA,23.149,31.223,31.527,31.299,29.004,25.718,23.983,15.495,16.14,-15.071,-14.413,-0.446,22.999,29.017,20.364,21.285,28.881,20.023,30.602,31.391,31.261,24.709,4.027,19.1
"2085-07",3.051,7.016,3.889,17.168,31.955,27.181,28.473,29.078,29.001,23.551,28.669,28.267,NA,15.87,21.055,7.542,7.851,18.288,24.928,24.224,23.759,28.77,28.485,27.448,28.191,19.527,24.981,25.461,1.749,NA,NA,7.528,26.604,NA,NA,25.607,31.29,29.66,30.778,27.923,25.02,22.746,14.496,15.161,-17.237,-19.716,0.348,24.55,28.292,19.458,22.953,28.166,19.08,28.799,30.513,30.541,23.549,2.905,18.919
"2085-08",3.929,6.837,4.785,16.816,31.619,27.388,29.199,29.233,29.308,23.338,29.179,27.707,NA,15.488,20.493,7.15,8.308,19.573,23.442,25.48,24.501,28.639,27.559,27.092,27.348,18.604,24.697,24.992,2.617,NA,NA,9.56,25.191,NA,NA,27.126,32.135,29.365,30.653,27.482,23.963,22.325,14.049,14.591,-20.116,-18.223,1.009,25.329,27.665,18.878,23.803,27.57,18.365,28.095,30.268,30.074,22.852,2.343,18.768
"2085-09",2.789,5.909,4.022,16.834,31.336,26.427,29.604,29.341,29.483,23.856,29.438,27.594,NA,15.845,20.267,7.181,7.273,17.566,18.374,23.198,24.71,29.002,27.644,28.425,27.67,18.576,25.21,25.239,1.34,NA,NA,9.3,21.053,NA,NA,26.435,30.653,29.529,30.176,27.668,23.502,22.357,13.969,14.659,-17.87,-15.623,0.59,25.293,27.71,18.688,23.801,27.662,18.155,28.245,29.692,29.844,22.715,2.288,18.674
"2085-10",0.573,4.265,1.975,15.553,28.23,24.666,28.547,29.275,29.312,23.818,29.377,27.932,NA,16.405,20.616,7.544,6.221,15.163,11.452,20.311,24.734,29.365,28.517,29.407,28.946,19.337,26.008,25.97,-0.8,NA,NA,6.294,15.592,NA,NA,23.568,29.065,30.448,30.056,28.659,23.288,23.085,14.319,15.179,-11.975,-12.773,-1.361,24.591,27.792,19.001,22.885,28.121,18.545,29.666,30.022,30.413,23.12,3.003,18.693
"2085-11",-3.376,1.536,-1.536,12.749,24,22.384,26.147,28.298,28.474,24.405,28.919,28.576,NA,17.584,22.172,8.601,5.285,13.209,7.269,17.879,23.282,29.779,29.498,28.312,30.293,20.714,26.986,27.187,-6.74,NA,NA,2.898,10.895,NA,NA,20.826,25.425,30.02,29.926,29.866,23.489,24.479,15.171,16.586,-6.428,-7.521,-8.145,23.229,28.245,19.942,21.457,28.723,19.687,29.335,29.858,30.575,24.152,4.225,18.714
"2085-12",-9.886,-3.619,-8.369,10.406,22.219,20.446,24.224,27.373,27.431,24.722,28.255,29.091,NA,18.758,23.842,10.069,4.056,11.439,2.474,16.027,21.892,29.722,30.002,27.527,30.656,21.916,28.326,28.584,-13.412,NA,NA,0.718,7.594,NA,NA,18.278,23.05,28.817,29.717,30.861,24.366,26.174,17.099,18.085,-1.951,-1.8,-17.14,21.805,28.518,21.33,20.056,29.109,21.2,28.591,29.016,30.489,25.625,5.788,18.778
"2086-01",-15.116,-7.127,-17.111,9.773,18.789,18.47,22.58,26.341,26.446,25.454,27.275,29.706,NA,20.253,25.403,11.314,2.663,10.472,1.616,14.733,20.582,29.524,30.265,26.463,28.914,23.212,28.284,28.565,-22.864,NA,NA,-5.536,5.95,NA,NA,16.091,21.252,28.147,29.425,31.445,26.007,26.918,19.057,19.644,0.68,-0.2,-25.006,20.618,28.686,22.877,19.103,29.623,22.816,27.801,28.422,30.25,26.832,7.158,18.81
"2086-02",-18.674,-7.025,-21.367,9.359,17.607,17.395,21.899,25.815,25.843,26.341,26.825,30.168,NA,21.202,25.977,11.714,1.695,10.216,3.264,14.173,20.516,29.791,31.283,26.503,29.725,24.447,29.488,30.305,-20.322,NA,NA,-4.709,8.393,NA,NA,14.758,21.27,27.866,28.6,31.15,27.154,27.471,19.603,20.734,0.981,0.165,-24.424,19.959,28.554,23.764,18.481,30.177,23.835,27.968,27.432,30.034,27.57,7.94,18.989
"2086-03",-15.301,-6.155,-15.635,10.116,18.8,17.46,22.451,26.363,25.878,26.157,26.844,30.326,NA,20.541,26.42,11.544,1.996,9.927,2.787,13.894,21.101,30.13,31.568,27.609,30.395,24.55,29.262,29.829,-15.592,NA,NA,-4.596,9.494,NA,NA,14.908,22.41,28.647,29.439,30.93,26.95,27.454,19.725,20.599,-1.113,-1.378,-20.485,20.035,28.617,23.485,18.466,30.371,23.972,28.711,28.35,30.825,27.486,7.701,19.138
"2086-04",-8.979,-3.65,-8.55,11.053,21.771,19.157,23.638,27.55,26.354,25.957,27.152,30.003,NA,19.057,25.335,10.343,3.134,11.589,10.131,15.301,21.539,29.75,31.901,29.344,30.749,23.366,27.841,28.526,-10.185,NA,NA,-1.353,13.558,NA,NA,16.059,25.817,30.053,30.387,30.877,26.898,26.773,18.809,19.214,-6.038,-6.037,-13.897,20.377,29.233,22.846,18.798,30.168,23.013,29.97,30.502,31.559,26.85,6.665,19.188
"2086-05",-2.499,1.753,-2.474,12.523,26.412,22.166,25.884,28.734,27.556,24.989,27.569,29.417,NA,17.729,23.61,9.329,4.767,14.139,16.398,17.985,22.193,28.91,31.356,31.039,30.341,21.57,26.786,27.545,-2.935,NA,NA,1.415,19.873,NA,NA,18.721,29.526,31.039,31.152,30.028,26.323,25.037,17.3,17.668,-12.802,-11.51,-4.506,21.476,29.632,21.627,19.839,29.507,21.339,30.959,31.257,31.439,25.69,5.231,19.178
"2086-06",0.595,3.743,1.226,14.019,30.57,24.821,27.88,29.15,28.54,23.921,28.054,28.456,NA,16.17,21.787,8.229,7.182,17.47,22.321,21.783,23.018,28.795,29.342,29.239,28.681,20.068,25.504,26.354,0.519,NA,NA,4.63,24.533,NA,NA,22.631,31.146,30.683,31.211,28.602,25.133,23.373,16.09,16.084,-16.718,-17.063,-0.865,22.915,29.294,20.28,21.372,28.775,19.993,29.984,31.282,30.807,24.571,3.975,19.006
"2086-07",2.529,5.538,3.489,15.911,32.114,26.796,28.707,29.362,28.987,24.037,28.421,27.5,NA,15.615,20.639,7.541,8.521,19.122,24.723,24.924,23.408,28.539,28.043,27.18,27.176,19.094,24.478,25.21,2.411,NA,NA,8.698,26.671,NA,NA,25.371,31.635,29.641,30.84,27.757,24.114,22.151,14.928,15.077,-17.229,-20.446,-0.086,24.293,29.06,19.316,22.824,28.18,18.912,28.429,30.137,29.987,23.473,2.901,18.866
"2086-08",2.953,6.698,4.373,16.765,31.621,27.694,29.03,29.495,29.302,24.185,28.993,26.942,NA,15.426,20.011,7.105,8.871,20.706,23.051,25.916,23.795,28.727,27.593,26.591,26.442,18.524,23.934,24.576,2.887,NA,NA,11.081,25.552,NA,NA,26.71,31.879,29.328,30.013,26.886,23.383,21.628,14.303,14.602,-17.002,-19.23,0.621,25.149,28.815,18.76,23.891,27.742,18.234,27.504,29.439,29.518,22.879,2.665,18.845
"2086-09",1.652,5.545,3.839,15.599,31.282,27.219,29.312,29.504,29.544,24.447,29.034,27.016,NA,15.355,19.748,6.954,8.037,19.25,17.441,24.411,24.37,28.784,27.814,27.857,26.779,18.61,24.437,24.771,2.259,NA,NA,9.812,20.541,NA,NA,25.814,31.55,29.795,30.095,27.04,23.046,21.814,14.119,14.575,-18.151,-17.423,0.143,25.367,28.881,18.638,23.724,27.637,17.999,27.891,29.829,29.572,22.788,2.459,18.75
"2086-10",-0.443,3.654,1.921,14.323,29.472,25.412,28.252,29.511,29.202,25.155,29.122,27.462,NA,16.441,20.137,7.44,6.69,16.176,13.984,21.909,24.608,29.574,29.219,28.907,28.23,19.355,25.567,25.734,0.9,NA,NA,6.867,17.516,NA,NA,22.718,29.477,30.671,30.048,28.114,22.855,22.669,14.523,15.167,-12.893,-14.852,-1.192,24.557,29.401,18.979,22.738,28.234,18.311,29.316,30.905,30.395,23.209,3.16,18.818
"2086-11",-4.576,0.203,-1.141,12.637,23.854,21.901,25.99,28.861,28.39,25.247,28.704,28.167,NA,17.723,21.536,8.984,5.242,13.332,6.158,19.015,23.427,29.589,29.752,28.654,30.022,20.556,26.748,27.161,-4.478,NA,NA,3.18,10.474,NA,NA,20.108,27.178,29.336,29.714,29.25,23.115,24.237,15.436,16.353,-5.665,-5.976,-9.209,23.198,30.003,20.066,21.418,28.726,19.39,29.42,28.973,30.567,24.334,4.457,18.892
"2086-12",-11.759,-3.985,-7.153,10.649,19.37,19.442,23.298,27.5,27.234,26.559,27.717,29.133,NA,19.233,23.844,10.363,3.455,11.518,6.413,16.688,22.187,29.759,30.433,27.495,30.222,22.174,28.635,29.224,-17.458,NA,NA,0.197,10.346,NA,NA,17.739,24.349,28.251,29.453,30.459,23.415,25.957,16.951,18.333,-1.673,-2.124,-20.291,21.756,30.345,21.466,20.122,29.366,21.222,28.552,28.102,30.199,25.928,5.786,18.86
"2087-01",-16.611,-9.111,-18.312,10.082,16.712,17.918,22.255,26.871,26.391,27.703,27.212,29.701,NA,20.422,25.517,11.688,2.301,10.367,5.43,15.311,20.86,29.699,31.021,26.655,30.012,23.121,28.94,30.105,-20.007,NA,NA,-2.437,8.096,NA,NA,15.455,21.935,27.444,28.85,30.691,24.284,27.361,18.366,19.58,0.581,-0.324,-22.86,20.765,30.182,22.811,19.18,29.778,22.761,28.016,27.449,30.132,27.144,7.142,18.996
"2087-02",-18.585,-8.359,-20.994,10.257,17.564,17.392,22.223,26.799,26.063,28.059,26.984,30.198,NA,21.401,26.664,12.233,1.117,10.01,3.447,14.379,20.673,29.867,31.725,26.831,30.074,23.942,29.502,30.382,-25.018,NA,NA,-5.219,8.35,NA,NA,14.431,21.346,27.408,28.735,30.814,25.001,27.938,19.117,20.135,0.97,0.301,-26.463,20.166,30.066,23.638,18.651,30.198,23.74,27.717,27.325,30,27.671,7.908,19.055
"2087-03",-17.167,-6.054,-18.502,10.335,18.491,17.792,22.549,27.222,26.155,27.587,26.958,30.211,NA,20.917,26.316,11.554,1.759,9.95,4.238,14.063,20.631,29.953,32.188,27.777,30.877,24.031,29.716,30.288,-14.905,NA,NA,-4.185,8.697,NA,NA,14.805,22.701,28.345,29.414,30.903,25.244,27.276,19.035,20.137,-0.784,-1.355,-18.384,20.139,30.126,23.538,18.431,30.236,23.716,28.319,28.363,30.591,27.659,7.656,19.278
"2087-04",-11.14,-2.378,-9.393,11.258,21.645,19.198,23.655,27.877,26.487,27.129,26.931,30.346,NA,19.865,25.679,10.606,2.462,11.697,13.132,15.835,21.566,30,31.949,29.113,31.222,23.011,28.725,29.56,-6.926,NA,NA,-1.467,16.559,NA,NA,16.449,25.422,30.153,30.56,30.757,25.649,26.572,18.2,19.269,-4.549,-4.997,-11.774,20.391,30.219,22.737,18.619,30.145,22.822,29.536,30.993,31.476,27.103,6.715,19.339
"2087-05",-1.817,1.379,-2.197,13.234,26.522,22.372,26.023,28.645,27.106,25.921,27.128,29.784,NA,18.142,24.126,9.19,4.532,13.905,18.291,18.269,21.707,30,31.365,30.895,30.877,21.732,27.328,28.371,-2.343,NA,NA,1.351,21.009,NA,NA,19.534,28.419,30.929,31.155,29.838,24.955,24.851,16.864,17.61,-11.431,-14.303,-3.396,21.552,30.225,21.404,19.602,29.719,21.627,30.647,31.766,31.837,25.923,5.459,19.303
"2087-06",0.333,4.629,0.723,15.89,29.522,24.957,27.612,28.929,28.061,24.65,27.752,28.717,NA,16.829,21.387,8.097,6.62,17.022,22.726,21.634,22.672,29.371,29.621,30.216,29.637,20.798,25.971,26.781,0.599,NA,NA,5.028,24.829,NA,NA,23.57,30.679,31.67,31.139,28.536,24.113,23.54,15.615,16.341,-15.653,-14.342,-0.509,23.197,29.673,20.164,21.171,28.818,20.141,30.512,30.817,31.355,24.715,4.117,19.152
"2087-07",2.256,7.078,2.442,17.537,31.791,26.53,28.956,28.961,28.558,24.167,28.47,27.861,NA,16.064,20.399,7.598,8.603,19.669,25.389,24.737,22.775,28.831,28.137,27.846,27.69,19.599,24.561,25.266,2.904,NA,NA,8.059,26.617,NA,NA,25.662,31.171,30.394,30.586,27.579,23.648,22.653,14.712,15.436,-19.118,-17.464,0.116,24.663,28.97,19.195,22.636,28.072,19.056,29.216,30.549,30.459,23.633,3.021,18.934
"2087-08",2.792,7.198,3.858,17.009,31.356,27.566,29.243,29.062,28.819,23.361,28.926,27.372,NA,15.423,19.387,7.104,8.599,20.749,22.68,25.964,23.73,28.664,27.506,26.823,26.837,18.983,24.285,24.731,3.656,NA,NA,10.474,24.906,NA,NA,26.781,31.603,29.351,30.077,27.145,23.121,21.89,14.16,14.735,-20.481,-20.606,1.057,25.561,28.319,18.719,23.525,27.731,18.342,27.867,29.913,29.839,23.007,2.441,18.788
"2087-09",1.805,6.252,3.042,15.985,30.56,26.846,29.254,29.162,28.996,23.924,29.085,27.331,NA,15.872,19.461,6.903,7.934,18.793,17.835,24.34,24.151,28.735,27.682,28.087,27.118,18.966,24.627,24.968,2.831,NA,NA,9.545,20.787,NA,NA,26.002,31.263,30.053,30.261,27.189,22.837,21.684,14.022,14.319,-14.962,-17.735,0.52,25.572,28.336,18.615,23.381,27.724,18.163,28.31,30.465,30.003,22.886,2.988,18.858
"2087-10",-0.305,4.156,1.06,14.393,27.421,25.122,27.919,28.827,28.647,24.311,28.967,27.651,NA,16.466,20.178,7.575,6.794,16.506,10.72,21.755,23.589,29.201,28.207,28.985,28.365,19.529,25.756,26.027,0.96,NA,NA,7.055,14.949,NA,NA,24.101,28.991,30.153,30.485,28.132,23.044,22.28,14.528,14.763,-12.587,-15.494,-1.446,24.815,28.855,18.911,22.346,28.136,18.557,29.387,30.316,30.398,23.418,3.33,18.816
"2087-11",-3.446,0.53,-3.367,13.17,23.021,22.354,25.891,27.963,27.931,24.618,28.392,28.369,NA,17.574,21.813,8.544,5.519,13.225,-1.458,18.481,22.513,29.411,29.157,28.589,30.307,20.942,27.31,27.385,-2.252,NA,NA,3.461,6.605,NA,NA,21.08,25.934,29.748,30.642,29.455,23.112,23.822,15.801,16.246,-6.806,-6.347,-8.167,23.46,29.318,19.722,21.182,28.642,19.771,29.335,30.235,30.916,24.604,4.503,18.901
"2087-12",-10.52,-1.928,-7.765,12.294,19.776,20.05,23.991,27.211,27.044,25.34,27.655,29.137,NA,18.753,23.928,10.487,4.033,12.02,1.665,16.335,21.337,29.452,29.892,27.097,30.16,22.574,28.475,28.633,-15.288,NA,NA,0.064,6.322,NA,NA,17.817,22.674,28.83,30.189,30.681,24.478,25.59,17.555,18.638,-1.508,-2.233,-17.042,21.904,29.647,21.298,20.057,29.153,21.592,28.439,29.476,30.593,25.805,5.874,18.941
"2088-01",-15.576,-5.986,-15.988,11.767,17.623,18.477,22.639,26.659,26.311,26.524,26.873,29.683,NA,19.724,25.976,11.244,1.7,11.06,2.621,15.197,20.72,29.615,30.698,25.504,28.755,23.781,28.797,29.304,-21.439,NA,NA,-4.2,6.627,NA,NA,15.518,19.89,28.01,29.195,30.78,25.811,26.492,18.913,19.846,0.559,-0.242,-22.283,20.835,29.773,22.887,19.238,29.757,23.351,27.357,28.445,30.144,27.032,7.255,19.059
"2088-02",-18.968,-5.349,-19.902,11.16,17.517,17.692,22.103,26.646,25.992,27.084,26.571,30.317,NA,20.71,26.552,12.157,-0.139,10.577,5.583,14.635,21.07,30.046,31.59,25.565,28.93,24.465,29.219,30.179,-23.613,NA,NA,-5.358,9.069,NA,NA,14.739,20.285,27.888,28.734,31.044,27.067,26.55,19.817,20.527,0.852,0.264,-25.561,20.195,29.733,23.675,18.734,30.302,24.328,27.286,27.842,30.137,28.018,7.963,19.154
"2088-03",-15.431,-2.667,-16.36,11.383,18.924,17.516,22.519,26.918,25.913,27.001,26.53,30.809,NA,20.17,26.719,11.836,-0.199,10.82,8.451,15.183,21.967,30.605,32.306,26.768,30.167,24.013,28.909,29.683,-17.33,NA,NA,-4.434,12.133,NA,NA,14.853,22.512,28.762,29.186,31.243,27.626,26.803,19.397,20.377,-0.854,-1.216,-20.407,20.109,29.9,23.431,18.614,30.617,24.309,28.061,28.854,30.577,28.123,7.754,19.312
"2088-04",-8.456,-1.98,-8.456,12.051,21.644,19.256,24.174,28.035,26.573,26.561,26.857,30.563,NA,18.891,24.743,10.345,2.077,12.104,13.827,16.479,22.428,30.015,32.259,28.294,31.089,23.344,28.254,29.263,-9.595,NA,NA,-0.466,16.388,NA,NA,16.186,24.686,30.152,30.286,31.066,27.529,26.143,18.666,19.293,-5.773,-6.788,-14.102,20.729,30.281,22.62,18.938,30.448,23.147,28.893,30.762,31.32,27.558,6.851,19.402
"2088-05",-1.98,1.104,-1.924,14.341,25.229,21.805,25.954,28.499,27.222,25.294,27.386,29.795,NA,17.435,22.999,8.968,5.265,14.892,16.137,18.523,22.309,29.437,31.784,30.376,30.751,22.38,27.372,28.246,-2.651,NA,NA,1.834,18.562,NA,NA,19.296,28.748,31.219,31.381,29.827,26.999,24.87,17.318,17.707,-11.738,-10.555,-5.042,21.977,30.421,21.457,19.73,29.789,21.448,30.308,31.966,31.581,26.353,5.485,19.413
"2088-06",0.687,4.581,1.657,15.621,29.785,25.465,27.86,29.014,28.166,25.232,27.988,28.649,NA,16.514,21.668,7.883,7.303,19.319,23.165,23.218,22.5,29.115,30.402,30.099,29.684,21.026,25.951,27.168,0.502,NA,NA,5.156,25.02,NA,NA,22.571,30.173,30.709,31.218,28.253,26.359,23.334,15.896,16.316,-12.933,-17.898,-0.762,23.298,30.287,20.229,21.379,29.054,19.991,30.259,30.784,31.024,24.94,4.223,19.284
"2088-07",2.521,6.571,4.238,17.059,31.433,27.273,29.071,29,28.546,24.722,28.498,27.769,NA,15.488,20.305,7.151,8.547,21.244,26.86,26.323,23.327,28.992,28.624,27.998,28.412,19.552,24.552,26.06,1.894,NA,NA,9.357,28.088,NA,NA,26.019,31.951,29.571,31.02,27.237,24.489,22.172,14.637,14.939,-14.71,-19.991,-0.23,24.772,29.785,19.329,23.092,28.276,18.974,28.931,30.356,30.371,23.705,3.244,19.163
"2088-08",3.271,7.884,4.297,18.148,31.942,27.666,29.682,29.286,28.948,24.399,28.867,27.264,NA,14.978,19.299,6.628,8.832,21.846,23.853,26.667,24.479,28.731,27.722,27.592,27.71,18.875,24.3,25.24,2.81,NA,NA,11.42,26.091,NA,NA,27.13,31.895,29.528,30.457,26.999,23.602,21.73,13.867,14.327,-19.317,-22.829,0.263,25.737,29.446,18.781,24.324,27.732,18.335,28.354,30.282,30.041,22.937,2.397,18.991
"2088-09",2.075,6.714,3.081,17.911,30.117,26.352,29.707,29.528,29.168,25.031,29.186,27.231,NA,15.599,19.075,6.549,8.036,19.592,17,24.411,25.064,29.252,27.95,28.55,27.942,18.946,25.004,25.311,2.092,NA,NA,10.164,20.638,NA,NA,26.152,30.971,29.3,29.778,27.188,23.47,21.82,13.826,14.217,-17.032,-15.59,-0.122,25.845,29.565,18.656,24.21,27.951,18.173,28.326,29.681,29.912,22.778,2.741,19.003
"2088-10",-0.463,4.215,1.442,15.943,27.534,24.097,28.82,29.494,28.942,24.918,29.155,27.819,NA,16.514,19.889,7.091,6.683,17.1,11.552,21.921,25.034,29.533,28.463,30.079,29.1,19.536,26,26.395,0.864,NA,NA,6.538,16.251,NA,NA,23.007,30.33,30.644,29.882,28.134,23.22,22.547,14.112,14.529,-11.837,-12.032,-2.343,24.874,29.619,19.033,23.123,28.258,18.673,30.109,30.911,30.71,23.503,3.431,19.003
"2088-11",-3.952,1.802,-1.228,13.277,24.679,22.022,26.873,28.906,28.155,25.211,28.611,28.554,NA,17.682,21.582,8.184,5.104,14.707,8.541,18.681,24.096,29.811,28.802,29.302,30.864,20.769,27.543,27.91,-2.612,NA,NA,2.922,12.902,NA,NA,20.292,27.18,30.18,30.062,29.193,23.568,23.796,15.239,15.611,-6.719,-8.096,-9.252,23.318,29.927,20.002,21.756,28.678,19.859,29.933,30.188,30.917,24.551,4.43,18.978
"2088-12",-9.37,-1.535,-5.951,11.758,19.343,19.493,24.035,28.013,27.266,25.746,27.56,29.199,NA,18.719,23.866,9.316,3.389,13.016,4.026,17.042,22.837,29.879,29.455,28.164,31.173,22.646,28.732,29.586,-15.514,NA,NA,-0.396,8.377,NA,NA,17.948,24.008,28.983,29.627,30.249,24.899,25.272,17.132,17.742,-1.414,-2.106,-17.136,21.851,30.189,21.399,20.36,29.142,21.585,29.304,28.986,30.767,26.105,5.909,19.045
"2089-01",-14.641,-4.011,-10.178,11.105,16.627,17.54,22.145,26.427,26.086,26.393,26.884,29.829,NA,19.665,25.711,10.446,0.902,11.671,7.175,15.963,22.016,29.931,30.288,27.003,29.641,23.689,29.294,30.495,-22.063,NA,NA,-4.564,11.012,NA,NA,15.63,22.516,28.078,28.772,30.619,26.649,26.987,18.958,20.213,0.754,-0.434,-23.822,20.679,30.128,22.871,19.366,29.803,23.151,28.328,28.016,30.256,27.165,7.242,19.094
"2089-02",-15.196,-3.235,-14.412,11.072,16.061,16.869,21.606,26.336,25.749,27.175,26.899,30.331,NA,20.658,26.535,10.818,-0.047,11.144,5.134,15.16,21.746,30.305,31.286,27.387,30.196,24.015,29.374,30.475,-22.558,NA,NA,-7.436,9.314,NA,NA,14.519,21.831,27.976,28.579,30.981,27.924,27.889,19.456,20.932,0.908,-0.142,-23.162,20.124,30.003,23.674,18.964,30.334,24.311,28.46,27.485,30.178,27.834,7.964,19.278
"2089-03",-14.206,-2.713,-14.19,12.003,17.553,16.489,21.913,26.084,25.674,26.806,27.117,30.609,NA,20.66,26.385,10.781,1.059,11.155,6.383,15.137,21.964,29.865,31.909,28.444,30.898,23.637,28.963,29.905,-19.573,NA,NA,-5.529,10.254,NA,NA,14.558,23.848,28.802,28.887,31.006,27.793,27.813,19.449,20.748,-0.797,-2.014,-22.237,20.067,30.19,23.736,18.839,30.514,24.233,29.179,28.18,30.447,27.917,7.736,19.319
"2089-04",-8.866,-2.482,-7.478,12.765,21.008,18.809,23.508,27.307,26.479,27.147,27.565,30.426,NA,19.763,24.657,9.881,2.398,12.781,11.75,15.723,21.805,29.093,32.312,29.367,31.542,23.263,28.642,29.627,-11.985,NA,NA,-0.89,15.161,NA,NA,16.004,25.714,30.148,30.105,30.99,26.356,26.639,18.08,19.566,-5.364,-7.239,-15.282,20.525,30.469,22.881,19.147,30.233,22.911,29.995,30.293,31.227,27.316,6.816,19.352
"2089-05",-3.58,2.93,-1.877,14.577,25.492,21.591,26.076,28.22,27.445,25.853,27.814,29.68,NA,17.472,23.057,8.594,4.36,14.813,16.087,18.2,22.68,29.172,31.725,30.959,31.085,22.424,27.445,28.249,-2.49,NA,NA,1.326,19.383,NA,NA,19.103,29.121,31.311,30.918,30.071,25.749,24.954,16.673,17.355,-11.054,-14.164,-4.489,21.71,30.332,21.607,20.035,29.751,21.452,31.18,31.914,31.709,26.163,5.603,19.384
"2089-06",0.492,5.396,1.478,16.35,29.538,24.535,27.836,28.706,28.316,23.964,28.257,28.656,NA,15.731,21.681,7.409,6.451,17.664,23.349,22.072,23.446,29.16,30.583,30.361,29.513,21.212,26.249,26.676,1.048,NA,NA,4.485,25.25,NA,NA,22.944,31.937,31.202,31.293,28.491,24.694,23.39,15.361,15.697,-15.036,-15.537,-0.526,23.248,29.878,20.353,21.451,28.929,20.16,30.875,31.238,31.143,24.689,4.344,19.255
"2089-07",2.155,7.224,3.636,17.092,31.288,26.369,28.816,28.878,28.827,22.826,28.769,27.976,NA,14.621,20.34,6.699,8.732,19.393,25.295,24.745,23.452,29.032,29.102,28.347,28.229,20.057,25.363,25.822,2.642,NA,NA,8.534,26.527,NA,NA,25.715,32.158,30.183,30.679,27.568,23.911,22.6,14.383,14.823,-16.94,-16.201,0.144,24.62,28.954,19.353,22.955,28.228,19.218,29.45,30.654,30.412,23.527,3.267,19.048
"2089-08",2.982,8.218,4.29,18.015,31.807,27.197,29.281,29.21,29.205,22.901,29.327,27.755,NA,14.536,19.386,6.386,9.121,20.422,22.571,25.798,24.163,28.949,28.236,27.8,27.658,19.113,24.565,25.334,3.013,NA,NA,11.573,24.519,NA,NA,27.452,31.729,29.713,29.873,27.101,23.054,22.325,13.891,14.572,-18.744,-16.547,0.713,25.497,28.25,18.766,23.795,27.691,18.553,28.449,30.264,29.978,22.865,2.777,18.909
"2089-09",1.622,6.453,3.524,17.05,30.727,26.904,28.875,29.186,29.195,23.294,29.399,27.784,NA,14.964,19.512,6.264,8.433,19.772,14.776,24.743,25.394,29.227,28.538,28.688,27.688,19.055,25.053,25.503,2.267,NA,NA,10.342,18.493,NA,NA,26.898,31.47,29.968,29.991,27.467,22.347,22.368,13.692,14.554,-15.976,-14.159,-0.027,25.443,28.063,18.649,23.861,27.928,18.383,28.736,30.104,29.987,22.673,3.004,18.884
"2089-10",-0.547,4.285,1.724,14.897,26.8,24.555,27.509,28.811,28.802,23.407,29.439,28.159,NA,15.763,20.535,7.097,7.086,16.58,8.776,21.909,25.43,29.51,28.789,29.77,28.884,19.576,25.935,26.47,1.182,NA,NA,6.941,13.68,NA,NA,23.955,29.759,30.965,30.104,28.344,22.14,22.906,14.013,14.866,-11.847,-14.796,-1.796,24.586,28.508,19.036,23.055,28.348,18.895,29.912,30.802,30.222,23.065,3.437,18.848
"2089-11",-4.752,1.363,-1.041,12.333,23.911,22.545,25.661,28.338,28.141,23.778,28.876,28.817,NA,17.007,22.085,8.209,5.754,14.417,6.2,19.126,24.517,29.913,29.314,29.015,30.091,20.816,27.141,27.571,-2.598,NA,NA,2.989,10.164,NA,NA,20.645,26.235,30.32,30.08,29.352,22.893,23.685,15.093,15.775,-5.926,-5.954,-9.076,23.138,28.838,19.989,21.867,28.963,19.899,29.787,30.448,30.561,24.339,4.504,18.881
"2089-12",-12.175,-3.191,-6.043,10.929,20.947,20.187,23.652,27.27,27.148,24.733,28.148,29.417,NA,18.639,24.173,9.982,4.021,12.476,5.077,16.648,22.75,29.897,29.755,27.55,30.425,22.3,28.887,29.263,-13.879,NA,NA,-0.341,9.008,NA,NA,17.804,23.715,28.976,29.255,30.198,23.522,24.9,16.794,17.84,-1.158,-1.599,-17.99,21.751,29,21.603,20.558,29.336,21.42,28.943,28.885,30.423,26.043,5.995,18.926
"2090-01",-15.432,-4.15,-15.993,9.351,17.052,18.087,21.821,26.358,26.35,26.09,27.417,30.106,NA,19.955,25.322,11.126,3.106,11.305,2.944,15.112,21.114,29.807,30.626,26.869,29.878,23.59,29.386,29.956,-16.04,NA,NA,-5.299,6.324,NA,NA,15.953,21.701,28.132,28.763,30.457,24.684,26.694,17.949,19.908,1.144,0.371,-19.145,20.698,28.994,23.043,19.525,29.948,23.102,28.267,27.997,30.143,27.375,7.428,19.153
"2090-02",-14.622,-6.765,-16.851,8.921,16.581,17.574,21.561,26.185,25.9,26.788,27.069,30.258,NA,21.18,26.727,12.184,2.308,10.292,7.407,14.836,20.736,29.556,31.56,26.512,29.359,24.536,29.467,29.918,-24.945,NA,NA,-5.332,10.881,NA,NA,14.944,21.61,28.149,28.675,30.412,25.487,26.96,19.16,19.913,1.305,0.813,-23.622,20.108,28.917,23.813,18.823,30.309,24.226,27.96,28.017,30.023,27.608,8.136,19.171
"2090-03",-15.72,-7.616,-15.872,8.826,18.929,18.527,22.157,26.881,26.118,26.012,27.17,30.663,NA,20.264,26.447,11.709,1.232,10.537,4.954,14.591,20.646,29.274,32.1,27.847,30.699,24.876,29.861,30.126,-17.298,NA,NA,-4.388,9.371,NA,NA,15.086,23.079,29.161,29.591,30.836,26.892,26.861,19.381,19.525,-0.243,-0.22,-22.021,19.958,28.922,23.49,18.638,30.201,24.241,28.804,29.127,30.515,27.667,7.907,19.182
"2090-04",-8.154,-2.959,-9.626,10.389,22.043,19.451,23.224,27.584,26.615,25.806,27.356,30.496,NA,19.155,25.063,10.371,3.114,11.524,9.902,15.489,21.215,29.184,32.145,29.418,31.623,23.849,28.877,29.247,-10.481,NA,NA,-0.869,13.714,NA,NA,16.769,25.48,30.363,30.53,31.087,27.215,26.935,18.673,19.253,-4.112,-5.243,-13.347,20.303,29.307,22.739,19.11,30.282,23.302,29.898,31.244,31.436,26.929,6.922,19.31
"2090-05",-1.765,1.21,-2.489,12.103,26.606,22.17,25.428,28.846,27.637,25.794,27.465,29.735,NA,17.878,23.733,9.34,4.817,13.348,17.835,17.929,21.998,29.363,31.645,30.811,30.521,22.338,27.458,27.913,-3.587,NA,NA,1.686,20.873,NA,NA,19.47,29.001,31.354,31.35,30.327,26.19,25.324,17.192,17.877,-10.902,-14.337,-3.952,21.33,29.715,21.593,20.111,29.984,21.746,30.846,32.339,31.404,25.663,5.506,19.295
"2090-06",1.093,3.786,1.167,14.103,31.18,25.354,27.471,28.847,28.358,24.749,27.936,28.672,NA,16.258,22.463,8.329,6.721,16.901,21.763,21.568,22.969,29.334,30.131,29.415,29.03,20.567,25.981,26.386,0.68,NA,NA,5.039,24.212,NA,NA,23.002,30.539,31.063,31.121,28.848,24.878,23.758,15.572,16.468,-15.064,-18.119,-0.556,22.901,29.51,20.349,21.636,29.294,20.431,29.987,30.819,30.59,24.257,4.303,19.145
"2090-07",2.724,6.388,3.888,16.573,32.084,27.022,28.823,29.089,28.93,24.277,28.688,27.774,NA,15.299,20.78,7.446,8.518,20.897,22.766,24.666,23.841,29.123,28.323,27.475,27.936,19.492,25.086,25.569,3.05,NA,NA,7.981,24.987,NA,NA,24.961,31.36,29.642,30.769,27.726,24.071,22.601,14.568,15.305,-18.24,-19.79,0.137,24.368,28.958,19.43,23.26,28.247,19.272,28.482,30.029,30.037,23.17,3.47,19.014
"2090-08",3.392,7.791,4.627,16.289,32.24,27.42,29.322,29.498,29.419,24.021,29.081,27.396,NA,15.002,19.722,6.95,8.695,20.577,24.156,25.873,24.477,28.684,27.087,26.912,27.218,18.456,24.545,24.886,2.83,NA,NA,10.632,25.913,NA,NA,26.691,31.799,29.082,30.548,27.554,23.179,21.873,13.794,14.61,-18.398,-17.026,0.77,25.242,28.525,18.95,24.008,27.532,18.546,27.643,29.526,29.571,22.45,2.96,18.932
"2090-09",2.023,7.408,3.442,16.181,31.004,26.499,29.068,29.61,29.525,23.743,29.232,27.494,NA,15.146,19.905,6.942,7.834,19.035,19.167,24.214,24.845,28.659,27.364,28.561,27.821,18.358,24.938,25.261,1.792,NA,NA,9.533,22.03,NA,NA,26.412,31.398,29.827,30.33,27.603,22.609,21.939,13.595,14.605,-16.389,-16.657,0.371,25.284,27.979,18.814,23.816,27.637,18.328,28.437,29.883,29.81,22.442,2.908,18.812
"2090-10",-0.657,5.036,1.572,14.259,28.037,24.932,27.97,29.263,29.007,23.615,29.175,28.178,NA,15.838,20.817,7.53,6.552,16.104,13.146,21.2,24.227,29.361,28.409,30.056,29.08,19.242,26.014,26.431,0.344,NA,NA,6.135,16.036,NA,NA,23.544,29.524,30.107,30.174,28.299,22.198,22.818,14.079,15.196,-10.995,-13.656,-2.184,24.564,28.132,19.173,22.974,28.233,18.693,29.873,29.777,30.244,23.03,3.602,18.833
"2090-11",-4.432,1.573,-2.496,11.154,24.437,22.887,25.985,28.476,28.311,24.241,28.62,28.577,NA,17.588,22.1,9.156,5.541,13.747,5.034,18.832,23.256,29.618,28.737,28.513,30.471,20.489,27.291,27.666,-4.776,NA,NA,3.267,9.706,NA,NA,21.256,26.061,29.692,30.128,29.426,22.585,24.147,15.641,16.522,-5.64,-7.275,-7.181,23.126,28.608,20.088,21.67,28.619,19.724,29.29,29.786,30.451,24.415,4.582,18.88
"2090-12",-8.944,-1.808,-8.634,10.622,19.231,19.793,23.726,27.132,27.251,24.828,27.789,29.164,NA,19.379,24.309,10.974,4.427,11.614,-3.828,16.386,21.753,29.747,29.79,26.799,29.934,22.314,28.326,28.595,-11.698,NA,NA,-0.74,2.825,NA,NA,18.069,22.599,28.835,30.051,30.279,23.818,24.835,17.887,18.326,-1.544,-2.589,-13.62,21.701,28.807,21.628,20.538,29.251,21.474,28.11,29.534,30.481,25.948,5.956,19.011
"2091-01",-13.887,-5.487,-17.125,10.002,18.45,18.181,22.358,26.115,26.264,26.149,27.142,29.803,NA,20.315,26.302,11.785,3.156,10.76,5.493,15.19,20.727,29.735,30.363,25.708,28.987,23.85,28.994,29.207,-18.548,NA,NA,-6.135,8.866,NA,NA,15.606,20.733,28.022,29.062,30.779,25.615,26.551,19.398,19.897,0.823,-0.338,-19.455,20.586,28.489,23.162,19.545,29.754,23.12,27.39,28.383,30.184,27.308,7.401,19.08
"2091-02",-18.335,-7.98,-22.099,10.229,18.284,16.993,22.48,25.937,25.826,26.014,27.124,30.356,NA,20.377,26.694,12.259,1.771,10.332,5.274,14.498,20.785,29.989,30.942,25.887,29.513,24.369,29.676,29.798,-19.617,NA,NA,-6.207,9.055,NA,NA,14.513,20.612,27.807,28.58,30.796,27.622,26.91,20.328,21.054,1.329,0.374,-24.251,20.04,28.23,23.831,19.028,30.277,24.036,27.503,27.582,29.907,27.571,8.076,19.053
"2091-03",-14.429,-4.263,-16.397,11.014,18.776,17.216,22.967,26.084,25.885,26.285,27.036,30.442,NA,20.464,26.59,11.581,1.986,10.363,6.718,14.415,20.54,29.808,31.475,26.526,30.131,23.569,29.146,30.301,-16.008,NA,NA,-5.377,10.11,NA,NA,14.628,21.161,28.596,29.308,31.165,27.67,27.155,19.517,20.911,-0.308,-0.957,-21.015,20.035,28.179,23.642,18.874,30.354,23.84,27.926,28.426,30.754,27.755,7.831,19.162
"2091-04",-8.774,-3.043,-8.434,11.1,21.809,19.355,24.001,27.504,26.542,25.963,27.031,30.208,NA,19.306,25.338,10.766,3.185,11.498,11.547,15.782,21.366,29.633,32.08,28.156,31.601,22.912,28.299,29.494,-9.851,NA,NA,-1.65,14.543,NA,NA,16.184,24.55,29.828,30.518,31.246,27.419,26.359,18.557,19.592,-4.008,-5.973,-12.73,20.44,28.685,22.811,19.182,30.253,22.758,28.944,30.996,31.468,27.117,6.966,19.277
"2091-05",-1.74,1.025,-1.89,12.33,25.823,22.238,25.618,28.22,27.094,25.214,27.318,29.342,NA,17.606,23.338,9.279,4.913,14.197,17.037,18.805,22.637,29.044,31.222,30.293,30.962,21.594,27.296,28.2,-1.858,NA,NA,1.385,19.615,NA,NA,19.267,27.942,30.797,31.239,30.341,26.409,24.981,17.444,18.136,-11.098,-13.888,-3.342,21.514,29.208,21.631,20.162,29.495,21.218,30.118,31.551,31.546,25.863,5.492,19.263
"2091-06",1.374,4.126,0.908,14.477,30.666,25.581,27.655,28.782,28.203,24.251,27.984,28.277,NA,16.277,21.646,8.241,6.659,17.519,23.134,22.644,23.689,29.399,30.218,28.911,29.1,20.439,25.835,26.497,0.732,NA,NA,4.811,24.977,NA,NA,22.239,30.535,30.524,30.983,29.153,25.701,23.443,15.948,16.648,-15.968,-16.371,-0.677,23.077,29.175,20.395,21.788,29.071,19.794,29.35,31.155,30.768,24.455,4.062,19.094
"2091-07",2.993,5.294,3.634,15.991,31.327,26.853,28.842,28.994,28.842,23.896,28.629,27.437,NA,15.391,20.235,7.454,8.716,20.755,25.113,25.549,24.853,29.215,28.859,27.307,27.66,19.488,24.8,25.55,1.87,NA,NA,8.454,26.949,NA,NA,25.042,31.314,29.416,30.659,27.793,24.265,22.173,14.718,15.448,-19.115,-19.743,-0.322,24.344,28.947,19.514,23.432,28.248,18.792,28.412,30.072,29.887,23.328,3.244,18.954
"2091-08",3.306,6.253,4.18,16.526,31.115,27.681,28.972,29.323,29.442,24.11,28.972,27.014,NA,15.266,19.965,7.174,9.572,21.366,22.445,26.425,25.409,28.693,28.032,26.911,27.004,18.632,24.289,24.832,2.863,NA,NA,10.172,24.71,NA,NA,26.91,31.893,28.97,30.595,27.392,23.381,21.788,13.982,14.814,-17.504,-21.976,0.455,25.32,28.779,18.923,24.542,27.665,18.223,27.695,29.775,29.563,22.647,2.755,18.945
"2091-09",2.001,5.722,3.134,15.915,30.533,26.964,29.111,29.397,29.376,23.949,29.249,27.301,NA,15.125,19.959,7.009,8.659,20.328,16.065,23.988,26.506,29.165,28.114,27.874,27.257,18.597,24.58,24.875,2.399,NA,NA,9.407,19.332,NA,NA,25.955,31.367,29.881,30.212,27.717,22.899,21.816,13.794,14.743,-15.736,-16.286,0.096,25.376,28.819,18.761,24.356,27.795,18.098,28.315,30.363,29.77,22.548,2.908,18.925
"2091-10",-0.376,3.971,1.594,14.887,27.647,24.415,27.856,29.241,29.154,23.924,29.411,27.916,NA,15.974,20.705,7.438,7.124,16.964,12.379,21.411,26.489,29.626,28.759,29.342,28.529,19.467,25.507,25.761,0.839,NA,NA,5.936,16.395,NA,NA,23.188,30.061,30.682,30.307,28.08,22.507,22.263,14.116,15.048,-12.193,-13.994,-2.097,24.445,29.042,19.057,23.364,28.235,18.685,30.082,31.008,30.408,22.998,3.385,18.872
"2091-11",-4.191,0.633,-2.525,12.926,22.343,21.249,25.524,28.284,28.282,24.503,28.852,28.575,NA,17.34,22.494,8.523,5.789,14.386,8.067,18.635,24.639,29.84,29.389,29.417,30.002,20.733,26.936,27.303,-2.481,NA,NA,2.947,12.753,NA,NA,20.381,27.156,29.723,30.095,29.077,23.157,23.273,15.154,16.058,-6.292,-7.753,-8.02,23.066,29.467,20.103,21.937,28.733,19.834,30.187,29.923,30.745,24.05,4.483,18.915
"2091-12",-10.865,-5.34,-7.516,11.795,19.642,19.434,24.034,27.093,27.266,25.408,28.01,29.076,NA,18.579,24.524,9.607,4.307,12.305,6.301,16.736,22.267,29.324,29.94,27.191,30.191,21.98,28.185,28.619,-13.459,NA,NA,0.661,9.709,NA,NA,17.775,23.613,28.726,29.729,30.411,23.857,25.45,16.988,18.844,-1.406,-2.172,-17.55,21.682,29.699,21.424,20.501,29.102,21.708,28.791,28.73,30.312,25.513,5.942,18.933
"2092-01",-16.846,-5.238,-15.802,9.909,17.486,17.916,22.763,26.665,26.342,26.464,27.377,29.84,NA,20.135,25.704,10.932,2.746,11.209,4.473,15.486,21.328,29.446,31.009,26.5,30.211,23.562,29.274,29.804,-16.701,NA,NA,-2.419,8.049,NA,NA,15.61,21.815,28.081,28.996,30.597,24.871,26.901,18.156,20.84,1.009,-0.179,-21.396,20.606,29.479,22.884,19.474,29.714,23.396,28.189,27.812,29.969,26.908,7.538,19.131
"2092-02",-16.707,-5.03,-21.62,9.111,16.643,17.347,22.336,27.03,25.989,27.558,26.916,30.148,NA,21.245,26.261,11.788,2.717,10.222,3.958,14.545,20.781,29.312,31.434,26.66,30.065,24.446,29.377,30.537,-15.802,NA,NA,-3.805,8.353,NA,NA,14.553,21.574,28.098,28.859,30.615,25.828,27.536,19.008,21.462,1.075,0.292,-18.502,20.115,29.434,23.715,18.921,30.04,24.069,27.952,27.832,30.392,28.092,8.234,19.393
"2092-03",-13.417,-2.73,-14.228,10.07,16.594,16.525,22.145,26.109,25.644,26.227,27.065,30.519,NA,20.65,26.853,11.415,2.305,10.334,5.484,14.356,21.1,29.792,32.017,27.712,30.627,24.522,29.086,30.24,-16.678,NA,NA,-4.625,10.251,NA,NA,14.557,22.749,28.993,29.626,31.149,26.151,27.259,18.781,20.783,-1.046,-1.775,-19.499,19.991,29.225,23.653,18.873,30.333,24.112,28.488,29.144,30.807,28.004,7.853,19.334
"2092-04",-7.964,-2.886,-7.821,10.184,19.96,18.575,23.201,27.284,26.474,26.052,27.147,30.226,NA,18.895,25.43,10.078,3.377,11.594,9.39,15.659,21.642,29.658,32.102,29.444,30.804,23.627,27.952,28.804,-11.55,NA,NA,-0.912,13.818,NA,NA,16.34,25.921,30.605,30.486,30.937,26.415,26.215,18.383,19.104,-4.726,-5.194,-16.301,20.369,29.398,22.888,19.08,30.102,23.017,30.021,31.329,31.506,26.976,6.844,19.246
"2092-05",-2.317,0.754,-1.497,12.158,24.165,21.328,25.039,27.956,27.133,24.833,27.381,29.701,NA,16.922,23.722,8.598,4.205,12.894,17.898,18.032,22.596,29.557,31.841,30.883,30.725,22.693,27.38,27.761,-3.389,NA,NA,1.808,20.878,NA,NA,19.48,29.502,31.208,31.177,29.912,26.25,24.7,17.284,17.218,-10.458,-9.629,-5.241,21.442,29.598,21.688,19.985,29.821,21.574,31.031,31.609,31.719,25.749,5.538,19.286
"2092-06",0.589,4.2,1.296,14.053,28.579,24.844,27.069,28.246,27.89,23.502,27.79,28.864,NA,15.667,21.907,7.7,6.638,17.539,22.348,21.586,22.64,29.25,30.367,29.432,29.095,21.285,26.126,26.457,1.119,NA,NA,4.645,25.02,NA,NA,22.593,30.877,30.702,31.053,28.427,25.566,23.419,16.03,16.081,-16.708,-15.699,-0.562,23.041,29.419,20.377,21.465,29.013,20.15,30.326,31,31.163,24.408,4.156,19.105
"2092-07",2.086,6.91,3.257,15.771,31.169,26.886,28.77,28.387,28.319,22.729,28.36,28.068,NA,14.652,20.721,7.062,8.699,21.021,25.157,25.342,23.954,28.982,28.674,27.306,27.654,19.999,25.089,25.503,3.842,NA,NA,7.585,27.016,NA,NA,25.478,31.754,30.162,30.702,27.434,24.475,22.412,15.13,15.194,-18.435,-16.937,0.232,24.532,28.736,19.427,23.122,28.315,19.072,28.794,31.103,30.383,23.347,3.087,18.98
"2092-08",2.94,8.254,4.004,16.294,32.015,26.824,29.332,28.826,28.81,23.157,29.165,27.551,NA,14.552,19.87,6.688,8.759,20.205,21.305,25.115,25.46,28.955,28.024,26.987,27.079,19.219,24.45,24.925,4.385,NA,NA,9.778,24.041,NA,NA,26.86,31.34,29.288,30.31,26.857,23.621,21.804,14.401,14.598,-20.118,-17.255,1.207,25.291,28.324,18.838,23.969,27.884,18.402,28.009,30.249,29.898,22.712,2.483,18.832
"2092-09",2.235,6.258,3.548,15.917,30.711,26.529,28.833,29.216,29.175,23.239,29.525,27.688,NA,14.791,19.638,6.545,8.18,19.194,17.776,23.945,26.448,29.24,27.806,28.394,27.553,18.946,24.871,25.118,3.194,NA,NA,8.821,20.938,NA,NA,26.185,31.332,29.643,30.15,26.962,23.15,21.828,14.355,14.569,-17.693,-14.355,0.703,25.166,28.331,18.684,24.022,27.838,18.206,28.106,30.012,29.769,22.603,2.62,18.782
"2092-10",-0.135,4.431,1.718,14.485,28.387,24.337,28.255,28.846,28.88,23.39,29.335,28.125,NA,15.798,20.495,7.158,6.84,15.715,10.233,20.646,24.895,29.639,28.879,29.091,28.629,19.935,25.95,25.9,1.127,NA,NA,6.232,14.701,NA,NA,24.54,29.669,30.391,30.354,28.035,23.298,22.606,14.81,15.408,-13.497,-13.391,-1.609,24.379,28.709,19.091,22.911,28.482,18.613,29.589,30.48,30.251,23.002,3.17,18.781
"2092-11",-3.118,1.342,-1.162,11.968,23.555,21.797,25.905,28.36,28.221,24.102,28.577,29.015,NA,17.13,22.033,8.568,5.683,13.622,8.882,18.312,23.153,29.961,30.279,29.022,30.224,21.352,27.312,27.492,-2.695,NA,NA,2.643,12.764,NA,NA,20.498,26.883,29.967,30.037,29.201,23.233,24.146,15.691,16.479,-6.445,-6.81,-8,22.994,29.204,20.001,21.56,29.319,19.776,29.961,29.925,30.621,24.037,4.405,18.868
"2092-12",-9.305,-1.887,-6.452,11.513,19.274,19.108,23.734,27.135,27.205,25.121,27.742,29.713,NA,18.537,24.102,10.583,3.752,11.85,5.723,16.482,21.922,29.88,30.177,27.745,30.769,22.087,28.673,29.191,-12.249,NA,NA,0.724,10.294,NA,NA,17.129,24.084,28.303,29.175,30.17,24.457,25.361,17.437,18.159,-1.767,-1.901,-16.403,21.634,29.599,21.585,20.328,29.649,21.429,28.903,28.255,30.286,25.557,5.768,18.932
"2093-01",-10.782,-7.891,-14.779,11.648,18.635,17.533,22.903,26.508,26.512,26.406,27.388,30.045,NA,19.607,25.892,11.455,2.824,10.226,1.319,14.784,20.993,29.93,30.623,26.599,29.808,23.06,28.497,29.492,-21.088,NA,NA,-1.724,6.497,NA,NA,14.88,21.628,27.372,28.596,30.847,25.744,27.408,19.025,21.204,0.316,-0.032,-22.195,20.642,29.751,23.074,19.452,29.749,23.141,27.915,27.412,30.052,26.948,7.236,19.101
"2093-02",-13.94,-4.946,-15.716,11.668,17.401,16.815,22.401,26.673,26.12,26.888,27.207,30.232,NA,20.43,26.754,11.949,1.491,10.112,1.392,13.916,20.807,30.209,31.525,26.443,29.701,24.107,28.863,29.528,-25.015,NA,NA,-4.999,6.671,NA,NA,13.775,20.935,27.181,28.174,30.525,25.666,27.723,19.887,21.304,0.664,0.441,-25.545,20.093,29.795,23.72,19.057,30.125,24.118,27.519,27.034,29.964,27.538,7.911,19.144
"2093-03",-14.744,-6.572,-15.265,12.299,18.918,17.162,22.967,26.69,26.11,26.916,27.114,30.628,NA,20.679,26.427,12.085,1.703,10.415,8.8,14.402,21.042,30.072,31.653,27.821,30.746,24.113,28.944,29.73,-17.843,NA,NA,-3.703,12.615,NA,NA,14.048,22.929,28.187,28.737,30.506,25.986,26.695,19.474,20.341,-0.861,-1.508,-24.14,19.997,29.988,23.755,18.938,30.379,23.878,28.365,27.92,30.297,27.668,7.687,19.209
"2093-04",-8,-1.086,-8.115,12.527,21.755,19.146,23.87,28.1,26.782,27.393,27.253,30.488,NA,19.762,25.222,10.659,3.843,12.081,12.547,15.484,22.302,29.869,31.775,29.498,31.488,23.228,28.816,29.394,-9.946,NA,NA,-0.85,16.069,NA,NA,15.693,26.079,29.709,29.619,30.386,26.041,25.711,18.314,19.022,-4.361,-4.78,-12.699,20.329,30.459,23.003,19.251,30.321,22.758,29.87,29.995,30.959,27.057,6.743,19.402
"2093-05",-0.829,1.391,-1.573,13.902,26.511,22.326,25.811,29.016,27.593,26.84,27.613,29.7,NA,17.581,23.604,9.327,5.535,14.608,16.138,18.39,22.831,29.871,31.339,30.996,30.972,21.829,27.739,28.514,-3.333,NA,NA,1.601,20.304,NA,NA,18.97,28.979,30.891,30.556,29.404,26.035,24.452,17.26,17.402,-11.174,-10.531,-3.277,21.493,30.755,21.528,20.073,29.788,21.223,30.956,31.466,31.444,26.027,5.439,19.391
"2093-06",1.039,4.326,1.52,15.581,29.638,25.296,27.269,29.397,28.358,26.594,28.404,28.672,NA,16.466,21.679,8.277,7.59,16.911,21.49,22.524,22.944,29.654,29.777,30.204,29.404,20.648,26.434,27.158,0.623,NA,NA,5.462,24.179,NA,NA,22.515,31.531,30.446,30.667,28.058,24.871,23.188,15.862,16.378,-16.201,-12.846,-0.398,22.945,30.518,20.225,21.511,28.921,19.829,30.871,31.392,31.167,24.779,4.131,19.228
"2093-07",2.958,6.389,4.064,17.513,31.565,27.344,28.817,29.495,28.85,25.92,28.883,27.99,NA,15.563,20.266,7.255,8.962,20.714,25.231,25.501,23.276,29.288,28.493,28.665,28.417,19.961,25.613,26.111,1.989,NA,NA,8.587,27.033,NA,NA,25.047,32.057,29.183,30.121,26.845,23.918,22.013,15.033,15.27,-18.398,-14.827,-0.017,24.533,30.196,19.269,23.118,28.139,18.909,29.486,30.02,30.16,23.586,3.048,19.086
"2093-08",3.616,6.842,4.934,17.893,32.092,27.749,29.678,29.676,29.245,25.762,29.204,27.58,NA,15.527,19.683,6.933,10.167,21.548,23.228,26.003,23.991,28.863,27.744,28.694,27.946,19.469,25.097,25.481,1.87,NA,NA,10.769,25.546,NA,NA,26.721,32.351,29.567,29.368,26.509,23.304,21.56,14.468,14.735,-19.787,-16.787,0.715,25.488,29.876,18.732,24.018,27.776,18.331,29.276,29.81,29.709,23.056,2.362,18.992
"2093-09",2.534,5.786,4.189,17.159,31.207,27.077,29.742,29.835,29.411,25.796,29.415,27.418,NA,15.766,19.78,6.684,9.276,19.976,17.322,24.513,24.508,29.035,28.194,29.306,28.301,19.453,25.461,25.658,1.551,NA,NA,9.98,20.635,NA,NA,26.052,31.3,30.132,29.262,26.768,23.078,21.746,14.173,14.578,-15.474,-16.621,0.396,25.453,29.804,18.603,24.047,27.836,18.265,29.582,29.772,29.813,23.044,2.513,18.975
"2093-10",0.492,4.298,2.26,15.632,27.293,24.899,28.396,29.481,29.011,25.944,29.197,27.695,NA,16.373,20.368,7.142,7.239,16.697,13.32,22.234,24.122,29.568,28.802,29.931,29.239,19.821,26.201,26.419,0.184,NA,NA,7.227,17.075,NA,NA,23.16,29.788,30.27,29.819,27.928,23.073,22.597,14.35,14.883,-11.529,-11.306,-1.157,24.719,30.293,18.982,22.987,28.233,18.693,30.28,30.53,30.03,23.523,3.254,19.032
"2093-11",-3.364,1.093,-0.576,13.413,23.601,22.176,26.494,28.886,28.432,26.479,28.774,28.451,NA,18.202,21.708,9.066,5.825,13.891,8.114,19.172,23.476,29.747,29.471,29.545,30.765,20.828,27.237,27.619,-6.589,NA,NA,3.361,12.469,NA,NA,20.651,27.695,29.701,29.879,29.239,23.624,23.988,15.633,16.611,-6.297,-6.307,-8.975,23.304,30.705,20.115,21.543,28.829,19.701,30.176,29.786,30.409,24.657,4.336,19.049
"2093-12",-9.114,-4.685,-4.985,11.479,19.631,20.201,24.16,28.055,27.625,27.668,27.975,29.248,NA,20.137,23.661,10.892,4.842,12.344,2.15,17.163,21.946,29.72,30.529,27.869,31.002,22.932,29.133,29.351,-16.262,NA,NA,-0.115,6.467,NA,NA,18.323,23.503,28.835,29.869,30.342,24.077,25.37,16.945,18.144,-1.339,-1.363,-17.738,21.875,31.073,21.703,20.289,29.607,21.243,29.055,29.267,30.717,26.193,5.823,19.182
"2094-01",-11.713,-5.595,-11.407,10.391,16.883,18.052,22.502,27.285,26.767,28.466,27.391,29.961,NA,21.266,25.201,12.56,3.588,11.41,4.634,16.222,20.983,29.744,31.041,26.898,30.106,24.253,29.498,30.317,-21.912,NA,NA,-6.481,9.256,NA,NA,16.345,21.909,28.212,29.39,30.666,24.98,27.336,18.258,19.648,1.109,0.753,-19.125,20.685,30.915,23.202,19.392,29.912,23.044,28.321,28.278,30.488,27.464,7.217,19.384
"2094-02",-15.376,-7.078,-19.049,10.384,15.753,16.698,21.864,26.651,26.223,28.011,27.08,30.626,NA,22.054,26.256,12.725,2.927,10.705,4.717,15.151,20.749,30.113,32.248,26.836,30.277,25.227,29.912,30.387,-20.919,NA,NA,-7.1,9.53,NA,NA,15.515,22.057,28.601,29.704,30.793,25.624,27.612,19.076,20.241,1.247,1.037,-20.356,20.083,30.277,23.893,18.922,30.614,24.224,28.306,28.627,30.67,28.069,7.835,19.443
"2094-03",-11.036,-6.579,-14.36,11.05,18.048,16.997,22.45,26.925,26.15,27.809,27.215,30.898,NA,21.938,26.858,12.159,3.098,10.556,7.876,14.67,20.984,30.278,32.695,27.533,31.077,25.276,30.309,30.32,-17.813,NA,NA,-7.137,12.044,NA,NA,15.055,23.207,29.422,30.174,31.002,25.796,27.319,18.889,19.802,-0.313,-0.072,-19.092,20.013,29.788,23.68,18.859,30.746,24.234,28.533,30.025,31.252,28.055,7.581,19.444
"2094-04",-7.008,-1.367,-9.353,12.267,21.3,18.78,23.758,28.212,27.005,27.249,27.351,30.755,NA,20.341,25.325,10.751,3.53,11.408,11.859,15.591,21.468,29.588,32.799,29.43,32.09,24.009,28.659,29.35,-11.235,NA,NA,-2.135,15.777,NA,NA,16.317,26.195,30.894,30.98,30.512,26.615,26.118,18.112,18.712,-4.168,-3.234,-13.221,20.473,29.841,22.804,19.124,30.432,23.332,29.999,31.882,31.898,27.22,6.673,19.43
"2094-05",-1.007,2.277,-1.425,13.689,25.784,21.861,25.581,28.977,27.594,26.532,27.418,29.977,NA,18.316,23.265,9.461,5.234,13.547,16.807,18.667,22.67,29.694,31.812,31.265,31.194,22.504,27.553,28.175,-5.631,NA,NA,1.242,20.165,NA,NA,19.555,29.37,31.388,31.531,29.814,26.029,24.951,17.455,17.657,-10.724,-9.424,-4.98,21.525,30.08,21.551,19.929,30.085,21.616,31.093,31.932,32.209,26.128,5.492,19.409
"2094-06",1.305,4.832,1.647,15.571,29.975,24.617,27.257,29.217,28.493,24.005,27.875,28.896,NA,16.284,21.702,8.311,7.131,16.334,22.878,22.461,23.415,29.57,30.167,29.947,29.161,20.78,26.124,26.783,0.797,NA,NA,4.559,24.92,NA,NA,23.3,31.44,31.321,31.68,28.789,24.835,23.576,16.112,16.206,-16.486,-13.811,-0.361,23.073,29.416,20.29,21.504,29.156,20.074,30.827,32.012,31.546,24.818,4.175,19.224
"2094-07",3.185,7.711,4.698,16.591,31.308,26.922,28.781,28.942,28.903,22.858,28.569,27.984,NA,15.063,20.876,7.54,8.879,18.599,25.276,24.544,23.411,29.041,28.414,27.604,27.783,19.59,25.288,25.803,1.607,NA,NA,7.667,27.051,NA,NA,25.389,32.017,30.563,30.804,27.871,23.969,22.545,15.041,15.248,-16.648,-14.696,0.405,24.53,28.506,19.358,23.094,28.064,19.034,29.062,31.342,30.705,23.617,2.992,19.004
"2094-08",3.678,7.278,4.946,17.608,31.412,27.736,29.067,29.209,29.207,22.951,29.051,27.452,NA,15.077,20.138,7.128,10.448,20.326,23.843,25.743,23.83,28.437,27.384,27.077,27.102,18.811,24.903,25.289,1.789,NA,NA,10.551,25.712,NA,NA,27.049,32.129,29.422,30.265,27.39,23.281,22.027,14.378,14.817,-16.712,-15.5,0.845,25.393,27.741,18.847,24.186,27.551,18.299,28.106,30.507,30.18,22.973,2.527,18.893
"2094-09",2.618,6.223,3.841,17.677,30.693,26.713,29.478,29.317,29.463,23.286,29.375,27.448,NA,15.334,20.278,6.98,9.244,19.007,17.361,23.63,24.625,28.673,27.499,28.034,27.329,18.622,24.866,25.314,0.586,NA,NA,9.348,20.25,NA,NA,26.146,31.715,30.211,30.499,27.969,22.779,22.136,13.967,14.614,-15.642,-17.667,0.242,25.599,27.441,18.742,24.059,27.639,18.064,28.729,30.971,30.325,22.881,2.324,18.772
"2094-10",0.555,4.53,1.885,15.419,27.601,24.492,27.869,29.063,29.144,23.748,29.196,27.853,NA,16.342,20.502,7.394,7.404,16.684,12.09,21.384,25.2,29.309,28.092,29.38,28.039,19.205,25.106,25.625,-1.931,NA,NA,6.628,16.06,NA,NA,23.736,30.378,30.881,30.709,28.892,22.854,22.88,14.305,15.094,-12.162,-13.038,-2.624,24.762,27.909,19.136,23.008,28.031,18.392,30.097,31.102,30.554,23.366,3.182,18.791
"2094-11",-4.238,2.659,-1.666,13.365,22.5,21.734,25.711,28.137,28.36,24.04,28.641,28.497,NA,17.345,21.627,8.453,5.983,13.938,7.455,18.478,23.879,29.714,28.483,28.85,29.592,20.464,26.479,27.11,-8.757,NA,NA,3.206,11.743,NA,NA,20.698,27.033,30.148,30.45,29.897,23.565,23.875,15.232,16.565,-5.848,-6.888,-9.491,23.442,28.377,20.105,21.668,28.535,19.68,29.821,30.195,30.577,24.22,4.36,18.802
"2094-12",-10.278,-1.546,-7.704,11.883,19.533,19.244,23.747,26.871,27.333,24.461,27.77,29.182,NA,18.58,23.813,9.917,4.483,12.016,3.928,16.428,22.32,29.704,29.51,27.745,30.649,22.281,28.554,29.114,-18.519,NA,NA,0.065,8.228,NA,NA,17.87,23.942,28.516,29.459,30.547,24.629,25.451,17.073,18.705,-1.499,-2.301,-20.072,22.065,28.568,21.409,20.449,29.151,21.448,29.067,28.417,30.233,25.708,5.785,18.78
"2095-01",-13.618,-2.933,-18.281,11.459,15.503,17.167,22.273,26.118,26.423,25.858,27.076,29.603,NA,19.818,26.365,11.213,3.584,11.077,6.6,15.442,20.824,29.291,30.891,26.401,28.918,23.789,28.55,28.61,-19.445,NA,NA,-3.095,9.427,NA,NA,15.638,21.94,27.497,28.465,30.723,26.16,26.878,18.815,20.277,0.606,-0.232,-21.544,21.012,28.803,22.86,19.45,29.753,23.082,28.011,27.231,29.747,26.563,7.313,18.999
"2095-02",-14.558,-1.712,-17.102,11.591,14.86,16.044,21.786,25.376,25.86,26.323,26.779,29.962,NA,20.518,26.418,11.539,2.707,10.517,5.441,14.868,20.514,29.496,31.473,26.526,29.5,24.212,29.266,29.795,-19.47,NA,NA,-6.298,9.444,NA,NA,14.322,21.693,27.53,28.218,31.035,27.426,27.968,19.468,21.792,0.95,0.029,-21.365,20.465,28.92,23.758,18.9,30.02,23.766,27.962,27.025,29.863,27.33,8.008,19.213
"2095-03",-13.093,-2.512,-15.635,11.084,18.64,17.36,22.636,26.238,25.93,26.467,26.616,30.016,NA,20.382,26.438,11.594,3.062,10.297,6.311,14.725,21.219,30.004,31.751,27.222,30.067,24.133,28.471,29.096,-18.977,NA,NA,-4.585,9.646,NA,NA,14.464,22.453,28.179,29.023,31.117,27.177,27.329,19.585,20.851,-0.555,-1.571,-21.857,20.372,29.274,23.638,18.815,30.254,23.529,28.137,28.318,30.498,27.365,7.705,19.21
"2095-04",-8.563,-0.421,-7.365,12.106,22.241,19.373,24.387,27.396,26.433,26.831,26.893,30.162,NA,19.421,25.085,10.626,3.26,11.262,11.578,15.845,21.922,29.411,32.044,28.145,31.172,23.107,28.054,28.764,-12.924,NA,NA,-1.521,14.999,NA,NA,15.558,25.535,29.74,29.747,30.711,26.504,26.07,18.473,19.18,-4.383,-8.368,-17.424,20.665,29.716,22.807,19.194,30.005,22.423,29.018,30.376,31.061,26.87,6.73,19.164
"2095-05",-1.249,2.594,-1.797,13.478,26.854,22.506,25.914,28.566,27.376,26.331,27.331,29.655,NA,17.697,23.296,9.076,5.327,13.896,17.411,18.513,22.469,29.702,31.17,30.102,30.765,21.673,26.691,28.067,-3.699,NA,NA,1.697,20.481,NA,NA,19.202,28.316,30.232,30.819,29.832,25.787,24.537,17.237,17.896,-11.022,-13.491,-4.336,21.763,29.992,21.403,20.093,29.722,21.2,29.906,31.492,31.152,25.784,5.418,19.27
"2095-06",0.575,5.636,1.134,15.956,29.96,25.247,27.379,28.89,27.998,25.812,27.918,28.485,NA,16.354,21.978,8.065,6.975,17.795,21.911,22.427,23.168,29.404,29.781,29.589,29.113,20.132,25.347,26.571,1.139,NA,NA,5.253,23.809,NA,NA,22.562,30.683,29.999,31.019,28.326,24.781,23.104,15.696,16.253,-16.219,-20.397,-0.533,23.367,29.962,20.33,21.574,28.774,19.846,29.874,30.582,30.588,24.399,4.011,19.127
"2095-07",2.154,8.372,3.276,17.741,31.772,27.223,29.141,28.958,28.651,25.033,28.578,27.37,NA,15.456,20.665,7.405,8.326,20.185,25.291,24.666,24.139,28.825,28.068,27.859,27.854,18.866,24.378,25.712,3.072,NA,NA,8.352,27.094,NA,NA,25.8,31.979,29.78,30.545,27.296,24.466,22.365,14.979,15.299,-18.408,-18.857,0.35,24.749,29.488,19.306,23.279,27.628,18.703,28.841,30.294,30.066,23.52,3.025,19.015
"2095-08",3.019,8.683,4.082,17.961,31.863,27.44,29.666,29.277,29.164,24.591,29.226,27.033,NA,15.262,20.017,6.97,8.708,20.747,21.229,25.708,25.391,28.741,27.713,27.871,27.442,18.74,24.059,25.036,3.782,NA,NA,9.806,24.396,NA,NA,26.893,31.721,29.078,29.999,26.957,23.785,21.944,14.424,14.816,-20.339,-16.306,0.763,25.45,29.13,18.718,24.425,27.355,18.113,28.152,29.795,29.656,22.807,2.503,18.918
"2095-09",1.791,6.748,3.409,17.887,31.394,27.039,29.748,29.446,29.325,24.457,29.25,27.118,NA,15.424,19.936,6.78,8.454,18.544,15.977,24.113,25.539,29.152,27.93,28.279,27.515,18.737,24.343,25.092,3.053,NA,NA,8.992,19.799,NA,NA,26.246,30.7,29.403,29.495,27.103,23.638,22.059,14.345,14.838,-17.119,-17.044,0.483,25.308,28.898,18.59,24.296,27.488,18,28.34,29.436,29.562,22.668,2.749,18.83
"2095-10",-0.466,4.664,1.201,15.721,29.377,25.388,28.445,29.228,29.174,24.304,29.182,27.586,NA,16.02,20.505,7.338,7.583,16.123,7.6,21.701,24.432,29.403,28.735,29.352,28.604,19.37,25.574,26.022,1.134,NA,NA,6.741,12.485,NA,NA,23.738,28.607,29.998,29.725,28.006,23.538,22.839,14.655,15.327,-11.874,-13.448,-1.887,24.586,28.854,18.921,23.155,28.111,18.314,29.505,29.683,30.083,23.253,3.283,18.81
"2095-11",-4.917,2.088,-2.219,13.311,23.601,22.103,26.182,28.152,28.317,24.698,28.775,28.241,NA,17.592,22.782,8.037,6.213,13.38,6.652,18.308,23.547,29.643,29.307,28.999,30.369,20.583,27.305,27.99,-2.87,NA,NA,3.161,11.645,NA,NA,20.43,26.681,29.872,29.694,28.948,23.847,24.141,15.731,16.112,-5.374,-6.269,-8.469,23.412,29.368,19.821,21.66,28.501,19.627,29.68,29.791,30.568,24.63,4.487,18.912
"2095-12",-10.168,-0.946,-5.78,12.128,20.583,19.698,24.24,27.314,27.313,25.766,27.9,28.979,NA,19.289,24.015,9.792,4.943,12.08,3.716,16.48,22.191,29.6,29.829,27.989,30.474,22.291,27.832,28.836,-11.576,NA,NA,-0.434,7.743,NA,NA,17.332,23.779,28.381,29.09,30.224,24.897,25.425,17.105,18.062,-1.69,-2.125,-14.218,21.875,29.796,21.441,20.421,29.169,21.411,28.843,28.442,30.42,26.084,5.88,19.049
"2096-01",-12.365,-5.532,-12.215,11.24,16.609,17.468,22.411,26.329,26.441,26.77,27.145,29.739,NA,20.688,25.314,12.065,4.211,11.447,5.663,15.643,21.239,29.373,30.642,26.931,29.758,23.708,28.708,29.71,-21.545,NA,NA,-5.465,9.506,NA,NA,15.288,21.91,27.926,28.832,30.562,26.003,27.092,18.559,19.955,0.758,-0.416,-21.546,20.784,29.774,22.969,19.553,29.753,22.918,28.101,28.276,30.05,27.26,7.323,19.149
"2096-02",-12.576,-5.784,-17.695,11.629,16.867,16.858,22.23,26.325,25.98,27.166,27.101,30.071,NA,21.038,26.927,12.522,3.559,10.203,2.65,14.746,20.506,29.336,31.47,26.973,30.056,24.299,29.511,30.412,-22.068,NA,NA,-9.013,7.266,NA,NA,14.038,21.265,28.157,29.246,30.947,26.787,27.65,19.571,21.052,1.115,-0.04,-21.686,20.134,29.636,23.628,19.119,30.012,24.087,27.788,28.861,30.482,27.822,7.935,19.286
"2096-03",-13.96,-4.857,-14.045,11.96,17.989,17.152,22.632,26.531,26.081,26.902,27.338,30.354,NA,20.767,27.049,12.076,3.51,10.688,8.679,14.858,20.907,29.374,32.218,27.966,31.332,24.131,29.734,30.187,-17.561,NA,NA,-6.582,12.265,NA,NA,14.094,23.451,29.324,29.525,31.151,27.811,27.281,19.251,20.199,-0.633,-1.554,-20.734,19.955,29.596,23.517,18.996,30.219,24.046,28.559,29.823,30.859,27.738,7.696,19.288
"2096-04",-6.953,-0.695,-8.01,12.713,20.492,18.605,23.903,27.318,26.486,26.137,27.393,30.456,NA,19.044,25.667,10.785,4.114,11.655,15.849,16.168,21.486,29.254,32.318,29.64,31.436,23.23,28.8,29.093,-10.123,NA,NA,-0.614,18.437,NA,NA,15.833,26.178,30.423,30.465,30.727,27.778,25.914,18.4,18.929,-5.192,-6.594,-11.228,20.448,29.698,22.649,19.192,30.077,23.034,29.7,31.383,31.593,27.196,6.769,19.372
"2096-05",-1.474,3.182,-1.66,14.401,24.806,21.701,25.941,28.475,27.539,24.976,27.591,29.658,NA,17.607,23.475,9.446,5.222,13.451,17.984,18.877,22.026,29.123,31.203,31.084,30.783,21.722,27.174,28.108,-3.155,NA,NA,1.032,21.403,NA,NA,19.07,29.942,31.089,31.504,30.268,26.42,25.131,17.127,17.862,-9.738,-10.861,-3.589,21.388,29.833,21.467,20.163,29.589,21.283,30.72,31.708,31.553,25.909,5.45,19.323
"2096-06",1.167,6.207,1.101,16.308,28.746,24.889,27.626,28.877,28.378,23.958,28.122,28.63,NA,16.263,21.551,8.257,6.979,16.65,21.666,22.368,23.185,29.271,29.646,29.881,29.305,20.488,25.89,26.875,1.188,NA,NA,4.477,24.305,NA,NA,22.272,31.336,31.085,31.126,28.683,25.087,23.489,15.639,16.267,-15.235,-15.057,-0.401,22.947,29.441,20.338,21.7,29.012,19.936,30.385,31.319,31.053,24.527,4.182,19.154
"2096-07",3.069,7.481,4.078,18.192,31.175,27.182,28.984,29.07,29.049,23.409,28.768,27.63,NA,15.057,20.067,7.305,9.193,20.469,25.866,24.993,23.771,29.12,28.12,28.44,28.28,19.239,25.216,26.048,2.199,NA,NA,8.509,27.874,NA,NA,25.241,31.792,29.526,30.602,27.428,24.256,22.33,14.844,15.277,-16.734,-17.596,0.321,24.346,28.88,19.401,23.331,28.25,18.822,29.209,30.111,30.218,23.445,3.241,19.017
"2096-08",3.547,7.451,4.943,17.577,31.573,27.675,29.525,29.438,29.548,23.746,29.28,27.108,NA,15.198,19.42,6.748,10.539,21.414,23.047,26.544,24.336,28.725,27.239,27.436,27.454,18.603,24.568,25.23,2.766,NA,NA,11.569,25.221,NA,NA,26.984,32.047,29.156,30.205,26.869,23.429,21.675,14.128,14.676,-20.775,-19.529,0.895,25.311,28.541,18.812,24.317,27.696,18.172,28.192,29.991,29.817,22.868,2.61,18.893
"2096-09",2.408,6.661,4.08,17.049,30.371,26.917,29.19,29.31,29.426,24.115,29.552,27.292,NA,15.465,19.785,6.623,9.039,19.516,17.672,24.855,25.104,28.89,27.289,28.157,27.458,18.463,24.714,25.145,2.061,NA,NA,10.363,21.163,NA,NA,26.694,31.596,29.644,30.014,27.324,23.001,21.656,13.968,14.733,-16.234,-15.561,0.545,25.284,28.811,18.745,24.236,27.636,18.056,28.479,30.075,29.915,22.746,2.775,18.917
"2096-10",0.116,4.931,2.46,15.652,26.709,24.76,27.578,29.172,29.031,24.264,29.203,27.845,NA,16.446,20.68,7.318,7.368,16.674,13.455,22.186,25.028,29.417,28.351,29.325,28.416,19.427,25.836,26,0.577,NA,NA,7.506,16.92,NA,NA,24.143,29.388,30.233,30.194,28.303,22.799,22.323,14.344,15.199,-13.602,-12.891,-1.487,24.552,29.169,19.104,23.065,28.206,18.617,29.442,30.337,30.293,23.057,3.262,18.891
"2096-11",-3.219,3.097,0.522,13.176,23.951,22.266,25.975,28.289,28.248,24.34,28.763,28.496,NA,17.325,22.915,8.34,5.684,13.842,7.314,19.249,23.722,29.776,29.401,28.815,30.055,20.93,27.135,27.579,-5.027,NA,NA,3.481,11.678,NA,NA,20.937,26.289,29.842,29.956,29.109,23.201,23.371,15.571,16.312,-6.626,-7.584,-7.537,23.202,29.305,20.166,21.761,28.962,20.104,29.482,29.868,30.624,24.193,4.357,18.962
"2096-12",-9.79,-0.302,-5.564,11.492,20.156,19.788,23.751,27.204,27.233,25.155,28.223,29.012,NA,18.86,24.557,9.369,4.529,12.161,4.039,17.014,22.297,29.764,30.129,27.451,30.355,22.813,28.57,28.836,-15.631,NA,NA,0.272,8.502,NA,NA,17.944,23.817,28.631,29.499,29.977,24.102,25.242,17.205,18.096,-1.873,-2.175,-17.426,21.718,29.619,21.634,20.563,29.5,21.889,28.564,28.636,30.337,25.843,5.827,19.003
"2097-01",-14.913,-4.886,-12.522,10.579,16.878,18.431,22.236,26.531,26.531,26.729,27.641,30.021,NA,20.191,26.172,11.024,3.176,11.303,4.356,15.63,21.193,29.696,30.995,26.552,29.791,24.019,29.23,29.732,-20.316,NA,NA,-3.127,7.802,NA,NA,15.718,21.352,27.881,29.053,30.211,25.286,26.852,18.44,19.707,0.641,-0.232,-20.587,20.56,29.735,23.046,19.664,30.11,23.242,27.91,27.997,30.179,27.121,7.268,19.177
"2097-02",-16.377,-5.562,-15.84,10.906,17.146,17.743,21.981,26.598,26.218,28.075,27.373,30.467,NA,21.135,26.554,11.785,2.115,10.856,2.613,14.745,20.723,29.735,31.587,26.698,29.934,24.398,29.506,30.255,-22.402,NA,NA,-6.612,7.074,NA,NA,14.569,20.412,28,29.138,30.783,26.317,27.573,19.514,20.54,1.163,0.451,-21.358,19.891,29.7,24.022,19.211,30.394,24.081,27.703,28.035,30.305,27.744,7.951,19.327
"2097-03",-15.389,-6.334,-15.805,11.191,18.243,17.519,22.234,27.176,26.257,28.11,27.359,30.647,NA,20.858,26.653,11.856,2.405,11.614,9.349,15.315,21.192,29.837,31.855,27.646,30.544,24.306,29.736,29.883,-20.614,NA,NA,-4.46,12.447,NA,NA,14.881,22.835,28.751,29.547,30.888,25.739,27.173,19.553,20.266,-0.8,-0.656,-24.308,19.739,29.916,23.783,19.03,30.531,23.907,28.26,29.205,30.733,27.839,7.667,19.236
"2097-04",-7.193,-2.222,-8.64,12.571,20.333,18.575,23.616,27.628,26.539,27.501,27.555,30.635,NA,20.018,25.855,10.781,3.099,11.953,14.023,16.27,22.082,29.872,32.079,28.88,31.575,23.523,28.823,29.298,-12.406,NA,NA,-0.556,17.566,NA,NA,16.687,26.012,30.289,30.491,30.945,26.18,26.264,18.631,19.062,-6.013,-6.575,-13.795,20.273,30.315,22.896,19.263,30.595,23.017,29.291,31.237,31.536,27.275,6.738,19.389
"2097-05",-2.046,2.124,-1.554,13.412,24.668,21.339,25.54,28.7,27.345,26.344,27.847,30.072,NA,18.291,24.18,9.421,4.908,14.929,17.018,18.852,22.26,29.665,31.474,30.704,30.882,21.992,27.476,28.067,-2.222,NA,NA,1.105,20.254,NA,NA,19.519,28.893,31.123,31.3,29.789,25.726,24.913,17.047,17.457,-12.06,-13.892,-3.747,21.407,30.446,21.612,20.217,30.006,21.551,30.582,31.934,31.847,25.993,5.229,19.36
"2097-06",0.785,4.512,1.512,15.073,29.109,24.734,27.48,29.206,28.422,24.639,28.333,28.856,NA,16.543,22.392,8.261,6.744,18.619,22.964,22.69,23.275,29.351,29.485,30.395,29.803,20.197,26.21,26.903,0.748,NA,NA,4.163,25.857,NA,NA,22.666,31.894,30.849,31.212,28.168,24.768,23.368,15.867,16.013,-16.278,-19.598,-0.399,23.003,30.077,20.364,22.025,28.881,20.053,30.738,31.486,31.322,24.753,3.744,19.167
"2097-07",2.62,7.22,4.186,18.331,30.651,26.905,28.866,29.393,29.109,24.736,29.037,27.901,NA,15.963,20.921,7.642,8.266,20.356,25.357,25.293,23.835,29.17,27.866,28.268,28.376,19.071,25.292,26.087,1.892,NA,NA,7.477,27.068,NA,NA,25.321,32.188,29.529,30.427,27.174,23.907,22.509,14.937,15.249,-17.569,-17.107,0.176,24.404,29.747,19.402,23.557,28.252,19.063,29.165,30.355,30.523,23.707,2.854,19.075
"2097-08",3.231,7.446,4.635,18.58,31.444,27.988,29.297,29.568,29.486,25.092,29.511,27.49,NA,15.882,19.839,7.228,9.027,20.155,22.959,25.344,24.261,29.05,27.4,27.735,27.717,18.685,24.984,25.572,2.885,NA,NA,10.04,25.301,NA,NA,27.093,32.107,28.917,29.995,27.013,23.275,22.237,14.582,14.873,-19.416,-18.831,0.986,25.323,29.519,18.79,24.552,28.024,18.459,28.254,29.996,30.076,23.078,2.294,18.998
"2097-09",1.955,6.547,3.789,16.846,30.635,26.75,29.472,29.582,29.534,24.496,29.624,27.682,NA,15.527,19.91,7.116,8.079,18.658,16.943,24.241,24.985,29.414,28.023,28.575,27.802,18.833,25.546,25.719,2.193,NA,NA,8.555,20.508,NA,NA,25.732,32.181,29.978,29.859,27.133,23.037,22.134,14.434,14.779,-17.749,-18.436,0.478,25.456,29.473,18.662,24.379,28.085,18.374,28.728,30.367,30.008,22.968,2.602,18.967
"2097-10",-0.304,4.707,1.649,14.821,27.866,25.001,28.511,29.558,29.329,24.635,29.567,28.167,NA,16.51,20.749,7.68,6.974,16.701,11.862,21.387,24.997,29.555,28.659,29.557,28.658,19.387,26.281,26.402,0.594,NA,NA,6.144,16.697,NA,NA,23.399,30.928,30.63,30.107,28.208,22.873,22.939,14.761,15.288,-13.883,-13.242,-1.581,24.652,29.631,18.988,23.314,28.321,18.796,30.165,30.726,30.42,23.482,3.061,18.947
"2097-11",-4.375,2.102,-1.189,12.567,22.283,22.27,25.782,28.622,28.658,25.107,29.225,28.866,NA,18.434,21.992,8.908,5.794,14.398,7.96,19.131,24.321,30.24,29.853,29.237,29.971,20.634,27.512,27.668,-3.733,NA,NA,3.123,12.293,NA,NA,20.897,27.163,30.252,30.321,29.387,23.154,24.081,15.673,16.8,-6.208,-7.087,-8.299,23.269,30.053,20.114,21.802,29.055,19.803,30.144,30.458,30.664,24.378,4.354,19.054
"2097-12",-9.98,-0.828,-6.442,11.046,18.927,19.994,23.646,27.968,27.739,26.33,28.233,29.475,NA,19.451,23.799,10.823,4.125,12.336,5.734,16.602,22.743,29.987,30.404,28.466,31.225,21.752,28.558,28.976,-14.585,NA,NA,0.108,9.618,NA,NA,18.111,24.385,29.041,29.982,30.682,24.266,25.994,17.566,19.163,-1.708,-2.591,-16.738,21.791,30.548,21.843,20.553,29.5,21.413,29.43,29.199,30.862,25.833,5.705,19.169
"2098-01",-14.422,-6.721,-12.229,10.247,17.011,18.437,22.759,27.231,26.843,27.656,27.585,29.973,NA,20.89,25.961,12.904,2.795,11.211,5.677,15.062,20.823,29.212,31.077,27.031,30.232,23.133,29.204,30.061,-19.07,NA,NA,-3.597,8.451,NA,NA,15.645,22.386,28.272,29.132,30.578,24.905,27.741,19.256,20.36,0.484,-0.09,-22.912,20.58,30.398,23.333,19.672,29.876,23.116,28.508,28.399,30.548,27.194,7.03,19.25
"2098-02",-13.041,-4.299,-15.162,10.789,16.418,16.534,22.112,26.554,26.109,27.562,27.33,30.584,NA,21.142,26.806,12.41,2.964,10.751,4.699,14.597,20.693,29.462,31.745,26.853,29.99,23.781,29.436,30.644,-19.407,NA,NA,-6.483,8.69,NA,NA,14.568,21.601,28.128,28.765,31.094,25.786,28.557,19.501,21.521,0.77,0.334,-19.099,19.976,29.891,23.816,19.195,30.352,24.21,28.311,27.821,30.256,27.802,7.773,19.399
"2098-03",-11.562,-4.464,-14.065,11.207,18.342,17.453,22.681,27.322,26.358,27.34,27.409,30.617,NA,20.805,27.05,11.883,2.369,10.771,9.121,14.661,20.662,29.737,32.123,27.245,30.495,23.922,29.373,29.969,-21.127,NA,NA,-4.81,12.307,NA,NA,14.879,22.47,28.82,29.368,31.035,25.707,28.289,19.707,21.173,-0.714,-0.886,-22.378,19.895,29.929,23.672,19.023,30.369,24.145,28.505,28.649,30.691,27.884,7.572,19.311
"2098-04",-8.839,-2.454,-8.026,11.786,22.55,19.681,24.22,28.452,26.887,26.818,27.423,30.539,NA,19.544,25.641,10.585,3.154,11.962,13.547,15.864,22.189,29.662,32.334,29.042,31.499,23.297,28.637,29.742,-10.969,NA,NA,-0.628,16.398,NA,NA,16.443,25.368,30.1,30.282,30.645,25.933,26.645,18.45,19.261,-4.342,-6.766,-14.39,20.302,30.295,22.862,19.307,30.502,23.099,29.959,30.494,31.343,27.267,6.717,19.393
"2098-05",-1.851,2.214,-2.314,14.132,25.851,22.173,25.882,28.649,27.327,25.204,27.53,29.982,NA,17.669,23.983,9.017,5.527,14.448,18.681,18.305,22.453,29.922,31.588,31.168,30.95,21.795,27.228,28.641,-2.198,NA,NA,1.048,21.866,NA,NA,19.374,28.806,30.875,31.155,29.914,26.015,25.187,17.004,17.687,-9.834,-14.894,-3.274,21.445,30.319,21.57,20.122,29.975,21.684,31.03,31.369,31.892,26.183,5.42,19.408
"2098-06",0.888,5.756,1.225,15.794,29.367,24.921,27.642,29.059,28.09,23.923,28.086,29.003,NA,16.101,22.191,7.883,7.266,17.766,22.721,21.474,23.886,29.391,29.527,30.216,29.501,20.447,26.223,27.094,0.809,NA,NA,4.12,25.029,NA,NA,23.035,30.856,31.525,31.167,28.619,25.529,23.921,16.057,16.252,-15.132,-17.748,-0.132,23.197,29.714,20.313,21.649,29.019,20.165,30.757,31.293,31.306,25.005,3.99,19.226
"2098-07",2.887,8.137,4.254,17.897,31.137,26.817,29.088,29.053,28.741,23.644,28.698,28.159,NA,15.337,20.554,7.189,8.681,19.549,26.901,24.316,24.219,29.159,27.961,28.091,28.326,19.327,25.497,25.987,2.743,NA,NA,7.22,28.038,NA,NA,25.26,31.444,29.711,30.477,27.473,24.896,22.775,15.078,15.34,-18.138,-19.007,1.049,24.622,29.219,19.415,23.123,28.085,18.98,29.045,30.247,30.514,23.853,3.052,19.061
"2098-08",3.64,8.143,5.545,18.369,31.567,27.744,29.691,29.397,29.307,23.774,29.216,27.528,NA,15.066,19.74,6.648,9.088,20.101,22.716,25.928,24.449,28.741,26.932,27.922,27.729,18.383,24.861,25.389,2.997,NA,NA,9.363,25.214,NA,NA,26.363,32.039,30.059,30.13,26.936,24.388,22.232,14.61,14.771,-17.277,-16.925,1.731,25.463,28.817,18.871,23.929,27.441,18.244,28.6,30.562,30.161,23.232,2.667,19.014
"2098-09",2.384,7.624,4.034,18.544,30.313,26.421,29.475,29.672,29.422,24.242,29.426,27.49,NA,15.419,19.994,6.524,7.899,18.596,17.739,23.854,25.456,28.652,26.861,28.501,27.929,18.22,25.073,25.516,2.256,NA,NA,8.795,20.943,NA,NA,25.664,30.993,30.152,29.948,27.124,23.741,22.271,14.486,14.759,-16.597,-19.604,1.039,25.69,28.81,18.773,24.008,27.284,17.979,28.875,30.547,30.271,23.155,2.722,18.941
"2098-10",0.435,5.479,2.307,16.495,25.504,24.037,27.449,28.948,28.989,24.291,29.294,27.82,NA,16.129,20.571,7.102,6.789,16.079,13.122,21.679,25.425,29.073,27.627,29.586,29.015,18.938,26.328,26.578,0.943,NA,NA,6.198,17.269,NA,NA,23.713,30.156,30.865,30.317,28.242,24.101,23.219,15.167,15.327,-12.311,-13.112,-0.179,24.847,29.22,19.092,22.995,27.721,18.196,30.159,30.934,30.655,23.783,3.197,18.979
"2098-11",-2.352,3.449,0.291,13.826,21.965,21.54,25.423,28.132,28.294,24.822,28.745,28.25,NA,17.503,22.111,8.475,5.649,13.458,7.892,18.278,24.569,29.299,28.501,29.229,30.51,20.209,27.724,28.424,-3.387,NA,NA,2.53,12.337,NA,NA,20.286,27.424,29.845,30.264,29.624,24.426,24.092,16.154,16.317,-6.687,-8.819,-4.592,23.243,29.632,20.113,21.79,28.269,19.361,30.138,29.975,30.989,25.122,4.318,19.053
"2098-12",-8.541,-1.495,-5.417,10.958,20.076,20.028,23.889,27.405,27.514,25.549,28.129,28.751,NA,18.983,24.443,10.212,4.492,12.002,4.878,16.395,22.602,29.418,29.422,28.102,30.79,21.595,28.944,29.603,-14.025,NA,NA,0.294,8.55,NA,NA,17.696,23.959,28.461,29.764,30.695,24.758,25.856,17.819,18.417,-1.684,-2.671,-15.019,21.792,30.016,21.684,20.597,28.861,21.236,29,28.511,30.732,26.203,5.758,19.11
"2099-01",-14.098,-5.061,-12.458,9.886,17.845,19.104,22.881,27.183,26.782,26.634,27.505,29.61,NA,20.297,25.551,12.091,2.706,10.516,4.477,15.112,21.428,29.35,30.432,26.874,29.626,23.34,29.815,30.512,-19.841,NA,NA,-3.962,8.279,NA,NA,15.578,22.167,27.659,28.912,31.231,26.214,26.682,19.117,20.028,0.378,-1.056,-19.988,20.646,29.991,23.283,19.663,29.515,23,28.133,27.287,29.943,27.467,7.134,19.236
"2099-02",-15.693,-6.475,-17.207,9.897,16.484,18.06,22.15,27.279,26.327,27.905,27.28,30.16,NA,21.444,26.409,11.929,0.566,10.263,6.892,14.704,21.118,29.691,31.238,26.865,29.937,23.986,29.557,30.21,-24.006,NA,NA,-6.187,10.93,NA,NA,14.649,22.143,27.722,28.674,30.996,27.514,26.905,19.974,20.721,0.53,-0.84,-23.967,20.075,29.9,24.115,19.201,30.251,23.942,28.013,27.076,30.019,28.07,7.824,19.279
"2099-03",-13.133,-5.85,-17.167,10.665,17.747,17.37,22.311,26.908,26.148,27.534,27.173,30.381,NA,20.955,26.504,11.786,2.493,10.683,7.723,14.881,21.57,30.058,32.106,27.877,31.131,23.951,29.982,30.783,-17.433,NA,NA,-3.405,11.655,NA,NA,15.108,23.527,28.447,29.517,31.381,27.424,27.563,20.041,20.815,-1.208,-4.159,-19.327,20.013,29.922,23.94,18.941,30.342,23.798,28.739,28.245,30.524,28.396,7.635,19.416
"2099-04",-9.561,-2.92,-7.65,11.678,22.452,18.933,24.398,27.498,26.509,26.587,27.353,30.351,NA,19.21,25.593,10.3,3.208,11.783,12.513,16.264,22.11,30.18,32.313,29.21,32.058,23.158,28.905,29.855,-9.221,NA,NA,-1.001,15.562,NA,NA,16.21,25.957,29.937,30.642,31.111,27.192,26.252,19.04,19.348,-5.248,-9.734,-13.146,20.483,30.089,23.16,19.237,30.383,22.816,29.862,30.592,31.398,27.546,6.722,19.447
"2099-05",-2.198,2.276,-1.597,13.666,25.304,21.56,26.328,28.446,27.321,25.497,27.634,29.485,NA,17.329,23.694,9.224,4.81,14.203,19.611,18.881,23.381,29.998,31.54,31.025,30.509,21.983,27.51,28.264,-2.322,NA,NA,1.651,21.99,NA,NA,19.378,28.988,31.031,31.297,29.75,27.06,24.781,17.661,17.794,-12.494,-17.246,-3.666,21.532,30.22,21.746,20.089,29.747,21.237,31.144,31.62,31.898,26.211,5.342,19.36
"2099-06",0.673,4.133,1.465,15.969,29.067,24.786,27.786,28.902,28.102,24.724,28.064,28.45,NA,16.159,22.092,8.175,7.569,18.099,23.787,22.291,23.917,29.319,29.537,29.895,29.223,20.489,26.172,26.894,0.589,NA,NA,5.554,25.988,NA,NA,22.992,31.635,31.423,31.32,28.774,26.419,23.732,16.548,16.595,-16.075,-16.74,-0.74,23.052,29.776,20.385,21.736,28.567,19.716,30.784,31.255,31.169,24.897,3.954,19.184
"2099-07",2.762,5.819,3.914,16.699,31.43,27.121,29.263,28.954,28.85,24.167,28.605,27.514,NA,15.29,20.909,7.199,9.662,21.853,24.507,25.606,24.568,28.613,28.039,27.751,27.744,19.535,25.042,25.628,2.856,NA,NA,9.818,26.766,NA,NA,25.631,31.128,29.053,30.798,27.945,25.298,22.416,15.317,15.35,-16.703,-20.095,-0.015,24.533,29.306,19.506,23.337,27.781,18.776,28.501,29.835,30.149,23.624,3.01,19.056
"2099-08",3.358,6.609,4.576,17.642,31.856,27.474,29.549,29.147,29.259,23.981,29.084,26.959,NA,15.269,20.252,6.757,10.841,22.407,24.343,27.072,24.984,28.227,27.55,26.874,27.156,18.969,24.575,25.08,3.354,NA,NA,11.739,26.361,NA,NA,26.691,31.957,29.22,30.197,27.452,24.473,21.787,14.677,14.737,-17.673,-22.18,0.591,25.44,28.984,18.916,24.357,27.343,18.213,27.911,29.889,29.813,23.037,2.488,18.972
"2099-09",2.289,5.814,3.772,16.519,30.614,26.914,29.634,29.434,29.644,23.883,29.483,27.037,NA,15.448,20.468,6.817,9.646,19.619,18.678,24.501,25.708,28.444,27.505,28.324,27.376,18.52,24.815,25.155,2.445,NA,NA,10.111,21.623,NA,NA,26.328,31.95,30.074,30.294,27.623,23.819,21.84,14.366,14.587,-16.541,-17.096,-0.193,25.453,28.639,18.862,24.247,27.428,18.083,28.776,30.237,29.986,22.986,2.397,18.898
"2099-10",0.102,4.051,2.113,14.756,28.844,24.698,28.754,29.265,29.187,24.698,29.413,27.696,NA,17.079,21.365,7.339,7.949,16.357,12.434,21.944,25.005,29.316,28.292,29.379,28.644,19.389,25.509,25.805,0.814,NA,NA,6.492,16.2,NA,NA,23.512,30.12,30.473,30.214,28.367,23.505,22.606,14.596,14.888,-12.214,-13.659,-2.636,24.538,29.072,19.203,23.332,28.071,18.503,29.974,30.318,30.414,23.516,3.175,18.912
"2099-11",-3.474,0.557,-2.537,11.95,25.655,22.549,26.951,28.759,28.449,25.079,29.012,28.247,NA,18.155,22.638,8.86,6.651,13.891,7.548,18.954,24.033,29.728,29.222,29.617,30.237,20.881,27.188,27.143,-4.361,NA,NA,3.425,12.82,NA,NA,20.808,28.189,30.11,30.224,29.291,23.501,24.189,16.028,16.652,-7.029,-7.862,-9.21,23.193,29.641,20.202,21.716,28.721,19.617,30.317,30.113,31.002,24.802,4.259,18.977
"2099-12",-9.852,-5.82,-7.883,10.954,20.362,19.943,24.235,27.61,27.454,26.131,28.277,28.983,NA,19.99,24.344,10.813,5.073,12.019,5.264,16.45,23.027,30.02,29.99,27.847,30.699,22.445,28.477,28.703,-16.278,NA,NA,0.524,9.931,NA,NA,18.469,24.543,28.901,29.823,30.517,24.1,25.829,17.53,18.191,-1.651,-2.403,-19.852,21.76,30.093,21.965,20.618,29.388,21.425,29.091,29.168,30.813,26.265,5.78,19.076
"2100-01",-15.916,-7.978,-17.887,10.906,17.331,17.636,22.841,26.409,26.49,27,27.638,29.704,NA,20.967,26.168,12.301,3.302,10.692,0.763,14.684,21.29,29.643,30.699,27.172,30.398,23.736,29.287,29.635,-18.091,NA,NA,-2.677,6.157,NA,NA,15.984,22.354,28.063,29.494,31.167,26.012,27.769,19.356,19.748,0.409,-0.67,-21.192,20.681,29.984,23.504,19.63,29.852,23.133,28.422,28.315,30.504,27.104,7.092,19.243
"2100-02",-13.527,-5.39,-18.224,11.206,16.79,16.649,22.612,26.382,26.072,27.618,27.744,30.315,NA,21.521,27.187,12.716,2.382,9.973,4.484,14.047,20.887,30.174,31.779,27.386,30.867,24.226,29.965,30.654,-19.536,NA,NA,-5.05,8.742,NA,NA,14.31,22.345,28.111,29.106,31.092,26.182,27.907,19.567,19.982,0.704,-0.294,-20.776,20.126,29.705,24.112,19.148,30.474,24.012,28.359,28.075,30.646,27.907,7.786,19.402
"2100-03",-11.351,-5.958,-11.396,11.558,18.15,17.119,22.814,27.259,26.419,27.841,27.96,30.403,NA,21.43,27.747,12.32,1.582,9.619,4.63,14.081,21.159,29.745,32.61,28.249,31.046,24.224,29.749,29.829,-19.265,NA,NA,-5.841,10.452,NA,NA,14.325,24.552,29.277,29.852,31.102,26.346,27.516,19.447,19.509,-1.22,-2.076,-20.445,20.018,29.962,23.919,19.021,30.479,24.252,29.105,29.117,31.172,27.91,7.599,19.437
"2100-04",-7.69,-3.303,-8.84,12.538,19.648,18.501,23.724,27.922,26.988,27.457,27.807,30.632,NA,19.77,25.96,10.768,2.709,11.026,11.751,15.507,21.822,29.72,32.523,29.634,31.615,23.335,29.011,29.197,-10.744,NA,NA,-0.981,15.367,NA,NA,15.597,26.407,30.609,30.493,31.107,26.596,26.373,18.559,18.448,-5.249,-6.749,-14.183,20.56,30.317,23.02,19.242,30.416,23.212,30.31,31.315,31.973,27.196,6.711,19.45
"2100-05",-1.858,2.105,-1.477,14.192,24.63,21.252,25.778,28.841,27.58,26.938,27.904,29.914,NA,18.531,24.039,9.323,4.456,13.518,17.584,18.393,22.229,29.384,31.503,31.145,30.661,21.925,27.357,27.818,-2.952,NA,NA,1.257,20.663,NA,NA,18.661,29.12,31.243,31.597,30.21,26.3,25.243,17.41,17.344,-12.078,-12.425,-3.799,21.725,30.291,21.751,19.995,29.728,21.533,30.999,32.172,32.138,26.072,5.411,19.441
"2100-06",0.551,4.61,1.152,15.543,28.734,24.613,27.389,29.19,28.449,24.971,28.253,28.965,NA,16.805,21.846,8.296,6.214,16.181,22.77,21.225,23.124,29.241,29.582,30.032,29.11,20.523,26.076,26.595,0.456,NA,NA,4.851,24.834,NA,NA,22.239,30.78,31.175,31.592,29.132,25.142,23.776,16.274,16.371,-16.274,-17.18,-0.541,23.325,29.969,20.505,21.462,28.959,20.08,30.614,31.119,31.044,24.708,3.802,19.207
"2100-07",2.018,6.511,3.333,17.231,31.425,26.925,29.028,29.234,29.31,23.733,28.86,28.028,NA,15.577,20.107,7.39,7.655,18.853,25.939,23.877,23.817,28.812,27.728,27.977,27.875,19.19,24.993,25.776,2.024,NA,NA,8.497,27.841,NA,NA,24.98,31.87,29.715,31.257,28.082,23.97,22.526,15.297,15.476,-18.956,-20.107,0.229,25.011,29.356,19.59,22.972,28.064,19.025,28.867,30.35,30.113,23.607,2.997,19.087
"2100-08",2.896,7.104,3.994,17.552,31.409,27.395,29.508,29.527,29.507,23.627,29.397,27.474,NA,15.279,19.765,6.907,8.556,19.689,21.922,25.144,24.691,28.526,26.976,27.736,27.41,18.19,24.545,25.291,2.33,NA,NA,10.84,24.704,NA,NA,26.898,32.239,29.601,30.868,27.555,23.248,21.756,14.612,14.933,-18.718,-17.44,1.11,25.768,28.689,19.047,23.888,27.472,18.307,28.311,30.243,29.676,22.986,2.576,19.011
"2100-09",1.782,6.491,3.079,17.515,30.515,27.013,29.474,29.574,29.508,24.087,29.556,27.448,NA,15.756,20.002,6.825,7.579,18.771,18.085,24.17,24.708,29.059,27.328,27.938,27.497,18.433,24.78,25.263,1.781,NA,NA,9.588,21.086,NA,NA,25.456,31.18,29.701,30.539,27.557,23.033,21.705,14.33,14.847,-17.337,-14.479,0.496,25.757,28.66,18.914,23.843,27.573,18.202,28.354,29.841,29.767,22.903,2.813,18.965
"2100-10",-0.055,4.653,1.516,16.381,27.129,24.406,28.824,29.509,29.136,24.532,29.192,28.002,NA,16.601,20.99,7.216,6.392,16.251,10.696,21.851,24.849,29.442,28.399,29.517,28.738,19.411,26.003,26.452,0.025,NA,NA,6.338,15.276,NA,NA,22.853,29.836,30.822,30.366,28.449,22.96,22.588,14.86,15.39,-12.79,-13.829,-1.252,24.856,28.977,19.181,22.822,28.171,18.709,29.977,30.721,30.441,23.478,3.078,18.916
"2100-11",-3.51,2.095,-2.357,14.036,23.113,21.484,26.173,28.516,28.295,24.776,28.536,28.564,NA,17.599,22.156,8.801,5.2,13.859,5.622,19.24,23.908,29.938,29.705,29.079,30.636,20.938,27.27,27.729,-6.2,NA,NA,2.855,10.661,NA,NA,20.236,27.777,30.306,30.392,29.785,23.334,24.645,15.799,17.326,-6.494,-7.414,-8.379,23.437,29.368,20.221,21.511,28.883,19.801,30.009,30.302,30.939,24.557,4.303,18.985
"2100-12",-8.5,-2.875,-6.691,12.408,18.41,19.186,23.89,27.416,27.408,25.179,27.862,29.275,NA,18.935,23.601,10.349,3.93,11.554,1.996,16.259,22.632,29.864,30.307,27.31,30.336,22.38,27.675,28.886,-17.204,NA,NA,-0.181,7.816,NA,NA,17.524,23.641,29.133,30.012,30.749,24.278,25.756,17.15,18.993,-1.814,-2.498,-17.863,21.862,29.734,21.69,20.376,29.566,21.389,28.725,29.615,30.856,25.975,5.702,18.997
