#Dataset: CMIP6_CESM2_historical_r4i1p1f1
#Variable: tas
#Area: land
#Interpolation_method: cdo remapcon
#Spatial_resolution: 1º
#Creation_Date: 2021-04-14
#Author: IPCC-WGI Atlas Hub (https://github.com/SantanderMetGroup/IPCC-Atlas). Santander Meteorology Group.
"date","GIC","NWN","NEN","WNA","CNA","ENA","NCA","SCA","CAR","NWS","NSA","NES","SAM","SWS","SES","SSA","NEU","WCE","EEU","MED","SAH","WAF","CAF","NEAF","SEAF","WSAF","ESAF","MDG","RAR","WSB","ESB","RFE","WCA","ECA","TIB","EAS","ARP","SAS","SEA","NAU","CAU","EAU","SAU","NZ","EAN","WAN","ARO","NPO","EPO","SPO","NAO","EAO","SAO","ARS","BOB","EIO","SIO","SOO","world"
"1850-01",-31.726,-15.481,-26.214,-6.286,-4.985,-4.354,12.261,22.061,23.778,21.419,25.053,25.152,24.669,15.097,25.568,13.217,-3.304,2.162,-7.792,7.583,12.498,22.274,22.297,23.009,22.632,23.971,23.166,24.842,-31.952,-11.78,-16.532,-24.215,2.83,-4.805,-11.382,4.55,14.535,18.454,23.766,30.21,30.304,25.658,20.872,16.895,-21.117,-9.28,-29.802,6.665,27.257,26.803,11.487,NA,NA,24.183,24.776,25.328,25.531,3.63,3.713
"1850-02",-31.845,-19.695,-27.98,-3.464,0.721,0.274,15.183,22.417,24.242,21.643,24.949,25.335,24.171,14.525,23.99,11.43,-1.825,4.351,-3.015,9.885,14.907,23.397,23.435,24.227,23.136,24.064,23.404,24.973,-32.145,-9.224,-16.974,-24.31,3.478,-4.155,-12.608,5.666,16.424,18.916,24.326,29.343,29.274,25.497,20.556,16.624,-26.59,-15.166,-32.458,5.906,27.093,26.905,9.989,NA,NA,23.673,24.922,25.421,26.473,3.661,3.812
"1850-03",-30.737,-13.286,-24.019,0.227,0.492,-0.48,16.796,22.755,24.275,21.733,25.291,25.111,24.268,13.426,22.556,10.079,-2.224,2.998,-1.943,10.544,18.818,27.268,26.277,27.194,24.228,23.743,22.805,25.113,-21.285,-4.774,-11.615,-14.462,11.134,4.178,-6.812,9.082,21.58,23.617,25.121,28.52,27.13,24.205,19.778,14.092,-37.695,-23.089,-25.294,10.806,27.007,26.889,11.55,NA,NA,25.005,25.987,26.092,26.356,1.902,5.322
"1850-04",-25.855,-4.45,-10.122,7.774,13.645,9.31,20.81,23.811,24.692,21.764,25.331,24.505,24.406,11.392,20.593,6.94,2.871,9.483,7.788,15.332,22.966,28.651,26.025,27.331,23.706,21.857,21.051,24.003,-12.856,6.501,-0.096,-7.508,16.654,9.339,-0.162,14.153,25.847,27.76,26.118,27.529,22.117,21.693,16.14,12.092,-42.943,-27.727,-20.011,9.504,26.903,25.891,12.497,NA,NA,26.448,27.554,27.197,25.657,-0.884,8.694
"1850-05",-12.698,1.75,-1.735,12.675,18.688,14.778,23.62,24.934,25.85,20.82,25.043,23.752,22.257,8.54,15.886,5.05,7.486,16.412,16.699,20,28.469,29.912,26.141,26.571,22.9,18.399,18.749,22.129,-2.277,12.491,6.309,2.337,20.392,15.391,4.998,18.504,28.743,29.704,26.169,23.642,16.161,15.552,12.234,11.889,-46.315,-32.683,-7.475,12.87,26.979,25.218,15.214,NA,NA,28.028,28.263,27.675,24.222,-2.073,11.128
"1850-06",-5.954,9.287,4.22,18.623,22.89,19.036,25.657,24.825,26.9,20.62,24.948,22.252,21.125,7.053,14.763,2.459,10.699,18.108,19.563,24.044,31.385,28.515,25.099,26.701,22.003,14.894,16.424,20.145,3.469,15.161,12.596,10.452,25.743,19.799,9.429,22.223,32.868,31.1,26.039,22.315,13.376,13.087,9.637,8.513,-42.382,-34.636,-1.787,13.933,26.742,24.023,17.031,NA,NA,29.179,27.544,27.128,22.655,-1.614,13.457
"1850-07",-2.803,10.166,8.117,24.766,28.224,22.21,26.977,24.953,27.495,20.484,24.88,21.039,20.345,5.99,13.477,1.438,14.716,21.045,22.984,26.451,30.902,27.299,24.457,25.678,20.624,15.425,15.45,19.153,6.319,17.579,14.028,12.949,27.99,21.728,11.305,24.96,33.537,28.942,25.895,22.312,13.117,12.595,9.936,7.665,-42.119,-35.211,0.018,15.334,26.578,23.213,19.768,NA,NA,27.603,27.533,27.316,21.663,-3.094,14.445
"1850-08",-5.277,8.128,7.831,24.08,26.852,21.775,26.795,24.603,27.679,21.555,25.933,21.762,22.809,6.171,15.574,1.638,12.523,19.789,20.254,26.859,31.486,26.138,24.608,25.992,21.403,17.818,18.608,20.195,6.592,17.366,13.576,12.027,26.686,20.935,10.458,25.021,33.665,27.973,25.978,23.909,16.047,13.942,10.874,7.634,-45.738,-35.361,-1.074,16.084,26.359,23.033,20.335,NA,NA,27.28,27.133,27.074,21.155,-3.18,14.187
"1850-09",-11.584,4.472,2.962,18.488,21.504,18.476,25.164,24.7,27.403,22.187,26.796,24.076,25.789,9.066,18.062,4.449,9.257,15.457,13.175,23.576,29.149,26.914,25.073,26.214,21.933,21.093,20.436,20.586,0.855,10.896,7.86,6.872,21.713,15.865,8.137,21.04,30.557,27.855,26.081,25.096,17.492,16,11.747,9.607,-45.748,-29.624,-5.328,15.522,26.3,23.429,19.24,NA,NA,27.213,27.07,26.847,21.021,-3.601,12.408
"1850-10",-16.57,-0.408,-1.762,11.937,17.576,14.067,22.008,24.01,26.626,22.124,26.912,25.611,25.883,9.524,19.537,8.206,4.705,9.391,5.219,18.055,24.455,27.277,25.415,25.558,23.079,23.332,23.221,23.176,-10.174,1.453,-4.091,-4.243,14.664,6.618,2.404,14.592,24.741,26.5,25.698,28.829,23.16,20.132,15.013,10.748,-40.624,-27.781,-7.523,13.913,26.641,24.33,17.25,NA,NA,26.37,27.214,26.976,21.901,-1.356,9.647
"1850-11",-27.367,-9.221,-8.948,5.512,8.113,6.845,16.894,21.883,25.207,21.871,26.251,26.674,26.324,12.116,22.674,9.341,-0.773,5.591,1.318,12.739,18.674,25.774,24.778,24.58,23.151,24.371,24.458,24.502,-24.903,-2.315,-10.715,-14.872,8.764,-0.509,-5.271,9.688,19.442,23.168,25.438,30.229,26.255,22.621,17.395,11.473,-31.657,-18.099,-20.909,11.8,27.026,25.291,15.75,NA,NA,25.934,26.828,26.784,22.536,0.36,6.905
"1850-12",-25.374,-15.193,-16.943,0.617,3.791,3.612,13.441,21.777,24.224,21.727,25.662,25.807,25.284,13.217,24.354,10.786,-6.648,-0.143,-3.635,9.63,15.132,23.472,23.722,23.305,23.117,24.312,25.342,25.67,-31.019,-11.376,-25.51,-27.581,4.168,-7.867,-10.453,2.661,15.319,18.35,24.545,28.914,28.407,24.795,20.472,13.427,-21.787,-10.286,-19.131,7.152,27.12,26.132,14.432,NA,NA,24.169,26.069,26.214,24.25,2.899,4.395
"1851-01",-26.546,-14.64,-22.276,-1.489,2.197,1.787,12.941,21.644,23.7,21.489,25.047,25.451,24.746,13.825,24.543,11.195,-6.541,-0.101,-7.368,7.996,14.265,24.218,23.75,23.694,22.689,24.429,25.345,26.233,-31.406,-12.812,-23.7,-30.359,3.249,-8.715,-12.698,1.209,15.694,18.226,23.668,28.523,29.791,25.899,22.792,14.488,-22.078,-8.706,-25.531,4.753,27.266,26.906,13.353,NA,NA,23.506,24.763,25.182,25.268,3.898,3.818
"1851-02",-27.577,-16.928,-26.939,0.257,3.811,1.279,14.767,22.49,23.765,21.477,25.087,25.242,24.755,14.376,25.214,11.378,-6.061,-2.249,-9.945,8.471,17.003,26.37,25.181,25.419,23.863,23.87,24.287,25.586,-29.14,-10.813,-19.43,-24.339,5.715,-3.414,-11.367,4.969,18.183,19.912,24.406,28.444,29.451,26.336,22.107,15.329,-28.143,-12.247,-24.856,5.076,27.235,26.757,12.433,NA,NA,23.775,24.291,24.829,25.466,3.462,4.169
"1851-03",-27.095,-14.619,-23.339,3.485,8.364,4.627,17.439,23.436,24.51,22.028,25.61,25.653,25.189,13.219,23.687,9.05,-0.876,-1.589,-11.061,10.223,20.61,28.838,26.417,27.545,24.68,23.546,23.523,25.75,-26.969,-11.18,-15.811,-19.752,8.423,4.667,-7.853,10.248,21.893,23.956,25.282,28.074,27.176,23.753,20.873,13.588,-36.795,-22.138,-16.646,6.025,27.164,26.903,12.12,NA,NA,25.222,25.556,25.839,25.607,2.027,5.121
"1851-04",-21.921,-3.121,-10.011,7.177,12.384,9.693,19.599,25.333,25.395,22.28,25.833,25.297,25.638,11.87,20.746,7.834,1.82,9.593,6.965,15.086,25.835,30.332,27.125,28.233,24.692,23.2,22.574,24.726,-14.587,3.15,-4.438,-9.242,17.237,8.34,0.549,14.405,26.591,29.322,26.309,26.136,22.335,19.424,16.181,11.067,-42.179,-31.124,-16.776,8.245,27.436,26.373,13.62,NA,NA,26.713,27.479,27.007,25.409,-0.015,8.858
"1851-05",-10.858,5.044,-1.958,14.496,18.31,12.812,23.802,25.934,26.827,21.993,25.62,23.802,23.777,8.718,15.683,4.15,7.345,17.049,13.009,19.077,29.568,29.646,26.643,28.293,23.833,19.94,20.259,22.964,-5.842,7.435,3.924,0.915,22.469,16.45,6.615,19.494,29.923,32.279,26.205,25.072,20.301,17.433,14.108,10.328,-44.657,-34.366,-7.965,12.218,27.43,25.037,15.212,NA,NA,28.133,28.988,28.149,24.356,-2.364,11.535
"1851-06",-4.52,10.041,3.356,19.127,23.652,17.893,25.262,25.45,27.35,21.207,25.339,22.228,22.048,6.434,13.947,2.565,11.487,20.151,18.701,23.466,31.748,28.097,25.468,27.488,22.204,16.581,17.14,20.869,4.208,11.53,12.446,7.447,25.629,19.16,9.963,22.274,32.768,31.916,26.142,21.591,13.961,13.522,10.385,8.721,-46.219,-36.52,-1.166,14.227,27.128,24.098,17.044,NA,NA,29.074,27.617,27.346,23.431,-1.86,13.184
"1851-07",-2.807,10.726,6.853,23.602,28.682,22.287,27.16,25.575,28.111,21.351,25.507,21.699,21.975,7.468,14.36,2.272,13.19,20.233,21.31,26.164,32.218,26.921,24.775,26.358,21.018,15.904,16.332,19.947,6.905,17.98,16.256,11.685,27.447,22.218,11.85,24.434,33.806,30.041,25.836,21.243,13.61,11.754,9.784,6.699,-47.641,-34.892,-0.145,15.839,26.707,22.435,19.512,NA,NA,27.668,27.095,27.056,22.218,-3.667,14.269
"1851-08",-4.487,8.673,7.955,23.231,28.358,23.15,25.867,25.515,28.063,22.343,26.472,22.513,24.192,7.023,15.994,3.025,12.091,18.356,17.868,26.036,31.654,26.818,25.023,26.504,21.563,17.902,17.735,20.459,5.73,17.216,13.59,11.767,26.718,20.401,10.875,23.787,33.14,28.948,25.622,21.575,14.114,11.839,9.811,7.879,-48.778,-39.254,-0.526,15.834,26.491,22.229,20.845,NA,NA,26.914,26.596,26.525,21.791,-4.4,13.813
"1851-09",-12.565,5.513,2.614,16.11,21.041,18.642,25.466,24.925,27.424,22.821,27.401,25.811,26.197,8.273,17.359,4.414,10.021,15.787,10.202,22.905,30.383,27.399,25.649,27.132,22.446,19.725,19.88,21.572,2.139,10.039,7.645,5.48,20.353,15.636,7.962,20.578,29.975,28.867,25.341,23.556,18.62,16.013,12.042,8.666,-47.796,-38.601,-2.732,15.651,26.503,22.329,19.61,NA,NA,27.221,26.893,26.555,21.897,-2.429,12.053
"1851-10",-21.315,1.395,-2.472,10.487,13.433,12.26,20.803,24.662,27.34,22.654,27.22,26.164,27.311,10.349,20.393,7.15,5.096,9.78,7.45,17.929,26.172,27.86,25.742,26.289,23.85,23.88,23.023,23.521,-5.308,5.76,1.023,-1.85,15.232,7.447,1.242,14.27,26.136,26.918,25.346,27.296,23.171,19.446,15.197,10.695,-42.372,-28.426,-14.84,13.989,27.106,23.661,17.258,NA,NA,27.08,26.634,26.281,22.354,-2.327,10.098
"1851-11",-23.809,-9.953,-12.087,2.982,7.29,7.574,16.212,24.148,26.481,22.489,26.891,27.397,27.307,11.369,22.571,8.78,0.692,1.845,-1.611,11.872,21.689,27.447,25.198,24.854,23.879,25.561,24.773,24.565,-19.514,-6.096,-12.495,-13.995,8.59,1.174,-5.189,9.884,21.894,23.647,25.293,29.266,27.644,24.474,18.938,11.386,-30.479,-16.984,-14.568,12.577,27.184,24.399,14.655,NA,NA,27,26.59,26.578,23.602,0.539,7.237
"1851-12",-32.504,-14.198,-17.551,-0.835,1.254,2.641,12.714,22.418,24.804,22.603,26.309,26.53,26.676,14.201,25.071,11.363,-2.7,0.803,-7.786,9.283,14.461,23.489,23.219,23.06,23.56,25.64,25.451,25.611,-25.329,-11.875,-20.095,-23.343,2.556,-8.496,-12.14,3.336,16.237,19.89,24.831,31.099,29.916,24.973,20.507,13.267,-22.962,-11.01,-30.196,8.745,27.445,25.308,12.756,NA,NA,25.858,26.75,26.856,24.655,3.101,4.659
"1852-01",-30.643,-17.574,-24.667,-2.794,-2.083,-3.79,11.654,20.884,23.362,22.515,26.009,25.473,25.82,15.36,26.11,12.635,-6.842,-0.249,-10.517,7.699,13.386,22.939,23.045,23.386,23.252,25.314,24.832,25.397,-29.036,-13.229,-21.544,-24.36,3.114,-9.26,-14.617,2.82,14.793,18.873,24.579,29.753,30.658,24.876,23.44,15.274,-22.109,-8.701,-27.576,5.743,27.285,26.016,12.267,NA,NA,24.231,26.404,26.624,25.969,3.984,3.592
"1852-02",-25.865,-19.158,-25.268,-0.775,0.207,-2.306,13.55,21.059,22.863,22.869,26.75,25.117,25.353,15.444,24.89,12.38,-7.471,-2.769,-13.223,7.588,16.976,26.468,25.244,24.97,23.978,25.705,25.494,26.003,-29.415,-16.006,-23,-23.741,3.903,-6.542,-12.444,3.55,16.378,20.616,24.957,29.587,29.709,25.979,21.135,15.347,-29.075,-15.41,-26.63,6.301,27.364,26.473,11.593,NA,NA,23.722,26.12,26.251,26.707,4.325,3.421
"1852-03",-28.683,-14.425,-22.294,4.178,3.354,1.916,16.095,23.605,24.547,23.088,27.058,24.67,25.439,13.291,22.682,9.454,0.059,2.837,-6.953,10.495,19.528,28.757,26.352,26.255,24.318,23.361,23.223,25.775,-23.086,-8.587,-10.763,-15.43,7.037,3.194,-9.348,7.959,19.578,23.335,25.782,29.129,28.093,23.991,19.679,13.805,-38.448,-24.2,-25.649,6.475,27.476,26.24,11.298,NA,NA,25.063,27.278,27.084,27.064,3.164,5.175
"1852-04",-22.742,-4.962,-13.718,9.082,11.824,8.534,20.127,25.804,26.259,22.626,26.144,23.54,24.335,11.814,21.264,7.091,4.715,10.898,3.492,15.491,24.453,29.677,26.596,27.503,24.319,22.888,21.835,24.089,-8.592,4.021,0.954,-6.473,13.033,10.175,-3.538,13.863,23.969,27.26,26.37,26.003,20.873,19.269,15.285,11.982,-42.562,-29.826,-14.748,8.559,27.283,26.171,11.999,NA,NA,26.778,28.09,27.649,26.769,1.566,8.618
"1852-05",-11.217,3.597,-3.125,15.722,19.68,15.184,23,25.611,26.369,21.66,25.674,23.543,22.717,8.768,15.488,4.76,6.537,13.201,14.108,18.309,30.312,30.903,27.284,28.384,23.972,20.301,19.701,22.781,-4.37,10.244,6.092,3.831,22.335,17.59,5.596,19.887,29.952,32.138,27.008,24.583,18.234,17.266,13.865,10.205,-44.703,-33.007,-6.54,12.091,26.835,24.622,13.772,NA,NA,28.219,29.063,28.36,24.367,-1.953,11.736
"1852-06",-5.072,9.674,3.533,20.967,24.501,19.019,25.463,25.249,27.228,21.244,25.638,22.537,21.411,6.336,12.807,2.872,12.038,18.519,19.264,22.995,32.905,28.919,26.243,28.134,22.815,17.307,18.087,21.219,3.275,16.266,12.894,10.08,26.529,19.913,7.549,21.159,33.575,33.266,26.576,22.288,14.248,13.824,10.55,9,-45.689,-33.935,-1.402,14.136,26.777,23.853,16.523,NA,NA,29.817,29.074,28.409,23.414,-3.196,13.655
"1852-07",-3.187,10.623,6.913,22.184,29.299,23.524,27.077,25.1,27.927,21.27,25.606,21.237,21.019,5.393,12.732,1.242,12.953,19.128,21.944,26.192,32.142,27.413,24.876,25.912,21.351,15.073,16.314,19.338,8.183,21.69,15.068,13.867,27.883,22.981,11.995,24.917,34.228,30.92,26.398,21.171,15.05,12.918,10.78,8.008,-41.684,-34.974,-0.337,15.97,26.632,23.641,18.306,NA,NA,28.779,27.6,27.539,21.41,-3.832,14.88
"1852-08",-5.212,8.968,6.489,22.317,26.001,21.817,25.604,24.971,27.937,21.273,25.861,21.28,22.058,6.953,13.358,3.211,12.847,18.952,18.627,26.118,31.032,26.608,24.572,25.899,21.815,16.393,17.602,20.752,8.46,18.083,14.015,12.584,26.607,20.087,10.628,24.569,33.338,29.371,26.129,24.737,17.518,15.619,11.729,7.114,-41.328,-33.151,-0.105,16.527,26.252,22.824,19.67,NA,NA,27.19,26.993,27.062,21.907,-3.851,14.465
"1852-09",-12.216,5.016,2.818,15.456,20.924,18.52,24.422,24.9,27.655,22.461,27.066,24.165,27.054,8.692,18.182,4.33,9.236,15.658,15.734,22.003,28.38,27.068,25.276,25.837,22.648,20.782,20.959,21.823,2.85,12.662,7.223,6.669,20.578,14.512,8.595,20.877,28.989,27.973,25.847,25.258,18.221,15.976,11.904,8.794,-43.991,-32.637,-4.955,16.243,26.044,22.961,18.969,NA,NA,27.503,26.972,27.027,21.999,-3.499,12.435
"1852-10",-17.698,-0.634,-2.677,11.184,15.957,13.902,22.133,24.482,27.017,22.257,27.234,25.798,26.185,10.292,19.155,7.849,5.864,9.258,4.168,17.484,24.879,27.971,25.731,25.913,23.319,23.103,22.594,23.043,-7.349,0.634,-2.758,-3.586,13.956,6.592,3.446,16.185,25.049,26.682,25.94,28.338,22.76,20.401,15.611,11.123,-40.575,-26.356,-8.086,14.281,26.347,23.823,17.206,NA,NA,27.023,27.376,27.056,22.482,-2.276,9.8
"1852-11",-24.992,-7.505,-10.677,4.758,7.954,6.701,16.707,24.065,26.806,22.29,26.714,26.442,26.357,11.365,22.218,7.749,0.56,4.298,-0.06,11.853,18.72,26.231,24.872,24.762,23.484,24.162,23.925,24.396,-21.311,-3.501,-11.116,-15.353,9.091,-0.453,-4.095,8.785,20.882,23.153,25.051,30.297,27.634,22.145,18.093,11.616,-30.709,-18.116,-18.242,12.667,26.432,24.687,15.376,NA,NA,26.677,26.43,26.59,23.704,0.487,7.062
"1852-12",-26.774,-23.869,-20.873,-0.669,3.269,2.923,14.054,22.947,25.323,21.629,25.324,25.933,25.124,13.028,24.021,10.482,-3.854,-2.009,-8.712,7.565,14.394,23.271,23.301,23.619,23.148,24.46,24.632,25.559,-28.184,-12.086,-23.873,-22.492,4.547,-7.531,-10.482,2.167,16.054,18.499,24.5,29.269,29.643,24.16,21.324,13.957,-21.413,-8.514,-18.141,7.654,26.863,25.747,13.08,NA,NA,24.883,26.109,26.516,25.065,2.825,4
"1853-01",-30.427,-22.67,-27.253,-3.194,0.17,0.491,12.513,22.154,24.238,21.42,24.91,25.247,25.11,14.076,25.587,11.397,-8.189,-0.977,-11.207,7.785,12.908,22.834,23.279,23.302,23,24.226,24.601,26.079,-33.056,-15.507,-23.942,-28.824,2.557,-9.76,-10.483,1.785,13.941,18.393,23.971,29.169,30.581,25.392,22.155,16.694,-21.179,-8.498,-19.861,4.978,26.939,26.719,11.832,NA,NA,23.732,25.48,25.879,25.47,3.937,2.951
"1853-02",-30.896,-17.036,-26.538,-2.862,3.359,1.322,14.493,22.593,24.081,21.588,25.171,24.999,24.74,14.999,24.95,12.398,-0.626,0.782,-7.654,8.005,14.155,24.269,23.647,24.031,23.244,24.219,24.229,25.583,-24.866,-14.246,-18.973,-25.49,4.344,-7.465,-10.906,3.788,16.112,20.484,24.908,28.647,29.394,26.342,22.56,16.605,-28.706,-14.362,-19.385,4.007,26.908,26.852,10.774,NA,NA,23.219,25.489,25.92,25.707,4.122,3.755
"1853-03",-23.785,-16.36,-24.304,-1.478,5.562,4.285,16.512,23.864,25.108,21.818,25.477,24.812,24.679,14.373,23.861,11.975,-2.612,1.323,-5.604,11.831,20.594,28.051,25.736,26.248,24.007,23.738,23.918,25.475,-23.544,-6.681,-10.134,-14.241,9.861,1.745,-6.243,8.93,20.642,24.477,25.667,28.045,26.722,22.67,19.468,13.84,-36.469,-21.544,-22.411,7.237,26.783,26.64,10.441,NA,NA,24.637,26.22,26.349,26.023,2.409,5.552
"1853-04",-19.753,-6.873,-13.084,6.572,9.314,6.802,20.49,24.532,25.714,21.441,25.076,23.968,24.209,11.647,19.976,8.369,2.219,8.341,2.724,15.451,25.17,29.716,26.264,27.183,23.549,23.003,22.541,23.985,-15.547,3.795,0.231,-5.558,16.828,11.119,2.307,15.084,25.099,28.857,25.904,27.194,23.998,21.693,16.535,12.103,-42.735,-27.736,-18.74,9.362,26.811,26.425,11.834,NA,NA,25.87,27.301,26.965,25.106,-0.28,8.575
"1853-05",-11.501,2.904,-2.529,13.487,19.611,13.808,23.306,25.222,26.567,21.318,25.137,23.56,22.845,7.878,14.2,3.771,5.766,14.189,12.829,18.872,28.859,29.874,26.222,27.755,23.22,19.996,20.414,22.607,-3.966,10.626,5.65,2.116,23.22,15.468,5.745,18.372,29.606,31.115,26.083,25.258,17.946,17.09,12.407,9.463,-46.313,-29.115,-8.986,12.452,26.828,25.465,13.269,NA,NA,28.268,28.015,27.597,23.853,-2.582,11.234
"1853-06",-6.103,9.218,3.879,18.685,26.749,19.964,25.782,25.035,27.676,20.333,24.551,21.814,20.671,7.062,12.78,2.973,12.508,18.756,19.804,22.631,31.446,28.767,25.216,26.918,21.258,16.417,16.508,20.133,3.246,15.285,12.375,8.774,26.217,20.379,9.661,22.596,32.599,30.128,26.072,21.712,14.384,12.144,10.797,8.854,-44.015,-31.812,-2.447,13.455,26.606,24.329,16.162,NA,NA,28.409,27.382,27.11,22.394,-2.243,13.426
"1853-07",-5.487,11.294,8.726,24.032,28.473,22.796,26.411,25.108,27.974,20.58,24.776,21.327,20.598,5.856,12.305,1.923,12.3,17.537,19.439,25.015,30.122,27.277,24.903,25.855,20.883,15.531,16.072,19.663,7.269,20.571,16.185,13.54,27.811,23.131,10.612,24.257,33.614,28.767,25.848,20.93,13.691,11.795,10.027,7.786,-46.449,-35.343,-0.345,15.409,26.428,23.601,18.11,NA,NA,27.423,27.441,27.347,21.759,-3.391,14.064
"1853-08",-6.691,8.842,9.945,22.493,28.368,23.464,26.09,25.066,27.996,21.464,25.654,22.566,23.403,6.904,14.325,2.725,12.201,18.762,17.714,26.062,30.736,26.433,24.638,25.64,21.276,16.121,16.69,19.302,7.498,18.661,13.115,9.323,26.103,20.521,10.417,24.622,32.571,27.923,25.981,23.952,16.392,15.054,10.887,8.133,-43.573,-33.161,-0.31,15.702,26.461,23.068,19.999,NA,NA,26.608,27.071,26.916,21.424,-4.633,14.226
"1853-09",-13.492,5.204,4.444,15.205,21.967,19.192,24.798,25.221,28.108,22.261,26.611,24.483,25.525,8.961,16.843,5.269,9.614,15.32,12.558,22.646,28.394,27.146,25.555,26.46,22.441,20.066,20.188,21.588,0.613,12.747,6.713,3.613,21.087,15.087,7.867,20.552,29.885,27.455,25.938,25.612,17.66,16.024,11.427,8.395,-44.39,-34.994,-2.728,15.422,26.424,23.274,19.483,NA,NA,26.595,26.691,26.522,21.601,-3.191,12.182
"1853-10",-20.974,-0.821,-4.112,12.825,16.04,13.256,21.091,24.025,26.944,22.053,26.451,26.286,26.115,9.492,19.848,6.356,7.167,9.818,7.479,17.046,25.103,27.835,25.896,25.811,23.372,23.04,22.812,23.218,-8.247,3.774,-2.693,-4.012,12.983,5.334,2.414,13.866,23.607,25.01,25.751,28.041,23.863,20.155,15.09,9.056,-40.452,-28.568,-5.468,13.149,26.76,24.019,17.759,NA,NA,25.732,26.772,26.706,22.136,-1.777,9.57
"1853-11",-25.84,-10.019,-15.608,2.664,4.574,6.493,15.761,23.562,25.929,22.02,26.217,26.136,25.566,11.469,21.615,9.46,1.554,5.735,1.586,12.482,19.179,26.437,25.363,25.231,23.642,24.854,25.033,24.81,-23.116,-4.993,-15.045,-15.17,9.324,-1.236,-4.634,8.942,20.967,22.371,25.153,29.971,26.079,22.553,17.673,11.108,-29.8,-17.058,-13.974,12.502,27.155,24.647,15.426,NA,NA,25.916,26.475,26.502,23.182,0.724,6.608
"1853-12",-29.6,-14.826,-20.109,0.904,2.851,2.046,13.883,21.844,24.196,21.695,25.473,25.695,25.117,14.025,24.31,12.134,-1.047,1.781,-4.819,8.231,16.677,26.308,24.795,24.364,23.401,25.107,26.387,26.22,-24.748,-11.453,-20.931,-25.175,3.9,-9.851,-8.576,1.203,16.44,18.837,23.974,29.488,28.429,23.755,19.591,12.78,-21.709,-9.794,-17.563,7.257,27.141,25.223,13.751,NA,NA,24.63,25.691,26.037,24.181,2.76,4.86
"1854-01",-30.667,-21.086,-29.695,-1.384,-2.341,-2.49,11.767,21.557,23.968,21.856,25.417,25.319,24.947,13.722,25.03,10.974,-5.704,0.221,-6.693,7.576,14.631,24.485,24.094,24.215,23.61,24.737,25.028,25.794,-30.585,-11.126,-20.361,-24.172,2.541,-9.068,-12.466,2.608,13.994,18.427,23.784,30.265,30.137,25.911,20.97,15.04,-17.672,-7.423,-28.235,6.113,27.354,26.56,11.679,NA,NA,23.095,24.87,25.502,25.682,4.188,3.848
"1854-02",-28.535,-23.155,-27.499,-2.799,-1.631,-2.451,14.286,22.234,23.917,22.143,25.663,25.592,25.219,14.055,24.716,12.634,-3.182,1.35,-8.386,9.767,16.514,26.085,24.946,25.44,24.05,24.421,25.278,25.771,-28.997,-15.885,-24.41,-18.497,4.47,-7.314,-11.887,3.333,17.194,20.437,24.792,28.397,27.483,25.703,20.703,15.45,-27.817,-15.08,-20.54,6.98,27.61,26.945,11.807,NA,NA,23.067,24.965,25.462,26.043,4.14,3.408
"1854-03",-27.131,-16.326,-17.219,-0.175,3.427,3.256,15.32,23.75,23.993,22.433,26.049,24.696,24.803,13.817,23.536,9.636,-5.91,3.128,-1.661,13.699,22.517,29.008,26.702,27.057,24.385,24.241,24.31,25.703,-27.683,-6.831,-15.389,-18.6,12.099,0.321,-7.503,7.534,21.551,23.834,25.092,28.397,28.009,25.418,19.976,13.288,-38.807,-23.778,-29.1,9.234,27.477,27.017,11.893,NA,NA,24.654,25.645,25.881,25.669,2.464,5.384
"1854-04",-21.015,-4.102,-12.634,6.733,8.814,6.457,19.631,25.111,25.808,22.149,25.649,24.681,24.039,11.184,19.774,7.21,3.485,11.721,4.874,15.857,25.559,30.214,26.736,27.427,24.366,22.307,23.025,24.984,-15.534,1.351,-1.395,-5.931,15.1,10.188,-0.734,15.151,24.692,26.727,25.925,26.306,21.927,20.458,15.009,11.818,-41.492,-30.103,-20.217,10.514,27.364,26.375,11.631,NA,NA,26.62,27.332,27.045,24.985,0.262,8.523
"1854-05",-12.598,4.287,-1.057,12.1,17.564,12.729,22.394,26.383,26.759,21.479,25.428,23.472,22.948,7.919,14.972,4.087,7.512,15.734,13.918,19.614,30.121,29.836,26.696,27.081,23.577,19.132,20.508,22.956,-6.444,7.531,4.507,1.069,22.129,15.502,4.444,19.36,29.404,30.038,26.19,24.097,19.048,16.982,13.459,9.639,-44.772,-31.721,-8.983,12.276,26.988,25.193,13.745,NA,NA,28.01,28.19,27.737,23.844,-1.767,11.237
"1854-06",-6.4,9.303,4.502,19.001,25.256,19.951,25.873,25.605,27.055,21.262,25.35,22.317,21.108,7.341,13.2,2.772,12.82,17.264,19.815,21.959,32.215,28.012,25.405,26.483,21.892,15.846,16.903,20.333,2.908,15.381,10.345,6.493,27.552,19.921,9.32,21.905,33.028,31.936,26.073,22.055,15.223,12.84,11.201,7.033,-38.619,-30.856,-0.856,14.384,26.888,23.603,16.227,NA,NA,29.601,28.331,27.99,22.364,-2.271,13.861
"1854-07",-3.982,11.059,7.436,20.741,28.569,23.056,27.901,25.023,27.559,20.861,25.237,21.506,20.612,5.063,12.312,1.823,13.285,18.384,19.216,24.928,31.666,27.335,25.004,26.04,20.714,15.316,15.234,19.325,4.649,17.063,15.233,12.223,27.434,22.514,11.235,24.844,33.464,29.04,25.842,20.933,13.758,11.684,9.777,6.789,-44.177,-35.905,-0.751,15.959,26.515,23.435,18.525,NA,NA,27.877,27.495,27.284,20.891,-3.773,14.051
"1854-08",-5.168,8.29,8.638,20.695,28.564,23.983,26.585,24.829,27.584,21.614,26.097,22.616,22.289,5.958,13.812,2.17,12.156,18.51,19.43,25.039,30.465,26.653,24.836,26.067,21.633,17.413,17.768,20.466,5.164,18.108,11.65,9.381,25.809,20.317,10.188,24.237,32.489,28.258,25.543,20.51,14.345,12.101,10.193,7.041,-45.075,-32.601,-0.287,16.311,26.243,22.613,19.91,NA,NA,27.077,27.338,26.982,21.182,-4.995,13.808
"1854-09",-10.81,7.847,3.735,19.382,20.801,16.841,24.883,24.695,27.846,22.302,26.976,24.297,26.477,7.793,17.049,3.472,8.85,15.832,13.332,22.71,29.577,27.271,25.532,26.882,22.511,20.72,20.733,21.376,0.702,10.897,5.684,5.465,20.806,14.057,6.851,19.796,29.646,28.582,25.544,23.789,20.97,17.191,14.347,8.353,-48.818,-35.004,-2.767,15.971,26.438,23.082,19.074,NA,NA,27.419,27.344,26.843,21.128,-4.603,12.086
"1854-10",-20.25,0.643,-2.71,10.399,14.532,12.485,20.772,23.951,26.611,21.956,26.721,26.019,25.756,9.432,18.757,6.054,5.157,10.87,6.44,19.027,26.813,27.502,25.313,26.058,23.255,22.973,22.77,23.639,-9.222,3.68,-1.804,-2.52,17.248,7.358,-0.513,14.561,26.208,26.643,25.22,27.514,24.672,19.913,16.697,10.381,-40.113,-26.562,-14.464,14.681,26.507,24.026,16.77,NA,NA,26.431,26.894,26.591,21.995,-1.408,10.016
"1854-11",-26.052,-10.718,-12.439,3.631,5.639,5.63,17.228,23.128,25.76,21.957,26.474,26.531,26.543,11.76,22.592,8.368,0.61,3.988,-1.036,13.09,20.51,26.289,24.588,25.212,23.6,23.774,23.878,24.912,-19.293,-3.941,-9.94,-12.656,9.306,-0.902,-7.522,9.212,22.36,22.81,24.825,29.226,25.279,22.511,17.275,11.658,-30.076,-16.379,-21.957,13.107,26.881,25.005,14.255,NA,NA,26.439,26.317,26.446,23.248,0.636,7.023
"1854-12",-30.026,-14.245,-21.643,-1.107,-0.612,0.118,12.322,22.591,25.116,21.745,25.297,25.756,25.327,14.647,24.803,11.909,-2.427,1.417,-6.504,8.86,13.986,23.199,22.685,23.33,22.951,24.395,23.574,25.056,-24.775,-9.463,-19.564,-21.797,3.479,-8.085,-14.015,3.419,16.277,19.138,24.448,30.585,29.788,25.942,21.031,13.677,-23.951,-9.653,-25.638,11.295,26.975,25.64,11.713,NA,NA,25.244,26.117,26.371,24.828,2.159,4.369
"1855-01",-30.519,-15.52,-24.409,-1.937,-2.07,-3.553,11.735,20.837,23.575,21.745,25.224,25.597,25.174,15.081,25.226,13.763,-1.54,-2.35,-13.241,6.763,13.182,23.453,23.635,23.631,23.378,24.293,23.511,25.238,-27.977,-17.674,-23.617,-27.565,1.433,-11.564,-15.507,0.582,15.17,17.498,24.2,31.074,31.082,26.087,21.995,15.555,-22.584,-8.652,-22.967,7.699,27.207,26.398,11.416,NA,NA,23.773,26.083,26.274,26.02,3.294,3.108
"1855-02",-29.727,-23.174,-29.748,-3.157,-0.305,-0.16,15.443,22.381,24.039,21.702,25.054,24.608,24.667,14.266,24.925,11.218,-0.739,-1.012,-9.313,6.932,13.439,24.404,23.968,24.213,23.244,24,23.818,26.237,-26.552,-13.809,-20.046,-20.493,-1.855,-9.824,-14.917,2.543,15.176,18.473,24.726,29.34,31.136,26.255,23.921,15.046,-30.046,-14.223,-24.753,9.07,27.435,26.832,10.248,NA,NA,23.569,25.466,25.801,26.014,3.348,2.736
"1855-03",-25.028,-13.781,-24.545,2.546,2.375,-0.304,17.522,23.028,24.412,22.074,25.388,24.62,24.768,13.724,22.944,9.865,-1.495,0.947,-9.031,9.771,19.57,27.385,25.298,26.239,23.944,22.986,22.417,25.465,-22.138,-8.51,-12.342,-14.735,7.803,2.575,-9.673,9.264,20.093,23.712,25.423,28.571,26.178,23.753,18.731,13.588,-38.486,-22.076,-16.302,11.511,27.369,26.672,10.24,NA,NA,24.601,26.482,26.533,26.296,2.269,4.858
"1855-04",-22.915,-3.526,-12.385,8.007,12.157,8.064,20.903,24.571,25.23,22.13,25.496,25.3,24.69,11.325,19.149,7.534,2.378,8.108,4.549,14.824,25.51,30.157,27.169,28.535,24.647,22.186,21.425,24.581,-14.466,3.287,-2.738,-8.785,17.556,10.606,-0.473,14.389,27.225,29.096,26.048,26.89,22.479,20.057,16,11.828,-43.541,-29.307,-16.68,11.253,27.257,26.24,11.971,NA,NA,26.716,27.724,27.504,25.829,0.169,8.59
"1855-05",-10.326,4.536,-0.739,15.244,21.719,15.46,23.393,25.179,26.58,21.992,25.574,23.565,23.633,9.101,16.66,4.496,6.854,14.593,16.041,17.971,28.049,29.577,26.157,27.751,23.143,19.749,19.35,22.33,-6.057,10.476,5.222,1.91,21.163,15.578,5.185,19.324,29.291,31.677,26.157,24.457,19.408,16.421,13.669,9.579,-45.488,-30.867,-8.482,12.141,27.207,24.917,14.387,NA,NA,28.063,28.878,28.315,23.703,-2.257,11.509
"1855-06",-5.98,10.325,4.525,19.361,24.539,17.803,25.932,25.47,27.619,21.134,25.137,22.538,21.221,6.072,12.118,1.404,10.111,18.465,15.627,24.009,31.73,28.413,25.504,27.389,22.123,16.149,16.772,20.738,2.249,15.228,14.523,8.504,25.513,20.718,9.168,21.932,33.366,31.813,25.956,21.055,14.568,13.501,11.06,7.913,-44.908,-33.026,-1.842,14.347,26.73,23.339,16.094,NA,NA,29.731,28.049,27.696,22.947,-2.851,13.371
"1855-07",-3.689,10.175,8.935,23.989,27.719,22.947,26.692,25.224,27.917,21.333,25.414,22.49,21.251,5.21,10.353,0.311,13.405,19.472,18.333,26.788,31.814,28.059,25.052,26.668,21.225,16.347,16.167,19.582,5.947,16.943,15.539,11.389,26.649,21.448,11.423,25.012,33.389,30.673,25.768,19.827,13.674,11.345,10.444,7.039,-45.569,-30.624,-0.337,16.282,26.606,22.7,18.62,NA,NA,27.889,27.274,27.148,21.593,-5.995,14.26
"1855-08",-6.15,10.933,7.006,23.035,28.328,23.405,25.75,25.349,27.694,21.992,26.045,22.783,23.961,7.29,14.978,1.979,12.399,18.155,16.213,25.147,30.58,26.884,24.806,26.233,21.596,17.389,17.628,19.948,4.564,15.428,12.583,9.139,25.444,20.058,11.126,23.893,32.64,28.624,25.394,20.268,13.704,12.744,10.185,7.154,-46.596,-38.134,-0.394,16.618,26.596,22.648,19.914,NA,NA,26.899,26.97,26.826,21.87,-3.259,13.579
"1855-09",-14.16,6.878,4.467,16.583,22.05,19.659,24.218,25.267,27.734,22.484,26.792,24.289,26.091,8.524,18.68,4.895,8.438,15.216,14.359,22.003,28.036,27.717,25.4,26.377,22.324,20.519,20.151,21.074,1.281,13.031,6.55,4.586,20.65,15.515,7.515,20.148,29.209,28.733,25.422,25.211,20.058,16.809,12.659,7.494,-43.167,-33.778,-1.205,15.87,26.66,22.939,19.647,NA,NA,27.097,26.9,26.578,21.33,-3.013,12.501
"1855-10",-19.393,-1.924,-1.749,10.782,15.796,13.856,21.759,24.613,27.072,22.341,26.758,26.951,27.088,9.515,20.78,6.671,5.342,9.406,7.209,17.669,26.134,27.993,25.682,26.282,23.3,24.276,22.335,22.83,-7.448,4.574,-1.95,-4.902,16.042,7.627,0.752,15.066,26.453,27.392,25.441,27.375,24.792,20.708,16.297,9.742,-39.141,-25.748,-4.211,14.008,26.643,23.576,18.023,NA,NA,26.792,26.606,26.369,22.103,-2.084,10.252
"1855-11",-23.554,-10.393,-12.807,4.119,5.71,6.527,15.763,23.394,26.328,22.549,26.497,27.353,26.68,11.674,23.347,9.164,0.93,6.154,2.248,13.405,20.367,26.992,24.95,24.955,23.191,23.949,24.438,25.025,-20.897,-2.109,-11.496,-14.975,10.406,0.146,-4.832,8.562,20.288,23.504,25.028,30.028,29.48,24.735,19.157,10.368,-28.042,-16.267,-9.87,11.724,26.873,24.621,15.176,NA,NA,26.776,26.222,26.359,23.156,0.361,7.53
"1855-12",-24.116,-15.003,-19.798,-0.36,1.633,3.307,12.97,21.99,25.265,22.397,26.034,26.541,25.664,13.268,24.796,10.049,-2.691,-0.777,-9.476,8.394,15.527,25.213,24.121,24.314,23.188,25.497,25.291,25.373,-28.603,-16.018,-23.349,-24.56,1.712,-7.691,-10.903,4.417,16.101,19.051,24.356,31.669,30.718,26.422,19.721,11.219,-19.587,-8.127,-14.393,10.477,27.106,25.743,12.732,NA,NA,25.069,25.792,26.248,24.935,3.231,4.71
"1856-01",-24.144,-17.297,-27.061,-4.359,-3.785,-2.541,11.324,21.551,24.43,22.722,26.165,26.423,26.168,14.326,25.349,10.71,-6.003,-1.923,-11.903,8.401,14.914,24.724,24.383,24.407,23.715,25.442,24.876,25.495,-35.059,-14.472,-21.717,-30.04,1.53,-10.692,-12.635,0.383,14.861,18.615,23.608,31.359,31.533,28.193,21.623,13.608,-19.571,-6.751,-24.729,4.289,27.213,26.073,11.407,NA,NA,24.005,25.327,25.811,26.228,4.607,3.535
"1856-02",-24.659,-14.397,-23.338,-1.294,-0.646,-1.434,13.096,22.402,24.724,22.985,26.711,25.01,26.059,14.723,25.902,10.787,-3.969,-1.496,-18.297,8.688,15.126,25.226,24.123,24.584,23.506,24.974,24.214,25.537,-33.805,-18.498,-20.973,-26.637,1.744,-7.772,-12.137,4.575,15.957,20.097,24.455,30.033,28.936,26.169,20.745,13.659,-27.548,-14.443,-18.955,3.417,27.347,26.691,10.648,NA,NA,24.106,25.093,25.268,26.914,4.302,3.35
"1856-03",-26.226,-12.044,-18.27,3.019,6.141,4.688,15.445,23.436,24.408,23.317,27.297,25.476,25.781,14.4,23.14,10.209,-0.345,1.047,-8.032,10.281,19.358,28.42,26.212,26.808,24.374,24.622,25.043,26.792,-23.494,-8.91,-13.434,-18.54,8.135,0.764,-7.108,7.592,20.374,24.801,25.544,28.938,27.145,23.198,19.113,12.404,-37.541,-22.299,-24.053,6.093,27.326,26.839,11.146,NA,NA,25.34,25.763,25.705,26.616,2.32,5.503
"1856-04",-18.195,-7.145,-11.489,9.292,14.786,12.057,19.918,24.855,25.3,23.145,26.858,25.028,25.662,11.476,19.906,7.254,2.586,7.182,1.677,14.082,25.75,30.252,27.215,28.271,24.634,23.584,23.5,25.495,-12.604,-1.383,-4.906,-6.375,15.105,7.975,-0.869,13.718,25.071,28.587,26.575,27.455,23.181,20.308,16.969,10.635,-43.361,-26.913,-10.254,9.931,27.39,26.04,11.98,NA,NA,26.67,27.046,26.619,26.189,-0.288,8.584
"1856-05",-11.826,2.684,-3.611,15.526,18.695,13.703,21.458,25.711,27.054,22.347,26.331,23.803,22.602,9.541,15.5,5.228,7.895,14.751,14.177,17.846,28.771,30.025,26.739,27.429,23.548,20.35,19.979,22.533,-4.446,10.642,5.199,1.414,21.492,16.519,4.517,18.189,28.361,30.936,26.57,24.127,16.987,16.332,12.505,10.123,-47.816,-32.375,-5.717,12.246,27.253,25.063,14.094,NA,NA,27.951,28.743,27.988,24.576,-2.025,11.002
"1856-06",-3.881,9.281,3.794,18.356,24.449,19.389,24.854,25.542,27.487,20.993,25.37,22.564,20.962,6.372,12.915,2.354,12.334,18.661,15.398,22.804,31.211,28.381,25.912,27.351,22.688,16.986,18.647,21.69,3.839,13.801,12.668,8.798,26.058,21.599,9.183,22.827,32.684,32.138,26,22.59,14.657,14.074,10.41,8.865,-47.098,-32.581,-1.358,14.751,26.606,23.728,15.833,NA,NA,29.557,28.542,27.919,23.87,-1.837,13.294
"1856-07",-4.049,10.792,7.648,21.174,27.666,22.948,27.27,25.272,28.55,21.093,25.413,21.635,21.612,6.196,14.013,0.761,13.51,19.963,20.421,25.981,31.791,27.906,25.164,26.433,20.937,16.224,16.444,19.557,7.954,21.606,16.861,10.632,27.545,22.714,11.099,24.017,33.52,30.329,25.788,19.481,11.995,11.749,9.71,7.404,-44.853,-33.898,-0.139,15.814,26.385,23.497,18.45,NA,NA,28.769,27.423,27.389,21.597,-3.38,14.472
"1856-08",-3.298,10.532,7.12,22.726,28.197,21.44,26.491,25.185,28.369,21.686,26.164,21.902,23.362,6.975,15.519,1.917,11.858,17.61,17.592,25.433,31.187,26.947,24.845,25.504,21.383,17.98,17.856,20.492,5.911,15.76,13.759,11.264,27.506,20.865,10.293,25.021,32.846,28.272,25.549,21.525,16.034,12.831,11.331,7.123,-48.858,-31.581,-0.854,16.748,25.961,22.594,19.258,NA,NA,27.843,26.808,26.915,21.403,-4.257,13.888
"1856-09",-11.436,5.411,3.789,16.622,22.751,18.237,24.698,24.863,27.878,22.102,26.812,23.518,25.876,7.686,16.685,3.042,7.409,13.161,10.297,22.333,28.652,26.845,25.246,26.31,22.089,21.001,19.998,21.329,0.856,9.043,7.087,4.921,21.837,14.864,7.403,21.5,30.958,27.508,25.468,24.849,18.451,16.779,12.3,8.727,-44.389,-31.997,-3.803,16.092,25.811,22.781,18.485,NA,NA,27.434,26.64,26.632,21.383,-2.834,12.133
"1856-10",-18.183,-1.669,-3.788,10.238,15.761,13.981,21.661,23.883,26.876,22.197,27.118,25.867,26.927,9.589,19.551,6.568,7.118,9.918,5.189,18.041,25.667,27.749,25.412,25.833,23.124,24.44,23.197,23.434,-8.352,2.707,-1.085,-2.481,13.172,6.344,2.642,14.356,24.362,25.466,25.534,28.112,24.421,20.804,15.671,10.064,-39.434,-27.925,-12.969,13.942,25.968,23.33,16.28,NA,NA,26.402,26.755,26.547,22.105,-1.782,9.857
"1856-11",-21.527,-12.61,-12.084,4.861,7.854,7.351,17.225,22.876,26.306,21.59,26.246,26.822,26.353,10.55,22.532,7.425,0.792,4.608,-0.696,13.688,20.902,26.221,24.754,24.716,22.94,24.123,23.659,24.823,-20.556,-5.016,-13.459,-13.712,8.709,-1.129,-5.381,8.606,21.148,22.276,25.308,29.165,27.315,22.78,19.867,11.811,-30.316,-16.781,-17.487,11.617,26.123,24.221,14.127,NA,NA,26.243,26.515,26.534,23.179,0.213,6.965
"1856-12",-27.421,-20.4,-21.669,-2.529,1.03,3.224,13.304,22.684,25.372,21.178,25.156,26.18,25.689,12.547,23.828,9.637,0.378,3.642,-4.747,9.742,14.73,23.015,23.183,23.862,23.088,24.418,24.287,25.753,-29.722,-12.552,-21.801,-26.687,2.969,-8.336,-8.757,3.688,16.597,19.488,24.671,29.013,28.321,24.769,21.163,14.761,-22.139,-9.324,-19.336,7.747,26.373,25.404,11.612,NA,NA,25.233,26.056,26.271,24.225,2.642,4.231
"1857-01",-29.393,-21.554,-24.454,-3.286,0.318,1.575,12.42,21.931,24.396,21.211,24.677,25.774,24.954,14.263,25.338,12.565,-0.49,0.819,-6.375,7.858,13.052,22.435,22.743,23.232,22.838,23.868,24.282,25.341,-31.952,-15.646,-25.993,-25.956,0.279,-10.688,-12.975,0.901,14.162,17.265,24.174,29.062,29.972,25.925,22.483,14.498,-20.287,-7.193,-17.63,3.303,26.721,26.017,11.128,NA,NA,23.18,25.229,25.687,25.177,3.803,3.233
"1857-02",-33.009,-19.287,-29.599,0.208,0.639,-1.851,14.634,22.18,24.168,21.599,25.211,24.555,24.663,14.298,23.952,11.246,-1.86,3.4,-7.043,8.99,14.434,24.109,23.938,24.435,23.606,23.777,24.105,25.722,-28.341,-14.824,-24.876,-25.79,3.162,-7.621,-10.904,0.912,15.859,19.292,24.684,28.48,30.147,25.29,23.44,15.24,-26.465,-12.953,-18.404,2.934,26.739,26.483,10.826,NA,NA,23.665,24.873,25.469,25.158,3.609,3.208
"1857-03",-30.647,-14.796,-22.362,2.91,5.814,3.186,17.66,22.612,24.176,21.499,25.081,24.594,24.103,13.603,22.366,11.744,0.053,6.751,-1.396,12.096,19.192,27.499,25.244,26.095,23.948,23.791,23.447,24.962,-23.151,-5.671,-10.918,-15.677,8.652,2.204,-8.875,9.427,20.172,23.357,25.419,29.071,26.788,23.483,19.572,14.748,-38.684,-23.728,-25.878,7.042,26.628,26.506,10.764,NA,NA,24.692,26.114,26.454,25.189,1.006,5.365
"1857-04",-22.33,-5.792,-10.196,7.604,14.884,11.147,20.358,23.525,24.575,21.262,25.05,24.376,23.893,10.337,18.274,8.078,4.365,11.162,5.765,15.441,24.717,29.696,26.539,27.564,23.809,21.66,21.605,24.326,-12.385,3.887,0.681,-5.439,14.872,10.624,-1.474,14.507,24.418,27.679,25.958,27.023,23.074,21.329,16.809,13.487,-42.508,-30.238,-16.961,10.052,26.418,25.999,11.917,NA,NA,25.877,27.67,27.414,24.904,0.755,8.788
"1857-05",-13.51,1.732,-2.281,12.127,19.211,15.321,23.005,24.897,25.986,20.814,24.833,23.235,22.492,7.504,15.132,4.941,10.529,17.418,14.707,18.923,28.291,29.418,25.793,26.956,22.847,19.192,19.838,22.719,-2.664,9.274,6.478,2.14,21.965,16.481,6.424,19.101,28.886,31.241,26.263,23.528,16.494,16.834,12.463,10.656,-45.328,-30.864,-10.488,11.818,26.461,25.207,14.663,NA,NA,27.78,28.333,27.766,24.027,-1.484,11.262
"1857-06",-5.152,9.66,4.227,18.168,25.798,18.737,26.147,25.068,27.203,20.337,24.755,22.133,20.569,6.499,11.91,3.369,13.399,20.722,22.284,24.038,32.142,29.023,25.379,26.808,21.42,15.442,16.283,20.09,5.722,15.488,11.927,10.526,25.691,19.27,9.935,20.531,32.307,31.074,25.934,20.147,13.348,12.46,10.729,9.163,-44.089,-34.546,-1.338,13.586,26.342,24.245,16.948,NA,NA,28.767,27.216,27.025,22.725,-2.064,13.484
"1857-07",-2.739,11.003,8.559,23.764,29.227,23.16,26.429,24.727,27.728,20.17,24.674,20.917,20.21,5.623,13.893,1.763,14.563,19.709,19.75,25.453,30.988,27.153,24.784,26.299,21.244,15.761,16.663,20.415,6.118,16.837,15.632,13.423,28.078,23.161,11.062,24.427,33.308,29.297,25.721,20.691,13.697,12.767,10.69,8.231,-45.901,-35.739,0.498,15.431,26.126,23.216,19.256,NA,NA,27.416,27.124,27.033,22.031,-3.981,14.21
"1857-08",-4.172,9.297,8.142,23.801,27.832,22.771,26.202,24.672,27.753,20.867,25.453,21.467,21.769,6.891,14.645,3.411,12.514,18.109,18.133,25.546,30.482,26.166,24.476,26.076,21.338,17.468,17.673,19.765,4.86,17.324,14.434,10.174,27.368,21.537,10.337,25.226,33.322,28.302,25.869,23.741,17.288,15.677,11.853,7.894,-45.891,-32.17,0.328,15.39,25.996,22.962,20.188,NA,NA,27.095,26.992,26.915,21.327,-3.783,14.111
"1857-09",-13.601,5.49,1.58,17.201,22.758,19.407,25.37,24.28,27.078,21.746,26.492,24.426,25.02,8.431,16.426,5.428,9.77,14.015,11.729,21.842,27.714,26.655,25.225,26.578,22.542,20.406,21.035,21.482,2.075,10.32,7.192,6.197,21.472,14.908,8.41,21.05,30.129,27.373,25.764,25.049,18.105,15.903,11.853,9.322,-45.701,-32.152,-2.6,15.168,25.986,23.451,19.337,NA,NA,26.875,27.101,26.847,21.293,-3.961,12.062
"1857-10",-16.293,-0.07,-3.158,12.027,15.201,12.864,20.73,23.752,26.382,21.578,26.085,25.859,25.617,10.19,20.367,7.032,5.356,9.882,6.789,17.771,25.901,27.507,25.496,26.129,23.043,23.672,22.988,23.099,-6.599,2.739,-2.638,-2.791,14.254,4.617,0.866,13.777,26.163,26.004,25.434,27.801,22.945,19.45,15.709,10.409,-40.408,-27.303,-6.091,13.503,25.977,24.062,17.582,NA,NA,26.663,26.626,26.608,21.869,-1.593,9.794
"1857-11",-25.414,-14.432,-12.813,5.039,9.173,8.361,16.357,22.781,25.186,21.224,25.583,25.773,25.11,12.483,22.27,9.838,3.51,6.465,-0.589,13.16,19.182,25.978,24.361,24.727,23.166,23.645,24.118,25.254,-21.114,-5.605,-12.148,-9.647,7.178,-1.741,-5.489,8.655,21.081,22.43,25.274,29.895,27.775,23.92,18.586,10.914,-29.966,-18.914,-17.654,11.712,26.414,24.833,14.497,NA,NA,25.714,26.596,26.632,23.086,0.561,6.785
"1857-12",-28.416,-21.032,-19.851,-0.381,0.609,2.183,12.776,22.117,24.523,21.192,24.953,26.144,25.374,13.067,24.629,10.086,-2.64,0.426,-8.752,9.184,14.491,22.988,23.157,23.01,22.914,24.141,23.457,24.441,-29.483,-16.603,-25.497,-20.612,0.44,-12.215,-9.194,0.93,14.332,19.063,24.503,29.194,27.502,24.171,20.609,13.313,-22.554,-9.664,-17.135,7.208,26.685,25.503,13.83,NA,NA,23.585,26.336,26.515,24.216,2.977,3.481
"1858-01",-32.536,-18.446,-22.24,-2.159,0.69,2.234,12.426,21.83,23.87,21.197,24.575,25.03,24.711,14.275,24.298,12.06,-7.525,0.329,-11.313,8.869,13.641,23.026,22.946,22.656,23.187,24.026,23.601,25.229,-31.84,-20.621,-27.038,-29.348,0.216,-12.509,-10.785,-2.422,12.185,17.768,23.289,28.519,28.211,25.134,23.08,16.424,-22.193,-9.311,-15.088,4.048,27.095,26.42,12.264,NA,NA,22.225,25.628,25.855,24.626,4.147,2.596
"1858-02",-34.686,-20.968,-32.037,2.864,0.119,-3.246,15.584,21.519,23.611,21.525,24.846,24.775,24.437,14.662,24.629,11.05,-0.948,2.079,-5.108,9.623,16.291,25.007,24.504,25.476,24.136,23.806,23.695,25.347,-24.307,-13.978,-21.004,-20.705,2.685,-9.482,-13.252,2.5,17.48,18.413,24.219,28.826,28.336,26.49,21.103,16.954,-29.363,-16.029,-24.238,7.682,26.984,26.48,11.372,NA,NA,22.936,25.853,26.091,25.744,3.855,3.274
"1858-03",-26.443,-14.216,-23.699,3.905,6.297,3.86,17.449,22.838,23.899,21.412,24.992,24.946,24.437,12.672,22.928,10.121,-1.447,2.67,-5.492,10.434,21.12,28.895,26.305,26.813,24.738,24.4,23.727,24.341,-26.304,-8.562,-12.764,-16.725,7.952,0.892,-9.43,8.608,19.105,23.838,25.231,28.283,26.442,25.358,19.325,13.674,-37.896,-24.095,-23.453,6.413,26.85,26.31,10.709,NA,NA,24.037,26.15,26.296,25.546,2.072,5.12
"1858-04",-19.939,-2.904,-13.331,8.83,11.144,7.137,19.873,23.777,24.778,21.812,25.535,24.568,23.656,10.95,19.871,7.913,3.244,9.881,4.06,15.405,25.171,29.529,26.728,28.094,24.657,22.293,22.018,24.142,-16.526,0.47,-2.514,-6.702,16.705,9.892,0.49,14.763,26.665,28.737,25.766,27.503,23.873,21.774,16.453,13.221,-43.475,-30.492,-18.906,10.351,26.996,25.907,12.903,NA,NA,25.916,27.295,27.123,25.012,0.317,8.486
"1858-05",-10.974,3.575,-1.569,13.552,18.142,14.114,22.962,24.861,25.854,21.006,25.082,23.35,21.99,8.298,15.44,4.696,7.749,15.895,15.076,19.005,29.534,28.746,26.09,27.838,23.567,18.922,19.023,22.318,-4.672,8.329,4.058,1.197,22.732,14.997,5.402,19.043,29.516,31.398,26.117,25.139,20.108,18.148,14.091,10.801,-46.368,-29.533,-8.744,12.15,26.958,24.934,14.619,NA,NA,27.636,28.359,27.843,23.947,-2.947,11.273
"1858-06",-4.441,8.223,3.046,18.29,25.744,20.756,25.859,24.865,26.851,20.678,24.854,21.551,20.264,7.074,13.81,2.53,11.912,17.763,19.18,22.096,32.764,28.128,25.381,26.871,21.901,15.971,17.07,20.292,3.154,15.238,11.513,9.199,26.87,20.363,9.216,22.024,33.202,31.017,26.089,21.07,13.871,13.682,10.486,8.129,-44.926,-33.067,-1.719,14.319,26.848,24.134,16.691,NA,NA,28.597,27.796,27.541,22.397,-2.933,13.325
"1858-07",-2.855,11.52,5.934,23.58,28.709,22.55,26.232,24.896,27.45,20.525,24.811,21.417,20.228,5.818,12.79,1.621,13.916,19.561,22.508,25.629,31.435,26.888,24.451,25.973,21.223,15.568,16.282,20.022,6.452,20.286,15.077,12.995,28.063,22.918,11.435,25.226,34.067,28.341,25.966,23.335,14.51,12.523,9.8,8.885,-45.693,-33.455,-0.584,15.576,26.538,23.826,19.072,NA,NA,26.788,26.951,26.846,21.792,-3.97,14.337
"1858-08",-5.285,10.948,7.285,20.681,28.107,23.916,26,25.129,27.799,21.265,25.621,22.447,22.388,7.76,15.185,2.867,10.976,17.864,17.641,25.691,30.757,26.481,24.624,25.885,21.867,16.484,17.807,20.59,4.926,16.854,14.77,12.048,27.002,21.652,10.663,24.737,33.369,27.846,26.012,22.307,15.098,12.483,10.443,8.199,-43.408,-36.491,-1.358,16.641,26.375,23.758,20.679,NA,NA,26.752,26.948,26.848,21.361,-3.771,14.146
"1858-09",-13.074,4.381,3.385,16.575,23.541,20.75,24.84,24.923,27.537,22.05,26.619,24.263,25.508,8.142,17.334,4.415,10.825,14.935,12.314,22.963,29.376,27.136,25.375,26.435,22.213,21.645,20.669,21.255,-0.866,9.299,5.096,3.804,22.177,15.473,8.42,21.149,30.595,27.681,26.128,26.053,18.1,15.44,11.248,8.958,-44.065,-35.859,-3.583,15.859,26.5,24.051,19.294,NA,NA,26.879,26.992,26.905,21.373,-1.959,12.227
"1858-10",-22.75,-3.197,-5.169,11.068,15.9,15.166,22.127,23.963,26.7,22.104,26.842,26.044,25.973,10.162,19.917,7.064,5.999,10.107,5.475,17.488,24.815,27.723,25.763,26.056,23.19,24.378,23.823,23.38,-8.715,3.382,-0.221,-2.022,13.775,6.661,3.811,15.058,25.188,25.908,25.865,28.451,23.774,20.384,15.481,10.007,-39.88,-24.106,-15.619,14.269,26.732,24.423,17.053,NA,NA,26.184,26.535,26.338,21.919,-1.417,9.858
"1858-11",-25.277,-11.68,-8.169,5.633,8.401,7.613,17.734,23.596,26.233,21.569,25.671,25.327,24.74,11.229,21.404,9.266,0.869,3.658,-0.41,11.63,18.448,25.98,24.901,25.433,23.778,23.587,24.461,25.093,-19.433,-2.582,-9.92,-12.682,10.438,-0.877,-5.205,6.894,21.613,22.376,24.557,29.093,26.25,21.429,16.767,12.645,-30.243,-17.561,-21.743,12.678,26.9,25.286,14.846,NA,NA,25.958,25.999,26.083,23.199,0.821,6.997
"1858-12",-33.255,-20.973,-21.604,-2.895,0.737,4.03,14.479,22.858,24.737,21.475,25.224,25.476,24.735,13.791,23.277,11.673,-0.667,-0.117,-7.352,8.455,15.226,24.942,24.247,24.387,23.958,24.574,24.489,25.05,-23.941,-9.232,-17.079,-18.506,3.826,-6.371,-10.86,3.633,15.793,18.863,23.851,30.06,29.194,24.487,19.709,13.714,-21.715,-10.037,-23.658,12.51,27.447,26.076,12.778,NA,NA,24.832,25.183,25.58,24.894,2.731,4.657
"1859-01",-33.481,-15.467,-26.838,-1.981,-3.731,-4.856,12.408,21.54,24.036,21.656,25.059,25.783,24.894,14.484,24.936,12.398,-3.879,0.933,-7.82,7.419,13.191,22.557,22.922,23.847,23.758,24.438,24.179,25.595,-26.909,-11.777,-18.246,-21.977,0.299,-11.222,-13.412,1.992,14.36,17.598,23.639,30.722,28.769,24.586,19.946,15.663,-20.686,-8.797,-29.133,11.576,27.467,26.752,11.205,NA,NA,24.062,24.869,25.351,25.832,4.371,3.604
"1859-02",-33.111,-15.716,-29.394,0.68,-4.569,-5.016,14.393,21.928,24.101,21.802,25.219,24.419,24.114,14.299,25.192,12.702,-2.092,0.675,-6.485,7.828,16.163,25.645,24.139,24.89,23.898,24.126,24.527,25.383,-29.963,-10.98,-16.747,-20.862,2.731,-6.762,-12.065,4.65,16.955,19.866,24.115,29.309,30.253,24.542,23.066,16.059,-26.899,-14.426,-33.314,11.955,27.623,26.868,11.063,NA,NA,23.997,24.781,25.15,26.131,4.363,3.796
"1859-03",-28.989,-14.374,-20.49,2.147,3.436,1.81,17.728,23.455,24.355,21.986,25.498,24.792,24.629,14.103,22.952,10.667,0.578,4.931,-1.824,11.377,18.281,27.102,25.916,26.774,24.753,23.509,23.131,25.082,-19.066,-6.709,-11.331,-13.9,8.18,0.469,-7.478,8.258,20.047,22.999,25.019,29.069,27.648,23.311,19.88,15.127,-35.105,-21.426,-22.006,11.547,27.558,26.917,11.546,NA,NA,24.333,25.54,25.619,26.141,2.931,5.702
"1859-04",-25.092,-5.853,-11.493,7.124,9.793,7.5,20.448,25.305,25.756,22.294,25.924,25.028,24.017,10.949,19.211,7.208,3.858,12.102,7.682,16.078,24.916,29.704,27.037,28.645,24.799,22.589,22.486,24.496,-15.111,4.349,0.861,-5.496,16.413,11.171,0.324,15.248,25.928,28.386,25.767,26.39,22.19,18.871,16.003,12.91,-41.486,-27.022,-18.649,10.471,27.559,26.346,13.074,NA,NA,26.055,26.937,26.732,25.732,0.87,8.947
"1859-05",-13.16,0.619,-5.054,14.703,19.801,15.01,23.87,25.36,26.116,21.593,25.393,23.286,22.581,8.814,16.959,4.415,8.427,15.351,16.75,18.348,29.002,30.082,26.612,27.498,23.878,20.251,20.242,22.799,-2.604,12.051,5.664,2.99,21.804,17.245,6.594,19.778,29.194,31.326,26.296,23.971,16.665,14.913,12.337,10.582,-43.02,-33.798,-7.96,13.157,27.377,25.143,14.346,NA,NA,27.524,28.741,28.156,24.255,-0.142,11.578
"1859-06",-5.155,6.886,3.05,18.269,25.822,20.431,26.656,25.083,26.584,21.301,25.525,23.099,20.995,6.432,13.67,2.531,12.285,19.059,17.407,23.476,32.813,29.105,26.097,27.919,22.989,16.936,17.623,21.156,4.286,16.437,13.098,9.321,25.271,21.145,9.646,22.852,33.091,31.701,26.076,22.749,16.459,14.694,11.484,9.343,-42.913,-26.736,-1.243,15.338,26.976,24.081,17.215,NA,NA,29.24,28.171,27.683,23.683,-2.805,14.002
"1859-07",-2.232,10.526,4.695,23.118,29.55,21.647,27.229,25.317,27.613,21.017,25.168,21.36,19.884,6.431,12.033,1.814,13.493,20.783,20.799,26.653,32.699,27.459,24.931,26.716,21.958,16.544,17.406,20.909,8.858,20.343,16.377,12.293,27.332,22.26,11.848,24.909,33.896,30.544,25.74,18.543,12.624,10.267,9.804,7.06,-46.326,-35.617,-0.551,16.739,26.597,22.925,18.541,NA,NA,28.149,27.245,27.216,22.625,-3.265,14.371
"1859-08",-8.616,11.4,5.869,21.806,26.989,21.523,27.355,25.381,27.667,21.899,26.116,22.501,22.254,7.235,14.812,2.769,12.291,20.13,20.328,26.193,31.052,27.071,25.488,27.073,22.06,17.883,18.415,20.528,7.17,18.83,14.867,11.605,26.428,21.425,11.437,24.836,33.615,29.501,25.508,22.086,14.713,12.8,10.116,7.058,-47.213,-37.912,-1.413,17.72,26.584,22.454,19.536,NA,NA,27.421,27.18,26.968,22.204,-3.935,14.11
"1859-09",-11.783,5.744,3.124,19.604,24.985,19.054,25.476,25.655,27.448,22.707,26.901,24.532,26.103,9.017,18.823,4.353,9.504,14.631,11.335,22.597,29.304,27.547,25.835,26.966,22.726,21.798,20.569,21.895,2.167,10.853,8.704,6.397,21.012,15.483,8.176,20.68,30.083,28.53,25.468,24.055,18.665,15.778,12.125,8.661,-46.092,-34.816,-4.503,16.33,26.777,23.25,19.239,NA,NA,27.682,26.847,26.699,22.093,-2.76,12.523
"1859-10",-16.05,-2.251,-4.865,11.545,15.971,13.257,21.819,24.801,27.013,22.993,27.33,26.917,27.488,9.721,19.529,6.447,4.384,9.491,5.939,18.217,25.85,28.007,26.25,26.307,23.789,24.12,24.114,24.259,-6.806,3.049,-2.983,-1.62,15.92,6.757,0.946,15.445,25.678,26.087,25.529,28.083,24.348,19.779,15.645,9.209,-38.703,-29.514,-9.466,14.618,26.91,23.562,17.279,NA,NA,26.834,26.534,26.398,22.807,-1.454,10.117
"1859-11",-22.24,-11.389,-13.751,1.908,3.863,5.234,16.259,24.224,26.714,22.295,26.333,27.269,25.926,12.112,22.715,9.104,0.648,2.721,-0.589,11.567,19.886,26.45,25.104,24.914,23.681,25.386,26.091,25.495,-18.057,-4.279,-11.972,-13.672,10.176,-0.223,-6.266,8.481,22.418,23.215,25.103,30.768,27.44,23.259,17.58,10.818,-30.703,-18.569,-17.906,12.744,27.259,25.026,14.68,NA,NA,26.785,26.26,26.313,23.828,1.261,6.925
"1859-12",-27.213,-19.117,-20.723,-1.167,1.967,2.282,13.178,23.149,25.296,21.959,25.437,26.226,25.327,13.437,24.67,9.851,-3.653,1.815,-10.164,10.127,15.06,24.145,24.021,24.05,23.325,25.775,25.582,25.551,-27.996,-12.669,-20.791,-22.047,2.555,-7.277,-11.552,4.903,16.728,18.976,24.786,31.932,30.655,25.378,21.144,12.762,-23.003,-9.458,-19.158,10.893,27.456,25.7,12.753,NA,NA,25.264,26.07,26.405,24.673,2.576,4.506
"1860-01",-25.738,-21.127,-25.085,-1.483,-0.367,-1.139,12.836,21.835,24.296,22.094,25.743,25.313,24.693,15.522,24.505,13.569,-6.324,-0.093,-10.962,8.906,13.554,22.71,22.86,23.292,23.29,25.021,24.697,25.472,-31.008,-16.141,-27.308,-25.262,2.601,-10.939,-15.519,0.27,15.088,17.762,24.275,29.996,30.48,25.99,21.639,16.164,-20.602,-8.048,-20.413,6.266,27.535,26.687,12.017,NA,NA,24.199,25.804,26.167,25.77,3.361,3.194
"1860-02",-29.624,-14.042,-25.824,-0.8,0.211,-4.503,13.74,21.525,24.011,22.308,25.894,24.728,24.7,14.386,25.187,11.827,-3.374,0.441,-10.305,8.754,15.585,24.88,24.87,25.613,23.825,24.774,25.304,25.988,-27.71,-13.916,-18.839,-25.883,3.168,-6.087,-11.467,3.775,19.165,20.071,24.307,29.42,30.734,25.227,24.124,14.208,-30.044,-15.439,-18.627,7.098,27.344,26.555,10.951,NA,NA,24.246,26.028,26.317,26.58,3.033,3.739
"1860-03",-29.903,-10.755,-22.361,3.619,5.361,2.998,17.167,23.59,24.749,22.517,26.089,24.739,24.776,14.436,24.606,10.207,-2.179,2.313,-7.42,11.057,21.149,28.695,25.989,26.195,23.971,23.823,23.42,25.718,-21.737,-9.846,-13.468,-14.595,7.364,0.299,-10.386,8.842,20.425,23.156,25.743,29.97,28.715,24.15,20.31,14.158,-37.847,-26.835,-20.019,8.21,27.386,26.252,10.939,NA,NA,24.974,26.268,26.365,26.891,1.736,5.353
"1860-04",-18.967,-3.514,-12.726,9.021,14.221,10.037,19.947,24.463,25.282,22.579,26.321,25.318,24.944,11.655,20.234,7.423,1.94,5.52,0.194,13.485,25.214,29.755,26.824,28.065,24.352,22.712,22.014,24.203,-15.082,1.522,-0.997,-5.262,15.275,12.188,-0.091,14.675,26.253,28.31,26.171,26.317,22.444,20.91,15.515,11.567,-42.569,-29.792,-20.638,10.369,27.511,26.107,11.845,NA,NA,26.71,27.433,27.1,25.793,-0.234,8.626
"1860-05",-11.665,4.4,-3.519,14.652,20.886,14.396,22.52,25.556,26.107,22.013,25.924,23.55,23.219,9.524,17.793,5.5,7.24,14.299,14.613,17.746,29.67,29.579,26.492,27.705,23.714,18.993,19.245,22.783,-3.6,11.866,6.246,2.823,23.173,17.265,5.336,18.307,29.104,31.586,26.501,24.304,18.019,17.156,13.257,9.172,-45.258,-30.206,-9.594,13.045,27.299,24.671,14.804,NA,NA,28.014,28.886,28.024,24.265,-3.061,11.662
"1860-06",-4.417,10.853,3.071,18.301,25.847,19.264,26.611,25.583,27.016,21.194,25.486,22.556,20.95,7.048,13.635,2.975,11.7,18.835,21.237,22.582,32.876,28.466,25.816,26.516,22.115,16.446,17.022,20.669,3.776,17.749,12.521,10.619,26.449,20.584,8.82,21.05,33.653,33.378,26.701,22.55,16.397,13.78,12.154,7.869,-45.954,-33.469,-1.599,14.918,26.901,24.215,17.024,NA,NA,29.954,29.19,28.347,22.536,-2.753,13.769
"1860-07",-2.75,12.361,6.058,21.986,27.866,22.853,26.396,25.275,27.887,21.544,25.888,22.335,21.213,6.599,12.383,2.003,13.979,19.712,23.132,24.471,31.845,27.692,25.089,25.573,21.014,15.418,15.704,18.973,8.112,20.145,16.204,12.731,28.049,23.318,11.653,24.726,33.149,30.134,26.167,21.114,15.398,13.071,11.19,7.111,-42.808,-32.727,-0.432,16.569,26.613,22.782,19.256,NA,NA,28.755,27.934,27.691,21.099,-4.721,14.782
"1860-08",-5.888,10.455,6.485,23.425,27.598,22.117,26.9,25.399,28.06,22.214,26.395,23.349,23.909,8.201,16.409,2.647,11.459,18.76,19.966,25.372,31.355,27.26,25.506,26.177,21.709,17.756,17.681,19.85,7.515,17.778,14.114,12.298,26.711,20.371,11.165,24.069,33.2,29.198,25.896,21.618,14.402,13.239,10.57,7.808,-45.831,-37.099,-1.458,17.349,26.636,22.737,20.013,NA,NA,27.055,27.084,27.032,21.173,-4.403,14.234
"1860-09",-15.119,6.296,3.684,18.515,23.468,19.029,25.162,25.218,27.656,22.75,27.223,24.647,25.945,9.398,18.917,4.828,8.597,14.555,13.718,22.766,28.807,27.243,25.681,26.655,22.891,21.757,21.973,22.415,3.235,12.687,6.975,5.754,21.42,15.131,7.75,19.817,29.963,27.822,25.797,25.957,19.14,17.252,12.206,8.82,-44.087,-37.494,-4.185,16.795,26.689,22.864,19.761,NA,NA,27.062,27.39,27.184,21.89,-3.594,12.593
"1860-10",-21.759,0.266,-2.229,10.046,13.199,11.866,21.128,24.553,27.093,22.644,27.372,27.656,27.323,9.4,21.066,6.191,5.513,10.83,8.719,18.374,25.89,28.033,26.034,26.047,23.884,23.392,23.126,23.568,-2.837,5.469,0.347,-2.106,16.034,7.178,0.079,14.724,26.426,26.318,25.64,27.947,24.459,20.755,15.915,9.791,-37.897,-28.323,-9.918,14.918,26.748,23.297,18.269,NA,NA,26.399,27.006,26.846,22.589,-0.88,10.569
"1860-11",-22.751,-7.819,-8.515,3.725,9.017,8.593,16.899,23.184,25.982,22.067,26.369,26.832,25.434,11.171,21.907,8.657,-1.764,5.426,0.053,13.598,20.696,27.11,25.478,24.825,23.713,24.579,24.803,24.794,-16.492,-2.575,-11.414,-13.233,9.033,-0.845,-6.697,8.474,21.618,23.314,25.557,29.576,27.292,23.2,19.067,11.609,-30.431,-16.474,-16.387,12.418,26.939,24.301,15.771,NA,NA,26.935,26.771,26.839,23.382,1.094,7.622
"1860-12",-28.258,-17.556,-19.221,0.783,3.417,3.573,14.342,22.645,24.996,22.23,26.025,26.53,25.431,13.797,24.43,11.18,-0.742,0.74,-7.856,9.04,15.176,24.838,23.978,24.046,23.682,25.523,25.886,26.134,-24.704,-14.587,-24.451,-23.896,1.938,-12.029,-13.029,1.994,17.32,19.411,24.829,30.247,29.426,25.728,20.625,14.038,-23.975,-8.489,-13.551,10.434,27.24,24.972,13.7,NA,NA,25.397,26.335,26.623,24.839,2.517,4.363
"1861-01",-30.473,-16.41,-27.299,-1.921,0.201,-2.362,12.108,21.449,24.243,22.222,25.565,25.246,24.908,14.587,25.218,11.879,-0.66,0.058,-6.835,7.204,14.723,24.887,24.441,24.09,23.874,25.545,25.681,26.408,-28.945,-12.783,-22.645,-26.57,-1.351,-11.663,-11.933,0.137,14.325,18.84,24.336,31.156,32.513,26.607,23.46,15.699,-19.618,-8.113,-18.663,6.226,27.203,25.743,11.41,NA,NA,23.742,26.023,26.397,26.349,4.341,3.887
"1861-02",-34.814,-18.89,-29.076,0.347,1.905,-1.253,14.221,21.467,23.442,22.225,25.857,25.126,24.881,15.288,25.417,12.742,-2.408,1.18,-8.665,8.331,15.107,25.22,24.068,24.358,23.706,24.448,24.657,26.276,-25.571,-11.919,-18.587,-23.608,1.957,-5.853,-12.532,3.235,15.349,20.894,24.709,29.821,29.597,25.544,22.681,13.776,-27.146,-11.579,-25.196,5.621,27.278,26.876,11.222,NA,NA,23.724,25.776,26.078,26.941,3.522,3.798
"1861-03",-32.741,-13.098,-24.966,2.224,4.117,1.385,16.315,23.266,24.067,22.122,25.776,24.628,24.921,13.885,23.393,10.816,0.987,5.436,-4.291,11.963,18.147,26.922,25.33,25.881,24.534,24.669,23.02,25.396,-19.782,-7.032,-9.185,-14.03,5.627,1.061,-10.913,9.219,18.626,22.799,26.014,28.195,25.558,24.445,18.925,15.114,-37.849,-22.049,-25.67,8.579,27.295,26.903,10.956,NA,NA,24.22,26.604,26.336,27.095,1.964,5.182
"1861-04",-25.873,-4.618,-12.562,7.667,12.775,8.658,20.126,24.859,25.261,21.915,25.844,24.741,24.03,12.288,20.212,9.221,3.59,11.116,5.557,15.373,24.819,30.258,27.049,28.413,24.83,22.958,22.728,24.77,-12.642,4.988,1.742,-5.266,16.907,12.062,-0.83,16.441,25.889,28.747,26.247,27.333,24.292,20.709,16.225,12.582,-44.594,-26.66,-19.907,9.647,26.991,26.59,12.178,NA,NA,26.263,27.795,27.484,25.971,-0.241,9.052
"1861-05",-14.484,4.236,-1.419,15.883,21.133,15.106,22.289,24.821,25.992,21.242,25.307,23.297,22.167,9.29,16.829,5.524,7.821,16.138,15.167,18.901,29.23,30.232,27.02,28.469,23.859,18.53,19.635,22.427,-3.611,12.22,6.109,2.54,22.713,15.981,6.079,19.244,30.931,32.01,26.615,24.567,20.011,16.609,13.567,10.33,-44.971,-30.979,-6.607,12.727,26.941,25.45,14.031,NA,NA,28.43,28.617,27.972,24.486,-1.096,11.863
"1861-06",-5.031,9.943,5.696,19.403,25.937,21.108,25.325,25.318,27.113,20.86,25.116,22.567,21.187,7.231,13.797,2.414,12.718,18.087,17.975,22.782,32.487,29.118,25.736,27.067,21.649,15.889,15.978,19.995,2.994,19.161,13.852,8.907,27.458,20.141,8.626,22.516,33.489,31.97,26.214,20.891,14.751,13.327,10.647,8.32,-43.929,-32.461,-1.65,14.378,26.474,24.65,16.04,NA,NA,29.536,28.136,27.816,22.732,-3.444,13.894
"1861-07",-6.581,12.858,8.048,23.695,29.281,24.257,26.619,24.824,27.52,20.722,25.167,22.084,20.417,4.571,11.127,0.947,15.134,20.721,19.688,25.659,31.187,27.288,24.754,26.047,20.759,16.013,15.935,19.336,7.524,20.631,16.634,11.177,27.811,23.259,11.691,25.016,33.085,29.922,25.866,19.567,12.637,11.587,9.626,6.843,-45.641,-32.899,0.202,16.081,26.286,23.869,18.949,NA,NA,28.02,27.627,27.511,21.464,-4.018,14.415
"1861-08",-5.132,10.639,7.941,23.143,29.346,22.358,25.876,25.147,27.597,21.015,25.61,21.938,21.91,7.525,14.945,1.968,14.693,20.336,19.702,26.367,31.469,26.333,24.24,24.796,20.924,17.37,17.199,19.402,6.63,16.681,14.083,12.877,26.954,20.986,11.269,25.237,33.154,28.268,25.973,22.933,15.328,14.602,10.402,7.391,-48.327,-32.091,-0.298,16.498,25.967,23.321,19.91,NA,NA,27.091,27.215,27.138,20.853,-4.937,14.113
"1861-09",-12.916,5.574,3.73,16.882,22.542,20.319,24.44,24.485,27.231,22.023,26.74,23.556,25.171,8.198,16.983,4.901,11.797,15.412,9.993,22.639,28.287,27.075,25.334,26.24,22.156,21.237,19.527,20.727,1.11,7.952,5.644,5.797,19.606,14.812,9.146,21.715,30.248,28.163,26.043,25.939,18.9,16.186,12.256,8.328,-43.899,-32.346,-0.745,16.051,25.946,23.555,19.752,NA,NA,27.245,27.107,27.03,21.034,-3.198,12.234
"1861-10",-15.42,0.765,-2.866,11.305,13.751,12.041,20.678,24.23,27.143,21.932,26.63,25.702,25.357,9.932,20.289,7.687,5.797,10.018,7.553,17.848,26.033,27.774,25.906,26.135,23.411,24.213,23.298,22.879,-6.858,1.385,-3.805,-3.593,13.42,5.214,3.266,13.523,24.874,25.561,25.829,28.502,22.863,19.44,14.907,9.772,-39.669,-28.115,-3.989,14.676,26.151,23.943,18.818,NA,NA,26.359,26.817,26.635,21.875,-1.805,9.8
"1861-11",-19.561,-6.869,-9.024,4.749,6.41,7.623,16.171,22.989,26.047,21.913,25.988,25.688,24.723,11.685,22.127,7.911,-0.608,3.426,-0.188,13.005,19.973,26.59,25.439,25.502,24.075,23.395,22.794,24.207,-19.972,-4.982,-14.8,-14.386,9.183,-1.526,-4.033,8.114,20.079,21.667,24.956,30.208,27.02,22.328,18.035,12.519,-30.934,-16.891,-13.767,13.169,26.342,25.181,16.062,NA,NA,25.059,26.311,26.541,23.276,1.032,6.995
"1861-12",-24.273,-15.491,-21.107,3.236,1.045,-1.313,14.764,21.64,24.403,21.308,25.193,25.176,23.91,13.165,23.728,10.759,-4.514,-0.392,-8.893,9.419,16.601,25.565,24.768,24.557,23.741,24.216,23.869,25.051,-24.795,-14.325,-24.371,-21.692,3.399,-9.302,-11.319,1.752,18.513,18.721,24.149,30.008,29.451,24.686,20.375,14.867,-22.046,-9.802,-17.062,11.225,26.767,25.521,14.432,NA,NA,24.402,25.82,26.208,24.98,3.232,4.436
"1862-01",-27.563,-17.837,-24.423,0.303,0.416,-1.824,13.385,22.003,24.642,21.234,24.694,25.352,24.362,13.988,25.008,11.32,-5.096,-4.386,-13.445,7.471,14.563,23.416,23.119,23.845,23.298,23.857,24.123,25.626,-33.821,-19.24,-25.91,-26.227,-0.262,-11.896,-14.12,-0.44,15.722,17.493,23.947,29.2,29.745,25.981,21.334,15.24,-19.287,-7.208,-23.292,4.924,27.018,26.653,11.891,NA,NA,23.855,25.783,26.024,25.676,4.041,3.001
"1862-02",-29.271,-24.253,-24.163,0.861,4.649,3.46,15.41,22.517,24.631,21.055,24.388,24.818,23.719,13.755,25.259,11.114,-3.124,1.407,-7.617,9.057,14.747,23.968,23.339,24.01,23.36,23.907,24.389,25.625,-32.174,-11.891,-21.204,-20.916,3.724,-5.292,-11.908,3.688,14.83,19.027,24.574,28.587,28.285,24.016,22.16,14.118,-26.919,-13.826,-23.163,4.287,27.01,27.255,10.743,NA,NA,22.422,25.603,26.03,25.787,3.575,3.566
"1862-03",-30.23,-13.075,-23.187,3.982,6.76,2.368,18.236,23.371,24.947,21.48,24.944,24.633,24.215,12.92,24.314,8.739,-1.11,3.926,-3.255,12.512,19.632,27.479,25.747,26.485,24.158,23.815,23.481,25.07,-20.758,-5.925,-10.765,-15.736,10.518,1.688,-6.067,7.738,20.452,23.804,24.927,28.647,27.408,23.939,19.793,14.226,-37.909,-20.515,-21.249,8.068,27.041,26.994,11.082,NA,NA,23.726,26.324,26.406,25.605,1.341,5.663
"1862-04",-19.406,-6.966,-13.104,6.109,9.076,6.905,19.88,24.609,25.854,21.486,25.3,24.481,23.902,11.227,19.574,7.129,-0.195,8.232,7.098,15.571,26.103,29.429,26.216,27.145,23.858,21.751,21.37,24.268,-14.853,4.571,-1.498,-5.247,18.219,12.016,0.842,15.979,25.689,28.644,25.864,27.597,21.779,20.344,15.077,11.943,-42.844,-29.382,-21.495,9.824,26.897,26.269,12.715,NA,NA,26.039,27.446,27.125,25.578,0.58,8.542
"1862-05",-11.166,4.156,-0.926,12.836,18.432,14.243,22.356,25.043,26.035,21.439,25.228,23.599,22.42,8.974,15.984,4.531,5.813,15.186,14.283,19.404,29.244,29.236,25.89,26.361,22.771,19.193,18.781,22.025,-3.741,8.136,5.588,1.802,20.99,15.311,4.477,18.792,29.139,31.435,26.144,23.332,17.33,15.253,12.925,10.053,-43.777,-27.209,-7.748,12.405,27.061,25.588,13.654,NA,NA,27.574,28.314,27.861,24.216,-1.964,11.365
"1862-06",-4.911,8.542,3.466,17.605,23.46,19.313,24.559,25.05,27.169,20.344,24.471,21.697,19.237,6.345,12.578,2.67,10.026,16.961,17.954,23.329,31.338,27.5,25.253,26.534,22.322,16.941,17.737,20.967,5.114,16.744,11.954,8.182,27.759,20.901,7.98,21.658,33.191,32.086,26.146,20.166,13.62,13.002,11.151,9.57,-43.835,-31.504,-1.694,14.126,27.148,24.586,15.833,NA,NA,29.004,28.3,27.707,23.276,-2.473,13.311
"1862-07",-3.444,9.34,7.448,21.271,29.461,23.061,26.175,25.04,27.96,21.069,25.077,21.627,20.59,5.36,13.216,0.57,14.052,19.501,19.783,25.981,32,27.538,25.175,26.334,21.107,15.803,16.306,19.975,8.725,19.272,15.511,9.91,27.076,22.102,11.125,24.461,33.738,29.921,25.944,19.199,13.324,11.18,10.39,7.631,-46.231,-29.522,-0.175,15.307,26.996,23.554,17.95,NA,NA,27.862,27.006,26.892,22.051,-3.558,14.265
"1862-08",-5.468,8.766,7.219,20.585,27.635,22.581,27.051,25.051,27.937,21.571,25.755,22.431,22.421,7.728,15.456,2.645,11.368,18.344,17.512,26,30.684,26.714,24.791,25.717,21.099,18.469,18.424,20.547,5.174,16.155,12.98,10.21,26.652,20.742,10.789,23.965,33.199,28.554,25.75,21.137,14.441,12.968,10.645,8.149,-47.509,-33.347,-1.199,16.285,26.933,23.274,19.748,NA,NA,27.223,26.94,26.789,21.818,-3.619,13.693
"1862-09",-13.957,4.344,4.238,15.016,24.483,21.768,25.008,24.804,27.281,22.553,26.869,24.473,26.129,9.531,19.209,4.884,10.059,16.159,12.324,22.83,29.226,27.235,25.534,26.654,22.442,20.277,20.067,21.649,0.571,10.104,6.098,5.837,19.158,14.213,8.66,19.812,29.134,28.513,25.741,25.493,19.669,17.117,13.121,8.976,-47.566,-35.52,-5.349,15.444,26.925,23.084,19.168,NA,NA,26.949,26.955,26.764,21.881,-3.651,12.09
"1862-10",-16.773,-0.996,-4.463,9.481,13.971,12.772,21.703,24.401,27.018,22.417,26.769,26.745,26.961,9.981,20.937,5.962,4.553,9.659,4.09,18,26.345,27.587,25.575,25.949,23.339,23.172,24.563,23.859,-9.23,2.455,-1.203,-1.748,15.756,7.837,1.97,14.556,25.506,26.526,25.351,27.577,23.569,19.668,15.439,9.402,-40.329,-28.7,-12.654,14.592,26.961,23.663,16.945,NA,NA,26.473,26.714,26.412,22.403,-1.377,9.856
"1862-11",-26.278,-10.855,-12.479,3.934,8.462,9.686,17.078,23.717,25.929,22.037,26.043,26.657,25.922,12.634,22.987,10.004,2.013,4.149,-2.398,11.854,19.201,26.268,24.849,24.963,23.101,24.844,25.178,24.962,-22.275,-5.843,-12.019,-16.252,8.768,-0.423,-5.766,8.773,20.885,22.525,24.953,30.714,27.251,23.614,17.274,11.784,-27.753,-17.348,-19.915,11.468,27.221,24.92,14.612,NA,NA,26.448,26.4,26.545,23.78,1.139,7.011
"1862-12",-25.675,-21.925,-22.836,-1.13,1.043,2.279,13.254,22.475,24.784,21.689,25.375,26.652,25.422,13.895,23.729,12.347,-0.896,1.939,-6.743,9.393,15.116,25.054,24.251,24.631,23.437,24.642,24.435,25.3,-29.567,-17.018,-25.702,-24.613,2.239,-8.623,-9.574,4.108,17.515,19.859,24.932,31.369,28.79,23.77,20.859,14.137,-21.788,-9.728,-21.91,7.431,27.342,26.079,12.805,NA,NA,24.988,26.196,26.347,25.446,2.661,4.059
"1863-01",-33.115,-13.045,-30.875,-7.221,-4.992,-4.616,10.216,22.091,24.384,21.916,25.314,26.258,24.968,15.934,25.408,13.723,-1.93,0.395,-7.763,7.284,14.652,24.903,23.969,23.939,23.676,24.968,24.059,25.755,-31.201,-14.422,-22.782,-27.834,-0.346,-11.149,-11.283,1.068,13.56,19.138,24.173,31.128,32.045,26.982,22.933,14.172,-21.242,-9.004,-28.065,7.963,27.456,26.651,11.434,NA,NA,23.656,25.698,26.111,26.226,3.943,3.306
"1863-02",-30.731,-18.624,-31.914,-4.997,-4.761,-4.047,12.881,22.037,24.282,22.075,25.495,24.896,25.068,15.323,25.22,11.813,-3.811,0.655,-9.471,8.785,15.905,25.786,24.708,24.889,24.198,24.588,24.515,25.596,-29.782,-14.614,-21.118,-19.417,0.867,-10.292,-13.594,2.664,15.691,18.959,24.804,30.511,30.17,24.782,21.374,14,-28.524,-14.984,-21.328,9.043,27.226,27.177,10.355,NA,NA,22.953,25.61,25.867,26.604,3.777,2.954
"1863-03",-26.356,-12.882,-23.672,-0.443,-1.028,-0.928,15.811,23.575,24.679,22.188,25.8,25.219,24.844,13.875,23.171,11.346,-1.817,1.423,-7.256,10.71,21.117,28.387,26.246,27.274,24.826,24.359,24.353,25.491,-23.661,-10.589,-14.48,-16.814,7.915,1.44,-7.445,8.909,21.405,24.741,25.571,28.931,26.742,22.248,18.74,14.247,-38.513,-22.436,-17.989,10.627,27.221,27.52,10.921,NA,NA,24.528,26.558,26.656,26.539,2.473,4.934
"1863-04",-25.878,-6.69,-10.838,7.249,13.806,11.455,19.3,24.484,24.967,22.114,25.822,24.846,24.521,11.98,19.922,8.288,4.098,9.456,5.128,14.227,23.491,29.624,26.918,28.605,24.939,22.841,22.492,24.552,-11.878,2.382,-0.827,-6.373,13.619,9.867,-1.067,13.748,25.147,28.108,26.357,26.716,22.872,20.532,15.893,12.28,-41.93,-27.418,-16.665,8.929,27.112,26.796,13.04,NA,NA,26.582,27.883,27.463,25.798,0.136,8.624
"1863-05",-12,1.574,-3.836,12.432,19.109,15.555,21.969,25.347,25.986,21.4,25.448,24.165,22.979,9.889,16.954,6.003,8.316,17.04,17.262,19.352,29.57,29.99,26.026,27.128,23.522,19.306,19.516,22.181,-3.9,10.887,6.28,2.061,21.743,17.282,5.14,19.223,29.736,31.281,26.501,23.562,17.483,15.712,12.561,10.352,-43.417,-30.428,-7.534,12.736,27.069,25.481,13.196,NA,NA,27.952,28.935,28.249,24.659,-1.3,11.647
"1863-06",-5.121,8.811,3.13,18.038,24.283,17.835,24.729,24.793,27.417,20.744,25.039,22.82,21.459,6.869,14.633,2.885,11.441,18.88,17.651,23.05,32.135,29.228,25.724,27.233,22.451,16.509,17.455,20.485,3.315,14.919,12.594,9.683,25.605,20.171,9.423,22.211,33.115,32.165,26.155,21.21,14.257,13.063,10.908,7.371,-43.133,-31.918,-1.318,14.87,26.88,24.299,16.101,NA,NA,29.681,28.607,27.971,23.302,-2.469,13.553
"1863-07",-3.459,10.831,6.319,22.63,27.733,21.49,27.529,25.055,28.099,20.187,24.57,21.34,19.877,7.067,13.883,1.469,12.03,19.817,20.663,26.342,31.977,27.426,24.563,25.904,21.382,15.495,16.312,20.406,7.252,20.078,16.415,13.594,28.136,23.229,10.769,24.59,34.058,29.362,25.935,21.035,14.415,11.923,10.546,7.438,-46.073,-36.296,-0.645,16.454,26.503,23.934,18.59,NA,NA,28.333,27.489,27.445,22.295,-2.327,14.277
"1863-08",-6.267,10.32,8.686,22.595,27.856,23.609,26.055,24.882,27.611,21.342,25.704,21.863,22.994,6.796,15.073,2.627,13.571,19.386,20.862,25.885,30.698,26.357,24.31,25.573,21.806,17.368,17.831,20.114,4.041,15.691,10.703,9.109,27.256,21.875,11.3,25.389,32.969,27.993,25.872,23.299,17.379,14.173,11.779,7.489,-45.25,-34.582,0.089,16.661,26.243,23.261,20.007,NA,NA,27.786,27.099,27.188,21.696,-4.412,14.063
"1863-09",-11.872,4.872,4.204,18.339,25.002,20.956,24.795,24.754,26.933,22.451,27.217,23.782,26.07,7.753,17.26,4.174,9.286,13.94,13.423,21.887,28.166,27.209,25.585,26.679,22.975,21.451,21.637,21.652,0.555,10.431,4.909,3.969,20.803,14.815,8.791,21.521,29.775,28.12,26.071,26.704,19.066,17.57,12.447,9.24,-44.376,-34.755,-1.672,16.296,26.233,23.799,19.655,NA,NA,27.337,27.164,27.094,21.921,-3.864,12.366
"1863-10",-19.362,1.137,-0.964,11.633,16.225,13.27,21.714,24.187,26.582,22.044,26.587,26.446,26.484,10.357,20.274,7.384,4.652,9.769,6.824,17.594,24.201,27.544,25.788,26.012,23.527,23.76,24.516,24.048,-8.55,5.389,-0.283,-2.744,14.81,7.982,3.401,14.798,24.667,26.417,25.72,28.596,23.165,19.426,15.096,10.539,-38.503,-27.292,-11.876,14.413,26.435,24.389,17.527,NA,NA,26.863,26.971,26.9,22.627,-1.002,10.271
"1863-11",-26.711,-9.909,-11.648,2.227,9.623,11.057,17.113,23.573,25.605,21.615,26.223,26.989,25.671,12.182,23.287,8.498,2.599,3.412,-1.391,12.241,18.747,26.244,24.86,24.775,23.891,24.153,24.451,25.106,-20.184,-4.005,-12.118,-16.107,8.159,-0.982,-4.552,8.506,21.355,22.004,24.84,29.774,26.792,21.889,17.612,11.604,-30.646,-17.423,-7.889,12.212,26.473,24.894,15.205,NA,NA,26.282,26.289,26.496,24.225,0.753,6.906
"1863-12",-26.292,-17.142,-21.046,-3.33,0.494,1.33,13.387,22.319,24.727,21.332,25.129,25.546,24.738,12.83,23.878,10.058,-3.477,-2.252,-8.252,8.875,15.671,24.533,23.775,23.819,23.298,24.678,24.059,25.138,-28.931,-13.921,-23.721,-23.472,1.541,-9.465,-12.211,2.8,16.287,18.144,24.471,30.874,28.955,24.19,20.538,14.614,-21.487,-10.017,-12.571,9.912,26.721,25.704,13.385,NA,NA,24.877,25.882,26.176,25.696,2.756,3.964
"1864-01",-23.93,-19.528,-28.136,-2.502,-1.573,-3.895,13.352,21.785,24.141,21.204,24.815,25.196,24.187,15.107,24.889,13.526,-7.798,-1.97,-5.939,8.653,15.555,24.118,23.711,23.313,23.248,24.562,24.231,25.515,-30.597,-13.843,-22.849,-25.375,2.752,-12.356,-14.548,-0.553,14.711,17.594,23.278,30.058,29.86,25.45,21.843,16.45,-20.846,-8.118,-21.456,5.543,26.964,26.679,11.192,NA,NA,23.301,25.036,25.581,25.995,4.074,3.335
"1864-02",-28.013,-16.652,-27.618,1.274,-0.081,-4.979,14.591,21.794,24.055,21.238,24.771,24.69,24.392,14.593,26.351,11.158,-5.102,-2.741,-12.071,8.315,16.795,26.122,24.187,24.447,23.156,24.019,23.747,25.489,-25.928,-14.48,-21.98,-23.335,5.048,-8.033,-14.097,1.341,17.453,19.19,23.646,28.323,28.061,23.746,21.827,14.578,-27.978,-14.455,-14.632,8.439,26.671,26.968,11.572,NA,NA,23.922,25.073,25.522,26.38,3.892,3.334
"1864-03",-25.084,-16.903,-22.136,5.11,8.211,4.261,17.864,22.669,23.865,21.318,24.961,24.715,24.51,13.415,23.261,9.818,-4.189,1.942,-7.036,12.58,20.93,28.022,26.289,26.565,24.584,23.5,23.691,24.888,-25.553,-11.786,-15.444,-14.921,6.552,-1.526,-9.248,6.977,20.724,22.061,25.323,27.981,28.196,23.614,20.929,14.961,-36.75,-23.8,-24.047,7.947,26.799,26.823,10.977,NA,NA,23.708,25.953,26.051,26.022,1.982,4.942
"1864-04",-19.396,-5.481,-11.532,7.328,14.063,11.421,18.985,25.151,25.181,21.713,25.466,24.692,24.287,11.945,20.677,7.661,3.406,8.15,2.988,14.432,25.499,29.571,26.478,27.689,24.22,22.59,21.93,23.944,-14.834,-1.017,-4.372,-6.627,16.26,8.454,0.003,14.071,25.583,28.748,26.071,26.959,21.924,19.849,15.248,12.308,-43.563,-30.515,-15.947,10.274,27.244,26.547,12.089,NA,NA,25.948,27.077,26.776,25.173,-0.289,8.312
"1864-05",-8.67,3.74,0.802,12.799,21.528,17.358,22.767,25.537,26.099,21.575,25.351,23.278,23.074,8.248,17.068,3.199,6.658,15.515,13.354,19.295,29.359,29.395,26.343,27.672,23.616,19.572,19.412,22.623,-4.73,9.629,5.721,-0.027,23.13,15.927,5.316,19.449,29.973,31.817,26.335,23.466,17.793,16.362,13.357,9.997,-44.005,-28.44,-7.951,12.135,27.287,25.582,14.418,NA,NA,27.725,28.824,28.106,23.976,-2.936,11.81
"1864-06",-4.169,9.47,4.694,18.274,25.64,19.986,26.393,25.43,27.361,21.191,25.25,22.123,21.355,5.82,12.928,1.21,11.017,19.441,18.897,23.434,32.829,28.645,25.705,27.312,21.919,15.994,16.23,20.754,2.809,14.06,11.455,8.108,26.623,20.328,8.83,22.682,33.464,32.373,26.12,20.376,14.21,12.546,11.251,8.319,-47.189,-35.047,-1.19,13.992,27.167,24.445,16.604,NA,NA,29.645,29.088,28.331,22.638,-3.368,13.296
"1864-07",-2.058,8.934,9.035,22.677,29.089,23.849,27.213,25.511,27.885,20.985,25.313,21.954,21.052,6.261,14.176,0.99,15.047,19.991,18.643,25.997,32.788,27.811,24.924,25.873,20.943,15.821,16.688,19.502,8.33,16.938,17.044,12.796,29.079,23.805,10.825,24.735,33.667,29.698,26.105,21.793,14.693,12.111,10.903,8.211,-43.089,-31.717,0.146,15.228,27.039,23.453,19.008,NA,NA,27.989,27.895,27.585,21.398,-3.489,14.872
"1864-08",-6.789,9.755,6.299,22.605,26.879,22.327,26.467,25.487,28.183,21.844,26.149,22.991,23.906,7.152,15.481,1.663,12.766,19.831,17.473,26.38,31.686,26.841,24.971,26.053,21.514,17.629,17.89,19.71,7.425,16.33,13.224,10.962,27.456,21.823,10.642,24.93,33.886,28.207,25.754,22.346,15.779,13.508,11.393,8.281,-43.969,-32.328,-0.133,16.419,26.615,23.083,20.202,NA,NA,26.762,27.517,27.29,21.113,-3.045,14.362
"1864-09",-13.065,3.78,4.239,17.303,24.228,20.868,25.302,25.362,28.092,22.788,27.258,24.579,26.532,8.416,17.873,4.824,9.97,14.776,12.677,23.173,29.782,27.396,25.38,26.52,22.403,20.984,20.364,20.768,1.654,12.063,8.297,6.38,21.791,15.811,8.569,21.063,30.883,27.719,25.741,24.685,19.393,16.471,12.9,9.468,-45.909,-31.883,-2.118,15.295,26.708,23.091,19.723,NA,NA,27.164,27.447,27.116,20.799,-3.859,12.634
"1864-10",-19.069,-2.204,-5.579,10.739,14.028,13.178,22.574,24.931,27.083,22.797,27.469,27.106,28.342,9.546,20.715,5.837,3.583,7.821,6.379,18.082,26.145,27.697,25.839,26.544,23.474,24.228,23.081,22.915,-5.959,4.73,-1.509,-2.39,16.259,7.284,2.205,14.501,26.249,26.059,25.599,27.845,23.36,19.988,15.59,8.773,-38.734,-29.066,-4.958,14.494,26.928,23.985,17.212,NA,NA,26.743,26.843,26.777,21.866,-1.68,10.097
"1864-11",-26.828,-7.17,-12.311,6.916,8.917,9.663,16.899,23.586,26.451,22.586,26.846,26.994,26.577,12.767,23.436,9.32,1.788,1.919,-3.994,11.838,19.686,26.553,25.005,25.009,23.597,25.755,25.953,25.128,-17.192,-6.416,-12.213,-14.772,7.105,-1.259,-4.381,8.869,20.785,22.779,25.213,29.635,27.868,23.725,18.562,11.757,-31.569,-19.201,-7.31,11.807,27.239,24.577,15.468,NA,NA,26.346,26.604,26.738,23.458,0.335,7.09
"1864-12",-29.955,-13.369,-17.741,-0.552,3.607,3.486,14.793,23.322,24.622,22.011,25.633,26.269,25.316,13.825,24.96,12.003,-4.36,0.389,-10.065,10.196,15.032,23.42,23.669,24.011,23.493,24.705,25.383,25.707,-28.511,-15.095,-23.791,-26.909,4.593,-7.868,-13.551,3.224,17.29,18.689,24.832,31.51,30.038,25.954,20.62,15.188,-23.11,-11.072,-12.218,7.277,27.352,25.796,14.691,NA,NA,24.993,26.478,26.806,25.143,2.198,4.44
"1865-01",-25.423,-17.901,-22.117,-2.41,-1.546,-1.594,12.467,22.106,24.898,22.251,25.532,25.263,24.979,15.493,23.894,13.149,-4.075,-1.225,-13.934,7.345,13.879,23.561,23.241,23.526,23.11,24.084,24.593,26.047,-27.573,-15.095,-22.7,-25.274,0.897,-9.44,-14.016,1.173,14.414,18.059,24.198,31.26,30.959,26.091,21.358,17.454,-20.949,-9.113,-19.484,6.543,27.554,26.537,11.823,NA,NA,24.038,25.964,26.399,26.389,3.696,3.588
"1865-02",-25.61,-18.417,-25.234,-2.992,0.2,1.168,13.151,22.811,24.508,22.199,25.742,25.987,25.362,14.547,24.781,12.304,-4.744,-3.255,-14.107,7.553,17.074,26.261,24.038,24.067,23.767,24.437,24.239,25.628,-28.163,-17.102,-22.653,-25.377,1.773,-9.91,-15.281,1.703,15.2,19.001,24.585,30.663,32.394,26.003,23.913,16.059,-28.346,-14.176,-17.381,6.126,27.302,26.575,11.8,NA,NA,23.765,26.39,26.436,26.739,3.268,3.244
"1865-03",-23.471,-11.78,-23.588,3.735,5.529,3.58,15.95,23.139,24.64,22.89,26.992,25.109,25.253,13.926,23.419,11.587,-0.348,2.039,-6.592,10.89,20.931,28.439,26.592,27.473,24.901,24.594,23.724,25.306,-24.834,-10.104,-12.688,-16.247,7.377,2.073,-6.405,8.582,21.527,24.669,25.504,28.757,27.53,24.88,19.911,14.892,-36.602,-21.601,-21.687,4.49,27.409,26.782,12.806,NA,NA,25.145,26.927,26.843,26.386,1.508,5.675
"1865-04",-17.308,-5.236,-12.227,10.658,13.847,10.171,19.97,25.106,25.909,22.773,26.424,24.759,25.007,10.792,20.254,6.886,1.257,6.159,2.452,13.674,25.522,30.427,27.402,27.635,24.452,22.549,22.415,24.721,-14.046,3.194,-1.726,-7.092,15.205,10.823,-0.432,13.65,25.002,27.758,26.488,27.403,23.129,20.568,16.15,11.568,-42.111,-29.105,-18.722,8.9,27.383,26.315,12.293,NA,NA,26.874,28.243,27.332,25.928,-0.005,8.726
"1865-05",-12.19,2.081,-0.967,13.956,20.165,15.683,23.225,26.36,27.06,22.086,25.966,24.555,23.867,8.28,16.465,4.16,7.33,15.648,14.72,19.127,29.751,30.531,27.012,27.046,23.545,19.69,19.862,22.992,-4.032,10.392,5.758,1.156,21.418,15.949,4.01,19.293,29.288,31.262,26.623,23.295,18.317,15.698,13.024,9.388,-46.24,-30.486,-7.396,12.015,27.296,25.542,13.999,NA,NA,28.114,29.292,28.222,24.599,-2.429,11.519
"1865-06",-5.459,10.059,3.103,20.544,24.755,19.439,26.142,25.492,27.667,21.518,25.752,22.898,22.295,6.189,13.371,1.266,12.136,18.093,19.637,22.894,32.441,29.133,25.92,27.341,21.321,15.225,15.067,19.504,2.487,14.808,10.299,8.252,26.761,19.762,8.072,22.492,33.25,31.928,26.323,23.03,16.794,15.54,12.03,8.76,-45.119,-30.08,-0.804,13.869,26.744,24.198,16.838,NA,NA,30.006,28.584,27.972,22.728,-3.349,13.555
"1865-07",-1.849,11.059,5.714,21.115,27.818,22.102,26.913,25.342,28.01,21.08,25.661,22.523,20.75,5.648,11.914,0.952,12.437,18.024,20.594,26.256,31.909,27.608,25.192,26.139,20.608,15.425,15.585,19.196,7.829,18.696,15.353,11.482,28.088,22.526,11.009,25.272,33.936,29.461,26.062,21.305,13.5,11.387,10.09,7.367,-45.048,-29.802,-0.324,15.762,26.516,23.275,18.823,NA,NA,27.761,27.801,27.63,21.705,-4.278,14.342
"1865-08",-6.996,9.197,7.34,21.446,28.266,23.297,27.043,25.075,28.122,21.686,26.365,23.325,23.104,5.811,13.619,1.242,12.152,19.357,19.725,26.136,31.244,27.037,25.295,26.218,21.304,16.744,16.587,19.28,7.092,18.194,14.074,10.417,26.907,20.542,10.106,24.373,33.978,28.059,26.034,23.274,15.678,12.997,10.77,6.91,-42.796,-33.315,-1.057,16.148,26.507,23.166,20.07,NA,NA,27.115,27.165,26.933,21.009,-3.397,14.359
"1865-09",-10.928,3.05,3.33,16.425,23.395,20.94,24.724,25.081,27.84,22.246,27.138,24.827,25.296,8.246,15.984,3.823,9.862,14.161,12.308,22.554,29.327,27.621,25.915,26.586,22.378,20.662,19.762,20.897,3.088,12.423,9.378,7.689,21.952,15.396,7.521,20.591,29.991,28.456,26.06,25.212,19.19,16.944,13.137,8.834,-44.902,-33.704,-2.871,15.577,26.355,23.494,19.136,NA,NA,27.009,27.171,26.969,21.52,-3.3,12.57
"1865-10",-18.832,-2.646,-4.237,13.507,18.036,14.359,22.418,24.024,27.1,22.183,26.958,26.269,26.096,10.184,19.341,7.287,7.576,11.102,6.213,17.884,26.066,28.281,26.513,26.281,23.638,23.67,23.252,23.589,-6.136,1.883,-1.967,-2.341,13.831,6.873,2.879,15.453,25.372,26.676,25.739,28,21.197,19.282,13.803,9.629,-38.846,-27.75,-9.106,13.736,26.593,24.051,17.365,NA,NA,25.745,26.878,26.458,22.441,-0.552,10.114
"1865-11",-23.722,-8.05,-8.491,4.379,9.41,7.798,16.732,23.224,25.856,21.839,26.145,26.426,26.615,11.475,22.449,8.072,1.958,5.837,2.653,12.506,19.973,26.703,25.71,25.334,23.588,25.208,25.708,25.988,-18.029,-3.894,-13.269,-15.803,8.934,-2.038,-5.339,8.067,21.142,22.727,25.011,29.434,26.129,22.563,18.249,11.456,-30.53,-18.08,-16.182,11.377,26.798,24.442,15.458,NA,NA,25.356,26.533,26.493,24.08,0.884,7.353
"1865-12",-29.296,-13.373,-21.355,-4.768,-0.365,1.009,13.002,22.519,24.814,21.387,25.4,26.704,26.083,12.28,24.047,9.022,-2.953,2.117,-4.152,10.156,16.058,24.446,24.387,24.218,23.511,24.827,25.139,25.578,-28.286,-10.431,-20.754,-23.431,2.565,-8.244,-9.57,3.026,16.762,19.211,24.626,30.615,29.777,23.508,21.552,14.018,-23.39,-10.409,-22.473,11.411,26.966,25.566,13.064,NA,NA,24.525,26.244,26.393,24.844,2.892,4.57
"1866-01",-29.198,-13.851,-21.579,-2.809,-1.02,-2.652,12.122,20.873,23.766,21.644,25.155,25.3,25.007,13.855,24.508,12.317,-4.186,-0.259,-6.57,8.694,15.216,24.663,24.413,24.148,23.182,24.781,25.576,26.425,-30.006,-11.119,-23.101,-30.11,3.128,-9.472,-13.241,0.436,15.617,17.467,23.491,30.145,30.145,25.113,22.321,15.428,-20.156,-7.283,-16.14,6.026,27.003,26.498,11.933,NA,NA,23.535,25.301,25.886,25.598,4.349,4.046
"1866-02",-29.314,-21.976,-27.745,-3.153,1.873,2.052,14.473,22.591,24.222,21.468,24.861,25.378,24.853,15.113,25.585,12.044,0.331,2.163,-8.351,8.176,15.281,25.916,24.676,24.875,23.611,24.084,24.422,25.457,-28.966,-16.693,-22.247,-23.394,1.219,-5.066,-11.802,5.236,15.234,19.366,24.68,28.668,29.008,25.062,23.09,16.673,-29.525,-14.562,-13.112,7.426,27.079,26.853,10.612,NA,NA,23.198,25.309,25.648,25.393,3.25,3.331
"1866-03",-29.668,-16.77,-23.375,-0.209,2.319,0.898,16.449,22.855,24.055,21.918,25.536,25.529,25.212,14.231,23.262,11.593,1.451,5.02,-2.789,11.388,20.567,28.886,26.957,27.61,24.841,24.253,23.77,25.424,-21.36,-8.738,-14.939,-17.559,9.075,1.528,-8.242,8.705,21.602,23.685,25.919,28.799,24.983,24.692,17.978,15.752,-37.263,-22.809,-20.245,8.132,27.153,26.682,11.333,NA,NA,25.023,26.272,26.38,25.28,2.531,5.233
"1866-04",-21.868,-7.176,-10.469,7.764,14.733,10.495,20.081,24.374,24.917,21.827,25.471,25.278,24.828,11.402,20.168,7.173,3.447,9.245,5.728,14.62,25.185,29.953,26.447,27.342,24.013,22.21,21.235,24.4,-16.749,2.5,-5.36,-8.429,14.8,7.961,-2.105,13.517,24.706,27.403,26.58,26.492,21.633,20.284,16.138,12.511,-43.875,-29.657,-19.437,7.783,26.813,26.256,13.45,NA,NA,26.504,27.617,27.291,25.323,0.392,8.108
"1866-05",-14.594,2.405,-1.404,13.426,20.769,16.935,23.161,25.141,25.739,21.325,25.308,23.57,22.85,7.867,15.574,4.628,9.003,15.61,14.587,17.951,29.118,28.53,25.917,27.345,23.625,18.528,19.032,22.556,-3.33,9.666,5.274,0.156,21.817,16.688,6.011,19.388,28.967,31.728,26.543,23.936,17.627,16.245,13.377,10.803,-45.574,-29.864,-6.614,11.897,26.887,25.783,14.79,NA,NA,28.099,28.685,28.071,24.406,-1.994,11.343
"1866-06",-4.93,9.283,2.484,20.304,25.699,19.828,26.292,24.755,27.168,20.676,24.876,22.692,20.941,6.898,12.646,2.697,11.327,17.433,19.901,22.212,31.615,28.478,25.647,27.106,22.1,16.14,16.539,20.879,4.547,17.882,12.759,7.644,26.778,19.863,9.915,22.543,31.322,30.625,26.229,23.745,15.225,13.555,10.996,8.643,-43.857,-31.291,-1.24,13.841,26.546,24.24,17.549,NA,NA,28.999,27.459,27.333,23.45,-3.042,13.603
"1866-07",-2.609,10.801,5.956,24.07,28.206,22.166,26.264,24.829,27.427,20.252,24.815,21.864,20.501,7.002,13.269,2.673,12.753,19.362,20.384,25.859,31.206,26.885,24.734,26.109,21.279,15.026,16.532,19.82,8.84,19.576,16.918,13.415,27.937,23.233,10.973,25.42,33.979,28.464,26.023,23.533,15.063,12.839,10.244,7.596,-43.842,-32.769,-0.143,15.976,26.278,23.955,18.793,NA,NA,27.134,27.049,26.931,21.74,-3.383,14.583
"1866-08",-8.863,8.904,6.674,22.455,29.125,25.066,24.729,24.573,27.252,21.053,25.517,22.231,22.847,6.811,14.012,2.633,13.596,19.568,16.652,25.669,30.836,26.602,24.747,26.071,21.166,16.869,16.793,20.187,7.119,17.949,15.164,10.42,25.585,21.694,10.666,24.73,32.947,28.245,26.115,24.846,15.624,14.093,10.109,8.113,-47.648,-33.667,-0.269,16.301,26.198,24.138,19.665,NA,NA,26.871,26.827,26.69,21.598,-3.612,13.892
"1866-09",-11.907,5.211,2.473,18.675,21.558,18.538,24.035,24.561,27.352,22.1,26.852,24.341,26.779,8.143,18.35,4.045,9.346,15.407,10.908,22.962,29.286,27.094,25.166,26.227,22.535,20.36,20.482,21.9,2.063,11.175,7.896,5.848,21.12,15.281,8.218,21.371,29.98,27.897,26.258,27.07,18.971,15.79,11.791,8.121,-47.822,-34.771,-2.597,15.627,26.253,24.355,19.06,NA,NA,26.996,26.927,26.725,21.436,-3.009,12.194
"1866-10",-20.568,-0.774,-3.29,9.71,14.519,13.95,20.899,24.065,26.86,22.003,26.633,26.236,27.216,10.384,20.606,7.161,3.822,9.821,3.748,18.18,24.906,27.391,25.477,25.817,23.029,23.528,22.986,23.277,-6.063,3.358,-1.372,-2.646,14.737,7.419,3.784,14.212,24.657,26.106,25.806,29.019,23.483,20.185,14.946,9.909,-42.287,-28.365,-10.366,14.103,26.329,24.94,17.52,NA,NA,26.589,26.804,26.723,21.92,-1.159,9.662
"1866-11",-27.46,-10.705,-14.034,4.143,6.334,6.423,17.095,23.059,25.553,21.443,25.804,26.191,25.201,11.751,21.96,9.096,0.9,4.888,1.562,12.036,18.806,26.134,24.866,24.685,23.374,24.888,25.082,24.897,-16.22,-2.009,-10.957,-13.036,10.062,-1.733,-4.985,6.307,20.478,21.939,24.612,29.375,27.318,23.136,18.763,11.421,-33.096,-17.907,-13.994,12.127,26.613,25.296,15.431,NA,NA,25.604,26.248,26.189,22.806,0.371,6.699
"1866-12",-30.918,-15.789,-17.669,1.62,1.347,1.061,14.024,21.927,24.464,21.007,25.054,25.814,25.009,13.993,23.179,12.565,-1.277,2.232,-2.9,9.903,14.757,23.566,22.949,23.3,22.487,23.794,25.151,25.147,-22.612,-5.89,-15.903,-19.689,4.621,-5.096,-10.102,3.726,16.8,18.994,24.188,29.021,27.201,24.109,18.573,14.296,-23.95,-10.461,-25.751,8.203,26.878,25.717,13.319,NA,NA,24.89,25.826,26.227,24.086,2.625,5.049
"1867-01",-29.76,-27.71,-26.811,-0.394,3.588,3.75,14.194,21.934,23.731,21.123,24.507,25.452,24.987,13.816,24.915,12.202,-1.798,-2.852,-12.018,7.416,14.957,25.084,23.797,23.591,23.012,24.114,25.665,26.272,-26.778,-20.502,-25.316,-22.103,-1.599,-11.984,-10.543,0.34,14.508,17.952,23.864,29.496,28.553,24.783,20.594,16.504,-20.723,-8.266,-8.67,6.253,27.179,26.604,11.447,NA,NA,23.467,25.496,25.834,24.764,3.767,3.079
"1867-02",-33.052,-24.569,-27.383,-0.492,2.18,0.584,15.539,22.317,23.714,21.436,24.827,25.738,25.154,14.219,24.799,11.839,-2.647,1.2,-8.024,8.654,15.614,25.12,23.694,23.883,23.597,24.29,24.446,25.472,-28.143,-13.428,-22.31,-21.883,3.26,-8.17,-11.963,2.608,15.79,19.416,24.454,30.555,29.367,24.723,20.823,15.116,-27.348,-12.654,-20.985,4.181,27.175,27.082,11.851,NA,NA,22.895,25.285,25.725,25.786,3.689,3.363
"1867-03",-27.785,-12.539,-24.704,3.501,5.148,1.758,17.09,23.128,24.669,21.981,25.252,25.932,25.032,12.903,22.903,9.923,0.283,1.957,-5.912,11.281,21.833,29.087,26.304,26.726,24.12,23.922,24.481,25.381,-21.203,-8.887,-13.787,-16.437,8.821,2.684,-6.397,8.531,21.209,24.2,25.165,28.913,26.709,23.372,18.057,16.071,-38.004,-22.879,-13.058,8.222,27.078,26.833,11.594,NA,NA,24.835,25.896,26.173,25.797,2.89,5.448
"1867-04",-20.028,-4.905,-15.352,8.285,14.296,9.242,20.135,24.542,25.575,21.962,25.425,25.197,24.993,11.437,20.354,7.081,3.442,9.97,6.222,15.001,25.391,29.149,26.385,27.291,24.248,22.124,22.687,24.869,-12.667,4.322,-1.126,-7.355,15.482,10.934,0.728,14.825,25.468,27.342,26.314,27.429,22.838,20.258,16.214,12.591,-42.317,-29.973,-18.804,10.98,27.165,26.319,12.659,NA,NA,26.962,27.229,26.901,25.53,1.107,8.771
"1867-05",-11.172,3.932,-3.023,14.097,19.515,13.141,23.172,25.385,26.589,21.448,25.315,24.171,23.821,8.11,16.324,4.772,10.183,16.158,15.372,19.255,29.107,29.269,25.846,26.728,23.315,18.949,19.628,22.94,-4.443,7.827,5.087,1.442,21.896,14.456,5.014,18.66,29.73,31.615,26.388,23.96,18.113,15.334,12.864,10.295,-44.538,-32.029,-4.046,12.691,27.16,25.996,13.822,NA,NA,28.308,28.188,27.811,24.477,-1.102,11.356
"1867-06",-5.075,7.602,4.915,18.278,25.46,20.524,26.31,25.375,27.486,20.888,25.108,23.191,21.686,6.161,13.23,2.6,12.784,19.454,20.226,24.318,31.642,28.797,25.619,26.719,22.152,17.29,18.206,21.057,4.259,16.95,12.749,9.537,25.72,20.749,9.816,22.657,32.568,31.762,26.249,22.331,16.189,14.463,12.101,9.029,-45.991,-36.61,-0.918,14.085,26.931,24.97,16.588,NA,NA,29.224,28.221,27.801,22.484,-2.357,13.637
"1867-07",-3.491,11.347,7.713,23.29,28.896,23.199,26.02,25.549,28.144,20.909,25.225,22.251,21.9,5.315,13.053,0.243,13.968,19.089,23.496,26.025,31.415,27.105,24.711,25.413,21.03,15.346,16.48,19.843,6.577,19.874,17.326,14.528,27.912,23.05,11.364,24.522,33.395,29.78,26.248,22.384,14.904,12.92,10.684,6.572,-42.866,-33.521,0.407,15.665,26.811,23.797,19.246,NA,NA,27.726,27.378,27.181,21.396,-2.738,14.793
"1867-08",-5.844,9.866,8.281,22.659,29.317,22.703,25.831,25.525,28.141,21.452,25.677,22.193,23.021,7.307,15.03,1.749,13.778,20.418,20.164,26.949,31.196,26.361,24.542,25.668,20.989,16.632,16.897,19.234,5.581,17.885,11.677,8.73,26.885,21.697,10.977,25.196,33.507,28.427,26.058,23.237,16.78,13.767,11.533,7.855,-42.758,-32.759,0.567,16.375,26.748,23.024,19.341,NA,NA,26.878,26.991,26.874,20.778,-3.86,14.425
"1867-09",-10.729,4.403,2.676,17.779,21.15,18.826,24.855,25.294,28.144,22.667,26.949,24.415,26.278,8.237,17.916,3.974,9.28,14.828,12.592,22.956,29.216,26.799,25.171,26.165,22.437,20.509,20.914,20.905,1.431,12.081,8.856,6.091,22.26,15.987,8.404,21.49,30.196,28.215,25.975,25.854,19.271,16.596,12.602,8.471,-45.578,-35.177,-2.356,15.402,26.78,23.409,18.622,NA,NA,26.667,27.385,27.151,21.16,-3.99,12.463
"1867-10",-18.017,-0.338,-0.705,12.105,16.711,13.735,22.264,24.678,27.239,22.878,27.351,26.383,27.424,9.516,20.894,6.749,5.469,11.405,5.495,18.694,24.898,27.259,25.357,26.089,23.606,23.431,23.88,23.128,-8.661,2.234,-1.962,-4.024,15.509,6.241,1.077,14.262,26.108,26.921,25.935,28.385,23.069,20.104,15.781,10.043,-39.032,-29.614,-9.026,13.55,27.092,23.376,17.35,NA,NA,26.647,27.351,27.021,21.695,-1.835,10.139
"1867-11",-25.134,-12.382,-12.187,1.58,8.725,10.614,17.704,24.279,26.278,22.27,26.47,26.412,25.614,12.273,22.641,9.856,1.783,4.359,0.663,12.332,20.102,26.664,25.03,25.229,23.614,24.513,24.476,24.7,-19.306,-2.305,-10.072,-13.669,10.876,0.328,-6.063,9.057,21.341,23.298,25.155,30.226,27.722,22.347,18.569,11.79,-29.262,-17.663,-14.469,12.554,27.114,24.262,14.97,NA,NA,26.104,26.605,26.575,23.352,0.532,7.43
"1867-12",-26.276,-14.763,-24.317,-3.111,-2.296,-0.766,12.824,22.82,25.3,22.259,25.519,25.82,25.204,13.762,24.97,11.169,-1.374,0.78,-6.448,8.869,14.222,23.614,23.863,23.851,23.698,24.848,24.605,25.639,-25.583,-11.73,-21.608,-21.493,0.722,-8.402,-11.542,4.062,15.419,18.163,24.712,31.042,29.461,24.736,21.038,13.43,-22.554,-9.527,-15.48,10.933,27.494,25.224,12.807,NA,NA,24.467,26.059,26.478,24.498,2.554,4.242
"1868-01",-26.185,-19.331,-30.257,-3.59,-4.538,-3.604,12.667,22.09,24.574,22.064,25.072,25.385,24.515,14.632,24.923,11.986,-3.991,-2.189,-9.934,8.094,13.479,22.312,22.944,23.424,23.509,24.734,24.164,25.694,-30.708,-15.073,-23.569,-23.345,2.755,-9.821,-15.375,1.756,15.155,17.707,23.987,29.681,30.001,25.988,22.043,15.519,-21.675,-9.721,-21.949,10.314,27.671,26.358,10.485,NA,NA,23.422,25.581,26.003,25.489,3.917,3.012
"1868-02",-29.056,-14.613,-29.234,1.632,-2.613,-4.672,14.932,21.674,24.06,22.376,25.88,25.015,24.71,15.385,25.42,12.092,-0.957,1.092,-9.187,8.943,15.727,24.913,24.702,25.239,24.616,24.651,24.036,26.033,-26.738,-16.516,-22.073,-20.441,2.525,-9.674,-13.314,3.389,17.515,20.076,24.56,29.754,29.245,25.68,20.946,15.593,-25.593,-15.595,-17.12,9.957,27.598,27.206,9.955,NA,NA,23.882,25.457,25.746,25.855,4.258,3.761
"1868-03",-30.732,-12.683,-23.809,-0.088,2.118,2.135,17.028,23.266,24.672,22.328,25.97,24.714,24.55,14.792,23.86,10.793,1.252,4.789,-0.416,10.891,20.254,28.674,26.011,27.172,24.968,23.575,22.791,25.603,-23.061,-4.664,-10.607,-15.524,9.217,3.398,-6.731,9.714,20.028,24.947,25.702,28.616,28.673,23.941,20.527,13.595,-36.289,-21.383,-27.903,9.41,27.13,26.919,10.175,NA,NA,25.109,26.212,26.246,26.751,1.839,5.873
"1868-04",-24.261,-4.358,-12.809,6.729,9.786,7.789,19.206,23.5,25.281,22.228,25.835,24.57,24.519,11.611,20.024,7.356,5.431,11.422,5.81,16.265,23.871,29.415,26.635,28.612,24.878,22.017,20.608,24.021,-11.196,4.421,0.091,-4.061,14.2,10.106,-1.816,14.517,24.523,27.749,26.324,26.875,23.234,20.911,15.48,11.48,-43.207,-29.136,-15.479,11.427,27.445,26.166,11.24,NA,NA,26.398,27.576,27.23,26.238,0.49,8.631
"1868-05",-12.107,5.476,-0.577,15.955,19.468,15.093,22.453,25.188,26.58,21.816,25.61,24.105,23.597,8.712,16.576,4.077,9.305,14.677,14.515,18.397,28.851,29.971,26.786,28.745,24.016,19.67,19.366,23.097,-2.782,11.283,6.283,1.233,21.783,17.864,4.529,19.84,29.292,31.048,26.637,23.662,18.414,16.029,13.106,9.195,-43.9,-29.987,-3.44,12.179,27.202,24.604,14.413,NA,NA,27.616,28.655,28.011,25.252,-1.659,11.912
"1868-06",-2.123,9.936,4.543,19.027,23.507,18.253,25.112,25.96,27.831,21.297,25.284,22.547,21.01,7.322,12.78,2.438,13.103,18.324,14.262,23.121,32.317,28.903,25.759,27.13,22.884,16.951,18.097,21.705,4.805,15.231,12.372,7.529,26.522,21.453,9.443,22.746,33.606,31.499,26.565,22.079,15.383,13.742,11.313,8.512,-44.656,-32.404,-0.492,14.486,27.118,23.787,16.796,NA,NA,29.515,28.707,28.03,23.687,-2.335,13.671
"1868-07",-3.114,11.117,7.27,23.795,28.1,22.509,27.513,25.598,28.444,21.469,25.479,21.828,21.587,7.933,15.44,2.389,14.294,21.189,21.664,26.639,31.794,27.431,24.68,26.025,21.14,16.213,16.487,19.992,8.522,19.534,15.783,11.593,27.633,23.17,12.262,25.082,33.787,29.723,25.986,21.073,13.893,12.568,10.023,7.31,-45.901,-36.065,0.036,16.38,26.796,22.667,19.126,NA,NA,28.085,27.564,27.359,22.207,-3.981,14.609
"1868-08",-3.283,9.686,7.084,23.055,28.198,22.049,27.14,25.743,28.161,22.133,26.236,22.473,23.175,7.98,15.59,2.229,11.982,19.624,18.329,26.485,31.348,26.816,25.089,26.389,21.975,18.653,18.826,20.68,8.959,19.456,14.372,11.637,27.29,20.994,10.683,24.535,33.99,29.357,25.86,22.52,15.091,14.098,10.681,8.367,-46.808,-35.574,-0.414,17.294,26.621,22.153,19.733,NA,NA,27.191,27.401,27.205,21.879,-4.229,14.413
"1868-09",-13.02,6.713,2.591,18.403,21.758,18.186,25.898,25.19,27.779,22.757,27.372,25.028,25.653,8.335,16.724,4.332,10.276,16.734,15.756,22.935,30.242,27.797,25.948,27.105,22.899,21.953,21.574,21.649,2.504,13.24,7.462,5.597,20.591,14.243,7.098,19.658,29.806,29.276,25.538,24.241,19.696,16.946,13.402,9.06,-47.838,-29.778,-2.271,17.438,26.506,22.853,19.34,NA,NA,27.055,27.276,26.897,21.728,-3.748,12.582
"1868-10",-18.128,-0.587,-1.09,11.306,13.75,13.547,20.364,24.634,27.177,22.947,27.829,26.901,27.114,9.358,19.814,6.699,6.542,11.582,8.087,18.855,27.7,27.84,25.876,26.372,23.796,23.959,23.852,23.307,-7.51,3.08,-2.433,-2.072,16.549,7.743,2.297,15.522,27.121,27.618,25.734,27.801,23.647,20.481,14.759,10.051,-42.807,-25.906,-8.436,14.962,26.864,23.367,17.822,NA,NA,27.134,26.635,26.525,22.391,-1.919,10.311
"1868-11",-20.665,-9.366,-7.12,1.964,7.586,6.947,16.042,24.92,26.66,22.852,27.264,27.3,25.968,12.057,21.851,10.319,-3.005,2.214,-2.572,12.443,20.77,26.514,24.943,24.779,23.337,25.173,23.396,23.685,-22.629,-4.394,-11.814,-14.994,10.846,-0.539,-7.149,8.626,22.048,23.43,25.493,29.329,27.706,23.618,19.701,11.917,-30.392,-17.115,-19.927,12.95,27.209,24.214,15.364,NA,NA,27.062,26.883,26.931,23.344,0.43,7.194
"1868-12",-20.481,-18.152,-16.534,1.155,3.484,2.755,13.223,22.271,25.61,23.048,26.82,27.021,26.779,14.482,23.893,11.534,-5.63,-3.455,-11.323,8.621,16.27,24.987,24.298,24.281,23.63,25.885,25.602,25.511,-32.077,-12.23,-19.091,-23.226,4.46,-5.14,-10.242,4.852,15.869,19.966,24.904,30.719,28.436,24.523,19.668,13.17,-22.718,-8.997,-24.471,9.114,27.531,25.532,13.034,NA,NA,25.297,26.555,26.655,24.533,2.878,4.851
"1869-01",-25.726,-16.675,-23.278,0.43,2.73,2.542,13.249,21.44,24.258,23.017,26.811,25.908,25.62,15.042,25.106,11.991,-5.269,-3.652,-15.737,9.003,15.664,25.369,25.087,24.614,24.29,25.083,25.132,26.151,-32.316,-22.275,-26.259,-29.237,-1.218,-11.942,-11.789,0.827,15.695,18.288,24.622,31.115,30.668,26.153,24.129,14.665,-21.704,-8.373,-19.608,6.038,27.497,26.161,12.119,NA,NA,23.577,26.435,26.787,25.955,4.03,3.504
"1869-02",-25.945,-13.485,-24.287,0.255,3.422,2.586,13.926,23.34,24.707,23.481,27.294,25.845,25.91,16.109,25.483,13.512,-1.417,-1.011,-8.968,8.163,14.87,25.233,25.31,25.22,24.45,25.194,24.988,26.699,-25.669,-15.212,-20.836,-26.842,0.435,-8.767,-13.127,2.527,16.738,18.844,25.236,31.389,29.955,25.685,21.627,14.15,-29.208,-13.842,-18.775,3.231,27.769,27.086,11.624,NA,NA,23.578,26.736,26.971,26.822,3.608,3.997
"1869-03",-23.161,-14.323,-17.133,2.954,6.856,6.63,16.419,24.35,24.728,23.923,27.572,25.965,26.609,14.491,24.285,10.903,-2.126,3.889,-5.917,13.325,21.307,28.864,26.603,27.229,24.708,25.343,25.262,26.735,-26.302,-11.982,-16.644,-19.75,8.077,0.576,-8.969,7.973,22.084,24.548,26.226,30.815,29.463,24.84,21.95,13.09,-36.629,-18.856,-18.253,5.319,27.674,26.843,11.858,NA,NA,25.392,27.472,27.411,26.722,2.188,5.963
"1869-04",-22.754,-3.445,-10.324,8.985,14.7,12.854,18.67,26.587,26.421,23.664,27.487,25.936,25.15,10.801,18.452,6.258,3.121,7.803,5.061,14.765,26.059,31.105,27.528,28.227,24.94,22.655,22.629,25.397,-13.696,4.408,-3.331,-7.116,16.405,10.056,-1.464,15.014,26.093,27.286,27.206,28.229,23.109,20.654,17.671,11.817,-40.36,-24.415,-15.042,9.178,27.842,26.435,12.088,NA,NA,27.426,28.421,28.038,26.381,-0.054,9.369
"1869-05",-10.899,3.854,-4.648,15.921,20.402,14.947,23.999,25.987,26.75,22.687,26.541,24.965,24.478,9.471,17.232,4.828,7.889,15.616,16.174,17.511,29.889,30.748,27.747,28.992,24.29,20.146,20.147,23.41,-1.837,10.83,6.398,2.972,21.394,16.329,6.196,19.504,29.538,31.774,27.503,25.364,18.052,16.504,13.729,8.494,-44.351,-26.176,-6.899,12.487,27.625,24.983,14.745,NA,NA,28.85,29.736,28.968,25.182,-2.697,12.158
"1869-06",-3.933,10.242,2.818,19.659,23.132,17.676,26.185,26.137,27.859,21.977,26.34,23.284,21.68,5.883,11.378,1.195,12.297,19.69,20.414,23.382,31.276,28.72,25.788,26.956,22.461,17.348,17.576,20.224,5.058,18.528,13.043,9,25.786,20.381,8.768,21.223,33.598,33.657,26.84,22.04,14.439,13.11,11.241,8.028,-46.393,-30.332,-1.607,14.589,27.292,23.857,16.888,NA,NA,30.313,29.212,28.547,22.766,-3.886,13.666
"1869-07",-1.147,11.292,7.595,23.923,28.667,23.151,26.679,25.274,28.336,21.539,25.928,22.36,21.451,5.084,12.255,0.173,13.903,19.101,21.248,26.111,33.189,28.516,25.356,26.266,21.101,14.889,15.622,19.243,7.074,20.919,13.878,12.974,28.538,22.767,11.19,23.953,34.455,31.046,26.286,21.835,14.762,12.323,10.471,7.081,-45.968,-36.898,-0.172,15.867,26.667,23.563,18.901,NA,NA,28.529,27.757,27.7,21.332,-4.116,14.575
"1869-08",-5.617,10.152,7.449,21.704,29.117,22.732,26.238,25.586,28.744,21.903,26.527,22.409,22.801,7.305,14.396,2.205,13.35,20.128,19.726,26.641,31.535,26.91,25.083,25.949,21.463,16.636,16.597,19.705,5.673,17.107,12.685,10.311,25.764,20.31,11.203,24.496,33.541,28.562,26.027,24.228,15.94,15.045,10.833,7.41,-48.218,-30.978,-0.517,16.55,26.421,23.215,19.915,NA,NA,27.613,27.569,27.497,21.228,-5.009,14.036
"1869-09",-11.256,4.871,4.472,16.732,23.129,20.339,25.14,25.349,28.533,22.598,27.502,24.291,26.066,7.653,16.735,4.824,10.126,15.171,10.187,22.828,29.398,27.507,25.6,26.63,22.562,20.523,19.82,21.428,2.244,11.6,9.066,5.686,20.552,14.201,7.817,20.157,30.114,28.163,26.066,26.435,20.64,18.141,12.908,8.685,-46.829,-35.448,-2.316,15.826,26.408,24.11,19.257,NA,NA,27.182,27.482,27.396,21.187,-3.523,12.396
"1869-10",-19.116,-1.014,-2.589,11.053,16.961,14.866,21.984,24.621,27.595,22.437,27.301,26.419,25.464,10.641,19.674,7.678,5.814,9.837,6.217,17.353,24.273,27.959,25.899,26.344,23.33,24.156,23.756,23.357,-5.222,5.302,1.506,-1.611,15.163,7.218,1.225,14.526,25.626,26.627,25.835,28.138,22.039,18.848,14.448,10.087,-39.424,-24.354,-12.037,14.317,26.583,24.326,16.95,NA,NA,26.668,27.287,27.124,21.963,-1.464,10.313
"1869-11",-20.758,-10.466,-9.867,2.71,9.17,9.995,16.817,23.666,26.212,21.827,26.62,26.338,25.334,12.264,22.556,9.851,3.354,2.644,-2.352,13.013,19.902,27.104,25.433,25.524,23.427,24.447,24.59,25.697,-21.926,-7.961,-13.56,-15.817,8.899,-1.352,-3.976,10.99,22.159,23.649,25.667,31.026,27.082,22.889,17.787,11.721,-30.401,-16.638,-9.874,12,26.823,25.664,14.41,NA,NA,26.382,26.572,26.888,23.357,0.286,7.177
"1869-12",-27.816,-17.169,-17.739,-2.843,1.459,4.144,11.553,22.614,25.153,22.014,25.915,26.5,25.418,14.081,23.532,11.814,1.125,1.675,-5.996,8.984,15.444,24.892,24.368,24.507,23.566,24.783,24.288,25.342,-27.657,-9.788,-17.565,-20.647,4.451,-6.184,-8.038,4.81,17.266,20.029,24.823,32.037,29.29,25.463,20.212,16.292,-23.338,-11.259,-25.622,7.619,27.29,26.436,12.081,NA,NA,25.143,26.308,26.544,24.497,2.91,5.084
"1870-01",-25.077,-18.362,-24.157,-3.34,-3.396,-2.695,12.384,21.873,24.418,21.637,25.276,24.754,24.73,15.055,24.421,14.017,-4.377,-2.713,-10.724,8.354,14.827,23.176,23.535,23.779,23.066,24.692,24.366,25.958,-30.066,-17.161,-25.563,-25.621,1.01,-13.263,-12.227,0.259,15.238,18.392,24.507,30.773,30.963,25.187,22.902,15.361,-21.87,-8.354,-24.269,5.593,27.448,26.923,10.819,NA,NA,23.71,25.976,26.407,25.342,3.953,3.2
"1870-02",-24.246,-16.098,-24.319,0.939,2.266,-0.493,15.009,21.714,24.186,21.926,25.693,24.931,24.671,14.33,23.774,12.091,-2.173,-2.707,-12.345,8.018,15.813,25.394,24.399,24.661,23.612,24.114,23.863,26.041,-28.216,-17.433,-20.589,-22.19,2.591,-8.454,-10.738,1.857,16.753,20.776,24.746,29.85,30.284,26.047,23.541,15.932,-29.769,-15.463,-20.486,5.673,27.292,27.32,10.316,NA,NA,23.889,26.007,26.327,25.605,4.162,3.556
"1870-03",-30.709,-12.048,-19.854,3.352,5.346,2.303,18.288,23.096,24.171,21.73,25.411,24.819,24.096,13.504,21.324,12.086,-1.729,3.478,-2.641,11.776,19.984,28.175,25.584,26.412,24.27,23.72,23.516,25.861,-20.819,-5.189,-11.405,-15.072,9.414,0.972,-6.481,7.491,20.954,24.404,25.349,28.882,27.14,24.498,19.515,14.743,-38.097,-21.32,-24.564,7.516,27.085,26.994,11.3,NA,NA,24.882,26.769,26.92,25.509,1.568,5.677
"1870-04",-24.561,-5.147,-11.984,10.047,15.6,9.815,21.693,23.863,24.251,21.635,25.441,24.244,24.365,11.318,20.179,7.225,2.54,9.39,5.643,15.687,24.843,29.823,27.167,27.958,24.558,22.473,22.643,24.928,-15.732,4.317,-0.29,-7.76,17.577,10.06,1.717,14.285,26.647,29.091,25.838,27.663,23.695,20.632,16.405,11.218,-42.47,-29.366,-14.65,8.663,27.069,26.453,13.137,NA,NA,26.254,27.635,27.418,24.962,0.396,8.921
"1870-05",-11.537,2.562,-2.327,14.806,20.392,14.441,23.702,24.976,26.303,21.153,25.278,23.153,22.822,8.741,17.135,5.102,8.076,16.817,16.11,19.828,29.09,29.229,26.188,27.404,23.511,18.59,19.817,22.786,-1.874,11.285,8.658,2.925,21.371,15.809,5.225,18.444,29.854,30.621,26.151,25.15,19.206,17.492,13.245,10.116,-44.637,-32.238,-8.284,11.771,26.816,25.534,15.406,NA,NA,28.237,28.391,27.919,24.385,-1.499,11.745
"1870-06",-6.778,8.474,5.411,18.965,26.922,22.322,25.228,24.822,27.072,20.584,25.134,21.634,20.724,6.65,14.017,1.425,13.146,20.12,19.663,22.388,31.924,28.279,25.457,26.759,21.702,16.057,16.989,20.453,4.595,16.487,14.823,11.092,26.853,19.843,9.607,22.419,31.866,31.017,26.382,20.794,13.958,15.133,10.54,8.448,-44.087,-30.174,-1.33,14.239,26.632,24.423,16.694,NA,NA,29.613,27.753,27.478,22.035,-2.733,13.841
"1870-07",-1.68,9.212,8.169,24.065,30.737,24.09,26.155,25.076,27.645,20.544,25.161,21.371,20.08,5.127,11.21,0.536,12.709,19.237,19.95,25.964,31.65,27.007,24.962,26.042,20.598,16.033,16.483,19.526,8.54,20.998,17.756,11.916,28.638,23.743,11.306,24.941,33.502,29.102,26.291,21.435,14.685,12.462,10.862,7.142,-44.698,-34.422,-0.229,15.873,26.481,23.945,19.415,NA,NA,28.165,27.354,27.214,20.989,-4.327,14.602
"1870-08",-4.792,9.16,8.647,24.017,28.501,22.501,26.718,24.982,27.683,21.504,26.073,21.826,22.12,7.243,13.644,2.989,13.446,21.038,17.144,26.292,31.251,26.532,24.59,25.689,20.98,17.449,17.45,19.644,8.414,19.492,16.698,12.021,25.941,22.057,11.277,24.226,33.209,28.758,25.912,20.189,14.105,11.502,10.069,6.796,-42.701,-33.088,-0.751,16.048,26.292,23.691,20.14,NA,NA,27.065,27.076,27.086,20.555,-4.254,14.554
"1870-09",-13.076,5.694,4.362,18.222,23.56,19.367,25.062,25.129,27.982,22.456,27.223,24.64,26.636,9.456,18.581,4.608,10.769,17.913,14.77,24.32,29.998,26.982,25.406,26.551,22.07,21.048,20.862,21.065,1.525,12.637,7.881,6.025,22.277,16.196,8.531,21.104,30.544,28.2,25.857,24.823,19.192,16.378,12.894,8.565,-45.223,-32.044,-2.512,15.624,26.476,23.711,19.716,NA,NA,27.249,27.257,26.964,20.738,-3.85,12.927
"1870-10",-19.782,-0.994,-3.131,11.093,15.406,14.211,22.384,24.709,27.488,22.711,27.591,26.701,27.891,11.46,21.813,8.349,4.954,11.727,6.827,18.46,25.401,27.529,25.469,26.069,22.717,23.278,22.386,22.628,-6.72,4.456,-1.249,-2.446,15.785,8.815,3.769,15.303,25.166,26.374,25.651,27.5,23.074,19.745,14.967,10.223,-40.419,-28.13,-7.687,13.901,26.794,24.24,17.58,NA,NA,26.604,27.169,26.851,21.299,-1.996,10.226
"1870-11",-25.82,-8.816,-11.197,7.127,8.52,6.334,16.147,22.641,25.866,22.1,26.476,27.456,26.202,11.608,22.705,9.507,3.504,5.933,0.417,13.379,19.884,26.928,25.124,25.279,23.305,24.355,24.512,24.736,-14.719,-4.739,-12.613,-14.656,9.541,-1.958,-5.099,7.889,21.963,22.906,25.458,30.843,28.345,24.091,18.419,11.626,-30.303,-18.645,-5.546,11.599,27.087,25.003,15.722,NA,NA,25.924,26.838,26.832,22.947,1.17,7.444
"1870-12",-28.402,-18.487,-19.048,1.909,2.61,3.291,13.301,22.085,25.241,21.891,25.82,26.9,25.349,14.313,23.564,12.014,0.969,1.856,-4.594,9.021,15.559,25.258,24.613,24.486,23.158,25.978,26.632,26.234,-22.483,-10.895,-20.914,-19.576,2.113,-7.401,-8.259,2.51,16.171,19.575,24.299,31.403,29.98,24.525,21.287,13.718,-23.239,-9.49,-12.066,8.409,27.193,25.923,14.185,NA,NA,25.011,26.192,26.519,24.082,2.3,5.06
"1871-01",-30.352,-20.325,-31.231,-5.441,-4.5,-3.499,12.2,22.145,24.274,21.745,25.331,25.71,25.058,14.134,24.695,11.855,-2.225,1.301,-6.481,7.827,14.558,23.991,23.967,24.312,22.928,24.602,26.257,27.14,-26.656,-12.365,-24.111,-22.965,1.33,-10.145,-12.875,1.606,15.752,18.636,24.236,30.031,31.16,27.861,23.458,13.093,-20.432,-7.954,-13.752,10.403,27.479,26.888,11.195,NA,NA,24.293,25.364,25.786,25.31,4.004,3.582
"1871-02",-30.219,-19.146,-28.507,-1.637,-1.593,-4.896,14.485,22.058,23.882,22.165,25.829,24.963,25.02,14.91,25.04,12.448,-3.652,-1.832,-12.891,8.104,17.075,26.472,25.163,25.389,23.728,25.048,25.862,27.218,-24.819,-15.506,-21.318,-18.673,3.275,-7.092,-10.688,2.548,18.065,21.182,24.943,29.341,28.288,26.836,20.51,15.371,-28.151,-13.155,-12.187,8.577,27.484,27.26,10.842,NA,NA,24.571,25.974,26.193,26.081,3.832,3.624
"1871-03",-27.472,-8.027,-21.689,3.415,3.643,0.804,16.069,23.555,24.949,22.066,25.72,25.476,25.117,13.759,22.896,11.167,-1.27,1.662,-4.937,11.675,22.428,29.198,26.479,26.621,23.956,24.385,23.507,25.871,-22.441,-8.997,-13.84,-17.159,10.033,0.122,-7.273,6.917,22.207,24.536,25.337,28.174,26.559,23.596,19.094,13.869,-38.466,-22.44,-21.542,8.625,27.408,27.336,11.004,NA,NA,25.185,26.44,26.417,26.256,1.997,5.572
"1871-04",-22.548,-4.966,-10.548,8.43,14.957,9.32,20.776,24.671,25.446,22.207,25.99,25.108,24.348,11.532,18.403,7.885,4.215,11.97,8.727,15.904,24.327,29.976,26.619,27.473,23.785,22.041,22.628,25.319,-15.092,1.447,-1.521,-7.758,14.222,8.179,-0.558,14.056,25.654,28.604,26.419,26.03,22.441,20.773,15.915,12.667,-41.665,-26.422,-16.687,9.163,27.383,26.976,12.924,NA,NA,26.86,28.112,27.664,25.468,0.675,8.783
"1871-05",-12.792,2.099,-2.296,13.725,20.48,16.025,22.541,24.916,25.466,21.649,25.691,23.82,23.724,8.312,17.197,3.818,8.467,15.415,17.257,19.468,29.035,29.864,26.64,28.072,23.625,20.246,20.482,23.474,-1.29,10.851,7.402,2.371,22.579,15.292,4.944,19.85,29.6,32.332,26.766,23.147,17.689,15.514,13.179,9.594,-42.096,-28.754,-4.989,12.2,27.202,25.941,14.057,NA,NA,28.085,28.998,28.231,24.523,-1.36,12.09
"1871-06",-4.23,9.229,3.988,19.16,25.953,19.21,24.744,25.349,27.025,21.006,25.484,22.109,21.387,7.288,14.543,2.316,11.559,19.451,20.588,22.97,31.348,28.336,25.453,27,22.401,15.939,16.78,20.722,5.363,17.679,13.592,8.15,26.63,20.808,9.591,22.317,32.658,32.595,26.334,21.827,15.454,13.462,11.546,8.444,-43.507,-27.804,-0.873,14.817,26.925,24.931,16.537,NA,NA,29.886,28.157,27.763,23.3,-2.549,13.964
"1871-07",-4.408,11.851,8.009,23.918,29.495,23.673,26.365,25.028,27.692,20.571,25.116,21.164,20.505,6.564,13.507,1.064,13.119,20.067,22.054,26.103,31.158,27.373,24.845,25.855,20.888,16.566,17.131,19.886,7.452,19.959,15.296,12.617,27.753,23.247,12.064,24.326,33.153,29.703,26.048,20.388,12.832,10.752,9.914,6.995,-46.263,-35.596,0.243,16.37,26.694,23.661,18.745,NA,NA,28.32,27.197,27.109,21.924,-3.564,14.359
"1871-08",-5.551,9.489,7.152,23.101,28.774,22.021,26.756,25.105,27.897,21.404,26.085,22.195,22.684,7.643,14.639,1.754,12.118,18.725,19.016,26.398,31.629,26.732,24.504,25.601,21.169,17.761,17.138,19.963,6.604,17.441,15.304,12.545,26.297,21.132,10.632,24.746,33.05,28.589,25.904,22.551,16.167,14.281,11.397,7.695,-45.995,-29.542,0.547,16.736,26.558,23.302,20.522,NA,NA,27.468,26.864,26.904,21.158,-4.217,14.296
"1871-09",-15.192,4.061,2.364,18.463,22.913,18.806,24.653,24.611,27.61,22.677,27.369,25.135,27.374,8.457,18.307,4.703,9.492,14.468,12.085,21.94,29.21,27.257,25.509,26.715,22.132,21.939,20.858,21.124,3.706,13.188,8.113,6.162,20.783,15.102,7.598,20.576,30.046,28.148,25.74,24.577,18.715,16.063,12.184,8.076,-43.723,-30.289,-1.421,16.269,26.629,23.362,19.813,NA,NA,27.274,26.938,26.74,21.341,-3.363,12.62
"1871-10",-21.341,0.15,-2.394,9.891,15.637,13.921,21.785,24.539,27.214,22.462,27.008,26.462,25.973,10.166,19.771,6.825,4.16,10.123,6.585,18.274,25.203,27.81,25.713,26.408,23.356,23.922,23.658,23.576,-4.059,3.74,-1.136,-2.09,15.215,6.738,1.833,15.377,25.766,26.271,25.895,28.679,23.759,20.855,15.247,10.069,-37.649,-27.75,-4.526,14.297,26.821,24.009,18.327,NA,NA,26.672,26.736,26.443,21.951,-1.558,10.36
"1871-11",-25.637,-7.334,-9.337,3.516,6.806,7.414,16.219,23.376,26.393,21.801,25.899,26.384,25.682,12.246,22.956,9.014,-1.556,5.801,-1.826,13.344,18.742,25.859,24.753,24.687,23.531,24.578,25.014,25.049,-16.894,-2.404,-8.574,-14.069,10.725,1.906,-5.309,9.548,21.822,22.859,24.866,30.01,25.805,22.64,17.292,12.431,-30,-18.053,-15.891,12.526,26.939,24.994,15.467,NA,NA,26.651,26.276,26.32,23.598,0.671,7.479
"1871-12",-30.368,-14.708,-20.503,0.559,1.201,1.606,13.106,22.369,25.287,21.7,25.49,25.999,25.183,13.295,24.261,9.896,0.47,1.003,-4.101,8.41,15.037,24.584,23.567,23.419,22.89,24.346,25.517,26.346,-22.247,-9.827,-20.11,-22.277,3.843,-6.837,-11.132,3.693,15.813,19.2,24.592,30.842,30.884,26.19,20.657,13.797,-21.339,-8.771,-14.57,10.583,27.289,25.859,13.323,NA,NA,24.95,26.125,26.357,24.693,3.845,5.052
"1872-01",-28.258,-16.255,-27.125,0.866,-2,-5.89,12.525,20.825,23.563,21.527,25.144,25.467,25.16,14.316,25.646,11.178,-3.985,0.609,-9.831,9.188,15.726,24.583,24.626,23.509,23.387,24.165,24.489,25.646,-31.203,-16.219,-24.875,-27.647,1.443,-12.057,-13.12,0.42,14.859,17.914,23.819,29.494,30.06,26.251,21.485,15.442,-20.209,-7.982,-21.5,7.955,27.467,26.433,13.076,NA,NA,23.05,25.734,26.073,25.842,4.398,3.448
"1872-02",-31.579,-11.906,-24.473,2.407,0.528,-0.66,13.845,22.063,23.986,21.952,25.745,25.996,25.292,14.456,24.265,12.258,-2.903,-0.578,-8.334,8.478,17.82,27.497,25.87,25.651,23.706,24.412,24.737,26.801,-27.14,-14.64,-20.24,-24.092,2.04,-9.687,-12.909,1.626,18.182,19.789,24.205,28.835,29.42,26.455,21.55,16.851,-27.412,-12.864,-21.889,5.821,27.645,27.014,11.278,NA,NA,23.729,25.763,26.021,26.227,4.42,4.14
"1872-03",-28.017,-9.96,-21.131,4.458,3.286,-0.425,16.636,23.971,25.096,22.837,26.588,24.897,25.483,14.613,23.417,12.062,-0.395,5.843,-0.726,12.357,20.298,28.414,26.256,26.303,24.265,23.705,23.949,25.691,-22.545,-5.531,-10.944,-15.917,9.261,2.298,-8.641,9.006,20.583,23.582,25.102,28.084,27.234,23.753,18.907,15.438,-36.967,-22.196,-21.958,8.806,27.688,27.052,11.269,NA,NA,25.028,26.198,25.898,25.736,2.557,5.962
"1872-04",-18.619,-4.115,-11.061,8.912,12.809,9.109,19.932,25.366,25.631,22.618,26.396,24.88,24.925,11.769,19.714,7.565,3.211,11.659,9.121,15.773,25.431,30.164,27.035,27.806,24.606,22.866,22.656,25.064,-14.955,3.46,-1.737,-5.993,17.728,8.242,-1.289,14.452,25.696,27.823,26.089,26.972,23.329,20.42,16.188,12.416,-42.668,-25.17,-17.897,10.311,27.906,26.237,13.199,NA,NA,26.906,27.781,27.483,26.062,0.305,9.127
"1872-05",-11.142,3.763,-0.978,14.666,19.91,15.148,22.236,26.193,27.042,22.38,26.006,24.04,24.301,8.986,18.405,3.301,7.46,15.838,18.315,19.507,28.671,30.438,26.501,26.865,23.489,19.271,19.486,22.902,-3.754,11.936,5.954,2.462,22.41,15.385,4.476,19.684,29.582,30.859,26.53,24.76,20.559,17.198,14.33,9.709,-46.017,-28.071,-9.091,12.998,27.389,24.541,14.724,NA,NA,28.478,28.922,28.173,24.484,-1.824,11.886
"1872-06",-4.058,8.582,3.735,19.366,23.905,19.241,25.668,25.719,27.91,21.634,25.665,22.742,22.355,6.194,14.264,2.275,11.918,18.198,18.379,23.855,32.724,29.493,26.284,27.362,22.554,16.777,17.152,20.958,4.242,18.252,13.901,8.313,24.604,20.761,9.215,21.993,32.243,32.492,26.258,20.983,15.323,12.783,11.148,7.55,-45.196,-33.975,-1.451,15.299,26.967,23.744,17.201,NA,NA,29.8,29.38,28.499,23.131,-3.066,13.707
"1872-07",-2.991,10.225,7.06,22.749,29.904,24.178,27.723,25.478,28.373,21.546,25.683,22.17,21.826,6.511,13.739,1.745,13.503,20.288,21.027,25.74,32.994,28.008,25.083,26.285,21.278,15.457,16.166,19.823,8.839,18.588,17.009,13.679,28.979,23.256,11.389,25.163,34.411,30.745,26.038,20.437,15.019,13.036,10.825,6.892,-45.307,-33.015,-0.13,16.408,26.968,23.253,18.744,NA,NA,29.174,28.181,27.894,22.128,-3.894,14.874
"1872-08",-6.485,7.919,7.626,23.457,28.749,23.368,26.849,25.473,28.368,22.332,26.505,22.381,24.204,8.851,16.807,3.395,13.482,19.16,17.765,25.311,30.869,27.041,24.917,26.007,21.621,18.17,17.956,20.595,10.023,18.995,14.843,11.983,27.59,21.788,10.501,25.432,32.742,28.724,25.992,23.05,15.961,14.473,10.732,7.56,-46.605,-36.432,-0.43,17.093,27.023,22.525,20.109,NA,NA,27.64,27.466,27.371,22.167,-3.661,14.415
"1872-09",-13.771,6.162,1.528,18.847,24.486,19.811,25.177,25.45,27.921,23.035,27.528,24.969,27.46,8.97,19.215,4.588,9.399,14.502,12.77,22.683,28.821,27.708,25.957,27.273,22.71,22.018,20.713,21.677,2.841,12.576,7.486,5.647,22.035,14.96,7.673,21.298,30.211,28.102,25.653,24.856,21.03,17.413,13.465,8.562,-45.568,-33.776,-1.274,16.551,26.769,22.837,19.357,NA,NA,27.708,27.016,26.854,21.811,-2.695,12.723
"1872-10",-23.542,-0.754,-4.037,12.267,15.67,13.403,22.35,24.482,27.043,22.572,27.482,26.669,26.968,10.449,20.222,7.791,7.842,11.806,5.434,18.508,24.761,28.168,25.561,25.939,23.582,24.05,23.194,23.18,-4.561,3.723,-0.365,-1.906,14.604,6.903,1.221,14.324,25.883,26.063,25.361,27.503,24.321,19.853,15.734,9.853,-43.142,-30.184,-5.822,14.877,26.917,23.467,17.348,NA,NA,26.979,26.741,26.616,22.54,-1.895,9.855
"1872-11",-25.256,-9.405,-9.316,4.353,7.233,8.918,17.134,23.099,26.491,22.473,26.791,27.494,26.776,12.433,23.879,8.799,2.469,5.087,0.184,13.699,19.643,26.165,24.587,24.368,23.439,24.59,24.747,24.298,-12.899,-2.72,-9.39,-13.939,9.149,0.885,-5.465,10.021,22.138,23.127,25.203,29.471,27.868,23.398,19.736,12.029,-29.363,-15.846,-7.91,11.958,27.17,24.29,15.241,NA,NA,26.75,26.411,26.481,23.597,0.67,7.926
"1872-12",-29.751,-16.389,-16.028,-3.606,1.721,4.643,12.918,23.565,24.851,22.145,26.138,27.404,26.324,13.371,24.099,10.372,-3.115,0.856,-3.477,9.644,15.071,23.452,23.336,23.476,22.945,24.363,23.89,25.348,-23.309,-9.872,-19.132,-20.181,5.088,-7.106,-12.249,2.997,17.652,19.448,24.886,29.607,29.601,24.749,22.17,13.232,-22.381,-9.355,-19.777,8.99,27.447,25.348,14.25,NA,NA,25.523,26.57,26.674,25.592,2.605,5.11
"1873-01",-30.664,-15.35,-24.275,-2.392,-0.614,-0.118,12.081,22.3,23.954,22.392,26.238,26.658,26.064,14.846,24.781,12.261,-5.988,-1.243,-9.739,8.168,14.174,23.486,23.425,23.659,23.484,24.537,24.514,26.682,-28.892,-16.675,-24.044,-25.64,2.971,-9.538,-14.411,2.489,16.071,18.449,24.922,30.03,29.299,24.99,21.927,15.101,-21.89,-9.158,-17.565,5.602,27.852,26.677,12.546,NA,NA,24.46,26.089,26.424,26.473,3.994,3.667
"1873-02",-27.908,-15.425,-22.869,-0.731,1.736,0.897,14.115,21.913,23.244,23.171,27.214,26.52,26.362,15.85,24.769,13.441,-8.491,0.46,-11.095,10.716,17.925,26.57,25.123,24.913,24.319,26.082,24.595,25.968,-32.499,-15.113,-19.716,-26.702,4.442,-7.414,-12.038,2.016,17.337,20.107,24.344,31.262,31.259,27.288,22.25,15.316,-29.17,-14.89,-24.939,3.337,27.772,26.94,12.423,NA,NA,23.904,26.098,26.454,26.909,3.677,4.038
"1873-03",-29.081,-12.587,-21.34,2.417,7.606,4.015,16.271,24.273,25.091,23.44,27.297,25.348,25.644,14.696,23.768,12.305,-1.257,5.088,0.069,11.941,20.381,29.273,26.179,26.263,24.34,25.472,24.124,25.899,-20.629,-3.127,-7.916,-15,10.24,3.214,-6.368,9.144,20.032,24.678,25.664,29.637,26.833,23.299,19.738,15.514,-38.621,-24.115,-28.747,7.469,27.832,26.719,12.402,NA,NA,25.674,26.551,26.593,27.415,1.463,6.294
"1873-04",-25.407,-2.55,-11.366,10.591,12.193,9.191,19.686,24.657,24.371,23.185,27.281,25.031,25.84,12.38,21.657,7.952,0.749,8.221,9.226,15.008,24.433,30.523,27.405,27.812,24.706,23.618,23.226,24.919,-9.16,9.598,0.2,-4.678,17.732,10.37,-0.1,14.537,25.601,27.825,26.784,27.806,24.573,21.054,16.974,11.641,-44.214,-27.917,-16.19,11.301,27.824,26.503,13.317,NA,NA,26.304,27.362,27.151,26.11,-0.77,9.437
"1873-05",-10.569,4.395,-0.773,14.365,19.851,15.675,22.207,26.05,26.024,22.447,26.475,24.734,24.783,8.916,16.542,5.149,5.934,12.663,15.598,19.337,29.775,31.441,27.319,27.561,23.781,20.165,19.437,23.381,-3.608,13.611,5.281,2.192,22.931,16.699,4.394,19.895,29.882,30.023,27.586,25.635,19.538,17.632,13.958,9.693,-43.879,-27.649,-5.965,12.986,27.548,25.359,14.868,NA,NA,28.111,28.754,28.261,24.912,-2.365,12.162
"1873-06",-5.275,9.897,4.867,19.577,25.732,21.546,25.471,26.379,27.473,21.549,25.966,22.248,21.413,7.01,12.561,3.463,14.026,19.63,16.362,23.218,33.214,29.429,26.257,27.24,22.445,16.421,17.032,21.252,4.518,15.157,12.963,8.353,27.084,21.468,9.292,22.295,34.47,32.937,27.142,22.818,15.61,13.549,11.155,7.747,-41.864,-31.325,-0.878,14.37,27.13,23.813,17.565,NA,NA,30.18,29.493,28.993,22.937,-2.645,14.246
"1873-07",-2.737,11.338,7.654,22.063,27.638,23.315,27.413,25.572,28.045,21.548,26.035,22.366,21.791,5.847,12.501,1.742,13.405,19.337,20.033,26.13,33.082,28.061,25.467,26.479,21.438,16.029,16.617,19.776,10.332,19.994,16.379,12.814,28.584,23.553,12.129,25.96,34.711,30.26,26.582,22.422,14.616,11.936,9.948,7.463,-40.329,-34.623,0.034,15.809,26.755,24.1,19.113,NA,NA,28.274,28.018,27.791,21.158,-2.091,15.273
"1873-08",-5.903,9.047,8.657,23.012,28.337,23.705,26.641,25.238,28.12,21.996,26.56,23.265,24.025,7.147,14.581,2.074,14.146,20.502,17.466,26.214,30.86,27.003,25.146,26.135,21.577,16.505,16.977,20.022,7.314,17.359,14.854,11.268,26.42,21.393,11.796,25.112,34.173,28.662,26.3,24.274,17.4,15.887,11.581,7.277,-43.865,-31.213,0.448,16.419,26.616,23.835,20.532,NA,NA,27.261,27.854,27.827,20.919,-3.7,14.665
"1873-09",-13.903,6.405,4.024,18.93,23.801,20.661,25.811,25.401,27.663,22.889,27.648,24.156,26.755,8.755,17.867,4.22,9.613,16.246,15.145,23.568,29.301,27.194,25.657,26.543,22.369,21.454,21.022,21.43,1.767,13.151,8.169,6.433,23.052,15.915,8.064,21.058,30.55,28.915,26.462,27.322,20.705,18.952,12.668,8.087,-42.894,-32.825,-2.455,16.092,26.581,23.837,19.774,NA,NA,27.335,27.515,27.412,21.046,-3.172,13.219
"1873-10",-21.312,-0.599,-2.767,11.823,17.303,15.019,22.187,24.127,26.671,22.572,27.459,26.346,27.667,10.499,20.636,6.567,7.108,10.783,6.922,18.154,24.501,28.002,26.245,25.931,23.559,23.884,23.495,23.648,-6.161,5.059,-0.244,-3.504,14.411,7.623,2.86,15.338,25.179,26.955,26.16,28.349,22.579,18.858,14.241,9.276,-40.031,-26.481,-7.871,13.639,26.715,24.528,18.24,NA,NA,26.46,27.438,27.291,22.066,-1.75,10.301
"1873-11",-24.101,-11.835,-11.016,2.601,10.017,11.197,18.338,23.693,25.826,22.268,26.879,26.591,26.352,12.494,21.71,9.232,2.476,4.936,-1.367,12.565,19.327,26.767,25.466,25.472,23.932,23.954,23.976,24.784,-17.642,-4.66,-11.454,-13.828,8.204,-0.048,-3.39,9.008,20.53,22.927,25.56,30.878,27.83,23.824,18.387,11.48,-31.659,-17.55,-8.669,11.9,26.962,25.246,15.953,NA,NA,26.006,26.938,27.117,23.14,-0.155,7.234
"1873-12",-28.047,-17.162,-21.653,-2.99,1.389,4.031,11.592,22.917,25.12,21.839,25.726,25.544,25.013,13.654,23.742,11.616,0.468,3.71,-4.912,10.598,15.606,24.687,24.293,24.431,23.699,25.493,24.647,25.767,-25.733,-13.069,-20.898,-23.165,2.752,-8.409,-9.125,3.969,17.436,19.234,24.971,32.053,29.474,25.18,19.968,14.895,-20.492,-9.234,-12.113,9.115,27.094,25.94,13.441,NA,NA,25.04,26.049,26.389,24.778,2.655,4.946
"1874-01",-31.147,-18.849,-28.121,-0.641,-1.813,-4.147,13.046,21.789,24.146,21.792,25.471,25.935,25.683,14.493,25.07,11.449,-3.032,1.445,-5.744,9.006,15.554,25.05,24.331,24.171,24.072,25.545,24.006,25.743,-24.125,-10.968,-18.659,-21.439,3.496,-9.469,-10.045,0.979,16.113,19.736,23.872,31.038,31.011,26.633,21.475,16.214,-20.104,-7.459,-24.435,8.471,27.306,26.994,12.261,NA,NA,24.022,25.536,26.073,25.931,3.95,4.477
"1874-02",-32.041,-15.259,-28.36,-4.353,-1.865,-4.156,14.028,22.535,24.349,21.662,25.221,24.958,23.95,15.064,23.835,13.686,-3.509,2.09,-5.915,9.401,15.264,24.156,24.43,25.272,24.009,24.325,24.349,25.949,-26.971,-10.851,-14.703,-19.568,5.559,-4.991,-11.187,5.02,18.273,20.613,24.782,29.728,28.93,25.117,20.994,15.705,-27.794,-13.181,-28.337,10.006,27.041,27.424,11.494,NA,NA,23.608,25.769,26.267,26.297,3.558,4.158
"1874-03",-32.175,-14.554,-20.934,3.66,9.157,3.879,17.299,22.659,23.83,22.006,25.572,25.047,24.71,13.755,22.714,10.681,-0.157,5.824,-1.671,11.798,19.308,28.05,25.907,26.54,24.284,23.917,23.675,25.624,-21.715,-4.391,-6.892,-15.284,8.403,2.778,-8.936,9.521,20.28,23.497,25.531,28.992,28.231,23.089,20.482,14.558,-37.205,-22.273,-24.452,6.119,27.278,27.673,12.147,NA,NA,24.272,26.595,26.721,26.095,1.789,5.974
"1874-04",-17.765,-5.568,-12.565,7.907,13.136,8.828,21.124,24.266,25.017,21.818,25.606,24.579,24.546,10.801,18.982,7.473,2.407,9.273,7.623,14.7,24.984,29.913,27.178,27.846,24.21,21.922,22.229,24.627,-10.936,6.204,0.548,-4.184,16.922,12.4,1.16,15.479,25.267,27.977,26.168,27.989,23.737,21.213,16.524,12.919,-41.057,-26.138,-15.208,12.795,27.187,26.98,12.921,NA,NA,26.408,27.763,27.302,25.399,-0.227,9.338
"1874-05",-9.924,1.511,-4.088,12.855,19.071,13.435,22.72,25.123,26.317,21.177,25.21,23.459,22.387,8.965,15.822,4.862,7.54,15.615,18.969,18.35,29.443,28.548,26.138,27.145,22.989,19.527,18.992,22.142,-1.4,13.869,6.548,2.127,23.841,16.655,5.338,19.499,29.916,31.826,26.679,23.834,17.822,15.506,13.523,9.888,-45.594,-33.365,-6.729,13.064,27.068,25.75,14.452,NA,NA,28.278,28.739,28.192,23.885,-1.682,11.54
"1874-06",-3.045,8.976,4.399,20.86,24.474,19.775,26.038,25.22,27.265,20.627,25.074,21.51,20.235,6.599,13.132,2.836,10.199,16.985,18.004,23.035,31.594,27.372,25.25,26.753,21.973,15.984,16.596,21.133,4.199,15.613,12.783,10.628,27.471,21.716,9.817,23.388,33.133,30.769,26.489,22.476,15.551,14.073,11.567,9.104,-44.896,-32.775,-1.269,14.823,26.862,24.648,16.473,NA,NA,29.184,27.776,27.488,23.154,-2.067,13.582
"1874-07",-1.724,10.337,7.722,24.654,30.652,24.076,27.386,24.968,27.858,20.651,25.143,21.42,20.62,5.012,11.613,1.933,13.698,19.949,19.649,26.019,31.266,27.148,24.88,26.034,20.512,15.427,15.377,19.281,7.832,19.37,17.615,14.291,28.075,23.605,10.833,25.328,34.05,28.964,26.316,21.479,14.612,11.788,10.395,6.962,-44.35,-34.623,-0.465,16.554,26.671,23.488,18.467,NA,NA,27.83,27.736,27.554,21.42,-3.416,14.63
"1874-08",-7.084,10.305,8.308,23.784,28.215,23.639,25.895,25.282,27.723,21.315,25.918,22.426,22.31,7.583,14.918,3.834,12.686,19.786,17.774,26.889,31.076,26.929,25.383,26.445,21.774,17.037,17.7,19.975,6.151,17.385,15.215,12.319,27.275,21.789,10.978,25.168,33.747,28.618,26.511,23.195,15.797,13.713,10.996,7.926,-41.913,-36.654,-0.617,17.127,26.625,23.316,19.066,NA,NA,26.94,26.928,26.904,21.364,-3.38,14.651
"1874-09",-13.059,5.436,4.495,20.186,24.421,19.991,24.943,24.882,27.58,22.3,26.645,24.287,25.019,9.193,17.796,5.575,9.452,14.452,11.333,22.657,28.987,27,25.558,26.776,22.665,20.218,20.129,21.294,1.972,11.825,8.205,5.847,22.316,16.563,7.984,21.22,30.675,27.942,26.216,25.398,19.014,17.113,12.284,9.102,-43.4,-33.385,-1.608,16.041,26.744,23.669,19.192,NA,NA,26.937,27.124,26.99,21.416,-2.344,12.754
"1874-10",-19.976,-1.552,-2.757,11.461,16.168,14.526,22.265,24.468,26.98,22.463,27.103,26.077,26.584,10.032,20.014,6.816,6.031,9.681,6.375,17.695,24.543,27.95,26.129,26.779,23.5,23.764,22.907,22.994,-6.341,4.05,-0.682,-3.612,15.067,6.278,1.75,15.659,26.451,26.935,26.075,28.924,24.288,20.458,15.43,10.136,-40.68,-27.703,-4.564,14.563,26.842,24.199,17.749,NA,NA,26.93,27.266,27.108,22.028,-1.702,10.099
"1874-11",-17.651,-7.081,-9.634,4.789,6.372,6.748,17.026,24.159,26.546,22.24,26.539,26.837,25.646,11.824,22.47,9.241,-0.402,3.013,-0.959,12.421,20.356,26.926,25.412,25.636,23.889,24.636,25.001,24.663,-16.537,-2.843,-12.213,-14.396,10.725,-2.075,-4.71,6.283,21.443,22.859,24.919,30.017,25.802,22.737,16.957,11.832,-32.616,-16.361,-16.178,13.248,27.378,25.21,15.48,NA,NA,26.09,26.967,26.993,23.368,0.82,7.26
"1874-12",-23.169,-13.985,-18.619,1.806,1.433,1.708,14.391,22.025,25.428,22.145,25.602,25.532,25.036,14.817,22.824,13.289,-4.419,0.251,-8.695,9.528,15.268,24.486,24.399,24.522,23.769,25.209,25.253,26.062,-26.03,-13.3,-23.019,-22.277,5.722,-6.652,-11.847,3.275,18.065,19.213,24.64,31.75,29.199,24.819,19.661,14.603,-23.474,-10.216,-15.494,11.888,27.757,26.258,12.352,NA,NA,24.877,26.25,26.535,24.434,2.714,4.774
"1875-01",-27.81,-17.342,-23.151,-0.89,-1.401,-0.789,13.138,21.562,24.174,21.824,25.284,24.905,25.165,14.924,24.834,11.533,-4.257,-1.601,-10.707,8.58,15.402,23.695,23.53,23.541,23.049,24.236,24.852,26.203,-28.619,-17.199,-25.327,-26.05,1.647,-13.002,-13.76,-0.194,14.997,17.427,24.199,30.835,30.432,24.617,21.324,14.993,-19.384,-8.072,-22.686,6.988,27.711,26.847,11.6,NA,NA,23.475,25.875,26.286,25.725,4.344,3.584
"1875-02",-23.58,-13.523,-26.982,1.184,-1.101,-2.156,13.579,22.336,24.793,22.453,25.946,24.885,24.774,16.068,25.071,13.67,-2.68,-2.49,-10.609,7.682,16.873,25.769,25.303,25.743,24.397,25.22,24.816,25.769,-26.679,-15.359,-22.262,-21.116,5.289,-9.607,-12.288,1.799,19,20.745,24.746,31.579,31.021,26.547,20.842,16.556,-29.378,-16.038,-20.836,7.339,27.593,26.75,10.586,NA,NA,23.811,26.007,26.398,26.534,3.498,3.898
"1875-03",-29.425,-11.542,-20.877,1.541,6.631,5.396,16.75,24.283,25.53,22.839,26.448,25.471,25.059,13.965,22.783,11.26,0.955,3.667,-4.29,11.754,19.075,28.064,26.325,27.232,24.884,24.212,24.112,25.623,-24.271,-6.116,-10.374,-19.436,8.529,1.205,-8.188,7.594,21.15,23.893,25.736,29.518,28.382,23.822,21.103,15.171,-36.043,-18.921,-26.921,8.001,27.612,27.148,11.096,NA,NA,24.686,26.706,26.927,26.403,2.495,5.903
"1875-04",-19.077,-4.267,-11.695,4.111,8.167,7.168,18.349,25.682,26.388,22.891,26.609,24.664,24.121,12.429,19.142,8.483,1.4,10.942,6.873,16.625,26.038,30.504,27.228,28.36,24.724,22.714,21.924,25.112,-12.827,4.354,1.301,-3.521,16.159,11.986,0.042,15.903,26.414,28.061,26.509,26.973,22.823,20.539,15.518,12.309,-43.554,-27.918,-16.298,11.452,27.513,26.628,11.5,NA,NA,26.351,27.825,27.524,25.629,0.429,9.063
"1875-05",-10.285,4.573,-0.811,12.847,19.692,14.938,22.985,26.207,27.312,22.176,26.059,23.995,22.952,7.843,14.931,4.161,6.002,12.757,11.87,18.455,29.931,29.66,26.54,27.686,23.184,19.624,19.052,22.248,-2.645,11.735,6.891,1.64,22.601,16.968,5.1,19.498,30.219,31.457,26.837,23.71,16.875,16.393,12.851,10.283,-42.815,-29.997,-7.188,13.338,27.411,25.703,14.175,NA,NA,27.896,28.877,28.282,24.03,-1.899,11.82
"1875-06",-2.862,10.128,4.114,17.063,23.395,19.913,25.581,26.761,27.472,21.502,25.666,22.167,21.023,7.73,13.823,2.917,11.496,17.881,17.276,23.796,32.632,28.097,25.95,27.635,22.469,16.069,17.29,20.176,3.66,15.48,11.749,9.583,26.802,21.494,9.359,23.03,34.108,32.942,26.407,20.692,13.943,13.032,10.811,7.648,-44.039,-33.005,-1.122,15.355,27.274,24.149,16.303,NA,NA,29.364,29.072,28.378,22.073,-1.908,13.739
"1875-07",-1.707,11.745,7.077,21.616,26.239,21.762,26.686,26.093,28.409,21.567,25.948,22.423,20.629,5.902,11.654,0.435,14.064,18.9,20.983,25.59,32.275,27.705,25.388,26.668,21.152,15.228,16.032,19.911,7.5,18.535,15.692,14.049,29.516,23.81,11.446,25.155,34.173,30.602,26.127,21.429,15.08,13.372,11.356,7.466,-48.926,-32.665,-0.358,17.072,27,23.465,18.146,NA,NA,28.326,27.722,27.664,21.809,-3.376,14.362
"1875-08",-6.851,10.013,7.772,22.196,28.251,23.069,26.824,25.833,28.323,21.858,26.233,22.29,21.882,6.257,12.835,1.988,12.625,17.808,18.863,25.431,30.771,26.697,24.999,26.609,21.621,17.839,17.897,19.851,7.141,19.143,14.312,12.74,26.818,21.563,10.827,24.359,33.122,28.707,25.79,21.198,15.281,12.812,10.674,7.819,-46.398,-34.103,-0.232,17.75,26.846,22.863,19.336,NA,NA,27.208,27.371,27.247,21.058,-3.282,14.1
"1875-09",-13.859,4.665,4.763,16.405,23.369,20.608,25.253,25.82,28.293,22.737,27.219,24.661,25.448,8.372,15.945,4.045,10.413,15.753,12.77,22.187,28.662,27.519,25.731,26.96,22.508,20.913,20.552,20.956,3.889,13.132,9.288,7.583,21.206,15.57,7.707,21.489,30.103,28.386,25.833,25.814,20.443,17.77,12.85,8.497,-45.629,-26.943,-3.735,16.777,26.904,23.436,18.688,NA,NA,27.175,27.126,26.946,21.36,-4.106,12.827
"1875-10",-15.409,0.527,-2.288,11.566,16.08,13.038,22.286,25.172,27.651,22.644,27.326,25.669,26.309,10.316,19.8,7.694,5.038,8.246,4.228,17.581,26.009,28.127,25.954,26.749,23.382,24.585,22.982,22.523,-6.308,4.207,0.155,-1.848,16.511,8.723,1.825,15.114,25.884,26.735,25.573,28.72,25.558,20.924,15.892,9.502,-41.714,-28.418,-10.386,15.056,27.065,23.783,17.384,NA,NA,26.879,26.561,26.35,21.74,-1.667,10.291
"1875-11",-21.838,-10.887,-14.648,1.65,6.377,6.797,16.928,24.298,26.778,22.246,26.5,26.268,25.679,12.196,22.125,8.638,2.245,3.103,-2.77,12.763,19.913,26.732,24.944,25.271,23.67,23.936,23.899,24.151,-19.432,-5.373,-10.828,-12.705,8.809,0.725,-6.045,10.916,22.764,23.547,25.809,30.212,27.625,23.66,18.471,10.612,-30.379,-19.237,-16.135,13.834,27.285,24.973,13.693,NA,NA,26.927,26.329,26.434,23.311,0.897,7.045
"1875-12",-27.746,-15.806,-18.433,-0.035,1.062,-0.048,13.878,23.286,25.138,22.188,25.909,25.881,25.481,14.544,24.548,12.145,-4.737,-2.53,-10.17,9.799,16.234,25.008,24.314,24.484,23.606,25.13,24.521,25.149,-30.012,-14.725,-24.991,-23.158,5.881,-5.345,-11.044,5.479,16.537,20.009,25.499,30.561,29.912,25.324,21.041,12.501,-23.269,-10.647,-22.268,10.233,27.473,25.858,11.842,NA,NA,25.34,26.538,26.773,24.186,2.327,4.483
"1876-01",-29.185,-13.503,-18.266,-0.517,0.251,-2.338,12.349,21.787,24.029,22.429,25.965,25.256,25.184,14.148,25.065,11.537,-3.731,-0.796,-10.815,8.508,14.041,23.68,24.288,24.449,24.184,25.241,25.81,26.057,-30.886,-20.451,-26.923,-30.586,0.77,-14.026,-12.761,-0.105,16.756,18.122,24.498,31.686,30.013,26.231,20.879,14.924,-21.06,-8.122,-16.206,3.693,27.732,26.725,12.491,NA,NA,23.832,26.354,26.552,25.991,3.969,3.542
"1876-02",-20.947,-12.081,-22.637,1.252,2.081,-2.666,13.525,22.274,24.012,23.377,26.973,25.186,25.375,15.104,25.496,11.818,-3.869,-3.265,-12.225,8.636,17.152,26.58,25.17,25.614,24.191,25.434,24.567,25.713,-30.291,-15.147,-20.745,-25.343,4.377,-6.28,-11.938,3.079,18.044,20.551,24.907,30.987,30.829,27.011,22.569,15.163,-27.249,-13.283,-24.941,4.662,27.53,26.968,11.374,NA,NA,23.982,26.365,26.768,26.558,3.965,4.365
"1876-03",-20.886,-8.456,-17.768,5.702,8.252,3.851,16.017,24.335,25.471,23.759,27.596,24.885,25.309,13.918,23.556,9.643,-3.097,0.289,-7.703,11.238,21.756,29.143,26.551,26.93,24.532,24.165,24.466,26.108,-25.784,-8.086,-13.124,-18.69,9.954,2.681,-7.613,8.312,22.263,24.464,25.931,30.255,29.08,25.881,19.14,13.478,-35.632,-24.971,-25.085,6.522,27.462,26.522,10.543,NA,NA,25.41,27.203,27.372,26.728,3.176,6.221
"1876-04",-19.462,-3.449,-12.704,9.637,13.856,10.796,19.21,25.408,25.372,23.296,26.927,24.76,25.283,12.043,20.352,7.422,2.791,6.869,2.256,14.904,26.547,31.237,27.816,28.175,25.016,22.771,23.288,24.963,-14.583,3.25,-3.872,-7.637,16.226,10.023,-0.493,14.099,25.113,28.295,27.018,28.021,24.064,20.636,16.661,12.501,-44.351,-32.956,-20.043,9.292,27.925,25.887,11.832,NA,NA,26.361,28.11,28.031,25.872,0.443,8.736
"1876-05",-10.638,5.621,-0.721,16.307,21.117,16.911,22.893,25.832,26.183,22.842,26.747,23.991,23.869,9.911,17.863,3.378,9.856,16.787,13.77,19.088,30.377,30.697,27.261,27.806,24.057,19.906,19.696,22.566,-3.185,10.527,5.487,1.419,22.611,18.328,7.623,20.091,30.175,32.395,27.23,25.049,19.641,16.766,13.694,8.667,-43.113,-33.585,-8.373,12.174,27.598,25.032,13.843,NA,NA,28.441,29.36,28.732,24.875,-0.474,12.432
"1876-06",-6.374,9.144,5.384,19.606,25.151,20.137,25.825,25.708,27.277,21.916,26.195,22.873,21.72,6.657,13.11,2.023,14.672,20.395,18.213,23.284,32.075,29.081,25.824,27.232,22.357,15.926,16.423,20.115,4.657,14.786,13.155,8.765,25.8,20.855,10.404,22.849,33.331,32.929,26.932,22.256,15.516,13.29,11.33,8.591,-46.597,-34.238,-0.905,14.058,27.169,24.68,15.601,NA,NA,30.215,29.098,28.602,22.695,-3.002,13.71
"1876-07",-1.933,10.753,8.098,24.079,28.575,23.235,26.854,25.325,27.982,21.543,26.054,21.718,21.435,6.33,12.874,1.481,14.703,20.493,20.369,25.969,31.859,27.992,25.006,26.32,20.885,16.006,15.734,19.696,7.636,20.339,17.961,14.126,27.484,23.898,11.777,24.903,33.945,30.512,26.469,22.507,15.972,14.424,10.884,7.487,-47.974,-33.871,-0.528,15.464,26.739,24,18.842,NA,NA,28.536,27.686,27.607,21.679,-4.922,14.682
"1876-08",-5.088,10.376,7.511,23.207,28.049,23.612,25.532,24.859,27.875,21.978,26.592,22.243,23.346,6.879,14.871,2.083,14.931,20.894,17.758,26.496,31.258,26.711,24.994,26.333,21.579,17.395,17.142,19.786,6.911,15.71,14.737,12.11,26.149,21.514,11.067,25.506,33.721,28.57,26.061,22.977,16.726,14.314,11.25,7.405,-45.532,-31.105,-0.78,16.018,26.437,23.458,19.726,NA,NA,27.737,27.448,27.373,21.139,-4.083,14.475
"1876-09",-12.991,5.543,4.614,17.739,24.671,20.306,25.205,25.078,27.44,22.59,27.391,24.215,25.597,8.959,16.683,4.643,9.168,14.968,11.046,22.973,28.971,27.034,25.514,26.662,22.198,21.587,20.52,20.958,2.795,11.527,7.922,7.483,21.039,14.101,7.957,20.41,30.169,28.154,26.112,26.776,21.466,18.476,13.811,8.918,-46.46,-32.174,-2.773,15.423,26.489,23.752,18.88,NA,NA,27.725,27.001,27.072,20.868,-4.04,12.582
"1876-10",-18.936,1.39,-0.544,12.576,18.092,13.962,21.48,24.361,27.043,22.235,27.327,26.146,25.639,10.878,19.915,8.56,5.845,9.77,8.028,17.226,25.774,27.778,25.978,26.267,23.28,24.163,23.391,23.022,-5.971,5.183,-1.503,-3.245,14.561,5.484,1.905,13.144,25.449,25.912,25.795,29.504,23.664,21.492,15.3,10.46,-40.573,-26.658,-5.943,13.847,26.51,23.978,17.702,NA,NA,26.659,27.288,27.128,21.638,-2.027,10.272
"1876-11",-24.977,-5.954,-8.604,3.676,8.034,8.136,15.956,22.892,25.861,21.831,26.57,26.664,25.476,11.801,21.672,9.286,2.916,6.25,-0.69,13.871,20.836,26.902,25.29,25.387,23.791,24.263,24.848,24.911,-20.224,-6.326,-15.78,-16.197,7.63,-2.079,-4.713,8.744,20.649,22.94,25.376,30.483,26.437,22.983,17.143,11.946,-32.3,-19.417,-6.079,11.932,26.452,24.718,15.757,NA,NA,26.365,26.544,26.583,23,0.65,6.989
"1876-12",-24.757,-11.161,-19.159,0.594,0.601,0.388,12.369,21.885,25.173,21.576,25.656,26.524,24.836,12.831,23.71,10.873,-1.267,2.447,-4.469,8.982,16.393,25.233,24.431,24.208,23.543,24.098,25.57,26.218,-26.314,-10.665,-21.847,-21.603,3.775,-7.564,-8.157,2.167,16.491,20.114,24.305,31.497,30.32,26.267,20.91,14.443,-21.978,-10.216,-15.72,9.822,26.834,26.043,12.769,NA,NA,25.066,26.282,26.398,24.252,3.069,5.144
"1877-01",-26.4,-14.072,-22.37,-0.428,2.32,1.127,13,21.426,23.658,21.363,25.004,26.058,24.935,14.459,24.989,12.053,-4.779,1.585,-10.356,8.305,13.925,23.408,23.567,23.946,23.364,23.921,24.574,25.722,-31.411,-15.63,-24.175,-29.886,2.184,-10.557,-12.793,0.625,15.575,17.996,24.136,29.589,31.972,27.01,22.943,14.949,-20.601,-8.421,-17.208,5.68,27.041,26.313,12.084,NA,NA,23.802,25.804,26.267,25.159,3.971,3.864
"1877-02",-23.697,-16.427,-22.283,-0.611,4.217,3.355,13.505,21.85,23.918,21.541,25.182,25.362,24.902,14.939,24.886,13.401,-7.67,-1.639,-12.333,9.184,18.849,27.136,25.363,25.788,23.832,24.565,24.939,25.327,-32.923,-17.828,-24.142,-26.382,5.149,-5.421,-10.323,4.548,18.295,21.02,24.682,28.044,30.207,26.025,24.191,15.037,-29.313,-14.168,-18.304,5.784,26.928,26.302,11.098,NA,NA,24.082,25.575,26,25.186,3.352,3.949
"1877-03",-29.66,-19.131,-24.616,1.823,4.799,2.656,17.021,23.45,24.247,21.75,25.265,24.932,24.5,13.029,22.65,9.977,-0.496,3.302,-6.01,11.796,20.06,27.73,25.778,26.684,23.981,23.521,23.51,24.924,-22.53,-10.292,-15.603,-19.126,8.522,0.45,-7.105,7.262,21.286,23.642,25.69,28.65,27.798,24.566,21.348,14.896,-37.585,-22.925,-22.892,7.078,26.992,26.702,11.548,NA,NA,25.144,26.583,26.628,25.208,2.609,4.773
"1877-04",-20.133,-8.285,-12.374,6.97,15.402,10.302,20.563,24.405,24.9,21.91,25.598,25.696,24.826,10.527,19.316,7.544,3.915,9.533,6.859,15.174,24.795,29.534,26.389,28.176,24.326,22.629,22.009,24.149,-10.889,2.614,-2.158,-6.463,13.63,7.916,-0.034,13.945,26.08,28.133,26.173,27.302,22.233,20.044,15.373,12.841,-42.45,-27.438,-10.396,11.11,26.898,26.267,13.175,NA,NA,26.727,27.902,27.597,25.053,0.655,8.624
"1877-05",-12.012,2.939,-1.58,14.685,20.617,14.342,23.979,24.559,25.588,21.542,25.519,24.3,23.58,7.371,15.651,3.118,8.258,16.698,14.806,18.41,30.295,29.94,26.671,28.368,23.536,19.55,20.275,22.712,-4.246,8.331,5.853,1.686,22.474,17.334,6.424,19.748,30.999,31.626,26.602,25.925,18.797,17.662,13.408,9.867,-46.497,-33.003,-7.036,13.423,27.172,25.838,14.187,NA,NA,28.996,28.048,27.624,23.796,-1.808,11.611
"1877-06",-6.795,8.214,5.145,19.382,27.302,22.048,25.725,24.936,26.866,20.737,25.144,22.231,21.352,7.055,14.95,1.906,12.205,18.604,17.769,22.974,31.065,28.299,25.19,26.781,21.508,16.537,17.489,20.486,4.856,16.981,15.465,10.337,25.284,20.76,9.824,22.211,32.414,30.338,26.286,20.823,13.45,13.077,10.177,8.977,-48.434,-31.398,-0.685,14.967,26.905,25.461,16.882,NA,NA,28.714,27.475,27.311,21.943,-3.12,13.399
"1877-07",-1.583,11.443,7.384,24.107,30.279,24.331,26.702,24.386,27.161,20.368,24.98,21.888,20.569,6.266,12.687,1.513,11.495,17.966,18.181,25.73,31.078,26.637,23.903,24.8,20.302,14.534,15.383,19.009,7.344,19.695,17.736,11.699,28.103,23.323,11.197,25.194,33.278,28.061,26.096,20.28,13.33,12.504,9.854,7.316,-44.11,-30.972,-0.363,16.429,26.57,24.092,19.175,NA,NA,27.076,27.182,27.003,20.811,-3.309,14.402
"1877-08",-4.469,8.778,7.303,22.456,29.753,24.322,26.253,24.962,27.708,21.182,25.848,21.796,22.676,7.127,16.248,1.424,11.985,17.523,15.878,25.59,30.923,26.05,24.325,25.556,21.118,17.12,17.227,19.68,6.182,15.339,14.12,10.69,26.747,21.206,10.11,24.542,33.584,27.786,26.094,24.316,16.527,15.081,11.027,8.637,-45.799,-28.749,-0.12,16.543,26.191,23.848,19.857,NA,NA,26.451,26.66,26.554,20.505,-4.699,14.087
"1877-09",-12.232,5.696,4.799,18.194,23.184,19.369,25.191,24.756,27.533,22.065,26.935,25.033,25.847,9.356,18.726,5.08,8.336,15.096,14.811,23.084,29.027,26.724,25.003,25.908,21.473,20.926,19.376,20.329,1.759,12.739,7.208,5.698,21.688,15.484,7.998,21.26,30.001,27.527,26.281,26.87,18.521,16.738,11.846,7.674,-45.671,-32.4,-3.918,16.104,26.313,23.969,19.418,NA,NA,26.161,26.627,26.546,20.504,-3.744,12.551
"1877-10",-18.813,-0.156,-1.601,13.185,16.698,13.683,21.657,24.224,26.817,21.847,26.774,25.967,25.421,9.568,19.946,6.976,4.603,10.474,5.678,18.618,24.834,27.396,25.76,25.841,23.167,22.501,22.911,23.33,-6.722,1.822,-2.317,-3.917,13.922,5.806,1.985,14.879,24.65,25.788,25.952,29.237,23.42,19.707,14.968,10.175,-36.261,-28.734,-7.375,14.323,26.42,24.89,17.202,NA,NA,25.778,26.659,26.473,21.461,-0.886,10.125
"1877-11",-22.394,-8.641,-6.649,6.268,8.773,6.887,17.758,23.124,25.652,22.086,26.746,26.677,25.858,13.201,22.575,9.742,-0.5,2.851,-2.173,13.88,21.31,26.936,25.25,25.157,23.47,23.975,23.429,24.13,-22.278,-5.917,-14.11,-15.792,9.179,-2.507,-5.199,7.324,20.276,22.223,24.975,29.039,26.833,21.501,17.734,11.964,-31.223,-18.339,-18.735,11.116,26.969,25.112,15.293,NA,NA,25.29,26.402,26.374,22.429,0.447,6.976
"1877-12",-27.813,-10.899,-17.124,2.033,0.833,-0.598,13.022,21.27,24.47,21.465,25.496,24.919,24.862,13.92,25.02,11.537,-2.645,2.129,-2.789,10.338,16.004,25.097,24.299,24.63,23.474,24.369,23.883,24.529,-24.865,-8.078,-18.261,-24.732,5.093,-5.529,-9.003,3.253,18.856,18.92,24.056,30.05,28.069,24.059,19.594,13.942,-23.355,-11.982,-24.715,9.364,26.931,25.761,13.342,NA,NA,24.71,25.555,25.872,24.083,2.944,5.232
"1878-01",-26.327,-16.537,-25.845,-1.973,-0.963,-2.272,11.247,21.345,24.235,21.29,24.76,24.128,24.1,14.606,24.633,13.024,-3.366,-3.285,-12.842,5.874,12.874,23.177,23.331,23.747,23.294,24.483,24.962,25.513,-29.729,-20.937,-27.761,-25.879,0.39,-12.297,-11.566,-0.373,15.188,17.682,24.544,30.066,28.931,23.776,20.508,14.956,-21.728,-9.838,-11.315,6.348,27.368,26.596,10.899,NA,NA,23.575,25.303,25.789,24.785,3.742,2.669
"1878-02",-31.809,-16.197,-30.837,-1.689,0.543,-2.177,16.684,22.18,24.151,21.671,25.136,24.419,24.31,15.507,24.776,12.676,-3.419,-3.235,-12.723,6.842,15.571,25.579,24.662,25.09,24.422,24.953,24.833,25.389,-28.736,-16.441,-20.342,-24.964,0.653,-6.893,-9.342,2.944,15.187,20.618,24.205,29.812,26.499,25.411,19.332,16.422,-29.532,-14.952,-16.22,7.327,27.259,27.177,10.18,NA,NA,23.471,24.974,25.501,25.752,3.302,2.942
"1878-03",-25.178,-14.746,-19.941,4.103,5.164,4.056,17.429,22.893,24.789,21.78,25.531,24.982,24.378,13.678,22.213,9.752,-1.649,1.319,-5.814,10.648,21.039,28.542,25.8,26.47,24.427,24.168,22.955,24.517,-22.549,-6.268,-9.972,-15.982,9.918,2.765,-6.845,7.699,20.905,23.598,25.015,29.984,27.576,23.444,19.805,14.58,-37.285,-21.667,-21.431,4.815,26.894,26.727,10.778,NA,NA,24.513,26.126,26.231,25.995,1.443,5.703
"1878-04",-16.508,-4.711,-13.312,7.297,13.599,11.306,19.996,24.164,25.614,21.582,25.461,23.745,23.629,12.368,20.484,8.622,2.454,7.698,4.868,14.588,23.769,29.415,26.284,27.273,23.818,22.913,23.171,24.767,-13.522,2.172,-1.096,-7.529,13.406,8.84,-0.931,14.575,24.374,26.381,25.99,26.323,21.021,20.018,14.958,13.688,-43.268,-29.961,-11.521,9.886,27.009,26.138,11.836,NA,NA,26.163,27.376,27.095,25.279,-0.631,8.285
"1878-05",-10.051,2.36,0.234,14.935,19.499,13.909,22.749,24.898,26.206,21.238,25.166,23.262,22.808,8.995,16.972,5.446,8.112,17.537,14.449,20.018,30.372,29.781,26.028,26.803,23.273,19.227,20.176,22.7,-5.237,8.408,6.109,2.071,22.033,16.335,5.636,19.711,30.378,30.76,26.084,23.558,16.79,15.992,12.333,9.668,-44.448,-36.107,-8.536,11.286,26.88,25.113,13.703,NA,NA,27.718,28.198,27.703,24.607,-1.45,11.525
"1878-06",-3.417,8.156,3.924,17.713,26.03,20.295,26.223,24.919,27.346,20.749,24.819,21.723,20.536,6.02,13.69,2.221,10.353,16.798,18.652,22.554,31.213,28.937,25.47,26.484,21.881,16.944,17.292,20.893,3.177,15.431,12.1,9.244,27.806,20.291,9.026,22.492,33.114,30.662,26.062,21.137,14.766,12.128,11.142,8.59,-43.602,-33.016,-1.505,13.685,26.675,24.278,15.978,NA,NA,28.995,27.584,27.133,22.976,-2.519,13.438
"1878-07",-2.541,10.858,8.994,22.549,30.487,23.645,26.848,24.525,27.965,20.446,24.857,21.556,20.448,6.279,13.949,1.885,12.662,18.108,18.267,26.22,31.642,27.428,24.665,25.987,21.126,16.208,17.01,19.914,5.538,18.717,15.609,12.432,28.386,23.638,10.659,24.58,33.634,28.483,25.77,18.695,12.82,10.247,9.912,6.476,-43.36,-34.101,-0.492,15.326,26.508,23.763,18.58,NA,NA,27.68,27.004,26.888,21.512,-2.902,14.411
"1878-08",-6.488,9.526,8.587,22.65,27.819,22.504,25.667,25.096,27.995,21.481,25.828,22.15,22.207,5.911,15.046,0.794,12.212,18.917,18.368,26.157,31.134,26.496,24.735,26.033,21.33,18.369,18.23,20.109,8.547,19.165,15.632,10.795,26.697,22.443,10.609,24.912,33.422,27.931,25.61,22.079,16.042,13.398,10.873,8.031,-47.255,-36.246,-1.569,16.171,26.564,23.821,19.437,NA,NA,27.279,26.623,26.693,20.945,-3.667,14.144
"1878-09",-12.1,6.649,2.86,18.108,21.129,17.801,25.658,24.871,28.018,22.363,26.809,24.575,26.474,8.357,18.501,3.419,10.127,15.621,13.704,22.855,28.409,27.076,25.077,26.34,22.044,20.407,20.13,20.801,2.142,11.987,6.562,4.039,21.048,14.842,7.751,21.005,30.283,27.608,25.702,23.184,17.727,15.28,12.715,8.423,-45.121,-32.579,-4.298,16.154,26.661,24.01,19.395,NA,NA,27.2,26.94,26.745,20.668,-3.404,12.309
"1878-10",-14.21,-0.04,-1.965,11.971,16.668,14.291,21.777,24.342,27.217,22.799,27.328,26.151,26.166,11.16,20.341,8.07,5.933,11.788,5.724,18.467,25.59,27.997,25.928,26.47,22.945,24.084,23.289,22.548,-8.209,2.373,-1.311,-3.792,15.721,6.014,0.995,14.519,26.086,25.961,25.56,28.027,23.087,19.228,15.125,10.039,-43.139,-22.322,-6.891,13.767,26.886,23.907,17.852,NA,NA,26.168,26.959,26.726,21.315,-2.441,10.072
"1878-11",-18.542,-9.279,-10.413,2.601,5.144,6.386,15.67,23.183,26.083,21.934,26.086,25.896,25.172,11.873,22.45,9.748,2.832,3.479,-2.538,12.537,20.811,27.395,24.827,25.081,23.201,24.547,24.795,24.593,-23.205,-7.08,-13.395,-15.769,9.648,1.537,-4.553,11.157,22.505,23.078,25.335,30.065,27.093,22.884,18.567,11.041,-29.771,-16.07,-16.565,10.644,27.111,24.73,14.335,NA,NA,26.542,26.518,26.716,22.994,0.659,7.145
"1878-12",-27.88,-12.481,-19.91,-3.476,-0.998,1.458,13.105,22.804,24.878,22.036,25.647,26.475,25.274,13.704,24.634,10.556,-2.322,-0.766,-8.266,9.23,16.29,24.321,23.915,23.835,23.044,24.183,24.97,25.73,-27.343,-12.659,-21.067,-23.673,4.31,-7.62,-10.577,3.403,17.195,19.319,24.894,31.561,30.795,25.394,21.3,12.209,-20.655,-9.02,-26.658,7.95,27.409,25.234,12.438,NA,NA,24.936,26.482,26.741,24.535,3.09,4.843
"1879-01",-26.591,-20.508,-28.499,-8.232,-8.765,-7.837,12.305,22.378,24.632,22.111,25.371,25.459,24.811,14.64,24.575,13.387,-2.965,-0.673,-11.011,6.98,12.756,22.438,23.493,23.862,23.127,24.778,24.476,26.041,-27.338,-14.501,-22.382,-25.444,2.807,-8.466,-14.537,2.002,16.389,18.022,24.644,29.223,32.178,26.808,25.012,14.015,-20.952,-7.279,-25.678,6.849,27.291,26.236,10.467,NA,NA,24.215,26.247,26.525,25.374,3.854,3.159
"1879-02",-23.945,-17.897,-27.046,-2.049,-2.523,-5.237,13.403,21.594,23.778,22.464,26.151,24.994,25.001,14.214,24.016,11.288,-6.17,0.442,-10.051,10.948,18.696,26.623,25.415,25.58,24.07,24.213,24.312,25.99,-33.883,-15.032,-22.003,-27.733,4.253,-5.063,-11.512,4.766,16.754,20.793,24.678,29.932,31.113,27.298,22.4,16.408,-29.033,-14.332,-26.905,4.753,27.153,26.877,9.808,NA,NA,23.784,26.192,26.47,25.954,3.909,3.592
"1879-03",-29.698,-14.035,-23.252,1.327,2.232,2.188,15.988,23.247,24.91,22.69,26.509,24.835,24.886,14.08,23.717,10.189,-3.56,1.584,-9.116,11.65,20.273,28.405,26.09,26.851,24.395,24.001,23.181,25.322,-27.211,-8.496,-11.686,-14.767,9.327,3.127,-7.485,9.262,20.686,23.67,25.283,28.365,27.025,24.419,20.143,13.851,-35.169,-23.404,-33.134,7.669,27.291,26.783,10.828,NA,NA,24.99,26.551,26.683,26.539,3.151,5.288
"1879-04",-23.042,-5.172,-15.243,9.253,12.66,8.514,19.555,24.249,24.949,22.396,25.999,23.938,24.301,11.376,21.167,6.991,3.114,9.353,4.83,14.825,25.684,30.627,26.998,27.445,23.95,23.088,22.616,25.185,-12.445,3.384,-1.149,-5.546,15.096,10.115,-0.255,14.494,25.16,28.215,26.39,27.212,25.116,20.748,17.577,11.159,-43.348,-29.806,-19.066,11.068,27.288,26.172,12.319,NA,NA,26.225,27.687,27.38,26.159,-0.664,8.692
"1879-05",-8.856,3.821,-0.806,15.763,21.226,15.69,22.56,25.566,26.713,22.279,26.129,23.297,22.881,8.359,15.691,4.083,7.544,16.132,11.923,19.955,29.38,30.404,26.624,27.874,23.801,20.129,20.291,23.334,-3.512,9.286,6.196,1.946,21.215,17.249,4.772,19.304,29.854,31.562,26.579,24.867,20.243,17.25,14.22,9.756,-45.588,-31.318,-8.785,12.65,27.391,25.275,13.318,NA,NA,28.162,28.887,28.172,25.023,-2.044,11.797
"1879-06",-3.143,9.692,3.841,19.733,25.124,18.874,24.917,25.584,27.391,21.052,25.433,21.535,20.053,5.913,12.924,1.774,11.101,17.131,15.183,23,32.08,28.71,25.771,27.225,22.753,15.837,17.31,20.378,4.299,15.64,12.91,7.472,27.302,21.472,8.412,22.189,33.767,32.026,26.374,22.654,16.097,14.073,11.622,9.556,-44.384,-35.591,-2.233,14.682,26.802,24.172,15.559,NA,NA,29.743,28.607,28.12,23.155,-3.108,13.529
"1879-07",-2.874,11.312,7.592,24.624,29.139,22.929,27.111,25.397,28.208,21.214,25.503,20.946,20.692,6.692,14.499,1.524,12.779,19.288,18.281,26.17,32.446,27.719,24.716,25.955,20.541,15.104,15.046,18.926,5.724,18.71,16.836,12,27.653,22.913,11.633,24.603,34.193,29.499,26.058,20.792,13.571,12.805,9.725,7.273,-47.41,-33.737,-0.671,16.397,26.742,23.095,17.628,NA,NA,28.002,27.694,27.56,21.786,-4.48,14.268
"1879-08",-4.722,9.61,8.079,22.965,27.528,22.843,26.578,25.186,28.029,21.932,26.375,21.885,22.842,7.566,15.746,2.543,13.58,20.163,18.643,26.303,31.185,26.706,24.863,26.273,21.828,17.954,17.883,20.128,8.111,18.144,16.175,11.689,26.312,21.957,10.95,24.855,33.693,29.104,25.826,23.047,14.88,13.925,10.543,7.639,-48.334,-36.096,-1.286,16.168,26.486,22.641,19.263,NA,NA,27.016,27.143,27.015,21.738,-3.562,14.244
"1879-09",-14.569,6.173,2.514,18.49,21.966,18.909,25.875,24.869,27.756,22.483,27.244,24.329,25.395,7.618,16.219,3.515,9.77,15.557,14.106,23.19,28.69,27.463,25.507,26.799,22.677,21.453,21.32,21.655,1.574,13.79,8.587,5.043,21.154,15.681,8.486,20.575,30.283,27.837,25.722,25.636,19.478,16.752,13.025,7.611,-43.008,-32.384,-2.768,16.458,26.482,22.817,18.914,NA,NA,27.191,26.963,26.742,21.683,-3.07,12.716
"1879-10",-17.819,-1.415,-3.893,11.552,15.952,14.325,21.6,24.319,27.292,22.656,27.519,26.008,26.641,10.671,19.713,7.45,5.333,13.138,6.073,19.25,26.055,27.815,25.711,25.908,23.477,23.885,23.093,23.71,-9.01,2.154,-0.649,-1.451,15.116,7.773,1.213,16.254,25.616,26.449,25.684,27.844,22.666,21.278,14.953,10.228,-39.391,-26.387,-8.871,14.423,26.848,23.314,16.858,NA,NA,26.273,27.397,26.942,22.857,-1.942,10.242
"1879-11",-20.715,-10.463,-7.505,4.406,8.774,9.086,16.931,23.299,26.624,22.306,26.43,26.894,25.976,12.071,21.763,8.809,0.468,4.508,-2.494,13.255,19.37,25.734,24.61,24.916,23.701,24.098,24.228,24.719,-21.195,-5.058,-11.437,-15.713,9.885,-0.702,-6.237,8.52,21.89,23.036,25.042,30.061,26.566,22.943,16.824,12.349,-31.473,-19.279,-17.143,12.079,26.855,24.299,14.858,NA,NA,26.741,26.45,26.322,23.873,1.033,7.037
"1879-12",-27.163,-17.649,-19.931,-2.601,0.013,0.789,13.483,22.824,25.573,22.036,25.721,25.55,25.356,13.29,24.189,10.354,-3.151,-2.46,-10.275,7.501,14.582,23.899,23.654,23.54,23.03,24.316,24.458,25.646,-26.601,-10.144,-18.107,-20.143,3.102,-5.564,-12.065,4.352,16.451,19.699,24.606,31.205,30.433,25.416,21.235,14.725,-22.772,-11.029,-24.149,9.244,27.358,25.357,12.597,NA,NA,25.342,26.4,26.649,24.721,3.292,4.455
"1880-01",-30.743,-13.273,-21.711,0.063,-0.044,-2.182,12.906,21.284,24.014,22.031,25.56,25.8,25.13,14.49,25.134,12.627,-5.501,-1.448,-14.315,6.844,14.036,23.476,22.875,23.209,22.717,24.409,23.949,25.515,-31.463,-15.353,-21.072,-27.03,-0.238,-9.557,-13.589,1.883,15.462,18.445,24.194,29.996,32.111,26.975,23.084,16.702,-21.363,-8.63,-32.074,8.102,27.609,26.098,11.826,NA,NA,24.518,25.575,25.921,25.575,4.299,3.625
"1880-02",-26.118,-15.032,-26.48,0.636,-0.028,-2.361,14.571,22.634,24.718,22.348,25.649,25.769,25.079,14.702,25.076,12.682,-3.442,0.171,-8.249,8.735,16.198,25.738,24.893,24.685,23.763,24.359,24.423,25.704,-29.017,-13.838,-21.784,-23.909,2.863,-6.5,-12.629,3.475,17.044,20.056,24.463,29.3,29.695,26.031,20.5,15.931,-26.072,-13.728,-24.836,6.424,27.898,27.2,10.645,NA,NA,23.898,25.501,25.762,25.806,4.16,3.967
"1880-03",-24.005,-9.993,-15.512,3.782,8.504,6.046,15.845,23.705,24.968,22.623,26.294,25.542,24.836,13.098,22.707,9.77,-3.258,-0.227,-11.26,11.513,20.564,28.016,26.172,26.57,23.672,23.845,23.232,25.133,-26.585,-11.107,-13.059,-16.869,8.556,1.755,-7.218,8.674,21.875,24.013,25.288,28.71,28.721,23.751,21.021,14.16,-35.958,-20.661,-22.269,7.374,27.786,27.263,10.976,NA,NA,25.234,26.439,26.415,25.668,3.237,5.786
"1880-04",-19.486,-5.418,-9.869,6.83,11.812,11.866,18.541,25.926,26.444,23.067,26.51,25.339,25.374,12.254,21.822,7.182,0.257,7.299,0.311,17.148,25.045,29.846,26.88,27.726,23.862,23.077,22.521,24.96,-16.732,0.661,-1.959,-6.673,15.473,10.746,-0.014,15.137,26.212,28.681,26.468,26.728,22.45,20.47,16.021,10.903,-42,-25.934,-17.623,8.62,27.696,26.465,12.286,NA,NA,26.81,27.802,27.335,25.261,-0.6,8.791
"1880-05",-12.395,3.059,-2.586,15.322,18.644,14.563,22.991,25.716,26.938,22.363,26.154,23.975,23.744,9.199,18.089,4.371,7.103,15.884,14.262,20.003,29.633,30.472,26.692,26.96,23.323,20.262,19.971,22.378,-3.298,10.582,6.913,2.353,20.923,15.018,3.985,18.451,29.296,31.237,26.914,24.337,17.634,16.194,12.619,10.173,-45.51,-28.712,-7.584,12.629,27.423,24.796,13.892,NA,NA,28.267,29.158,28.219,23.691,-2.916,11.635
"1880-06",-3.963,10.509,4.404,19.18,21.244,17.113,25.161,26.025,28.299,21.515,25.661,22.678,20.881,6.41,12.528,1.565,10.265,17.951,18.247,23.591,32.668,28.722,25.962,26.565,21.956,16.639,17.103,20.709,4.677,15.888,11.961,9.244,25.972,21.049,8.539,22.129,32.848,32.613,26.66,23.813,16.618,15.889,11.774,8.533,-45.292,-31.069,-1.344,14.82,27.249,24.28,16.31,NA,NA,29.622,28.37,27.82,22.741,-2.679,13.63
"1880-07",-2.665,11.833,6.824,21.502,26.423,21.063,26.724,25.573,28.599,21.793,26.082,22.701,22.186,6.966,13.774,2.822,11.379,19.313,19.728,26.749,33.822,28.086,25.48,26.489,21.326,16.588,17.137,20.311,7.485,20.475,16.297,11.656,27.524,22.892,11.086,24.925,34.191,31.624,26.221,20.944,14.002,11.719,10.594,7.373,-45.396,-28.961,-0.383,16.557,26.945,23.506,18.372,NA,NA,28.065,27.324,27.066,21.88,-3.449,14.812
"1880-08",-5.227,9.291,7.942,20.972,28.319,22.739,26.725,25.621,28.632,22.222,26.41,22.622,23.509,7.785,15.921,2.648,13.195,19.004,19.462,25.968,31.621,27.295,25.38,26.398,21.722,18.255,18.03,20.361,8.453,16.71,14.166,10.179,26.864,21.613,10.874,25.214,33.905,29.91,25.883,22.349,15.24,13.693,10.874,7.463,-41.169,-33.526,-0.723,16.857,26.989,23.021,19.284,NA,NA,27.153,26.958,26.773,21.724,-3.747,14.778
"1880-09",-9.976,5.97,2.721,19.498,21.228,18.423,25.941,25.273,28.381,22.567,27.083,25.14,25.555,9.418,18.669,4.854,8.572,14.02,11.238,23.716,30.086,27.763,26.076,27.061,22.038,22.001,20.677,21.194,0.133,9.354,5.893,4.806,21.154,15.451,7.579,20.679,30.174,28.998,25.751,24.997,18.729,16.302,11.98,8.62,-47.036,-38.5,-3.799,16.876,26.928,23.046,18.769,NA,NA,27.172,27.04,26.832,21.116,-3.627,12.192
"1880-10",-20.678,-0.59,-3.234,9.891,13.283,12.469,21.185,24.833,27.244,22.561,27.157,26.434,26.269,10.027,20.673,6.238,4.967,10.446,7.033,18.525,26.665,28.475,26.119,26.469,23.357,23.609,23.404,23.514,-10.205,4.26,-1.001,-3.399,16.371,8.603,1.271,15.596,26.185,27.51,25.662,27.833,24.236,21.125,16.049,9.273,-40.659,-26.622,-11.361,14.707,26.899,23.638,17.106,NA,NA,26.843,26.645,26.391,21.899,-2.025,10.12
"1880-11",-21.56,-7.292,-9.014,5.103,7.687,6.838,16.998,23.634,26.528,22.446,26.479,26.663,26.301,13.616,24.274,9.249,-3.777,1.87,-4.419,13.491,21.353,27.139,25.453,25.364,23.616,24.108,23.438,24.35,-26.403,-5.62,-12.382,-16.418,10.649,-0.181,-6.13,9.961,22.986,23.436,25.246,31.676,28.873,24.471,18.261,11.062,-29.097,-15.66,-19.693,12.661,27.272,24.82,14.896,NA,NA,26.926,26.709,26.663,22.842,0.146,7.372
"1880-12",-22.82,-13.321,-22.023,-2.852,1.541,1.441,13.581,23.202,25.845,21.972,25.409,25.683,25.037,14.066,24.892,11.698,-3.822,-0.692,-8.08,7.829,13.925,23.664,23.561,23.839,22.969,25.295,25.657,25.049,-28.144,-11.461,-22.249,-25.544,3.464,-5.848,-9.906,5.18,17.267,20.416,25.176,31.442,30.667,26.315,21.754,12.695,-22.344,-9.602,-23.427,9.535,27.345,25.358,12.533,NA,NA,25.851,26.519,26.794,24.209,3.072,4.618
"1881-01",-26.221,-13.152,-23.198,-1.299,1.174,-2.158,12.485,21.142,23.897,22.5,25.908,25.801,25.342,15.088,26.14,11.769,-8.868,-2.673,-12.325,8.029,13.264,23.051,23.807,24.126,22.978,25.154,26.335,26.252,-32.497,-13.768,-21.726,-27.468,2.915,-9.853,-14.717,0.021,16.204,18.068,23.86,31.576,32.252,27.368,23.17,13.9,-22.727,-9.172,-21.306,4.979,27.63,26.086,12.39,NA,NA,24.57,25.742,26.171,25.209,4.068,3.651
"1881-02",-29.636,-13.422,-27.207,2.02,1.518,-1.758,14.961,20.883,23.428,22.789,26.434,26.089,25.684,15.587,25.593,11.816,-3.779,-0.765,-9.569,7.5,15.057,26.142,24.962,25.197,23.97,24.973,25.264,25.943,-28.709,-13.405,-21.092,-24.76,5.819,-4.755,-12.503,2.888,18.153,21.424,24.51,29.319,28.575,26.927,20.949,15.312,-28.492,-12.196,-25.386,6.714,27.503,26.577,11.925,NA,NA,24.824,25.776,26.04,25.802,3.771,4.001
"1881-03",-29.962,-8.891,-18.623,6.476,7.769,4.544,15.896,23.201,24.119,23.063,26.879,25.821,25.162,13.461,22.825,9.889,0.214,1.352,-6.637,10.223,20.238,29.536,26.681,27.012,24.677,24.231,23.913,25.913,-22.385,-8.47,-16.341,-18.896,7.1,0.251,-7.539,6.51,21.252,25.287,25.877,29.686,27.111,24.625,18.115,15.312,-36.319,-23.447,-19.814,6.446,27.647,26.409,11.59,NA,NA,25.84,26.665,26.663,25.857,2.343,5.67
"1881-04",-22.184,-4.155,-11.812,9.389,14.484,11.396,19.435,24.964,25.794,22.945,26.592,24.925,24.242,12.021,20.675,8.25,2.46,6.572,3.274,14.672,24.111,30.344,27.194,28.283,24.634,23.258,23.202,25.244,-10.605,3.118,-0.31,-6.965,14.402,10.166,-0.809,14.389,24.734,29.002,26.709,26.642,22.156,19.63,15.519,12.354,-40.956,-30.17,-14.595,10.671,27.528,26.018,12.978,NA,NA,27.015,28.354,27.824,26.143,0.297,8.96
"1881-05",-11.173,3.194,-1.635,16.459,20.053,13.723,22.977,25.622,26.695,22.122,26.102,24.237,23.34,8.614,15.868,5.039,7.732,16.56,15.349,19.052,30.143,30.742,27.322,28.094,24.069,20.324,20.295,23.081,-1.2,8.606,6.255,2.5,21.089,14.97,5.551,19.045,30.114,32.21,27.272,24.123,18.205,16.527,12.824,10.732,-44.677,-29.736,-9.099,12.804,27.365,25.4,14.944,NA,NA,28.311,29.467,28.581,24.908,-1.939,11.914
"1881-06",-4.388,9.328,3.701,20.54,23.17,18.116,25.434,24.882,27.501,21.475,25.743,22.861,21.543,5.094,12.848,1.96,12.443,19.194,19.303,22.823,31.663,28.847,26.102,27.672,22.571,16.988,17.101,20.626,4.902,16.371,12.924,7.82,26.191,20.767,9.009,22.383,33.697,33.033,26.869,20.851,13.354,13.354,9.938,8.862,-44.091,-32.795,-1.426,14.339,26.967,24.887,16.413,NA,NA,29.853,28.697,27.93,23.161,-3.047,13.683
"1881-07",-3.104,12.282,9.231,23.929,26.976,22.045,26.897,25.219,28.489,20.805,25.376,21.961,20.198,6.156,12.614,2.146,12.898,19.154,21.663,25.784,31.658,27.872,25.383,26.796,21.372,16.268,16.925,19.918,9.026,19.5,17.39,13.408,27.129,22.97,12.239,23.877,34.01,30.96,26.221,21.176,14.274,12.727,9.87,7.131,-47.879,-36.343,-0.78,16.086,26.461,23.731,18.646,NA,NA,28.496,27.497,27.406,21.92,-4.156,14.461
"1881-08",-4.746,10.684,8.148,23.811,27.983,23.12,27.028,24.948,28.109,21.222,25.924,21.97,21.665,7.22,14.886,1.804,13.916,18.845,20.634,25.655,30.33,26.945,25.057,26.109,21.529,17.997,17.935,19.634,7.103,19.525,13.583,10.838,27.264,21.891,11.088,25.153,32.7,29.421,25.825,20.046,14.148,12.15,9.801,7.662,-45.799,-31.664,0.118,16.718,26.351,24.004,20.467,NA,NA,27.607,27.174,27.181,20.937,-4.18,14.327
"1881-09",-10.355,6.534,5.801,19.205,24.964,19.593,25.662,24.716,27.749,22.295,26.986,23.457,25.736,8.21,17.911,3.833,8.762,13.896,12.896,23.409,29.4,27.818,25.736,26.981,22.252,20.741,19.805,20.94,1.185,12.78,7.976,6.552,21.594,14.58,7.643,20.718,30.486,28.792,25.894,25.261,20.234,17.686,13.474,9.348,-47.94,-31.475,-5.557,15.684,26.405,24.16,19.713,NA,NA,27.507,27.118,27.007,21.324,-3.908,12.622
"1881-10",-19.168,-0.692,-1.737,10.352,15.277,14.062,22.172,24.293,27.108,22.17,26.801,25.455,26.444,9.858,20.324,6.817,6.676,9.737,5.409,17.774,24.521,27.736,25.641,26.12,23.376,23.298,23.495,23.189,-8.69,2.976,-0.971,-2.963,13.816,6.393,1.835,14.414,25.826,27.134,25.581,29.019,23.938,20.98,14.915,11.538,-40.439,-28.161,-13.427,14.504,26.445,24.476,16.668,NA,NA,27.174,26.551,26.45,22.116,-1.329,9.863
"1881-11",-19.115,-9.688,-8.753,4.615,7.159,7.062,17.624,23.219,26.205,21.737,26.072,26.177,25.32,11.544,21.515,8.413,-0.359,2.133,-5.875,12.866,20.426,26.769,25.271,25.383,23.441,23.832,24.702,25.104,-25.615,-8.977,-15.832,-18.723,9.671,0.7,-3.915,10.317,22.535,24.137,25.237,31.599,27.033,23.582,16.929,12.16,-29.743,-18.437,-13.702,12.264,26.83,25.407,14.598,NA,NA,27.016,26.437,26.449,23.445,1.352,6.8
"1881-12",-22.838,-19.315,-16.951,0.746,1.679,1.832,13.976,22.03,24.8,21.501,25.398,25.971,24.593,13.677,22.22,12.303,-5.32,-1.922,-11.081,8.34,14.849,23.878,23.865,24.052,22.725,24.392,23.367,24.9,-30.116,-13.734,-21.936,-23.706,3.955,-6.257,-10.315,3.952,17.161,19.226,24.608,31.162,29.873,24.952,19.986,16.003,-21.742,-9.137,-29.333,6.803,27.041,26.292,13.676,NA,NA,25.343,25.962,26.215,24.953,2.64,4.309
"1882-01",-24.903,-20.311,-26.355,-4.291,-6.115,-4.436,12.076,21.961,24.822,21.369,24.707,25.227,24.239,13.765,23.966,12.02,-4.741,-2.925,-13.809,7.799,14.443,23.856,23.379,23.656,22.335,23.503,24.016,25.977,-30.166,-17.132,-22.478,-22.047,-1.332,-9.823,-11.049,0.813,13.332,18.867,24.192,29.814,29.994,25.854,21.065,16.586,-22.176,-9.205,-28.3,7.938,27.351,26.937,10.623,NA,NA,23.756,25.475,25.881,25.607,3.938,2.839
"1882-02",-27.783,-19.865,-29.563,-0.996,-3.513,-4.334,13.952,22.023,24.703,21.657,25.165,25.494,24.489,14.757,24.792,12.809,-7.282,-0.033,-10.802,9.182,14.582,24.275,23.977,24.431,23.739,24.105,23.752,25.47,-29.763,-11.576,-18.269,-20.843,4.613,-4.058,-11.274,4.245,15.714,20.156,24.514,29.845,29.133,25.514,21.406,16.098,-27.651,-15.453,-30.137,8.218,27.395,27.197,10.024,NA,NA,23.413,25.865,26.285,26.918,3.863,3.398
"1882-03",-22.843,-12.944,-21.031,1.726,4.064,2.394,18.574,23.185,24.762,21.566,25.239,25.356,24.231,13.513,23.44,10.712,-5.133,-1.741,-6.059,9.922,21.243,28.618,25.736,26.161,23.571,24.003,23.808,25.411,-22.828,-6.408,-9.43,-15.186,10.065,5.13,-6.738,9.584,20.423,24.518,25.224,29.272,27.424,23.991,19.18,13.925,-37.311,-24.076,-28.401,9.563,27.195,26.926,11.147,NA,NA,24.495,26.384,26.521,25.912,2.22,5.672
"1882-04",-17.732,-5.116,-13.32,9.123,12.421,7.854,20.657,24.336,25.37,22.059,25.872,24.644,23.821,12.116,20.155,8.323,1.185,5.905,0.395,14.758,26.337,29.987,26.765,27.698,24.339,22.466,22.926,24.694,-16.43,-0.68,-2.726,-7.661,15.981,10.788,1.392,14.991,26.162,29.199,26.393,27.057,23.121,20.266,15.171,12.727,-41.347,-28.854,-21.692,9.512,27.266,26.28,11.808,NA,NA,26.186,27.237,27.132,25.282,0.951,8.543
"1882-05",-11.633,2.267,-2.188,16.217,17.539,12.81,23.261,24.939,26.911,21.589,25.411,23.889,22.676,7.459,15.612,3.934,6.894,15.741,12.389,18.876,29.499,29.294,26.125,28.116,23.307,19.06,19.225,22.433,-4.936,9.101,5.199,1.624,22.579,17.251,6.29,19.384,30.861,31.972,26.433,25.432,18.906,17.806,13.141,11.236,-43.585,-28.13,-10.472,13.074,27.083,25.496,13.974,NA,NA,28.186,28.915,28.339,24.614,-1.188,11.563
"1882-06",-6.434,9.333,3.126,21.524,22.553,17.699,25.54,24.74,27.611,20.814,25.038,21.767,20.447,7.153,14.444,2.849,13.043,20.834,19.124,22.635,31.732,27.908,25.307,27.048,22.083,16.189,17.391,20.669,3.884,14.065,14.421,8.558,24.624,20.13,10.415,22.599,33.149,31.355,26.045,20.885,13.081,11.752,9.952,8.739,-44.275,-35.791,-2.29,15.235,26.889,24.144,16.145,NA,NA,29.325,28.021,27.675,22.894,-1.749,13.354
"1882-07",-3.511,10.785,7.407,23.408,27.851,22.677,26.271,25.058,27.976,20.271,24.726,20.967,19.278,5.386,12.381,1.147,13.638,21.02,19.916,26.43,31.678,26.854,24.513,26.181,20.894,15.465,16.348,19.498,9.265,20.284,17.282,11.458,27.12,23.082,11.681,24.589,33.993,29.172,26.027,22.089,15.546,12.639,10.86,8.124,-44.911,-37.195,-0.547,16.392,26.794,23.28,18.361,NA,NA,27.902,27.132,27.114,21.453,-2.806,14.424
"1882-08",-4.876,11.194,7.54,22.513,26.713,20.675,25.883,24.945,28.259,21.336,25.824,21.935,21.405,6.737,13.609,1.675,12.343,18.519,19.402,25.44,30.754,26.805,25.152,26.214,21.411,17.46,17.723,19.625,6.303,19.172,13.664,10.913,26.545,21.669,11.283,24.096,33.081,28.632,25.942,20.672,13.599,11.242,9.761,6.773,-43.015,-40.404,-0.869,17.14,26.503,22.732,19.8,NA,NA,26.902,26.855,26.829,21.166,-2.581,14.031
"1882-09",-14.477,5.971,2.223,18.73,20.788,17.722,24.05,24.832,27.732,22.324,26.963,24.687,25.541,8.099,17.165,3.63,8.661,14.483,13.45,22.413,30.104,27.138,25.411,26.549,22.722,18.811,20.814,21.721,2.259,12.453,7.467,5.721,21.48,15.27,7.477,20.226,29.743,28.27,25.75,25.143,18.83,16.316,12.082,8.362,-44.495,-39.112,-3.585,16.436,26.448,22.992,19.167,NA,NA,27.067,27.077,26.833,20.879,-3.056,12.251
"1882-10",-14.585,-1.5,-1.072,11.103,16.887,13.876,22.261,24.92,27.399,22.523,27.35,26.722,26.795,9.741,19.578,4.93,1.686,8.844,4.876,18.113,26.69,27.594,25.484,26.184,23.311,23.089,23.405,23.817,-8.336,3.644,-0.307,-2.186,16.906,7.848,0.174,14.021,26.253,26.63,25.433,28.446,24.691,20.526,15.382,8.863,-39.863,-25.327,-15.886,14.601,26.932,23.705,18.132,NA,NA,26.885,26.832,26.651,22.364,-2.053,10.262
"1882-11",-25.003,-11.964,-13.151,1.677,4.566,6.14,16.863,24.158,26.804,22.027,26.369,26.986,25.873,11.975,22.246,10.348,1.985,2.764,-2.535,11.808,20.523,26.501,24.75,25.008,23.189,24.575,24.757,24.638,-21.896,-6.891,-11.373,-12.793,7.145,-0.816,-5.935,10.243,20.977,22.283,25.406,31.078,28.483,23.69,17.94,11.77,-30.091,-17.936,-24.503,12.261,27.27,25.044,14.99,NA,NA,26.188,26.556,26.61,22.864,-0.164,6.724
"1882-12",-25.879,-12.212,-18.178,-2.129,0.734,2.451,12.761,22.197,25.757,22.273,25.955,26.257,25.352,14.201,23.878,11.565,-0.252,1.441,-10.584,8.259,14.714,24.612,23.719,24.092,23.316,24.756,25.862,25.948,-28.978,-15.53,-23.574,-26.276,2.211,-9.497,-10.173,3.319,16.842,19.578,24.788,31.591,31.186,26.544,20.456,13.552,-21.94,-10.853,-17.872,8.559,27.733,25.807,12.619,NA,NA,24.566,26.378,26.742,24.913,2.613,4.49
"1883-01",-22.792,-13.713,-24.561,-5.151,-3.829,-4.296,10.976,22.197,24.866,22.593,26.05,25.246,25.176,15.17,25.303,13.275,-7.659,-6.989,-15.562,9.12,17.716,25.058,24.126,24.201,23.644,24.972,26.1,26.633,-30.413,-16.777,-23.15,-24.735,3.502,-9.889,-14.048,1.274,16.783,19.254,24.27,31.561,31.048,26.7,20.551,14.428,-20.08,-8.036,-26.315,7.68,27.339,26.141,9.991,NA,NA,23.945,25.748,26.23,26.132,3.413,3.875
"1883-02",-31.498,-14.133,-23.884,-1.568,-1.176,-2.409,13.566,22.475,24.501,22.631,26.033,24.529,24.67,15.836,23.983,13.567,-8.239,-4.778,-13.645,9.661,17.802,25.32,24.858,24.944,23.94,24.412,25.05,26.324,-33.613,-18.031,-21.912,-22.612,5.147,-7.463,-13.538,4.078,17.402,20.111,24.719,30.576,31.705,27.343,23.926,14.714,-29.052,-14.563,-31.312,6.892,27.482,27.016,10.842,NA,NA,23.431,26.312,26.629,27.123,2.91,3.461
"1883-03",-26.31,-11.801,-19.652,1.92,5.383,4.759,15.848,23.169,24.849,22.994,26.434,25.001,24.746,14.908,22.425,12.386,-1.987,0.055,-7.069,10.423,20.355,28.78,26.298,27.032,24.53,24.343,24.689,26.176,-26.81,-9.176,-11.367,-18.23,10.107,2.396,-6.891,9.277,22.009,24.836,25.335,29.901,29.447,24.973,20.259,13.12,-37.931,-22.338,-27.88,6.138,27.698,26.945,11.029,NA,NA,24.653,26.539,26.785,27.06,1.067,5.628
"1883-04",-15.746,-3.159,-9.742,8.586,14.07,10.484,19.202,24.622,24.886,22.933,26.427,25.105,25.018,11.218,19.778,7.97,0.739,7.196,3.914,15.151,26.373,30.268,27.26,28.17,24.696,22.221,22.555,25.594,-15.874,1.549,-2.988,-8.612,15.51,8.585,-1.788,14.019,25.3,27.652,26.531,28.057,22.709,21.124,16.345,11.838,-42.014,-30.449,-20.671,9.099,27.586,26.421,12.33,NA,NA,26.78,27.786,27.276,26.742,0.142,8.788
"1883-05",-9.929,2.79,-2.701,15.55,18.297,13.188,22.583,25.465,26.531,22.578,26.416,24.071,22.936,8.815,15.631,4.343,5.946,14.041,13.33,19.385,28.819,30.122,26.701,27.319,23.836,18.689,19.221,22.934,-2.276,10.114,6.094,2.749,20.089,15.938,4.415,18.527,28.835,30.168,27.297,24.249,17.93,17.429,13.836,8.987,-41.152,-28.753,-9.137,12.754,27.518,24.85,14.214,NA,NA,28.816,28.407,27.903,25.263,-1.34,11.687
"1883-06",-3.83,8.551,3.121,18.224,23.774,18.48,26.192,25.5,27.082,21.588,25.69,22.386,20.487,6.792,13.176,1.62,12.558,18.959,17.464,22.297,31.566,28.726,25.55,26.801,22.282,15.455,16.101,20.97,4.166,15.269,11.751,9.573,25.597,20.215,9.292,22.45,33.085,31.542,26.575,21.293,15.318,14.211,11.682,7.847,-46.518,-33.204,-1.948,14.655,26.773,24.026,16.242,NA,NA,30.162,29.172,28.603,23.475,-3.995,13.222
"1883-07",-2.268,10.827,9.971,22.955,27.926,22.682,28.276,25.545,27.86,21.268,25.547,21.669,20.541,7.299,12.748,2.136,13.481,18.585,19.305,25.201,31.474,27.163,24.767,26.083,21.531,15.837,16.281,20.456,8.628,19.089,16.647,11.975,27.74,22.669,11.048,25.769,34.164,28.982,26.08,21.793,16.225,13.382,11.535,7.317,-48.56,-30.579,-0.569,15.723,26.305,23.077,18.37,NA,NA,28.85,27.861,27.779,22.664,-4.243,14.434
"1883-08",-5.697,10.475,7.928,24.182,27.434,22.626,26.78,25.469,27.793,21.878,26.313,22.495,22.147,7.683,14.64,2.57,12.692,18.351,19.181,25.784,30.775,27.038,25.057,26.219,22.132,18.148,18.499,21.032,7.416,17.375,11.477,9.994,26.307,19.918,11.371,24.616,33.4,28.697,26.014,23.489,18.575,17.024,12.671,8.543,-47.843,-26.923,-0.475,17.122,26.501,22.961,19.749,NA,NA,27.671,27.718,27.499,22.01,-5.73,14.253
"1883-09",-14.175,6.193,5.315,16.465,23.833,19.656,25.421,25.427,27.766,22.843,27.506,24.419,26.741,8.877,18.356,5.254,10.322,16.551,16.367,22.997,29.051,27.213,25.397,26.858,22.637,21.742,21.621,22.244,1.893,12.776,6.188,4.992,21.773,14.462,8.262,19.751,30.256,28.498,25.971,25.977,20.165,17.533,12.871,8.226,-44.242,-27.105,-6.14,15.996,26.598,23.091,19.124,NA,NA,27.746,27.221,27.085,21.819,-4.375,12.948
"1883-10",-15.462,-0.412,0.155,11.428,16.769,15.317,21.534,24.679,27.238,22.984,27.772,26.145,27.767,10.171,20.474,7.032,5.184,10.661,4.36,18.511,24.568,27.375,25.452,26.171,23.309,22.67,22.517,23.357,-6.18,4.617,0.557,-1.95,14.975,8.157,0.511,15.464,25.868,26.555,25.931,28.658,22.864,20.233,13.809,9.25,-40.075,-29.865,-12.444,14.132,26.892,23.489,17.174,NA,NA,26.768,27.058,27.048,22.393,-1.795,10.329
"1883-11",-25.811,-9.599,-11.432,6.881,10.331,8.254,18.023,23.31,26.368,22.482,27.024,26.565,25.538,12.127,22.239,9.382,0.564,4.338,-2.844,13.402,20.426,26.333,25.014,25.18,23.86,23.672,24.018,24.747,-22.475,-4.619,-10.822,-11.848,10.123,0.791,-6.246,9.09,21.551,22.414,25.066,30.676,27.69,24.588,17.89,11.044,-30.782,-18.393,-23.323,12.512,27.065,24.646,14.372,NA,NA,26.303,26.372,26.437,23.807,0.694,7.24
"1883-12",-24.309,-13.581,-18.043,0.626,1.545,1.546,12.873,22.542,25.195,21.867,25.69,25.826,25.246,14.636,24.298,12.631,-2.432,-2.194,-12.683,8.195,14.982,24.795,23.675,24.17,23.051,24.737,24.007,24.903,-28.206,-14.285,-20.795,-26.072,1.091,-7.329,-10.9,4.454,16.432,18.99,24.691,31.542,30.142,26.036,20.188,14.912,-23.387,-9.481,-20.325,10.261,27.21,25.547,13.146,NA,NA,25.28,25.978,26.416,25.194,2.227,4.388
"1884-01",-30.61,-14.385,-25.28,-0.571,-1.964,-5.173,13.618,21.554,23.83,21.733,25.352,24.936,24.09,15.685,25.263,13.029,-1.771,-1.276,-12.829,5.581,12.195,22.362,22.227,22.967,22.66,24.214,24.274,25.78,-29.198,-16.701,-23.628,-24.892,-1.235,-11.34,-14.026,1.106,14.001,17.612,23.785,30.507,29.856,25.513,21.504,14.908,-23.053,-10.705,-27.545,6.728,27.261,26.392,11.054,NA,NA,24.339,25.337,25.855,26.519,3.325,2.814
"1884-02",-32.275,-16.802,-26.867,0.636,-0.418,-1.864,13.855,22.065,24.401,21.969,25.441,24.615,24.67,15.657,24.796,13.566,-1.133,1.927,-9.277,8.996,16.013,25.268,24.409,24.775,23.558,25.205,24.634,25.189,-30.721,-14.236,-20.59,-24.644,1.03,-7.927,-13.762,1.623,16.483,19.184,24.328,29.256,29.191,25.584,20.772,15.197,-27.334,-14.238,-29.606,5.917,27.166,26.823,9.926,NA,NA,24.209,25.464,25.775,26.908,3.074,3.43
"1884-03",-29.453,-9.614,-22.634,3.85,3.591,-0.599,15.999,23.344,24.177,22.163,25.769,25.101,24.776,14.299,22.865,11.383,1.682,6.003,-1.794,12.473,20.902,28.03,25.833,26.7,24.272,24.498,23.732,25.127,-18.404,-5.929,-10.016,-15.238,7.304,-0.75,-8.691,7.565,21.49,23.051,25.216,28.806,26.441,24.333,19.76,14.097,-37.851,-24.258,-25.436,9.047,27.292,26.814,10.447,NA,NA,25.16,26.038,26.17,26.697,1.256,5.753
"1884-04",-21.321,-3.875,-7.351,8.533,15.8,11.294,18.69,24.674,24.705,22.403,26.192,24.737,24.21,12.684,21.425,8.799,5.011,11.702,7.508,15.305,24.823,29.78,26.68,27.561,23.986,22.307,21.116,24.059,-11.92,4.099,-1.675,-7.446,15.122,8.08,-1.269,13.187,24.574,27.873,26.247,27.281,23.1,20.801,16.417,12.508,-42.533,-28.246,-16.448,8.214,27.261,25.933,12.214,NA,NA,26.441,27.32,26.833,26.011,-1.2,9.077
"1884-05",-11.662,3.915,-2.635,13.628,21.96,16.185,22.819,25.674,26.443,21.823,25.724,24.05,22.83,9.189,15.59,4.939,7.344,14.354,15.63,17.992,29.294,30.048,26.527,27.765,23.361,19.026,18.372,22.445,-2.955,12.396,7.02,2.547,22.816,17.106,4.696,20.236,29.88,31.792,26.775,22.736,17.683,15.752,12.908,9.145,-46.069,-29.817,-9.76,11.992,27.003,24.874,14.066,NA,NA,27.794,28.563,27.87,24.52,-3.352,11.687
"1884-06",-3.955,10.022,3.971,17.752,24.115,19.269,24.89,25.383,27.386,21.032,25.147,22.519,20.74,6.439,12.382,1.075,12.542,18.062,19.362,22.187,32.502,28.669,25.458,27.355,21.721,16.29,16.79,20.6,3.709,13.223,11.717,8.976,25.144,19.538,9.25,22.218,32.7,31.866,26.268,20.887,13.057,13.906,10.046,7.694,-44.495,-33.189,-1.493,14.486,26.671,23.652,16.342,NA,NA,29.633,27.883,27.481,23.026,-3.396,13.292
"1884-07",-2.116,10.278,6.731,22.341,29.646,23.212,26.986,25.08,27.868,20.662,25.024,21.414,20.506,6.436,13.89,1.173,13.175,18.446,21.726,25.307,31.436,27.094,24.344,25.706,20.782,15.338,15.877,19.875,7.345,20.08,14.172,12.147,27.366,22.143,10.69,24.741,33.02,29.266,25.614,18.594,11.392,11.636,9.073,5.999,-45.473,-29.64,-0.07,16.179,26.418,23.2,18.374,NA,NA,28.173,26.769,26.818,22.211,-4.36,14.156
"1884-08",-7.364,10.452,6.905,22.564,28.139,21.667,26.574,25.173,27.742,21.573,25.881,22.521,22.974,7.688,16.1,3.256,10.851,16.662,17.265,24.934,30.559,26.749,24.501,25.705,20.875,17.204,16.972,19.726,6.672,17.711,14.181,11.049,26.876,21.381,10.228,24.671,32.503,27.581,25.612,20.93,14.032,12.743,10.167,7.581,-45.201,-33.783,-1.178,16.549,26.256,22.52,19.328,NA,NA,27.18,26.994,26.985,21.465,-3.719,13.887
"1884-09",-15.963,4.454,2.749,16.73,24.426,19.968,25.173,24.987,27.651,22.125,26.774,24.538,25.612,8.644,17.156,3.995,10.081,15.375,12.934,22.285,27.882,27.106,25.398,26.432,22.497,21.047,20.83,21.423,2.229,11.921,7.544,5.6,20.017,14.895,8.248,21.248,29.212,27.416,25.395,24.628,19.629,16.797,12.862,8.089,-42.862,-32.155,-3.831,16.045,26.295,22.652,18.881,NA,NA,27.109,26.779,26.587,21.459,-3.347,12.428
"1884-10",-18.011,-2.162,-3.362,10.594,14.139,13.451,21.475,24.543,27.043,22.094,26.785,26.916,26.136,10.286,20.432,7.52,6.102,9.691,4.333,17.233,24.603,27.732,25.555,25.712,22.947,24.094,23.385,22.836,-6.951,2.845,-1.4,-2.877,12.694,6.273,1.671,13.904,23.921,25.804,25.156,28.495,24.652,21.188,15.174,9.443,-41.483,-32.993,-13.225,14.311,26.496,23.295,16.836,NA,NA,26.36,26.659,26.39,21.93,-3.142,9.448
"1884-11",-24.449,-7.899,-12.999,3.775,6.58,6.213,15.524,23.488,25.762,21.962,26.235,26.708,26.132,11.365,22.212,8.488,1.963,3.467,-1.867,13.184,21.277,27.532,25.302,25.269,23.468,23.669,24.086,24.416,-18.636,-4.962,-12.601,-16.408,9.323,-0.726,-6.419,8.077,21.054,22.434,24.785,29.82,25.777,22.554,17.063,11.568,-31.227,-20.221,-16.571,13.447,26.916,24.388,14.22,NA,NA,26.416,26.459,26.601,23.319,0.487,6.843
"1884-12",-21.815,-14.046,-17.983,-2.54,1.077,0.735,11.445,22.564,25.131,21.564,25.164,26.017,24.881,14.134,24.167,11.59,-5.619,-3.289,-13.905,10.272,16.018,24.34,23.816,24.021,22.577,24.665,24.645,25.103,-27.531,-18.338,-23.576,-24.934,3.325,-7.947,-11.407,4.038,18.862,19.088,24.615,30.763,29.201,24.713,19.793,12.842,-21.685,-8.794,-24.796,9.945,27.113,25.14,12.736,NA,NA,25.434,25.877,26.185,24.093,2.576,4.3
"1885-01",-32.432,-18.927,-28.366,-5.925,-3.273,-3.106,12.007,22.08,24.32,21.761,25.032,25.109,24.655,14.676,24.502,11.705,-3.298,-3.834,-14.816,7.431,13.836,23.501,23.114,23.516,22.723,24.309,25.065,25.854,-31.296,-19.473,-24.343,-25.219,-0.035,-12.811,-13.068,1.117,16.804,17.663,24.301,29.436,30.888,26.034,22.547,16.338,-22.685,-8.443,-29.143,8.994,27.497,26.338,10.373,NA,NA,24.574,25.309,25.731,25.086,4.012,2.543
"1885-02",-28.791,-14.976,-26.534,-0.952,-0.392,-4.329,13.869,21.214,23.126,21.996,25.587,25.194,24.88,14.438,24.595,12.085,-6.144,-0.541,-11.347,8.636,16.457,26.083,25.007,25.498,23.922,24.336,24.02,25.298,-33.641,-18.008,-23.306,-26.077,3.267,-8.615,-11.056,3.399,17.701,20.015,24.512,29.012,29.341,25.341,22.086,15.077,-30.909,-14.393,-24.358,6.579,27.374,26.978,10.884,NA,NA,24.337,25.489,25.755,25.615,3.414,2.994
"1885-03",-26.429,-14.338,-22.974,-1.386,5.283,4.727,16.548,23.569,24.169,22.248,25.742,25.779,24.816,13,22.384,8.914,-2.13,-1.815,-10.12,8.977,21.266,29.504,26.722,27.4,24.425,24.041,23.997,25.672,-28.537,-13.296,-16.175,-20.27,7.679,2.48,-2.734,8.591,21.662,25.44,25.641,29.011,27.556,23.892,18.494,15.79,-39.173,-21.853,-23.152,8.234,27.31,26.933,10.23,NA,NA,25.733,26.229,26.325,25.832,2.819,4.7
"1885-04",-19.789,-5.667,-10.321,7.541,12.557,9.197,19.726,24.454,25.047,22.218,25.993,25.073,24.371,11.044,18.35,6.385,-0.203,6.495,0.969,15.877,26.005,30.191,26.771,27.532,24.308,22.012,22.464,24.86,-16.721,0.877,-2.27,-8.799,16.017,11.027,-0.976,14.803,25.711,27.385,26.451,28.169,23.805,21.976,16.322,12.35,-40.278,-26.369,-18.872,11.899,27.434,25.934,11.324,NA,NA,26.837,27.679,27.297,25.757,0.71,8.656
"1885-05",-13.84,1.58,-0.454,12.871,21.085,16.794,22.81,24.932,26.052,21.534,25.4,23.233,22.888,8.061,16.561,3.693,6.654,14.022,15.464,18.239,28.757,29.394,25.874,26.541,23.06,19.449,20.051,22.792,-3.275,12.859,6.175,1.744,19.655,14.698,4.261,17.745,28.886,30.154,26.369,22.482,16.003,14.822,11.843,9.596,-43.674,-32.165,-8.011,12.986,27.258,24.805,14.644,NA,NA,28.117,28.597,27.856,24.597,-0.717,11.243
"1885-06",-3.875,7.859,5.432,17.493,24.133,20.013,25.841,25.492,27.447,20.785,25.058,21.884,20.113,6.439,12.111,2.02,10.696,19.084,17.712,24.66,31.724,28.286,25.253,26.334,21.99,15.595,16.213,20.255,5.735,18.313,14.033,9.433,26.065,20.899,9.014,21.273,33.418,32.479,26.237,22.38,16.265,14.428,11.323,7.386,-43.294,-31.456,-2.153,14.796,26.614,23.354,16.202,NA,NA,29.625,28.418,27.814,23.232,-3.376,13.767
"1885-07",-1.654,10.901,7.991,22.776,28,22.134,27.016,25.537,28.174,20.554,25.032,21.368,19.983,5.781,12.455,0.301,13.478,18.317,21.83,25.089,30.81,27.452,24.794,25.382,20.649,15.474,15.744,19.237,8.096,20.603,16.816,13.078,27.91,23.776,11.654,24.969,33.378,29.536,25.814,21.752,16.021,14.102,11.488,7.664,-45.56,-33.282,-0.308,16.265,26.324,22.698,18.61,NA,NA,28.702,27.567,27.519,21.597,-5.324,14.454
"1885-08",-6.478,10.873,6.697,23.914,27.777,22.659,26.351,25.363,27.995,21.631,25.894,21.464,22.171,7.395,15.237,2.603,12.37,18.646,19.142,25.76,30.525,26.82,24.922,25.756,21.178,18.264,18.206,20.037,8.154,18.44,14.723,10.932,26.556,21.234,10.839,24.859,33.022,28.279,25.685,21.526,14.896,12.83,10.629,7.528,-48.353,-37.047,-1.136,17.089,26.278,22.399,19.592,NA,NA,27.569,26.873,26.857,21.303,-4.945,13.932
"1885-09",-14.077,4.508,2.915,17.222,24.359,20.565,25.295,24.763,27.795,22.341,26.929,23.732,25.719,8.641,17.7,4.112,9.052,13.928,11.913,21.971,27.618,27.357,25.478,26.583,22.469,20.616,21.538,21.273,3.91,13.281,8.963,5.813,21.175,16.021,8.348,20.802,30.771,27.672,25.691,25.269,19.334,16.477,12.021,7.669,-44.247,-31.779,-2.762,16.154,26.348,22.995,18.602,NA,NA,27.414,26.617,26.566,21.261,-3.382,12.551
"1885-10",-17.014,-1.113,-3.457,10.949,17.175,14.496,21.805,24.962,27.149,21.99,26.659,25.682,25.55,10.956,19.959,7.286,3.823,7.394,2.247,17.874,24.596,27.629,25.24,25.459,22.98,23.704,22.931,23.478,-6.975,2.078,-2.157,-3.994,15.363,7.229,1.344,14.621,25.781,25.766,25.413,27.98,23.245,20.274,15.416,9.473,-40.166,-25.344,-12.445,14.347,26.582,23.641,16.796,NA,NA,26.53,26.652,26.381,22.316,-2.021,9.713
"1885-11",-24.309,-10.674,-11.097,4.482,7.221,8.041,16.201,23.246,26.219,22.166,26.563,26.382,25.229,12.027,21.637,9.593,-0.837,2.84,-0.797,13.514,20.331,26.336,24.486,24.543,22.936,24.709,23.823,24.661,-19.454,-4.23,-14.82,-15.052,10.196,-0.74,-6.335,8.487,21.388,22.712,25.203,29.882,26.146,22.483,17.76,11.482,-31.863,-17.396,-15.622,12.565,26.809,24.317,14.513,NA,NA,26.088,26.403,26.46,23.456,0.537,6.763
"1885-12",-27.295,-12.974,-19.721,-0.545,0.495,-0.127,13.187,22.963,25.458,22.097,25.725,24.977,24.617,12.845,23.957,10.475,-5.623,-0.339,-9.177,10.464,15.312,23.677,23.482,23.597,22.944,24.99,25.173,25.698,-27.75,-11.442,-22.057,-21.391,4.336,-4.684,-12.631,3.107,17.049,19.119,24.241,30.835,30.358,25.538,20.908,12.533,-21.499,-9.397,-24.522,10.09,27.013,25.034,12.215,NA,NA,25.376,25.855,26.212,24.529,3.101,4.658
"1886-01",-23.901,-15.213,-22.853,-1.618,-2.203,-2.268,12.089,22.107,25.09,22.219,25.569,24.603,25.113,16.112,25.58,12.477,-8.429,-4.081,-9.456,7.592,14.89,24.011,23.898,23.932,23.24,24.584,25.55,26.5,-27.783,-14.786,-26.111,-25.837,3.342,-11.078,-14.065,-1.484,15.326,18.416,23.775,30.818,31.428,25.077,23.437,13.091,-21.623,-9.222,-24.998,8.335,27.43,25.931,10.525,NA,NA,23.884,25.593,26.027,25.507,3.774,3.583
"1886-02",-27.321,-12.548,-27.882,0.913,0.782,-2.046,14.975,22.365,24.628,22.245,25.662,24.467,24.961,15.017,26.888,11.093,-3.91,-3.358,-16.478,8.626,16.49,25.063,24.065,24.329,23.427,24.102,24.789,26.024,-30.751,-21.55,-27.283,-27.987,0.567,-6.594,-13.751,2.143,16.234,19.768,24.789,30.28,30.578,26.684,22.215,13.667,-28.855,-15.402,-16.108,7.099,27.197,26.122,9.627,NA,NA,23.824,25.576,25.827,26.355,3.599,2.897
"1886-03",-24.186,-11.505,-18.67,3.745,4.064,1.759,16.182,23.521,24.833,22.484,26.252,25.571,25.765,15.074,25.289,11.157,-3.628,-0.247,-7.414,10.452,20.842,28.887,26.486,27.171,24.608,24.247,23.335,25.413,-25.819,-13.398,-17.988,-18.737,7.909,-0.138,-6.506,7.2,20.882,24.508,25.738,28.347,26.585,22.869,19.607,13.405,-39.286,-22.119,-21.671,9.281,27.427,26.361,11.279,NA,NA,25.404,26.577,26.739,26.456,1.339,4.971
"1886-04",-21.323,-5.376,-11.932,10.839,9.325,6.898,18.606,24.421,25.796,23.25,27.084,25.401,25.219,12.229,20.537,8.148,-0.533,7.259,-0.229,15.29,26.52,30.445,27.068,27.328,24.051,23.004,21.839,24.333,-17.945,-2.963,-4.527,-7.611,15.192,10.502,-0.564,14.464,25.186,28.374,26.508,27.182,23.793,19.722,15.946,11.57,-44.177,-27.822,-20.706,9.468,27.407,25.848,11.509,NA,NA,26.81,27.982,27.453,25.979,-1.256,8.105
"1886-05",-10.302,3.514,-2.25,14.785,19.687,14.12,21.813,25.704,26.653,22.52,26.248,24.733,22.909,8.546,14.467,4.042,6.217,13.557,12.728,17.278,29.09,29.955,26.821,28.492,23.895,19.541,20.195,23.09,-5.799,7.074,5.382,1.603,20.16,16.614,5.454,19.15,28.942,31.776,26.835,24.318,19.109,16.274,13.21,10.738,-40.965,-26.752,-7.358,11.76,27.229,25.056,13.714,NA,NA,28.298,29.146,28.396,24.498,-1.378,11.634
"1886-06",-4.568,9.726,3.311,20.621,23.486,17.769,25.26,25.049,27.065,21.79,25.821,23.184,22.415,7.002,14.737,1.505,13.759,18.816,20.135,23.354,31.432,28.873,25.747,27.487,22.031,17.729,17.196,19.983,3.313,13.4,12.253,8.429,25.663,19.67,8.848,21.737,33.105,33.101,26.729,22.237,15.946,14.945,11.381,7.934,-44.32,-26.585,-1.456,14.773,26.814,23.768,16.249,NA,NA,29.753,29.106,28.21,22.687,-3.426,13.771
"1886-07",-4.108,10.037,7.778,22.121,28.868,22.57,26.637,25.582,28.128,21.464,25.719,22.791,20.666,5.761,11.612,1.668,12.439,19.79,20.591,26.923,32.463,28.279,25.269,26.716,20.877,16.066,15.966,19.576,8.013,18.559,17.15,13.982,27.141,21.603,11.515,23.755,33.799,31.221,25.982,21.536,16.142,14.307,11.677,7.346,-46,-31.436,-0.36,16.346,26.469,23.131,17.334,NA,NA,28.474,27.327,27.181,21.533,-5.139,14.594
"1886-08",-4.35,9.183,7.485,21.808,28.73,23.224,26.364,25.582,28.316,22.023,26.366,22.512,23.254,8.27,15.945,3.388,11.342,17.463,19.012,25.296,31.076,27.232,25.201,26.332,21.579,18.586,17.977,20.319,7.788,20.412,13.754,10.738,26.704,21.256,11.256,24.666,32.999,29.404,25.771,22.949,16.119,14.368,10.897,7.249,-46.621,-34.717,-0.254,17.33,26.502,22.377,18.923,NA,NA,26.963,27.19,27.073,21.523,-3.265,14.296
"1886-09",-14.788,5.218,4.178,17.57,24.048,20.237,25.16,25.165,27.84,22.773,27.256,24.729,26.02,8.078,16.652,4.678,9.335,14.874,12.844,21.8,27.955,27.763,25.872,27.104,22.605,21.093,21.02,21.829,0.739,10.559,5.981,5.091,21.395,15.593,8.27,20.635,29.801,28.201,25.71,25.668,20.537,18.158,13.877,8.885,-46.362,-33.916,-1.743,15.769,26.338,22.931,18.613,NA,NA,27.239,27.226,26.939,21.731,-4.035,12.272
"1886-10",-17.431,-1.415,-1.889,10.077,15.242,14.507,21.473,24.838,27.226,22.721,27.109,26.476,26.106,10.583,19.875,7.255,5.541,8.816,4.727,16.86,24.111,27.947,25.912,26.051,23.405,23.133,23.095,23.046,-9.354,3.512,-0.551,-4.162,14.294,6.516,1.818,14.973,24.671,27.234,25.726,27.791,24.384,20.41,16.714,8.834,-42.027,-24.709,-9.306,14.815,26.708,23.576,17.18,NA,NA,26.749,27.294,26.951,22.303,-2.703,9.754
"1886-11",-27.363,-8.767,-9.38,6.191,9.286,7.982,17.457,23.529,25.799,22.449,26.827,26.841,25.974,11.885,22.579,8.505,2.478,6.795,1.896,13.072,19.283,26.735,24.892,24.975,23.548,23.668,23.43,24.641,-19.979,-2.794,-12.125,-16.105,8.964,-2.144,-6.83,7.955,21.582,23.148,25.528,29.761,28.202,24.469,19.656,10.562,-31.905,-18.015,-14.311,11.236,27.11,24.445,14.508,NA,NA,26.499,26.734,26.7,23.952,-0.202,7.196
"1886-12",-28.623,-15.156,-20.342,1.128,0.392,1.92,13.517,22.358,25.36,22.297,25.814,26.438,25.71,13.819,23.85,11.294,-2.404,2.807,-4.506,10.175,15.041,24.278,24.112,24.284,23.37,25.124,25.333,25.319,-26.122,-10.196,-19.898,-22.37,2.503,-8.07,-11.746,3.048,16.071,19.75,24.855,30.574,30.153,25.746,21.467,12.924,-24.677,-10.649,-19.469,10.799,27.431,25.549,12.64,NA,NA,25.134,26.602,26.687,24.46,1.968,4.706
"1887-01",-26.02,-15.918,-22.601,-0.141,-1.251,-2.641,13.089,21.686,23.876,22.288,25.713,26.59,25.865,14.877,25.411,12.811,-7.641,-3.725,-11.431,8.696,16.723,24.345,23.512,23.785,22.894,24.347,25.015,26.383,-30.387,-15.413,-20.289,-23.655,1.759,-9.314,-15.148,0.97,15.686,19.087,24.183,31.389,31.72,26.602,22.943,13.964,-22.919,-9.673,-28.637,7.304,27.56,26.262,11.699,NA,NA,24.233,26.055,26.446,25.678,3.422,3.87
"1887-02",-34.11,-12.172,-23.802,0.931,0.951,-2.842,12.921,21.445,23.732,22.57,26.182,26.523,25.345,15.006,23.859,12.257,-3.042,1.541,-9.504,10.274,16.087,25.38,24.684,25.183,23.379,24.342,24.83,26.457,-28.784,-16.193,-21.541,-26.034,3.222,-7.535,-12.005,2.342,17.11,21.264,24.468,30.114,30.938,27.59,21.315,14.613,-29.245,-14.663,-27.472,6.372,27.619,26.888,11.205,NA,NA,24.105,25.533,25.747,26.19,3.238,3.781
"1887-03",-28.627,-7.519,-22.665,4.708,3.903,-0.104,16.578,23.556,24.763,22.851,26.521,25.785,25.487,15.112,23.836,11.108,-0.104,4.669,-2.143,12.07,19.058,27.699,25.265,25.883,23.865,24.076,23.985,26.026,-20.872,-4.304,-10.253,-15.805,9.483,1.775,-9.956,7.956,20.245,23.724,25.374,28.449,26.858,24.048,18.859,14.112,-39.745,-22.853,-26.489,10.282,27.579,26.95,10.631,NA,NA,25.2,26.55,26.243,26.324,0.848,5.691
"1887-04",-22.885,-1.584,-13.37,12.095,14.807,7.979,20.329,24.592,25.109,22.565,26.411,25.076,24.613,11.991,20.859,8.351,2.594,8.138,5.581,15.283,25.506,30.575,27.13,27.87,24.2,23.146,21.604,24.841,-12.231,7.632,-0.827,-6.762,16.367,11.205,-0.207,13.447,24.803,28.413,26.426,26.729,22.234,20.147,15.863,11.013,-43.424,-27.342,-19.01,10.699,27.368,26.049,11.989,NA,NA,27.075,27.628,27.382,26.096,-0.877,9.082
"1887-05",-11.358,5.141,-2.886,14.123,17.921,13.432,23.087,25.898,26.709,22.013,25.905,24.095,23.708,8.676,16.383,5.042,7.52,15.708,15.798,19.349,29.074,30.918,27.066,27.462,23.613,19.527,19.87,23.388,-1.932,11.664,7.618,4.343,21.676,16.023,4.611,18.573,29.181,30.383,27.013,23.698,17.487,16.222,12.841,9.564,-42.815,-30.413,-7.116,13.107,27.354,24.917,13.97,NA,NA,28.722,28.899,28.214,24.405,-1.351,11.932
"1887-06",-4.341,9.462,2.162,15.85,21.416,17.563,26.127,25.959,27.67,21.399,25.461,22.724,21.254,7.096,13.783,1.566,10.736,17.941,19.568,23.555,32.306,29.591,25.93,27.203,22.853,15.799,16.824,20.309,4.72,18.765,12.448,10.314,27.065,21.577,9.267,22.892,33.203,32.556,26.408,21.998,16.176,13.599,11.842,7.543,-40.939,-34.195,-1.748,15.211,26.762,23.269,15.92,NA,NA,29.896,28.713,27.983,23.247,-2.319,13.953
"1887-07",-2.443,13.41,7.791,20.158,28.122,23.004,27.44,25.693,28.484,20.826,25.36,21.66,20.463,7.493,13.717,1.368,14.117,19.342,17.36,25.818,31.757,27.827,24.854,25.614,20.799,14.444,14.995,19.293,7.451,18.239,17.867,14.098,27.421,23.426,11.81,24.703,33.226,29.328,25.988,22.088,14.331,12.279,10.114,6.525,-43.916,-33.833,-0.391,16.948,26.018,22.212,18.259,NA,NA,28.81,27.383,27.402,22.008,-3.822,14.585
"1887-08",-6.744,10.536,6.74,21.301,27.354,22.497,26.576,25.316,28.465,21.426,25.834,21.818,22.54,7.029,14.518,1.886,11.682,18.497,19.053,26.312,31.086,26.781,24.541,25.508,21.331,16.249,16.484,19.737,8.068,18.801,14.527,11.071,27.428,21.35,10.427,24.756,33.314,28.631,25.851,21.217,14.144,11.916,9.937,6.68,-44.181,-33.98,-0.842,17.841,26.18,22.78,19.896,NA,NA,27.614,27.102,27.139,21.121,-3.921,14.167
"1887-09",-12.427,5.302,4.293,17.507,25.169,20.52,25.344,24.946,27.842,21.769,26.381,24.355,24.777,8.136,16.441,3.733,10.022,14.229,13.987,21.275,28.201,27.166,25.121,26.196,22.001,20.077,20.011,21.078,2.553,11.221,6.62,5.093,20.739,15.719,8.593,20.75,29.968,27.804,25.78,23.863,17.479,15.325,12.011,7.86,-43.786,-33.366,-4.055,16.603,26.314,22.761,18.92,NA,NA,27.326,27.251,27.125,21.202,-4.438,12.318
"1887-10",-21.874,0.509,-2.958,9.899,14.3,13.725,21.759,24.567,27.233,22.726,27.583,26.501,28.077,10.845,20.718,7.009,6.672,10.911,6.053,17.729,23.655,27.219,25.505,26.235,23.029,24.164,23.181,23.062,-5.075,3.861,-0.099,-0.969,15.228,6.508,1.4,15.089,26.057,26.845,25.853,28.334,23.686,21.005,14.788,8.41,-40.165,-26.698,-16.342,15.204,26.89,23.479,16.582,NA,NA,27.07,27.033,26.933,21.84,-2.879,10.162
"1887-11",-27.371,-6.853,-11.244,4.612,8.147,7.461,17.499,23.602,26.004,22.267,26.675,26.892,25.818,12.447,22.524,9.6,1.75,6.74,2.062,13.192,19.13,26.64,24.818,25.024,23.283,23.854,23.369,24.181,-14.084,-1.686,-8.808,-13.089,8.794,-1.595,-6.313,7.402,21.529,22.089,24.529,30.833,26.945,22.679,17.646,11.285,-29.365,-19.063,-20.663,14.053,27.049,24.607,14.716,NA,NA,25.865,26.246,26.391,23.565,-0.232,7.557
"1887-12",-28.391,-11.725,-20.664,-3.066,-2.661,-0.845,12.362,22.647,25.458,22.004,25.724,25.558,25.147,13.988,24.138,11.658,-0.785,3.848,-3.415,10.796,15.754,24.25,23.336,23.698,22.877,24.476,24.404,25.011,-24.813,-8.623,-17.935,-21.249,3.426,-7.022,-12.903,3.618,16.647,18.894,24.381,31.683,30.317,25.09,20.541,13.609,-20.796,-9.089,-29.155,12.824,27.239,25.603,12.062,NA,NA,24.881,25.839,26.161,24.598,2.458,5.158
"1888-01",-31.761,-12.717,-24.511,-0.072,-1.517,-5.62,14.026,21.443,24.187,21.872,25.363,24.932,24.099,14.653,24.951,12.255,-4.198,1.309,-9.415,8.122,12.734,22.206,22.579,22.988,22.738,24.462,24.127,25.435,-28.475,-12.29,-20.229,-21.974,1.296,-10.095,-14.931,0.762,13.652,17.789,23.648,30.38,31.924,26.691,23.92,15.661,-22.487,-10.1,-28.573,11.328,27.537,26.436,11.199,NA,NA,23.64,25.087,25.459,25.545,3.747,3.603
"1888-02",-31.093,-14.812,-25.308,-0.362,-4.673,-6.037,13.428,21.037,24.074,21.949,25.605,24.755,24.597,15.14,25.069,12.908,-3.027,2.74,-4.116,9.637,16.204,24.89,25.444,25.577,23.612,24.208,24.223,25.668,-25.449,-11.032,-18.65,-22.53,4.911,-6.955,-12.007,3.787,17.6,19.739,23.998,29.549,29.499,26.29,20.739,15.292,-27.938,-15.442,-25.798,10.918,27.59,26.901,11.697,NA,NA,23.302,25.217,25.629,25.833,3.333,4.083
"1888-03",-29.144,-10.929,-22.072,1.821,4.03,0.837,17.246,23.297,24.702,22.458,26.317,24.813,24.549,13.55,22.392,10.16,-0.437,4.856,-3.575,11.316,20.221,28.212,26.489,27.093,24.121,23.409,23.457,25.835,-19.675,-5.992,-8.272,-13.809,9.247,2.123,-6.312,8.885,21.09,23.809,25.051,28.567,28.086,23.288,20.109,14.029,-37.468,-21.324,-29.235,11.692,27.466,27.102,10.994,NA,NA,24.717,25.82,25.798,25.848,1.538,5.954
"1888-04",-19.279,-3.874,-12.766,9.418,11.186,7.959,19.686,24.363,25.632,22.402,26.466,24.58,24.3,11.944,20.441,7.062,1.969,7.348,4.796,14.528,25.807,30.202,27.042,27.772,24.501,22.954,22.779,25.351,-12.905,6.204,-0.755,-6.375,17.534,12.579,1.23,14.743,25.759,28.193,26.19,26.827,23.602,20.765,16.406,11.675,-41.928,-24.894,-22.486,11.034,27.464,26.104,12.07,NA,NA,26.414,27.038,26.848,25.878,-0.5,9.17
"1888-05",-12.055,4.133,-3.299,14.027,19.004,16.273,22.408,25.235,25.947,22.205,25.853,23.589,23.189,8.277,16.294,2.306,7.011,13.851,13.065,18.789,28.913,30.091,26.339,27.385,23.266,18.977,18.483,22.705,-1.012,14.214,7.542,3.183,21.14,17.231,5.154,18.547,28.832,31.696,26.429,23.421,18.208,16.192,13.778,9.185,-45.289,-29.661,-8.348,13.878,27.329,25.028,14.127,NA,NA,27.937,28.723,27.86,25.11,-1.296,11.643
"1888-06",-4.65,9.714,3.044,19.194,24.007,19.277,24.693,25.363,26.997,21.256,25.359,21.821,20.658,7.254,13.13,0.945,10.459,17.79,17.591,23.409,31.708,28.203,25.261,26.555,22.107,16.509,17.014,20.604,3.779,15.701,14.265,10.245,25.202,20.164,9.288,22.127,33.037,32.906,26.069,20.986,14.563,13.159,11.193,7.572,-45.05,-30.515,-1.642,16.028,26.723,23.516,16.259,NA,NA,29.536,29.002,28.097,22.825,-3.722,13.462
"1888-07",-2.932,11.902,6.242,23.425,29.032,22.987,27.03,25.68,27.904,21.555,25.616,21.762,20.988,5.877,13.117,-0.076,13.104,18.633,22.675,25.364,32.105,27.879,24.891,26.042,20.537,15.434,15.557,19.094,5.063,19.833,17.014,12.297,28.185,22.486,11.276,24.496,33.624,31.641,25.748,20.332,14.28,12.534,10.371,7.096,-45.363,-28.664,-0.477,17.78,26.316,22.429,18.434,NA,NA,28.56,27.843,27.479,21.113,-5.015,14.581
"1888-08",-5.435,10.585,5.258,21.78,27.538,21.164,26.771,25.845,28.272,22.086,26.27,22.126,22.642,8.138,15.883,3.104,12.341,17.84,20.621,25.408,31.182,27.156,25.379,26.575,21.365,17.444,16.775,20.165,6.516,19.096,12.949,11.928,27.319,21.308,10.587,24.342,33.193,29.772,25.703,21.505,15.189,13.196,10.755,6.656,-43.198,-33.206,-1.515,18.432,26.253,21.895,19.541,NA,NA,27.249,27.539,27.095,21.376,-3.6,14.354
"1888-09",-14.151,6.338,4.125,17.326,23.537,19.123,25.487,25.834,27.867,22.96,27.25,24.597,26.316,9.466,18.962,5.149,8.732,14.447,12.136,22.332,29.484,27.864,25.918,27.412,22.544,20.448,20.785,21.537,2.225,12.094,7.566,5.943,22.197,16.095,7.52,21.223,30.799,29.299,25.328,23.341,18.343,16.327,11.541,8.119,-48.222,-33.809,-6.206,17.744,26.17,22.235,18.787,NA,NA,27.197,27.553,26.908,21.232,-3.962,12.417
"1888-10",-19.619,-0.678,-2.555,10.589,14.293,13.615,21.493,25.051,27.234,23.12,27.849,27.383,27.996,10.251,21.637,7.897,4.335,8.838,7.38,18.932,26.769,28.306,25.886,26.193,23.751,24.004,24.115,23.58,-5.76,5.29,-1.916,-2.181,15.961,6.976,0.562,14.426,27.101,27.559,25.456,27.645,25.13,21.486,16.066,9.338,-40.247,-27.683,-16.751,15.67,26.373,22.785,17.159,NA,NA,27.467,26.991,26.632,22.061,-1.344,10.416
"1888-11",-26.907,-7.654,-9.788,4.452,7.704,8.155,16.434,23.645,26.533,22.587,26.801,27.823,27.537,12.517,23.739,9.683,3.096,3.85,-0.628,13.025,20.165,27.26,25.367,25.302,23.768,24.287,24.183,24.781,-15.856,-3.722,-11.344,-12.943,8.507,-1.635,-6.894,8.642,23.313,23.748,25.445,29.969,29.421,24.644,19.733,10.646,-28.366,-17.37,-17.345,13.727,26.941,23.965,14.757,NA,NA,27.296,26.736,26.641,23.517,0.328,7.818
"1888-12",-28.614,-16.691,-20.252,0.007,1.838,2.052,12.489,22.155,25.256,22.539,26.245,27.251,26.297,13.72,24.48,9.917,-0.877,0.653,-5.375,8.542,14.354,23.579,23.117,23.418,23.429,24.953,25.368,25.784,-26.702,-10.825,-19.636,-22.269,2.529,-8.201,-11.023,4.52,16.536,20.64,24.875,30.637,30.264,25.147,21.128,12.288,-21.443,-9.798,-18.889,10.393,27.39,25.035,12.353,NA,NA,26.423,26.708,26.789,25.06,2.607,4.823
"1889-01",-32.725,-15.981,-19.297,-0.895,1.015,1.105,11.983,22.487,24.44,23.051,26.441,25.946,25.725,15.47,25.048,11.37,-4.134,0.806,-6.664,7.644,12.675,22.725,23.56,24.135,23.79,24.993,24.553,26.013,-29.148,-9.978,-17.903,-24.103,2.28,-9.296,-13.436,1.629,15.003,19.062,24.287,31.275,31.024,26.108,23.389,13.878,-21.944,-8.292,-29.141,5.181,27.344,26.086,11.648,NA,NA,24.765,26.075,26.423,26.283,3.577,4.342
"1889-02",-27.925,-16.55,-16.481,0.945,0.406,0.344,13.068,22.582,24.659,23.908,27.508,26.28,26.112,15.102,24.688,10.752,-4.769,0.292,-9.347,9.78,16.649,25.253,24.636,24.955,24.186,25.18,24.002,26.052,-29.611,-15.046,-20.325,-24.461,3.701,-8.441,-13.768,1.769,17.404,21.486,24.83,30.065,30.571,26.333,20.953,15.445,-27.731,-14.841,-34.302,3.165,27.631,26.568,11.745,NA,NA,25.246,25.842,26.029,26.937,3.577,4.221
"1889-03",-31.72,-8.676,-19.578,5.59,4.596,0.989,15.934,23.49,24.466,24.04,28.117,25.744,25.826,13.59,23.612,11.349,-1.285,5.443,-2.436,12.524,19.627,28.244,26.757,27.061,24.8,25.454,23.895,25.756,-20.751,-3.785,-10.413,-16.07,8.617,1.03,-9.237,7.957,20.547,23.463,26.184,30.001,28.235,24.794,19.013,14.426,-37.054,-19.08,-30.227,7.97,27.959,26.733,11.567,NA,NA,25.867,26.909,26.726,27.15,1.663,6.276
"1889-04",-23.887,-2.155,-9.48,10.132,16.047,10.781,19.531,25.263,24.835,23.346,27.058,25.664,25.493,11.099,19.572,7.424,2.345,9.926,5.177,15.638,26.674,31.673,28.137,28.562,24.903,24.102,23.453,24.868,-10.477,6.636,-0.883,-6.061,15.168,9.421,-0.568,13.444,25.665,29.03,27.005,27.85,23.507,20.863,16.082,11.748,-43.602,-24.729,-20.839,10.028,27.875,26.178,12.641,NA,NA,27.065,28.23,27.855,25.641,-0.509,9.566
"1889-05",-13.557,5.981,-2.412,13.701,19.796,15.498,22.525,26.51,26.705,22.76,26.724,24.798,23.472,8.345,15.334,4.638,7.798,14.953,17.802,18.641,29.655,30.954,27.081,27.761,23.724,19.79,19.217,22.63,-2.484,12.905,6.412,1.997,21.182,16.252,4.832,19.595,29.6,30.971,27.554,24.52,19.085,15.937,13.556,9.457,-43.972,-33.685,-7.708,13.11,27.381,25.369,15.089,NA,NA,28.575,29.34,28.445,24.421,-0.643,11.962
"1889-06",-5.463,8.155,4.022,20.063,26.07,20.29,26.421,25.91,27.433,21.587,26.046,22.568,20.739,6.597,12.115,1.65,14.424,20.001,19.819,23.217,32.962,29.124,26.198,26.786,22.165,17.619,17.466,19.91,4.936,15.576,14.026,11.345,26.028,20.597,9.403,22.633,33.597,32.49,26.953,21.327,12.591,13.739,9.892,8.093,-45.696,-31.151,-0.983,14.781,27.113,24.742,16.59,NA,NA,29.997,29.422,28.571,22.521,-2.513,13.853
"1889-07",-1.879,9.822,7.256,23.024,29.051,23.811,27.346,25.489,28.146,21.632,26.136,22.13,21.651,6.815,13.391,2.499,14.502,20.104,21.184,25.804,33.028,27.625,24.696,25.755,20.714,15.813,16.249,19.111,7.908,17.512,19.192,14.027,28.167,22.67,11.328,23.937,34.038,30.794,26.291,21.254,14.692,12.23,10.888,6.539,-44.26,-31.955,-1.12,16.358,26.467,23.292,19.149,NA,NA,28.735,27.588,27.426,21.052,-4.05,14.893
"1889-08",-5.465,11.38,8.89,22.557,27.361,22.072,27.403,25.154,28.196,21.764,26.603,22.869,23.284,5.783,13.868,2.502,12.491,18.958,20.929,26.665,31.704,26.537,24.687,26.012,21.32,18.011,17.838,20.032,6.313,19.535,14.86,10.887,26.787,21.253,10.776,24.831,33.644,29.061,26.005,22.628,16.293,13.973,11.34,6.929,-44.959,-28.891,-0.276,16.636,26.095,23.177,20.765,NA,NA,27.68,27.163,27.211,21.143,-4.874,14.641
"1889-09",-11.369,6.078,3.106,19.452,22.927,17.973,25.753,24.713,28.273,22.479,27.485,24.735,25.953,8.45,16.724,5.4,10.249,15.69,14.125,22.476,29.201,27.25,25.57,26.816,22.196,21.178,20.302,20.868,3.223,12.288,6.683,5.905,21.342,14.483,7.937,20.919,30.453,29.163,26.156,26.207,19.979,17.379,12.975,8.697,-45.063,-29.919,-2.035,15.546,26.086,23.546,20.009,NA,NA,27.732,27.134,27.093,20.849,-3.486,12.749
"1889-10",-17.906,-0.79,-0.654,11.694,16.588,14.331,21.965,24.166,27.352,22.212,27.281,27.128,26.394,10.317,19.715,8.331,5.523,9.445,5.631,17.035,23.36,27.475,25.613,26.322,23.062,24.619,23.72,22.813,-6.871,3.924,-1.247,-2.122,15.876,6.848,2.771,15.202,25.305,27.496,25.845,28.274,23.228,20.466,15.266,10.368,-41.777,-28.431,-10.966,13.905,26.213,23.902,17.635,NA,NA,27.406,27.166,26.891,21.362,-1.959,10.002
"1889-11",-24.153,-7.387,-11.733,4.664,5.769,5.855,17.027,23.514,26.305,21.872,26.125,26.351,24.958,13.35,22.48,10.73,1.129,4.444,2.401,12.236,19.836,27.055,25.466,25.238,23.523,24.474,24.137,24.597,-17.954,-1.404,-10.352,-14.198,9.335,-1.549,-3.889,6.962,20.67,23.266,24.693,30.666,25.665,22.411,16.017,12.884,-32.155,-19.687,-21.69,12.216,26.363,24.773,15.199,NA,NA,26.543,26.594,26.68,22.718,0.554,7.083
"1889-12",-29.815,-19.312,-26.612,-4.821,-2.811,-0.288,13.318,23.244,25.689,21.249,25.086,25.832,24.717,13.842,22.77,12.188,-2.457,2.881,-7.686,9.498,15.056,23.975,23.07,23.459,22.623,25.027,23.382,24.946,-27.484,-8.81,-16.669,-18.901,4.125,-5.708,-11.404,5.009,16.928,19.202,24.811,31.585,29.333,24.878,19.27,15.703,-22.83,-10.493,-29.752,11.731,26.5,25.973,11.518,NA,NA,25.63,25.709,26.212,24.498,2.481,4.304
"1890-01",-26.652,-18.648,-28.791,-4.106,-0.288,-2.44,13.352,22.38,24.618,21.229,24.622,25.175,24.385,15.35,25.338,13.564,-5.545,-0.671,-12.592,8.795,14.555,23.251,23.097,23.289,22.941,25.029,24.005,25.235,-30.481,-17.088,-24.215,-29.167,2.527,-8.5,-13.407,0.826,15.012,18.386,24.108,30.326,29.619,25.083,21.13,15.665,-21.975,-8.62,-17.16,5.204,26.865,26.698,10.025,NA,NA,24.43,25.198,25.613,25.438,3.502,3.074
"1890-02",-27.544,-19.3,-28.266,-4.165,2.808,1.854,14.884,22.42,24.371,21.231,24.678,25.043,24.329,14.977,23.717,12.732,-5.124,-1.911,-15.772,7.927,15.021,24.514,23.972,24.357,23.822,24.377,23.892,25.133,-28.255,-19.635,-22.23,-25.19,1.827,-6.34,-9.852,5.746,17.293,20.256,25.036,28.678,29.372,26.063,22.225,14.368,-28.56,-13.57,-17.616,6.081,26.887,27.228,10.206,NA,NA,24.235,25.091,25.73,26.285,3.792,3.097
"1890-03",-33.306,-13.815,-22.771,3.943,8.421,4.282,16.78,22.737,24.24,21.738,25.398,25.319,24.479,13.575,23.221,10.528,-1.429,5.432,-4.251,12.046,19.351,27.394,25.705,26.381,24.116,23.608,22.91,24.937,-24.64,-7.151,-8.852,-14.339,6.866,1.046,-5.591,8.336,19.898,23.527,25.495,29.084,28.657,25.466,19.199,14.876,-37.929,-21.77,-28.98,7.632,26.854,26.996,10.652,NA,NA,24.836,26.057,26.431,26.243,2.501,5.474
"1890-04",-23.834,-5.02,-12.557,11.011,16.04,8.853,21.441,23.531,24.942,21.661,25.641,24.727,23.91,10.964,19.959,6.656,3.715,9.423,2.053,15.336,25.662,30.154,26.954,27.884,24.219,22.854,21.765,23.772,-12.915,-0.408,1.507,-3.515,13.997,9.635,0.299,14.617,25.342,28.417,26.491,28.348,24.871,22.182,17.238,11.785,-44.533,-26.021,-14.931,10.139,26.676,26.813,11.093,NA,NA,25.938,27.527,27.323,24.762,-0.442,8.791
"1890-05",-12.723,1.641,-3.586,14.692,21.362,16.08,23.244,24.95,26.226,20.508,24.831,23.317,20.895,8.344,13.839,4.518,8.582,14.639,12.689,18.992,29.509,28.954,26.275,27.693,23.315,18.636,19.124,22.479,-3.284,9.455,6.273,2.663,22.35,16.169,6.306,19.089,30.638,32.192,26.65,25.003,18.044,17.613,12.935,10.204,-43.657,-31.873,-3.782,12.668,26.537,25.752,13.837,NA,NA,28.171,28.709,28.162,23.453,-1.243,11.458
"1890-06",-3.796,7.024,3.907,18.673,26.768,21.034,25.543,24.656,27.241,20.322,24.835,22.486,19.701,6.114,11.019,2.143,11.309,17.874,18.726,22.62,31.752,28.472,25.328,26.867,21.669,16.434,16.946,19.853,4.351,16.81,14.194,10.542,26.021,19.939,9.482,22.001,32.623,31.136,26.406,22.552,15.132,13.08,11.097,8.842,-43.093,-31.802,-1.681,13.822,26.231,25.2,16.701,NA,NA,29.036,27.618,27.396,22.313,-2,13.599
"1890-07",-1.086,9.801,7.167,23.631,30.071,24.365,26.327,24.353,27.484,19.909,24.679,21.715,19.827,4.937,11.376,0.588,14.209,19.079,20.647,25.768,31.221,26.698,24.55,26.101,21.156,15.717,16.869,19.864,5.787,19.893,17.245,13.292,28.051,24.11,11.384,24.866,33.711,29.102,25.941,21.972,13.16,12.277,9.287,7.735,-45.607,-33.866,-0.405,15.286,25.928,24.455,18.537,NA,NA,27.936,27.347,27.3,21.537,-3.792,14.329
"1890-08",-6.876,9.611,6.094,22.223,28.363,22.908,26.101,24.918,27.652,21.088,25.583,21.73,21.794,7.155,14.263,2.492,11.795,18.862,16.625,25.603,30.079,26.266,24.577,25.973,20.969,16.917,16.222,19.067,6.992,16.755,14.231,11.255,26.427,22.026,10.169,24.161,32.978,28.497,26.222,24.043,16.251,14.875,10.611,7.681,-46.072,-31.938,-0.228,16.316,25.87,23.99,19.696,NA,NA,27.395,27.118,27.081,20.881,-4.734,13.873
"1890-09",-12.391,4.528,3.742,17.845,24.781,20.62,25.382,24.705,27.122,22.183,26.707,24.377,25.334,8.833,17.53,4.128,8.227,13.241,13.732,22.247,28.768,27.083,25.181,26.324,22.096,19.664,20.28,20.714,2.733,13.355,8.043,5.285,21.82,15.154,7.677,19.815,29.392,28.435,26.158,26.738,19.318,17.52,12.63,8.891,-46.321,-32.774,-3.306,15.314,26.206,24.077,18.75,NA,NA,27.128,27.247,26.863,20.764,-2.749,12.383
"1890-10",-20.256,-1.159,-2.709,11.294,15.68,14.284,20.887,23.583,26.64,22.067,26.758,26.592,26.504,10.266,20.322,6.669,4.413,10.24,5.592,17.789,23.289,27.016,25.381,25.769,22.986,23.868,23.046,23.014,-5.69,4.495,1.513,-1.97,14.045,6.162,1.623,14.553,24.423,26.774,25.726,28.678,22.159,19.804,14.131,9.864,-39.373,-27.379,-14.378,13.577,26.459,24.362,17.303,NA,NA,26.73,26.927,26.656,21.923,-1.358,9.94
"1890-11",-25.971,-8.749,-12.29,3.757,7.05,7.786,15.995,22.936,25.727,21.886,26.479,26.648,25.364,11.199,21.104,8.428,0.741,2.674,-0.441,11.687,19.293,25.944,24.648,24.94,23.24,24.815,24.707,24.485,-19.808,-1.477,-8.034,-13.31,9.972,-0.809,-6.111,8.117,21.133,22.948,24.941,29.033,26.169,21.575,18.575,11.986,-31.587,-17.804,-20.331,11.828,26.682,25.306,14.639,NA,NA,26.128,26.3,26.412,22.89,1.116,6.978
"1890-12",-28.692,-12.196,-23.565,-2.953,-0.551,0.765,12.407,22.637,25.074,21.5,25.085,25.347,24.682,14.034,24.525,10.782,-3.374,-0.165,-8.967,7.979,13.516,22.88,23.005,23.566,22.712,24.036,23.894,25.005,-27.089,-13.443,-18.791,-21.448,3.346,-8.086,-11.181,3.412,15.81,18.561,24.294,29.09,29.432,25.132,21.741,14.389,-22.406,-10.288,-19.134,11.475,27.208,25.628,12.761,NA,NA,25.105,25.711,26.019,24.219,2.898,4.148
"1891-01",-32.383,-12.994,-27.346,-0.277,0.651,-3.735,12.305,21.105,23.853,21.413,24.783,25.067,24.697,14.673,25.84,11.037,-3.294,1.246,-8.264,8.205,13.199,22.641,23.334,23.371,23.385,24.337,24.179,25.463,-26.162,-15.663,-26.832,-27.482,2.064,-13.407,-15.036,-1.439,15.654,16.69,24.067,29.314,29.252,25.579,20.912,15.947,-21.019,-8.7,-21.925,8.387,27.425,26.428,11.86,NA,NA,23.625,24.969,25.459,25.137,4.202,3.227
"1891-02",-34.277,-14.885,-27.74,-0.794,-0.103,-4.908,13.607,21.401,23.613,21.401,24.832,25.054,24.78,14.405,24.87,11.239,-1.524,2.474,-7.211,9.229,15.113,24.562,23.642,24.412,23.54,23.943,23.253,24.927,-24.212,-10.403,-14.963,-21.033,3.535,-6.403,-11.774,3.12,16.951,20.236,24.274,27.812,28.828,24.656,23.625,14.802,-28.055,-14.224,-28.745,7.314,27.183,27.005,11.366,NA,NA,23.984,25.057,25.477,26.219,3.492,3.954
"1891-03",-31.817,-13.163,-24.958,3.281,4.008,0.646,17.286,22.733,24.512,21.876,25.29,25.244,24.294,13.355,23.114,10.82,2.041,5.104,-2.383,11.514,19.546,27.555,25.383,26.027,24.08,24.365,23.279,25.214,-20.253,-4.637,-9.027,-14.206,6.817,0.35,-8.033,8.521,19.545,23.291,25.438,27.405,24.817,22.027,18.612,14.053,-39.003,-22.438,-26.42,8.768,27.369,26.982,9.846,NA,NA,24,26.546,26.491,26.413,1.38,5.267
"1891-04",-23.848,-3.407,-13.611,9.421,11.923,6.375,21.149,23.734,24.645,21.766,25.188,24.38,24.29,11.338,21.683,6.216,4.499,10.659,4.756,15.216,25.957,30.075,26.978,27.918,24.103,23.33,22.843,24.094,-12.29,1.397,-1.34,-4.315,15.41,9.869,1.801,15.192,25.659,29.059,26.105,26.707,23.401,20.451,16.062,11.645,-42.619,-27.88,-15.098,12.015,27.372,26.945,11.8,NA,NA,25.75,27.952,27.319,24.911,-0.348,8.9
"1891-05",-10.331,3.042,-3.798,17.48,21.878,14.362,23.312,24.556,25.653,21.377,25.133,23.27,22.82,7.581,15.254,3.231,9.886,16.502,12.852,18.297,29.008,29.595,26.35,27.174,23.279,19.085,20.048,22.617,-3.32,8.164,6.571,3.87,21.992,16.477,7.697,19.898,29.088,31.804,26.285,24.292,19.054,15.56,13.256,9.778,-43.169,-33.688,-6.329,13.601,27.049,25.777,13.611,NA,NA,27.486,28.736,28.001,23.936,-1.816,11.674
"1891-06",-3.33,9.492,3.083,21.266,25.503,18.876,26.451,24.919,26.999,20.879,25.005,22.383,20.634,6.933,12.283,2.13,11.003,15.896,17.656,22.571,32.088,28.621,25.455,26.79,21.796,15.945,16.567,20.295,3.242,18.839,13.678,10.698,26.669,20.689,9.615,22.928,31.977,30.718,26.318,21.863,14.064,13.716,10.14,8.064,-45.944,-34.105,-1.478,15.614,27.175,24.387,16.221,NA,NA,28.56,27.858,27.538,22.303,-2.639,13.422
"1891-07",-2.176,11.665,6.599,23.949,27.529,21.763,26.305,25.239,27.547,20.83,25,21.985,21.179,7.334,14.179,1.824,13.706,19.735,22.512,26.256,32.225,27.425,24.881,26.3,20.655,15.957,16.251,19.252,6.465,17.128,16.291,13.309,27.608,22.477,11.336,25.023,33.535,29.051,26.065,20.534,12.643,11.347,9.332,7.745,-46.65,-32.072,-0.262,16.81,26.725,23.131,18.628,NA,NA,27.333,27.461,27.183,21.353,-3.856,14.333
"1891-08",-6.774,7.719,7.909,21.631,30.158,23.642,25.954,25.26,27.855,21.391,25.72,22.287,23.078,7.558,16.195,2.169,12.524,17.639,18.955,25.496,30.644,27.033,25.162,26.423,21.539,17.788,18.008,20.072,6.067,18.003,12.621,12.01,27.555,21.026,10.405,24.722,33.402,28.888,25.838,20.762,14.613,12.825,10.261,7.629,-46.795,-36.278,-1.109,17.073,26.673,22.991,19.632,NA,NA,26.829,27.221,26.974,20.842,-3.562,13.934
"1891-09",-14.554,6.616,2.928,17.839,24.843,19.409,25.363,24.936,27.605,22.476,26.756,24.906,26.549,10.211,19.617,4.63,9.158,12.843,12.29,21.322,27.803,27.347,25.41,26.431,22.662,21.72,20.838,21.738,0.836,11.905,6.496,4.565,21.255,15.77,8,21.65,29.378,28.052,25.64,24.661,19.385,16.928,12.301,8.685,-46.738,-34.12,-1.839,16.709,26.792,22.646,19.471,NA,NA,26.902,27.636,27.152,21.763,-3.451,12.231
"1891-10",-21.547,0.072,-5.167,12.951,15.67,14.432,21.235,24.478,27.007,22.375,26.589,26.286,26.268,10.31,21.071,7.502,5.322,10.083,5.51,18.184,24.895,27.707,25.493,25.614,23.124,24.134,23.612,23.424,-6.801,3.449,-1.645,-3.809,14.938,6.937,-0.114,14.999,25.904,26.559,25.604,27.54,23.432,20.63,15.204,9.612,-41.449,-27.842,-4.99,14.775,26.854,23.494,17.543,NA,NA,26.921,26.67,26.567,21.977,-1.807,9.808
"1891-11",-27.582,-10.084,-11.784,2.95,9.285,9.567,17.389,24.024,25.894,22.139,26.147,27.644,26.574,11.624,22.554,7.458,0.117,5.816,-0.775,13.089,18.705,25.964,24.808,24.374,23.213,25.07,24.97,25.497,-18.545,-2.488,-7.05,-12.897,8.112,0.782,-6.207,10.277,20.344,23.716,25.336,30.29,26.672,23.233,17.051,10.807,-30.638,-20.202,-23.793,12.502,27.098,24.507,15.236,NA,NA,26.558,26.908,27.004,24.05,0.043,7.307
"1891-12",-25.943,-13.054,-21.071,-2.57,0.818,2.315,12.639,22.144,24.582,21.995,25.675,26.683,25.387,13.848,23.265,12.142,-3.26,-0.345,-5.64,8.589,14.504,24.666,23.999,24.122,23.322,25.287,24.846,25.511,-24.148,-10.317,-20.971,-22.163,3.178,-9.623,-12.55,3.161,17.195,19.843,24.298,30.525,30.048,25.624,20.944,14.411,-23.066,-8.971,-19.06,10.573,27.406,25.136,13.223,NA,NA,25.09,26.067,26.276,25.179,2.443,4.691
"1892-01",-27.792,-15.324,-27.275,-1.335,0.653,-1.079,11.897,21.443,24.261,22.113,25.437,25.534,24.846,15.809,25.565,13.159,-5.14,-5.026,-10.635,6.204,16.463,26.391,25.446,24.217,24.076,25.363,25.347,25.982,-33.446,-17.764,-25.895,-27.604,1.851,-10.212,-12.225,2.61,15.936,19.029,24.531,30.951,30.317,25.7,21.166,16.362,-22.09,-9.316,-20.404,7.49,27.511,25.938,11.729,NA,NA,23.533,25.972,26.248,26.057,3.843,3.477
"1892-02",-28.447,-21.245,-26.916,1.271,3.684,0.201,13.779,22.29,23.403,22.898,26.336,25.66,25.567,15.956,24.985,13.034,-6.399,-4.343,-16.736,7.945,17.712,27.455,25.895,25.564,24.361,25.219,24.352,25.7,-30.866,-23.222,-27.093,-23.175,-2.079,-13.367,-14.142,0.82,17.043,18.031,24.901,31.245,29.71,25.191,20.922,16.135,-28.654,-13.023,-19.686,4.52,27.612,27.082,11.871,NA,NA,23.616,25.566,25.992,27.393,3.685,2.641
"1892-03",-26.266,-11.147,-24.689,7.003,6.648,2.414,16.679,23.671,25.005,23.208,26.767,24.701,25.178,14.035,24.204,10.16,-0.588,3.212,-2.378,11.298,20.436,28.631,26.853,27.31,24.9,24.214,23.971,25.89,-24.826,-6.12,-13.732,-16.874,7.739,-0.554,-8.007,6.487,22.037,23.95,25.923,30.91,28.277,23.078,19.287,12.43,-33.772,-19.804,-22.044,8.04,27.628,26.732,11.336,NA,NA,25.446,27.164,27.091,27.307,2.081,5.967
"1892-04",-19.354,-4.28,-13.289,11.445,15.823,11.286,20.59,25.119,25.585,22.836,26.535,24.792,24.544,12.204,20.646,6.592,4.415,9.157,7.037,14.364,25.103,30.434,27.386,28.18,24.699,23.267,22.655,24.5,-12.031,2.059,-2.291,-6.324,14.275,7.049,-3.903,13.925,25.326,27.612,26.756,27.517,22.477,19.679,14.829,11.171,-42.386,-28.609,-12.504,10.157,27.333,26.05,12.307,NA,NA,26.859,27.955,27.619,26.789,-0.487,8.867
"1892-05",-12.754,1.964,-3.348,14.704,20.617,14.321,23.013,25.729,26.409,22.123,25.915,23.377,22.721,8.524,16.251,4.021,6.795,14.07,14.759,19.24,28.977,30.384,26.6,26.867,23.567,19.665,20.06,23.719,-1.736,12.887,7.16,2.514,22.503,16.856,4.592,19.246,29.484,30.854,27.236,24.389,18.17,15.915,12.837,8.964,-44.5,-34.109,-7.971,12.821,27.251,24.933,13.416,NA,NA,28.422,29.272,28.392,25.04,-2.171,11.616
"1892-06",-5.299,9.89,2.851,19.538,23.998,17.94,26.045,25.663,27.584,21.012,25.361,21.632,19.496,7.313,11.673,3.445,12.26,19.356,19.412,22.23,32.239,29.462,25.844,26.559,22.127,15.658,16.314,20.966,5.607,15.831,13.019,11.254,26.863,20.425,8.852,22.258,33.513,33.182,26.586,21.16,14.31,12.624,10.517,8.196,-42.953,-33.011,-1.914,14.714,26.628,24.15,15.794,NA,NA,30.076,29.496,28.726,23.539,-1.609,13.721
"1892-07",-3.457,12.236,7.561,21.158,28.387,22.701,26.725,25.658,28.469,21.161,25.459,21.6,20.607,6.873,13.062,1.396,13.598,19.531,22.347,26.319,32.153,28.151,25.029,26.074,21.432,14.95,16.487,20.564,8.611,19.673,15.584,13.962,27.64,22.541,11.811,24.522,34.287,30.822,26.357,20.724,13.723,12.232,9.859,6.233,-47.64,-34.28,0.18,16.641,26.333,23.018,18.281,NA,NA,28.315,27.591,27.416,22.775,-5.453,14.441
"1892-08",-5.876,10.889,7.783,23.425,26.511,22.601,25.913,25.658,28.113,21.935,26.394,22.971,23.559,8.07,16.38,3.717,13.318,18.294,19.452,25.46,30.674,26.789,24.942,25.936,21.684,17.164,17.777,20.328,7.76,18.099,14.602,11.836,26.542,21.251,11.197,25.166,33.393,28.658,25.783,23.397,17.566,14.328,11.304,7.137,-43.085,-30.069,-0.411,17.382,26.226,22.593,20.047,NA,NA,27.444,27.147,27.047,21.756,-4.505,14.697
"1892-09",-11.567,6.519,4.697,18.306,23.213,20.082,24.398,25.679,27.877,22.751,27.088,24.165,26.361,9.913,18.962,4.284,9.325,15.098,14.043,22.542,28.562,27.332,25.669,26.649,22.639,20.791,21.124,21.416,3.087,13.038,6.78,4.352,21.093,14.636,8.273,20.382,30.393,28.31,25.993,26.934,21.428,18.86,13.043,8.551,-47.565,-32.866,-2.137,16.271,26.447,23.241,19.225,NA,NA,27.242,27.117,26.897,21.356,-3.242,12.593
"1892-10",-21.064,-0.354,-3.487,10.499,16.015,15.193,22.255,25.387,27.188,22.495,27.049,26.062,26.331,10.896,20.601,7.879,7.777,11.852,7.758,17.618,24.435,27.778,25.9,26.203,23.282,23.557,23.178,23.156,-6.153,3.737,-0.924,-2.928,13.935,5.968,2.419,14.594,25.708,26.381,25.821,29.547,24.675,21.691,15.706,10.055,-42.453,-24.353,-8.898,15.512,26.539,23.786,17.638,NA,NA,26.584,26.92,26.722,21.701,-2.95,10.042
"1892-11",-21.448,-9.58,-9.645,2.813,6.94,9.179,16.77,24.326,26.49,22.059,26.31,26.888,25.266,12.432,22.275,9.861,1.802,4.603,-0.632,13.632,19.085,26.356,25.054,25.152,23.602,25.256,24.768,24.309,-20.535,-3.478,-9.651,-14.518,10.096,0.168,-4.561,8.377,21.39,22.776,24.506,30.902,27.535,24.291,17.866,10.927,-32.049,-19.319,-17.78,11.964,26.831,24.471,14.765,NA,NA,26.275,25.927,26.154,23.628,0.295,7.214
"1892-12",-28.658,-22.892,-22.641,-1.879,2.395,5.06,14.604,23.081,25.261,21.836,25.502,26.785,25.373,13.083,24.337,9.654,0.997,3.332,-4.399,10.369,15.586,24.068,23.564,23.933,22.913,25.434,24.705,25.065,-31.438,-12.263,-18.293,-18.36,4.604,-6.59,-12.53,5.174,18.173,18.336,24.325,32.094,29.807,25.933,19.722,14.43,-23.041,-9.827,-17.8,9.089,27.048,25.733,12.408,NA,NA,25.07,25.37,25.859,24.76,3.106,4.656
"1893-01",-27.165,-20.484,-31.302,-6.101,-3.355,-1.299,13.565,22.967,24.738,21.884,25.294,25.715,24.963,15.226,24.98,12.97,-2.133,-1.741,-12.037,8.543,14.926,24.85,24.227,24.362,23.181,24.938,25.186,26.027,-27.847,-18.949,-23.168,-26.178,2.025,-10.007,-12.621,2.978,17.139,18.553,24.35,30.381,30.182,25.676,21.591,14.593,-21.301,-8.539,-12.449,8.249,27.627,26.808,10.538,NA,NA,24.337,24.914,25.439,25.254,3.969,3.363
"1893-02",-26.224,-18.658,-28.839,-4.667,-2.285,-3.255,13.881,23.509,24.844,22.364,25.729,24.894,24.935,14.749,24.732,12.467,-1.727,-0.132,-9.264,9.076,16.732,25.608,23.834,24.184,23.485,24.333,24.029,25.682,-27.899,-17.132,-24.141,-26.832,1.927,-7.574,-10.755,2.596,17.126,20.834,24.832,30.534,30.773,26.748,21.412,14.92,-27.542,-13.237,-18.099,4.146,27.439,26.671,9.898,NA,NA,24.715,25.361,25.662,26.187,3.768,3.303
"1893-03",-25.341,-12.957,-25.307,-1.646,0.393,-0.042,16.399,24.491,25.91,22.694,26.335,24.612,24.575,14.919,23.783,11.566,-0.027,4.442,-2.83,11.978,19.6,27.989,25.942,26.696,24.339,24.253,23.84,25.434,-21.368,-4.5,-9.323,-17.706,9.466,4.163,-5.093,9.045,20.219,24.591,25.219,29.612,27.216,23.953,18.153,13.086,-37.842,-23.077,-25.379,8.908,27.527,26.635,10.18,NA,NA,24.924,26.248,26.432,26.58,2.492,5.606
"1893-04",-20.784,-3.068,-15.583,9.736,12.811,8.028,19.764,24.696,25.601,22.516,26.16,24.191,24.66,12.177,21.355,7.499,3.707,9.443,6.258,15.337,25.751,30.208,27.277,28.379,24.954,22.417,22.136,24.655,-11.661,3.706,-0.819,-6.456,16.346,10.223,0.633,15.089,25.189,28.692,26.548,27.204,24.711,20.982,16.065,11.343,-41.848,-29.188,-11.804,10.554,27.457,25.548,11.441,NA,NA,26.518,27.934,27.422,25.606,1.357,9.123
"1893-05",-10.197,4.332,-3.384,14.831,19.324,14.692,22.23,26.228,26.295,22.032,25.836,24.026,23.014,7.828,15.704,3.039,7.13,13.865,13.668,18.821,29.831,30.295,26.799,27.451,23.686,19.879,19.723,22.317,-2.404,12.117,6.265,2.961,22.189,18.163,5.984,19.568,29.786,31.779,26.799,24.449,19.14,16.955,13.203,9.249,-45.742,-31.6,-8.228,12.853,27.045,24.267,13.744,NA,NA,27.85,29.138,28.382,23.889,-1.769,11.728
"1893-06",-3.654,9.764,5.04,19.585,25.732,20.862,24.78,26.097,27.592,21.268,25.612,22.269,21.111,7.022,12.853,1.299,10.575,17.261,18.609,23.679,33.198,28.639,25.598,26.683,21.711,17.277,17.423,20.772,3.909,15.703,12.946,9.73,27.738,21.374,9.564,22.626,33.744,32.922,26.458,21.885,15.608,13.794,11.069,7.475,-45.631,-30.963,-0.845,14.286,26.752,23.458,15.767,NA,NA,29.589,28.938,28.309,22.599,-2.786,13.874
"1893-07",-2.292,12.133,6.276,23.204,28.107,22.264,27.563,26.176,28.407,21.061,25.71,22.598,20.89,5.593,10.923,0.29,13.082,17.753,18.3,25.733,31.555,27.334,24.683,25.588,20.896,15.574,16.172,19.301,5.456,17.611,15.487,14.152,28.066,22.759,11.447,25.25,33.596,29.695,26.03,20.243,13.293,12.257,9.61,5.996,-44.48,-32.473,-0.209,16.137,26.058,22.432,18.823,NA,NA,27.732,27.422,27.331,21.637,-3.717,14.274
"1893-08",-4.006,8.869,6.944,23.316,29.769,23.44,27.324,25.944,28.048,22.041,26.424,23.128,23.519,8.774,15.099,2.892,12.258,17.439,18.446,25.31,30.77,26.157,24.671,25.706,21.823,17.272,18.175,20.69,4.885,18.507,13.502,9.503,27.417,22.04,10.655,24.91,32.493,27.804,25.62,21.367,15.113,13.422,11.04,7.288,-47.827,-30.916,0.513,16.462,26.157,22.111,18.917,NA,NA,27.32,27.065,26.982,21.547,-4.581,13.999
"1893-09",-12.972,4.989,4.155,17.527,24.507,20.299,25.483,25.805,27.832,23.285,27.701,24.73,27.133,10.149,21.616,3.898,10.069,14.526,12.472,23.103,29.212,27.155,25.482,26.844,22.556,21.291,20.219,20.959,1.201,9.615,5.527,4.288,21.715,14.989,7.635,19.95,30.989,28.581,25.804,23.309,18.733,16.175,12.442,7.482,-45.334,-33.982,-0.327,16.09,26.495,22.777,18.102,NA,NA,27.524,27.171,26.984,21.009,-3.459,12.48
"1893-10",-12.836,-1.789,-3.134,13.449,16.498,12.443,23.11,25.033,27.412,22.886,27.147,26.743,26.391,10.053,20.348,6.832,3.861,8.629,5.631,17.775,27.082,27.903,25.645,26.119,23.518,23.783,22.444,22.45,-10.464,4.496,-1.716,-4.362,17.037,7.263,0.277,14.297,26.552,27.036,25.62,27.968,24.559,20.477,15.455,9.374,-40.118,-27.046,-10.546,14.286,26.818,22.806,16.74,NA,NA,27.076,26.721,26.608,21.751,-0.884,10.146
"1893-11",-21.098,-7.904,-9.104,4.516,9.705,8.625,17.848,24.595,26.625,22.574,26.453,26.803,25.759,12.683,23.294,8.63,0.212,3.286,-4.586,12.274,19.659,27.118,25.677,25.451,23.892,25.24,24.831,24.714,-23.883,-8.47,-16.332,-19.027,9.824,0.381,-6.449,10.121,22.919,23.824,25.704,30.018,28.323,25.262,18.621,11.495,-29.637,-18.996,-9.767,11.357,26.948,23.678,15.041,NA,NA,27.223,26.859,26.894,23.444,0.941,7.108
"1893-12",-20.931,-11.856,-13.053,-0.013,1.947,0.995,12.281,22.792,24.73,22.713,26.13,27.01,26,13.166,23.668,10.771,-6.31,-1.292,-9.979,10.266,16.194,24.45,24.226,24.303,23.599,24.35,24.734,25.624,-27.316,-16.508,-25.563,-25.682,4.31,-9.64,-13.405,3.623,18.384,20.322,25.412,30.728,29.525,24.677,20.835,12.522,-20.54,-9.16,-17.148,9.769,27.438,25.391,13.819,NA,NA,25.78,26.814,26.892,25.125,3.049,4.917
"1894-01",-22.741,-12.537,-16.426,-2.882,-0.561,-1.028,11.157,21.513,23.81,23.186,26.56,25.819,25.654,15.299,25.616,12.713,-12.598,-6.537,-19.66,9.416,15.862,24.564,24.721,24.721,24.226,25.304,24.775,26.268,-34.418,-25.505,-30.757,-27.283,3.167,-10.252,-14.848,0.636,16.859,18.843,24.924,30.864,30.409,25.04,22.095,16.226,-21.213,-7.972,-24.573,8.056,27.59,26.371,11.985,NA,NA,24.823,26.341,26.733,25.984,4.748,3.354
"1894-02",-25.435,-13.379,-20.423,0.623,-0.421,-2.987,14.213,22.697,24.009,23.378,27.061,25.279,25.211,14.37,23.484,12.791,-9.19,-2.205,-10.521,11.493,19.152,26.933,25.19,24.905,23.926,26.153,24.04,25.76,-27.897,-15.742,-23.282,-22.372,4.616,-9.786,-13.812,0.164,17.485,20.177,24.879,31.162,30.222,25.816,21.002,16.156,-29.241,-14.499,-27.381,6.501,27.664,26.839,10.937,NA,NA,24.012,26.982,27.182,26.891,4.47,3.991
"1894-03",-27.734,-6.315,-18.206,7.312,8.961,4.054,17.19,23.769,25.113,23.166,27.01,25.096,25.211,14.559,23.417,10.953,-1.287,4.316,-5.545,12.292,19.224,27.698,25.848,26.782,24.729,24.937,23.895,25.417,-24.685,-5.202,-10.042,-17.77,7.343,1.694,-9.056,8.509,20.258,23.862,25.862,30.866,29.561,25.15,20.824,14.791,-38.297,-22.492,-24.745,7.395,27.741,27.047,10.976,NA,NA,24.993,27.462,27.462,26.942,1.895,6.161
"1894-04",-21.378,-1.646,-9.936,10.839,16.607,10.992,20.78,25.667,25.818,22.83,26.603,24.68,24.716,12.775,21.538,7.994,3.541,8.62,3.22,14.956,24.946,30.797,27.708,28.676,24.807,23.644,23.003,25.286,-12.644,5.551,1.713,-7.769,14.098,9.995,-1.397,13.934,24.636,28.317,26.745,27.999,24.379,20.382,17.172,12.458,-41.787,-26.706,-19.157,9.46,27.461,26.101,12.539,NA,NA,26.464,28.236,27.947,26.575,-0.158,9.489
"1894-05",-13.707,4.949,-2.501,14.148,21.138,16.099,22.588,26.436,26.896,22.239,26.045,24.014,23.279,8.879,15.97,5.21,7.763,13.178,12.937,18.829,29.167,31.125,27.183,28.785,23.858,20.499,19.899,23.37,-4.172,13.265,8.034,3.47,22.249,17.054,4.842,19.02,29.503,31.83,27.156,25.198,18.751,16.442,12.851,10.205,-48.139,-32.147,-8.918,12.663,27.316,25.283,13.9,NA,NA,28.351,29.034,28.42,24.873,-3.08,11.658
"1894-06",-3.525,9.829,4.245,17.621,25.01,19.324,25.28,26.328,27.709,21.247,25.549,22.487,20.7,7.035,12.891,3.282,11.649,18.408,17.095,24.104,32.217,29.498,26.411,27.666,22.679,17.406,18.064,21.225,4.702,17.247,13.099,7.235,26.195,20.664,9.31,21.907,33.649,32.804,26.751,23.03,16.369,15.029,12.033,8.62,-46.732,-31.067,-1.369,14.264,26.925,24.229,16.54,NA,NA,29.96,28.573,28.076,23.035,-2.572,13.755
"1894-07",-1.968,11.579,8.13,23.405,29.008,22.353,28.014,25.856,28.687,20.883,25.583,22.282,20.382,5.45,11.017,2.236,12.5,16.764,18.068,26.512,32.647,28.36,25.512,26.718,21.35,16.45,17.024,19.954,7.423,19.313,16.711,12.462,29.23,23.148,10.547,25.014,34.312,29.465,26.284,21.028,14.358,12.235,10.476,7.893,-46.514,-30.485,-0.527,16.112,26.369,23.62,18.687,NA,NA,28.182,27.654,27.625,21.848,-4.114,14.595
"1894-08",-3.386,9.731,7.254,22.253,29.207,23.67,26.668,25.655,28.244,21.591,26.511,23.285,22.524,7.29,13.706,2.648,10.86,15.609,14.394,25.011,30.6,27.136,25.094,26.104,21.694,18.41,18.325,20.402,5.921,14.539,13.91,12.992,26.198,21.015,10.246,25.016,32.949,27.996,26.079,23.875,17.151,15.352,11.921,7.74,-43.649,-32.02,-0.509,16.237,26.111,22.798,19.508,NA,NA,27.471,27.54,27.44,21.837,-3.6,14.216
"1894-09",-13.614,5.551,1.767,16.814,21.351,19.041,24.827,25.305,28.014,22.452,27.338,25.031,25.726,8.429,17.514,4.647,8.842,16.934,12.286,23.179,29.715,27.571,25.591,26.827,22.501,21.357,21.255,21.503,2.09,10.493,8.331,6.23,20.655,13.896,7.617,20.181,30.531,27.782,26.087,26.359,23.031,20.115,14.74,8.676,-46.836,-33.332,-3.542,16.127,26.123,22.992,19.114,NA,NA,27.672,27.207,27.09,21.598,-3.434,12.454
"1894-10",-17.672,0.281,-4.501,10.599,14.001,12.657,21.404,24.491,27.592,22.464,27.325,26.15,25.959,10.737,19.071,7.642,5.434,10.899,5.199,18.903,26.621,28.365,25.954,26.733,23.335,24.639,22.836,22.679,-8.299,2.73,-0.63,-2.545,15.086,6.738,1.416,14.392,25.581,26.375,25.928,28.922,23.977,21.252,15.477,10.735,-41.015,-27.743,-9.268,14.715,26.425,24.138,16.513,NA,NA,26.006,27.269,27.133,21.875,-2.353,10.006
"1894-11",-22.025,-7.556,-12.177,5.287,10.096,9.129,17.345,24.137,26.123,22.038,26.705,26.477,25.755,12.194,21.563,9.779,1.245,3.005,-2.258,12.47,22.054,27.571,25.62,25.692,23.468,25.173,25.324,24.974,-18.404,-6.203,-14.533,-15.557,8.101,-3.218,-3.501,7.671,21.675,23.294,25.555,31.03,27.029,23.804,17.696,12.884,-30.984,-17.427,-11.209,12.822,26.786,25.12,14.242,NA,NA,26.774,26.779,26.769,23.45,0.354,7.239
"1894-12",-21.658,-11.443,-17.352,-0.729,0.146,0.322,11.961,22.906,25.452,21.698,25.749,26.081,25.369,13.042,23.616,11.509,-4.237,-1.924,-8.882,9.384,16.483,24.582,23.534,24.049,23.009,24.78,25.389,25.892,-24.89,-11.844,-21.565,-23.435,3.598,-8.968,-9.473,1.702,17.159,20.031,24.143,30.051,28.788,26.065,21.333,16.014,-21.676,-9.976,-23.116,10.835,27,25.878,12.285,NA,NA,25.635,26.034,26.414,24.917,2.833,4.875
"1895-01",-28.645,-16.507,-27.336,-1.995,-0.81,-3.928,12.494,21.769,24.625,21.566,25.182,24.833,24.658,15.266,24.931,13.148,-5.939,0.981,-14.2,9.228,14.319,23.265,23.674,24,23.197,24.989,25.251,26.114,-33.772,-17.359,-21.155,-22.944,1.964,-7.53,-11.591,3.817,14.149,18.871,24.197,30,30.345,25.384,22.58,16.355,-21.643,-8.603,-23.643,6.364,27.25,26.695,10.642,NA,NA,24.131,25.274,25.775,25.386,3.489,3.517
"1895-02",-26.115,-22.191,-29.483,-0.365,-0.074,-3.217,14.886,21.598,23.771,21.49,25.349,24.823,24.823,14.157,26.276,11.745,-4.28,-1.308,-8.64,9.535,19.076,27.238,25.214,25.639,23.396,24.74,25.241,25.971,-28.102,-12.918,-20.734,-19.521,6.41,-5.999,-8.723,3.99,18.266,21.624,24.78,29.488,28.5,26.223,21.461,15.384,-29.283,-16.247,-20.261,8.826,27.044,26.872,9.959,NA,NA,24.324,25.586,25.871,25.825,3.514,3.918
"1895-03",-29.301,-14.715,-23.536,1.447,4.387,2.597,18.178,23.805,24.764,21.571,25.115,24.836,24.703,13.312,23.61,9.921,-1.158,1.957,-6.337,10.924,19.954,28.613,26.585,27.741,24.464,24.183,24.061,25.312,-23.606,-8.555,-14.084,-14.468,9.478,2.705,-6.289,9.038,21.998,24.616,25.77,28.973,28.072,24.034,21.087,14.762,-35.913,-19.131,-23.031,9.678,26.848,27.097,10.282,NA,NA,25.146,26.429,26.496,25.948,1.564,5.565
"1895-04",-20.101,-7.332,-15.876,7.331,13.118,9.982,21.141,24.224,25.256,22.027,25.775,24.632,24.292,11.569,20.764,7.878,2.762,8.238,2.42,14.394,24.548,29.489,26.553,27.812,24.149,22.049,22.394,24.533,-10.089,3.001,0.357,-2.999,14.652,13.555,1.581,16.015,25.938,28.446,26.69,28.189,26.004,21.985,17.533,13.313,-45.09,-29.416,-17.152,11.856,26.867,26.537,10.603,NA,NA,27.066,27.822,27.477,24.835,0.131,8.709
"1895-05",-8.285,3.333,-2.27,13.696,19.063,14.649,22.847,25.045,26.284,21.309,25.597,23.728,22.594,9.23,15.48,4.905,4.528,13.484,15.262,17.866,29.427,28.821,26.229,27.484,23.547,19.229,20.051,22.997,-4.793,11.185,4.174,2.523,22.905,17.095,6.079,19.4,30.517,31.747,26.541,25.92,18.417,17.414,12.698,11.978,-43.269,-29.453,-8.276,13.58,26.658,25.876,13.274,NA,NA,28.671,28.817,27.992,24.259,-1.511,11.643
"1895-06",-3.877,9.768,3.725,18.283,23.908,19.339,25.236,25.05,27.426,20.334,24.877,21.588,20.504,7.02,15.353,3.28,9.437,15.557,17.468,22.996,31.058,28.507,25.318,26.6,22.058,16.564,17.629,21.354,3.964,14.676,11.692,8.798,25.698,20.312,10.416,23.185,32.878,31.067,26.42,21.542,14.099,13.198,10.35,8.61,-47.613,-34.611,-1.709,15.675,26.462,24.807,15.797,NA,NA,29.33,27.386,27.148,23.037,-2.075,13.039
"1895-07",-3.586,11.775,8.014,23.62,30.052,23.684,26.789,24.989,27.902,20.125,24.789,21.193,20.358,6.341,13.609,2.302,12.635,17.943,18.881,25.363,30.914,27.092,24.496,25.489,21.034,16.028,17.102,20.427,7.256,18.749,17.807,13.346,28.19,23.376,11.223,25.155,33.1,28.833,25.987,22.106,15.014,12.766,10.924,7.861,-41.836,-33.842,-0.535,16.893,25.892,23.652,17.926,NA,NA,27.787,27.158,27.144,21.828,-2.031,14.72
"1895-08",-5.898,9.582,7.993,23.421,27.792,22.27,27.206,25.338,27.911,20.931,25.547,21.575,22.15,8.204,16.243,3.111,11.656,17.965,18.649,26.315,31.277,25.994,24.511,25.823,21.821,17.274,18.521,20.609,4.433,18.383,15.163,12.902,26.853,22.228,10.847,25.184,33.298,27.76,26.054,24.512,16.129,14.122,10.882,8.435,-42.004,-31.967,-1.016,16.859,25.737,23.122,19.864,NA,NA,26.869,26.613,26.63,21.567,-3.012,14.56
"1895-09",-13.346,6.151,4.332,17.71,22.709,19.88,25.209,24.466,27.078,22.115,26.824,23.356,25.998,7.94,18.703,3.98,8.575,15.341,12.899,23.492,29.414,26.611,25.03,26.418,22.578,19.862,20.508,21.557,-0.496,12.437,6.642,5.349,21.641,15.162,7.419,20.462,30.26,27.981,25.987,26.564,20.302,18.386,12.912,8.666,-45.731,-33.434,-3.036,16.066,25.799,23.687,19.156,NA,NA,27.022,26.725,26.739,21.361,-2.866,12.418
"1895-10",-19.582,-0.267,-3.515,9.626,12.605,12.792,21.183,24.353,26.952,21.836,26.625,25.685,26.507,10.797,20.967,7.842,5.115,9.215,3.936,16.741,25.052,27.215,25.269,25.707,22.962,24.002,23.883,23.356,-11.749,1.995,-1.7,-3.814,14.529,6.404,2.028,15.332,25.844,26.269,25.711,29.191,23.068,20.893,14.645,10.695,-42.493,-26.865,-10.19,15.336,26.079,24.449,17.044,NA,NA,27.024,26.515,26.474,21.853,-2.538,9.388
"1895-11",-19.435,-8.807,-10.331,5.519,10.579,9.374,17.084,22.357,26.052,21.396,25.978,25.945,25.065,12.413,22.341,10.252,-0.457,1.336,-4.408,11.743,18.912,25.967,24.735,24.569,23.285,24.633,24.55,24.481,-20.806,-5.9,-13.152,-15.527,9.781,-0.299,-4.751,8.911,21.211,22.66,25.372,30.128,26.978,22.419,18.61,12.695,-31.361,-16.973,-11.071,12.423,26.412,25.109,14.664,NA,NA,26.17,26.472,26.557,23.165,0.249,6.907
"1895-12",-27.496,-13.729,-19.757,0.364,3.043,2.348,12.794,22.219,25.02,21.221,25.037,25.828,24.581,12.538,23.898,10.481,-6.035,-0.178,-10.557,10.188,15.08,23.156,22.997,23.462,23.102,23.838,24.099,25.137,-30.1,-13.663,-22.87,-25.167,4.592,-6.477,-9.699,3.581,16.795,18.405,24.611,30.829,29.23,24.585,20.736,14.74,-22.881,-9.958,-25.779,9.659,26.917,26.228,12.625,NA,NA,24.789,25.73,26.117,24.495,2.849,4.242
"1896-01",-25.571,-16.145,-22.792,-4.571,-0.808,0.447,10.935,21.947,24.087,20.941,24.557,25.654,24.296,13.56,24.721,11.038,-3.099,-3.084,-14.642,6.784,13.81,23.548,23.32,23.512,22.943,24.01,24.185,25.474,-30.092,-20.104,-25.383,-27.806,2.275,-10.41,-10.353,0.764,16.442,17.959,23.993,29.486,30.628,26.037,23.208,15.905,-20.491,-7.945,-23.728,7.575,27.206,26.441,11.357,NA,NA,23.934,25.237,25.688,25.385,3.86,3.279
"1896-02",-31.483,-12.379,-24.364,1.425,2.319,-1.167,14.68,21.659,23.511,21.367,24.931,25.512,24.489,14.363,24.248,12.38,-3.684,-0.208,-8.437,8.513,15.343,24.989,23.897,24.664,23.516,24.072,24.182,25.697,-31.405,-15.095,-23.336,-27.304,5.329,-5.988,-9.336,2.342,17.456,20.788,24.424,28.424,29.642,25.957,22.38,17.296,-27.426,-13.727,-23.682,6.789,27.284,26.831,12.183,NA,NA,23.975,25.035,25.596,25.458,3.584,3.73
"1896-03",-29.618,-9.493,-22.22,5.713,6.392,2.658,17.158,22.655,24.529,21.648,25.004,25.141,24.278,12.816,22.955,9.475,0.353,1.494,-6.574,9.572,18.763,27.772,25.377,26.358,24.247,23.855,23.364,24.998,-22.156,-5.962,-11.939,-17.303,10.433,3.237,-2.758,8.744,21.244,26.104,25.238,28.043,26.491,24.052,19.07,15.147,-37.599,-22.111,-24.166,9.281,27.006,27.237,11.138,NA,NA,25.27,25.997,26.226,25.497,1.03,5.633
"1896-04",-23.657,-3.134,-12.669,9.725,16.492,10.4,21.115,24.02,25.017,21.744,25.125,24.664,24.101,11.247,20.011,7.05,3.038,8.625,6.185,13.874,22.455,29.277,26.579,28.19,24.227,22.522,22.547,24.484,-10.665,5.108,0.589,-6.164,15.535,8.437,1.036,13.39,26.197,28.322,25.968,25.568,20.592,19.494,14.677,12.464,-43.51,-31.315,-15.048,8.818,27.176,26.674,12.562,NA,NA,26.476,27.51,27.313,24.862,0.265,8.607
"1896-05",-11.516,3.683,-3.015,15.325,20.536,14.902,23.404,25.075,26.075,21.421,25.245,23.877,23.284,7.923,17.134,3.858,6.969,13.831,12.284,18.477,29.244,29.995,26.529,28.288,23.774,19.391,20.223,23.063,-3.017,11.713,7.858,4.613,22.071,16.54,4.568,18.433,30.179,31.426,26.16,23.145,18.028,15.074,13.226,9.416,-43.366,-30.497,-7.136,12.628,26.901,25.51,15.396,NA,NA,27.907,28.369,27.752,24.518,-2.171,11.776
"1896-06",-4.412,9.077,4.685,18.628,25.261,20.212,25.409,25.134,26.801,20.754,24.875,22.682,20.622,4.156,12.123,0.58,11.883,17.384,15.971,23.717,31.868,28.609,25.675,27.74,22.444,18.021,18.467,21.447,4.473,13.769,14.303,10.815,25.611,20.845,9.19,21.901,32.53,30.785,26.055,22.059,14.2,14.624,10.823,8.847,-45.629,-29.916,-1.552,14.853,26.879,24.489,17.279,NA,NA,28.759,27.329,27.123,23.386,-2.984,13.504
"1896-07",-3.012,12.148,7.428,23.068,27.456,22.514,26.055,25.403,27.94,20.625,24.948,22.575,20.408,6.052,11.661,1.17,12.627,18.555,23.323,25.682,32.167,27.177,24.581,26.268,21.415,16.577,17.337,20.332,8.238,22.685,16.338,13.987,29.132,22.54,11.309,25.184,34.176,29.066,25.785,19.786,13.022,10.808,9.857,7.562,-45.315,-29.698,-0.325,16.833,26.624,23.09,19.615,NA,NA,27.323,26.896,26.726,21.961,-3.847,14.687
"1896-08",-5.893,11.178,8.181,22.258,27.949,23.093,25.741,25.296,27.921,21.705,25.898,22.685,22.757,7.773,15.963,2.379,11.49,17.569,15.972,26.192,30.915,26.474,24.648,26.084,21.464,17.557,17.565,20.294,5.523,17.569,15.442,13.054,26.226,21.979,10.517,23.941,33.457,27.847,25.624,22.809,17.31,14.676,11.8,8.724,-45.092,-31.519,-0.974,17.725,26.568,23.021,21.036,NA,NA,26.892,26.884,26.736,21.336,-4.387,14.307
"1896-09",-12.873,6.337,4.598,18.168,24.205,20.27,24.951,24.944,27.682,22.357,26.713,24.47,25.265,9.139,18.285,4.316,9.576,15.82,13.342,22.789,28.736,26.994,25.299,26.411,22.234,20.825,20.248,20.739,3.114,12.532,8.555,6.134,21.063,14.922,6.806,20.141,30.229,28.082,25.67,25.442,20.336,17.372,13.162,9.259,-43.923,-33.2,-3.808,16.728,26.647,22.982,19.991,NA,NA,26.971,27.263,26.895,21.175,-3.359,12.754
"1896-10",-17.001,-0.796,-3.716,9.15,15.857,15.092,21.267,24.322,27.055,22.125,26.777,26.876,26.228,9.192,19.488,6.68,6.517,8.492,4.391,17.751,25.912,27.758,26.033,26.609,23.288,23.079,21.857,23.013,-8.72,2.284,-1.371,-2.732,16.124,8.085,1.927,15.27,26.551,27.028,25.295,27.973,23.607,20.166,15.236,10.029,-40.882,-25.75,-8.631,15.583,26.865,23.965,17.272,NA,NA,26.693,26.768,26.492,21.997,-1.844,9.944
"1896-11",-21.562,-7.143,-11.374,5.925,7.466,6.83,16.977,22.836,25.809,21.948,25.967,25.628,24.697,11.922,22.905,8.548,0.405,2.278,-2.123,11.266,20.849,27.18,25.591,25.737,23.911,23.786,23.94,23.697,-17.852,-5.861,-12.571,-15.325,8.293,0.405,-5.952,9.492,22.271,22.946,24.854,29.57,27.738,24.04,18.206,11.408,-31.127,-19.313,-11.493,13.587,26.849,24.52,15.978,NA,NA,26.553,26.332,26.345,22.948,0.874,7.093
"1896-12",-27.397,-12.736,-20.168,-3.203,-0.773,0.054,11.372,22.458,24.844,22.104,25.693,26.227,25.198,14.125,23.709,12.386,-4.153,-2.367,-8.002,8.569,16.411,25.302,24.374,24.641,23.655,24.798,25.629,25.3,-27.143,-13.323,-21.283,-25.404,3.36,-7.665,-9.873,4.28,17.041,20.108,24.347,31.298,30.326,25.848,19.727,12.762,-21.813,-8.453,-17.728,11.84,27.481,25.545,14.028,NA,NA,25.497,26.011,26.367,24.641,2.896,4.647
"1897-01",-23.447,-14.887,-22.135,-3.927,-6.722,-5.731,10.515,21.003,24.046,22.331,25.557,25.016,24.863,14.947,25.475,12.025,-8.697,-5.041,-14.225,9.542,16.66,25.027,24.604,24.883,23.634,24.681,24.607,25.499,-35.892,-17.301,-23.163,-26.691,4.12,-9.037,-14.023,1.993,15.944,19.025,24.155,30.82,31.556,27.885,22.999,13.3,-20.831,-7.615,-25.909,10.433,27.241,26.459,11.142,NA,NA,24.533,25.705,26.075,25.482,4.272,3.589
"1897-02",-28.415,-15.172,-27.161,0.372,-3.613,-8.824,13.239,21.293,23.564,22.707,26.126,24.664,24.872,14.094,24.943,11.956,-1.936,1.679,-10.705,10.403,17.434,26.415,24.804,25.224,23.281,24.363,24.33,26.149,-30.557,-14.046,-19.544,-24.356,4.017,-6.047,-11.034,4.004,17.267,21.18,24.528,29.475,29.436,26.033,21.949,14.875,-28.555,-13.872,-23.092,7.003,27.355,26.841,10.034,NA,NA,24.146,25.272,25.577,25.787,3.944,3.759
"1897-03",-27.878,-13.692,-23.803,3.71,3.816,-1.066,16.555,23.397,24.525,22.835,26.544,24.665,24.99,15.078,24.499,12.169,-1.351,2.95,-5.028,11.166,20.284,28.533,25.908,26.729,24.556,24.457,23.632,25.651,-23.961,-5.49,-11.183,-17.257,8.61,2.924,-7.843,7.929,19.887,24.423,25.736,28.501,26.523,24.29,18.466,13.722,-38.507,-24.891,-29.006,7.328,27.432,26.707,11.012,NA,NA,24.857,25.996,25.821,25.811,1.884,5.286
"1897-04",-21.255,-5.246,-16.102,7.477,10.439,6.659,18.854,24.806,25.282,22.697,26.12,24.391,24.048,11.69,20.417,7.453,1.239,6.609,6.137,13.478,25.23,30.379,27.21,28.685,25.039,22.661,23.381,25.62,-12.701,5.43,-2.661,-6.237,16.054,10.333,0.144,13.511,25.336,28.71,26.567,27.213,21.216,20.394,14.895,11.542,-43.066,-30.961,-17.521,11.17,27.581,25.748,12.449,NA,NA,26.601,27.84,27.378,25.727,0.38,8.373
"1897-05",-9.819,4.41,-2.243,16.447,18.965,13.119,21.646,25.508,26.947,21.92,25.908,23.742,22.607,7.826,15.144,4.303,6.289,14.8,14.481,18.34,28.55,29.469,26.471,27.562,24.122,20.065,20.768,23.633,-4.393,8.664,4.206,2.245,20.321,14.748,5.757,18.324,28.748,32.203,26.875,24.365,17.48,16.366,11.959,10.051,-46.07,-32.066,-8.656,13.673,27.264,24.675,14.677,NA,NA,27.964,28.896,28.218,25.054,-1.095,11.165
"1897-06",-4.648,9.627,3.145,19.22,23.869,18.401,24.729,25.644,27.309,21.521,25.574,22.485,21.461,6.813,14.495,2.999,11.382,18.726,19.609,22.729,30.951,27.769,25.707,27.694,23.208,17.304,18.173,21.363,4.441,14.416,12.953,9.236,25.587,20.496,8.728,22.215,33.194,33.123,26.618,20.724,13.601,12.354,9.881,8.433,-45.484,-34.088,-0.765,15.632,26.879,23.932,16.837,NA,NA,29.693,28.535,27.954,23.686,-2.022,13.428
"1897-07",-4.196,12.02,6.92,21.772,27.313,22.054,26.439,25.429,28.139,20.87,25.379,21.147,20.218,6.367,13.43,1.465,13.679,20.524,21.182,25.726,32.526,27.153,24.816,26.573,21.567,15.837,16.288,19.747,8.137,17.007,17.332,13.27,27.209,23.074,12.047,24.074,33.771,30.896,26.102,20.883,14.231,11.024,10.099,6.889,-43.94,-35.351,-0.251,17.132,26.603,23.51,18.577,NA,NA,27.979,27.252,27.228,22.482,-2.298,14.546
"1897-08",-7.771,9.139,7.407,23.114,29.132,24.011,26.877,25.222,28.387,21.244,25.853,21.609,21.442,7.455,14.451,2.531,13.195,18.357,19.043,25.26,30.741,26.285,24.542,25.85,21.552,17.37,17.375,20.068,6.372,17.4,13.271,11.047,26.617,22.589,11.844,24.966,33.181,28.993,26.033,23.279,16.451,14.115,10.623,7.17,-45.665,-34.562,-0.267,17.435,26.255,22.692,20.246,NA,NA,27.682,26.933,26.964,21.227,-3.545,14.092
"1897-09",-13.569,6.694,3.131,20.39,23.084,18.825,25.053,25.46,28.156,22.472,27.229,23.132,25.165,9.452,18.072,4.861,8.473,15.201,15.39,21.988,28.605,26.978,25.261,26.369,22.512,20.914,20.438,21.625,2.278,12.72,7.313,5.784,21.46,14.944,7.876,19.963,30.233,27.975,25.771,24.793,18.274,16.66,12.148,8.733,-45.823,-32.751,-5.324,17.032,26.236,22.777,19.718,NA,NA,27.125,26.679,26.69,21.669,-3.477,12.422
"1897-10",-15.492,-1.041,-2.216,9.231,18.363,16.357,22.107,24.518,27.571,22.009,26.406,25.376,25.347,10.075,19.973,7.47,5.781,9.211,4.93,17.796,26.671,27.773,25.667,26.009,23.41,23.819,23.781,23.967,-7.817,2.435,-0.664,-2.481,16.57,7.343,0.715,15.272,26.29,26.86,25.634,28.502,24,20.046,14.838,10.432,-41.119,-27.717,-9.813,15.284,26.337,23.707,16.701,NA,NA,26.891,26.646,26.5,22.212,-2.467,10.156
"1897-11",-18.609,-9.648,-11.1,5.541,7.859,6.794,18.446,23.636,26.141,21.764,26.238,26.423,25.443,11.582,21.221,10.211,-1.675,1.294,-7.755,13.694,21.816,26.97,25.034,25.02,23.327,24.327,25.087,24.727,-23.33,-7.932,-14.335,-16.114,10.383,2.148,-4.563,10.437,22.32,23.419,25.283,29.558,26.055,22.75,17.358,12.288,-30.279,-19.02,-16.037,12.912,26.748,24.736,14.922,NA,NA,26.675,26.38,26.437,23.331,0.985,6.943
"1897-12",-27.854,-18.101,-19.158,0.224,3.359,3.669,14.229,23.218,25.48,21.474,25.298,25.933,24.843,13.729,24.018,11.665,-3.337,-1.831,-9.372,8.495,14.993,24.092,23.8,23.953,23.368,24.305,25.107,25.943,-31.853,-15.495,-23.111,-25.755,4.038,-6.061,-10.13,4.93,16.86,19.328,25.104,30.449,30.153,26.668,21.578,14.425,-22.31,-10.921,-22.557,8.926,27.043,25.949,12.832,NA,NA,25.288,26.365,26.627,24.598,2.878,4.268
"1898-01",-28.229,-21.328,-30.455,-1.747,-1.826,-2.821,12.906,22.433,24.713,21.313,24.746,25.483,24.844,13.913,25.554,11.046,-6.044,-4.814,-14.281,5.645,14.177,23.675,22.928,23.496,22.789,23.821,24.242,25.674,-32.125,-15.561,-21.186,-24.579,2.58,-7.255,-13.025,2.388,15.164,18.608,24.247,28.871,29.535,25.958,23.394,15.28,-21.492,-8.268,-29.985,5.697,27.315,26.693,10.346,NA,NA,24.04,25.209,25.729,25.573,3.551,2.968
"1898-02",-32.643,-14.397,-25.538,-2.779,-0.93,-2.25,14.413,22.608,24.75,21.446,24.727,25.06,24.732,14.74,25.144,12.18,-3.709,0.61,-8.626,7.799,15.058,24.109,23.437,24.088,22.975,24.077,23.134,25.641,-32.979,-11.422,-16.71,-25.652,2.681,-4.308,-12.84,3.968,15.201,19.579,24.635,28.708,28.766,26.115,22.714,15.632,-30.777,-15.759,-26.539,5.151,27.357,27.097,11.121,NA,NA,23.553,25.155,25.502,25.244,3.065,3.265
"1898-03",-27.334,-10.295,-19.857,1.48,4.287,2.73,16.234,23.454,24.85,21.663,25.162,25.514,24.445,13.318,22.173,11.154,-1.144,4.187,-3.134,11.828,19.409,27.876,26.054,26.939,24.502,24.148,23.949,25.409,-21.689,-6.353,-10.105,-16.9,9.341,3.738,-7.328,8.88,20.385,23.992,25.228,28.692,26.273,24.015,18.383,14.864,-37.969,-21.768,-19.202,6.328,27.605,26.895,11.68,NA,NA,24.307,26.123,26.381,25.448,1.461,5.754
"1898-04",-18.956,-7.203,-13.681,7.913,13.283,7.777,20.434,24.862,25.899,22.218,25.715,25.189,24.597,12.075,19.867,8.558,3.167,10.85,7.248,15.058,24.962,29.777,26.83,27.807,24.034,22.115,22.786,25.19,-10.619,3.672,-1.252,-6.219,16.654,9.724,0.47,14.061,25.877,28.65,26.437,27.401,23.95,20.285,15.866,11.803,-41.798,-29.899,-16.231,8.697,27.368,26.324,12.777,NA,NA,26.148,27.537,27.225,24.702,-0.73,8.917
"1898-05",-13.184,4.41,-1.519,14.219,17.899,13.731,22.542,25.378,26.358,21.453,25.346,23.487,22.293,8.642,15.703,4.59,6.568,15.186,17.581,19.6,29.479,29.384,26.148,27.837,23.759,19.144,20.515,22.5,-3.507,12.896,6.493,3.36,21.569,16.909,7.08,19.558,30.115,31.814,26.936,24.076,17.855,15.901,12.834,9.987,-44.676,-34.545,-8.358,12.761,27.341,25.223,14.878,NA,NA,27.854,28.259,27.746,23.946,-1.436,11.682
"1898-06",-6.48,9.497,4.548,19.797,26.19,20.874,27.04,25.043,27.463,20.899,25.12,22.666,20.629,7.081,12.831,2.346,11.684,17.351,17.263,23.089,32.064,28.693,25.733,27.503,22.12,16.477,17.328,20.325,3.588,18.222,13.34,9.378,26.461,22.517,10.152,23.325,33.133,31.099,26.362,24.004,15.358,14.989,10.58,9.123,-45.73,-36.189,-1.041,13.979,27.096,24.455,17.02,NA,NA,28.988,27.7,27.349,22.942,-3.122,13.675
"1898-07",-4.809,10.945,7.853,23.298,29.268,24.591,25.314,25.023,27.915,21.114,25.243,21.818,21.527,6.566,13.165,1.44,12.842,18.895,17.967,26.182,31.258,27.408,24.762,26.335,21,15.683,15.952,19.371,8.176,18.641,17.658,13.185,28.387,23.8,11.879,24.96,33.504,29.212,26.039,21.501,14.271,12.396,10.485,7.353,-46.276,-33.935,-0.299,15.719,26.705,22.712,19.307,NA,NA,27.428,27.349,27.199,21.817,-4.382,14.435
"1898-08",-7.714,9.34,7.104,22.644,29.839,24.627,25.75,25.034,28.09,21.7,25.859,21.96,22.676,7.102,16.172,1.447,14.904,21.777,16.718,26.968,31.452,26.443,24.291,25.922,21.385,16.533,17.156,19.575,6.217,15.913,16.11,12.705,24.453,21.653,11.237,25.184,32.822,28.224,25.883,22.772,14.629,13.476,9.94,7.792,-46.778,-40.181,-0.316,16.496,26.645,23.118,19.931,NA,NA,27.022,26.829,26.72,20.557,-4.279,14.003
"1898-09",-10.305,5.434,4.114,20.608,23.95,18.988,24.876,25.447,27.821,22.542,26.892,24.833,25.286,9.82,18.476,5.333,10.461,18.775,16.755,24.143,30.303,26.897,25.356,26.674,22.01,21.199,20.21,21.034,0.104,11.532,6.377,6.319,21.815,15.132,7.254,20.662,30.218,28.295,25.833,24.697,19.967,16.638,12.202,7.855,-44.896,-31.549,-4.254,15.496,26.641,22.227,19.934,NA,NA,27.042,27.282,26.891,21.108,-3.384,12.862
"1898-10",-18.991,-1.092,-2.446,11.652,17.804,13.522,22.132,24.55,27.116,22.622,27.097,26.086,26.214,10.305,21.324,6.498,4.156,8.782,8.66,17.329,25.361,27.482,25.712,26.664,23.336,23.322,22.69,23.133,-5.817,6.986,-0.161,-2.413,17.3,7.528,0.625,14.927,26.565,27.348,25.726,27.643,24.415,21.059,15.729,9.356,-40.718,-26.898,-16.674,14.489,26.76,23.209,17.75,NA,NA,26.765,26.917,26.586,21.669,-2.941,10.355
"1898-11",-25.663,-7.187,-10.949,5.066,7.59,7.329,16.896,24.134,26.461,22.353,26.589,26.817,26.227,11.699,21.938,7.114,0.312,5.24,-0.539,12.691,18.731,26.471,25.527,25.872,24.082,24.636,24.984,24.848,-19.374,-3.82,-11.212,-15.458,8.056,-1.595,-4.888,7.808,21.078,23.312,25.12,29.487,28.533,23.642,19.17,11.383,-30.417,-17.461,-18.826,11.577,27.027,24.534,16.219,NA,NA,26.535,26.884,26.787,22.992,0.733,7.204
"1898-12",-25.829,-12.618,-16.721,-0.02,1.145,2.199,11.8,22.84,25.396,22.081,25.757,26.34,25.885,13.427,24.693,10.219,-2.484,0.912,-6.807,9.709,15.071,24.384,24.092,24.595,23.344,24.453,25.132,25.411,-24.944,-11.438,-20.641,-24.682,6.003,-7.248,-11.694,2.431,17.791,19.718,24.476,29.874,29.409,24.517,20.894,13.06,-23.52,-9.37,-14.466,6.668,27.134,25.588,13.536,NA,NA,24.834,26.243,26.448,24.61,2.199,4.977
"1899-01",-27.941,-21.383,-23.926,-3.636,-4.653,-4.225,12.009,22.113,24.418,22.082,25.576,25.504,25.176,14.925,24.687,11.882,-3.934,-5.644,-14.573,9.656,16.832,24.699,24.12,24.554,23.647,24.004,24.98,25.722,-31.877,-17.275,-24.851,-24.936,5.05,-8.075,-13.43,2.419,17.568,18.072,24.094,29.483,30.269,25.939,23.362,15.881,-21.847,-8.294,-28.841,6.968,27.608,26.339,11.251,NA,NA,24.487,25.103,25.624,25.653,4.163,3.381
"1899-02",-28.965,-12.997,-28.155,-2.687,-6.042,-6.803,12.598,21.996,24.377,22.421,25.914,24.598,24.951,15.274,24.913,13.007,-3.568,-0.842,-8.47,8.328,17.706,26.037,25.918,25.616,24.295,24.7,25.058,26.213,-27.717,-16.455,-23.729,-22.128,1.853,-10.13,-9.895,0.763,17.338,20.181,24.205,28.87,28.071,25.989,20.092,14.688,-29.814,-14.807,-21.325,9.704,27.498,26.873,11.355,NA,NA,23.907,25.093,25.476,25.898,3.68,3.192
"1899-03",-26.919,-6.986,-20.613,4.501,6.011,0.797,17.05,22.814,24.488,22.865,26.615,25.595,25.698,14.082,23.313,11.187,-3.608,-2.066,-8.103,10.448,21.972,29.578,27.17,28.162,25.032,24.918,23.878,25.815,-25.521,-10.355,-14.756,-18.319,10.716,2.925,-4.397,8.615,23.056,25.341,25.693,28.646,26.681,24.756,18.72,13.779,-37.73,-22.479,-19.126,6.36,27.67,26.659,11.832,NA,NA,25.016,26.28,26.503,25.694,1.488,5.747
"1899-04",-18.654,-5.608,-12.242,9.972,13.44,7.452,19.263,25.205,25.081,22.693,26.411,24.764,24.89,11.612,19.882,8.128,2.104,8.622,5.303,14.458,26.335,30.393,27.357,28.391,24.637,22.832,22.52,25.249,-15.415,1.699,-4.578,-6.22,13.845,10.707,0.879,13.905,24.614,28.318,26.61,28.65,24.31,21.089,16.969,12.383,-42.955,-27.964,-15.867,9.437,27.449,26.019,11.976,NA,NA,26.603,27.477,26.957,25.723,-0.105,8.652
"1899-05",-11.191,4.687,-2.557,16.256,17.021,12.609,22.42,26.197,27.391,22.271,26.094,24.129,23.724,9.329,16.545,5.901,8.57,15.411,13.036,18.43,28.604,29.915,26.44,27.736,24.06,19.464,19.768,23.089,-2.667,11.846,6.38,1.946,21.891,17.637,6.933,18.978,29.47,32.161,26.878,24.497,17.493,14.82,11.743,11.06,-44.406,-31.848,-9.596,11.783,27.391,25.48,13.924,NA,NA,27.915,28.99,28.259,24.816,-1.717,11.698
"1899-06",-2.905,9.832,5.302,19.232,23.724,19.399,26.245,25.922,28.627,21.709,25.699,22.782,22.484,6.705,15.352,2.835,10.161,18.226,17.744,24.635,32.614,29.926,26.203,27.758,22.989,17.531,18.359,21.521,3.739,15.639,13.467,8.84,26.058,20.819,9.558,22.303,33.769,32.436,26.451,20.709,14.657,13.045,11.071,7.068,-41.406,-31.146,-1.564,14.266,26.86,24.279,16.171,NA,NA,29.723,28.489,27.86,23.35,-2.274,14.23
"1899-07",-3.617,12.155,7.945,22.908,28.291,21.893,26.676,25.287,28.441,21.331,25.704,22.333,22.002,5.434,12.599,1.588,13.709,19.24,21.334,25.271,31.101,28.253,25.336,26.652,21.629,16.47,17.73,20.473,6.382,17.828,14.93,12.002,27.659,22.761,10.784,24.768,33.613,29.542,25.947,19.367,13.389,11.507,9.755,7.864,-45.905,-32.589,-0.159,16.15,26.389,23.428,18.434,NA,NA,28.625,27.24,27.258,22.036,-3.875,14.338
"1899-08",-5.218,9.66,8.644,23.259,29.185,23.485,26.604,25.125,28.379,21.491,25.996,22.214,22.787,6.915,14.382,2.781,12.129,19.05,18.664,25.702,30.901,27.385,25.182,26.565,22.256,17.852,18.568,20.776,8.006,18.641,14.175,9.195,25.714,20.516,10.884,24.012,33.218,28.891,25.766,22.072,15.428,13.874,11.28,8.318,-45.576,-33.305,-0.086,16.547,26.335,23.042,19.218,NA,NA,27.23,26.771,26.774,21.969,-3.411,14.292
"1899-09",-13.434,5.594,3.103,16.764,23.412,18.713,25.415,24.999,27.777,22.182,26.874,24.287,26.425,8.178,17.992,4.736,9.535,14.41,11.954,22.598,29.116,27.314,25.46,26.553,22.548,20.899,21.571,22.389,3.305,12.126,8.681,4.823,20.779,15.241,7.694,20.731,30.487,28.378,25.646,25.527,19.48,16.436,12.621,8.205,-45.066,-30.764,-2.538,16.854,26.427,23.329,18.849,NA,NA,27.898,26.536,26.484,22.061,-3.605,12.571
"1899-10",-20.672,-0.261,-2.093,12.752,15.455,13.856,22.069,24.206,27.007,22.359,27.19,26.055,28.721,9.728,22.113,6.585,6.479,11.054,7.607,18.056,26.267,27.611,25.43,25.899,23.252,25.401,23.838,23.957,-5.734,4.525,-0.716,-2.59,14.364,5.348,1.455,13.73,25.789,26.106,25.519,27.758,23.447,20.129,15.579,9.004,-41.532,-29.257,-6.691,13.588,26.656,23.497,17.704,NA,NA,26.476,26.606,26.311,22.739,-2.321,10.158
"1899-11",-20.007,-9.873,-11.907,4.987,9.247,8.37,17.915,24.073,26.589,22.303,26.727,27.196,27.873,12.435,23.978,8.72,1.082,2.169,-4.23,12.344,20.301,26.501,24.735,25.081,23.276,24.936,24.556,25.07,-19.617,-5.878,-12.719,-15.716,8.699,-0.758,-4.221,8.723,22.251,23.534,25.035,30.246,28.208,24.689,18.259,10.721,-30.579,-19.165,-14.496,12.751,26.886,24.806,14.138,NA,NA,26.887,26.161,26.414,23.784,0.424,7.182
"1899-12",-25.409,-14.348,-17.587,-1.832,2.731,2.522,13.69,23.35,25.401,21.94,25.877,26.334,25.674,13.062,23.874,10.714,-3.03,0.167,-8.059,8.027,14.229,24.189,23.795,24.145,23.291,24.908,24.412,25.519,-28.347,-11.833,-19.889,-25.394,3.001,-5.966,-9.658,5.283,16.88,19.825,24.695,30.432,29.186,24.927,19.777,14.276,-23.343,-11.307,-25.36,11.357,27.188,25.678,13.049,NA,NA,25.27,26.005,26.388,25.321,2.775,4.643
"1900-01",-27.957,-11.621,-21.523,0.943,4.237,0.119,14.315,22.054,24.044,21.822,25.333,25.017,25.032,14.474,24.474,12.147,-4.642,-0.391,-10.188,7.157,13.235,23.947,23.615,23.918,23.391,24.649,24.914,26.24,-28.647,-19.305,-26.658,-29.755,2.892,-10.926,-12.355,-0.601,16.179,18.598,24.104,29.611,29.741,24.943,22.351,15.65,-20.299,-8.599,-17.663,6.593,27.524,26.495,12.156,NA,NA,24.648,25.273,25.783,26.629,3.688,3.776
"1900-02",-30.921,-14.649,-24.79,2.051,2.233,-2.761,14.945,22.395,24.055,21.885,25.568,25.277,24.95,14.386,25.341,12.382,-0.641,1.757,-8.302,9.481,17.333,26.721,24.718,25.122,23.486,24.305,24.184,26.057,-22.159,-13.846,-20.939,-22.186,2.268,-9.395,-11.146,1.279,16.547,20.484,24.065,28.836,30.032,25.397,21.781,15.572,-28.901,-15.327,-22.577,7.478,27.371,27.212,11.97,NA,NA,23.916,25.186,25.582,26.9,2.816,4.088
"1900-03",-25.844,-12.803,-20.539,3.989,8.054,5.196,16.173,24.044,25.283,22.108,25.72,25.26,25.122,13.525,24.087,10.069,-0.625,4.148,-3.374,11.39,21.071,29.32,26.318,27.118,24.035,23.931,23.753,25.806,-21.352,-6.221,-8.073,-15.845,9.284,3.488,-5.793,8.774,21.342,24.403,25.054,27.905,27.593,23.398,20.849,14.191,-37.916,-24.357,-25.364,6.152,27.361,27.157,10.981,NA,NA,25.473,25.939,25.989,26.312,1.486,6.163
"1900-04",-18.473,-4.078,-10.614,8.044,12.318,9.53,19.819,25.067,25.754,22.113,26.06,24.661,25.265,11.488,21.681,7.421,2.256,8.13,2.155,13.74,24.486,29.408,26.312,27.572,24.16,22.317,23.702,25.382,-13.606,0.843,-3.175,-8.467,14.084,8.275,0.326,14.043,25.156,28.473,26.481,27.249,23.985,20.724,17.467,12.129,-41.474,-30.005,-13.796,10.054,27.381,26.408,12.646,NA,NA,27.248,27.547,27.36,26.239,0.01,8.601
"1900-05",-10.28,4.783,-2.193,14.511,19.898,15.989,22.93,25.87,26.682,21.825,25.837,24.535,24.026,8.005,16.307,3.736,7.453,14.297,15.422,18.813,29.179,30.349,26.272,27.361,23.418,20.173,19.963,23.03,-3.341,9.922,5.206,0.513,20.56,15.244,4.377,18.536,29.312,31.378,26.585,22.487,16.413,14.868,12.292,10.737,-43.253,-24.747,-5.511,11.707,27.154,26.026,14.067,NA,NA,28.159,28.418,27.77,24.297,-2.72,11.714
"1900-06",-4.078,8.833,4.144,16.298,24.521,21.023,25.486,25.91,27.843,21.215,25.662,22.944,22.061,8.098,14.394,3.692,12.598,18.667,18.252,22.505,32.57,29.022,25.841,27.615,22.518,16.782,17.996,20.938,4.02,15.229,12.537,7.39,25.39,20.231,8.701,21.75,33.626,32.713,26.332,20.701,13.349,12.718,10.56,8.101,-45.433,-34.414,-1.025,14.17,27.074,24.892,16.925,NA,NA,29.745,28.393,27.825,23.06,-2.686,13.509
"1900-07",-4.068,11.093,7.667,24.395,28.173,23.32,26.305,25.476,28.283,21.011,25.648,22.398,21.865,6.542,13.47,2.429,13.6,20.655,19.506,26.205,31.466,27.367,24.758,26.122,20.852,15.67,16.485,19.565,8.036,18.594,17.837,13.141,27.276,22.924,11.345,23.952,33.846,30.407,25.626,19.77,13.664,12.109,10.486,8.376,-47.351,-35.867,-0.861,15.802,26.654,24.018,18.591,NA,NA,28.151,26.982,26.913,21.533,-4.997,14.349
"1900-08",-4.329,9.177,6.959,23.101,28.742,23.827,26.01,25.104,27.882,21.822,26.284,23.151,24.26,8.457,16.283,2.76,13.837,20.617,20.663,26.699,31.657,26.651,24.694,25.958,21.404,17.515,18.2,20.192,8.108,16.061,13.633,12.304,25.925,20.7,11.062,24.779,33.138,28.662,25.711,20.622,14.465,11.862,10.411,7.941,-46.42,-38.557,-0.887,15.894,26.62,23.132,19.376,NA,NA,27.119,26.925,26.891,21.055,-3.469,14.212
"1900-09",-12.261,4.175,4.219,16.078,25.064,22.222,24.065,25.133,27.774,22.471,27.04,24.357,27.079,8.58,19,3.661,10.391,14.746,13.016,22.324,28.493,27.02,25.238,26.322,21.887,20.964,21.244,21.715,0.708,11.131,5.948,5.751,21.844,15.446,8.5,21.908,30.71,28.092,25.572,24.888,18.832,15.866,11.636,8.444,-46.135,-37.192,-4.266,15.797,26.617,23.774,18.626,NA,NA,27.238,26.713,26.677,21.101,-3.233,12.32
"1900-10",-20.916,-2.271,-0.688,9.922,15.86,15.346,22.406,24.447,27.004,22.717,27.405,26.698,27.547,11.171,21.154,8.294,7.803,12.084,8.136,18.609,24.929,27.56,25.6,26.35,23.085,22.84,23.452,23.018,-7.138,3.206,-2.88,-3.824,13.739,6.938,2.809,14.687,25.47,26.045,25.878,29.231,23.108,20.145,14.463,9.159,-39.929,-29.539,-10.094,13.55,26.929,24.01,17.167,NA,NA,26.424,26.718,26.717,21.697,-1.953,10.058
"1900-11",-20.924,-8.472,-6.683,2.244,6.135,8.231,15.962,24.138,26.746,22.524,26.621,26.17,25.78,12.16,22.342,10.207,1.911,4.9,-0.601,13.788,19.77,26.711,25.447,25.653,24.051,25.23,24.702,25.108,-23.003,-4.521,-14.221,-16.901,10.143,-0.542,-5.029,8.577,21.968,22.465,25.245,30.399,25.8,22.772,16.948,11.904,-28.904,-15.982,-13.223,10.894,27.298,24.647,14.987,NA,NA,26.014,26.287,26.528,23.337,0.739,7.338
"1900-12",-28.167,-18.102,-17.94,-1.608,0.996,2.459,14.316,22.656,25.37,22.1,25.969,25.537,25.123,14.087,24.223,11.495,-1.233,2.772,-6.293,9.823,15.38,24.446,23.909,24.248,23.356,24.599,23.771,24.903,-27.776,-11.942,-22.552,-23.34,5.686,-6.622,-9.266,4.064,18.684,19.425,24.779,31.584,30.454,26.423,21.039,14.069,-21.951,-9.257,-24.578,7.314,27.126,25.94,13.197,NA,NA,25.391,26.039,26.284,24.096,2.742,4.882
"1950-01",-28.416,-14.386,-22.579,-2.967,-2.336,-0.905,12.039,22.461,24.939,21.97,25.433,25.305,25.029,15.615,25.537,13.092,-0.702,1.978,-10.227,7.408,12.158,22.121,23.163,23.151,23.167,24.828,24.532,25.877,-27.378,-12.544,-18.627,-26.36,-1.439,-9.823,-12.238,1.579,12.608,17.57,24.284,30.24,30.345,26.799,22.8,16.622,-20.867,-7.888,-23.947,8.792,27.902,26.835,11.315,NA,NA,23.453,25.267,25.743,25.287,4.491,3.877
"1950-02",-27.105,-13.458,-25.02,-2.746,-4.806,-4.961,11.542,21.248,24.517,22.457,25.869,25.447,24.922,15.42,25.075,12.779,-0.139,2.866,-7.304,10.453,17.594,26.116,25.086,25.121,23.791,24.702,24.902,26.333,-21.085,-12.112,-17.087,-21.28,4.305,-5.167,-9.771,4.458,17.194,21.116,24.573,29.043,30.645,27.343,23.212,16.548,-28.763,-13.768,-12.896,8.298,27.783,27.308,10.222,NA,NA,23.549,25.46,25.82,25.721,4.29,4.663
"1950-03",-24.166,-12.087,-21.739,4.567,2.469,-1.646,17.055,22.884,24.054,22.578,26.314,25.46,25.047,13.726,23.706,10.145,-1.092,5.195,-4.956,11.595,20.601,28.469,26.306,27.085,24.462,24.087,24.398,26.11,-22.562,-7.135,-12.44,-16.508,9.897,3.601,-5.378,8.67,21.908,24.608,25.615,28.578,27.662,25.399,19.631,14.953,-34.975,-21.046,-17.128,9.057,27.658,27.136,11.23,NA,NA,25.086,26.635,26.785,25.773,3.534,6.043
"1950-04",-22.918,-2.419,-10.393,9.194,13.914,8.518,20.14,24.343,25.2,22.341,26.054,24.668,24.733,11.43,20.723,7.044,3.952,8.306,4.113,13.596,24.461,30.064,26.885,28.504,24.434,22.923,23.769,25.342,-9.696,1.471,-1.787,-7.249,15.443,9.693,1.602,13.167,26.463,29.232,26.529,26.652,22.257,20.954,15.618,12.448,-43.461,-31.469,-10.63,11.106,27.682,27.061,12.125,NA,NA,27.04,27.779,27.452,25.093,1.384,8.791
"1950-05",-15.733,5.448,-1.778,13.957,18.455,12.994,22.15,24.916,26.341,21.815,25.753,24.027,23.247,8.247,16.107,4.019,8.488,12.904,15.007,18.28,28.325,30.344,26.346,28.351,23.711,19.016,19.043,23.131,-0.84,14.501,7.927,3.619,24.106,15.646,5.061,18.384,31.155,31.202,26.88,23.789,18.19,16.918,13.625,9.525,-46.99,-30.086,-5.272,12.701,27.457,25.759,14.99,NA,NA,28.913,28.891,28.205,24.616,-1.819,11.644
"1950-06",-7.316,10.584,4.782,18.167,23.271,20.142,25.251,25.21,27.436,21.067,25.177,22.924,21.368,7.415,13.232,3.583,13.683,18.843,19.382,22.381,33.468,30.184,26.217,27.795,22.461,17.806,19.499,21.976,4.826,15.82,11.517,9.025,27.11,20.021,8.877,22.472,32.693,29.931,26.352,21.663,15.177,14.11,11.443,8.156,-47.568,-34.211,-0.271,14.922,27.022,24.5,17.039,NA,NA,29.475,28.12,27.749,23.001,-3.012,13.579
"1950-07",-3.207,11.084,6.745,23.992,29.078,22.623,26.541,25.414,27.995,20.926,25.178,21.788,21.256,5.925,12.966,2.306,14.257,19.511,18.104,26.539,31.679,27.593,24.872,26.142,21.833,16.504,17.753,20.773,8.989,20.86,16.655,11.888,27.305,23.683,11.4,25.538,33.772,28.611,25.803,19.205,13.305,12.02,10.536,7.828,-43.38,-33.993,0.679,16.531,26.691,23.657,18.869,NA,NA,28.136,27.305,27.252,21.758,-2.607,14.686
"1950-08",-5.786,10.797,6.321,23.495,27.401,21.416,27.174,25.885,28.268,21.548,25.89,22.648,22.242,7.52,13.953,2.395,13.072,18.424,16.742,25.545,30.82,26.756,24.977,26.497,22.092,16.847,18.21,21.142,7.544,16.29,14.288,12.335,25.963,21.036,11.132,24.369,33.305,28.73,25.632,21.239,15.434,12.811,10.644,7.285,-46.142,-34.688,0.23,17.177,26.389,23.083,19.726,NA,NA,27.555,27.039,26.961,21.875,-3.5,14
"1950-09",-12.145,6.646,4.318,17.841,22.68,18.979,24.891,25.353,27.903,22.448,26.866,24.19,25.926,10.01,18.098,5.231,9.155,13.491,9.844,21.458,28.47,27.21,25.337,26.615,22.725,20.208,20.784,21.911,0.596,9.764,6.906,5.072,21.964,15.72,8.462,21.728,30.779,28.028,25.753,23.649,18.84,16.202,13.499,8.019,-43.453,-33.788,-0.865,16.406,26.621,23.2,18.908,NA,NA,28.051,27.034,27.023,21.704,-2.318,12.441
"1950-10",-20.619,-2.614,-3.169,9.277,13.342,12.853,21.294,24.88,26.844,22.421,27.09,27.001,28.24,10.149,21.61,5.96,4.729,11.299,6.394,19.147,24.921,27.593,25.394,25.88,23.163,24.518,23.626,23.368,-5.855,4.828,0.911,-1.375,14.906,6.654,1.059,14.721,25.126,26.143,25.55,28.146,23.847,19.034,15.162,9.727,-40.164,-27.538,-5.876,14.843,26.696,24.133,17.159,NA,NA,26.994,26.849,26.686,22.015,-1.342,10.073
"1950-11",-20.375,-10.143,-9.787,4.68,8.305,7.796,16.49,23.624,26.068,22.374,26.729,27.313,26.699,12.203,22.644,8.094,-0.194,3.153,0.511,12.96,21.239,27.65,25.588,25.387,23.656,23.907,23.966,24.742,-19.019,-4.579,-12.58,-13.39,10.142,-1.303,-5.452,9.169,21.645,22.997,25.725,30,26.06,22.505,16.903,12.527,-30.84,-18.38,-9.453,11.031,27.195,25.323,15.44,NA,NA,27.003,26.383,26.309,23.354,1.231,7.358
"1950-12",-25.697,-15.667,-20.144,-0.358,0.776,1.091,12.768,22.741,25.513,22.156,25.726,25.666,25.288,13.392,24.709,10.471,-3.197,0.29,-6.608,10.407,15.972,24.25,23.536,23.615,23.083,24.662,24.99,25.427,-24.74,-8.029,-17.492,-21.239,5.731,-4.804,-11.17,4.203,17.568,19.839,24.99,31.103,31.479,25.571,21.919,14.092,-22.653,-9.545,-18.94,9.366,27.306,25.816,11.997,NA,NA,26.007,26.488,26.73,24.281,3.029,5.259
"1951-01",-25.114,-18.392,-26.606,-4.177,-1.377,-3.097,11.859,22.284,24.567,21.98,25.51,25.454,25.308,15.748,25.509,13.559,-8.38,-7.856,-20.415,6.783,13.467,24.147,23.668,23.594,23.024,24.805,24.725,25.679,-30.139,-17.925,-23.481,-25.631,1.441,-7.636,-13.967,2.466,14.229,18.215,24.642,31.371,31.709,26.879,22.37,16.343,-20.248,-8.26,-18.76,5.778,27.561,26.793,10.518,NA,NA,23.875,26.128,26.514,25.386,4.127,3.103
"1951-02",-25.321,-16.879,-26.793,-4.394,-4.311,-4.694,13.207,22.799,24.569,22.245,25.773,25.137,25.106,15.567,25.875,12.596,-6.062,-5.475,-14.956,7.073,15.139,25.64,24.254,24.496,23.422,23.919,24.311,26.126,-27.61,-17.022,-20.568,-23.089,1.493,-7.004,-13.734,3.332,16.266,20.076,25.133,29.931,29.204,25.339,20.543,16.419,-29.252,-14.253,-21.247,10.552,27.518,27.316,10.077,NA,NA,24.029,26.081,26.357,26.025,3.801,2.949
"1951-03",-27.864,-11.354,-21.94,2.114,6.057,3.32,17.115,24.106,25.089,22.627,26.094,25.529,25.886,13.827,24.55,10.055,1.769,1.252,-6.104,9.382,17.495,27.475,25.941,26.822,24.493,24.36,24.171,26.024,-19.743,-9.682,-13.224,-18.222,5.046,0.65,-8.278,7.86,20,23.687,26.224,29.353,26.214,24.368,18.65,15.985,-38.096,-23.361,-18.84,8.657,27.88,27.627,10.689,NA,NA,25.284,26.667,26.645,26.241,1.956,5.152
"1951-04",-18.914,-4.571,-15.277,6.587,11.403,8.468,19.037,25.887,25.909,22.774,26.286,25.595,25.703,12.372,21.286,7.588,3.596,8.669,2.238,14.375,24.875,29.956,27.344,28.772,24.845,22.913,23.659,26.038,-11.706,1.138,-0.949,-6.149,13.988,11.625,-0.328,15.42,25.596,28.201,27.047,27.892,24.113,20.901,16.36,12.471,-43.652,-29.232,-15.834,9.732,27.683,26.879,11.726,NA,NA,26.651,28.107,27.844,26.068,0.732,8.716
"1951-05",-8.702,3.561,-1.898,15.107,17.867,13.988,22.403,26.08,27.041,22.289,26.034,24.596,23.503,8.734,16.728,4.933,7.247,14.416,14.834,19.123,30.241,30.194,27.139,28.078,24.149,20.419,20.829,23.599,-3.035,9.283,4.769,2.36,22.718,16.258,4.913,19.819,30.106,32.026,27.342,25.559,20.479,18.162,13.946,10.832,-43.028,-29.396,-4.089,12.639,27.625,25.271,13.288,NA,NA,28.109,29.224,28.594,24.671,-1.474,12.093
"1951-06",-3.228,9.549,4.52,18.331,22.375,17.677,25.686,26.397,28.082,22.042,26.064,23.222,22.747,7.353,14.899,1.964,13.731,18.445,18.399,22.328,32.559,29.553,26.005,26.822,21.829,16.382,16.83,20.206,4.048,15.17,12.805,8.932,26.225,20.724,9.12,22.935,33.377,33.199,26.985,24.222,16.968,15.564,11.808,9.132,-48.132,-32.09,-0.425,14.82,27.466,23.998,15.341,NA,NA,30.018,29.25,28.741,23.133,-2.976,13.652
"1951-07",-0.795,11.556,7.303,22.297,27.651,23.225,27.234,26.124,28.685,21.714,25.767,22.456,22.324,6.701,14.422,1.434,13.852,18.982,17.351,25.607,31.831,27.945,24.971,25.725,20.678,16.521,16.683,19.224,8.254,18.67,16.661,12.546,27.961,22.924,11.909,25.214,34.06,29.876,26.475,20.834,13.386,11.15,9.909,7.441,-45.33,-33.025,0.065,16.344,27.073,23.27,17.857,NA,NA,27.812,28.28,28.054,21.466,-4.47,14.622
"1951-08",-5.393,9.84,7.408,23.436,26.403,22.06,26.879,26.004,28.167,22.406,26.686,23.71,24.492,7.689,15.631,3.085,14.166,20.266,19.275,26.185,31.498,27.466,25.455,26.568,22.127,17.499,18.408,20.7,7.876,15.53,13.793,12.851,26.023,20.84,11.024,24.917,33.643,28.956,26.323,23.738,15.769,14.13,10.833,7.132,-43.101,-35.338,-1.002,17.205,27.049,22.944,18.894,NA,NA,27.226,27.273,27.192,21.592,-3.661,14.639
"1951-09",-11.242,4.935,2.816,17.71,22.941,19.384,24.994,25.77,27.942,22.903,27.429,25.145,26.459,9.201,18.322,4.482,10.072,16.649,11.294,23.423,29.199,27.798,25.818,27.208,23.056,21.649,21.443,21.947,2.42,11.191,9.133,6.653,20.888,15.864,7.931,19.891,30.532,28.266,26.057,25.771,19.298,16.025,12.077,8.179,-45.682,-33.6,-1.272,16.478,27.261,23.257,18.18,NA,NA,27.504,27.354,27.093,21.966,-2.975,12.671
"1951-10",-17.548,-0.604,-2.434,11.162,16.616,15.125,21.034,25.319,27.184,22.999,27.31,27.179,28.014,10.299,21.842,6.824,7.665,10.4,3.932,18.985,27.028,28.469,26.393,26.76,23.768,23.648,23.273,23.685,-6.208,3.604,1.418,-1.719,15.639,8.038,0.899,15.838,26.617,27.46,25.963,27.565,23.254,19.751,14.681,9.995,-41.088,-25.189,-4.041,14.578,27.253,23.252,16.005,NA,NA,26.884,27.461,27.145,22.612,-1.642,10.63
"1951-11",-23.3,-10.038,-12.718,5.197,8.58,8.128,16.895,24.149,26.518,22.596,26.902,27.18,25.865,11.951,22.738,7.865,2.96,5.039,-0.288,12.685,19.764,26.532,24.999,25.064,23.652,24.017,24.354,25.467,-19.923,-4.743,-10.708,-13.604,8.694,-0.845,-4.504,9.43,21.726,24.316,25.904,29.97,27.729,23.779,18.252,11.163,-28.826,-16.481,-12.118,12.292,27.392,24.141,14.233,NA,NA,26.73,26.996,26.985,24.048,0.605,7.49
"1951-12",-27.852,-10.169,-19.659,0.483,0.878,1.456,12.576,23.002,25.407,22.744,26.499,27.011,26.039,14.898,24.356,12.774,-2.598,1.769,-4.361,9.306,15.068,24.471,24.091,24.113,23.116,25.378,25.682,26.301,-23.709,-6.59,-15.836,-21.262,4.805,-6.356,-11.964,2.917,15.826,20.076,24.702,32.142,30.866,26.616,20.325,12.697,-20.701,-8.005,-17.975,11.095,27.938,25.843,12.586,NA,NA,25.229,26.241,26.577,25.364,2.894,5.749
"1952-01",-27.526,-15.188,-24.189,0.022,0.909,-0.808,13.299,22.961,24.987,22.679,26.026,26.128,25.635,15.107,27.239,11.132,-4.842,-3.027,-15.259,7.69,13.152,23.067,23.178,23.226,23.257,24.901,25.338,25.695,-28.767,-18.664,-20.868,-24.546,0.055,-10.393,-15.883,1.342,15.609,17.228,24.841,32.379,32.857,28.136,23.247,12.542,-18.96,-6.658,-15.926,6.641,27.699,26.346,10.871,NA,NA,24.378,26.507,26.721,26.556,3.875,3.908
"1952-02",-29.364,-12.669,-23.079,0.039,3.343,1.327,14.226,23.682,24.819,22.886,26.418,26.516,26.278,16.636,25.783,12.96,-1.046,0.232,-9.215,7.787,14.393,25.62,25.024,25.149,24.564,25.07,25.338,26.501,-25.102,-15.588,-19.244,-23.123,0.444,-10.581,-14.337,3.07,16.756,19.209,25.278,30.55,31.376,27.605,23.491,14.075,-26.785,-10.942,-13.454,5.982,27.681,26.771,10.799,NA,NA,24.51,26.669,26.962,27.213,3.679,4.378
"1952-03",-25.168,-6.908,-16.268,3.185,5.672,5.447,15.062,24.985,24.899,23.539,27.414,26.605,26.827,15.63,26.135,11.405,0.864,5.796,-7.8,11.951,21.199,29.841,27.371,27.369,25.07,25.974,24.904,26.521,-23.547,-13.918,-16.845,-18.135,6.959,-1.516,-7.375,6.131,21.158,24.614,26.531,30.309,27.772,25.417,20.766,13.94,-37.485,-21.908,-12.142,6.958,27.982,27.024,11.423,NA,NA,25.452,27.243,27.344,27.322,1.818,6.06
"1952-04",-21.83,-1.718,-7.024,10.309,14.982,11.067,19.399,26.4,26.375,23.687,27.535,26.922,26.465,12.777,20.48,7.963,3.275,10.98,5.189,16.558,24.771,30.599,27.79,29.069,25.125,23.516,22.922,25.721,-14.043,3.926,2.407,-6.429,15.174,12.474,0.838,16.019,26.049,28.557,27.394,28.808,23.631,20.654,16.514,11.947,-42.426,-22.406,-19.659,9.109,28.196,26.677,12.533,NA,NA,26.538,28.822,28.331,27.156,-0.776,9.965
"1952-05",-12.595,4.423,-2.32,14.064,19.065,14.541,23.129,26.859,26.924,23.097,26.764,26.039,25.169,9.703,16.632,5.584,7.957,15.682,16.942,19.213,29.935,31.278,27.817,28.889,24.537,21.012,21.411,24.261,-2.984,10.247,7.022,3.852,22.312,15.678,4.77,19.672,30.813,32.145,27.93,25.24,19.214,17.172,14.355,10.528,-45.652,-30.848,-6.692,12.491,28.102,26.122,14.114,NA,NA,28.163,29.886,29.135,25.551,-2.074,12.215
"1952-06",-4.351,10.481,5.769,18.174,24.04,19.22,25.489,26.931,28.17,22.348,26.323,24.052,23.109,7.723,14.411,2.007,13.445,19.519,15.898,24.545,32.64,30.271,26.91,28.218,22.802,17.201,17.354,21,4.107,14.415,13.495,8.656,25.308,21.406,9.598,23.139,33.982,33.248,27.101,20.235,13.316,12.862,10.821,8.073,-45.803,-31.404,-0.828,13.806,27.331,24.017,16.357,NA,NA,29.844,29.15,28.513,23.626,-2.485,13.991
"1952-07",-3.781,10.402,8.18,21.149,28.189,24.675,26.586,26.36,28.755,22.031,26.395,23.462,22.372,7.394,12.466,2.353,13.998,20.619,18.921,27.914,33.481,28.287,25.94,27.444,21.987,16.005,16.988,20.005,7.279,20.066,17.37,11.994,28.229,23.104,12.212,24.883,34.92,30.421,26.495,19.215,12.823,11.502,10.406,7.43,-42.388,-33.867,0.258,15.652,27.055,23.93,18.538,NA,NA,28.718,27.978,27.941,22.296,-3.284,15.135
"1952-08",-5.321,10.482,9.476,22.743,29.359,23.346,26.974,25.807,28.504,22.287,26.814,23.226,24.002,7.763,15.905,3.003,12.146,18.729,17.531,26.626,31.451,27.548,25.346,26.607,22.145,19.116,19.382,21.15,10.234,19.277,14.427,10.379,26.867,21.742,11.33,25.127,33.689,28.732,26.274,23.107,15.603,13.415,10.356,7.138,-46.103,-37.756,0.154,15.988,26.858,23.196,19.005,NA,NA,28.03,27.306,27.347,22.259,-3.79,14.672
"1952-09",-13.604,4.54,5.46,16.486,23.532,19.92,25.539,25.784,28.204,22.993,27.836,25.431,27.51,9.893,19.169,5.595,9.818,16.906,13.518,23.778,29.286,28.183,25.933,26.886,22.773,22.064,21.186,21.388,3.391,11.841,8.836,7.175,21.693,15.485,8.614,20.662,30.821,28.696,26.367,26.913,20.268,18.387,13.023,9.035,-45.999,-34.553,-3.203,15.925,26.705,23.318,19.41,NA,NA,28.181,27.145,27.131,21.704,-3.775,12.993
"1952-10",-18.424,-2.978,-1.392,9.37,17.079,16.897,21.976,25.423,27.658,22.609,27.163,27.121,27.479,10.413,20.106,7.543,5.868,10.205,6.811,17.646,24.122,28.004,26.028,26.213,23.609,23.488,24.025,23.634,-3.74,4.43,-1.47,-1.276,15.55,6.45,2.35,14.506,25.684,27.161,25.939,29.721,25.353,21.768,16.544,10.953,-42.129,-25.757,-3.481,13.932,26.945,24.61,17.68,NA,NA,27.217,27.557,27.209,22.516,-1.976,10.269
"1952-11",-21.02,-9.269,-10.831,0.879,8.244,9.329,16.808,24.583,26.747,22.346,26.682,27.119,26.217,12.987,21.611,10.929,2.983,6.289,0.456,13.448,20.452,27.343,25.838,25.809,24.05,24.699,25.189,25.088,-16.318,-3.368,-10.198,-13.787,9.401,-0.375,-4.14,8.55,22.991,23.32,25.109,31.126,27.031,23.917,18.039,12.407,-30.926,-15.778,-11.759,11.592,27.15,24.976,15.461,NA,NA,27.211,26.423,26.712,23.357,0.123,7.749
"1952-12",-28.369,-20.206,-22.888,-4.407,-2.149,0.41,13.109,23.498,25.629,22.004,25.773,26.537,25.556,13.823,23.641,11.225,0.377,4.439,-4.228,10.172,15.468,24.394,23.679,23.936,23.351,24.69,24.861,25.543,-27.012,-10.545,-18.108,-18.824,3.575,-6.523,-10.169,5.407,17.915,19.724,25.122,31.876,30.695,24.913,21.764,14.272,-21.853,-9.543,-18.953,10.833,27.429,25.897,12.594,NA,NA,25.71,26.025,26.479,25.52,2.706,4.894
"1953-01",-27.447,-17.867,-26.381,-2.204,-1.196,-3.803,13.259,21.602,24.14,21.663,25.086,25.833,24.978,15.376,24.634,13.92,-2.688,1.284,-6.336,8.889,14.216,23.711,23.607,24.095,23.109,24.146,24.738,26.326,-24.972,-12.52,-20.559,-24.286,3.113,-8.923,-12.993,2.296,16.453,18.858,24.848,29.906,31.54,26.986,24.476,14.428,-20.567,-7.822,-17.036,8.053,27.746,26.978,10.906,NA,NA,24.565,25.994,26.29,26.364,3.955,4.253
"1953-02",-28.458,-16.883,-25.775,-3.409,-2.894,-2.072,14.933,23.025,24.761,21.94,25.326,25.255,25.309,15.258,26.108,13.35,-2.422,2.655,-5.101,9.59,14.614,24.619,23.986,24.368,23.262,24.158,24.899,26.748,-22.71,-12.577,-18.852,-20.369,3.974,-7.391,-11.972,2.288,16.755,20.043,25.182,29.315,30.393,26.125,23.673,13.555,-28.6,-14.259,-18.884,8.095,27.707,26.885,9.992,NA,NA,24.402,25.934,26.293,26.408,4.052,4.057
"1953-03",-27.411,-14.893,-19.289,3.2,7.819,4.23,17.42,23.589,24.665,22.298,25.715,25.584,25.385,15.037,23.675,11.187,-0.263,5.658,-2.534,12.06,19.037,27.935,25.903,26.607,24.395,24.235,23.83,25.646,-20.463,-7.646,-10.751,-15.838,9.066,0.205,-6.966,7.464,20.949,24.341,25.572,29.013,29.175,24.327,22.624,14.832,-37.779,-18.456,-21.841,7.116,27.61,27.581,11.444,NA,NA,24.921,26.875,26.941,26.533,2.479,5.984
"1953-04",-21.164,-5.826,-11.939,10.166,14.282,9.35,21.535,24.576,25.431,22.214,25.65,25.653,25.129,12.745,21.08,8.331,4.037,10.343,3.022,16.62,26.329,30.089,26.986,27.719,23.965,22.407,22.584,25.203,-10.274,-0.256,0.236,-1.94,15.294,10.89,-0.255,15.833,25.774,28.624,26.372,27.386,23.801,21.323,17.348,12.498,-42.757,-28.181,-16.95,12.077,27.54,26.995,11.229,NA,NA,26.45,28.047,27.805,25.519,0.015,9.252
"1953-05",-10.475,1.214,-3.799,12.177,18.943,15.372,22.501,25.276,26.376,21.71,25.663,24.387,23.344,9.681,16.033,5.894,7.89,12.93,12.465,18.059,28.901,29.637,26.494,27.814,23.371,19.405,18.969,22.209,-3.45,9.384,4.817,2.217,21.351,17.213,7.202,19.282,29.822,31.97,26.766,24.373,17.351,17.108,13.313,10.566,-44.88,-27.76,-5.88,12.54,27.375,25.789,13.296,NA,NA,28.452,29.521,28.886,23.809,-1.839,11.346
"1953-06",-4.604,7.568,3.263,18.617,25.364,19.803,25.125,25.773,27.785,21.147,25.238,22.705,22.195,8.522,15.576,3.805,11.691,17.892,16.704,23.579,32.555,28.655,25.606,27.286,22.133,15.721,16.831,21.084,2.429,13.3,11.804,9.687,25.968,20.307,10.037,22.217,33.219,32.027,26.418,22.613,14.853,14.733,11.32,8.965,-45.955,-33.088,-0.654,14.683,26.949,24.793,16.288,NA,NA,29.603,28.024,27.615,23.428,-2.155,13.386
"1953-07",-4.49,10.17,7.903,22.56,29.025,23.632,27.366,25.804,28.136,20.632,25.113,22.098,20.75,6.135,11.897,2.278,13.638,19.467,18.725,26.515,31.723,27.503,24.99,26.404,21.578,16.186,16.996,20.495,7.6,17.825,17.483,14.032,27.997,22.813,11.843,24.717,34.09,29.953,26.339,20.804,14.21,12.33,10.15,7.551,-49.081,-33.549,-0.004,15.676,26.643,23.821,18.234,NA,NA,28.14,27.65,27.498,22.483,-2.685,14.248
"1953-08",-4.455,9.261,6.155,22.873,27.717,22.268,26.696,25.84,28.135,21.578,25.814,22.936,22.49,8.216,14.533,3.628,13.623,18.344,17.543,25.555,31.287,26.713,25.027,26.455,21.854,16.858,17.262,19.668,7.433,16.893,15.774,11.48,26.182,21.284,11.246,25.413,33.735,28.208,26.263,23.123,15.567,13.783,11.156,7.494,-45.843,-33.658,-0.008,16.582,26.449,23.089,19.936,NA,NA,27.11,27.269,27.079,21.546,-3.79,14.218
"1953-09",-10.917,7.058,2.893,17.786,23.252,19.429,24.67,25.737,27.909,22.474,26.839,25.037,26.376,10.087,19.876,5.591,9.274,13.31,13.846,22.352,28.928,27.271,25.709,26.825,22.627,20.787,21.366,21.964,1.265,11.608,6.163,3.798,22.713,15.147,7.853,20.624,30.161,28.608,26.141,23.74,17.946,15.193,11.75,9.292,-44.855,-34.376,-1.167,16.194,26.518,23.253,18.675,NA,NA,27.393,27.176,26.932,21.679,-2.631,12.526
"1953-10",-19.839,-1.774,-2.2,9.232,17.561,15.194,22.095,24.839,26.854,22.467,26.846,26.961,27.463,11.631,21.449,8.011,7.878,9.967,5.392,17.697,25.533,27.975,26.028,26.723,23.78,23.406,23.598,24.06,-6.571,1.325,-2.068,-3.371,15.957,7.046,1.692,16.649,27.488,27.691,26.126,27.97,23.858,20.027,15.021,9.509,-39.658,-29.459,-4.459,14.142,26.809,23.61,17.156,NA,NA,27.065,27.543,27.11,22.801,-0.664,10.278
"1953-11",-21.935,-8.595,-8.316,4.312,8.31,7.376,17.685,24.494,26.044,22.02,25.792,26.377,25.946,12.619,24.681,8.747,-0.953,4.606,0.508,13.619,20.194,26.786,25.376,25.34,23.569,25.103,26.449,26.444,-19.108,-3.585,-11.721,-13.79,10.541,0.247,-5.775,9.005,21.806,23.149,25.791,30.52,27.99,23.357,17.77,11.549,-29.584,-18.885,-19.617,12.219,27.119,24.644,14.849,NA,NA,26.502,26.903,26.835,24.021,1.474,7.696
"1953-12",-23.922,-14.672,-15.133,1.276,2.043,2.991,12.845,22.959,25.281,22.227,25.722,26.714,25.605,14.605,24.101,11.54,-5.393,-0.502,-5.084,9.986,16.228,24.185,23.993,24.13,23.542,24.447,24.227,25.351,-23.073,-11.011,-20.013,-19.23,3.047,-9.007,-11.955,1.869,15.063,18.234,24.264,32.079,29.201,26.274,19.746,16.114,-20.933,-9.763,-24.777,10.876,27.676,25.91,13.836,NA,NA,24.707,26.665,26.94,25.371,3.45,5.201
"1954-01",-25.148,-16.043,-22.423,-2.55,-0.769,-1.008,12.008,22.334,24.195,22.221,25.573,26.432,25.991,15.427,25.912,12.222,-9.897,-1.443,-7.617,9.858,15.656,24.021,24.082,24.337,23.557,25.146,24.847,25.929,-25.674,-14.897,-23.914,-23.198,4.23,-10.594,-15.071,1.188,16.694,18.188,24.298,30.762,31.212,27.615,22.156,16.187,-20.659,-8.876,-20.716,9.616,27.703,26.652,12.346,NA,NA,23.812,25.939,26.359,25.932,4.359,4.257
"1954-02",-29.52,-11.634,-24.562,2.209,3.189,-1.58,14.27,23.67,24.838,22.936,26.247,26.128,25.824,16.114,24.783,13.746,-3.41,0.324,-6.801,9.451,16.54,25.437,24.808,25.469,24.197,24.74,24.279,25.889,-26.379,-8.19,-16.804,-23.614,5.732,-3.965,-11.35,3.367,17.552,20.397,24.617,29.644,29.093,26.665,21.779,16.841,-29.793,-13.58,-21.194,6.529,27.815,27.228,10.792,NA,NA,23.834,25.762,26.119,26.184,3.822,4.693
"1954-03",-26.613,-8.358,-21.751,5.826,9.109,3.193,16.443,24.211,24.86,23.207,26.764,25.294,25.165,14.471,24.109,11.71,-0.611,2.708,-5.422,11.217,20.626,28.671,27.118,28.203,25.191,24.511,25.237,26.437,-22.024,-8.249,-13.275,-15.636,9.119,2.335,-6.114,8.805,22.49,24.115,25.794,29.452,27.065,24.557,18.205,14.88,-34.977,-22.291,-17.135,8.707,27.668,27.096,11.392,NA,NA,25.327,26.406,26.336,26.109,2.173,6.332
"1954-04",-18.578,-3.27,-11.339,9.105,11.345,7.085,20.33,26.589,26.618,23.346,27.042,26.016,25.83,11.845,21.332,8.15,2.008,8.087,5.037,14.786,26.598,30.698,27.491,28.846,25.342,23.554,24.146,25.539,-14.174,0.678,-4.546,-8.898,16.293,8.295,1.333,13.979,26.729,29.519,26.787,27.802,24.311,20.853,17.18,11.018,-39.932,-21.711,-12.571,9.669,27.79,26.471,13.433,NA,NA,27.137,27.975,27.78,26.017,-0.232,9.345
"1954-05",-10.248,5.465,-3.327,14.645,19.555,14.715,22.118,26.453,27.031,22.898,26.64,25.32,24.404,7.921,16.441,3.557,6.475,13.508,14.219,18.088,29.517,30.499,27.329,28.393,24.455,20.205,21.198,23.847,-4.849,10.254,5.392,-0.296,21.411,14.616,4.266,17.952,29.105,31.324,27.456,24.826,20.567,17.137,15.134,10.321,-40.779,-24.452,-5.907,12.204,27.595,25.683,14.757,NA,NA,28.406,29.152,28.513,24.757,-1.524,12.097
"1954-06",-5.863,9.062,3.541,17.464,24.693,20.112,26.323,26.41,27.849,21.907,26.223,23.322,22.222,7.543,13.79,2.391,11.855,17.69,21.08,22.153,32.108,29.018,26.217,27.463,22.523,17.027,16.963,20.894,5.341,18.482,12.83,9.141,26.345,21.398,9.374,22.676,33.37,32.962,26.988,22.475,17.325,14.424,12.598,8.026,-43.608,-32.026,-0.412,14.487,26.998,24.229,16.555,NA,NA,30.219,29.325,28.561,23.569,-1.926,14.087
"1954-07",-2.218,11.988,6.946,21.079,25.738,21.561,27.06,26.213,29.011,22.13,26.368,23.952,22.969,6.022,12.866,1.859,11.875,17.233,17.105,25.596,32.846,28.647,25.751,26.882,21.756,16.089,17.141,20.934,9.314,20.682,16.93,12.804,28.208,22.674,11.464,24.375,34.384,30.951,26.294,21.842,15.73,13.45,11.288,8.311,-44.529,-25.611,-0.451,15.858,26.392,23.254,19.307,NA,NA,28.19,27.916,27.854,22.449,-4.9,14.996
"1954-08",-5.025,10.908,8.354,22.647,26.312,21.703,28.028,26.204,28.891,22.574,26.886,23.685,24.021,8.041,16.267,2.939,12.736,18.652,18.879,26.275,31.4,27.583,25.725,26.879,21.98,17.78,18.189,20.964,5.696,17.917,13.894,11.731,25.966,21.192,11.515,24.754,33.588,29.242,26.303,21.937,14.828,13.464,11.094,8.729,-45.789,-31.014,-0.285,16.188,26.535,23.205,20.905,NA,NA,27.468,27.896,27.613,21.994,-3.438,14.516
"1954-09",-11.502,4.85,2.592,17.97,21.68,18.246,24.787,25.877,28.223,22.982,27.607,25.197,26.474,9.253,18.911,5.457,8.141,13.158,13.502,22.427,29.98,28.364,26.387,27.574,22.577,22.131,20.595,21.905,2.318,13.516,7.685,5.772,23.367,14.943,6.774,20.395,30.818,29.594,26.14,25.666,20.198,18.221,13.383,9.075,-47.97,-35.716,-2.47,15.867,26.701,23.593,20.003,NA,NA,27.849,27.714,27.304,21.951,-4.009,12.552
"1954-10",-16.86,-0.485,-2.06,9.714,15.099,13.147,21.355,25.428,27.794,22.736,27.538,27.889,26.811,11.538,21.293,9.158,4.183,9.544,5.574,17.718,25.661,28.633,26.203,26.713,23.67,24.947,23.594,23.134,-6.876,4.643,-0.34,-3.983,17.528,8.84,0.24,15.662,26.955,27.566,25.848,28.751,24.604,20.917,15.627,10.27,-39.201,-25.446,-6.533,14.01,27.152,24.353,17.802,NA,NA,27.147,26.937,26.835,22.055,-1.87,10.598
"1954-11",-24.448,-8.103,-8.74,3.463,8.318,7.186,18.298,25.041,26.744,22.706,26.673,27.305,26.799,14.439,24.057,10.065,-0.716,5.356,0.044,13.273,19.96,26.993,25.03,25.415,23.618,24.516,23.791,24.711,-15.573,-2.778,-8.278,-14.141,10.177,0.392,-5.029,9.277,23.065,24.452,25.535,30.773,27.891,24.319,17.298,11.651,-29.754,-19.964,-17.403,11.323,27.425,24.712,15.909,NA,NA,27.25,26.897,26.989,23.529,0.058,7.926
"1954-12",-27.28,-16.583,-21.938,-1.879,-1.57,-1.276,13.001,23.743,25.831,22.188,25.774,26.777,25.687,13.954,25.195,11.453,-1.387,1.187,-3.792,8.352,14.029,23.91,23.336,23.781,22.606,24.878,25.082,26.296,-19.511,-7.789,-17.474,-17.4,4.409,-7.558,-12.569,3.592,16.72,20.296,25.032,31.187,31.794,26.209,22.499,12.61,-23.215,-10.081,-21.024,11.197,27.744,25.642,13.29,NA,NA,25.716,26.557,26.734,24.275,2.604,5.06
"1955-01",-22.646,-17.844,-24.62,-3.021,-1.305,-2.198,12.637,23.29,25.296,21.978,25.436,26.826,26.114,14.871,26.877,11.168,-3.984,-1.886,-10.953,8.154,14.333,24.564,23.761,24.205,23.179,25.002,25.071,26.226,-25.783,-17.535,-25.576,-24.703,1.126,-11.703,-14.847,0.156,16.285,18.783,24.662,30.814,31.954,26.671,23.157,15.207,-21.347,-9.301,-12.69,6.633,28.06,26.447,11.863,NA,NA,24.972,26.165,26.5,25.66,3.802,3.707
"1955-02",-22.836,-13.347,-24.825,-0.192,-0.18,-4.513,13.731,21.905,24.137,22.532,25.915,26.315,25.635,15.493,26.035,12.2,-5.145,-1.271,-10.968,9.329,16.167,25.494,24.746,25.139,23.598,25.339,23.743,25.864,-29.736,-17.091,-23.949,-26.069,4.338,-6.416,-12.887,2.111,17.453,20.698,25.083,30.193,32.204,28.891,24.765,16.287,-28.132,-12.709,-12.775,4.588,27.868,27.283,11.779,NA,NA,24.625,26.319,26.462,25.893,3.686,3.848
"1955-03",-27.539,-11.136,-18.093,4.471,9.297,5.367,17.197,23.762,25.202,22.704,26.295,26.277,26.301,15.097,26.22,10.642,0.237,2.827,-2.31,10.972,19.508,28.831,26.273,26.812,24.18,24.661,23.855,26.311,-16.76,-5.999,-11.914,-16.074,8.504,1.239,-9.466,8.453,20.353,24.319,26.037,29.573,28.395,24.642,20.674,13.344,-35.924,-20.308,-13.494,5.615,27.658,27.281,11.3,NA,NA,25.512,27.095,27.208,25.898,2.204,6.512
"1955-04",-21.992,-2.052,-11.261,10.906,15.983,11.389,20.738,24.934,25.41,22.583,26.138,26.24,25.827,12.47,21.385,7.794,3.89,9.806,8.439,13.79,24.961,30.675,27.213,28.326,24.494,23.172,23.052,25.604,-10.646,4.827,-3.18,-8.163,16.236,9.488,0.259,14.827,25.997,30.352,27.155,27.345,23.147,20.126,15.782,11.339,-43.031,-29.438,-8.513,9.491,27.677,26.536,12.902,NA,NA,27.196,28.701,28.15,25.58,0.772,9.37
"1955-05",-9.591,5.598,-1.773,15.672,19.412,15.487,22.767,25.249,26.174,22.354,25.981,24.876,24.848,9.874,19.309,5.836,7.814,13.853,15.315,17.197,28.828,29.913,26.646,28.75,24.284,20.221,20.552,23.002,-3.696,12.526,4.408,0.54,21.698,16.815,5.831,19.203,30.26,32.812,27.003,25.172,19.597,16.706,14.082,10.272,-41.141,-28.333,-4.804,12.547,27.535,25.538,13.893,NA,NA,28.888,29.514,28.558,24.647,-0.795,12.313
"1955-06",-3.549,9.61,4.971,19.289,23.344,18.916,25.273,25.773,27.669,21.583,25.66,23.694,22.315,6.779,14.209,1.947,12.459,18.477,18.018,22.837,32.915,29.367,26.163,27.903,22.952,17.094,17.761,21.99,5.326,17.628,13.087,8.562,26.947,20.889,9.229,22.451,33.894,32.711,26.442,21.427,14.764,13.239,11.003,7.396,-45.816,-31.319,-1.103,14.623,26.717,23.294,16.06,NA,NA,30.196,28.616,28.053,24.168,-2.004,13.934
"1955-07",-2.187,10.289,7.238,22.128,28.072,22.134,26.956,25.897,28.616,21.122,25.474,22.17,22.176,7.544,15.729,2.854,13.862,20.153,20.082,26.517,32.241,27.766,24.895,26.182,21.205,16.271,16.518,19.831,10.664,20.198,17.304,11.862,27.082,23.008,11.823,25.111,33.644,29.615,26.091,21.116,13.814,11.791,10.173,7.738,-45.169,-27.091,0.104,16.235,26.356,23.345,18.426,NA,NA,28.731,27.754,27.698,22.087,-4.711,14.888
"1955-08",-7.26,10.623,8.036,23.613,26.446,22.157,26.379,25.502,28.384,21.785,26.322,23.192,24.078,7.411,16.807,3.738,13.773,20.55,18.719,26.233,30.65,26.7,24.858,25.949,21.995,18.076,18.155,20.853,8.877,17.509,15.552,12.358,26.52,21.171,10.463,25.13,32.902,28.313,25.835,23.973,17.751,15.229,11.465,7.25,-44.335,-35.009,-0.409,16.786,26.088,22.345,19.876,NA,NA,27.7,27.319,27.207,22.051,-3.343,14.641
"1955-09",-12.101,4.971,3.29,19.55,23.566,18.786,25.311,25.451,28.082,22.455,27.164,25.778,27.273,9.291,19.015,5.341,10.593,15.196,14.625,22.404,29.301,27.422,25.492,26.497,22.526,21.129,20.189,21.577,1.571,10.994,7.678,6.581,20.62,14.104,8.323,20.187,29.756,28.408,25.975,25.916,20.924,18.086,13.743,9.515,-44.635,-33.027,-1.494,16.055,26.182,22.852,19.545,NA,NA,27.719,27.193,27.029,21.77,-2.539,12.713
"1955-10",-18.947,-0.725,-2.349,13.601,17.37,13.092,21.8,24.624,27.66,22.403,27.187,27.488,26.992,10.923,21.09,8.45,5.988,10.068,7.949,17.93,25.061,28.167,25.688,25.762,23.212,24.421,23.226,23.128,-6.068,5.181,-1.149,-3.017,16.212,6.616,0.41,14.444,25.835,26.668,25.714,28.003,23.362,20.355,15.229,10.669,-40.768,-28.88,-2.224,14.006,26.677,23.886,17.81,NA,NA,27.576,26.568,26.438,22.252,-2.105,10.236
"1955-11",-22.912,-7.293,-8.89,3.646,7.4,7.011,16.177,24.433,26.421,22.518,26.794,27.384,26.054,12.783,22.249,10.7,0.028,3.128,-2.771,12.426,19.787,27.122,25.206,25.025,23.306,24.403,24.095,24.669,-16.87,-5.127,-11.701,-13.579,8.875,-0.302,-6.273,9.487,22.034,23.196,25.593,30.909,27.62,23.726,17.653,13.105,-31.34,-18.34,-9.429,13.037,26.99,24.816,15.08,NA,NA,26.812,27.005,26.988,23.306,0.429,7.314
"1955-12",-21.332,-9.717,-15.61,0.362,2.43,1.219,12.36,23.034,25.828,22.213,25.882,26.523,25.135,14.687,24.347,12.929,-6.674,-3.557,-11.198,9.736,16.949,25.57,24.515,24.275,23.112,24.505,25.659,26.486,-27.043,-11.891,-20.009,-24.006,5.314,-5.641,-11.365,3.674,17.835,20.22,25.251,31.357,29.899,25.232,21.294,13.478,-22.132,-9.324,-19.502,9.429,27.371,25.797,12.9,NA,NA,25.486,26.549,26.705,24.893,3.487,5.323
"1956-01",-32.205,-17.112,-26.45,-5.095,-3.298,-2.006,11.267,22.603,25.354,22.195,25.759,26.043,25.165,14.85,25.579,11.849,-1.078,-0.43,-9.023,7.002,14.191,24.295,23.619,23.746,23.242,24.917,25.836,26.456,-22.734,-13.818,-20.958,-20.773,1.418,-8.205,-12.252,3.025,15.407,19.466,24.918,30.955,31.689,27.598,22.556,14.865,-20.578,-6.933,-20.684,9.895,27.62,26.747,10.352,NA,NA,24.647,26.381,26.677,25.991,5.132,4.193
"1956-02",-28.065,-19.791,-28.913,0.194,0.973,-2.498,15.279,22.394,24.676,22.725,26.213,25.651,25.245,15.606,25.188,13.341,-1.578,1.722,-7.749,9.187,16.092,26.554,25.67,25.063,24.045,25.12,24.532,26.133,-25.669,-14.207,-19.325,-21.135,3.433,-6.947,-10.711,3.35,17.084,20.486,25.282,28.96,30.538,27.253,22.357,15.613,-25.373,-11.865,-18.656,7.758,27.548,27.359,10.388,NA,NA,24.012,26.658,26.844,26.643,4.976,4.326
"1956-03",-31.03,-14.175,-22.834,4.452,7.974,2.965,17.389,23.633,25.012,22.778,26.377,25.539,25.392,14.556,24.834,11.399,1.779,6.779,-1.231,12.991,20.148,28.362,25.738,26.154,24.092,24.558,24.409,26.063,-16.587,-5.25,-6.356,-11.716,6.923,1.617,-9.005,8.524,21.008,23.763,25.923,29.364,28.285,23.955,20.947,14.769,-37.64,-20.166,-23.84,8.443,27.723,27.564,10.2,NA,NA,25.197,27.571,27.524,26.635,3.159,6.378
"1956-04",-25.072,-4.65,-12.951,9.82,11.88,7.194,20.237,25.004,25.662,22.742,26.586,24.819,25.097,13.536,22.159,9.844,4.211,10.335,2.713,15.149,24.752,30.024,26.787,27.16,23.942,22.836,21.999,25.01,-8.582,3.526,2.852,-2.864,13.346,10.9,-2.095,14.03,24.159,26.497,26.564,27.496,23.208,19.622,16.172,11.675,-42.22,-25.115,-13.105,10.857,27.509,26.281,12.119,NA,NA,26.771,28.439,28.252,26.251,0.292,9.038
"1956-05",-11.912,4.953,-3.516,14.623,17.359,12.438,22.526,25.509,26.889,21.808,26.138,23.814,23.905,9.842,19.272,5.313,7.998,13.319,12.18,18.746,28.149,30.314,26.581,27.522,23.669,19.544,20.211,23.28,-2.05,13.194,8.155,2.822,20.858,18.562,4.842,19.612,29.14,31.226,26.972,25.529,20.224,16.985,14.556,9.692,-41.292,-30.348,-6.842,13.165,26.998,25.302,13.91,NA,NA,28.222,29.335,28.685,25.051,-0.369,12.078
"1956-06",-5.257,9.085,3.701,18.373,21.935,17.911,25.19,25.761,27.973,21.366,25.729,22.268,21.729,6.365,15.14,2.674,12.918,19.654,16.559,22.902,32.335,30.058,26.261,27.742,22.819,16.994,17.271,21.569,4.963,14.019,11.728,8.468,25.274,19.724,8.896,21.903,32.721,33.12,26.525,23.109,17.856,15.019,12.62,9.067,-46.648,-32.029,-1.249,15.105,26.686,24.058,15.762,NA,NA,30.249,29.154,28.59,24.329,-2.296,13.525
"1956-07",-2.744,12.534,6.495,21.679,25.87,21.849,26.75,25.891,28.501,21.328,25.787,22.468,21.718,7.698,14.838,1.991,11.258,17.453,15.757,25.764,32.6,28.794,25.641,26.5,21.454,15.825,16.479,20.339,7.009,17.717,16.696,14.038,28.096,22.443,11.283,23.891,33.19,30.31,26.423,21.641,14.51,13.229,10.078,7.813,-44.841,-34.893,-0.641,16.571,26.522,23.064,18.736,NA,NA,28.821,27.73,27.615,22.377,-3.231,14.47
"1956-08",-8.406,10.613,7.228,22.557,26.285,20.569,26.417,25.884,28.443,22.265,26.597,22.63,23.91,7.613,17.668,2.062,11.691,17.539,18.725,25.338,30.644,27.317,25.351,26.551,22.046,18.008,18.002,20.933,8.524,18.595,13.378,10.052,26.203,20.996,11.224,24.454,33.138,28.574,25.973,22.746,16.497,14.848,11.396,8.108,-46.667,-33.581,-0.659,17.361,26.243,22.6,19.055,NA,NA,27.684,26.852,26.944,22.13,-4.076,14.167
"1956-09",-11.991,3.75,3.488,16.067,20.787,18.604,25.464,25.709,28.124,22.882,27.402,25.04,27.137,10.177,19.898,5.231,7.53,13.263,9.964,23.077,29.104,28.219,26.029,27.141,22.845,21.295,20.664,21.086,0.547,10.707,6.583,5.25,21.171,15.275,8.431,19.841,29.843,27.932,25.971,25.646,19.508,17.787,12.981,9.555,-42.101,-35.093,-2.709,16.526,26.413,22.759,18.785,NA,NA,27.794,27.019,27.003,21.931,-1.935,12.502
"1956-10",-17.034,-2.133,-4.463,10.05,14.737,13.684,21.87,25.022,27.37,22.611,26.951,25.805,27.323,11.795,22.428,8.672,6.166,9.506,3.055,17.943,26.312,28.665,26.189,26.441,23.583,24.423,24.349,23.813,-7.22,1.414,-2.724,-2.673,14.504,6.89,2.952,14.304,26.201,26.595,25.831,28.557,23.588,20.538,15.426,10.447,-40.088,-27.598,-7.354,14.973,26.789,23.445,16.719,NA,NA,26.907,27.074,26.809,22.707,-1.261,10.001
"1956-11",-25.109,-8.294,-10.615,3.682,5.833,5.566,15.412,23.335,26.422,22.308,26.495,27.044,27.002,11.224,22.961,8.539,2.622,5.36,-2.928,13.105,20.611,27.183,25.224,25.381,23.636,24.528,24.796,24.816,-18.806,-9.723,-14.559,-14.557,7.469,-2.175,-5.008,9.055,22.346,23.242,25.808,29.959,26.445,22.343,18.433,11.675,-30.09,-18.294,-13.621,12.057,26.903,24.46,15.244,NA,NA,27.137,26.805,26.853,23.862,0.846,6.963
"1956-12",-26.691,-12.296,-20.742,-2.763,-0.827,1.265,10.962,22.989,25.734,22.016,25.715,26.793,25.998,14.086,25.223,9.593,-2.042,3.085,-3.549,10.086,14.884,23.755,23.464,23.971,23.276,24.587,24.934,25.732,-26.532,-10.131,-22.727,-24.346,5.159,-8.544,-11.571,1.977,17.069,19.758,24.752,30.922,30.087,24.494,21.324,14.524,-22.911,-9.162,-17.589,10.286,27.492,25.204,12.743,NA,NA,25.891,26.278,26.456,25.036,3.192,4.754
"1957-01",-26.13,-18.269,-26.649,0.519,-0.789,-3.267,14.029,21.649,24.546,22,25.471,26.348,25.609,15.273,25.077,12.551,-5.4,-2.689,-10.698,8.115,14.137,24.063,24.005,23.835,23.57,24.602,24.285,25.451,-28.418,-15.387,-22.298,-24.088,1.073,-10.61,-11.023,0.255,14.448,19.147,24.238,29.932,30.114,26.5,22.782,17.612,-18.438,-8.195,-13.214,8.477,27.707,26.807,11.499,NA,NA,23.665,25.81,26.157,25.893,4.133,3.826
"1957-02",-25.791,-17.242,-26.881,0.325,3.886,-0.232,15.577,22.448,23.994,21.876,25.437,25.935,25.209,14.96,26.375,11.835,-2.412,-1.741,-13.507,7.907,17.131,27.537,26.286,26.257,24.553,25.043,24.739,25.831,-31.604,-23.376,-29.09,-22.286,3.784,-7.615,-10.944,1.895,19.455,20.726,25.263,29.221,29.827,27.122,24.18,16.013,-26.251,-13.326,-10.153,7.723,27.468,27.189,10.221,NA,NA,24.514,25.849,26.203,25.962,4.117,3.628
"1957-03",-30.552,-13.652,-22.469,5.238,9.04,3.472,18.393,23.546,24.407,22.637,26.346,25.99,26.173,14.924,25.197,10.609,-0.738,-0.088,-4.953,9.514,20.167,28.589,26.791,27.701,24.902,24.077,23.312,25.55,-20.26,-8.648,-12.329,-16.228,6.371,1.22,-8.5,8.729,20.276,23.645,26.153,29.736,27.066,24.478,19.844,14.018,-38.914,-22.564,-18.797,6.164,27.517,27.549,11.241,NA,NA,25.317,27.082,27.155,25.915,2.027,5.492
"1957-04",-16.406,-7.184,-15.66,8.53,12.195,6.545,20.266,25.074,25.821,22.366,26.199,25.907,25.666,11.201,20.798,6.225,2.375,7.162,2.213,15.56,27.395,30.645,26.931,27.62,24.103,23.487,21.908,25.241,-11.673,3.435,-0.086,-4.411,16.49,12.8,-2.893,14.135,26.008,28.016,26.72,28.285,25.427,21.153,17.337,12.17,-42.311,-28.819,-18.607,10.197,27.332,26.506,11.725,NA,NA,26.538,28.05,27.973,26.224,0.059,8.992
"1957-05",-11.776,2.34,-3.388,14.664,17.63,11.47,23.145,25.613,26.309,21.752,25.712,24.116,23.562,9.47,18.144,4.893,7.592,14.884,14.485,17.841,29.253,29.956,26.32,27.546,23.621,20.193,20.404,23.14,-1.838,11.167,7.353,3.127,20.846,18.623,5.371,19.454,29.833,31.952,27.197,24.621,18.558,17.159,13.048,10.536,-45.544,-32.405,-5.838,13.12,27.236,25.719,13.519,NA,NA,28.539,29.328,28.606,24.581,-0.774,11.596
"1957-06",-4.509,8.247,2.464,18.788,22.476,16.655,25.543,25.882,27.661,21.248,25.415,23.079,22.58,6.122,13.963,1.479,13.435,17.413,13.485,22.31,31.777,29.29,25.734,26.787,21.962,16.625,17.118,21.318,3.868,11.541,11.539,7.926,25.099,19.484,9.824,22.226,33.085,31.223,26.853,21.131,14.496,14.263,11.072,8.468,-45.122,-31.709,-1.126,14.853,26.742,24.898,15.45,NA,NA,29.623,27.848,27.592,22.862,-1.904,13.076
"1957-07",-3.836,10.667,7.965,22.011,27.035,22.174,26.11,25.546,28.092,20.876,25.309,22.542,22.311,7.376,14.302,3.078,14.175,17.864,20.214,25.49,31.137,27.577,24.892,26.239,21.323,16.11,17.112,19.98,7.363,20.154,15.752,11.065,28.073,22.292,11.236,24.763,33.613,29.696,26.424,22.187,13.826,13.328,10.385,7.637,-44.937,-29.899,0.202,16.071,26.412,23.421,18.137,NA,NA,27.858,27.536,27.402,21.715,-3.886,14.526
"1957-08",-5.494,11.117,8.186,22.896,26.529,23.465,25.504,25.354,28.155,21.391,25.998,23.104,23.687,8.527,16.438,3.695,14.744,19.363,15.491,25.359,30.727,26.963,24.77,25.958,21.6,17.806,18.145,20.605,5.859,15.299,13.221,10.17,26.137,21.053,11.834,25.57,33.207,28.17,26.345,23.895,16.197,14.494,11.384,8.211,-47.034,-33.447,0.209,16.815,26.213,23.103,18.827,NA,NA,26.924,27.167,27.026,21.699,-3.808,14.129
"1957-09",-13.534,4.224,3.844,15.918,23.985,22.021,24.294,24.792,27.813,22.267,26.837,24.135,26.57,9.022,18.338,5.163,10.384,15.068,11.693,21.706,27.881,27.406,25.34,26.539,22.233,21.534,20.467,21.394,2.058,11.879,7.3,5.351,21.247,15.33,8.352,21.047,29.838,27.872,26.284,26.909,20.86,18.539,14.209,9.126,-45.711,-27.212,-1.925,16.315,26.32,23.569,18.414,NA,NA,27.497,26.88,26.797,21.47,-3.888,12.573
"1957-10",-21.048,-2.556,-4.229,9.768,16.231,15.727,22.247,24.784,27.135,22.283,26.981,26.898,27.428,10.466,22.365,6.5,8.269,11.014,5.381,17.53,24.253,28.116,26.202,26.677,23.189,23.212,23.317,23.72,-5.175,3.715,-0.026,-1.401,12.882,6.979,2.945,15.107,25.107,26.26,25.822,28.776,22.6,18.673,14.203,9.96,-39.406,-28.521,-8.407,15.174,26.502,23.996,16.164,NA,NA,26.687,26.52,26.4,21.923,-0.974,10.093
"1957-11",-23.574,-9.502,-12.711,4.897,8.181,6.548,17.212,23.087,25.469,21.549,25.809,26.081,25.347,12.902,23.571,10.596,2.765,5.594,0.489,12.8,19.144,26.545,24.946,25.272,23.551,24.427,24.039,24.497,-15.891,-3.4,-11.116,-13.478,8.758,-0.321,-4.826,8.89,21.756,23.169,25.34,30.911,26.633,22.431,16.606,12.754,-29.044,-18.448,-15.318,12.763,26.8,25.154,14.106,NA,NA,26.62,26.673,26.786,23.573,1.11,7.399
"1957-12",-22.743,-21.308,-23.958,0.067,0.426,1.704,15.443,22.993,25.212,21.359,24.937,26.082,25.279,13.143,24.343,10.974,-4.822,-1.524,-5.827,8.488,14.576,24.428,23.745,24.318,23.143,24.516,25.321,25.766,-24.955,-11.169,-20.397,-19.575,4.49,-6.552,-10.961,3.476,18.004,19.552,24.385,31.45,30.039,25.123,20.633,15.233,-19.451,-9.177,-20.769,11.398,27.314,26.175,11.017,NA,NA,25.618,25.521,25.981,25.205,3.611,4.757
"1958-01",-28.051,-17.048,-27.196,-1.344,-1.81,-3.174,13.067,21.855,24.396,21.287,24.893,25.79,24.826,14.34,25.735,11.368,-2.917,-0.528,-6.051,7.741,14.897,24.901,24.152,24.559,23.617,24.786,24.636,26.171,-25.581,-11.715,-21.585,-26.089,2.117,-9.883,-14.079,0.495,16.303,18.119,24.152,30.928,31.857,25.347,23.694,16.827,-21.897,-8.524,-18.189,8.922,27.604,26.953,10.657,NA,NA,24.469,25.343,25.813,25.994,4.47,3.942
"1958-02",-28.511,-14.096,-24.04,0.784,0.461,-2.672,14.259,21.812,24.365,21.809,25.181,26.043,24.928,15.225,25.768,13.285,-0.719,2.616,-4.138,9.673,15.541,24.884,24.438,25.336,23.661,24.306,24.155,26.101,-23.478,-9.455,-17.568,-22.937,2.623,-8.295,-11.069,2.24,16.756,20.056,24.481,29.91,30.767,25.922,23.048,16.634,-28.777,-13.575,-20.764,7.592,27.651,27.469,10.384,NA,NA,23.958,25.393,25.739,26.261,3.468,4.437
"1958-03",-26.877,-13.985,-20.811,1.953,4.47,3.504,18.3,23.405,24.666,21.862,25.338,25.775,24.879,13.916,23.849,10.706,-0.026,4.77,-2.388,12.751,20.439,27.67,25.375,26.085,23.889,24.077,24.139,25.759,-21.535,-6.697,-12.914,-15.045,7.659,-0.325,-9.414,8.555,19.529,23.223,25.75,28.058,27.387,22.932,21.118,14.11,-36.965,-23.816,-23.264,9.865,27.391,27.552,10.214,NA,NA,24.43,26.421,26.332,25.944,1.936,5.608
"1958-04",-17.55,-7.443,-8.878,6.482,12.145,9.92,20.143,25.166,25.719,22.016,25.463,25.159,24.961,11.473,19.888,6.918,-0.532,5.792,3.437,15.037,25.728,30.224,26.639,28.076,24.051,22.837,22.815,25.001,-15.08,3.722,-2.078,-6.695,18.395,12.565,0.007,15.619,26.174,28.844,26.228,27.323,23.598,20.453,17.56,12.539,-43.549,-23.959,-18.692,9.744,27.326,26.941,12.367,NA,NA,25.806,27.822,27.42,25.696,-0.408,8.888
"1958-05",-11.668,0.985,-3.613,13.043,18.542,13.147,23.633,25.934,26.604,21.503,25.315,23.618,22.739,9.623,17.689,4.842,7.633,13.96,11.377,18.451,29.209,29.872,26.277,28.065,23.308,19.546,19.622,22.131,-2.824,8.585,5.007,1.713,23.389,16.157,5.672,18.824,30.706,31.708,26.376,24.323,19.236,16.499,14.267,10.447,-46.442,-28.405,-7.003,12.478,27.215,25.407,14.082,NA,NA,28.211,28.992,28.296,24.204,-2.144,11.267
"1958-06",-4.897,6.928,2.86,17.171,22.213,18.411,25.763,25.948,27.602,20.511,24.945,22.5,20.638,7.225,13.418,2.555,11.58,18.403,15.423,23.408,32.368,28.536,25.175,26.863,21.789,16.564,16.899,20.373,4.496,13.45,12.48,9.463,27.031,20.125,9.398,22.186,33.569,31.793,26.171,21.681,15.88,13.766,11.879,9.007,-43.899,-33.271,-1.19,14.97,26.982,23.847,15.711,NA,NA,29.505,28.187,27.788,22.845,-2.561,13.336
"1958-07",-2.655,11.356,6.83,22.701,26.721,20.545,26.803,26.044,28.325,20.859,25.076,21.677,21.438,7.425,15.761,2.272,11.569,17.682,20.096,26.08,32.134,27.443,24.729,26.167,20.707,16.636,16.66,19.982,8.114,19.249,17.39,12.438,28.324,22.279,11.034,24.684,34.345,29.834,26.025,20.167,13.717,11.031,10.782,7.95,-45.044,-26.098,-0.561,16.337,26.763,23.288,18.64,NA,NA,27.903,27.453,27.321,21.829,-4.467,14.64
"1958-08",-4.47,9.758,6.479,21.357,27.462,22.97,26.33,26.12,28.258,21.756,25.979,22.459,22.945,9.04,16.407,3.419,12.309,17.093,17.126,25.317,31.039,26.467,24.671,26.376,21.798,17.11,17.813,20.022,6.191,15.465,13.753,13.419,26.234,20.697,10.597,24.6,33.014,28.293,26.011,23.471,17.362,15.13,12.193,9.233,-41.843,-30.767,-0.466,17.034,26.766,23.1,19.184,NA,NA,27.297,27.042,26.987,21.401,-3.713,14.446
"1958-09",-11.62,5.523,4.164,18.384,24.228,19.441,25.647,25.374,27.842,22.705,26.988,25.199,26.67,9.115,18.908,5.458,9.793,14.171,12.009,22.431,29.406,27.834,25.792,27.014,22.621,20.356,20.351,21.829,2.081,11.972,7.405,5.005,21.574,15.083,7.15,20.496,29.907,28.361,25.851,25.198,20.194,16.971,13.484,9.123,-42.673,-33.196,-1.838,16.521,26.814,23.149,19.016,NA,NA,27.829,27.253,26.942,21.603,-2.792,12.846
"1958-10",-17.909,-3.899,-3.259,11.149,16.879,14.886,22.768,25.151,27.255,22.795,27.143,27.013,26.554,10.882,20.162,8.389,7.1,11.068,5.302,17.945,25.736,28.142,26.131,26.162,23.64,23.758,23.663,23.837,-6.367,2.335,-0.061,-1.247,15.543,7.688,1.272,16.132,26.665,27.545,25.977,28.273,24.289,20.102,15.122,9.659,-37.634,-25.673,-7.897,14.43,27.152,23.419,16.744,NA,NA,26.986,27.169,26.858,22.587,-0.393,10.546
"1958-11",-22.033,-7.843,-9.706,3.394,7.21,7.275,16.726,24.716,26.626,22.505,26.475,26.88,25.912,12.129,22.288,9.956,1.106,3.378,-0.01,12.554,21.021,27.493,25.424,25.558,23.568,25.019,25.784,25.458,-17.468,-4.034,-11.845,-14.52,11.734,-1.267,-6.486,7.923,22.408,23.976,25.235,31.092,29.369,24.743,18.669,11.414,-28.001,-16.015,-12.665,12.345,27.344,24.739,14.966,NA,NA,27.1,26.68,26.743,24.008,1.106,7.856
"1958-12",-25.675,-13.895,-18.023,0.781,3.605,2.323,14.168,23.091,24.423,22.585,26.05,26.997,26.27,13.566,24.26,10.61,-2.612,-0.032,-5.906,9.11,16.001,25.05,24.081,24.51,23.845,24.845,23.989,25.36,-25.688,-11.343,-22.952,-23.289,6.237,-4.712,-10.032,3.938,17.899,20.293,25.073,30.97,29.494,25.375,20.729,14.475,-22.402,-8.979,-19.605,9.693,27.593,25.837,12.851,NA,NA,25.987,26.202,26.438,25.196,3.045,5.245
"1959-01",-26.808,-15.841,-23.251,-0.32,-0.566,-1.61,13.217,22.597,24.005,22.769,26.118,25.908,25.519,15.125,25.312,12.589,-6.191,-2.518,-10.841,8.107,14.715,24.501,24.191,24.287,23.27,24.907,24.663,25.981,-28.752,-14.389,-21.911,-25.007,3.091,-9.091,-12.706,0.817,15.871,18.236,24.269,29.406,31.005,27.699,23.013,15.88,-20.961,-7.585,-30.51,6.86,27.91,26.685,11.797,NA,NA,24.364,25.667,25.968,25.589,4.537,4.058
"1959-02",-26.019,-12.976,-22.256,0.765,0.873,1.477,14.202,22.906,24.292,23.292,26.695,25.797,25.383,15.872,25.61,12.711,-7.132,-2.556,-11.805,9.287,17.458,27.298,25.739,25.711,24.49,25.235,25.494,26.556,-35.175,-17.063,-22.462,-25.017,5.218,-6.546,-11.987,5.057,17.803,21.09,25.045,30.462,31.05,26.764,22.513,15.051,-28.473,-15.802,-22.012,7.152,27.864,26.696,10.525,NA,NA,24.597,26.206,26.275,25.852,3.993,4.138
"1959-03",-25.144,-8.994,-16.754,2.08,-0.32,-0.414,14.657,24.148,24.463,23.341,26.945,26.199,25.609,13.748,23.769,9.854,-3.065,-0.445,-7.233,12.246,24.991,31.001,28.101,28.269,25.206,24.124,23.966,26.035,-22.378,-7.957,-13.553,-15.569,12.121,2.374,-5.972,7.307,24.079,25.626,26.002,30.161,29.086,24.388,22.252,14.4,-35.671,-21.552,-21.711,7.047,27.635,26.676,11.005,NA,NA,25.707,26.829,26.99,26.519,3.077,6.521
"1959-04",-20.919,-5.679,-11.153,7.323,10.442,9.982,18.351,25.757,26.382,23.42,26.77,25.786,25.683,12.648,20.952,8.456,3.128,7.386,-1.858,14.991,26.589,31.065,27.662,28.461,24.824,23.436,23.498,25.044,-19.167,-2.69,-4.593,-11.724,16.277,13.161,2.224,16.697,26.408,29.906,27.155,28.74,26.016,22.426,17.715,12.815,-42.366,-25.996,-16.505,9.359,27.921,26.153,11.938,NA,NA,27.185,28.234,27.99,25.257,0.039,8.784
"1959-05",-9.261,5.395,-0.989,13.22,19.086,14.891,22.611,26.515,26.304,22.692,26.327,24.936,23.902,8.84,15.981,4.827,8.03,13.369,9.216,18.32,29.8,30.543,27.251,28.526,24.377,20.796,20.786,23.565,-5.411,8.782,4.259,-1.074,21.638,18.331,5.494,18.478,29.993,31.71,27.27,25.878,19.84,18.397,14,10.811,-45.108,-31.724,-6.355,11.667,27.335,25.034,14.217,NA,NA,28.527,29.406,28.593,24.317,-1.533,11.649
"1959-06",-6.074,7.91,3.403,17.579,23.479,21.115,26.197,25.637,27.241,21.455,25.742,23.133,22.041,6.687,13.502,1.837,12.306,18.248,20.784,23.477,32.002,29.248,25.845,27.263,22.211,16.47,16.754,20.94,4.205,14.252,11.63,9.076,25.28,19.261,9.895,21.669,33.529,33.395,27.273,22.62,15.61,15.025,11.213,8.822,-46.769,-32.938,-0.567,14.398,27.057,24.165,16.365,NA,NA,30.555,29.393,28.645,22.816,-2.378,13.438
"1959-07",-2.624,10.287,8.764,21.708,27.533,23.262,27.227,25.778,28.094,21.789,25.974,22.671,22.371,6.602,14.861,1.844,14.145,19.527,20.163,25.553,32.734,28.268,25.361,26.35,21.109,15.873,16.123,19.756,7.953,18.805,15.957,12.442,27.769,22.198,11.705,24.836,34.155,30.872,26.625,22.303,14.603,13.034,10.515,7.893,-44.017,-31.075,0.626,15.543,26.629,23.461,18.612,NA,NA,28.266,28.54,28.353,21.62,-3.492,14.9
"1959-08",-6.299,7.892,9.426,22.584,28.595,24.018,26.305,25.54,27.924,22.1,26.574,23.366,23.707,6.224,15.013,2.016,12.829,17.525,16.5,25.856,31.542,27.251,25.405,26.363,21.49,17.936,17.626,20.2,6.482,14.69,13.927,11.756,27.484,22.109,11.632,25.32,33.561,29.07,26.479,22.813,14.435,14.051,10.126,7.656,-47.604,-34.519,1.104,16.03,26.477,23.222,20.137,NA,NA,27.144,28.128,27.896,21.127,-3.238,14.109
"1959-09",-15.269,6.353,4.718,18.271,23.936,20.012,24.62,25.231,28.174,22.511,27.308,25.567,26.723,7.449,16.667,4.744,9.862,14.979,13.686,22.234,28.593,27.322,25.766,26.702,22.753,22.28,21.585,22.256,1.329,10.299,6.116,3.953,21.024,15.028,8.31,20.892,29.813,28.019,26.276,26.717,20.631,17.574,13.864,8.801,-41.896,-30.406,-0.385,15.082,26.508,24.104,19.427,NA,NA,27.043,27.791,27.476,21.858,-3.293,12.838
"1959-10",-20.036,-1.525,-2.461,8.125,15.878,15.817,21.89,24.781,27.218,22.639,27.422,27.03,26.455,9.4,18.886,7.088,7.009,10.463,4.94,17.979,24.817,28.43,26.188,26.739,23.436,25.147,24.47,23.61,-4.554,3.076,-0.03,-1.752,13.13,5.903,2.733,13.903,25.474,26.223,26.16,28.271,23.673,20.674,16.014,10.339,-38.312,-25.407,-8.539,13.411,26.628,24.169,17.304,NA,NA,26.732,27.783,27.419,22.083,-1.614,10.3
"1959-11",-20.147,-14.508,-11.604,2.498,7.517,9.071,16.623,23.953,26.223,22.236,26.403,26.505,25.696,12.562,22.594,10.278,2.779,2.991,-3.765,13.595,21.859,27.679,25.77,25.649,24.282,25.355,25.473,25.053,-21.795,-8.009,-11.051,-11.746,7.288,-1.587,-6.971,9.475,22.251,22.195,25.916,30.202,26.946,22.813,18.153,12.123,-33.105,-19.128,-12.09,11.488,26.51,24.549,13.899,NA,NA,26.012,27.142,27.164,23.744,0.194,6.837
"1959-12",-22.312,-16.787,-20.643,-0.999,3.537,3.483,13.35,22.776,25.046,21.703,25.34,26.137,24.973,13.566,22.994,12.373,-0.28,-0.313,-8.775,8.691,15.638,25.147,24.121,24.428,23.73,24.891,24.431,25.424,-32.245,-15.171,-19.478,-24.742,2.278,-7.823,-12.506,4.261,17.1,18.842,24.774,31.532,30.309,25.582,21.243,16.855,-21.166,-9.56,-18.382,6.358,26.879,25.95,11.714,NA,NA,25.213,25.817,26.203,25.539,3.129,4.585
"1960-01",-26.39,-22.775,-26.09,-7.23,-3.346,-0.104,12.245,22.664,24.345,21.289,24.656,25.585,24.957,13.84,26.012,10.432,-6.084,-2.573,-14.975,7.059,13.006,24.017,24.107,23.936,23.792,25.044,24.853,25.988,-30.171,-17.978,-24.358,-25.625,2.135,-9.589,-12.428,1.02,15.207,18.06,24.528,29.906,31.971,27.582,24.131,15.508,-19.113,-7.482,-23.441,5.082,27.314,26.592,10.751,NA,NA,23.994,25.097,25.631,26.457,4.942,3.18
"1960-02",-28.964,-14.137,-28.484,-8.032,-7.124,-5.49,10.17,21.939,24.167,21.647,25.07,25.557,24.97,14.996,25.59,12.382,-2.625,2.938,-6.751,10.123,15.96,24.977,24.399,25.079,24.284,24.384,23.181,25.434,-22.203,-12.115,-18.194,-20.261,5.283,-4.646,-9.509,4.097,16.228,20.74,24.87,29.2,28.5,25.83,20.873,16.215,-29.575,-14.39,-22.805,8.343,27.354,27.079,10.282,NA,NA,23.722,25.426,25.977,26.584,3.479,3.895
"1960-03",-26.648,-11.452,-20.379,0.788,5.122,2.481,17.579,22.886,24.715,21.87,25.365,24.886,24.465,13.728,22.305,10.659,1.331,1.852,-6.452,9.579,18.171,28.196,26.036,26.823,24.676,23.721,23.115,25.29,-19.03,-9.12,-9.752,-14.733,6.647,1.484,-6.573,8.94,19.369,23.428,25.79,29.685,27.586,25.525,18.969,16.415,-36.529,-22.557,-11.903,7.833,27.023,27.017,10.214,NA,NA,24.259,27.12,27.173,26.106,2.659,5.572
"1960-04",-22.242,-6.02,-12.056,8.077,13.606,9.39,21.401,24.172,25.298,21.666,25.328,24.694,24.113,10.756,19.565,7.127,3.29,9.282,3.629,14.066,25.028,30.434,27.311,28.387,24.859,23.025,22.394,24.355,-11.456,0.956,-2.333,-6.248,16.176,8.87,1.075,14.132,24.999,28.075,26.27,27.766,22.759,22.962,16.336,12.196,-43.473,-28.273,-15.503,9.362,27.056,26.96,11.773,NA,NA,25.881,28.482,27.847,25.138,0.481,8.599
"1960-05",-11.525,4.04,-0.362,14.391,18.266,14.052,22.472,25.292,26.58,21.564,25.391,24.232,23.511,8.938,16.879,4.166,7.147,14.753,16.755,19.691,28.51,30.208,26.214,27.258,23.089,19.64,19.305,22.227,-3.559,11.917,4.979,2.594,20.912,15.14,5.134,17.894,29.344,30.514,26.666,24,16.927,18.219,13.122,10.929,-41.918,-25.353,-6.147,11.916,27.032,26.213,13.374,NA,NA,28.011,28.973,28.289,23.781,-1.698,11.813
"1960-06",-4.101,7.525,4.966,17.364,24.79,20.527,26.297,25.501,27.477,20.291,24.841,22.752,21.421,7.26,14.628,3.378,12.097,15.683,15.814,22.538,31.816,29.317,25.583,26.988,21.673,15.918,16.62,20.434,3.983,15.739,12.65,10.95,26.488,21.726,9.669,22.383,32.675,30.667,26.238,20.204,12.642,13.67,10.098,8.481,-45.622,-32.92,-0.433,13.555,26.883,25.114,16.04,NA,NA,28.976,28.255,27.789,22.599,-2.307,13.322
"1960-07",-3.771,9.581,6.466,23.267,28.324,22.193,26.53,25.397,27.862,20.405,24.958,21.952,20.894,6.389,13.308,1.917,13.534,18.498,19.799,25.831,31.202,27.485,24.891,26.146,20.712,15.725,16.444,19.594,8.181,19.559,16.07,13.567,27.93,23.567,11.313,24.951,33.653,28.837,26.128,21.566,12.592,11.791,9.729,7.689,-47.145,-33.984,0.444,15.314,26.69,24.308,18.868,NA,NA,27.685,27.466,27.293,21.447,-3.687,14.14
"1960-08",-6.067,10.209,6.166,22.622,28.439,21.777,26.951,25.366,27.964,21.323,25.601,22.681,23.248,7.538,15.605,2.343,12.113,17.784,19.553,25.377,31.045,27.095,25.016,25.984,21.645,17.879,18.162,20.441,6.606,17.84,13.283,10.735,27.27,21.591,10.765,25.398,33.3,27.93,26.143,24.137,15.998,13.823,11.272,7.775,-45.657,-30.423,-0.199,16.463,26.398,23.821,19.006,NA,NA,26.863,27.065,26.867,21.431,-4.007,14.266
"1960-09",-10.484,4.819,4.191,18.69,23.453,19.854,25.219,25.275,27.389,21.988,26.569,24.906,25.174,8.226,17.51,5.379,9.044,12.939,13.528,21.871,29.07,27.784,25.911,26.629,22.676,21.157,21.514,22.045,1.58,12.814,6.632,4.753,21.99,14.5,6.884,20.273,29.333,27.529,25.918,27.106,19.432,17.029,12.331,9.345,-44.713,-33.41,-2.89,15.257,26.328,23.707,19.149,NA,NA,26.887,27.435,26.945,21.53,-3.499,12.495
"1960-10",-18.909,-0.671,-2.692,11.099,15.426,13.577,21.952,24.33,27.081,21.457,25.95,25.604,25.384,10.407,20.569,7.939,6.265,10.891,5.776,17.942,25.273,28.044,26.039,25.939,23.476,23.809,24.691,24.124,-6.723,3.088,-1.967,-3.106,13.891,5.37,2.173,14.226,24.945,26.124,25.679,29.584,22.705,20.066,14.486,10.843,-39.815,-29.702,-7.279,14.072,26.576,24.329,17.707,NA,NA,26.682,27.196,26.798,22.131,-0.731,9.881
"1960-11",-20.455,-9.076,-9.78,0.89,6.655,8.461,15.662,23.94,26.267,21.623,25.803,26.474,25.417,11.931,22.562,9.359,-0.715,3.768,0.817,12.183,18.825,26.571,25.196,25.152,23.64,24.844,25.222,25.461,-21.622,-1.228,-10.185,-14.373,11.804,1.582,-3.803,9.434,22.379,23.285,25.039,30.598,26.549,22.248,17.605,12.388,-29.536,-15.002,-13.235,11.562,26.716,25.243,14.707,NA,NA,26.812,26.501,26.568,23.296,1.675,7.493
"1960-12",-23.147,-15.54,-15.665,-3.239,3.225,3.034,14.094,23.156,24.859,21.671,25.153,25.946,24.977,13.844,24.095,11.846,-5.792,-3.144,-12.099,8.888,14.877,24.416,24.048,24.031,22.802,24.483,25.095,25.65,-30.654,-16.558,-23.416,-25.276,4.234,-5.434,-9.208,4.497,17.107,19.641,24.69,31.798,31.638,25.962,22.485,13.453,-20.726,-8.475,-18.127,9.539,27.301,25.943,13.103,NA,NA,25.028,26.076,26.394,24.624,3.709,4.619
"1961-01",-25.689,-22.555,-28.049,-9.701,-3.502,0.873,12.505,22.854,24.452,21.516,24.753,25.37,24.436,13.89,24.992,11.398,-4.068,-5.009,-12.487,5.999,12.873,23.65,23.655,23.794,23.002,24.246,23.892,25.135,-29.138,-17.333,-24.255,-24.613,-3.142,-13.045,-14.281,1.821,14.855,17.056,24.716,30.645,30.384,26.826,22.262,15.385,-20.026,-7.954,-18.489,8.118,27.247,26.744,10.569,NA,NA,23.699,26.163,26.34,25.749,4.824,2.678
"1961-02",-30.291,-18.161,-29.823,-7.382,-2.831,-2.511,14.411,22.8,24.392,21.706,24.757,25.043,24.767,15.755,25.983,11.652,-0.895,0.622,-8.733,7.279,14.673,24.841,23.988,24.517,23.545,24.774,24.023,25.15,-26.612,-12.003,-19.206,-23.904,2.027,-7.218,-13.263,3.052,15.879,19.637,24.798,29.199,30.389,27.045,23.322,15.26,-28.078,-12.762,-17.34,6.906,27.446,27.197,9.345,NA,NA,23.586,25.811,26.108,25.911,4.29,3.363
"1961-03",-24.239,-17.493,-23.541,-3.165,1.215,1.006,15.807,23.517,24.693,22.128,25.51,25.115,24.742,14.278,24.382,10.654,-2.304,0.625,-7.583,10.172,20.752,28.821,26.35,27.193,24.567,23.924,23.463,25.723,-22.265,-6.524,-9.819,-12.614,8.878,2.816,-7.341,8.958,20.891,24.929,25.675,29.224,26.132,23.195,18.63,14.379,-34.533,-22.137,-19.485,7.364,27.231,27.055,9.604,NA,NA,24.911,26.832,26.814,26.608,3.442,5.519
"1961-04",-19.053,-2.87,-14.834,6.453,10.215,7.7,19.447,24.34,25.207,22.271,25.521,25.002,24.578,12.583,21.372,8.601,3.634,7.018,2.001,12.655,24.432,29.893,26.867,28.408,24.549,23.267,22.655,24.953,-13.205,-0.736,-3.527,-7.568,13.412,11.962,1.194,15.204,24.957,28.52,26.721,26.888,23.559,20.048,16.465,13.299,-39.613,-27.796,-13.377,11.82,27.428,26.664,11.769,NA,NA,26.52,27.99,27.691,26.618,0.881,8.6
"1961-05",-10.046,4.012,-1.774,14.123,18.048,13.935,22.373,25.907,26.508,21.678,25.507,24.198,22.938,9.443,16.287,4.102,5.856,13.525,11.331,17.793,28.768,30.187,26.486,27.607,23.858,19.822,19.666,23.374,-6.013,7.362,2.739,-0.52,21.57,15.285,5.898,18.174,29.082,31.609,26.567,24.893,19.105,17.498,13.369,10.775,-44.471,-31.124,-6.746,11.927,27.344,25.83,14.566,NA,NA,28.021,29.341,28.516,25.308,-1.654,11.113
"1961-06",-3.872,9.938,1.76,18.49,21.446,16.833,25.364,25.928,27.389,21.249,25.296,23.181,21.59,6.561,13.441,1.822,12.083,18.403,15.769,22.461,31.634,29.25,26.174,28.084,23.072,16.17,17.419,21.059,3.128,14.087,12.279,6.444,24.941,19.907,8.598,21.329,32.867,31.952,26.224,21.327,14.64,13.762,11.188,8.206,-45.563,-35.106,-1.272,14.127,26.831,24.191,16.184,NA,NA,29.854,28.614,28.088,23.75,-2.398,13.064
"1961-07",-1.826,10.637,6.374,19.785,25.283,21.758,26.191,25.579,28.1,20.98,25.223,22.293,21.226,5.77,13.022,0.376,10.807,17.78,18.447,25.451,31.564,27.861,25.056,26.47,21.484,15.212,15.931,20.735,7.327,19.581,15.946,12.566,27.55,22.933,11.073,24.207,33.731,29.384,26.075,20.706,13.462,11.527,9.94,7.305,-45.098,-36.677,-0.457,15.697,26.519,23.423,18.426,NA,NA,28.602,27.906,27.797,22.97,-2.791,14.05
"1961-08",-7.552,9.029,6.284,21.186,27.031,22.305,26.527,25.595,28.022,21.2,25.642,22.657,22.422,6.867,14.043,1.544,11.67,16.861,16.101,24.927,30.218,26.98,25.006,25.656,21.748,17.838,17.736,20.255,7.456,15.638,13.688,10.831,26.345,20.976,10.167,24,32.978,28.342,26.056,24.244,16.196,14.438,10.755,7.012,-45.34,-32.017,-0.462,16.354,26.511,23.338,19.62,NA,NA,28.071,27.257,27.356,21.886,-3.839,13.807
"1961-09",-12.906,4.713,2.937,17.209,22.463,18.763,24.569,25.026,27.567,22.409,26.889,24.746,26.474,9.295,19.291,4.027,11.215,14.97,12.171,22.036,28.931,27.28,25.474,26.757,22.766,21.823,21.018,22.058,1.507,7.983,5.908,5.703,20.801,13.479,7.797,20.721,30.34,27.927,26.057,26.803,19.878,17.676,13.327,8.686,-42.575,-32.544,-2.002,15.355,26.644,23.615,18.993,NA,NA,27.808,27.528,27.363,21.824,-2.861,12.505
"1961-10",-19.108,-1.854,-1.064,9.356,16.793,15.79,21.037,24.656,26.755,22.191,26.608,26.761,26.676,10.104,21.055,6.93,6.568,8.455,2.837,17.388,24.85,28.129,25.803,26.079,23.082,23.904,23.644,23.942,-7.986,-0.577,-3.296,-4.042,12.237,4.966,2.905,15.227,25.224,26.143,26.008,28.232,23.897,20.175,15.487,10.026,-39.017,-26.812,-7.18,13.308,26.793,24.146,17.41,NA,NA,26.876,26.954,26.73,22.856,-0.805,9.763
"1961-11",-23.449,-8.375,-9.487,1.493,6.179,7.967,16.075,24.186,26.214,22.021,25.904,25.996,25.36,13.277,23.542,9.535,3.321,5.826,-0.528,12.785,18.577,26.266,24.955,25.265,23.691,24.504,23.871,24.646,-18.58,-3.147,-10.366,-16.287,8.046,0.246,-4.414,8.512,20.456,23.446,25.182,30.776,26.321,23.208,16.823,12.768,-32.001,-19.775,-11.569,11.745,26.816,24.691,15.053,NA,NA,26.727,26.522,26.755,24.206,0.824,7.056
"1961-12",-24.91,-14.323,-18.235,-2.244,-0.579,0.988,13.038,22.711,25.05,21.544,25.24,26.35,25.204,14.695,24.479,12.862,-2.658,1.113,-5.213,9.61,15.211,24.593,24.023,23.879,23.306,24.524,23.889,25.009,-26.473,-10.469,-19.603,-22.745,4.261,-5.996,-11.846,2.941,15.279,19.376,24.608,31.25,28.633,24.727,18.32,15.447,-20.92,-10.15,-17.755,9.136,27.321,25.972,12.821,NA,NA,24.846,25.933,26.278,25.496,2.92,4.914
"1962-01",-28.971,-16.496,-24.609,-6.796,-4.815,-4.736,11.304,22.351,24.39,21.553,24.986,25.901,25.005,14.942,24.805,12.627,-4.266,0.552,-8.321,8.787,15.028,24.229,24.003,24.409,23.407,24.789,23.499,25.55,-31.636,-13.126,-20.794,-26.212,2.752,-8.864,-12.82,2.058,15.131,18.898,24.526,29.242,29.091,26.39,21.035,17.787,-20.025,-7.41,-27.24,6.328,27.252,26.799,11.082,NA,NA,24.187,25.792,26.159,26.428,3.927,3.752
"1962-02",-32.652,-16.159,-25.142,-4.659,0.463,-1.43,14.183,22.754,24.251,22.011,25.378,25.443,25.044,15.496,25.033,12.398,0.719,1.035,-9.302,7.871,15.759,26.526,25.051,25.573,24.197,24.515,23.868,25.937,-28.701,-15.841,-21.375,-23.231,2.007,-6.172,-10.9,4.598,17.474,20.746,25.176,29.518,30.488,27.327,22.794,16.651,-26.132,-13.36,-18.447,3.127,26.978,26.8,9.336,NA,NA,24.483,25.688,26.195,26.686,3.763,3.967
"1962-03",-27.369,-15.726,-20.214,2.015,6.434,3.209,17.059,23.85,24.673,22.455,26.037,24.966,24.843,14.54,23.57,12.085,1.07,4.789,-2.65,11.752,18.999,28.087,25.957,27.069,24.41,24.847,24.392,25.223,-20.24,-8.33,-11.235,-16.109,6.268,0.017,-7.31,8.072,20.305,23.857,25.872,28.785,27.432,25.309,19.867,14.206,-35.794,-18.394,-20.039,5.111,27.381,27.067,10.613,NA,NA,25.025,26.794,27.024,26.802,1.829,5.809
"1962-04",-25.809,-4.748,-11.003,7.879,15.505,9.691,19.877,24.732,24.778,21.89,25.458,24.351,24.474,11.928,21.268,7.762,5.912,11.755,7.203,15.013,24.549,30.402,26.703,28.133,24.174,23.473,22.453,24.526,-9.644,3.126,-0.677,-4.262,13.427,8.271,-1.369,14.043,24.005,28.208,26.485,26.897,21.283,19.932,15.592,11.4,-41.147,-25.805,-14.813,9.37,27.393,26.574,12.362,NA,NA,26.523,27.956,27.628,26.027,-0.016,9.042
"1962-05",-9.951,2.625,-2.633,12.267,17.176,13.72,22.855,25.755,26.446,21.39,25.148,23.738,21.87,9.691,16.386,4.718,7.938,15.27,15.593,18.794,29.657,30.165,26.491,28.082,23.622,19.632,19.833,22.675,-2.538,10.859,6.002,3.004,23.551,16.893,5.139,18.447,30.193,31.612,26.43,22.429,16.997,15.201,12.714,10.75,-42.731,-27.587,-8.141,12.118,27.074,25.387,13.585,NA,NA,28.233,28.806,28.246,24.848,-1.313,11.77
"1962-06",-5.873,7.53,6.008,18.294,22.183,18.719,25.374,25.605,27.423,20.734,24.908,22.801,20.851,8.398,15.069,3.499,11.356,17.392,15.066,24.446,31.788,28.507,25.466,27.43,22.556,17.488,17.983,21.838,3.871,13.319,12.109,9.645,25.066,21.059,9.545,22.264,33.581,32.069,26.023,20.631,13.862,12.509,10.712,8.683,-47.682,-33.73,-1.69,13.488,26.592,23.872,16.004,NA,NA,29.722,28.15,27.772,23.954,-2.581,13.127
"1962-07",-3.342,11.466,7.655,22.799,27.122,23.456,26.618,25.748,28.123,20.855,25.24,22.278,21.414,6.756,13.964,2.192,13.637,19.657,21.76,26.397,31.532,27.769,24.79,25.903,21.744,15.655,17.303,20.69,8.099,17.502,15.512,13.609,27.7,23.221,11.708,25.362,33.466,29.189,26.02,21.048,14.216,12.391,10.582,7.834,-44.488,-33.63,-0.296,15.4,26.542,23.485,18.469,NA,NA,28.413,27.717,27.568,22.23,-3.631,14.616
"1962-08",-6.375,9.237,8.169,22.471,26.677,22.17,27.006,25.773,28.169,21.502,25.876,22.425,23.049,8.534,16.91,2.971,12.439,19.239,17.651,26.312,31.457,27.316,25.425,26.665,22.311,18.228,19.104,21.493,6.394,16.824,15.31,11.456,27.317,21.945,10.969,25.455,34.137,28.585,25.794,21.761,14.571,12.343,10.048,8.042,-46.704,-37.189,-0.332,15.69,26.211,22.571,18.784,NA,NA,27.909,27.13,27.061,22.15,-3.101,14.234
"1962-09",-13.276,5.358,5.378,17.029,21.135,18.62,24.694,25.706,28.22,22.299,26.627,24.022,26.76,9.145,19.295,4.39,10.717,17.03,12.119,23.189,28.541,27.336,25.537,26.789,22.933,21.311,21.974,22.545,1.538,10.709,7.286,5.269,20.737,14.87,9.05,20.884,30.148,27.848,25.94,25.249,18.121,16.267,12.192,9.37,-46.821,-36.353,-4.389,14.73,26.403,22.954,19.028,NA,NA,27.924,26.998,26.928,22.03,-3.185,12.317
"1962-10",-18.629,2.069,-2.479,10.735,12.647,10.698,20.94,25.019,27.763,22.544,27.048,26.837,27.689,11.007,21.782,7.086,5.002,10.719,6.646,18.791,24.912,27.684,25.652,26.04,23.453,24.389,23.688,23.491,-4.171,4.63,-0.32,-2.024,14.633,6.36,1.494,13.617,25.172,25.494,25.637,27.452,23.596,20.241,15.477,10.607,-40.669,-26.734,-10.104,14.005,26.661,23.759,17.269,NA,NA,26.715,27.325,27.111,22.6,-1.713,10.167
"1962-11",-24.284,-8.829,-11.28,2.902,6.169,7.429,16.646,23.566,26.342,21.947,26.073,27.368,26.9,12.205,23.926,9.785,3.122,4.119,-3.469,12.531,19.824,26.773,24.809,24.894,23.432,24.465,25.98,25.378,-16.756,-4.594,-10.83,-11.641,8.244,1.244,-5.417,10.338,21.409,23.115,25.383,30.221,28.943,23.379,19.442,11.036,-29.859,-18.017,-14.081,12.883,26.856,24.333,14.468,NA,NA,26.478,26.566,26.735,24.205,0.816,7.496
"1962-12",-28.877,-17.226,-17.247,1.225,2.322,3.024,13.372,22.766,24.484,21.897,25.526,26.554,25.753,14.429,24.932,12.148,-1.591,2.646,-4.19,9.396,14.684,24.293,23.827,24.092,23.315,24.757,24.625,25.296,-20.44,-9.402,-16.581,-20.556,1.677,-8.544,-12.732,2.751,15.958,18.332,24.862,31.23,31.521,25.124,21.879,14.131,-21.86,-9.518,-21.819,9.308,27.385,25.715,13.015,NA,NA,25.002,26.254,26.58,25.617,3.224,5.263
"1963-01",-28.199,-15.142,-25.949,-1.604,-2.502,-2.495,11.947,21.789,24.524,21.869,25.228,26.249,25.56,15.251,25.782,13.222,-0.907,0.344,-9.96,8.361,13.526,23.122,23.237,23.452,23.401,24.465,24.183,25.639,-24.043,-16.792,-26.501,-28.208,-2.182,-15.033,-13.661,-1.437,13.998,17.37,24.4,29.575,30.8,25.208,24.308,15.71,-21.509,-8.208,-10.6,6.825,27.687,26.902,11.895,NA,NA,23.421,25.801,26.117,25.991,3.971,3.242
"1963-02",-28.027,-11.585,-24.534,1.334,0.868,-3.283,14.626,22.936,24.564,22.544,25.745,25.596,25.46,16.114,24.82,13.457,-0.574,1.975,-8.238,8.878,15.202,24.799,24.354,25.039,23.758,24.53,24.587,26.546,-21.687,-11.918,-17.025,-21.486,3.911,-6.223,-13.153,2.46,17.208,20.712,24.168,29.176,29.766,27.033,22.737,16.935,-29.043,-13.253,-11.45,7.15,28.014,27.434,10.768,NA,NA,23.751,25.77,26.095,26.073,3.681,4.5
"1963-03",-28.004,-10.992,-19.523,5.887,7.61,2.56,17.642,23.938,24.831,22.75,26.028,25.244,25.201,15.075,24.354,12.312,1.239,3.433,-2.117,9.914,21.469,29.229,26.995,27.958,25.221,24.632,23.738,25.748,-15.548,-6.722,-10.814,-13.348,6.985,1.434,-9.024,7.932,21.385,23.651,25.748,28.893,27.485,23.7,19.5,15.204,-34.903,-23.167,-17.704,8.729,27.557,26.994,10.669,NA,NA,25.443,26.354,26.201,26.598,2.063,6.504
"1963-04",-22.747,-3.663,-12.24,9.878,11.724,6.712,20.261,24.869,25.124,22.304,25.77,24.54,24.894,11.729,21.495,7.513,4.419,9.738,4.313,14.593,23.641,30.068,26.807,28.1,24.703,22.63,22.505,25.091,-10.439,1.982,-1.215,-4.689,14.526,10.509,-0.272,14.191,25.319,28.489,26.55,27.192,24.216,21.851,16.866,11.868,-39.026,-24.198,-17.321,10.315,27.401,26.453,11.789,NA,NA,27.227,27.601,27.276,26.305,0.354,9.168
"1963-05",-11.996,5.578,-2.782,14.734,18.69,12.834,22.818,25.7,26.836,21.744,25.535,23.712,23.34,8.254,17.429,3.732,7.691,12.338,12.479,17.987,28.881,29.799,26.409,28.17,23.848,19.775,20.329,23.267,-2.121,13.221,7.552,2.268,23.092,16.825,4.36,18.544,30.731,31.778,26.629,23.194,17.725,16.112,13.326,11.008,-44.553,-25.564,-5.66,12.669,27.27,25.628,13.923,NA,NA,28.649,28.758,28.182,25.31,-2.7,11.821
"1963-06",-5.47,9.467,3.096,16.983,22.542,18.915,25.869,25.872,28.048,21.333,25.333,22.412,21.91,6.847,15.023,1.21,13.038,18.586,19.119,23.44,32.618,28.66,25.801,27.421,22.534,16.613,17.445,21.042,4.595,14.149,12.488,8.564,25.22,19.401,9.511,21.786,33.797,32.416,26.361,21.226,14.628,13.678,10.965,8.421,-46.724,-28.131,-1.261,14.977,26.707,24.719,15.911,NA,NA,29.682,28.842,28.269,23.327,-3.75,13.476
"1963-07",-2.194,10.859,6.471,21.78,26.878,22.286,27.332,26.067,28.561,21.278,25.565,21.932,22.02,7.587,14.855,2.303,14.988,18.818,19.101,25.954,31.946,27.37,24.563,26.01,21.004,15.127,15.715,19.937,6.904,17.303,16.519,12.039,28.109,23.211,11.367,24.861,33.341,30.356,25.866,20.994,14.274,12.887,10.646,8.039,-43.647,-26.649,-0.062,16.291,26.34,22.639,18.077,NA,NA,29.092,27.901,27.72,22.135,-5.593,14.668
"1963-08",-4.364,9.25,6.526,22.926,26.938,21.428,27.042,25.996,28.263,22.028,26.246,23.293,23.53,8.496,15.856,2.898,13.198,18.992,20.438,25.886,31.594,26.804,24.865,26.065,21.369,17.754,17.955,20.524,7.536,16.588,13.986,12.508,27.972,21.04,10.681,23.553,32.775,28.847,25.842,21.994,15.162,13.818,10.886,7.648,-44.179,-32.109,-0.821,16.69,26.538,22.35,19.253,NA,NA,27.949,27.275,27.14,21.813,-3.789,14.424
"1963-09",-14.017,7.215,2.647,18.179,22.94,16.98,25.54,25.506,28.016,23.104,27.482,26.352,27.904,8.9,18.446,4.549,9.458,15.033,15.419,22.371,30.315,27.257,25.77,27.342,22.452,21.453,21.368,21.496,1.202,13.395,7.709,5.07,22.278,15.025,7.029,20.586,30.873,28.718,25.741,24.407,19.959,17.682,14.027,8.908,-44.933,-29.58,-3.744,16.439,26.62,22.576,18.235,NA,NA,27.72,27.49,27.03,21.496,-3.311,12.906
"1963-10",-19.821,0.952,-3.406,12.35,16.387,12.838,22.18,24.922,27.068,23.045,27.241,26.733,27.441,11.378,20.164,7.628,5.384,6.979,5.285,15.678,24.692,27.776,25.81,26.312,23.317,23.315,21.85,22.465,-6.813,2.503,-2.123,-2.738,15.93,6.428,1.541,14.766,25.602,27.059,25.736,27.269,25.004,21.395,16.737,9.912,-39.34,-22.355,-10.457,14.98,26.863,22.794,16.565,NA,NA,27.263,27.173,26.882,21.99,-2.232,10.108
"1963-11",-28.645,-5.714,-8.044,5.709,8.447,5.95,18.236,23.873,26.57,22.759,26.805,27.302,26.383,12.623,21.59,10.63,2.02,3.575,-0.51,12.273,19.156,27.114,25.137,25.034,23.313,24.862,23.716,24.176,-15.725,-3.735,-9.897,-13.672,9.909,-0.327,-5.231,8.93,22.35,23.445,25.609,29.096,27.05,23.342,18.994,11.669,-29.574,-14.484,-20.166,12.536,27.228,23.897,14.755,NA,NA,27.015,26.872,26.822,23.704,0.097,7.739
"1963-12",-24.773,-14.024,-14.868,-2.245,0.816,1.926,12.9,23.023,25.621,22.856,26.524,27.128,26.932,14.45,24.438,11.625,-1.816,1.26,-8.453,10.49,15.578,24.038,23.778,23.989,23.312,24.384,23.635,25.362,-27.606,-14.013,-23.225,-24.056,3.86,-8.339,-11.93,3.956,17.896,19.941,25.339,31.355,30.333,26.143,20.881,14.007,-23.327,-9.745,-18.06,9.468,27.457,24.897,12.866,NA,NA,25.762,26.582,26.727,24.775,2.741,4.844
"1964-01",-29.948,-17.394,-21.503,-4.362,-3.394,-2.295,11.052,22.68,24.904,23.034,26.378,27.462,27.89,16.336,26.145,13.083,-3.049,-1.128,-17.421,8.769,14.227,23.497,23.824,24.286,23.46,25.346,24.73,25.601,-27.199,-20.874,-26.19,-26.833,0.629,-11.704,-13.884,0.57,17.246,18.837,25.051,30.292,31.449,25.332,23.591,15.228,-23.007,-8.447,-20.05,5.76,27.494,26.106,12.823,NA,NA,24.825,26.308,26.616,26.052,3.518,3.332
"1964-02",-26.766,-12.021,-17.69,-2.727,-4.875,-4.119,11.135,21.424,23.346,23.951,27.87,26.904,26.971,15.608,23.836,12.492,-8.19,-6.061,-16.272,8.652,20.243,28.264,26.41,25.853,24.875,25.89,24.052,25.72,-25.706,-19.069,-22.184,-22.532,4.192,-9.166,-12.438,0.382,18.635,20.807,25.211,30.703,29.716,26.188,21.425,16.695,-28.319,-14.795,-20.115,6.368,27.866,27.105,12.196,NA,NA,24.395,26.92,27.201,26.724,3.498,4.042
"1964-03",-22.468,-9.216,-18.878,4.77,3.661,-0.765,16.618,23.046,23.927,23.686,27.709,26.227,26.271,13.809,23.101,11.901,-4.666,-1.978,-10.401,11.763,22.332,29.969,27.182,27.008,24.482,25.78,24.402,25.987,-25.162,-10.195,-13.245,-17.393,8.084,0.946,-8.811,7.033,21.506,23.142,25.97,30.621,28.249,23.956,20.172,14.22,-37.093,-18.159,-25.478,7.991,27.913,26.908,11.489,NA,NA,25.187,27.999,27.861,27.001,1.275,5.746
"1964-04",-19.313,-6.341,-14.875,7.934,11.249,8.631,19.115,25.416,25.319,23.491,27.033,25.876,26.022,12.034,20.778,8.102,0.625,1.615,-3.528,11.803,26.721,31.302,28.013,29.337,24.876,24.032,23.307,24.926,-14.81,-1.912,-3.787,-7.864,16.884,11.265,0.286,14.98,27.715,29.374,27.09,28.365,25.82,21.377,18.341,11.722,-43.897,-26.268,-16.024,8.856,27.646,25.809,11.843,NA,NA,26.973,28.441,28.272,26.013,-0.079,8.458
"1964-05",-11.91,3.043,-4.56,13.174,19.167,15.196,22.758,26.229,26.587,22.622,26.275,24.789,24.388,8.782,16.351,5.291,6.774,14.068,10.006,17.679,29.428,30.799,27.24,28.667,23.629,20.791,20.196,21.795,-5.07,4.31,3.691,0.973,20.046,15.07,5.868,18.92,29.603,31.853,27.17,25.502,20.338,17.692,14.766,10.849,-44.462,-29.583,-4.894,12.221,27.355,24.588,13.946,NA,NA,28.754,29.234,28.737,23.398,-1.918,11.286
"1964-06",-4.322,8.791,3.322,16.059,22.029,20.178,24.6,26.287,27.365,21.885,25.995,23.18,22.657,7.365,14.352,3.419,10.891,18.053,16.884,22.553,32.972,29.925,26.626,28.301,22.802,18.146,18.414,21.637,2.304,13.475,9.962,7.826,25.62,18.777,8.905,21.079,34.17,32.553,26.688,22.707,15.643,14.671,11.573,8.832,-44.16,-33.193,-1.417,13.757,26.879,23.671,16.11,NA,NA,29.985,28.992,28.4,23.106,-2.492,13.494
"1964-07",-3.647,10.209,7.115,21.298,27.177,22.894,27.663,25.783,28.165,21.923,26.158,23.24,22.716,5.935,12.826,1.969,15.409,18.78,20.359,25.078,33.021,28.265,25.783,27.351,21.532,16.618,17.034,20.09,7.013,16,14.505,13.478,26.738,21.422,11.06,24.283,33.711,29.865,26.314,20.307,13.805,12.58,10.173,7.903,-44.921,-28.891,-0.607,15.277,26.378,23.371,18.394,NA,NA,28.366,28.166,27.919,21.971,-3.897,14.524
"1964-08",-5.858,9.12,6.521,20.987,26.185,21.562,26.635,25.402,28.285,22.26,26.449,23.438,24.754,6.929,14.931,2.664,12.731,16.441,19.63,24.466,30.583,27.708,25.524,27.091,22.018,18.316,18.521,20.695,6.669,16.114,12.421,10.605,25.779,20.193,10.959,24.134,33.135,29.334,26.204,22.493,16.207,14.165,10.744,8.145,-47.317,-31.628,-0.063,16.416,26.352,23.303,19.303,NA,NA,27.578,27.85,27.522,21.45,-3.968,13.904
"1964-09",-9.297,5.57,5.289,16.5,22.94,20.322,25.262,25.326,28.139,22.474,27.171,25.226,27.091,8.41,18.388,4.651,8.63,13.194,11.198,22.579,29.396,27.589,25.774,27.228,23.011,21.231,21.694,22.197,0.632,10.499,5.36,4.601,22.087,15.146,7.962,19.268,30.22,28.567,26.084,27.048,19.329,17.816,12.483,9.145,-42.424,-35.524,-4.844,15.413,26.359,23.683,18.715,NA,NA,27.695,27.822,27.494,21.5,-2.749,12.675
"1964-10",-20.539,-1.628,-3.713,10.977,16.219,14.7,22.111,24.961,26.772,23.043,27.85,27.392,29.619,11.342,22.835,7.975,6.185,7.3,4.672,16.083,24.015,27.876,25.765,26.518,23.584,24.135,23.467,23.615,-5.94,1.786,-1.544,-1.902,14.875,6.487,2.344,15.054,25.904,27.081,25.975,28.085,22.791,19.402,15.617,9.893,-38.874,-27.336,-10.097,14.198,26.574,23.929,16.381,NA,NA,27.347,27.508,27.096,22.475,-0.931,10.106
"1964-11",-25.37,-10.859,-10.263,3.284,9.855,11.167,17.475,24.02,25.791,22.513,27.133,27.855,27.218,12.169,24.192,10.081,1.727,3.381,0.061,12.442,20.815,27.263,25.389,25.33,23.829,25.245,25.139,24.645,-15.639,-2.56,-8.363,-13.167,9.802,0.989,-4.584,9.665,22.065,23.628,25.229,30.109,26.735,23.626,18.539,12.819,-29.547,-16.787,-18.593,11.843,26.787,24.68,14.516,NA,NA,26.828,26.728,26.77,23.592,0.285,7.985
"1964-12",-31.003,-17.553,-20.256,-2.471,1.164,2.946,12.324,22.407,24.786,21.942,26.377,27.668,26.113,13.001,24.17,11.089,1.748,2.599,-5.809,8.87,15.407,24.911,24.064,24.317,23.254,24.213,23.86,25.719,-23.282,-11.689,-20.553,-23.121,0.925,-9.476,-9.141,2.995,17.046,20.477,24.927,31.217,28.875,24.15,20.42,15.843,-23.323,-10.15,-14,7.812,27.113,25.789,12.922,NA,NA,25.783,26.477,26.765,25.09,2.566,4.648
"1965-01",-32.616,-20.338,-26.915,-2.232,-0.235,-1.028,12.753,21.141,23.752,21.493,25.343,26.745,25.575,14.679,25.355,12.392,-2.662,1.562,-5.455,7.508,14.158,25.281,23.776,23.7,23.404,24.932,24.23,25.888,-23.608,-11.412,-18.028,-21.087,-0.474,-11.833,-12.523,0.209,14.985,18.56,23.959,29.96,29.141,25.179,21.252,17.385,-18.134,-7.616,-23.015,6.2,27.384,26.689,11.398,NA,NA,24.402,25.451,25.87,26.517,3.838,4.186
"1965-02",-33.856,-15.051,-26.571,1.456,1.74,-2.685,15.413,21.74,23.651,21.823,25.482,26.029,25.239,15.126,26.013,11.979,-0.517,0.765,-10.45,7.923,14.829,25.314,24.287,24.282,23.7,24.784,24.437,26.562,-26.081,-14.593,-17.111,-21.925,2.168,-7.384,-13.352,3.562,17.155,20.044,24.823,29.937,31.589,24.992,23.711,16.397,-27.393,-12.309,-27.839,8.32,27.438,27.447,10.531,NA,NA,24.407,25.59,26.006,26.978,3.623,4.042
"1965-03",-28.033,-15.385,-22.496,-1.236,4.488,3.512,17.591,23.944,24.559,22.123,25.69,25.703,25.494,13.85,24.264,10.416,0.792,3.821,-4.63,10.398,19.365,28.188,26.515,26.845,24.839,24.142,22.977,25.466,-21.134,-9.709,-9.722,-14.622,6.047,0.082,-8.989,9.075,20.163,23.114,25.625,29.394,27.898,24.638,19.523,15.63,-35.567,-22.12,-20.374,7.815,27.135,27.435,10.447,NA,NA,24.858,26.203,26.375,26.712,2.458,5.524
"1965-04",-25.009,-7.285,-14.083,7.669,10.132,5.931,20.532,24.307,25.434,21.762,25.612,25.816,24.995,11.748,20.67,8.35,4.348,8.608,1.979,13.687,23.258,29.514,26.946,28.227,24.614,22.846,22.241,24.522,-10.736,-0.543,-0.552,-4.533,13.749,9.893,-1.726,15.157,25.171,27.843,26.469,27.765,23.565,21.334,16.004,13.112,-41.013,-27.389,-16.765,9.528,26.75,26.484,11.128,NA,NA,26.443,27.991,27.419,26.062,1.247,8.398
"1965-05",-11.155,2.318,-0.323,11.712,18.404,13.76,22.717,25.297,26.121,20.814,25.153,24.281,23.698,7.563,15.809,4.045,6.154,13.142,11.534,18.135,29.205,29.791,26.559,28.049,24.028,20.282,20.126,23.147,-5.029,8.516,4.563,2.359,22.129,16.472,5.366,19.354,29.777,32.131,26.529,25.184,19.796,17.664,13.789,11.167,-45.02,-27.732,-6.78,12.648,26.525,25.664,14.149,NA,NA,27.996,29.413,28.471,24.99,-0.617,11.394
"1965-06",-5.56,7.259,3.578,17.622,21.764,16.865,25.925,25.339,27.291,20.319,25.021,22.206,21.015,7.353,14.625,3.363,10.652,15.973,14.484,22.283,31.308,28.807,25.924,27.93,22.678,16.491,17.92,21.552,3.026,13.803,10.98,7.131,25.088,19.659,9.062,21.649,31.861,31.965,26.474,22.672,15.746,14.785,11.673,9.464,-44.922,-31.493,-1.52,14.451,26.121,24.651,15.952,NA,NA,29.55,28.453,27.984,23.295,-1.475,12.992
"1965-07",-3.827,10.048,6.559,21.921,25.951,20.98,25.964,24.61,27.823,20.04,24.912,21.669,21.16,6.172,14.08,1.9,13.281,17.887,20.832,25.598,31.147,27.509,24.807,26.181,20.912,15.937,16.415,19.526,7.946,20.011,15.688,11.949,27.405,21.734,10.321,24.722,33.407,29.162,26.192,21.346,12.891,12.141,9.618,7.896,-42.85,-33.541,-0.565,16.017,25.659,23.662,17.346,NA,NA,28.215,27.629,27.527,21.53,-2.865,14.279
"1965-08",-5.477,9.242,8.086,23.817,26.846,21.776,26.682,24.435,27.954,21.205,25.868,23.517,24.276,5.86,15.197,1.464,12.576,18.57,17.202,25.246,30.411,27.018,24.72,25.667,21.309,17.364,17.203,20.022,5.691,18.157,13.939,11.468,26.29,21.86,10.853,24.728,33.128,28.914,26.525,22.759,16.896,15.118,12.067,7.811,-44.3,-32.256,-1.049,16.545,25.664,23.363,18.74,NA,NA,27.668,27.515,27.369,21.556,-2.832,14.277
"1965-09",-14.482,6.805,2.703,19.015,22.179,16.94,24.494,24.627,27.752,22.093,26.794,24.235,26.517,9.696,18.973,5.408,8.674,13.722,15.342,21.801,28.103,27.307,25.36,26.283,22.395,20.441,19.869,21.168,0.221,11.095,4.472,4.665,21.373,14.62,8.473,20.016,29.195,27.915,26.422,26.25,19.16,18.631,13.422,10.097,-47.933,-32.997,-3.355,16.209,25.596,23.411,18.643,NA,NA,27.002,27.654,27.48,21.774,-3.579,11.955
"1965-10",-16.051,0.465,0.123,10.783,17.9,15.19,21.688,24.1,26.677,21.905,26.9,26.512,26.885,10.154,20.162,8.649,2.851,8.412,4.624,18.046,25.909,27.961,25.532,25.794,23.085,23.468,23.956,23.776,-7.545,3.875,-1.301,-4.518,15.431,7.554,1.295,13.91,25.262,26.734,25.917,28.506,23.059,20.364,15.101,10.957,-40.174,-28.297,-8.64,14.148,25.885,24.065,17.314,NA,NA,26.283,27.178,27.121,22.324,-0.905,10.16
"1965-11",-23.956,-7.85,-8.062,3.266,6.739,7.832,16.526,23.187,25.564,21.506,26.16,26.766,26.217,12.616,22.462,10.695,-3.109,1.714,-2.623,11.551,19.389,26.514,24.876,24.952,23.217,23.906,25.556,25.254,-19.392,-3.984,-11.049,-12.594,9.524,-0.603,-4.887,8.096,20.096,23.475,25.357,29.442,26.302,21.593,17.033,12.658,-31.917,-18.075,-18.854,12.323,26.256,25.452,15.145,NA,NA,26.84,26.717,26.67,23.052,1.072,6.967
"1965-12",-29.154,-16.281,-14.315,-0.416,2.593,4.271,13.234,22.084,24.185,21.46,25.477,26.563,25.597,14.045,23.76,11.577,-2.394,2.037,-2.881,8.924,14.179,23.584,23.329,23.586,23.12,24.516,24.93,25.553,-22.068,-10.253,-20.593,-21.957,4.876,-8.361,-11.066,1.555,16.946,18.794,24.295,29.834,29.355,24.339,21.481,14.678,-23.061,-10.928,-18.532,9.636,26.639,26.429,13.473,NA,NA,25.023,25.831,26.081,24.565,2.998,4.926
"1966-01",-30.158,-15.251,-19.925,-1.355,1.393,0.716,13.462,22.77,24.215,21.168,24.735,25.821,24.973,13.826,24.308,11.9,-4.812,0.509,-8.431,7.928,13.425,22.611,22.695,23.114,23.02,23.634,24.453,26.012,-29.864,-11.708,-22.727,-26.207,4.159,-7.555,-13.477,0.761,15.708,17.926,24.03,28.285,29.794,26.565,22.627,15.796,-22.218,-9.173,-23.24,5.609,26.958,27.053,12.014,NA,NA,23.898,25.064,25.467,25.173,4.156,3.852
"1966-02",-31.687,-22.212,-26.564,0.404,2.83,0.947,15.792,22.266,23.957,21.324,24.722,25.586,24.812,15.424,25.389,12.657,-1.078,1.971,-5.486,9.227,16.792,25.757,23.805,24.271,23.708,23.849,24.385,25.607,-23.437,-10.673,-17.378,-20.067,2.015,-7.803,-12.074,2.527,16.654,18.859,24.479,29.048,30.457,25.473,22.738,17.317,-27.523,-13.344,-24.259,5.053,27.035,26.739,10.915,NA,NA,23.459,25.163,25.56,25.747,3.372,4.141
"1966-03",-30.781,-13.003,-18.716,1.634,5.214,4.22,16.269,23.751,24.353,21.707,25.222,26.07,24.813,13.426,22.569,10.959,-2.796,4.347,-1.991,11.641,18.88,27.346,25.318,26.455,24.305,23.648,23.038,25.352,-20.659,-4.99,-11.37,-17.185,9.536,1.696,-5.496,7.798,19.954,23.642,25.488,28.497,27.505,24.751,19.325,16.038,-38.308,-21.069,-22.236,7.108,26.979,26.89,11.539,NA,NA,23.883,26.144,26.328,26.009,2.45,5.607
"1966-04",-21.699,-3.59,-9.66,6.954,12.054,7.667,18.704,24.62,25.11,21.51,25.054,25.201,24.488,10.118,18.993,6.861,0.502,6.496,3.722,14.449,24.147,29.535,26.566,28.236,24.494,22.281,22.741,24.865,-13.18,3.414,-0.848,-7.644,16.338,10.061,0.516,12.724,24.843,27.816,26.095,27.496,24.689,21.825,16.651,13.017,-43.374,-30.691,-18.932,8.562,26.756,26.518,13.355,NA,NA,25.587,27.757,27.387,25.235,1.078,8.432
"1966-05",-14.867,2.691,-2.217,13.5,18.448,12.91,23.303,25.321,26.349,21.056,24.945,23.865,23.098,8.641,16.706,4.567,4.916,13.59,11.301,19.714,29.351,29.944,26.614,27.914,23.895,19.121,20.904,23.07,-2.969,10.291,7.637,2.64,20.778,16.071,5.836,18.825,29.426,30.542,26.495,25.164,19.459,17.254,13.772,11.109,-42.929,-31.289,-6.854,12.855,27.002,25.91,15.083,NA,NA,27.465,28.101,27.661,24.11,-0.351,11.541
"1966-06",-5.083,7.152,3.468,19.01,23.578,19.638,25.415,25.058,27.421,20.596,24.815,22.512,21.22,6.39,13.15,2.648,9.838,17.527,18.602,23.093,31.847,28.721,25.528,27.372,22.486,15.733,17.118,20.652,4.291,15.61,13.873,9.605,26.08,19.348,9.434,21.747,32.948,31.664,26.455,24.202,16.288,13.38,10.789,8.521,-43.825,-38.269,-1.462,13.916,27.039,24.794,16.993,NA,NA,28.586,27.535,27.186,23.292,-1.287,13.399
"1966-07",-1.221,8.485,7.703,22.566,27.399,22.821,26.844,24.988,27.994,20.736,24.977,21.838,21.238,5.508,13.362,1.077,11.264,18.134,19.844,26.214,31.579,27.154,24.726,26.191,20.791,15.658,16.107,19.785,8.242,19.183,18.041,13.969,28.732,23.899,11.275,24.144,34.198,29.686,26.443,22.099,14.346,12.682,9.595,7.643,-45.9,-35.084,-0.538,15.047,26.761,24.415,19.511,NA,NA,27.125,27.052,26.918,21.927,-2.624,14.382
"1966-08",-5.075,7.964,6.58,21.775,26.918,21.759,25.747,25.236,28.332,21.141,25.63,22.954,22.82,6.342,13.884,1.709,10.835,17.412,18.456,26.07,31.228,27.01,25.071,26.479,21.602,18.202,18.046,20.316,4.284,17.178,13.44,11.005,27.006,20.661,10.402,24.048,33.565,29.061,26.208,22.824,15.905,13.242,10.923,6.82,-45.421,-35.433,-1.295,16.162,26.34,23.839,20.049,NA,NA,26.759,27.096,26.821,21.343,-2.586,13.865
"1966-09",-12.819,3.966,3.213,16.43,21.867,18.402,24.969,25.05,28,22.01,26.811,25.739,26.162,7.018,16.298,3.823,8.992,15.214,12.255,23.443,28.961,27.524,25.497,26.675,22.306,20.666,20.471,21.476,1.525,10.733,6.162,4.761,20.466,14.334,7.964,20.18,30.244,28.363,26.32,25.642,18.653,15.606,11.979,8.404,-45.556,-35.903,-3.69,14.761,26.469,24.49,18.733,NA,NA,26.711,27.21,26.926,21.521,-2.443,12.072
"1966-10",-17.872,-1.773,-1.535,11.177,17.254,15.018,21.321,24.237,27.226,21.922,26.65,26.901,26.438,9.311,20.058,6.306,5.517,10.124,5.836,17.872,25.011,27.819,25.523,25.937,23.241,23.984,22.988,23.04,-7.357,1.591,-3.029,-2.577,14.746,6.027,1.781,14.604,24.398,26.378,25.822,28.681,23.343,20.455,15.623,9.87,-37.751,-27.377,-10.275,13.373,26.476,24.546,16.86,NA,NA,26.344,27.352,26.903,22.142,-0.503,10.062
"1966-11",-25.88,-11.129,-9.059,3.942,9.032,9.13,16.784,23.389,25.65,21.579,25.927,27.359,25.905,11.678,22.336,8.669,1.532,6.375,1.702,13.587,19.907,26.648,24.997,25.11,23.408,25.133,24.734,24.953,-17.022,-3.698,-12.233,-12.084,7.77,-2.474,-6.119,7.435,20.091,22.253,25.097,29.696,26.516,22.54,17.943,12.765,-29.974,-16.204,-17.399,10.161,26.87,25.317,15.415,NA,NA,25.498,26.481,26.446,23.36,1.138,7.283
"1966-12",-26.821,-16.205,-16.409,1.465,3.586,3.687,12.953,21.698,24.782,21.222,24.989,26.42,25.348,13.847,24.152,11.114,0.768,1.317,-3.997,8.971,15.869,25.513,24.457,23.83,23.721,24.588,25.043,25.224,-24.781,-13.248,-22.102,-20.25,2.35,-8.448,-8.453,1.399,15.949,20.417,24.516,30.047,29.134,25.459,20.152,14.605,-21.985,-10.371,-17.389,7.118,27.162,26.081,13.426,NA,NA,24.15,26.289,26.539,24.126,3.261,4.988
"1967-01",-27.502,-19.591,-26.417,-4.38,-4.531,-3.428,11.86,21.256,23.965,21.358,24.871,26.144,25.229,14.164,25.46,12.22,-4.889,2.89,-3.958,9.562,14.655,24.132,23.784,23.908,23.74,24.61,25.329,25.95,-28.561,-11.898,-22.514,-25.997,2.573,-10.099,-11.196,-0.035,15.343,18.735,23.952,29.636,28.766,24.59,19.358,16.795,-20.971,-8.339,-29.238,6.209,27.134,27.054,11.989,NA,NA,23.381,25.458,25.792,25.103,4.294,3.682
"1967-02",-30.609,-20.045,-27.589,-4.071,-2.634,-3.511,13.231,22.522,24.409,21.312,24.703,25.136,24.471,13.906,24.854,11.865,-0.327,2.182,-8.231,8.192,15.099,25.03,23.888,24.948,23.679,23.948,24.146,26.061,-23.893,-11.87,-18.249,-20.859,3.52,-5.358,-10.154,2.794,16.369,20.972,24.354,29.486,30.716,26.208,22.941,17.212,-29.114,-14.899,-21.824,6.12,26.986,27.368,9.637,NA,NA,23.719,25.421,25.819,25.827,4.007,3.649
"1967-03",-30.341,-15.117,-23.254,4.055,5.234,3.552,16.503,22.23,23.793,21.944,25.194,25.082,24.589,14.637,24.056,10.98,-2.247,4.116,-3.038,10.667,19.138,27.678,26.112,26.96,24.738,23.894,23.898,25.27,-23.781,-6.395,-10.68,-12.961,9.473,3.3,-5.426,10.119,20.233,24.247,25.676,28.935,27.545,24.873,19.507,16.298,-36.492,-23.686,-22.687,7.66,27.242,26.89,10.954,NA,NA,23.879,26.463,26.573,25.549,2.954,5.674
"1967-04",-18.983,-5.731,-14.454,7.703,11.593,6.759,19.922,24.08,24.979,21.694,25.305,24.382,24.407,10.993,21.359,6.97,4.615,10.153,5.28,14.52,25.02,29.266,26.19,28.063,24.586,22.672,22.4,24.246,-13.231,0.657,-0.423,-5.436,14.887,12.335,2.562,15.926,25.913,28.577,26.028,26.355,22.785,20.288,16.843,11.88,-42.277,-26.773,-17.159,9.758,26.93,26.451,11.411,NA,NA,26.299,27.985,27.551,25.63,0.927,8.747
"1967-05",-12.478,0.262,-3.71,14.552,21.481,16.003,24.185,24.088,25.442,20.947,24.983,23.708,23.308,9.229,18.082,4.596,7.686,13.145,12.458,17.941,30.189,29.871,26.099,28.194,23.821,19.658,20.036,23.063,-5.361,11.12,3.849,1.318,22.522,17.456,6.901,18.984,31.067,31.761,26.156,23.822,18.251,15.54,13.105,11.115,-45.536,-32.975,-5.597,12.13,26.8,25.49,13.267,NA,NA,28.437,29.446,28.675,24.479,-1.11,11.319
"1967-06",-3.929,7.5,4.424,16.032,25.724,20.698,26.378,25.187,26.966,20.382,24.85,22.513,21.35,6.839,14.723,2.261,10.607,16.286,15.046,22.314,31.726,28.805,25.259,27.134,22.361,16.532,17.696,20.261,2.622,14.287,13.544,8.695,24.814,19.604,10.293,20.812,32.874,31.307,26.16,20.994,15.059,13.362,11.43,8.501,-43.543,-30.428,-0.946,13.829,26.596,24.795,15.446,NA,NA,29.021,28.403,27.962,23.194,-1.405,13.346
"1967-07",-3.698,10.174,5.7,22.176,27.421,22.336,26.446,24.953,27.461,20.164,24.553,21.429,20.867,6.504,13.665,2.258,12.376,17.848,18.519,25.418,31.408,27.054,24.264,25.724,20.769,15.574,15.761,19.29,6.093,17.321,15.74,12.893,27.256,22.764,11.055,24.37,33.012,28.795,25.978,22.573,15.84,13.952,10.342,8.047,-47.531,-33.124,-0.167,15.337,26.274,24.081,17.788,NA,NA,27.326,27.687,27.54,21.603,-3.286,13.847
"1967-08",-6.346,8.39,7.688,21.987,28.734,23.217,26.103,25.077,27.838,21.124,25.452,21.617,22.552,7.374,16.502,3.164,12.995,18.077,17.455,25.199,30.203,26.606,24.592,25.743,21.24,17.794,17.633,19.965,6.939,18.079,13.079,9.798,26.372,21.02,10.945,24.804,33.046,28.243,26.113,23.12,15.604,13.441,10.674,9.065,-48.368,-34.642,0.034,16.017,26.075,23.886,18.31,NA,NA,26.718,27.47,27.366,21.332,-4.415,13.753
"1967-09",-10.261,5.153,2.833,18.643,24.31,18.837,24.39,24.857,27.155,21.794,26.548,23.964,25.701,9.052,18.768,4.987,10.314,14.796,10.754,22.461,29.393,27.434,25.372,26.523,22.556,20.886,21.154,21.546,1.179,9.434,6.869,6.219,20.68,15.017,7.595,20.97,30.09,27.882,26.085,26.494,20.041,17.863,13.483,9.138,-43.062,-30.343,-3.171,15.785,26.227,24.131,17.875,NA,NA,27.019,27.331,27.16,21.285,-2.944,12.639
"1967-10",-21.035,-2.976,-4.142,11.323,15.455,12.976,20.815,23.665,26.63,21.732,26.266,25.864,25.474,10.475,20.282,7.107,5.223,10.024,6.133,17.677,24.021,27.773,25.432,26.076,23.191,22.56,23.602,22.92,-5.92,3.542,-2.501,-2.32,14.513,5.69,1.657,14.468,25.356,25.397,25.822,28.535,22.406,20.511,14.262,9.685,-38.989,-27.781,-5.958,14.082,26.532,24.743,16.722,NA,NA,26.232,26.917,26.718,21.576,-1.296,9.637
"1967-11",-24.73,-12.689,-13.099,3.754,7.166,7.942,17.143,23.312,25.741,21.6,25.897,26.438,25.81,11.463,21.8,8.274,2.309,4.041,-0.538,12.241,19.46,26.77,24.918,25.149,23.859,23.944,24.762,25.142,-17.653,-4.543,-12.643,-13.896,8.746,-0.374,-5.295,8.045,20.925,22.278,25.254,30.036,28.289,23.494,18.275,11.834,-28.874,-16.318,-11.399,12.31,26.762,25.086,13.907,NA,NA,25.47,26.809,26.8,23.957,0.657,7.031
"1967-12",-25.425,-16.761,-19.051,0.861,2.25,0.94,13.387,22.702,24.791,21.45,25.023,26.12,25.927,12.711,24.013,9.833,-1.535,-0.661,-9.604,9.284,16.372,24.774,23.918,24.301,23.637,24.814,24.959,25.532,-24.8,-14.3,-20.415,-22.948,4.633,-9.167,-9.384,2.196,18.746,19.41,24.303,30.765,29.933,24.372,21.775,13.793,-20.215,-8.397,-17.753,6.059,27.019,26.056,12.152,NA,NA,25.335,26.135,26.366,25.371,3.446,4.932
"1968-01",-25.494,-16.36,-21.272,-1.059,0.114,-0.807,12.802,22.015,24.287,21.158,24.596,25.886,24.729,14.323,25.133,12.487,-6.459,-1.758,-9.542,7.559,13.703,23.384,22.917,23.382,23.265,23.946,24.59,25.855,-27.691,-12.243,-21.548,-27.528,2.797,-9.762,-11.405,-0.11,14.692,18.493,23.893,29.277,30.595,25.325,24.033,15.633,-21.277,-7.314,-21.458,4.551,27.364,26.894,11.615,NA,NA,23.829,25.165,25.683,25.714,4.776,3.868
"1968-02",-33.115,-18.535,-26.601,-2.218,-1.632,-1.141,14.318,22.442,23.998,21.52,24.824,25.447,24.772,15.133,25.511,12.059,-0.915,-1.516,-10.837,8.255,15.949,25.21,24.259,24.761,23.994,24.385,24.634,26.033,-26.326,-16.069,-20.23,-21.148,2.341,-7.192,-9.717,3.195,15.728,19.799,24.682,29.928,30.697,25.857,23.559,15.56,-28.322,-13.47,-17,7.615,27.501,27.158,9.468,NA,NA,23.424,25.172,25.638,25.764,4.272,3.551
"1968-03",-26.196,-12.667,-18.317,2.462,3.523,0.475,16.609,22.73,23.708,22.263,26.259,24.998,25.027,14.67,24.226,11.997,-1.569,2.727,-4.358,11.859,22.102,29.312,27.02,27.095,24.918,24.239,24.304,25.868,-21.657,-6.004,-8.829,-16.502,10.09,3.463,-4.412,8.948,21.285,24.055,25.229,29.351,25.771,24.247,18.538,15.961,-36.886,-22.051,-28.427,6.278,27.144,26.786,11.083,NA,NA,24.653,26.304,26.586,26.433,2.076,6.184
"1968-04",-23.014,-2.874,-12.213,8.197,9.742,6.219,19.492,23.984,24.926,22.198,25.864,24.51,24.731,11.079,19.135,7.7,4.891,11.295,3.823,14.939,25.249,29.875,26.53,27.609,24.122,22.255,22.056,24.84,-12.64,1.774,-0.129,-6.957,13.324,9.596,1.563,14.022,24.811,27.469,26.362,28.235,24.173,21.719,18.151,13.355,-40.322,-28.606,-16.13,9.08,27.202,26.408,12.088,NA,NA,25.934,27.836,27.505,26.093,1.091,8.818
"1968-05",-10.711,1.325,-2.558,13.358,18.413,14.536,22.106,24.821,25.625,21.685,25.713,23.708,23.38,8.744,17.375,4.964,9.102,14.896,13.824,18.678,29.53,30.128,26.607,27.495,23.742,20.041,20.767,23.452,-3.335,8.089,5.423,1.91,21.695,15.129,5.605,18.944,29.324,31.201,26.837,25.615,19.679,18.847,14.085,10.988,-43.358,-29.553,-7.625,11.848,27.155,25.601,14.084,NA,NA,27.551,28.653,28.01,24.869,-0.766,11.64
"1968-06",-6.08,8.423,4.47,16.402,21.689,18.977,25.108,25.713,27.287,20.926,25.228,22.54,21.786,7.273,13.785,3.254,11.22,18.41,16.287,23.344,32.212,28.551,25.617,27.178,22.792,16.529,17.968,21.625,5.084,16.425,12.573,7.133,25.813,19.99,8.918,20.951,34.098,32.422,26.474,21.385,15.132,14.645,12.062,8.34,-41.241,-32.593,-2.078,13.8,27,24.745,16.202,NA,NA,29.356,28.77,28.085,23.985,-1.438,13.706
"1968-07",-4.34,10.16,7.721,20.977,28.298,23.641,26.553,25.276,28.243,20.848,25.172,21.448,21.022,7.654,14.637,2.692,14.382,20.057,17.461,26.012,32.226,27.789,25.095,26.067,21.623,15.731,16.551,19.822,8.355,18.752,16.21,12.91,28.327,23.741,11.154,24.906,33.233,28.663,26.198,23.49,14.725,13.526,10.502,8.399,-44.679,-34.322,-0.065,15.135,26.82,23.345,18.641,NA,NA,28.374,27.926,27.648,22.296,-3.046,14.58
"1968-08",-5.485,8.573,7.926,21.029,28.912,23.805,26.091,25.084,28.058,21.516,25.797,22.253,23.222,8.069,15.49,3.567,13.605,19.746,18.412,25.767,31.365,26.929,24.985,26.221,22.055,18.004,18.415,20.753,6.364,16.744,13.613,10.115,26.23,21.396,10.621,24.797,32.887,27.441,26.081,22.7,15.418,14.255,11.277,8.575,-45.739,-33.687,-0.226,15.765,26.675,23.609,19.767,NA,NA,27.391,26.904,26.927,21.963,-4.268,14.167
"1968-09",-12.626,4.135,2.019,19.434,23.056,19.454,25.354,24.591,27.61,22.332,26.766,23.536,26.274,9.086,19.306,5.455,10.519,15.442,12.361,23.079,29.704,27.108,25.332,26.461,23.123,20.754,21.513,22.604,1.923,10.337,6.663,5.225,21.039,14.604,7.629,20.386,30.032,27.799,25.914,25.973,19.563,17.531,13.24,10.052,-46.184,-34.542,-1.497,15.08,26.514,24.028,18.952,NA,NA,27.332,27.473,27.218,22.18,-2.154,12.347
"1968-10",-20.273,0.516,-3.524,12.332,14.924,11.878,20.617,24.141,26.877,22.182,27.044,25.569,26.072,10.701,20.45,8.101,5.017,9.798,7.878,17.501,25.59,27.731,25.637,26.392,23.557,23.941,24.135,23.94,-4.626,5.583,-1.454,-2.479,15.333,6.996,1.52,13.194,25.375,26.351,25.794,28.663,23.864,20.193,15.432,11.16,-40.33,-27.079,-7.344,13.841,26.653,24.508,17.656,NA,NA,26.751,27.302,27.108,22.58,-0.811,10.115
"1968-11",-24.457,-9.238,-9.741,3.78,7.114,6.946,16.683,23.81,25.867,22.065,26.061,25.67,25.04,11.919,22.129,8.984,1.173,3.555,-1.376,12.518,19.547,26.933,25.456,25.745,23.869,24.978,25.405,25.539,-17.125,-3.247,-11.668,-13.947,8.22,0.325,-4.967,8.323,21.279,22.543,24.897,30.689,28.11,22.898,18.366,12.842,-30.598,-19.041,-11.608,11.372,26.889,24.753,15.726,NA,NA,26.435,26.468,26.638,24.282,1.341,7.201
"1968-12",-26.035,-15.65,-15.854,-2.21,-1.895,-0.483,13.249,22.405,24.815,21.536,25.274,25.814,25.091,13.296,23.632,11.893,-0.999,1.178,-5.009,8.961,16.479,25.416,24.017,24.458,23.452,24.833,24.613,25.537,-24.265,-9.814,-19.088,-24.707,2.309,-7.694,-11.127,3.083,17.181,17.743,24.486,30.838,29.267,26.104,19.934,15.129,-21.19,-8.929,-21.325,7.888,27.077,26.041,13.742,NA,NA,25.069,26.224,26.583,25.823,3.001,4.966
"1969-01",-25.98,-14.874,-22.534,-1.487,-2.737,-4.353,11.117,20.784,24.14,21.587,25.01,25.373,25.132,14.281,25.253,11.321,-1.037,1.995,-7.086,9.037,15.824,24.69,24.215,24.631,23.571,24.109,24.461,26.692,-29.951,-15.27,-26.139,-26.995,0.109,-10.398,-12.7,0.475,14.969,17.779,23.971,30.28,33.15,27.689,23.425,15.236,-19.58,-7.793,-19.956,5.809,27.431,27.092,11.721,NA,NA,23.745,25.382,25.812,26.339,4.264,3.964
"1969-02",-32.742,-13.412,-21.413,0.347,0.414,-2.519,14.593,21.575,22.933,21.969,25.43,25.401,25.063,15.163,24.457,11.976,-4.991,2.246,-7.217,9.123,15.648,25.468,24.796,25.366,24.151,24.111,24.594,25.975,-32.889,-13.461,-26.217,-28.143,5.755,-6.296,-11.433,2.448,18.078,20.52,25.112,29.301,30.585,27.035,24.211,16.14,-28.394,-12.12,-23.582,4.965,27.65,27.119,11.7,NA,NA,23.784,25.765,26.11,26.28,3.736,3.786
"1969-03",-23.537,-14.948,-21.307,1.72,1.577,0.646,16.589,23.331,24.624,22.202,25.768,25.908,26.125,14.079,24.423,10.059,-0.572,2.585,-3.388,10.765,20.308,28.374,26.05,26.863,24.244,23.642,23.36,25.856,-21.567,-5.734,-11.755,-15.621,12.221,3.334,-7.602,8.313,22.235,24.622,25.203,28.639,27.078,23.613,20.701,14.541,-36.862,-22.762,-15.913,8.429,27.31,26.949,11.086,NA,NA,25.113,26.365,26.688,26.947,3.187,5.81
"1969-04",-23.809,-7.485,-14.268,8.685,14.369,10.488,20.787,23.808,24.961,22.417,25.654,25.833,25.009,12.439,20.172,9.253,4.101,9.776,3.951,15.1,24.293,29.796,26.886,28.112,24.301,21.552,21.539,24.567,-11.475,3.133,1.325,-5.718,13.71,10.178,0.236,13.844,24.813,27.689,26.567,27.397,22.126,20.205,15.395,14.707,-42.585,-26.619,-12.577,10.498,27.445,26.841,12.182,NA,NA,26.652,28.199,27.805,25.652,0.61,8.691
"1969-05",-12.652,1.415,-1.661,14.521,19.998,13.79,23.855,24.525,26.052,21.55,25.46,24.22,23.718,8.975,17.076,6.077,7.235,14.949,15.927,18.126,29.685,30.072,26.684,27.66,23.539,18.871,19.864,22.426,-2.895,12.407,6.411,2.963,21.269,16.163,5.451,18.658,29.64,30.898,26.81,23.645,17.598,15.605,13.04,10.358,-44.121,-29.863,-7.371,12.637,27.24,25.471,13.812,NA,NA,27.993,28.747,28.037,24.744,-0.317,11.67
"1969-06",-4.142,7.652,2.668,18.534,22.301,18.316,25.468,24.934,27.147,20.989,25.225,22.982,21.844,7.805,14.424,2.847,11.318,17.838,19.617,21.233,32.568,29.009,25.981,27.428,22.488,15.93,17.031,20.456,3.73,16.333,12.794,10.224,27.456,21.234,9.414,22.299,33.498,31.342,26.369,21.089,14.668,12.637,11.154,8.413,-43.696,-35.818,-0.571,14.444,27.225,24.541,16.113,NA,NA,29.728,28.724,28.09,23.311,-1.487,13.534
"1969-07",-2.561,10.873,6.436,21.949,27.013,22.516,26.787,25.369,27.943,20.919,25.124,22.447,21.209,6.959,13.789,1.771,15.019,20.447,20.876,25.085,31.572,27.637,24.918,26.278,20.836,15.568,15.853,19.622,7.481,16.898,16.198,13.443,27.919,23.515,11.677,25.338,33.271,29.165,26.388,20.821,13.692,11.897,9.808,7.05,-47.879,-35.321,0.323,15.36,27.182,23.693,18.365,NA,NA,27.866,27.648,27.54,21.977,-3.777,14.164
"1969-08",-6.077,9.282,7.055,20.499,26.188,22.575,26.956,25.616,27.924,21.868,26.21,23.777,24.257,7.553,16.07,2.349,13.37,19.929,20.207,26.241,31.629,27.045,25.046,26.191,21.218,17.938,17.869,19.82,6.44,17.754,14.07,11.403,26.81,21.012,11.162,24.287,33.414,28.737,26.03,23.387,16.938,14.663,12.395,8.673,-44.86,-29.081,-0.348,16.289,26.874,23.768,19.842,NA,NA,27.357,27.254,27.186,20.911,-4.206,14.52
"1969-09",-12.91,4.744,3.698,17.812,21.873,19.282,25.054,25.794,27.966,22.567,27.021,25.691,26.308,9.419,18.956,4.799,10.303,15.478,11.987,23.259,29.618,27.804,26.054,27.016,22.546,21.73,21.514,21.761,1.405,12.042,7.699,5.122,20.942,15.909,7.637,20.277,29.975,28.068,26.119,24.906,19.068,16.552,12.795,8.848,-44.693,-31.91,-1.27,15.521,27.135,23.69,19.467,NA,NA,27.088,27.608,27.261,21.426,-2.591,12.676
"1969-10",-20.917,-3.042,-4.435,7.756,14.784,15.359,22.114,24.71,27.165,22.435,27.212,26.838,26.982,9.929,19.733,7.324,8.11,11.067,6.221,18.978,26.415,28.073,25.737,26.537,23.824,24.437,24.072,24.291,-4.759,3.692,-1.344,-1.65,15.211,8.138,1.693,15.23,26.252,27.066,25.852,27.425,24.784,20.589,15.86,9.158,-38.131,-23.245,-3.241,14.53,26.941,23.64,17.322,NA,NA,26.744,26.858,26.642,22.852,-1.479,10.494
"1969-11",-20.878,-11.461,-9.639,1.94,8.089,8.298,16.823,24.116,26.274,22.355,26.527,27.275,26.037,12.53,21.841,9.081,1.782,3.074,-1.634,12.499,20.479,27.182,25.378,25.597,23.878,24.863,25.498,25.046,-18.622,-3.668,-9.814,-15.327,9.37,0.506,-4.815,9.529,23.123,23.865,25.65,30.341,29.085,25.142,18.846,11.191,-27.859,-15.61,-13.713,10.436,27.172,24.699,13.915,NA,NA,27.111,26.796,26.815,24.04,1.275,7.776
"1969-12",-26.044,-18.448,-19.114,-1.154,1.415,3.443,13.024,22.64,24.805,22.141,25.696,26.644,25.873,12.921,24.972,9.735,-4.036,2.734,-8.861,10.327,15.707,24.241,23.822,24.363,23.428,24.552,24.877,26.008,-28.288,-12.453,-20.864,-23.177,4.323,-5.975,-10.698,3.625,18.266,19.813,24.8,31.114,30.144,26.096,21.01,12.802,-21.082,-8.694,-12.208,5.919,27.553,25.678,12.076,NA,NA,25.784,26.735,26.997,24.938,3.008,4.911
"1970-01",-30.052,-18.277,-26.566,-4.709,-4.765,-5.048,11.132,22.017,23.881,22.166,25.704,25.894,25.168,15.641,26.212,13.029,-1.433,1.843,-5.138,8.07,13.064,22.48,22.997,23.47,23.237,24.756,24.149,25.715,-22.771,-10.453,-19.352,-22.228,3.049,-7.66,-12.26,2.803,15.51,19.053,24.669,31.086,30.927,27.184,21.875,14.962,-18.269,-6.915,-19.121,8.404,27.701,26.387,10.996,NA,NA,23.971,26.236,26.546,26.268,4.384,4.39
"1970-02",-31.05,-14.195,-20.366,-0.056,3.788,2.882,14.26,22.915,24.242,22.441,25.725,25.032,25.279,16.258,26.086,13.042,-1.642,3.303,-6.053,9.137,13.963,23.894,23.859,24.716,23.672,24.409,24.314,26.595,-25.38,-10.882,-17.947,-22.475,2.68,-6.194,-12.289,2.613,15.785,20.008,24.765,28.774,30.091,27.966,22.11,14.657,-26.05,-11.625,-20.719,5.083,27.707,26.954,11.097,NA,NA,23.582,25.945,26.269,26.805,4.405,4.664
"1970-03",-31.266,-12.239,-20.548,6.668,7.579,1.972,16.694,22.72,23.654,22.33,26.345,24.834,24.67,14.314,25.132,10.549,1.268,5.695,-2.465,11.587,19.904,27.747,25.79,26.465,24.481,24.182,24.388,26.149,-14.664,-5.409,-5.274,-10.86,7.043,3.079,-8.496,9.812,20.199,23.822,25.569,28.764,26.049,23.87,18.736,14.369,-35.61,-20.926,-24.418,7.295,27.597,26.922,10.939,NA,NA,25.409,26.631,26.605,26.768,2.752,6.573
"1970-04",-22.493,-4.001,-8.147,8.012,15.19,10.235,19.844,25.391,25.218,22.625,26.065,25.082,24.52,12.473,20.594,8.128,2.323,9.338,4.403,14.85,23.129,29.949,27.001,28.231,24.154,22.813,21.998,24.88,-12.108,2.529,0.568,-7.67,14.408,9.226,-1.543,14.206,25.512,27.602,26.372,27.721,23.475,20.886,16.341,11.233,-42.991,-29.767,-18.926,9.34,27.429,26.525,12.797,NA,NA,26.931,28.104,27.634,26.224,0.12,8.812
"1970-05",-10.884,4.046,-1.866,12.535,18.744,13.666,22.101,26.082,26.423,22.08,25.628,24.252,23.363,9.198,17.064,4.816,7.298,13.944,12.418,19.423,29.587,30.517,27.021,27.758,23.162,18.88,18.605,22.603,-2.526,11.518,7.485,2.73,21.393,16.375,4.032,18.041,29.7,30.22,26.889,25.169,18.128,17.442,13.363,10.376,-45.218,-29.02,-5.942,12.867,27.465,25.225,13.962,NA,NA,28.168,28.82,28.216,24.526,-1.904,11.613
"1970-06",-4.547,10.292,3.786,16.517,19.546,16.398,24.757,26.734,27.942,21.767,25.705,23.214,22.278,7.864,14.881,2.961,12.212,19.625,16.57,22.75,32.655,29.348,26.424,27.823,21.994,16.237,16.539,20.414,4.828,13.811,12.478,10.255,25.328,20.909,9.414,22.15,33.413,33.218,27.095,21.55,14.448,13.238,11.097,7.517,-41.93,-33.753,-1.048,14.325,27.666,24.458,16.203,NA,NA,30.198,28.781,28.281,22.535,-2.605,13.77
"1970-07",-1.454,11.082,8.413,21.529,25.57,20.685,26.619,26.311,28.571,21.538,25.642,22.629,21.689,8.219,15.514,2.033,14.027,18.894,18.101,26.266,33.296,28.358,25.705,26.862,21.633,15.78,16.777,20.009,7.72,19.177,14.951,11.458,27.491,21.791,10.97,23.892,34.003,31.131,26.287,19.995,13.476,11.451,10.709,7.558,-42.336,-37.173,-0.322,16.166,27.143,23.433,18.714,NA,NA,27.954,28.116,27.743,21.677,-3.597,14.704
"1970-08",-5.179,8.685,8.001,21.843,25.874,22.966,26.255,26.042,28.487,22.445,26.414,23.46,24.146,8.751,16.34,3.434,13.472,18.879,14.55,26.072,31.202,27.569,25.485,26.623,21.538,17.774,17.196,19.879,6.932,17.33,13.859,10,26.626,21.653,11.568,24.159,33.781,29.504,26.073,24.042,17.451,16.119,11.652,7.366,-44.969,-32.042,0.264,16.626,27.171,22.747,19.451,NA,NA,27.316,27.668,27.389,21.35,-2.657,14.424
"1970-09",-12.805,6.449,2.331,18.542,20.765,17.273,24.764,25.583,27.909,22.831,26.982,25.781,26.275,9.401,19.071,4.806,9.349,15.063,14.691,22.689,29.678,28.255,26.364,27.424,22.863,22.136,21.45,21.806,3.068,13.218,6.914,4.902,20.952,14.647,7.937,19.739,30.084,28.269,26.215,26.236,19.678,17.853,12.423,8.149,-46.381,-31.994,-1.273,16.377,27.443,23.513,18.817,NA,NA,27.274,28.058,27.562,21.44,-3.481,12.623
"1970-10",-17.904,-0.121,-3.129,10.37,14.405,12.307,21.43,24.874,27.838,23.043,27.326,26.932,26.811,10.15,21.142,8.411,5.628,8.782,5.503,17.208,26.048,28.895,26.517,26.643,24.366,24.639,24.811,23.829,-5.835,3.515,-0.638,-1.969,16.142,6.56,1.122,13.909,26.715,27.736,26.038,29.246,25.798,23.128,17.163,10.324,-40.306,-26.068,-7.018,14.961,27.386,24.23,16.863,NA,NA,27.359,27.427,27.164,22.289,-2.011,10.424
"1970-11",-22.182,-6.333,-7.263,3.222,8.846,8.208,16.654,24.139,26.739,23.237,27.573,28.612,28.555,13.292,24.37,8.504,2.816,5.669,-2.024,12.957,19.695,26.819,25.245,25.446,24.022,24.903,24.608,24.402,-17.975,-8.625,-15.425,-15.778,8.843,-1.34,-4.357,8.757,21.869,24.67,26.037,29.785,28.031,23.298,19.304,11.305,-28.896,-17.56,-7.486,12.029,27.781,24.373,14.862,NA,NA,27.026,27.573,27.337,23.534,0.966,7.702
"1970-12",-29.962,-17.279,-19.525,-1.066,2.335,4.012,12.793,22.76,26.231,22.869,26.148,26.935,26.459,14.87,25.208,12.071,-0.247,4.322,-1.666,10.133,15.214,24.532,24.352,24.794,23.924,25.318,25.027,25.796,-23.297,-5.657,-16.331,-23.938,4.849,-6.42,-11.446,3.662,16.861,20.534,25.106,31.409,31.341,26.072,21.874,12.26,-20.433,-8.193,-16.866,8.622,27.897,25.37,13.128,NA,NA,25.953,26.871,26.943,24.982,2.612,5.808
"1971-01",-28.815,-16.49,-25.131,-4.485,-4.55,-3.705,11.94,21.869,24.774,23.201,26.59,26.651,26.435,15.466,26.955,11.823,-3.253,0.305,-11.049,8.271,14.52,24.387,24.894,24.902,24.203,26.439,24.875,25.888,-27.388,-17.419,-25.827,-24.215,1.343,-11.815,-13.761,1.551,16.296,18.641,25.346,30.943,32.147,27.705,23.433,14.078,-20.187,-8.546,-9.463,7.089,27.969,26.37,11.694,NA,NA,24.405,26.403,26.686,26.12,4.068,3.877
"1971-02",-30.439,-16.141,-24.889,-1.422,-2.789,-3.316,13.043,22.628,24.371,23.813,27.377,26.725,27.155,14.946,26.232,11.65,-0.492,1.695,-6.182,8.951,16.007,26.085,25.453,26.053,24.456,25.87,26.293,27.102,-21.221,-13.071,-19.146,-21.517,4.308,-9.487,-11.829,0.492,18.744,21.856,25.342,31.091,29.939,26.941,22.485,17.895,-26.955,-14.21,-22.061,7.889,28.112,26.976,10.574,NA,NA,25.365,26.773,26.968,26.234,3.669,4.571
"1971-03",-28.574,-6.557,-15.55,4.727,6.545,4.387,15.566,24.005,24.341,23.526,27.617,26.404,26.491,14.775,25.674,9.841,1.565,7.664,0.82,12.927,19.592,28.418,26.295,26.714,24.985,25.914,24.238,26.415,-13.84,-3.699,-9.513,-14.894,7.726,-0.014,-9.572,7.916,20.061,23.73,26.274,28.926,27.819,24.792,19.452,14.938,-36.498,-23.34,-19.291,8.957,27.96,26.836,11.988,NA,NA,26.191,27.605,27.482,26.914,2.26,7.014
"1971-04",-22.084,-3.216,-10.601,9.28,14.303,10.651,18.891,24.994,25.022,23.015,26.833,26.257,25.512,11.461,19.816,8.273,6,12.012,7.682,16.08,26.675,31.656,28.062,27.68,24.59,24.234,23.435,25.79,-9.376,0.756,-1.196,-5.398,12.806,7.586,-2.264,13.777,25.599,27.174,27.403,28.372,23.601,21.575,17.001,12.263,-42.334,-29.063,-13.007,11.081,27.751,26.457,12.296,NA,NA,27.292,28.796,28.368,26.276,-0.765,9.361
"1971-05",-10.265,4.141,-3.745,13.948,17.197,14.229,22.098,26.339,26.737,22.631,26.428,24.88,24.34,8.774,16.767,4.606,6.208,12.361,12.656,18.129,29.977,30.658,27.197,28.542,24.363,20.893,20.432,23.504,-3.077,9.151,6.381,2.057,22.092,17.402,5.758,19.943,30.86,32.124,27.729,22.868,15.954,15.974,12.339,9.641,-43.248,-32.843,-4.999,12.742,27.465,26.042,13.812,NA,NA,28.648,29.983,29.108,24.86,-0.715,11.757
"1971-06",-4.389,8.964,3.299,16.675,20.75,18.95,24.976,26.194,27.574,21.678,26.021,23.267,22.571,8.025,16.176,3.436,12.944,18.836,20.011,21.872,32.654,29.823,26.701,28.384,23.212,17.425,17.896,21.629,3.804,15.13,11.259,7.48,25.948,19.533,9.162,21.819,33.711,33.186,26.786,20.804,14.153,11.921,10.628,8.804,-46.382,-31.758,-1.553,14.185,26.923,24.391,16.503,NA,NA,30.504,29.027,28.374,23.995,-2.37,13.538
"1971-07",-3.386,11.8,6.323,21.964,24.958,20.423,26.907,25.886,28.326,21.158,25.851,22.584,21.624,5.849,13.415,0.976,13.496,20.491,20.227,25.514,33.057,28.401,25.912,27.185,22.563,16.084,18.366,21.289,7.182,18.333,17,13.413,27.905,22.79,11.462,23.287,34.848,29.938,26.572,21.436,14.135,13.346,11.207,7.604,-43.631,-29.156,-0.228,15.982,26.546,23.908,18.656,NA,NA,28.828,27.567,27.438,22.948,-3.39,14.833
"1971-08",-6.056,9.802,8.763,20.85,26.884,23.006,25.953,25.184,28.373,21.86,26.325,22.797,23.934,7.412,16.64,2.384,12.273,18.443,18.533,25.298,31.685,27.419,25.206,26.276,22.041,17.585,17.718,20.907,6.928,19.239,15.148,10.371,26.65,21.801,10.896,24.738,33.391,28.222,26.209,24.092,18,15.48,11.955,7.768,-46.215,-33.613,-0.401,16.764,26.085,23.439,20.331,NA,NA,28.66,27.526,27.566,22.107,-4.408,14.449
"1971-09",-13.557,5.134,4.22,17.465,24.759,21.778,24.836,24.935,27.694,22.447,27.294,24.842,27.267,9.039,19.143,5.046,9.879,14.671,10.338,22.149,28.581,27.695,25.785,26.919,22.741,21.888,20.936,21.41,1.344,10.912,7.395,5.346,20.274,15.19,8.856,19.98,30.408,27.921,26.274,26.486,20.549,17.353,13.185,8.32,-43.061,-34.064,-1.839,16.2,25.869,23.817,19.21,NA,NA,28.028,26.95,27.077,21.843,-2.035,12.718
"1971-10",-21.687,-2.414,-2.837,10.771,16.204,14.508,22.358,24.573,27.311,22.063,27.058,27.404,26.985,10.279,20.698,7.632,6.287,11.805,4.916,18.311,24.507,28.138,25.875,26.631,23.435,24.514,23.507,23.497,-6.109,2.942,0.15,-1.807,14.249,7.26,2.922,15.133,25.614,26.328,26.19,29.157,23.743,20.788,15.686,10.265,-40.964,-29.661,-7.811,14.232,25.922,24.477,17.302,NA,NA,27.42,27.162,27.023,22.159,-1.735,10.071
"1971-11",-24.819,-9.487,-8.854,4.439,8.054,6.822,17.381,23.254,26.112,21.754,26.3,26.591,25.935,12.414,22.487,9.664,2.464,4.286,-0.005,13.29,20.022,27.388,25.233,25.404,23.061,24.334,23.799,25.076,-17.348,-4.227,-9.42,-13.505,8.304,-1.395,-5.317,9.155,20.826,22.373,25.259,30.264,27.535,22.189,17.697,12.529,-29.585,-15.807,-15.371,12.104,26.275,25.429,14.878,NA,NA,26.299,26.605,26.834,23.432,0.433,7.502
"1971-12",-25.527,-13.437,-16.218,-4.368,-1.769,0.05,11.711,22.514,25.356,21.185,25.022,25.606,24.635,13.615,23.559,11.656,-2.727,1.161,-3.072,10.744,15.956,23.806,23.155,23.668,22.749,24.044,23.842,25.502,-22.32,-7.901,-17.524,-20.021,3.649,-7.659,-11.371,2.367,14.672,18.58,24.506,30.494,29.231,24.724,21.27,15.65,-20.751,-10.264,-21.873,10.534,26.541,26.225,12.456,NA,NA,24.848,26.208,26.657,24.364,2.847,5.145
"1972-01",-27.062,-16.362,-25.754,-2.273,-1.204,-4.2,13.337,21.875,24.503,21.027,24.716,25.057,24.252,13.897,25.137,12.881,-4.683,-0.354,-10.152,8.476,13.98,23.126,22.879,23.312,22.566,23.822,24.407,26.12,-26.837,-14.619,-22.458,-25.65,3.086,-8.465,-11.531,0.791,13.989,18.787,24.472,29.566,29.701,25.707,21.287,16.705,-20.738,-8.146,-18.762,5.924,26.643,27,10.527,NA,NA,23.587,25.789,26.139,25.231,3.994,3.646
"1972-02",-31.382,-19.339,-23.726,-1.989,1.189,-0.522,14.936,22.353,23.906,21.43,25.146,25.411,24.873,15.07,25.596,12.831,-3.955,2.85,-3.54,9.753,16.01,25.417,24.16,24.644,23.635,24.122,24.804,26.12,-23.596,-8.247,-16.583,-22.413,5.174,-4.561,-8.986,3.628,15.877,20.541,24.724,28.919,28.596,26.824,22.2,18.168,-28.147,-14.728,-26.61,7.189,26.705,27.14,10.297,NA,NA,22.999,25.325,25.798,25.346,4.098,4.471
"1972-03",-25.47,-14.327,-21.793,1.676,1.601,0.911,18.274,23.477,24.627,21.723,25.479,25.095,24.74,12.8,23.199,8.892,-0.034,3.365,-3.812,10.642,19.217,27.759,25.455,26.389,23.773,23.976,23.671,25.293,-17.54,-7.809,-11.673,-12.13,8.282,3.925,-5.037,9.27,20.544,24.609,25.526,28.048,26.278,25.163,20.581,15.496,-36.05,-20.448,-12.621,9.674,26.591,26.896,10.72,NA,NA,24.682,26.046,26.179,25.155,3.614,5.781
"1972-04",-21.889,-7.101,-11.524,7.161,10.711,7.415,20.473,24.018,25.144,21.456,25.573,24.871,24.151,11.065,18.769,7.381,3.943,10.155,3.882,14.632,23.352,29.234,25.955,27.52,23.7,22.127,22.769,25.152,-11.914,2.958,-0.031,-6.829,13.781,12.72,1.045,14.905,24.449,27.526,26.238,27.432,23.568,21.235,17.076,13.005,-40.774,-26.945,-13.58,10.332,26.586,26.514,12.299,NA,NA,26.741,27.7,27.299,24.989,1.284,8.635
"1972-05",-11.364,1.51,-1.016,14.478,20.176,16.254,23.476,25.004,26.512,20.993,25.062,23.636,23.275,9.202,17.428,5.007,7.781,15.7,10.971,19.024,28.854,30.129,26.187,27.703,23.679,18.498,20.053,22.719,-4.605,8.924,6.648,1.56,21.218,16.853,5.608,19.675,30.429,30.641,26.566,24.25,17.273,16.544,12.62,10.471,-42.684,-32.427,-5.947,12.36,26.672,25.4,13.63,NA,NA,28.416,28.658,28.076,23.149,-1.069,11.587
"1972-06",-5.213,7.645,4.341,19.448,23.109,18.64,26.698,25.251,27.931,20.565,24.882,22.952,21.356,6.792,12.914,2.312,11.683,17.807,16.744,23.471,31.303,28.835,25.552,27.064,22.384,15.986,17.852,21.291,1.976,15.289,13.238,8.773,25.147,19.914,9.518,22.228,32.554,29.098,26.195,21.871,15.074,13.627,10.677,8.993,-43.572,-31.446,-1.258,13.855,26.384,24.711,16.411,NA,NA,29.006,27.859,27.585,22.866,-1.525,13.334
"1972-07",-3.085,10.334,8.194,22.297,27.778,22.515,27.278,25.404,28.143,20.605,24.999,21.696,20.736,5.421,12.209,1.748,11.592,17.862,18.848,25.886,31.526,27.659,25.092,26.327,20.867,15.958,16.336,19.632,7.511,19.864,16.518,10.632,28.17,23.917,11.011,25.062,34.48,28.237,26.332,21.714,14.58,12.618,10.863,8.594,-45.521,-32.58,-0.339,14.945,26.311,24.012,18.716,NA,NA,27.777,27.531,27.382,21.619,-3.491,14.347
"1972-08",-6.39,8.593,8.548,21.869,29.603,23.879,26.193,25.434,28.134,21.132,25.582,22.071,22.665,6.441,14.788,2.184,12.753,20.79,19.234,26.567,31.129,26.732,24.947,26.19,21.816,16.712,17.831,20.049,6.821,17.103,14.269,11.236,27.019,22.591,10.933,24.64,34.057,27.906,26.41,23.522,15.578,13.957,10.99,8.267,-44.76,-34.213,-0.924,16.163,26.162,23.865,19.814,NA,NA,27.194,27.306,27.136,21.498,-3.239,14.361
"1972-09",-11.509,4.402,3.272,16.901,24.944,20.601,25.114,25.055,27.751,22.124,26.633,23.839,26.194,9.894,18.867,5.93,8.856,15.025,13.96,22.809,28.822,27.284,25.43,26.295,22.211,20.94,20.049,21.458,1.556,12.513,7.092,5.194,22.3,15.856,8.533,21.157,30.291,28.074,26.397,26.557,20.123,18.206,13.028,8.767,-45.851,-31.773,-4.438,15.673,26.196,23.876,18.394,NA,NA,27.224,27.297,27.151,21.534,-3.3,12.615
"1972-10",-18.64,0.341,-1.386,11.827,14.472,11.236,21.58,24.181,27.425,22.218,26.559,26.294,27.546,9.3,20.805,6.018,5.206,12.146,7.377,18.637,24.593,27.662,25.748,26.068,23.625,23.622,23.912,24.142,-6.776,3.654,-1.631,-3.862,15.202,7.175,2.475,15.886,25.717,26.397,26.033,27.996,23.485,20.782,15.809,10.1,-38.989,-27.101,-8.563,13.937,26.421,24.374,16.617,NA,NA,26.492,26.827,26.693,22.594,-0.451,10.271
"1972-11",-23.39,-6.285,-5.431,1.957,5.914,6.65,15.424,23.702,26.46,21.691,25.791,26.352,25.672,11.382,22.558,8.586,-0.03,5.354,-0.536,13.355,19.43,26.776,25.264,25.476,23.735,24.4,24.671,25.077,-16.852,-2.63,-9.617,-13.839,9.869,-1.678,-4.473,8.099,21.568,22.993,25.15,29.548,27.82,22.393,19.024,11.253,-28.87,-16.243,-21.576,11.878,26.678,25.194,14.781,NA,NA,26.153,26.792,26.834,23.448,1.573,7.714
"1972-12",-27.927,-13.461,-12.726,-0.198,1.708,2.689,12.313,22.284,25.222,21.586,25.044,26.194,25.345,13.444,23.812,10.638,-3.48,-1.2,-9.431,8.282,14.681,24.612,23.76,24.038,23.084,24.616,25.265,26.352,-29.348,-13.375,-19.17,-22.197,3.136,-5.398,-9.296,3.928,15.599,19.217,24.551,29.528,28.454,24.621,20.343,14.341,-22.996,-8.273,-22.789,9.458,27.229,26.201,12.74,NA,NA,24.883,25.902,26.219,24.457,3.183,4.733
"1973-01",-29.157,-24.157,-23.075,-2.482,-3.656,-1.894,12.18,21.878,24.65,21.541,25.071,25.645,25.146,15.488,25.358,14.259,-1.784,1.821,-7.65,8.226,14.07,23.363,23.279,23.842,23.254,24.218,24.424,26.178,-26.432,-14.405,-24.82,-21.446,-1.498,-11.996,-12.11,0.099,14.96,17.369,24.164,30.961,29.788,25.494,21.512,14.777,-19.827,-7.435,-17.534,6.912,27.509,27.01,10.979,NA,NA,23.84,24.982,25.451,25.072,4.015,3.481
"1973-02",-23.304,-21.045,-27.328,-4.154,-2.077,-0.042,15.547,22.961,24.541,22.06,25.144,25.528,25.177,14.684,25.762,11.463,-5.671,-3.596,-12.928,8.952,17.42,26.4,25.241,25.783,24.028,24.544,25.043,26.57,-21.95,-15.578,-20.829,-16.493,3.01,-9.186,-12.155,1.314,17.576,19.786,24.465,30.048,30.204,26.634,22.06,16.746,-26.72,-12.213,-14.948,10.566,27.467,27.464,9.389,NA,NA,23.628,25.294,25.716,26.356,4.182,3.912
"1973-03",-25.753,-11.917,-20.915,4.997,4.45,0.139,17.153,23.692,24.261,22.57,26.436,25.495,25.063,13.765,22.974,10.617,-6.503,-2.345,-8.666,11.828,21.008,28.453,26.265,26.932,24.307,23.664,23.275,25.823,-20.36,-6.044,-13.015,-14.109,10.287,3.493,-6.073,7.832,21.323,24.079,25.49,29.26,26.948,23.43,19.614,13.773,-35.845,-23.02,-14.151,7.067,27.515,27.428,11.426,NA,NA,25.456,26.367,26.721,26.669,2.926,5.746
"1973-04",-19.384,-6.452,-11.392,7.337,12.665,9.176,19.916,25.497,25.617,22.372,25.777,24.937,24.505,12.178,21.246,7.655,-0.56,6.46,3.605,14.242,25.197,30.042,26.933,28.406,24.558,21.92,22.875,25.159,-16.283,0.941,-4.773,-8.673,16.58,12.311,2.958,15.319,26.16,28.668,26.451,27.831,25.094,20.935,18.793,11.829,-39.451,-25.821,-10.173,9.441,27.359,26.321,11.811,NA,NA,26.969,27.965,27.628,26.288,0.658,8.88
"1973-05",-10.25,3.272,-1.721,14.149,17.999,15.044,22.076,26.227,26.768,22.033,25.787,23.733,23.409,9.115,17.119,5.947,6.336,14.305,12.119,18.87,29.431,30.315,26.524,28.472,23.947,19.807,20.231,23.25,-4.516,10.442,5.023,-0.116,21.749,15.096,5.6,17.895,30.536,31.461,26.674,24.983,19.055,16.529,13.926,10.805,-42.905,-26.799,-5.325,12.013,27.571,25.546,13.875,NA,NA,28.779,28.445,27.982,24.809,-0.872,11.725
"1973-06",-4.901,7.501,1.969,17.322,21.923,18.333,25.652,25.941,28.093,21.416,25.445,22.826,21.93,7.947,15.363,2.696,9.955,18.287,17.61,23.78,32.941,29.505,26.046,27.907,22.346,16.872,17.598,20.946,3.332,15.044,13.303,6.89,25.055,19.938,9.587,21.198,33.653,31.892,26.696,21.406,14.647,13.746,11.109,8.708,-40.762,-31.152,-1.038,14.32,27.462,25.043,15.612,NA,NA,29.463,27.681,27.428,23.432,-1.526,13.73
"1973-07",-4.518,11.414,6.586,20.733,26.453,21.648,26.782,25.57,28.406,21.389,25.751,23.029,21.731,6.219,13.069,2.879,11.526,17.814,15.769,26.571,32.052,27.551,25.074,26.461,21.564,16.499,17.202,20.68,6.51,18.231,15.107,11.704,27.103,22.069,11.054,23.868,33.855,29.549,26.215,21.299,14.894,12.131,11.278,6.899,-40.36,-34.767,-0.474,16.128,27.191,23.347,18.094,NA,NA,27.499,27.441,27.212,22.511,-2.74,14.52
"1973-08",-6.059,8.748,5.981,21.607,27.582,21.724,27.133,25.92,28.698,22.151,26.392,23.667,24.475,8.861,16.608,3.135,11.715,18.633,19.578,26.183,31.466,27.229,25.322,26.784,21.774,17.654,17.278,20.649,5.854,18.817,12.465,8.674,26.364,21.033,11.193,24.643,33.172,28.928,26.081,21.679,16.552,12.696,11.428,7.769,-42.264,-29.485,0.18,16.405,27.104,22.921,19.369,NA,NA,27.119,27.346,27.186,21.916,-4.259,14.511
"1973-09",-11.616,5.706,3.185,17.527,23.031,18.468,25.23,25.78,28.268,22.866,27.232,25.383,26.504,9.344,18.971,4.899,10.332,15.262,14.869,22.344,29.388,27.69,26.105,27.068,23.132,19.825,20.495,22.088,1.362,10.506,5.137,3.418,21.276,14.07,6.919,20.979,30.066,28.309,25.937,25.786,20.643,17.486,13.371,8.773,-42.027,-33.216,-0.508,16.213,27.233,23.337,18.515,NA,NA,26.909,27.665,27.29,21.541,-2.945,12.741
"1973-10",-15.364,-0.099,-2.645,11.131,15.839,11.831,21.719,24.619,27.328,22.817,27.496,27.039,27.681,10.243,20.791,6.708,5.665,9.581,8.938,17.094,26.956,28.567,26.332,26.975,23.935,22.385,22.693,23.698,-6.993,3.556,-2.674,-5.708,17.045,6.308,1.358,14.369,26.537,27.101,25.96,27.511,24.174,20.938,15.804,9.127,-38.904,-24.335,-2.004,14.282,27.428,23.915,16.792,NA,NA,26.412,27.501,27.241,22.536,-1.212,10.44
"1973-11",-24.39,-7.621,-10.081,1.958,7.653,7.709,16.823,24.408,26.543,22.617,26.729,27.131,26.376,12.938,22.031,10.133,2.106,4.066,-2.502,13.246,19.994,26.971,25.352,25.829,24.478,25.379,23.974,24.524,-15.533,-4.154,-10.907,-15.349,8.464,-0.475,-4.923,9.029,23.392,23.97,25.915,30.411,25.859,22.524,16.857,13.085,-31.326,-14.321,-6.726,11.791,27.561,24.818,14.304,NA,NA,27.088,27.554,27.534,23.484,0.179,7.502
"1973-12",-28.492,-16.818,-16.888,-0.9,2.03,3.468,13.614,23.454,25.51,22.806,26.268,26.523,26.362,14.069,25.609,10.818,-1.571,-4.315,-9.227,7.908,14.96,25.412,24.85,24.934,23.71,26.072,26.411,26.542,-21.786,-12.592,-21.521,-22.331,1.524,-10.829,-12.905,2.163,17.53,19.087,25.512,30.515,29.27,23.893,20.877,12.506,-20.882,-8.173,-8.228,8.194,27.856,25.535,12.451,NA,NA,25.602,27.002,27.353,24.347,2.484,4.88
"1974-01",-28.162,-16.521,-27.979,-5.505,-4.991,-4.941,10.894,22.75,24.942,23.156,26.481,25.545,25.86,16.453,26.662,14.222,0.026,-1.331,-8.96,6.885,13.371,23.974,23.532,23.859,23.585,25.47,25.168,26.128,-24.916,-12.803,-20.109,-23.731,-1.378,-11.421,-12.791,0.653,14.215,19.037,25.291,31.38,31.617,26.804,23.437,14.186,-19.503,-7.373,-25.454,6.541,27.947,26.81,10.185,NA,NA,24.998,26.531,26.871,26.169,3.968,3.898
"1974-02",-25.782,-14.069,-23.137,0.073,-0.547,-2.089,12.802,22.505,24.042,23.555,27.052,25.848,25.725,15.665,25.074,13.157,-5.017,-3.091,-13.508,8.439,17.366,27.228,25.844,26.035,24.646,24.983,25.976,27.862,-32.447,-18.139,-23.709,-25.135,3.666,-7.795,-13.394,2.841,19.202,20.435,25.552,31.029,32.548,27.497,24.646,13.234,-27.586,-12.988,-18.897,4.829,28.025,27.444,10.826,NA,NA,23.823,26.718,27.115,26.85,3.789,3.963
"1974-03",-26.567,-10.049,-18.705,3.586,4.711,2.748,15.419,23.713,24.727,23.909,28.113,25.904,26.399,14.242,24.334,11.432,-1.435,1.674,-6.02,11.108,21.982,29.974,27.38,27.331,24.885,25.157,24.634,26.915,-24.852,-7.903,-12.186,-17.118,8.557,1.662,-7.328,7.459,21.008,24.425,26.221,30.03,27.244,24.155,19.865,12.626,-36.106,-21.525,-23.934,6.552,27.919,27.119,10.835,NA,NA,25.522,27.718,27.77,27.089,2.996,6.139
"1974-04",-23.894,-3.766,-8.981,7.456,13.609,11.449,19.385,26.341,25.722,23.374,27.102,25.548,25.334,12.279,20.735,7.924,3.685,10.189,2.682,16.128,24.837,31.139,27.579,28.531,24.641,23.413,22.664,25.095,-11.207,3.724,2.409,-6.583,14.218,10.231,-0.957,13.513,24.916,28.034,27.104,28.698,24.46,21.722,16.455,11.538,-41.849,-26.486,-14.866,9.453,27.829,26.507,11.76,NA,NA,26.652,28.771,28.262,26.171,1.593,9.415
"1974-05",-9.232,3.162,-0.861,13.235,19.539,17.311,21.941,26.701,26.801,22.594,26.351,24.896,24.518,9.353,16.565,4.983,8.241,14.762,12.764,19.608,29.261,31.136,27.425,28.193,24.107,20.794,20.631,23.367,-3.237,10.443,6.8,3.035,22.424,15.777,5.272,19.178,30.18,32.48,27.517,24.332,18.2,16.977,12.842,9.154,-44.225,-27.42,-5.42,12.669,27.599,25.791,13.25,NA,NA,28.158,29.659,28.798,24.652,-1.512,12.148
"1974-06",-5.821,9.901,4.503,18.237,22.926,19.378,25.498,26.643,28.38,21.67,25.843,23.169,21.69,8.143,14.284,3.034,11.993,16.923,17.806,23.893,31.544,29.7,26.172,27.77,22.615,16.122,17.195,21.043,3.409,15.818,11.51,7.671,24.821,20.721,9.156,21.819,33.65,33.29,27.038,21.809,14.536,13.183,11.252,8.107,-42.288,-28.656,-0.827,14.194,27.177,24.73,15.569,NA,NA,30.283,29.101,28.552,23.018,-2.357,13.834
"1974-07",-3.213,10.979,7.437,22.711,25.727,22.472,26.865,25.845,28.814,21.578,25.823,22.268,21.852,7.769,15.763,2.975,15.153,18.761,20.05,25.943,32.275,28.337,25.482,26.898,21.888,15.294,16.479,20.477,8.37,18.58,15.217,13.211,27.521,21.996,11.932,24.733,33.512,29.96,26.541,22.324,14.206,13.188,10.985,7.964,-44.355,-33.871,0.064,16.276,27.023,23.81,17.969,NA,NA,28.192,28.107,27.902,22.404,-2.072,14.718
"1974-08",-5.287,9.553,9.426,23.55,27.753,23.609,27.226,25.841,28.89,22.137,26.448,22.396,23.156,8.148,16.242,3.572,12.565,19.538,19.031,26.448,31.605,27.712,25.449,26.503,21.96,18.411,18.595,20.334,5.608,18.545,13.771,11.36,26.727,20.465,11.492,24.524,34.541,29.037,26.526,23.691,16.371,14.852,11.355,7.905,-46.112,-33.787,0.007,16.541,26.582,23.378,19.326,NA,NA,27.601,27.688,27.539,21.433,-3.296,14.571
"1974-09",-12.865,7.487,3.996,18.206,23.221,18.913,25.85,25.562,28.249,22.815,27.453,25.019,26.521,10.284,19.196,6.645,9.983,14.743,12.513,22.355,28.287,28.128,25.959,27.006,22.917,21.037,22.26,22.271,2.036,11.736,6.579,3.832,20.395,13.954,9.039,20.458,29.963,28.164,26.322,26.382,18.88,17.275,12.709,9.732,-44.107,-28.487,-1.324,15.704,26.831,23.697,18.871,NA,NA,27.217,27.386,27.184,21.41,-3.331,12.803
"1974-10",-21.729,-0.961,-2.052,12.264,16.649,15.534,22.361,24.891,27.276,22.453,27.17,26.076,26.602,11.451,20.425,8.714,7.186,10.605,6.238,17.769,24.649,28.502,26.008,26.214,23.934,23.537,24.804,24.286,-3.601,4.807,0.924,-2.614,14.371,7.661,2.362,13.878,25.604,26.86,25.833,28.634,23.278,19.413,14.764,10.743,-37.564,-25.235,-4.767,14.328,26.893,24.135,17.292,NA,NA,27.023,26.828,26.795,22.564,-0.398,10.622
"1974-11",-21.467,-9.122,-8.054,4.576,7.656,6.109,16.789,23.875,26.173,22.083,26.266,26.499,25.133,11.852,21.412,9.659,-1.555,2.975,-0.259,13.656,20.645,27.203,25.212,25.194,23.588,24.653,25.082,25.234,-16.449,-2.436,-12.767,-12.752,11.269,1.153,-5.605,8.979,21.5,23.254,25.453,30.527,27.731,23.194,17.681,13.872,-29.677,-18.241,-12.13,12.679,26.979,24.644,14.571,NA,NA,26.352,27.047,26.96,24.044,1.589,7.618
"1974-12",-27.017,-11.91,-16.764,0.765,2.278,2.347,13.171,22.55,25.106,21.828,25.428,26.183,25.046,14.116,23.734,11.318,-3.899,1.025,-3.884,9.338,14.767,23.893,24.02,24.155,23.763,25.186,24.67,25.363,-22.529,-6.556,-17.844,-23.578,4.984,-6.3,-11.775,2.32,17.182,18.921,24.537,31.287,29.818,24.804,20.881,16.228,-20.908,-8.836,-17.573,8.901,27.474,26.073,13.463,NA,NA,25.099,26.462,26.878,25.089,3.234,5.496
"1975-01",-25.563,-13.08,-22.07,-1.209,-1.619,-0.375,12.465,22.22,24.182,22.237,25.771,25.768,25.093,15.515,25.596,12.874,-1.465,0.204,-6.779,8.419,13.877,24.062,24.041,24.108,23.761,25.312,24.939,26.116,-21.944,-12.077,-21.542,-24.22,1.421,-11.689,-14.377,-0.512,16.129,17.633,23.936,30.181,31.655,26.723,23.422,15.447,-19.178,-6.715,-16.296,9.697,27.675,26.64,11.835,NA,NA,24.093,25.597,26.066,26.251,4.594,4.632
"1975-02",-27.043,-13.976,-24.144,1.992,2.038,-0.14,14.676,22.686,24.601,22.089,25.619,25.615,24.836,15.21,25.685,12.987,-0.693,0.981,-6.814,8.443,15.548,25.997,24.589,25.072,23.749,24.741,24.838,26.572,-26.338,-14.607,-22.134,-25.058,2.291,-8.097,-11.084,1.389,16.642,19.576,24.424,28.938,29.329,25.516,21.762,14.97,-27.12,-12.431,-15.488,7.366,27.625,27.299,11.643,NA,NA,24.057,25.496,25.829,26.943,4.492,4.109
"1975-03",-22.199,-7.991,-19.746,6.052,4.649,0.155,15.765,22.787,24.434,22.678,26.304,26.138,25.672,15.051,24.948,11.127,-2.648,0.809,-9.593,11.362,21.609,29.436,27.136,28.179,25.008,24.428,24.329,26.243,-19.241,-12.517,-16.064,-16.772,8.187,-0.689,-6.308,6.332,22.516,24.847,25.871,28.749,27.364,23.323,20.691,14.075,-36.055,-23.538,-5.965,7.201,27.803,27.453,11.83,NA,NA,24.841,26.334,26.414,26.891,2.568,5.863
"1975-04",-16.985,-3.839,-11.743,8.536,13.042,9.798,19.611,25.345,25.684,22.924,26.711,25.666,25.29,13.285,21.076,9.118,3.082,9.343,4.302,15.172,24.829,30.315,27.43,28.51,24.715,23.051,22.844,25.445,-13.534,0.37,-4.242,-8.983,15.361,7.407,-0.363,12.573,25.85,28.033,26.882,27.044,22.875,19.638,16.224,12.302,-40.942,-26.412,-3.609,9.306,27.861,27.06,12.496,NA,NA,26.3,28.15,27.794,26.23,0.539,8.886
"1975-05",-11.697,4.446,-2.834,13.175,19.223,15.21,22.424,26.16,26.283,22.375,25.963,24.213,24.138,10.021,18.263,5.146,11.378,15.597,13.581,18.19,29.171,30.357,26.858,28.132,24.049,20.905,20.648,23.037,-1.766,7.125,5.176,1.35,18.811,15.13,4.77,19.193,29.28,31.58,27.18,24.407,19.393,16.73,14.286,10.079,-43.58,-29.546,-1.424,12.242,27.421,25.83,13.887,NA,NA,27.889,29.161,28.429,24.702,-0.946,11.775
"1975-06",-3.738,9.323,3.734,18.033,23.59,19.791,25.055,25.913,27.416,21.462,25.696,22.859,21.999,7.075,14.729,2.836,12.65,18.46,21.048,21.367,31.705,28.518,25.885,27.816,22.725,17.114,17.916,21.252,4.523,16.583,12.202,8.857,25.39,19.991,9.433,21.538,33.087,32.758,26.75,21.67,15.853,13.973,11.453,8.524,-44.598,-35.603,-0.36,13.954,27.03,24.54,16.276,NA,NA,29.83,28.719,28.128,23.616,-1.301,13.659
"1975-07",-2.741,11.084,6.962,20.116,25.455,22.43,26.179,25.631,28.167,20.563,25.146,21.778,19.874,6.56,11.879,2.061,13.511,17.917,17.945,25.366,31.806,27.509,24.789,26.5,21.829,15.319,16.389,20.927,8.122,19.134,15.885,11.378,27.372,23.318,11.476,24.407,33.857,29.69,26.185,22.227,15.929,13.393,10.973,8.219,-44.078,-33.29,0.711,15.797,26.418,23.178,18.112,NA,NA,28.554,28.04,27.869,22.948,-2.508,14.345
"1975-08",-5.636,8.732,8.291,21.253,27.621,22.845,26.838,25.754,28.297,21.924,26.119,22.167,23.303,8.656,17.766,3.146,14.156,19.099,16.077,25.297,30.958,26.795,24.7,26.112,22.226,17.986,18.624,20.936,6.602,14.158,13.783,11.189,26.234,20.308,11.284,25.352,33.408,28.474,26.23,22.229,15.234,13.377,10.879,9.318,-44.793,-36.169,0.924,16.12,26.247,22.92,19.922,NA,NA,27.883,27.643,27.603,22.226,-3.385,14.158
"1975-09",-11.517,5.173,5.142,19.39,22.861,18.403,25.894,25.683,28.099,22.813,27.351,24.532,26.853,9.647,19.392,5.44,10.272,16.442,14.661,22.874,29.971,27.323,25.455,26.767,23.225,20.625,20.902,22.329,1.292,10.512,6.743,4.628,21.882,13.613,7.678,19.58,30.724,28.373,26.376,26.028,19.841,16.919,12.965,8.94,-44.314,-32.663,-1.149,15.599,26.618,23.543,19.785,NA,NA,27.72,27.285,27.218,22.408,-2.43,12.793
"1975-10",-15.161,-0.355,-1.282,12.318,17.569,12.79,22.268,25.305,27.461,22.61,26.985,26.444,27.156,10.761,21.553,7.789,6.037,10.5,7.61,17.821,26.09,28.515,26.216,26.315,23.295,24.34,24.239,24.033,-6.912,3.385,-2.766,-3.731,14.06,5.935,1.954,13.547,25.067,25.696,25.974,28.153,23.859,19.91,15.067,9.209,-41.366,-26.729,-3.472,13.892,26.875,23.746,18.125,NA,NA,26.777,27.455,27.164,22.929,-0.908,10.167
"1975-11",-22.011,-8.384,-10.607,3.883,7.854,7.109,17.953,23.884,26.302,22.274,26.72,27.146,26.061,12.473,22.726,9.928,2.234,5.189,-1.476,13.506,20.263,27.21,25.048,24.946,23.747,24.742,24.952,25.053,-17.204,-3.632,-9.989,-15.467,10.035,-0.262,-5.211,8.846,22.354,22.896,25.551,30.459,27.287,22.623,18.035,11.535,-28.579,-17.614,-4.483,11.608,26.899,24.753,15.841,NA,NA,26.669,27.034,27.049,23.912,1.006,7.74
"1975-12",-24.581,-16.826,-20.433,-0.267,0.904,2.418,13.697,23.143,25.868,22.064,25.711,26.557,25.698,14.327,24.153,11.076,-1.252,1.685,-7.182,9.758,15.065,23.713,23.396,24.047,23.436,24.91,24.403,25.365,-26.387,-11.102,-18.301,-20.734,4.867,-5.774,-9.509,3.712,16.853,19.707,24.776,31.663,30.532,26.013,20.377,14.423,-21.03,-8.915,-16.129,10.617,27.453,25.775,12.441,NA,NA,25.55,26.416,26.714,25.646,3.227,5.156
"1976-01",-29.564,-13.668,-25.925,-1.432,-3.34,-3.924,12.818,22.312,24.544,22.236,25.602,26.123,25.22,15.856,25.833,13.648,-3.575,0.66,-7.378,7.547,13.082,22.413,23.472,23.973,23.915,25.575,24.985,25.882,-23.995,-10.01,-18.601,-24.123,2.153,-9.473,-13.334,1.016,14.354,17.64,24.4,32.463,31.869,27.12,21.961,15.727,-18.866,-7.163,-20.178,8.957,27.782,26.974,11.442,NA,NA,23.682,25.821,26.319,26.707,4.172,4.423
"1976-02",-27.057,-12.001,-22.755,2.474,0.617,-1.992,14.128,21.484,23.998,22.406,25.972,25.442,25.28,14.917,25.29,11.992,-3.466,0.125,-10.323,8.854,15.885,25.115,24.945,25.337,24.18,24.426,24.064,26.502,-24.412,-12.854,-16.782,-23.051,4.3,-4.451,-10.926,3.368,17.57,20.991,24.737,30.157,31.33,26.069,24.567,16.15,-27.731,-12.798,-16.817,6.742,27.636,27.446,11.14,NA,NA,24.59,25.835,26.199,27.146,3.97,4.695
"1976-03",-21.975,-13.352,-19.456,6.076,7.892,4.565,18.326,23.789,25.026,22.628,26.141,25.474,25.483,13.475,23.565,10.119,-2.792,0.387,-7.74,10.924,20.917,29.276,27.127,27.7,24.895,25.671,24.237,25.858,-19.814,-11.623,-16.047,-16.079,6.611,-1.495,-7.034,6.689,21.138,24.338,26.027,29.401,26.639,25.256,18.679,14.77,-37.079,-21.102,-10.718,7.792,27.84,27.421,10.687,NA,NA,25.066,27.074,27.031,26.954,2.32,5.659
"1976-04",-23.22,-6.491,-11.281,8.335,16.103,11.421,20.798,24.151,24.68,22.492,25.898,25.14,25.324,11.349,20.079,6.51,4.342,9.42,3.078,14.925,25.577,30.439,27.38,29.458,24.998,23.095,21.993,25.175,-10.731,0.465,-3.231,-6.911,15.697,7.308,1.158,12.615,26.62,29.667,26.634,28.372,24.003,21.274,16.93,12.47,-42.68,-24.168,-8.994,9.588,27.619,27.022,12.622,NA,NA,27.068,28.654,28.142,26.205,0.734,8.969
"1976-05",-10.85,2.995,-1.208,13.92,19.263,14.206,22.591,25.083,26.289,21.879,25.508,24.354,23.899,10.203,17.837,5.426,8.001,14.789,11.495,17.762,29.441,30.134,26.906,28.545,24.159,19.896,20.362,22.833,-1.951,9.436,6.219,2.112,22.242,16.919,7.149,18.65,30.261,32.33,26.811,24.139,18.155,15.986,13.45,10.348,-41.886,-24.474,-5.221,12.373,27.609,26.141,14.272,NA,NA,28.857,29.207,28.61,24.767,-2.378,12.096
"1976-06",-4.025,8.429,3.38,17.056,22.8,18.038,25.627,25.908,27.899,21.231,25.278,22.908,22.18,8.738,14.825,4.102,11.517,18.19,17.63,21.339,32.263,29.209,26.302,27.91,22.713,16.62,17.155,21.332,3.411,13.18,13.241,10.483,26.574,20.589,10.01,21.66,32.428,31.133,26.612,23.303,17.215,14.932,12.182,8.484,-41.858,-29.523,-0.636,14.671,27.104,24.225,17.093,NA,NA,29.752,28.391,28.007,23.426,-1.382,13.837
"1976-07",-3.176,11.953,7.492,22.181,24.609,20.6,25.724,25.665,28.364,21.401,25.572,22.345,22.39,7.775,16.146,2.982,13.164,17.926,20.254,25.545,31.805,27.422,24.789,26.26,21.533,16.939,17.306,20.214,5.093,17.731,15.688,12.662,27.531,21.774,11.358,24.647,33.713,29.311,26.14,22.224,15.802,12.984,11.223,8.008,-45.532,-35.172,-0.243,16.146,26.838,23.291,19.037,NA,NA,28.333,27.79,27.586,21.95,-4.048,14.346
"1976-08",-6.01,12.554,6.82,21.705,24.041,19.79,27.329,25.894,28.259,22.118,26.305,23.681,23.783,8.946,16.824,3.625,12.442,18.23,20.369,25.55,31.433,27.448,25.352,26.98,22.29,18.687,19.034,20.677,5.795,17.1,13.483,10.17,26.562,19.922,9.943,24.525,33.536,28.882,26.032,21.928,15.944,13.405,11.678,7.526,-43.493,-33.925,-0.793,17.248,26.707,22.035,19.906,NA,NA,27.93,27.619,27.417,21.742,-2.431,14.433
"1976-09",-10.797,6.581,2.749,19.03,21.688,17.955,25.395,25.983,28.303,22.851,26.884,26.017,27.262,10.043,20.27,5.362,9.232,13.249,11.656,21.797,29.853,28.253,26.087,27.419,23.001,21.398,20.886,22.006,1.005,10.617,5.086,5.065,22.082,15.334,6.732,20.811,30.088,29.544,25.938,25.321,19.696,16.979,12.955,8.935,-44.012,-33.285,-0.248,16.788,26.868,22.831,19.166,NA,NA,28.133,28.216,27.665,21.767,-3.672,12.682
"1976-10",-12.77,-1.409,-2.254,9.882,16.189,14.144,21.815,25.326,27.548,23.037,27.368,27.772,27.894,11.217,21.425,7.062,6.497,8.607,3.225,17.079,26.761,28.96,26.287,26.913,23.836,23.927,23.185,23.873,-7.969,0.209,-2.302,-5.014,16.235,8.741,2.014,16.392,27.529,28.529,26.026,28.443,24.101,20.773,14.666,9.899,-40.371,-27.613,-3.257,15.122,26.996,23.254,17.52,NA,NA,27.812,27.296,26.959,22.919,-1.99,10.344
"1976-11",-23.343,-7.178,-9.444,2.125,6.039,7.342,15.671,24.502,26.486,22.609,26.612,28.076,27.019,12.098,22.334,9.157,2.774,5.301,-1.358,11.693,18.378,26.354,24.707,24.88,23.328,25.143,24.2,24.663,-17.417,-2.373,-6.628,-12.285,8.455,2.601,-4.563,11.68,21.891,25.167,26.004,30.049,28.325,24.525,19.582,11.271,-28.608,-16.553,-11.595,11.955,27.34,24.157,14.431,NA,NA,27.646,27.661,27.531,23.821,1.786,7.988
"1976-12",-24.865,-15.712,-17.938,0.348,1.241,-0.042,14.126,22.99,25.419,23.101,26.156,26.087,25.528,14.041,24.091,11.009,-1.645,3.631,-6.018,10.694,16.031,25.337,25.342,25.234,23.734,26.769,26.194,26.404,-27.01,-15.284,-22.153,-23.124,4.693,-7.936,-12.708,4.546,17.297,20.32,25.69,31.881,30.338,26.716,20.155,13.553,-19.488,-8.127,-15.668,8.606,27.66,25.507,12.049,NA,NA,25.895,27.323,27.384,25.836,3.625,5.385
"1977-01",-25.988,-13.594,-20.445,-0.081,0.66,-0.144,12.45,22.158,24.523,23.306,26.479,26.927,26.491,15.137,26.408,11.81,-2.63,1,-8.205,8.065,13.881,24.876,24.905,25.009,24.389,26.577,25.877,26.6,-27.285,-15.215,-24.02,-26.907,1.929,-12.332,-15.295,-0.648,16.403,18.904,25.37,31.38,32.857,28.448,23.379,13.383,-18.27,-6.382,-10.798,5.859,27.681,26.135,11.727,NA,NA,24.615,27.604,27.625,26.777,4.239,4.708
"1977-02",-25.272,-10.899,-21.423,1.069,0.116,-2.114,12.415,22.42,23.881,23.806,27.719,27.679,27.341,15.724,26.033,10.933,-2.593,-0.764,-5.955,7.994,17.237,27.547,26.278,26.65,25.156,26.461,25.948,27.869,-25.575,-13.693,-22.55,-24.138,5.773,-8.983,-12.995,0.127,18.391,20.568,25.386,31.678,31.803,27.534,22.822,13.6,-27.131,-12.449,-13.634,7.505,27.891,26.787,12.25,NA,NA,24.417,27.692,27.783,27.725,3.751,4.885
"1977-03",-22.312,-10.505,-19.053,4.047,4.56,3.537,16.188,24.365,24.298,24.188,27.843,27.177,27.223,13.772,23.52,9.411,0.785,1.476,-4.733,9.409,21.9,30.598,28.176,28.972,26.226,25.841,24.504,26.405,-21.592,-9.019,-15.372,-18.709,9.141,1.414,-5.215,7.422,21.804,25.363,26.778,31.206,29.609,25.44,22.157,13.891,-36.936,-22.631,-10.476,7.563,28.079,27.244,12.009,NA,NA,25.568,28.121,28.071,27.822,2.41,6.374
"1977-04",-21.025,-1.797,-10.111,9.177,10.844,8.082,19.343,25.494,25.17,23.875,27.396,26.772,26.771,12.936,21.265,8.102,4.229,9.315,4.217,14.182,25.716,31.746,27.91,28.962,25.309,24.209,22.807,25.466,-10.693,-0.61,-4.285,-7.71,13.341,8.391,2.434,14.162,24.785,29.127,27.852,29.347,24.86,21.494,17.828,11.992,-39.429,-25.93,-9.956,9.9,28.004,26.502,13.588,NA,NA,27.55,29.844,29.346,27.351,0.954,9.465
"1977-05",-11.8,4.397,-1.863,13.621,19.511,16.833,21.852,26.466,26.599,22.792,26.667,25.253,24.153,8.477,15.489,4.459,8.471,15.151,14.515,18.856,29.023,31.387,27.663,28.836,24.783,20.485,20.522,24.112,-1.556,11.519,5.587,0.521,20.651,16.144,4.332,18.708,29.798,30.929,27.853,25.199,20.383,17.042,14.349,9.797,-44.405,-30.09,-3.99,12.473,27.407,24.924,15.176,NA,NA,28.739,29.939,29.165,26.177,-2.084,12.004
"1977-06",-4.086,8.876,4.585,16.539,22.344,20.327,25.329,27.394,28.086,21.753,25.978,23.659,22.28,8.048,12.995,3.239,12.508,18.176,14.738,23.204,32.552,30.357,26.535,27.821,22.722,17.031,17.76,21.579,3.655,13.477,12.394,6.849,25.935,21.064,9.784,22.505,33.79,33.771,27.367,23.197,16.801,14.689,11.733,9.191,-44.221,-30.512,0.486,14.194,27.18,24.906,16.833,NA,NA,30.643,29.424,28.813,23.618,-2.335,13.856
"1977-07",-2.236,10.354,9.095,21.478,28.366,23.714,27.042,26.557,28.696,21.197,25.473,22.626,21.097,6.202,11.621,2.268,14.076,18.949,17.541,25.854,31.978,28.706,25.392,26.082,21.522,16.231,16.412,19.596,9.271,17.947,14.462,11.23,26.994,21.945,11.865,24.685,33.903,29.778,26.822,22.354,15.092,13.03,10.475,7.357,-46.487,-31.213,1.316,15.597,26.615,23.656,19.017,NA,NA,28.897,28.377,28.295,22.077,-3.91,14.449
"1977-08",-5.089,9.451,8.563,22.36,28.848,23.578,26.903,26.224,28.626,22.055,26.637,23.55,24.108,7.676,14.757,3.805,13.811,20.996,19.96,26.521,31.204,27.588,25.443,26.275,22.107,18.325,19.392,20.678,8.462,18.338,15.316,11.249,26.401,21.958,11.659,25.011,33.589,28.697,26.671,23.986,17.094,15.649,11.484,8.212,-45.651,-30.503,0.869,16.104,26.412,23.669,20.676,NA,NA,27.727,27.679,27.682,21.498,-4.54,14.873
"1977-09",-10.714,5.139,4.686,17.387,22.491,19.366,25.488,25.937,28.07,22.999,27.849,25.505,27.313,9.601,18.04,6.575,9.966,15.866,16.379,22.37,28.466,28.447,26.275,27.125,23.017,21.833,21.435,21.572,2.355,13.333,7.058,6.07,22.1,14.498,8.456,20.025,30.619,28.043,26.7,27.289,20.148,18.392,13.227,9.422,-45.362,-30.237,-1.469,15.536,26.628,23.833,20.346,NA,NA,27.391,27.743,27.621,21.611,-3.07,12.982
"1977-10",-14.784,-0.064,-1.804,8.969,14.03,13.807,21.6,25.1,27.253,22.908,27.754,26.746,28.125,10.397,20.395,8.059,4.292,8.689,5.992,17.584,24.315,28.506,26.439,26.497,23.881,24.997,23.495,23.476,-4.808,5.458,-0.032,-2.579,16.43,8.273,3.588,14.262,26.299,27.528,26.074,29.607,23.723,21.644,15.352,10.409,-41.424,-29.612,-3.107,14.352,26.883,24.859,17.798,NA,NA,27.298,27.816,27.562,22.775,-1.285,10.351
"1977-11",-23.023,-7.936,-8.271,3.985,9.141,8.418,16.595,24.096,26.248,22.109,26.725,26.934,25.979,13.129,22.061,10.43,2.069,3.353,-4.179,12.289,19.972,27.743,25.958,25.955,24.501,25.433,25.017,25.383,-17.324,-7.628,-13.12,-15.363,7.093,-0.653,-2.267,8.258,21.921,23.971,25.992,31.052,27.716,23.102,19.299,13.213,-28.274,-17.108,-4.423,11.417,27.106,25.675,16.112,NA,NA,26.861,27.061,27.063,24.498,1.457,7.579
"1977-12",-22.365,-11.636,-15.181,-0.411,3.165,3.565,13.506,23.318,25.099,22.177,25.934,26.16,25.545,14.469,23.09,11.928,-0.473,0.854,-4.448,8.488,15.174,25.435,24.509,24.695,23.916,25.824,24.508,26.289,-20.126,-10.487,-17.871,-23.994,4.163,-7.665,-10.185,2.174,16.928,19.34,24.623,31.687,30.155,25.265,21.091,14.966,-20.924,-9.151,-12.949,8.868,27.632,26.616,14.204,NA,NA,25.317,26.83,26.988,25.69,3.312,5.743
"1978-01",-20.802,-15.132,-18.833,-5.3,-2.993,-1.347,11.686,22.636,24.467,21.979,25.624,25.315,25.394,15.887,26.086,14.316,-5.528,-1.606,-11.669,8.68,15.843,25.337,24.383,24.543,24.001,25.659,25.12,26.022,-25.873,-17.164,-23.616,-22.856,1.321,-11.126,-13.238,0.787,15.037,17.633,24.72,30.282,29.321,24.718,21.181,14.544,-20.006,-7.48,-11.573,7.746,27.907,27.059,11.099,NA,NA,23.924,25.907,26.393,26.766,4.227,4.216
"1978-02",-24.313,-13.119,-22.367,-3.331,-3.601,-4.953,14.575,23.088,24.49,22.077,25.78,24.696,24.971,15.752,26.241,13.682,-5.539,-1.624,-12.49,9.6,16.312,25.279,24.458,24.822,24.122,25.273,23.763,25.253,-25.621,-15.478,-20.274,-20.76,3.363,-5.71,-11.828,3.907,16.284,20.529,24.919,30.195,30.511,25.888,21.867,16.852,-25.598,-11.482,-16.496,9.472,27.848,27.479,10.454,NA,NA,23.431,26.155,26.481,26.966,3.501,4.277
"1978-03",-24.214,-13.801,-19.417,1.318,7.695,5.387,17.419,23.864,25.002,22.595,26.226,24.939,24.902,15.433,24.111,11.966,-0.026,4.765,-3.958,11.752,18.752,28.339,26.137,26.966,24.633,25.24,23.129,24.99,-21.009,-8.43,-14.374,-16.409,7.86,0.514,-5.417,7.401,19.89,24.345,25.994,28.991,27.598,24.022,20.365,15.073,-36.897,-19.703,-10.711,6.294,27.641,27.434,10.649,NA,NA,24.163,27.053,27.135,26.546,2.144,5.83
"1978-04",-21.442,-3.128,-12.346,10.512,13.383,7.985,19.933,24.295,25.687,22.289,25.977,25.105,24.278,11.499,20.435,7.79,4.694,8.77,4.323,15.343,25.243,30.96,27.632,29.116,25.253,23.819,22.998,24.755,-9.212,2.762,-1.245,-7.684,16.729,9.362,0.469,13.803,26.291,28.651,26.695,27.384,24.375,19.865,17.632,13.022,-41.326,-26.677,-8.424,9.996,27.47,26.737,11.048,NA,NA,25.976,28.39,28.169,25.861,0.277,9.32
"1978-05",-8.935,2.549,-2.514,12.924,19.437,15.377,22.563,25.817,26.376,21.73,25.729,23.385,23.33,9.384,17.027,5.441,7.369,14.687,12.305,18.598,29.658,30.433,26.817,28.572,24.17,19.895,19.653,23.306,-1.968,9.499,6.408,2.395,22.595,16.434,5.925,19.159,30.694,32.238,26.859,25.069,19.058,18.267,13.963,11.419,-43.395,-29.237,-5.582,12.556,27.159,26.071,13.059,NA,NA,28.557,29.441,28.841,25.254,-0.799,11.945
"1978-06",-4.874,8.566,4.005,18.512,23.3,18.87,25.464,25.958,27.904,20.915,25.34,22.485,21.343,7.086,12.968,2.653,10.619,19.042,15.717,24.486,32.828,29.456,25.997,27.844,22.805,17.202,18.254,21.498,4.012,15.256,14.414,8.262,25.778,21.161,9.562,22.07,34.127,32.365,26.693,22.9,17.124,14.68,12.169,9.628,-46.37,-32.55,-1.131,13.718,26.824,25.125,15.71,NA,NA,29.61,28.478,28.001,23.524,-2.54,13.676
"1978-07",-3.908,10.945,8.554,21.12,26.388,22.638,26.444,25.934,28.866,20.916,25.363,22.226,21.222,6.985,13.464,2.775,13.674,19.225,16.817,26.347,31.724,27.656,25.138,26.543,21.842,16.31,17.289,20.102,8.742,18.309,17.314,12.907,27.166,23.118,11.216,24.958,33.907,29.023,26.295,22.792,16.357,13.922,11.505,8.329,-46.176,-36.476,0.209,15.765,26.438,23.955,18.902,NA,NA,28.406,28.242,28.074,21.863,-3.594,14.473
"1978-08",-4.812,7.772,7.436,20.664,28.263,23.612,26.941,25.782,28.551,21.637,26.044,22.261,23.077,8.613,16.025,3.894,12.079,18.231,15.755,25.941,30.84,27.389,25.362,26.406,21.942,18,18.713,19.768,6.069,16.022,12.296,10.074,26.901,21.238,10.843,24.402,33.627,27.917,26.142,23.255,16.004,15.062,11,8.375,-43.589,-34.001,0.066,16.65,26.262,22.952,20.069,NA,NA,27.422,28.042,27.74,20.901,-2.666,14.185
"1978-09",-12.471,4.877,3.715,19.017,23.807,19.638,25.568,25.494,27.956,22.755,27.105,24.42,26.939,10.127,19.348,5.343,9.33,14.254,12.159,22.439,28.38,27.783,25.949,26.927,22.944,21.2,21.212,21.702,2.381,11.671,8.131,5.318,21.935,15.452,8.41,21.007,30.872,27.901,26.218,26.612,20.299,17.527,13.123,8.872,-45.419,-35.421,-2.965,16.176,26.566,23.313,19.101,NA,NA,27.483,27.644,27.457,21.328,-2.643,12.672
"1978-10",-17.952,-0.223,-1.673,11.921,17.423,15.092,21.701,25.286,27.512,22.686,26.847,26.355,27.131,11.712,20.642,8.601,5.341,8.702,5.658,16.961,23.568,28.06,26.03,26.29,23.751,24.22,24.493,23.805,-5.689,4.204,-1.206,-2.853,15.303,6.219,3.314,14.456,25.101,26.013,25.877,28.52,22.207,19.99,14.911,10.837,-42.064,-29.053,-10.329,14.846,27.014,23.922,17.7,NA,NA,26.819,27.758,27.33,22.068,-2.173,9.977
"1978-11",-25.506,-6.807,-8.834,5.581,6.313,6.638,16.553,23.721,26.108,22.55,26.734,26.973,26.609,12.194,21.356,9.444,3.79,6.259,1.454,13.682,21.129,27.757,25.731,25.576,23.458,24.336,24.362,25.132,-17.454,-2.891,-11.101,-12.11,8.181,-1.668,-6.334,8.308,21.276,22.12,25.302,30.326,27.282,22.391,17.788,12.025,-30.965,-16.683,-16.283,12.015,27.21,25.163,14.744,NA,NA,26.364,26.737,26.798,23.882,0.658,7.61
"1978-12",-25.099,-14.558,-21.144,-1.663,-2.198,-1.49,13.915,23.227,25.535,22.413,26.154,27.2,25.648,14.02,22.814,12.134,-3.8,-0.029,-7.095,8.985,16.541,26.375,24.847,24.981,23.854,25.596,24.969,25.72,-22.147,-9.637,-17.06,-19.994,4.171,-6.858,-11.15,2.757,17.177,19.298,24.474,30.446,29.899,24.804,20.787,14.139,-23.907,-10.597,-24.442,11.222,27.753,26.326,13.601,NA,NA,25.285,26.254,26.589,25.143,2.633,5.005
"1979-01",-26.866,-14.06,-20.892,-0.826,-1.558,-3.17,12.579,21.297,24.325,22.331,25.792,26.523,25.522,15.514,25.608,12.744,-4.605,-0.697,-8.61,9.114,16.448,25.665,24.999,25.353,23.631,25.238,25.427,26.356,-25.898,-13.276,-20.477,-23.662,2.667,-9.243,-13.106,1.378,17.662,19.052,24.34,30.593,30.899,25.428,22.6,15.331,-22.867,-8.376,-20.145,7.152,27.929,26.757,11.326,NA,NA,24.701,25.736,26.221,25.532,4.425,4.549
"1979-02",-28.159,-18.507,-24.568,-0.487,-0.302,-1.111,14.848,23.12,24.819,22.985,26.547,25.74,26.064,16.3,25.617,12.365,-2.28,-0.608,-9.566,9.525,18.551,27.533,25.653,26.154,24.621,25.579,24.538,25.691,-24.169,-13.869,-19.175,-20.89,3.758,-7.352,-11.347,3.997,18.643,20.583,24.473,30.074,29.768,25.548,22.299,15.256,-29.92,-15.543,-16.39,7.945,28.1,27.517,10.974,NA,NA,25.334,25.633,25.878,26.327,4.23,4.332
"1979-03",-19.299,-12.817,-20.762,2.576,4.386,1.363,16.864,24.333,25.522,23.393,27.129,25.519,25.724,13.989,24.007,11.095,-0.931,2.16,-5.896,11.184,21.581,29.444,26.872,27.854,24.691,25.15,24.884,26.648,-21.744,-9.476,-11.044,-16.705,8.753,3.047,-5.206,8.543,22.892,25.287,25.845,29.436,28.792,24.785,20.284,13.183,-36.746,-18.622,-19.373,7.399,27.89,27.317,10.603,NA,NA,26.417,26.282,26.334,26.532,3.189,6.276
"1979-04",-17.736,-6.739,-13.973,8.212,14.587,8.228,20.052,25.187,26.073,23.388,26.819,25.255,25.178,12.168,20.901,7.779,2.868,8.732,4.891,15.466,24.814,30.335,27.341,28.613,24.714,23.398,22.984,25.568,-11.461,4.131,-0.568,-6.921,14.776,10.806,1.239,14.927,25.61,29.585,26.763,27.128,22.86,20.103,16.692,12.878,-43.935,-30.305,-12.59,9.943,28.027,27.272,11.598,NA,NA,27.629,28.32,27.638,26.076,0.42,8.907
"1979-05",-11.287,3.467,-1.972,14.299,19.385,14.57,23.792,26.072,26.687,22.494,26.06,24.512,24.126,10.523,16.82,5.228,9.594,15.92,12.722,19.14,29.669,30.679,27.283,28.835,24.656,20.408,20.715,23.392,-3.249,8.758,5.863,1.529,20.211,16.37,5.574,19.664,30.536,31.645,27.014,23.91,17.426,16.756,13.141,9.716,-44.546,-28.69,-5.488,12.215,27.62,25.283,13.957,NA,NA,28.726,28.823,28.032,25.06,-1.335,11.86
"1979-06",-3.415,9.49,4.007,17.363,20.575,18.354,25.833,26.856,28.361,22.055,26.05,23.342,22.857,6.673,14.138,1.766,10.905,17.621,17.73,23.925,32.633,29.376,26.22,27.824,22.841,17.611,17.777,20.978,2.998,18.524,11.502,7.14,25.099,20.8,10.195,21.981,33.367,32.821,26.47,23.64,17.863,16.319,12.576,8.997,-46.753,-29.143,-1.055,14.307,27.199,24.022,16.254,NA,NA,30.167,28.689,28.119,23.527,-2.648,13.727
"1979-07",-3.269,10.314,7.894,21.271,27.757,23.821,27.44,26.29,28.741,22.084,26.135,23.257,22.286,6.4,13.103,0.322,13.033,17.953,16.591,25.474,33.033,28.848,25.987,27.259,21.823,16.63,16.904,20.558,6.156,19.099,16.359,11.84,27.183,22.059,11.548,24.129,33.688,29.842,26.247,21.085,15.414,13.429,12.01,7.074,-44.283,-30.362,0.264,16.041,26.494,22.69,18.424,NA,NA,29.031,27.864,27.82,22.012,-4.527,14.709
"1979-08",-5.82,9.878,7.527,22.575,27.785,22.8,26.985,26.383,28.869,22.403,26.63,24.077,23.496,7.569,14.116,3.355,12.297,18.609,17.588,25.842,31.793,27.929,25.885,27.454,22.355,18.526,19.232,21.418,7.46,18.811,14.02,10.869,25.997,21.034,11.175,24.719,33.635,29.139,25.969,21.08,15.241,13.134,11.288,8.228,-45.199,-31.955,-0.078,16.585,26.538,22.713,19.686,NA,NA,28.011,27.476,27.38,21.914,-3.79,14.521
"1979-09",-9.057,6.17,3.209,18.349,22.501,18.04,24.6,26.069,28.474,23.306,27.85,25.305,27.217,8.727,19.946,4.821,9.36,15.567,12.321,23.003,30.762,28.267,26.321,27.862,22.799,21.954,21.098,21.414,2.704,12.225,7.67,5.68,23.325,15.343,6.53,20.403,31.098,29.685,25.916,24.886,21.056,18.562,14.158,9.673,-43.77,-35.849,-1.81,16.513,26.566,23.473,18.453,NA,NA,27.962,27.807,27.342,21.627,-3.279,13.148
"1979-10",-18.785,-0.992,-2.212,12.381,15.616,11.648,21.453,24.844,27.585,23.046,27.812,27.285,27.293,9.796,20.457,7.59,5.784,10.417,6.428,18.203,27.203,28.488,26.066,26.669,23.849,25.053,24.258,23.938,-6.018,3.408,-3.069,-3.858,17.602,7.053,1.573,15.212,27.55,27.555,25.909,26.902,26.218,21.688,18.516,9.542,-38.841,-27.092,-4.556,14.584,26.902,23.723,17.449,NA,NA,27.694,27.32,27.073,22.537,-1.864,10.633
"1979-11",-23.697,-8.512,-10.314,1.681,5.14,6.486,15.636,24.152,26.435,23.308,27.676,28.179,28.124,12.911,23.771,9.276,2.69,6.262,1.241,13.667,21.323,27.034,24.887,24.763,24.163,25.68,24.858,25.063,-17.194,-3.511,-10.59,-15.227,11.195,1.294,-6.303,10.224,23.663,24.314,26.124,29.554,29.03,24.851,20.459,11.55,-30.565,-17.27,-12.621,12.175,27.271,24.533,14.009,NA,NA,27.984,27.478,27.42,23.821,1.234,7.958
"1979-12",-21.821,-14.371,-15.873,-0.286,0.674,0.714,12.979,23.025,25.86,23.171,27.02,27.69,27.317,14.306,25.062,10.681,-3.204,-1.758,-8.363,9.129,16.603,25.793,24.677,24.811,23.599,25.704,25.772,26.061,-23.05,-14.678,-22.72,-24.667,4.467,-10.336,-11.613,3.628,18.412,20.885,25.515,30.017,29.493,25.404,21.253,12.448,-22.204,-8.276,-11.707,8.667,27.66,25.584,13.371,NA,NA,26.389,27.137,27.174,25.162,3.055,5.206
"1980-01",-24.709,-15.628,-19.662,-5.62,-4.837,-3.243,10.387,23.26,25.272,23.685,27.103,26.651,26.947,15.306,26.318,10.632,-6.036,-4.548,-13.757,8.717,16.669,24.821,24.2,24.38,23.956,25.345,25.223,26.16,-26.806,-19.878,-28.051,-27.222,1.891,-14.006,-14.951,-1.942,16.457,18.896,25.216,30.554,30.522,26.777,22.569,15.578,-19.378,-6.258,-16.001,6.822,27.754,26.563,11.671,NA,NA,25.074,27.108,27.355,26.431,4.48,3.735
"1980-02",-24.448,-12.08,-19.52,-3.508,-4.188,-5.325,12.366,22.803,23.606,23.953,27.973,26.651,27.395,16.136,27.01,13.095,-7.917,-2.002,-11.503,11.246,19.838,27.371,26.488,26.344,24.787,26.046,25.876,26.598,-28.32,-14.897,-23.254,-26.131,6.433,-9.511,-11.889,1.777,18.968,21.537,25.324,30.029,29.784,25.245,22.839,14.958,-26.754,-12.214,-21.889,5.746,27.959,27.288,11.07,NA,NA,24.439,27.105,27.358,26.68,4.306,4.624
"1980-03",-23.924,-10.856,-20.398,2.705,4.518,1.323,16.451,23.794,24.378,23.83,27.61,26.61,26.745,13.959,24.4,10.673,-1.59,1.488,-3.803,11.865,21.572,29.502,27.501,28.107,25.333,25.177,25.349,26.559,-23.444,-6.342,-12.384,-18.044,11.092,1.235,-6.577,8.32,22.998,25.362,26.333,30.108,29.37,24.566,21.555,14.098,-33.939,-19.772,-19.226,5.453,27.876,27.521,11.896,NA,NA,25.69,27.949,27.957,26.922,3.407,6.635
"1980-04",-21.67,-5.501,-12.898,10.774,14.664,8.315,20.34,25.218,25.24,23.522,27.224,26.605,26.983,12.215,22.331,6.624,3.669,9.155,6.154,14.75,25.701,31.328,27.71,28.739,25.254,24.089,23.083,25.307,-11.057,4.999,-1.393,-5.784,16.936,10.591,0.298,14.123,26.846,28.486,27.296,28.725,24.288,21.252,17.585,11.738,-41.531,-23.938,-14.072,9.046,27.733,26.388,12.517,NA,NA,27.14,28.315,28.088,26.297,0.339,9.632
"1980-05",-10.228,3.905,-1.088,15.016,18.911,14.577,22.754,26.677,26.412,22.743,26.534,25.301,24.604,9.016,16.182,4.354,5.75,13.384,11.826,18.422,29.318,31.058,26.971,26.947,23.524,20.648,20.352,22.777,-2.691,11.247,6.284,1.876,20.41,16.191,4.718,18.946,30.409,30.685,28.002,25.545,19.231,17.598,14.173,10.839,-41.173,-24.349,-7.157,12.023,27.58,25.393,14.354,NA,NA,28.925,29.652,29.021,24.677,-1.097,12.174
"1980-06",-4.096,10.375,4.173,16.723,25.117,20.365,25.753,26.937,27.681,21.724,26.074,23.193,22.602,7.265,14.819,2.505,11.037,16.113,17.834,21.597,32.811,30.205,26.67,27.348,22.739,17.094,18.135,21.101,4.334,16.592,11.899,10.015,26.584,20.421,8.474,21.107,33.391,33.397,27.393,23.941,16.897,14.82,11.884,8.795,-44.305,-29.26,-0.903,14.038,27.104,24.237,16.746,NA,NA,30.566,29.116,28.534,23.638,-2.214,14.037
"1980-07",-3.197,11.298,8.35,22.555,26.848,23.001,27.177,26.169,28.839,21.546,26.152,23.157,22.906,7.206,13.724,2.762,13.875,19.369,19.419,25.533,33.252,28.394,25.441,26.568,21.666,15.981,16.544,20.586,8.21,20.512,15.983,12.57,27.017,22.603,11.807,24.215,33.965,30.208,26.86,23.425,15.668,13.589,11.324,7.241,-43.942,-35.403,-0.001,15.657,26.636,23.709,18.916,NA,NA,29.031,28.243,28.077,22.51,-2.934,14.932
"1980-08",-5.771,8.737,9.275,22.707,29.245,23.933,27.015,26.045,28.618,22.255,27.07,23.555,24.609,8.024,15.408,2.703,12.803,19.118,18.692,26.219,31.557,27.244,25.356,26.255,21.726,16.664,16.768,19.9,9.098,20.819,16.246,11.377,26.707,21.572,11.745,24.658,33.811,28.958,26.705,25.447,19.882,17.167,13.068,8.11,-46.021,-31.22,-0.12,16.122,26.233,23.774,19.922,NA,NA,28.1,27.864,27.674,21.458,-3.84,14.945
"1980-09",-11.781,4.625,4.737,17.248,25.493,22.463,24.537,25.423,28.102,22.69,27.803,26.118,28.005,8.712,17.191,5.128,9.639,15.183,14.26,22.773,28.863,27.565,25.527,26.71,22.908,20.091,20.316,21.71,1.346,13.761,8.04,5.282,22.05,15.579,9.115,21.612,30.501,27.855,26.54,27.805,22.357,19.119,14.122,9.87,-47.608,-35.051,-1.805,15.106,26.189,24.191,19.644,NA,NA,27.708,27.705,27.521,21.705,-2.873,12.796
"1980-10",-21.356,-2.374,-2.394,12.104,18.141,15.412,22.402,24.885,27.46,22.698,27.752,27.41,27.705,10.951,20.86,7.463,6.227,10.385,6.512,17.81,24.397,27.978,25.829,26.577,23.668,24.536,23.469,23.545,-5.423,4.782,0.317,-1.846,14.152,6.765,3.065,14.854,25.262,26.252,26.313,30.115,24.693,21.699,15.967,10.039,-37.086,-26.79,-7.85,13.828,26.5,24.593,17.821,NA,NA,27.137,27.554,27.265,22.254,-1.921,10.632
"1980-11",-23.562,-11.035,-12.542,2.06,5.809,7.819,16.669,23.971,26.418,22.239,27.128,27.285,26.806,12.05,22.353,9.064,3.716,2.357,-1.616,13.261,21.193,27.231,25.152,25.515,23.572,24.839,24.111,24.589,-16.807,-6.093,-10.386,-11.254,8.187,-0.337,-4.329,9.121,21.798,22.533,25.521,30.203,26.871,24.095,16.768,11.311,-30.736,-16.831,-15.861,12.97,26.805,25.661,14.376,NA,NA,26.392,26.857,27.034,23.207,1.13,7.277
"1980-12",-28.393,-17.09,-21.535,0.652,-1.139,-1.016,14.07,22.021,24.543,21.974,26.22,26.804,25.371,13.418,24.389,10.722,-2.509,-1.999,-5.776,9.018,17.942,26.738,24.982,25.021,23.668,24.225,24.608,25.367,-20.294,-10.522,-18.397,-15.378,6.228,-6.837,-10.524,2.35,19.403,19.662,24.501,30.533,30.018,24.807,20.733,14.061,-22.91,-11.717,-17.898,11.202,26.851,25.996,12.913,NA,NA,25.456,26.219,26.526,24.875,2.544,5.218
"1981-01",-27.871,-15.367,-19.688,-1.693,-1.432,-2.949,11.457,21.71,23.909,21.641,25.285,26.081,25.325,14.838,25.51,13.193,-2.65,-4.065,-11.468,6.798,15.375,24.134,23.836,24.183,23.738,24.442,25.204,26.438,-24.794,-16.79,-23.936,-25.861,1.946,-13.113,-14.253,-1.146,17.098,17.744,24.353,29.37,30.603,26.413,21.802,15.666,-21.182,-8.176,-26.54,6.1,27.071,27.082,12.135,NA,NA,24.469,25.825,26.099,25.662,4.23,3.749
"1981-02",-29.864,-15.422,-23.799,1.109,1.404,-1.902,14.33,22.255,23.432,21.938,25.51,25.044,24.719,14.127,23.99,12.581,-3.901,1.019,-8.717,8.769,15.651,25.512,24.241,24.944,23.452,23.768,24.483,26.503,-24.297,-11.618,-16.144,-18.215,2.964,-7.888,-13.103,1.344,17.261,19.789,24.902,29.096,31.497,26.741,25.437,16.102,-26.271,-12.387,-26.031,5.767,26.97,27.424,11.683,NA,NA,24.19,25.506,25.932,25.674,4.326,4.425
"1981-03",-27.288,-13.62,-21.945,2.242,5.465,2.517,17.063,23.425,24.218,21.858,25.215,24.913,25.416,14.586,23.932,10.767,-0.226,2.122,-5.534,9.904,19.757,29.066,26.18,26.938,24.747,24.218,24.144,25.835,-20.847,-7.483,-11.936,-16.225,6.298,0.84,-7.826,7.668,19.128,23.679,26.441,28.396,27.448,24.412,20.7,13.621,-36.59,-21.515,-11.98,7.643,26.875,27.09,11.576,NA,NA,24.549,27.007,26.963,25.696,3.282,5.499
"1981-04",-21.402,-7.419,-11.2,8.954,13.423,8.818,19.789,23.898,24.56,21.913,25.501,25.392,25.327,10.763,19.373,7.763,4.023,8.726,4.133,15.275,25.576,30.269,27.09,28.488,24.49,23.399,23.265,24.507,-13.44,2.238,-1.635,-4.129,17.334,11.007,1.609,15.069,26.864,29.211,26.59,27.435,22.706,20.742,15.792,11.954,-44.397,-26.866,-16.485,9.258,27.061,27.246,12.184,NA,NA,26.068,27.89,27.46,24.833,0.574,8.857
"1981-05",-12.027,1.939,-1.908,11.852,18.946,14.199,23.199,25.621,26.092,21.474,25.438,24.061,23.702,8.663,17.442,4.897,7.222,13.603,15.465,18.728,29.293,29.991,26.223,28.097,23.765,19.707,20.917,22.966,-3.106,12.466,5.693,1.644,23.382,15.733,5.905,17.503,30.556,31.362,26.633,25.222,19.278,16.924,13.627,10.687,-43.474,-31.662,-6.508,12.434,26.945,26.483,14.224,NA,NA,28.611,28.832,28.219,23.841,-0.129,11.708
"1981-06",-5.706,7.682,3.349,17.567,24.416,20.269,26.688,25.707,27.145,20.949,25.214,23.696,21.686,6.261,12.707,1.934,12.006,17.178,16.24,23.026,32.282,28.561,25.575,27.413,21.92,17.088,17.513,20.737,3.443,17.022,12.693,8.153,26.463,20.968,9.744,22.517,32.958,30.164,26.546,23.681,18.568,15.674,12.918,9.743,-46.269,-29.77,-1.066,13.952,26.856,25.534,16.424,NA,NA,28.991,27.722,27.292,22.718,-2.099,13.544
"1981-07",-3.338,10.764,5.246,23.007,27.264,21.911,27.042,25.39,27.674,20.731,25.172,21.794,21.498,6.408,14.583,1.752,13.133,18.134,19.042,25.53,31.294,27.111,24.505,25.764,21.015,16.352,16.976,19.972,6.077,18.214,15.306,12.598,28.563,22.548,11.713,25.084,33.759,28.21,26.314,22.064,14.955,12.146,9.861,8.378,-48.228,-35.528,0.009,15.691,26.746,24.996,18.62,NA,NA,26.929,27.2,26.966,21.408,-3.008,13.963
"1981-08",-6.835,8.688,6.811,21.612,28.796,23.693,26.355,25.303,27.877,21.228,25.749,22.083,22.494,7.495,14.98,2.579,12.997,18.359,17.656,25.331,30.626,26.555,24.876,25.951,21.777,18.074,19.146,20.506,5.162,15.994,12.977,10.04,26.5,21.673,10.787,24.505,33.001,27.775,26.165,23.375,16.953,14.161,11.637,8.576,-46.606,-33.637,0.582,16.554,26.248,24.123,19.307,NA,NA,26.621,27.465,27.291,21.244,-3.282,13.889
"1981-09",-14.514,5.301,4.136,17.461,25.081,21.588,24.876,24.834,27.324,22.268,27.025,23.667,26.362,8.185,18.824,4.701,10.547,16.165,12.809,22.447,28.206,27.853,25.735,26.717,22.416,20.894,20.482,21.495,2.159,10.585,7.56,6.578,20.597,14.327,9.085,20.567,29.831,27.427,26.305,27.096,20.31,17.66,12.523,9.524,-45.345,-33.133,-5.124,15.5,26.314,24.434,18.789,NA,NA,26.909,27.62,27.378,21.336,-1.774,12.57
"1981-10",-20.974,0.06,-2.555,9.889,12.408,12.647,20.84,24.479,27.095,22.276,26.852,26.541,26.431,9.878,21.061,7.184,7.993,11.723,7.413,18.174,23.958,28.137,26.145,26.434,23.58,24.824,23.172,23.158,-6.542,4.761,0.721,-1.547,13.251,7.143,3.127,14.999,24.259,25.961,26.254,29.132,23.455,19.393,15.464,10.222,-40.176,-25.667,-11.9,14.707,26.949,25.102,16.773,NA,NA,26.303,27.34,27.037,21.758,-0.961,10.151
"1981-11",-28.305,-6.121,-11.285,2.922,4.924,5.314,15.381,23.103,25.77,21.774,26.026,26.602,25.496,12.151,22.408,9.281,3.52,6.131,0.932,13.394,19.148,27.039,25.273,25.746,24.353,24.513,25.072,24.515,-12.629,-2.37,-8.564,-11.994,8.646,-1.072,-6.123,7.791,21.318,22.7,25.209,30.162,25.459,21.548,17.076,12.011,-31.356,-18.466,-20.517,13.595,27.221,25.518,14.727,NA,NA,25.988,26.696,26.608,22.827,1.421,7.372
"1981-12",-29.206,-11.7,-19.355,-1.353,-1.88,-1.319,11.512,22.011,24.854,21.642,25.365,25.74,25.173,13.89,24.39,11.796,-1.098,3.795,-2.764,10.38,15.65,24.698,24.285,24.875,23.929,24.063,24.584,24.857,-19.047,-5.508,-13.35,-19.505,6.67,-4.577,-8.778,2.908,18.941,19.5,24.088,29.628,29.579,24.951,21.148,14.967,-21.263,-8.669,-25.632,12.166,27.574,26.39,12.951,NA,NA,25.467,25.711,26.066,24.135,3.311,5.9
"1982-01",-31.482,-14.685,-21.255,-5.432,-5.88,-5.144,11.389,21.704,23.952,21.628,25.017,26.199,25.522,14.202,25.488,10.48,-3.089,2.362,-9.29,8.576,13.972,24.526,24.053,24.558,23.586,25.059,24.568,25.89,-27.281,-12.676,-18.783,-25.752,3.461,-6.247,-10.815,2.577,15.95,18.739,23.644,30.64,30.927,26.638,23.324,15.852,-19.58,-7.018,-28.021,9.873,27.692,27.278,12.051,NA,NA,24.105,25.141,25.605,25.315,4.486,4.36
"1982-02",-30.161,-14.254,-24.108,-3.022,-1.423,-2.125,12.269,21.606,23.548,21.606,25.093,24.857,24.681,14.441,25.778,11.159,0.795,4.205,-4.268,9.674,15.234,24.776,24.099,24.929,23.722,23.922,24.11,25.878,-22.959,-9.871,-16.856,-21.805,5.001,-3.328,-11.611,4.171,16.888,20.252,24.181,29.605,28.849,26.964,22.315,15.876,-28.44,-14.774,-21.023,5.362,27.466,27.519,11.462,NA,NA,24.25,25.177,25.489,25.762,4.151,4.47
"1982-03",-25.83,-11.105,-16.446,-0.488,3.657,0.676,16.617,23.522,24.257,22.139,25.827,25.236,25.459,14.441,25.026,9.34,-0.5,4.589,-0.186,11.801,20.316,28.701,26.469,27.527,24.805,23.893,23.825,25.824,-15.463,-5.019,-10.663,-14.781,10.783,2.886,-6.366,8.511,22.069,23.393,25.468,28.901,26.327,23.883,18.802,14.589,-36.259,-23.119,-18.195,9.328,27.561,27.248,12.101,NA,NA,25.668,26.122,26.011,25.346,3.67,6.45
"1982-04",-20.817,-4.072,-9.958,9.122,13.82,8.521,20.639,25.214,25.903,22.331,25.869,24.543,25.341,13.198,21.955,8.613,3.325,8.342,7.714,14.804,25.103,29.893,26.39,26.961,24.297,22.145,22.605,25.261,-9.76,5.151,-2.014,-7.726,16.543,9.518,-0.606,13.839,25.69,27.235,26.424,27.337,23.14,20.609,16.488,12.192,-43.743,-30.965,-13.152,8.967,27.319,26.895,12.696,NA,NA,27.467,27.671,26.95,25.218,1.047,8.937
"1982-05",-11.623,4.42,-0.465,14.937,20.392,15.509,22.164,25.77,26.564,21.618,25.449,24.178,23.904,8.444,16.038,4.086,7.227,13.396,12.714,18.752,29.736,29.681,26.068,26.816,23.456,19.61,20.566,23.352,-3.634,11.249,6.729,2.495,20.641,16.931,4.331,19.312,30.185,29.895,26.727,24.996,19.231,17.095,14.023,10.964,-45.742,-34.421,-4.818,12.291,27.379,26.341,15.28,NA,NA,28.634,28.673,27.754,24.119,-1.468,11.554
"1982-06",-5.339,7.918,4.208,17.956,22.508,18.507,25.783,25.367,27.669,20.956,25.212,22.747,21.457,7.925,13.994,2.709,13.024,17.021,18.903,21.324,32.227,28.884,25.873,26.885,21.802,16.616,17.121,20.376,2.378,15.825,11.488,8.217,26.616,20.891,8.246,22.219,33.531,32.423,26.536,24.579,16.459,14.913,11.509,8.638,-45.494,-32.58,-0.677,14.108,27.462,24.688,16.868,NA,NA,29.689,28.904,27.997,22.563,-3.216,13.399
"1982-07",-3.415,11.33,7.593,22.435,27.339,22.352,26.798,25.944,28.512,21.398,25.528,22.881,23.019,6.615,14.996,1.461,13.55,19.18,20.577,25.083,32.177,28.108,25.315,26.386,21.175,16.082,16.297,20.227,6.437,18.247,16.519,12.406,27.78,22.077,10.966,24.492,34.053,29.511,26.333,22.647,16.112,13.098,11.201,8.02,-45.409,-29.085,-0.074,15.554,27.175,23.998,19.298,NA,NA,27.873,28.006,27.763,21.81,-3.494,14.69
"1982-08",-4.933,8.816,7.27,23.093,26.947,21.925,26.934,25.966,28.303,21.803,25.979,22.704,24.337,7.662,16.503,3.722,11.429,16.787,17.671,25.012,30.926,27.473,25.373,26.325,21.809,18.548,18.602,20.558,8.435,19.578,14.272,10.349,27.469,21.305,10.014,24.089,33.732,28.585,26.452,24.935,18.172,15.972,12.132,8.071,-44.806,-32.198,-0.548,16.385,26.94,23.686,19.318,NA,NA,27.067,27.905,27.729,21.427,-3.413,14.519
"1982-09",-11.408,4.36,2.91,16.704,22.878,19.566,24.72,25.371,27.93,22.478,26.987,26.071,26.506,8.256,17.717,5.3,9.693,14.997,9.046,22.762,28.822,28.532,26.2,27.311,23.058,21.54,21.193,21.937,1.599,7.346,6.293,6.54,20.4,15.39,8.69,20.394,29.784,28.171,26.249,25.808,19.846,16.688,13.771,8.654,-46.042,-34.251,-0.406,16.072,26.95,23.608,18.629,NA,NA,27.311,28.109,27.602,21.654,-3.09,12.267
"1982-10",-19.334,-3.132,-4.605,11.571,15.807,14.149,22.129,25.274,27.276,22.739,26.941,27.087,28.036,10.7,21.368,6.811,4.853,8.923,5.714,17.247,25.219,28.399,26.066,26.574,23.925,23.241,23.384,23.511,-7.565,2.487,-2.445,-3.033,15.806,6.845,1.757,13.999,25.724,26.335,25.934,27.808,22.894,19.08,14.698,9.833,-40.696,-28.751,-3.557,14.634,27.363,24.413,17.244,NA,NA,26.413,27.972,27.433,22.407,-1.375,9.782
"1982-11",-23.432,-10.302,-13.983,4.663,6.15,6.3,16.957,23.65,26.438,22.106,26.169,27.007,26.234,11.859,23.362,9.887,3.199,4.795,-2.548,13.529,19.502,26.191,24.652,24.795,23.425,24.081,24.481,24.67,-17.418,-6.456,-12.228,-12.555,9.681,-0.964,-6.06,8.989,21.298,23.176,25.631,30.059,28.135,22.77,18.953,10.974,-28.959,-15.562,-11.121,12.821,27.281,24.632,14.448,NA,NA,26.628,26.569,26.675,23.732,0.573,7.24
"1982-12",-29.174,-14.557,-17.942,-2.227,-0.428,-0.437,13.582,23.422,25.047,22.126,25.562,26.236,25.842,15.242,24.169,13.027,-1.941,-0.145,-9.862,9.136,14.626,23.871,23.759,24.252,23.613,24.723,24.51,25.608,-25.125,-17.541,-25.599,-22.738,1.178,-9.632,-11.885,2.654,17.256,19.478,25.197,31.747,30.424,24.878,20.896,15.121,-20.816,-9.427,-15.297,9.006,27.567,26.024,13.612,NA,NA,25.307,26.592,26.898,25.719,2.622,4.321
"1983-01",-32.886,-15.079,-25.13,-5.041,-5.419,-6.136,10.487,21.477,24.4,22.259,25.796,25.44,25.127,15.097,24.614,12.96,-1.154,1.623,-4.762,7.288,12.423,22.296,22.609,23.531,23.419,25.199,24.501,26.109,-20.881,-10.728,-19.175,-21.291,1.244,-11.423,-14.355,0.091,15.191,18.172,24.187,30.966,33.116,27.591,24.122,14.759,-20.156,-8.533,-20.792,8.991,27.748,26.84,11.462,NA,NA,24.569,25.718,26.124,26.939,3.994,4.033
"1983-02",-28.588,-11.637,-28.037,-2.378,-5.864,-8.302,12.467,21.752,24.151,22.611,26.07,25.269,25.222,15.321,26.233,11.778,-5.246,-1.053,-8.487,6.923,13.918,24.488,24.151,24.882,23.812,24.885,24.119,26.073,-22.108,-11.005,-17.442,-22.101,3.701,-6.536,-12.402,3,15.89,20.334,24.349,28.974,28.289,26.418,21.246,16.583,-28.168,-13.386,-23.126,10.54,27.734,27.086,11.588,NA,NA,24.09,25.58,25.841,26.812,3.996,3.729
"1983-03",-27.442,-8.56,-19.29,3.033,2.722,0.266,15.596,22.519,24.128,22.304,25.998,25.265,25.16,14.746,24.185,11.449,-0.997,0.693,-8.776,10.108,20.546,29.012,27.117,27.705,25.159,24.373,24.008,25.87,-19.452,-13.7,-16.551,-17.606,6.988,-0.711,-8.904,5.855,21.292,23.502,25.576,29.055,26.653,23.12,19.721,14.95,-37.847,-21.785,-13.101,9.601,27.477,27.005,11.234,NA,NA,24.796,26.745,26.709,26.81,1.97,5.172
"1983-04",-23.753,-3.035,-10.971,7.244,12.849,8.963,19.921,24.918,25.648,22.204,25.843,24.609,24.962,11.7,21.403,7.639,3.72,9.285,3.549,14.038,24.719,29.761,26.649,28.273,24.643,24.083,23.229,24.949,-9.357,2.568,-0.146,-5.868,15.574,11.916,0.94,14.299,25.708,28.134,26.175,27.106,22.559,19.457,15.884,12.019,-43.523,-31.471,-13.196,10.696,27.546,26.542,12.306,NA,NA,26.837,27.844,27.436,25.876,0.105,8.884
"1983-05",-11.851,2.785,-2.508,16.021,20.829,16.02,23.291,25.017,26.357,21.366,25.386,24.053,23.249,9.632,17.345,5.336,9.189,15.258,12.633,18.133,28.977,29.467,26.299,28.275,24.165,20.055,20.773,23.114,-4.725,6.533,5.668,1.525,18.534,15.543,5.909,18.978,29.26,31.043,26.647,23.723,18.144,16.614,13.646,10.116,-43.189,-29.926,-4.092,12.791,27.315,25.563,14.715,NA,NA,28.187,28.823,27.828,24.842,-1.699,11.499
"1983-06",-4.487,8.45,3.131,17.547,23.612,19.941,26.131,24.892,27.449,20.719,25,22.71,21.427,6.409,13.55,2.269,10.335,16.599,13.408,22.67,31.532,29.005,25.79,27.54,23.003,17.153,18.262,22.064,2.295,12.997,12.699,8.219,25.032,19.736,9.471,21.887,33.776,31.706,26.345,21.58,14.963,13.794,11.205,9.299,-46.368,-35.973,-1.067,14.834,26.781,24.407,15.979,NA,NA,29.794,28.755,28.149,23.94,-1.992,12.998
"1983-07",-3.157,9.789,6.235,19.208,27.349,22.683,26.639,25.115,28.121,20.561,24.99,21.906,20.958,6.824,13.66,2.135,11.529,18.079,17.713,25.291,31.574,28.031,25.123,26.387,21.335,15.872,16.406,19.799,6.145,17.194,14.944,10.407,26.284,22.068,11.104,23.945,33.291,29.115,26.219,20.824,12.791,12.503,9.69,8.201,-45.821,-36.883,-0.531,16.052,26.448,23.698,18.473,NA,NA,28.49,27.764,27.615,22.228,-3.368,13.753
"1983-08",-7.248,9.355,5.615,20.445,27.828,22.874,26.074,25.403,28.48,21.228,25.722,22.384,22.605,7.846,15.381,3.21,11.618,18.528,15.55,25.943,31.365,26.834,24.939,26.1,22.321,17.116,18.548,21.077,7.026,15.458,13.46,11.432,25.498,19.956,10.994,23.599,33.33,27.719,25.827,22.648,16.477,13.796,11.807,7.925,-41.132,-33.321,-0.465,16.93,26.239,23.484,19.394,NA,NA,27.323,27.181,27.093,22.104,-2.967,14.199
"1983-09",-16.001,5.544,2.616,17.046,22.802,18.816,24.715,25.413,27.839,22.092,26.674,24.534,25.637,9.09,18.073,4.908,7.59,12.649,11.188,22.806,28.62,27.099,25.43,26.557,22.761,21.923,21.349,22.259,2.234,11.142,7.176,4.753,21.291,15.968,7.719,20.19,30.566,27.25,25.923,26.392,19.63,17.545,13.16,9.03,-43.81,-33.522,-1.225,16.298,26.271,23.456,18.697,NA,NA,27.48,26.958,26.879,22.106,-2.549,12.345
"1983-10",-18.606,0.688,-3.141,10.951,12.82,11.794,20.37,24.608,27.463,22.121,26.54,26.278,26.681,12.262,22.685,8.74,3.503,8.791,4.683,17.029,23.514,27.568,25.578,25.611,23.417,24.483,24.195,23.892,-6.642,3.273,-2.393,-2.603,16.155,6.64,2.231,13.191,25.982,25.776,25.483,27.895,23.403,20.036,15.737,10.08,-40.55,-25.944,-7.358,14.502,26.496,23.98,17.654,NA,NA,27.093,26.914,26.742,22.754,-1.388,9.774
"1983-11",-20.543,-7.302,-11.281,4.779,6.272,4.673,16.134,23.293,26.332,21.831,25.972,26.33,25.323,12.225,22.436,8.889,1.276,4.258,-0.934,12.226,19.439,26.83,24.757,25.003,23.551,24.004,23.676,24.808,-16.694,-4.908,-13.606,-13.58,8.431,-0.766,-4.859,8.175,20.511,22.63,25.522,29.754,28.058,22.864,19.605,11.515,-29.166,-16.155,-7.564,11.916,26.652,24.576,15.013,NA,NA,26.447,26.432,26.435,24.382,0.998,7.213
"1983-12",-23.545,-13.74,-18.705,-2.233,-1.224,0.487,12.429,22.963,25.444,21.587,25.27,25.771,24.955,13.752,24.019,11.709,-2.078,0.104,-6.617,8.99,15.224,24.196,23.307,23.86,23.202,24.047,24.092,25.525,-20.095,-10.823,-21.367,-21.188,2.821,-8.563,-10.353,0.341,15.859,19.223,24.395,30.757,31.144,24.859,21.88,14.965,-20.021,-8.922,-11.663,11.165,27.172,25.832,12.313,NA,NA,25.38,25.944,26.22,25.784,3.436,4.953
"1984-01",-28.935,-17.689,-23.446,-2.158,-1.168,-1.647,11.783,21.906,24.561,21.552,25.086,24.949,24.835,14.771,25.436,12.799,-2.964,-2.429,-8.291,7.842,14.122,23.884,23.23,23.736,22.889,24.458,24.789,26.048,-25.857,-13.513,-22.159,-24.59,0.768,-11.847,-13.826,0.466,15.121,17.702,24.275,30.695,30.893,25.659,23.678,15.659,-21.421,-8.597,-23.199,5.486,27.514,26.869,11.195,NA,NA,24.265,25.429,25.827,26.352,4.02,3.679
"1984-02",-31.94,-17.572,-25.897,-1.884,-0.858,-1.432,13.621,22.878,24.822,21.812,25.189,24.815,25.071,15.118,25.543,11.52,0.012,3.589,-2.267,9.036,14.743,24.622,23.97,24.6,23.116,24.209,25.116,26.403,-21.437,-6.036,-12.379,-18.84,3.824,-5.958,-11.144,4.613,16.919,19.993,24.411,28.894,29.211,26.104,22.436,16.843,-28.31,-14.518,-25.311,7.118,27.655,27.423,9.541,NA,NA,24.218,24.943,25.355,26.395,3.515,4.635
"1984-03",-27.897,-7.836,-19.398,2.904,3.713,1.997,16.11,23.468,25.095,22.228,25.755,25.016,25.044,14.491,23.915,10.791,1.019,5.825,0.835,11.545,18.441,27.711,25.378,26.203,24.135,24.072,24.01,26.119,-17.474,-2.652,-9.253,-15.437,7.529,1.48,-9.606,8.565,20.311,22.612,25.482,27.603,24.613,23.058,18.488,16.642,-37.219,-22.78,-19.816,10.72,27.557,27.212,10.196,NA,NA,25.243,26.048,25.975,26.726,2.771,6.049
"1984-04",-21.699,-3.121,-11.146,11.09,14.083,8.035,20.994,24.541,25.456,22.038,25.635,25.306,25.116,11.852,20.355,8.2,4.164,10.051,8.583,15.214,25.349,30.473,27.071,28.325,24.455,22.393,22.378,25.353,-9.372,4.121,-1.817,-5.711,17.421,7.471,-1.459,14.085,26.967,28.495,26.571,27.326,22.097,20.385,16.419,12.9,-43.226,-27.352,-13.718,10.331,27.427,26.905,11.794,NA,NA,27.125,27.687,27.23,26.405,0.621,9.212
"1984-05",-12.742,2.717,-3.136,13.584,19.17,13.558,23.699,25.487,26.236,21.373,25.157,23.453,22.977,8.794,16.596,4.579,6.84,12.67,13.568,16.75,30.578,30.316,26.747,28.302,23.697,19.463,19.363,23.384,-2.528,10.547,5.299,2.973,22.706,17.447,5.821,18.873,30.933,30.998,26.684,23.588,17.411,16.173,13.193,9.628,-46.847,-33.246,-6.537,13.403,27.601,25.725,14.024,NA,NA,28.479,29.079,28.393,25.093,-0.944,11.279
"1984-06",-5.678,7.876,3.139,18.253,23.159,19.514,26.462,25.643,27.456,20.947,25.062,22.333,21.55,7.48,14.787,2.314,13.55,17.75,22.738,21.221,31.894,28.819,25.575,27.414,22.782,16.498,18.092,21.857,4.737,14.071,10.898,10.69,25.935,19.323,10.077,22.469,32.863,31.714,26.516,21.515,15.782,12.869,11.922,9.033,-44.707,-30.949,-1.009,15.236,27.225,24.795,16.246,NA,NA,29.789,28.086,27.669,23.405,-2.324,13.549
"1984-07",-2.715,10.309,7.191,23.582,28.777,22.59,27.66,25.808,28.086,20.648,25.084,21.865,21.281,6.888,14.047,1.866,13.438,19.463,21.838,25.742,31.352,27.132,24.699,25.833,21.213,16.062,16.909,20.314,8.784,19.524,18.332,12.988,28.132,22.776,11.953,25.066,34.06,28.732,26.291,22.627,15.066,12.454,11.232,7.94,-42.734,-32.139,0.018,16.306,27.046,23.635,18.391,NA,NA,27.947,27.148,27.083,22.131,-2.283,14.907
"1984-08",-5.821,9.524,7.725,23.765,29.1,23.179,26.772,25.785,28.286,21.475,25.879,22.806,23.265,8.639,15.833,3.935,14.356,18.7,19.945,25.697,30.667,26.737,25.011,26.047,21.946,17.942,18.021,20.77,6.746,18.155,13.849,10.937,27.767,21.74,11.512,25.615,33.547,28.032,26.307,24.478,17.154,15.294,12.253,8.14,-47.681,-37.22,0.218,17.323,26.753,23.323,19.625,NA,NA,27.373,27.155,27.039,21.694,-4.228,14.305
"1984-09",-14.855,8.023,3.443,17.559,22.033,17.94,24.604,25.337,27.988,22.368,26.745,24.177,26.485,11.133,21.884,6.387,9.891,14.801,13.095,22.084,28.776,27.422,25.544,26.966,23.222,21.208,21.263,21.759,2.228,14.145,7.665,5.327,21.092,15.938,8.018,20.467,29.215,26.988,25.972,26.479,19.535,17.891,12.878,8.842,-43.7,-33.015,-1.686,17.345,26.698,22.857,18.923,NA,NA,27.142,26.891,26.768,21.898,-2.83,12.801
"1984-10",-18.505,1.404,-2.6,11.947,15.272,12.463,21.608,24.77,27.603,22.225,26.262,26.432,26.232,10.604,21.42,7.55,5.914,11.341,7.84,18.985,25.891,28.059,25.67,26.072,23.499,23.649,23.62,23.95,-2.603,4.896,-0.135,-1.508,15.675,7.005,1.127,14.25,25.979,26.176,25.764,28.424,24.337,20.526,15.69,9.153,-38.928,-25.794,-5.62,15.205,26.838,23.43,17.464,NA,NA,26.79,27.125,26.836,22.703,-1.399,10.645
"1984-11",-25.407,-8.813,-9.848,4.033,9.407,9.135,18.535,24.587,26.612,22.233,26.187,26.752,25.888,13.137,22.906,11.088,2.959,4.087,-0.201,12.866,20.411,27.304,25.133,25.483,23.674,24.578,24.312,24.613,-12.705,-2.31,-7.84,-11.726,9.471,0.736,-5.513,9.719,23.068,23.346,25.249,30.703,27.221,22.832,17.395,12.91,-28.694,-17.077,-10.252,13.175,26.98,24.435,14.837,NA,NA,26.978,26.733,26.912,23.957,1.33,8.13
"1984-12",-28.058,-18.398,-22.127,-3.183,0.694,2.606,14.021,23.429,25.734,22.073,25.445,26.365,25.418,14.568,24.756,12.223,-0.367,0.281,-5.596,9.137,14.887,24.618,23.703,24.012,23.17,25.524,25.345,26.502,-18.387,-9.579,-17.512,-17.93,3.392,-8.006,-12.284,3.584,17.42,19.997,25.19,31.611,30.098,26.015,20.133,14.018,-21.129,-8.602,-15.432,11.107,27.261,25.714,11.787,NA,NA,25.609,26.529,26.606,25.489,3.52,5.233
"1985-01",-24.372,-22.633,-26.153,-1.794,1.214,-1.349,14.932,22.516,24.581,21.707,24.952,25.964,25.174,14.865,27.544,11.858,-4.084,-4.824,-10.959,6.794,14.788,24.503,23.473,23.749,23.428,25.751,25.02,25.595,-24.094,-14.836,-22.747,-21.136,-0.094,-13.28,-15.946,0.981,15.86,17.513,24.655,30.533,30.976,26.077,23.227,14.426,-19.707,-7.882,-11.888,9.321,27.612,26.699,10.237,NA,NA,24.675,25.963,26.288,26.527,4.35,3.759
"1985-02",-25.994,-11.824,-24.848,3.087,1.8,-4.864,15.091,21.887,24.221,22.811,26.008,26.314,26.011,15.512,26.573,12.232,0.028,-0.335,-8.252,8.573,17.264,26.358,25.562,25.831,24.362,25.165,24.773,25.835,-19.409,-11.05,-16.31,-19.214,5.574,-7.769,-14.325,2.066,18.685,19.891,24.391,29.358,30.93,25.702,24.251,15.15,-25.356,-13.347,-9.169,5.282,27.485,27.01,10.748,NA,NA,24.418,26.216,26.582,26.941,4.464,5.234
"1985-03",-21.772,-6.933,-16.327,4.875,6.69,1.019,17.266,24.179,24.906,22.81,26.592,25.908,25.13,15.03,24.769,12.704,-3.948,-0.023,-5.404,11.355,21.481,29.208,27.221,27.688,24.802,24.131,23.511,25.815,-15.461,-8.666,-13.581,-14.996,8.503,-1.125,-7.75,5.875,22.274,23.943,25.819,30.309,29.209,24.747,20.826,15.04,-34.533,-21.676,-12.311,9.639,27.491,26.805,10.873,NA,NA,25.877,26.986,26.988,27.28,3.122,6.57
"1985-04",-16.458,-3.223,-12.152,9.089,13.481,8.089,19.658,26.224,26.382,23.169,26.733,25.868,25.21,12.317,21.084,7.9,0.816,5.641,4.734,14.404,26.887,30.358,27.182,28.34,24.853,22.67,22.393,25.538,-9.383,6.882,-1.608,-7.433,16.936,10.683,-0.338,13.025,26.679,28.232,26.542,27.233,24.029,21.14,17.275,12.502,-39.91,-28.98,-13.895,10.663,27.592,26.348,11.893,NA,NA,27.207,28.188,27.811,26.777,2.039,9.48
"1985-05",-12.705,4.684,-2.443,15.03,17.06,12.946,22.658,25.795,27.228,22.325,25.923,24.304,23.785,9.236,17.207,5.062,9.794,16.297,15.804,17.51,29.092,29.525,26.38,27.591,23.956,20.501,20.748,23.434,-2.641,11.244,6.703,2.509,20.164,16.571,4.935,19.321,29.479,31.245,27.141,25.236,19.026,17.311,13.735,10.86,-42.277,-30.181,-7.083,12.714,27.489,25.691,14.032,NA,NA,28.603,29.282,28.505,24.94,-0.517,11.956
"1985-06",-3.816,10.171,4.301,20.097,24.403,19.451,25.693,25.476,27.904,21.673,25.661,22.769,22.335,8.359,17.329,3.359,12.699,19.124,19.61,21.607,32.209,28.524,25.944,27.057,22.516,16.703,17.02,20.734,2.98,14.905,12.34,7.483,25.924,20.077,8.755,22.885,32.805,32.99,26.471,20.467,13.633,12.541,10.543,8.497,-42.169,-30.255,-0.719,13.964,27.372,24.652,15.905,NA,NA,30.38,29.571,28.786,22.878,-1.47,13.955
"1985-07",-2.902,11.24,7.987,22.599,28.506,23.351,27.219,25.689,28.062,21.823,25.979,23.36,22.735,6.168,13.766,2.19,12.544,19.907,22.732,25.939,32.683,27.465,24.963,26.329,21.65,15.912,16.671,20.294,7.876,21.924,15.846,12.488,29.354,23.781,11.346,25.037,34.431,29.58,26.307,21.921,14.935,12.504,10.489,7.532,-44.216,-31.828,0.036,15.857,27.053,23.76,19.175,NA,NA,28.982,27.903,27.774,21.957,-2.982,15.053
"1985-08",-5.108,9.711,9.789,22.092,28.106,22.651,26.597,25.863,28.27,22.222,26.405,23.271,23.993,8.394,17.585,3.083,13.534,20.481,19.255,26.195,31.67,26.74,24.811,26.26,22.198,17.144,17.668,20.05,6.766,19.83,13.754,11.054,27.485,23.643,11.432,25.357,33.726,28.56,26.346,24.932,16.573,15.468,11.353,8.098,-43.741,-35.319,-0.269,16.743,26.98,23.402,19.889,NA,NA,27.69,27.338,27.341,21.575,-3.477,14.863
"1985-09",-10.162,4.484,4.896,16.644,23.783,20.941,25.108,25.431,28.198,22.722,26.947,24.847,26.136,10.6,19.723,5.454,10.381,15.826,11.341,22.811,28.672,27.397,25.719,26.801,22.739,20.866,20.325,20.747,1.018,10.812,8.084,7.241,20.622,15.397,8.917,21.524,30.907,27.583,26.453,27.021,19.29,16.816,12.695,8.37,-41.84,-32.752,-1.941,16.338,27.461,24.04,18.926,NA,NA,27.2,27.137,27.16,21.25,-2.76,12.968
"1985-10",-18.001,-0.754,-1.329,8.604,15.919,15.042,22.57,25.199,27.654,22.658,26.837,26.807,26.961,11.474,21.957,7.154,6.186,10.583,4.71,18.162,24.847,28.23,26.029,26.419,23.61,23.481,22.345,22.885,-4.404,5.322,1.746,-2.609,15.379,9.163,2.501,14.748,26.992,26.327,25.735,28.497,25.864,20.921,16.512,9.507,-41.668,-27.433,-3.515,15.04,27.362,24.001,16.942,NA,NA,27.074,26.954,26.922,22.486,-2.227,10.459
"1985-11",-23.464,-9.657,-9.239,2.966,8.78,8.904,18.577,24.454,26.731,22.299,26.425,27.908,26.73,12.285,23.658,8.059,1.368,3.17,-2.293,12.119,19.324,27.333,25.054,25.525,23.59,24.535,24.62,24.893,-14.49,-3.048,-6.757,-11.638,9.017,2.172,-4.208,11.454,22.463,23.624,25.812,30.208,28.714,23.877,19.543,10.617,-30.157,-18.024,-13.986,12.345,27.386,24.928,14.662,NA,NA,26.658,26.986,27.192,24.365,1.15,7.991
"1985-12",-27.02,-13.694,-16.917,-0.341,-0.581,0.671,12.241,22.847,25.876,22.445,26.17,26.905,25.805,14.51,24.787,10.867,0.681,2.714,-4.776,9.388,14.88,24.374,23.379,24.167,23.307,24.808,24.809,25.449,-21.438,-7.77,-17.964,-19.769,4.891,-5.897,-10.145,3.222,16.363,19.719,24.823,31.437,29.704,23.8,19.362,12.524,-20.352,-10.076,-11.621,8.774,27.655,25.732,12,NA,NA,25.763,26.463,26.807,25.39,3.165,5.602
"1986-01",-24.292,-13.765,-23.339,-4.452,-4.021,-4.965,11.654,22.779,25.109,22.573,25.963,25.96,25.454,15.585,26.35,12.075,-2.484,-1.933,-9.673,6.192,13.584,23.731,23.703,23.761,23.969,24.988,24.944,25.594,-22.727,-11.963,-20.094,-23.351,1.751,-8.693,-13.012,2.255,14.711,18.324,24.974,29.338,31.206,26.177,22.971,15.122,-18.212,-7.547,-18.437,7.711,27.604,26.827,11.322,NA,NA,24.307,25.827,26.193,26.912,4.32,4.459
"1986-02",-25.74,-18.802,-25.61,0.613,-1.217,-2.677,14.52,22.757,24.877,23.152,26.535,26.983,26.8,16.411,25.488,12.233,-0.935,2.527,-6.889,10.08,17.409,26.077,24.968,25.286,24.197,25.165,24.476,26.28,-24.126,-12.853,-19.187,-20.462,2.151,-8.19,-12.624,2.449,16.69,19.662,24.746,30.77,29.996,26.06,21.421,15.505,-27.637,-13.516,-19.056,6.73,28.017,28.044,10.433,NA,NA,23.912,25.705,26.117,27.66,3.898,4.381
"1986-03",-23.386,-11.243,-20.513,5.399,5.213,3.123,15.968,23.805,24.72,23.158,26.8,26.379,26.085,14.237,24.605,10.241,-3.476,5.758,-5.819,13.103,22.323,30.02,26.811,27.051,25.189,24.554,23.654,26.257,-24.023,-9.357,-15.067,-18.864,10.352,1.333,-8.243,8.681,21.62,24.448,26.378,31.002,29.319,25.197,20.104,13.301,-35.118,-19.123,-18.385,6.601,27.811,27.515,11.11,NA,NA,25.365,26.849,26.965,27.265,2.663,6.333
"1986-04",-21.268,-3.976,-13.297,9.724,10.763,8.929,18.664,25.737,26.08,23.103,26.734,26.152,26.516,12.117,22.253,7.689,3.011,8.577,3.69,15.135,27.071,31.401,27.83,28.299,25.177,23.427,22.794,25.306,-13.29,3.127,-1.418,-7.715,17.666,10.646,1.099,13.858,27.442,29.039,27.019,28.815,25.411,21.202,18.056,11.847,-41.105,-27.92,-14.2,9.504,27.938,26.663,11.887,NA,NA,27.131,28.451,28.044,26.782,0.825,9.435
"1986-05",-11.926,2.926,-3.301,15.346,19.732,14.162,23.283,25.96,26.464,22.798,26.485,25.767,24.996,9.23,16.92,4.638,6.988,13.739,16.547,17.925,29.248,31.347,28.027,29.234,24.759,21.56,21.909,23.819,-0.926,12.503,6.733,1.357,20.267,16.389,4.28,18.437,29.382,31.492,27.694,25.715,20.275,17.633,14.478,10.466,-44.057,-26.697,-4.783,12.133,27.608,25.039,14.147,NA,NA,28.534,29.748,29.018,25.223,-0.917,12.171
"1986-06",-2.99,8.744,2.876,17.716,21.6,17.376,26.139,26.121,28.073,22.08,26.106,24.232,22.62,6.976,12.619,1.6,11.646,16.068,15.045,21.671,32.293,29.301,26.317,27.96,23.566,17.29,18.867,22.23,4.225,16.225,11.946,8.001,27.731,22.764,9.742,22.178,34.031,33.376,27.16,23.46,17.798,15.213,13.295,8.464,-47.013,-31.474,-0.965,14.121,27.146,23.674,15.665,NA,NA,30.183,29.689,28.881,23.977,-3.445,13.634
"1986-07",-3.364,12.062,6.115,21.443,25.51,21.256,27.57,25.554,28.607,22.115,26.158,23.483,23.633,7.259,15.318,1.988,13.706,18.655,19.872,25.845,32.566,29.069,26.024,27.507,21.956,16.843,16.805,19.882,6.63,18.875,15.204,11.144,28.414,22.603,11.205,24.277,34.274,29.874,26.653,22.974,14.437,13.956,10.611,7.841,-47.168,-34.676,-0.088,15.7,26.757,22.675,18.254,NA,NA,28.795,28.089,27.895,23.099,-4.148,14.52
"1986-08",-4.798,9.61,7.292,21.681,28.168,23.699,27.323,25.618,28.18,22.641,26.701,23.381,25.03,8.541,17.284,2.587,13.297,19.109,19.545,25.805,31.467,27.631,25.6,27.252,22.629,18.853,18.88,21.015,6.841,17.609,14.075,11.362,27.189,21.76,11.717,24.881,33.575,29.002,26.328,23.427,16.136,13.79,11.224,7.853,-45.992,-33.623,0.428,16.521,26.5,22.511,20.191,NA,NA,28.032,27.42,27.46,22.838,-3.056,14.653
"1986-09",-14.368,7.577,4.96,20.699,23.819,19.003,25.751,25.378,27.97,23.187,27.808,25.98,27.188,9.651,18.811,5.599,11.41,16.316,12.274,22.772,29.926,28.089,25.948,27.302,23.382,21.502,21.312,22.497,0.89,11.157,6.175,5.043,21.235,14.603,8.561,20.813,31.423,28.204,26.433,25.988,18.116,16.469,12.182,8.864,-44.093,-36.683,-0.851,15.63,26.699,22.74,19.666,NA,NA,27.954,26.978,27.02,23.02,-2.417,12.894
"1986-10",-18.485,-0.07,-1.711,14.519,16.93,12.413,22.446,24.717,27.451,23.192,27.922,28.424,28.453,10.145,21.027,7.722,5.847,10.911,5.579,19.148,26.949,28.678,26.062,26.571,23.921,24.692,24.097,23.476,-3.608,2.661,-1.588,-1.739,16.659,6.861,2.133,14.279,26.997,26.524,26.043,27.658,22.876,19.857,16.062,10.429,-39.278,-26.138,-2.855,15.197,26.999,23.778,17.767,NA,NA,27.319,27.207,26.992,22.976,-1.358,10.78
"1986-11",-22.635,-5.925,-7.596,6.284,7.496,6.222,17.834,24.245,26.666,22.695,26.918,28.569,27.21,12.714,23.405,8.902,0.009,3.937,-1.958,12.82,20.376,27.501,25.303,25.314,23.757,24.785,24.677,25.406,-16.758,-3.572,-11.225,-14.063,9.7,0.776,-3.948,9.58,23.697,23.38,25.945,30.567,28.59,22.428,19.042,12.352,-30.92,-16.873,-9.826,12.611,27.324,24.779,14.99,NA,NA,27.239,26.967,27.068,24.31,0.657,7.923
"1986-12",-30.541,-12.714,-19.664,-0.229,-3.097,-1.446,11.335,21.957,25.287,22.603,26.443,27.738,26.553,14.091,24.155,11.919,-0.572,2.777,-2.89,9.642,15.115,24.548,23.739,24.202,23.251,24.861,24.1,25.374,-18.999,-7.099,-14.957,-17.818,4.472,-6.204,-11.494,3.547,17.369,19.85,25.404,31.156,29.587,24.258,20.98,14.879,-23.168,-9.931,-15.648,10.726,27.64,25.839,12.283,NA,NA,25.984,26.911,27.02,25.463,2.871,5.508
"1987-01",-28.665,-13.765,-22.316,0.988,-0.788,-2.117,13.938,21.794,24.168,22.182,25.922,25.982,25.706,14.545,24.778,12.867,-4.397,-1.11,-7.686,7.71,14.509,24.151,23.887,24.004,23.836,24.878,24.336,25.909,-25.121,-12.655,-22.015,-22.034,3.527,-9.927,-14.789,-0.333,16.062,18.36,24.463,31.232,32.693,26.754,23.963,16.013,-20.371,-6.892,-19.806,7.793,28.122,27.11,12.305,NA,NA,24.588,26.065,26.405,26.274,3.989,4.47
"1987-02",-27.273,-11.241,-21.723,1.379,0.027,0.106,13.327,23.768,25.144,22.673,26.262,26.306,25.898,15.194,25.051,11.553,-3.305,1.505,-8.757,11.949,17.883,25.805,24.529,25.35,23.805,24.735,24.901,26.252,-27.82,-11.754,-19.012,-24.898,6.437,-4.022,-12.23,3.634,19.382,21.095,24.468,29.376,28.695,28.188,21.05,16.393,-27.676,-13.708,-20.926,6.964,28.46,27.554,11.197,NA,NA,25.343,25.501,25.788,26.659,4.454,4.897
"1987-03",-24.694,-11.001,-20.493,5.001,6.646,3.676,17.24,24.279,25.122,22.636,26.543,25.738,25.176,13.936,23.44,10.891,-1.203,3.344,-1.973,12.554,20.83,28.654,26.317,26.894,24.355,24.35,24.351,26.439,-17.274,-2.288,-8.817,-15.46,10.72,3.582,-6.32,8.508,22.214,24.193,25.724,29.897,27.662,23.703,19.269,14.587,-35.851,-23.106,-14.77,8.962,27.984,27.624,10.559,NA,NA,26.496,26.645,26.587,26.76,2.476,6.753
"1987-04",-19.034,-2.142,-11.253,8.111,12.898,8.299,20.359,26.109,25.936,23.083,26.861,25.613,25.568,12.039,20.886,7.859,4.307,10.897,8.136,15.769,26.103,30.283,27.236,28.063,24.716,22.824,23.21,25.642,-11.39,5.803,-3.033,-7.913,17.887,10.833,1.455,15.053,27.268,27.828,26.684,27.309,22.503,19.725,15.828,11.218,-40.183,-29.478,-11.444,11.86,28.105,26.87,12.314,NA,NA,28.029,27.889,27.664,26.395,1.094,9.624
"1987-05",-9.132,5.051,-1.346,14.683,19.795,14.003,22.447,26.012,26.837,22.901,26.681,25.189,24.647,10.057,17.585,5.246,7.881,13.993,11.591,18.867,30.297,30.121,27.209,28.03,24.334,21.104,21.162,23.62,-2.708,11.336,5.49,1.3,20.85,18.246,6.235,18.72,29.478,30.565,27.423,23.607,17.346,16.271,13.014,10.486,-40.303,-27.552,-3.998,13.554,27.946,25.585,14.272,NA,NA,29.546,28.901,28.154,25.562,-0.603,12.333
"1987-06",-4.708,10.204,3.477,20.682,23.004,18.882,24.859,26.521,28.063,22.389,26.362,23.388,23.01,7.163,14.482,2.031,13.182,18.887,18.932,23.234,33.245,29.235,26.449,27.734,23.095,17.816,18.268,21.129,4.831,16.435,13.774,8.355,25.419,21.35,9.749,21.96,34.284,33.291,26.924,21.637,14.969,14.16,11.265,7.764,-43.921,-28.983,-0.947,15.434,27.606,23.712,15.89,NA,NA,30.389,29.045,28.538,23.263,-2.94,14.211
"1987-07",-2.994,13.17,7.435,21.54,27.974,22.964,26.932,26.275,28.608,22.093,26.444,23.59,22.367,6.477,12.474,1.013,13.078,19.236,17.211,26.276,32.636,28.573,25.916,27.13,21.795,16.81,16.88,20.384,7.849,19.875,17,11.991,27.634,23.962,11.909,25.099,34.299,30.486,26.366,21.259,15.39,13.028,11.604,7.604,-43.588,-28.254,-0.117,16.867,27.263,23.102,18.154,NA,NA,28.914,28.183,28.011,22.402,-3.776,15.132
"1987-08",-5.805,12.144,7.626,23.66,28.004,21.581,27.592,26.174,28.724,22.822,27.02,23.738,24.946,7.511,15.427,2.722,12.535,18.765,18.826,26.014,32.015,27.81,25.958,26.988,22.017,17.808,17.556,20.494,7.323,17.516,13.029,11.704,27.574,21.567,11.16,24.975,33.754,29.006,26.246,22.167,16.076,13.453,11.239,7.372,-45.45,-33.113,0.164,17.391,26.947,22.738,19.855,NA,NA,27.847,27.864,27.542,21.712,-4.417,14.671
"1987-09",-10.775,4.07,2.82,17.65,22.768,19.742,25.813,26.471,28.841,23.333,27.898,27.116,26.983,10.053,17.789,5.361,11.103,17.307,12.933,23.841,30.664,28.581,26.548,27.775,23.15,21.88,20.846,21.181,2.915,11.988,7.923,7.153,22.251,16.14,7.942,20.95,31.333,29.149,26.229,25.487,20.667,18.147,13.95,8.723,-45.973,-32.184,-1.409,17.345,26.958,22.655,18.94,NA,NA,27.675,27.922,27.564,21.329,-3.898,13.134
"1987-10",-16.815,0.873,-2.626,12.312,12.455,9.598,20.869,25.68,28.302,23.515,27.925,27.659,27.478,10.204,19.758,6.731,4.139,9.88,10.291,18.179,27.187,29.209,26.841,27.801,24.431,24.195,24.238,23.939,-4.039,7.218,-1.281,-0.393,18.215,6.63,0.688,14.081,27.67,26.85,26.061,28.279,25.975,20.174,15.963,9.601,-39.197,-24.731,-7.568,15.287,26.668,23.11,17.179,NA,NA,27.112,27.681,27.222,22.259,-1.002,10.928
"1987-11",-24.497,-6.113,-9.733,4.847,4.726,5.129,15.549,23.485,26.844,23.057,27.276,28.177,28.29,11.655,23.308,7.715,-0.655,4.778,-0.115,13.065,20.204,27.092,25.311,25.715,24.105,25.557,25.053,24.717,-13.701,-1.487,-8.854,-10.983,11.828,2.838,-5.589,11.27,23.136,23.896,26.199,29.845,28.602,23.612,19.776,10.739,-28.623,-16.294,-10.862,13.86,27.231,24.487,14.509,NA,NA,27.081,27.244,27.294,23.43,0.852,8.382
"1987-12",-26.972,-14.354,-15.049,1.393,1.852,1.95,14.358,23.481,25.812,23.114,26.698,27.996,28.213,14.771,25.882,10.609,-3.135,3.425,-2.081,10.898,16.135,25.03,24.403,24.908,23.926,26.028,24.794,25.693,-20.463,-5.738,-15.547,-19.6,4.79,-6.588,-11.464,3.147,17.43,20.193,25.175,30.515,29.675,25.462,21.57,13.288,-20.713,-9.534,-24.621,11.9,27.635,25.527,12.393,NA,NA,25.471,27.136,27.212,25.136,3.071,6.294
"1988-01",-29.683,-14.813,-22.37,0.171,-3.822,-4.091,12.144,21.763,24.647,23.637,27.23,26.878,27.218,16.018,25.919,13.073,-1.984,0.44,-6.25,7.628,14.341,25.055,24.169,24.504,24.376,25.877,25.208,26.677,-23.808,-9.925,-18.664,-23.274,2.337,-8.82,-14.145,1.019,15.723,19.202,24.884,31.676,31.259,26.669,22.258,14.6,-18.877,-7.706,-21.976,8.363,27.937,25.963,11.547,NA,NA,24.632,26.802,27.131,26.878,4.391,4.911
"1988-02",-27.815,-13.28,-20.596,1.257,-2.503,-4.278,13.053,22.518,24.089,24.366,28.263,26.996,26.895,15.221,25.19,12.43,-2.851,2.435,-5.522,11.307,18.237,26.673,25.749,26.166,24.913,25.648,25.38,27.012,-23.313,-9.114,-17.707,-22.118,7.475,-4.516,-12.011,3.295,19.402,21.71,25.047,32.243,32.187,27.182,23.005,14.672,-24.617,-11.879,-22.109,7.273,27.979,26.977,10.874,NA,NA,25.461,26.57,26.925,27.56,4.224,5.756
"1988-03",-26.866,-11.55,-17.758,3.809,4.472,2.651,15.652,24.689,24.843,24.28,28.08,26.907,27.659,14.483,25.13,10.199,-4.085,5.09,-4.122,14.34,22.849,30.152,27.145,27.498,25.23,25.67,25.131,26.923,-25.311,-7.022,-16.204,-20.963,11.136,3.838,-7.439,8.839,22.312,25.498,26.808,31.22,30.062,24.88,22.153,12.515,-35.782,-19.402,-14.84,7.932,28.177,27.176,11.501,NA,NA,26.245,27.413,27.138,27.073,2.611,6.636
"1988-04",-19.201,-1.067,-10.224,9.39,10.12,9.389,19.056,26.643,26.542,24.069,27.67,26.946,28.069,12.615,23.435,7.948,3.167,8.27,2.548,15.732,28.367,32.216,28.323,28.7,25.275,24.823,23.227,25.606,-14.665,0.424,-5.104,-8.854,16.346,11.856,0.935,15.021,26.504,29.401,27.576,29.744,25.999,21.668,18.518,11.169,-42.238,-25.433,-10.772,10.389,28.178,26.728,11.546,NA,NA,27.508,28.454,28.084,26.467,0.266,9.701
"1988-05",-9.915,4.944,-0.772,14.368,19.615,14.89,22.587,27.217,27.082,23.452,27.217,25.822,26.038,9.281,17.514,4.596,4.264,12.756,13.5,19.826,31.995,31.429,27.625,28.603,24.451,20.376,20.192,24.013,-3.369,11.673,6.192,1.492,21.536,16.109,4.773,18.267,30.97,31.715,27.906,26.704,20.398,18.596,14.301,9.786,-43.588,-27.557,-7.805,11.776,27.99,25.622,14.711,NA,NA,29.142,29.92,29.17,25.496,-1.566,12.441
"1988-06",-2.098,10.653,5.124,17.781,23.006,19.338,26.315,27.254,28.096,22.281,26.78,23.789,23.208,7.199,14.329,2.943,11.442,18.481,15.391,22.846,32.98,28.585,26.706,28.331,23.563,17.685,18.457,22.509,3.353,13.814,13.023,9.041,27.311,21.507,10.475,22.422,34.811,33.812,27.767,25.473,18.041,15.42,11.97,8.772,-44.744,-30.189,-0.775,14.126,27.692,24.905,16.849,NA,NA,30.786,30.12,29.378,23.889,-3.005,14.293
"1988-07",-0.704,10.736,8.022,20.715,27.353,23.41,27.656,26.132,28.732,21.991,26.562,23.277,23.36,6.693,14.32,2.428,14.474,19.281,21.088,26.676,33.859,28.604,26.174,27.372,22.248,16.642,17.097,20.527,6.892,18.006,14.933,12.941,28.005,21.502,11.797,23.955,35.648,31.914,27.181,23.039,14.595,13.562,10.644,7.941,-45.086,-29.424,0.336,16.704,26.993,23.982,18.859,NA,NA,29.223,28.683,28.377,22.527,-2.945,15.103
"1988-08",-4.403,9.868,7.758,21.574,28.529,23.295,27.1,26.006,28.673,22.172,27.084,23.295,24.478,8.267,15.416,3.729,12.531,18.712,17.237,26.343,32.052,27.512,25.568,26.817,22.238,17.687,18.005,20.349,7.215,19.11,14.551,11.419,27.794,22.049,11.49,24.702,34.496,29.234,26.875,24.893,16.255,14.165,10.785,8.657,-45.636,-36.834,-0.824,16.9,26.54,23.744,19.644,NA,NA,28.155,28.56,28.439,21.41,-3.703,14.671
"1988-09",-10.473,5.47,4.589,16.311,22.625,20.133,25.591,25.177,28.021,23.118,28.436,26.053,28.091,9.077,18.734,5.349,10.012,16.599,14.004,23.319,28.823,27.864,26.36,27.388,23.278,21.35,21.433,22.283,2.9,11.381,8.22,6.633,22.807,15.551,8.143,21.783,32.224,28.786,26.897,27.856,19.937,17.512,12.734,9.088,-43.327,-33.273,-2.257,16.081,26.401,24.366,18.89,NA,NA,27.996,28.006,27.94,22.002,-2.604,13.312
"1988-10",-17.106,-1.863,-0.521,10.031,15.364,14.051,22.019,25.136,27.566,22.924,27.931,27.444,27.808,10.966,21.059,7.256,4.225,10.242,6.198,19.166,25.456,28.6,26.38,27.267,23.951,24.626,24.006,23.569,-3.961,5.582,0.672,0.064,15.432,8.667,4.682,15.665,25.521,26.955,26.691,29.717,25.188,21.931,16.372,9.876,-39.347,-27.925,-5.498,14.327,26.635,24.429,16.389,NA,NA,27.001,28.271,27.92,22.396,-1.683,10.903
"1988-11",-22.482,-8.614,-5.273,3.239,8.666,8.605,17.197,24.671,26.975,22.086,26.536,27.332,26.871,12.782,22.551,10.297,0.872,7.117,1.359,14.603,20.35,26.95,25.394,25.845,23.935,25.346,25.655,25.556,-16.31,-3.057,-12.299,-13.567,9.649,-0.782,-2.787,7.782,21.534,23.338,26.044,30.204,27.363,22.914,17.744,12.195,-30.509,-17.018,-12.271,12.373,26.749,25.347,14.553,NA,NA,26.348,27.311,27.183,23.559,1.168,7.952
"1988-12",-21.385,-10.784,-18.58,-0.233,1.05,-0.803,12.901,22.858,25.688,21.606,25.39,26.026,25.178,14.181,23.43,12.108,-4.449,0.324,-5.573,10.216,15.696,24.667,24.368,24.431,23.667,24.501,24.601,25.732,-21.617,-6.705,-15.785,-21.226,5.806,-4.76,-11.045,3.272,17.219,19.338,25.054,30.406,29.641,24.702,21.045,15.537,-21.672,-9.966,-21.013,12.328,26.694,26.479,12.703,NA,NA,25.31,26.461,26.766,24.472,2.818,5.67
"1989-01",-27.216,-14.222,-19.351,0.351,-0.985,-3.606,13.446,21.483,23.991,21.639,25.224,25.277,25.092,15.302,25.458,14.004,-6.766,-2.907,-10.969,9.68,15.109,23.235,23.346,24.245,23.712,24.534,23.651,26,-26.188,-14.841,-25.655,-25.446,4.648,-8.702,-12.577,1.189,15.544,18.152,24.92,29.767,29.369,25.066,21.045,16.495,-18.478,-8.449,-20.95,9.755,26.818,27.013,11.81,NA,NA,24.379,26.018,26.384,25.467,4.283,4.227
"1989-02",-27.401,-9.559,-20.314,0.446,3.156,1.014,14.164,22.12,24.544,21.809,25.386,25.364,25.378,14.94,25.655,12.336,-7.074,0.084,-10.405,9.963,15.98,24.487,24.254,25.293,23.895,24.068,23.6,26.094,-25.459,-13.908,-21.741,-24.651,5.098,-6.699,-9.596,1.014,16.785,20.706,25.072,30.208,30.101,25.285,22.467,15.836,-26.648,-11.83,-12.099,7.979,26.971,27.246,10.636,NA,NA,23.794,25.882,26.254,26.131,4.289,4.541
"1989-03",-27.212,-11.808,-18.324,4.174,10.772,5.572,18.882,23.636,24.882,21.696,25.306,25.322,25.003,13.961,23.591,11.21,-0.774,3.537,-3.258,11.249,19.164,27.934,26.111,27.061,24.575,23.995,23.753,25.678,-18.347,-3.274,-7.312,-15.713,9.631,3.824,-4.63,8.008,21.209,24.887,26.171,28.924,28.096,24.705,20.484,15.828,-35.036,-21.574,-24.296,6.04,26.667,26.988,11.393,NA,NA,24.289,26.772,26.962,25.842,2.708,6.72
"1989-04",-20.532,-4.477,-10.794,8.158,13.226,8.605,20.208,24.727,25.871,21.729,25.488,25.198,25.876,11.683,21.159,8.12,2.121,9.39,3.393,16.604,25.587,29.95,26.663,28.002,23.911,22.799,22.287,24.887,-10.595,5.123,0.572,-6.701,18.19,11.862,1.776,14.298,26.565,28.593,26.323,27.072,23.167,20.64,17.103,13.206,-41.374,-25.919,-16.497,9.051,26.792,26.97,12.406,NA,NA,26.438,27.879,27.481,25.345,0.452,9.438
"1989-05",-11.404,4.027,-1.446,12.438,19.383,15.167,23.645,25.31,26.724,21.194,25.32,23.905,23.465,9.23,16.116,5.257,7.796,16.876,15.814,19.644,30.54,29.286,26.04,28.06,23.318,19.085,19.283,22.81,-2.619,10.519,7.333,4.047,22.693,16.041,5.223,18.619,31.431,30.916,26.525,25.109,19.596,16.979,14.236,9.783,-40.959,-27.064,-6.86,12.685,26.612,25.501,14.012,NA,NA,28.424,28.778,28.096,23.882,-1.341,12.291
"1989-06",-4.312,9.015,3.208,18.303,23.49,19.076,26.431,24.7,27.57,19.968,24.757,22.426,20.591,7.739,13.878,3.092,9.207,16.694,15.301,24.199,32.562,27.564,25.027,26.722,22.221,16.061,17.654,21.102,4.633,16.939,14.625,9.504,26.656,21.344,9.243,21.265,34.14,31.229,26.361,21.285,14.645,12.59,11.388,9.492,-42.029,-32.949,-0.968,15.044,26.282,24.86,16.258,NA,NA,28.651,27.724,27.411,23.054,-1.593,13.691
"1989-07",-2.619,11.611,8.654,23.591,27.395,21.749,27.406,25.159,27.946,20.376,24.966,21.567,21.297,6.498,14.57,2.217,15.055,20.461,19.528,27.187,32.134,26.504,24.395,25.778,20.833,16.067,16.464,19.764,7.066,17.99,14.947,13.287,27.693,23.735,11.384,24.799,34.014,28.172,26.049,20.183,14.155,12.739,10.605,7.983,-44.163,-29.264,0.069,16.104,26.14,24.551,18.561,NA,NA,27.361,27.637,27.349,21.401,-3.26,14.649
"1989-08",-5.48,9.518,7.237,22.342,26.833,21.421,27.217,25.213,28.03,21.543,26.035,21.975,23.752,6.913,15.82,2.707,12.286,19.501,19.778,27.242,32.22,26.201,24.526,25.534,21.292,17.401,17.433,19.599,6.651,19.968,13.716,10.69,28.011,22.213,10.629,25.47,34.348,28.062,26.367,22.798,16.043,14.087,11.188,8.025,-45.584,-36.857,-0.502,16.94,26.221,24.421,19.377,NA,NA,27.127,27.757,27.515,20.881,-3.567,14.364
"1989-09",-12.022,5.614,3.598,19.072,22.639,18.814,25.257,24.954,27.952,22.463,27.123,23.815,26.446,9.017,17.46,4.595,8.416,14.568,12.8,23.152,30.141,27.154,25.424,26.581,22.687,21.603,21.371,21.767,2.593,12.303,6.897,5.613,22.666,15.144,7.998,20.024,31.36,27.286,26.433,27.17,21.312,18.67,13.921,10.165,-45.198,-35.78,-3.903,16.214,26.11,24.578,18.522,NA,NA,27.014,27.514,27.295,21.135,-3.478,12.689
"1989-10",-18.832,-1.158,-1.513,11.109,16.958,15.152,22.188,24.532,27.423,22.098,26.966,25.856,26.799,11.045,21.374,8.069,5.478,9.219,7.242,17.962,25.575,27.754,25.526,26.08,23.241,23.854,23.783,23.852,-4.528,5.947,0.827,-1.935,15.801,7.152,2.234,14.2,25.786,25.947,26.075,28.263,22.819,19.488,15.201,10.793,-41.114,-26.88,-9.996,14.432,26.389,24.898,17.388,NA,NA,26.696,27.107,26.958,21.864,-1.073,10.358
"1989-11",-27.608,-8.555,-9.442,5.235,10.125,9.858,17.408,23.167,25.981,21.709,26.403,26.685,26.06,12.516,22.256,9.901,1.874,4.998,0.382,12.711,20.087,26.725,25.091,25.388,23.513,25.213,25.609,25.262,-12.423,-2.265,-7.916,-11.935,9.178,-0.234,-4.434,8.734,21.275,22.95,25.666,30.396,26.324,21.719,17.069,12.124,-28.138,-14.849,-15.22,12.061,26.75,25.404,16.206,NA,NA,26.153,27.022,26.984,23.131,1.459,8.095
"1989-12",-22.262,-15.187,-19.269,-1.37,0.969,2.221,13.98,22.82,25.363,21.437,25.073,26.011,24.744,13.726,23.59,12.011,-3.47,2.052,-5.822,10.051,16.656,25.555,24.796,25.127,23.89,24.79,25.285,26.008,-22.823,-9.112,-18.312,-19.066,4.208,-6.651,-9.738,2.804,16.65,18.65,24.449,29.653,29.593,23.871,21.22,16.013,-21.192,-8.043,-12.024,8.743,27.076,26.333,12.855,NA,NA,25.238,25.864,26.142,24.728,3.374,5.463
"1990-01",-27.68,-22.701,-25.675,-2.782,-0.99,-2.531,14.149,22.598,24.566,21.167,24.56,25.722,24.789,15.075,25.956,12.424,-6.892,-2.978,-10.893,8.698,16.191,24.708,23.585,24.638,23.274,24.377,24.936,26.048,-29.914,-12.985,-22.05,-25.073,2.709,-9.012,-11.826,1.976,17.103,19.046,24.463,29.825,30.957,25.372,24.311,15.653,-20.693,-7.64,-24.284,5.838,27.237,27.137,10.692,NA,NA,24.619,25.456,25.845,25.198,3.859,3.772
"1990-02",-29.142,-16.555,-28.914,1.495,-0.573,-4.067,16.319,22.258,24.162,21.622,24.718,25.488,25.489,15.25,26.245,12.094,-5.831,-0.373,-7.72,9.23,16.706,25.963,25.238,25.851,24.333,24.275,24.233,25.023,-25.355,-11.082,-17.195,-19.717,6.298,-4.564,-11.196,3.601,18.399,20.062,24.97,28.342,28.631,27.24,22.723,16.127,-27.835,-12.851,-29.045,6.48,27.324,27.289,10.517,NA,NA,23.903,25.949,26.276,25.706,4.09,4.338
"1990-03",-26.828,-14.616,-20.595,5.137,8.435,4.953,18.381,23.061,24.683,21.792,25.054,25.703,25.449,13.61,23.652,10.632,-1.946,1.836,-2.869,11.291,22.291,29.484,26.632,27.564,24.633,24.407,24.103,25.667,-20.369,-8.895,-14.307,-16.242,9.638,0.715,-5.122,8.463,21.805,24.662,25.967,28.766,27.973,24.43,21.209,13.814,-36.701,-20.654,-14.058,6.183,27.298,27.214,11.313,NA,NA,24.624,26.545,26.815,25.825,1.51,6.083
"1990-04",-18.627,-5.999,-8.807,10.148,16.29,10.508,21.63,24.378,25.314,22.051,25.664,25.653,25.558,12.077,21.876,7.479,2.719,9.712,4.869,14.857,26.905,30.211,27.096,28.786,24.694,23.378,24.043,25.196,-13.411,3.864,-1.992,-6.632,18.195,11.957,2.849,14.265,27.418,29.825,26.676,26.537,23.725,20.649,16.653,12.666,-41.549,-28.363,-14.943,7.941,27.383,26.994,11.776,NA,NA,26.373,28.34,27.928,25.087,1.514,9.622
"1990-05",-11.284,2.93,-2.312,15.572,18.498,14.684,24.186,25.625,26.82,21.738,25.445,24.811,24.321,8.661,17.31,4.886,7.401,14.93,12.477,19.275,30.107,29.476,26.302,27.763,23.799,19.902,20.625,23.243,-3.892,8.609,5.104,1.504,22.309,15.971,5.829,18.655,30.675,31.074,26.758,23.932,19.164,16.313,13.542,10.751,-43.455,-27.653,-6.982,11.638,27.592,25.973,13.867,NA,NA,28.65,28.967,28.238,24.581,-1.154,11.79
"1990-06",-5.482,8.419,4.122,16.81,24.261,20.618,26.186,25.395,27.667,21.061,25.104,22.847,21.628,7.475,14.479,3.313,13.926,18.665,16.372,22.962,32.801,28.491,25.699,27.227,23.02,16.218,17.65,21.77,4.204,15.403,13.375,9.625,25.556,21.149,9.523,21.58,33.207,31.449,26.628,21.451,14.823,13.017,11.147,9.233,-42.889,-30.408,-1.616,13.532,27.292,24.885,16.94,NA,NA,29.562,28.513,28.089,23.734,-0.633,13.816
"1990-07",-1.847,11.545,7.558,23.788,28.995,22.838,27.446,25.855,28.395,20.942,25.156,21.952,21.072,5.902,12.324,1.355,15.923,20.281,21.844,25.862,32.271,27.174,24.435,25.78,21.58,15.615,16.72,19.895,7.036,18.153,18.238,15.132,29.191,23.561,11.638,24.444,34.118,29.411,26.766,22.931,14.607,12.606,10.677,7.632,-42.274,-33.614,-0.17,15.426,27.204,23.844,18.827,NA,NA,28.281,27.849,27.733,21.968,-2.047,15.031
"1990-08",-4.343,10.104,9.292,22.374,28.681,23.591,27.401,25.932,28.57,22.26,26.139,22.348,24.086,10.062,18.906,2.847,12.611,18.525,21.043,27.155,32.327,26.326,24.517,25.881,22.163,17.883,19.133,21.309,4.918,17.584,13.364,11.025,27.883,21.94,11.221,24.588,33.05,28.796,26.636,21.992,14.716,12.774,10.565,7.27,-43.689,-39.142,0.059,15.98,27.276,23.141,20.223,NA,NA,27.66,27.005,26.989,22.104,-3.781,14.656
"1990-09",-13.236,3.775,4.461,18.032,24.275,20.977,25.57,25.701,28.351,22.571,26.934,24.319,26.065,9.887,19.027,5.424,10.219,15.967,12.009,23.606,29.826,27.048,25.353,26.64,22.812,20.808,20.988,21.888,0.727,10.054,6.758,7.79,21.722,15.863,8.536,21.098,30.837,28.624,26.292,25.243,20.396,17.105,13.696,9.532,-40.696,-36.523,-3.895,15.082,27.266,23.23,18.758,NA,NA,27.524,27.573,27.309,22.463,-1.743,12.991
"1990-10",-17.679,-1.774,-2.058,11.188,16.532,15.389,21.791,25.228,27.521,23.173,27.246,26.836,27.742,11.56,21.555,7.331,6.366,11.12,6.781,18.616,26.391,28.113,26.04,26.88,23.826,24.744,24.16,23.773,-4.919,5.539,0.393,-1.74,14.175,6.518,3.071,14.343,25.7,26.72,26.049,27.643,23.562,19.925,16.765,10.004,-40.395,-28.455,-8.806,13.014,27.379,23.766,16.735,NA,NA,27.156,27.707,27.338,22.708,-1.476,10.571
"1990-11",-21.772,-9.528,-13.052,0.475,6.33,7.998,17.444,25.142,26.923,22.62,26.418,27.745,26.627,12.777,23.106,9.82,3.029,5.485,-0.425,14.025,20.842,27.256,25.668,26.373,24.615,24.38,24.579,24.4,-16.171,-3.57,-9.006,-12.475,7.892,-0.171,-2.972,8.707,22.16,23.825,25.308,30.374,28.623,24.367,18.398,10.562,-30.444,-17.983,-18.676,12.16,27.467,24.987,14.454,NA,NA,27.009,26.587,26.799,24.028,0.695,7.708
"1990-12",-30.068,-15.16,-22.444,-0.906,-2.061,-1.692,12.896,22.729,25.544,22.579,25.846,26.119,25.635,16.049,24.644,13.801,0.207,0.795,-5.45,8.879,15.542,25.459,24.766,25.051,24.295,24.898,25.034,25.923,-21.291,-8.847,-14.905,-19.245,3.757,-5.898,-10.466,4.82,16.867,19.448,25.094,31.472,30.054,24.064,19.875,13.867,-22.164,-9.508,-23.608,9.168,27.733,25.83,13.01,NA,NA,25.252,26.122,26.385,25.628,3.117,5.311
"1991-01",-29.755,-13.128,-25.17,-2.618,-5.209,-6.936,11.626,22.434,24.645,22.915,26.107,25.525,25.324,16.834,27.107,14.495,-2.334,-0.196,-8.653,7.136,13.352,23.598,24.13,24.96,24.367,25.821,25.179,25.81,-22.912,-13.331,-18.94,-22.728,1.552,-9.036,-13.667,1.588,15.854,18.775,25.012,32.087,31.497,26.384,21.615,14.82,-19.559,-7.601,-23.499,7.828,27.916,26.342,12.083,NA,NA,24.291,26.223,26.589,27.23,4.677,4.394
"1991-02",-30.304,-14.692,-22.962,-0.471,-1.482,-3.941,13.614,22.567,24.212,23.224,26.506,26.628,26.436,16.398,25.625,13.196,-0.662,0.911,-9.792,9.294,16.266,25.749,25.007,25.663,24.747,25.718,24.612,26.205,-20.626,-13.25,-18.897,-21.062,3.778,-8.25,-11.688,2.081,17.017,20.411,25.135,30.803,30.532,25.999,22.939,15.702,-27.644,-12.55,-10.64,7.711,27.844,27.034,10.713,NA,NA,23.918,26.732,26.976,27.538,4.618,4.561
"1991-03",-27.572,-11.471,-19.861,-0.477,0.045,0.385,16.309,24.887,25.405,23.647,27.053,26.327,26.198,14.808,25.746,10.702,0.614,4.281,-4.511,12.077,19.398,28.43,26.801,27.732,25.796,25.118,24.947,26.665,-13.977,-5.52,-9.118,-13.007,9.896,1.306,-5.528,7.594,21.044,25.196,25.824,28.993,26.807,23.328,19.748,14.013,-35.441,-21.368,-20.39,9.556,27.973,27.061,11.844,NA,NA,25.264,27.047,27.102,27.249,3.348,6.511
"1991-04",-22.779,-3.388,-12.265,6.661,12.718,9.255,19.386,26.039,26.394,23.668,26.812,26.254,26.688,12.453,23.372,7.665,3.094,10.057,6.719,15.998,25.4,30.248,27.873,29.732,25.293,24.129,22.654,24.931,-11.013,2.513,-0.798,-6.192,16.287,8.906,0.209,14.136,26.302,28.054,26.906,28.274,23.877,21.02,16.673,12.008,-40.722,-27.891,-13.774,9.68,28.03,26.962,12.609,NA,NA,26.997,28.136,27.888,25.591,0.599,9.487
"1991-05",-12.25,3.937,-1.194,15.557,20.552,16.337,22.452,26.082,26.24,22.844,26.599,26.1,23.689,9.111,16.394,5.408,6.927,12.69,15.322,19.247,30.706,30.951,27.513,29.045,24.732,21.392,21.342,23.987,-3.64,10.964,6.705,1.203,22.356,16.236,3.907,19.273,31.593,30.807,27.344,24.724,20.652,16.632,14.657,10.395,-42.601,-28.059,-7.114,11.64,27.899,25.627,14.905,NA,NA,28.47,29.061,28.438,24.713,-0.946,12.386
"1991-06",-4.285,10.027,4.443,17.695,23.525,18.396,24.923,26.479,28.159,22.392,26.367,24.248,23.82,7.29,16.279,2.431,12.166,20.081,19.423,23.622,32.81,29.421,26.32,27.066,22.545,16.782,17.035,21.127,4.107,15.294,13.269,8.459,25.674,21.001,9.459,22.517,33.575,32.739,26.893,21.404,16.046,14.019,11.852,8.227,-44.418,-27.472,-1.106,13.931,27.43,24.706,17.55,NA,NA,30.21,29.712,29.02,22.924,-3.734,14.15
"1991-07",-2.795,11.103,6.927,21.735,27.315,23.079,27.142,26.173,28.478,21.934,26.121,23.324,22.165,8.227,13.914,2.307,17.76,20.487,22.926,26.098,33.748,28.345,25.564,26.671,22.15,16.168,16.878,20.801,7.471,16.315,14.781,15.044,29.386,22.361,11.262,23.954,34.46,30.754,26.77,23.542,16.837,14.541,11.703,7.208,-41.375,-28.516,0.155,16.104,27.032,22.999,19.463,NA,NA,29.01,28.197,28.067,22.283,-3.072,15.4
"1991-08",-5.693,9.555,7.374,22.136,28.419,23.005,26.695,26.31,28.634,22.577,26.861,24.337,24.166,8.431,14.999,3.749,12.982,19.273,17.769,25.532,31.523,27.413,25.276,26.384,22.479,18.228,18.488,20.755,6.965,16.983,14.126,12.103,26.897,20.566,10.906,25.191,33.368,28.462,26.451,24.734,19.338,16.492,12.709,8.034,-43.953,-31.71,-0.416,16.536,26.788,22.899,20.005,NA,NA,27.959,27.678,27.721,21.561,-4.678,14.759
"1991-09",-14.434,4.742,3.863,16.237,23.397,20.845,24.362,25.734,28.099,23.191,27.747,26.618,27.578,9.528,20.134,6.551,10.242,16.153,13.407,22.906,29.061,28.524,26.307,27.24,22.888,22.412,21.652,21.838,2.613,11.059,7.085,6.545,21.059,14.966,8.815,20.839,30.278,27.946,26.439,26.869,20.379,18.063,13.063,9.173,-44.654,-31.879,-2.265,15.322,27.011,23.761,19.824,NA,NA,27.85,27.675,27.47,21.683,-3.325,12.958
"1991-10",-21.428,-2.548,-1.134,9.684,17.838,15.997,22.412,25.407,27.426,22.516,27.021,27.641,26.795,10.844,21.294,8.254,5.714,10.72,7.729,17.9,24.706,28.631,26.727,27.036,24.095,25.085,24.786,23.828,-2.897,3.879,-1.216,-1.784,14.598,5.662,0.54,13.847,25.497,26.419,26.178,29.33,24.322,21.464,15.172,11.835,-41.167,-26.153,-6.261,14.342,27.194,24.653,17.84,NA,NA,26.988,27.509,27.23,22.266,-1.406,10.36
"1991-11",-24.158,-10.639,-8.588,3.015,8.489,8.095,18.037,24.592,27.001,22.231,26.17,27.839,26.694,12.733,23.031,10.259,0.982,5.503,2.168,12.983,19.144,27.583,25.727,25.87,23.987,25.17,25.973,25.622,-15.469,-1.306,-8.267,-11.901,10.163,-0.491,-6.438,7.779,21.544,22.829,25.054,31.749,28.409,23.873,17.205,11.859,-27.871,-18.608,-14.035,12.137,27.488,25.779,16.142,NA,NA,26.578,26.915,26.94,23.542,1.164,8.014
"1991-12",-26.52,-17.45,-21.96,-7.204,-3.002,0.395,13.192,23.681,26.074,21.971,25.528,26.491,25.568,14.689,24.132,11.338,-0.724,0.558,-7.08,8.225,13.95,23.947,23.64,24.109,23.401,24.824,25.597,26.267,-20.328,-9.119,-16.28,-19.537,4.397,-5.648,-12.145,5.07,16.766,19.365,24.963,31.132,30.378,25.021,20.73,13.676,-21.546,-8.013,-21.022,11.528,27.428,26.211,11.948,NA,NA,25.641,26.098,26.461,25.674,3.406,5.002
"1992-01",-25.821,-23.173,-27.143,-3.714,-4.279,-3.797,13.179,22.258,25.011,22.199,25.768,24.869,25.435,15.7,25.965,12.663,-1.931,-4.575,-15.983,6.154,14.343,25,23.915,24.169,23.642,24.808,25.863,27.159,-23.823,-18.025,-22.858,-21.967,-0.97,-10.172,-13.409,1.579,15.112,17.789,24.463,30.578,32.213,26.553,23.179,15.432,-19.254,-6.907,-14.967,10.617,27.592,26.915,10.272,NA,NA,24.751,25.725,26.183,26.705,4.223,3.463
"1992-02",-23.136,-12.333,-20.99,0.507,0.378,-1.364,14.311,22.194,24.093,22.359,26.089,25.312,25.204,15.5,24.219,12.886,-4.338,-2.837,-19.293,8.119,16.531,26.479,26.162,25.635,24.431,25.306,24.151,25.945,-24.347,-21.282,-21.492,-24.306,-2.277,-11.369,-12.721,0.149,15.503,18.32,24.627,29.768,29.519,26.884,21.288,18.175,-27.635,-12.679,-14.264,5.555,27.503,27.36,11.878,NA,NA,23.596,25.938,26.266,26.651,3.956,3.552
"1992-03",-20.709,-11.696,-22.39,4.19,0.345,-2.875,15.895,23.532,24.84,22.377,26.264,25.425,24.767,14.166,22.832,11.566,-0.522,0.414,-8.329,10.898,21.591,29.486,26.209,26.758,24.527,25.058,23.707,25.684,-18.233,-9.721,-11.598,-15.816,5.696,0.535,-8.217,6.871,20.477,23.791,25.55,28.699,27.925,24.319,20.476,14.898,-36.719,-22.553,-22.23,7.039,27.573,27.788,10.293,NA,NA,24.984,26.428,26.608,26.794,2.615,5.485
"1992-04",-22.831,-1.835,-12.205,9.489,10.868,6.654,19.821,24.925,26.154,22.54,26.361,24.62,24.524,13.108,21.518,8.76,4.683,8.221,3.428,13.212,24.391,30.563,27.64,28.892,24.804,22.668,21.815,24.448,-7.551,3.701,-0.313,-5.498,13.263,9.259,-1.147,13.255,24.535,27.787,26.533,28.029,23.974,21.116,16.741,12.696,-43.182,-30.249,-11.508,10.094,27.623,26.872,11.557,NA,NA,26.2,27.861,27.417,25.454,1.253,8.825
"1992-05",-12.044,2.672,-1.125,14.931,19.078,13.435,22.387,26.122,26.797,21.726,25.786,23.571,23.384,9.237,17.823,4.217,9.041,14.22,16.167,17.955,28.805,29.68,26.497,28.441,23.833,20.253,20.405,23.424,-3.763,11.315,6.095,3.795,20.592,15.163,5.876,17.287,28.774,31.248,26.875,23.754,17.555,15.425,12.663,10.715,-45.036,-31.827,-7.129,12.229,27.278,25.945,13.553,NA,NA,28.048,29.007,28.426,25.227,-0.695,11.481
"1992-06",-5.259,8.889,3.246,15.355,20.99,17.298,24.211,26.395,28.111,21.012,25.289,22.808,21.944,7.756,15.495,2.788,10.96,17.914,17.918,23.016,31.968,29.096,25.95,27.224,22.89,16.952,18.479,21.86,3.658,17.399,13.054,8.585,24.126,20.503,8.972,20.735,33.01,32.159,26.547,21.247,14.188,12.542,10.724,9.613,-46.015,-36.423,-1.356,14.313,27.026,25.088,16.069,NA,NA,29.65,28.416,27.863,23.642,-2.646,13.183
"1992-07",-3.44,10.608,6.453,21.194,25.942,21.978,27.47,26.042,28.714,21.145,25.426,22.2,21.8,8.101,15.207,2.04,12.188,18.158,20.956,25.629,31.957,28.11,25.304,26.448,21.907,15.406,16.087,20.633,5.668,19.54,16.265,12.798,27.397,22.538,11.161,23.608,33.404,29.806,26.06,20.389,13.16,11.382,10.013,7.467,-44.087,-37.825,-1.39,16.252,26.587,23.316,18.195,NA,NA,28.293,27.507,27.306,22.678,-3.392,14.292
"1992-08",-6.158,7.381,7.419,22.927,27.351,22.268,27.08,25.709,28.571,21.607,26.122,22.759,23.769,8.095,17.161,2.66,11.499,18.328,16.117,25.642,30.906,26.848,24.927,26.275,22.185,17.886,18.193,20.637,5.668,16.727,12.953,11.578,26.571,21.214,10.765,24.582,33.393,27.851,25.819,22.225,16.254,14.467,11.733,7.777,-43.297,-35.493,-1.06,16.494,26.654,23.491,19.136,NA,NA,27.697,27.127,27.056,22.012,-2.708,14.17
"1992-09",-14.123,6.676,3.996,17.605,23.707,18.308,25.551,25.312,28.141,22.642,27.139,24.875,26.526,9.492,19.126,5.072,8.107,14.369,11.506,22.662,29.072,28.078,26.102,27.161,23.091,21.36,21.752,22.053,-0.634,11.249,6.6,4.225,21.56,15.89,8.946,20.319,30.893,27.866,26.15,26.061,19.748,17.846,13.116,9.545,-47.208,-35.274,-3.702,15.875,26.799,24.259,18.619,NA,NA,27.876,27.032,26.95,21.993,-2.518,12.354
"1992-10",-20.131,0.279,-1.184,11.359,16.514,14.08,21.161,25.051,27.483,22.191,26.752,26.22,26.514,10.153,20.38,7.492,5.739,10.364,4.973,17.549,23.73,28.148,25.867,26.083,23.604,24.108,24.004,23.967,-6.184,2.493,-0.974,-2.707,14.071,5.75,0.939,13.949,26.201,26.271,25.955,27.842,23.131,19.683,15.01,10.469,-40.11,-26.771,-7.221,13.899,26.975,24.291,17.223,NA,NA,27.352,27.075,26.882,22.67,-1.088,9.983
"1992-11",-26.285,-8.935,-8.841,4.654,9.007,8.34,17.557,24.44,26.214,22.09,26.309,27.43,26.776,13.174,23.755,9.98,1.905,4.836,0.351,12.084,18.484,26.718,24.901,25.087,23.547,25.546,26.132,25.498,-13.553,-1.988,-9.07,-12.791,8.83,-0.643,-7.514,8.265,22.649,22.673,25.446,30.133,26.539,21.719,17.28,12.453,-31.893,-20.537,-15.804,11.538,27.212,25.333,15.748,NA,NA,26.759,26.858,26.831,23.881,1.497,7.496
"1992-12",-23.971,-12.745,-17.021,0.06,1.143,-0.957,13.862,22.767,24.826,21.855,25.551,26.672,25.64,13.516,24.688,10.387,-4.233,0.114,-6.297,9.972,16.651,25.563,24.369,24.594,23.12,24.638,24.779,25.944,-24.468,-10.993,-18.581,-20.512,4.481,-7.227,-11.157,2.975,17.706,19.722,24.806,31.691,30.234,24.211,21.607,14.176,-21.975,-8.835,-20.575,9.706,27.635,25.858,13.36,NA,NA,25.684,26.253,26.614,25.374,2.976,5.369
"1993-01",-27.336,-16.184,-23.476,-2.851,0.855,0.095,12.053,22.278,24.741,22.054,25.466,26.246,25.857,14.368,25.756,10.93,-1.135,0.787,-8.218,8.674,14.065,24.385,24.061,24.592,23.235,25.331,26.475,26.997,-21.757,-13.432,-21.397,-24.906,4.106,-11.263,-12.866,-0.682,17.29,18.455,23.956,28.639,30.726,24.882,24.671,15.092,-20.52,-7.584,-6.94,7.143,27.882,27.052,12.026,NA,NA,24.842,25.545,25.964,25.929,4.099,4.489
"1993-02",-30.039,-11.853,-23.6,0.545,1.481,-1.573,14.284,22.216,24.213,22.618,26.257,25.765,25.295,15.291,24.562,14.016,-1.121,1.048,-7.349,8.798,16.453,26.103,24.711,25.282,23.904,25.472,24.648,26.189,-19.245,-12.171,-15.023,-20.389,4.468,-6.194,-10.96,2.921,17.833,20.973,24.742,29.678,30.195,26.191,22.209,16.396,-26.67,-14.246,-18.872,8.054,27.758,27.49,11.576,NA,NA,24.905,25.689,25.993,26.44,3.696,5.059
"1993-03",-29.203,-10.3,-18.719,5.028,6.764,2.412,17.483,22.976,24.805,22.441,26.429,24.965,25.029,15.221,23.854,12.214,1.241,5.563,-2.509,11.96,18.608,27.674,25.276,26.195,23.91,24.189,24.923,26.238,-19.252,-3.679,-7.204,-13.765,8.613,3.464,-8.069,9.673,20.331,24.115,25.759,29.028,26.142,23.387,18.885,15.486,-36.383,-23.551,-15.843,9.059,27.749,27.436,11.117,NA,NA,25.724,26.794,26.547,26.422,2.307,6.398
"1993-04",-18.771,-4.204,-11.053,10.35,13.322,8.278,20.376,24.255,25.582,22.236,25.987,24.597,25.175,11.996,21.246,7.186,4.445,9.133,4.63,14.577,26.199,30.472,26.957,27.949,24.402,22.619,22.652,25.026,-9.611,2.586,-1.283,-4.945,15.449,10.085,-2.54,14.197,25.773,27.751,26.439,26.184,21.347,19.762,15.744,12.461,-40.513,-26.298,-12.862,10.45,27.518,27.087,11.793,NA,NA,27.329,27.866,27.552,26.194,0.978,9.234
"1993-05",-11.041,2.695,-0.986,14.144,20.006,15.2,23.602,25.858,26.807,21.812,25.998,23.774,23.572,8.943,17.285,4.475,9.639,15.234,13.117,19.596,29.314,30.203,26.203,27.079,23.666,20.032,19.945,23.877,-4.435,10.272,5.608,0.607,20.659,17.524,5.566,19.308,30.01,30.503,26.797,24.263,17.424,16.085,12.846,9.671,-45.275,-29.478,-3.156,12.694,27.522,25.828,13.805,NA,NA,28.807,29.378,28.727,25.363,-1.195,11.604
"1993-06",-5.263,8.49,3.579,16.758,23.591,20.181,26.043,25.471,27.808,21.27,25.451,22.794,22.108,8.021,15.489,2.849,13.13,18.409,17.387,23.773,33.224,29.822,26.118,27.319,22.742,17.151,18.553,20.837,3.322,14.908,12.765,9.485,25.107,19.8,9.202,21.277,33.833,32.24,26.504,21.731,14.482,13.508,11.242,7.742,-47.714,-31.39,0.038,14.852,26.94,23.983,15.783,NA,NA,30.267,28.808,28.172,22.998,-3.895,13.481
"1993-07",-4.582,12.362,7.569,21.475,27.614,23.105,27.043,25.375,28.418,20.695,25.218,22.092,20.956,5.795,12.754,0.215,13.746,20.405,20.148,26.981,32.566,27.669,24.541,25.538,21.306,15.59,16.638,19.615,6.901,20.056,14.602,12.155,27.969,22.559,11.219,24.563,34.157,28.995,26.288,22.755,15.07,13.27,10.66,6.51,-45.911,-31.01,0.807,16.318,26.744,23.517,18.541,NA,NA,28.756,27.912,27.799,21.796,-3.023,14.512
"1993-08",-6.41,9.043,7.4,20.099,27.503,23.435,26.448,25.705,28.542,21.556,26.221,22.921,22.859,7.142,15.345,1.676,12.865,21.157,18.252,26.881,31.596,26.964,25.029,26.086,21.922,18.674,19.135,20.497,7.592,16.875,13.897,10.789,26.641,20.909,11.328,24.781,33.843,28.372,26.292,22.19,15.396,12.958,11.071,7.875,-45.058,-33.551,0.209,17.06,26.337,22.924,20.088,NA,NA,27.768,27.747,27.539,21.512,-3.385,14.36
"1993-09",-13.088,5.691,2.781,17.696,24.043,19.406,25.751,25.427,28.363,22.167,26.921,23.998,26.043,10.173,19.768,5.034,9.419,16.494,13.36,24.127,30.08,27.385,25.518,26.813,22.511,19.993,19.999,21.078,3.747,11.462,7.209,6.66,20.551,14.195,8.696,20.311,30.29,28.051,26.037,25.384,19.379,16.566,12.468,8.449,-43.359,-32.616,-0.851,16.731,26.542,23.09,18.882,NA,NA,27.881,27.015,26.905,21.341,-2.664,12.833
"1993-10",-17.437,-2.61,-2.442,13.263,16.465,14.523,22.328,24.678,27.137,22.372,27.198,26.892,26.382,10.573,19.097,7.302,5.203,9.055,6.196,18.03,27.307,27.998,25.689,26.156,23.594,23.464,23.563,23.294,-4.115,4.434,-0.841,-0.053,16.709,8.22,1.081,14.926,27.032,27.001,25.886,28.092,24.834,20.94,16.395,8.888,-39.082,-26.146,-2.577,14.913,26.814,23.851,17.644,NA,NA,27.216,27.061,26.663,22.482,-2.275,10.63
"1993-11",-21.634,-11.858,-11.751,6.804,9.781,7.922,18.629,24.449,26.582,22.309,26.597,26.725,25.928,13.74,23.182,10.913,0.834,2.874,1.228,10.958,19.8,27.564,25.3,25.517,23.559,24.04,24.016,25.216,-13.339,-2.775,-12.011,-11.005,10.957,0.869,-6.313,9.734,22.019,23.554,25.646,30.311,27.482,22.767,17.882,12.495,-29.317,-15.936,-6.601,13.106,27.103,24.647,15.04,NA,NA,27.087,27.066,27.075,24.147,0.37,7.791
"1993-12",-23.032,-15.172,-19.437,-1.55,3.071,4.213,13.7,23.757,25.581,22.244,26.135,26.445,25.463,14.332,24.273,11.842,-3.152,-2.952,-10.905,8.095,15.305,24.709,23.989,24.424,22.889,25.052,25.118,25.874,-22.18,-14.186,-21.41,-22.28,3.525,-6.057,-9.996,2.843,16.608,20.351,25.324,31.855,30.166,25.086,21.232,15.284,-19.661,-8.257,-6.583,11.086,27.453,25.743,13.101,NA,NA,25.655,26.824,26.935,25.418,3.046,5.137
"1994-01",-23.174,-14.131,-23.93,-3.114,-0.702,-1.338,12.007,22.713,24.483,22.713,26.205,26.574,25.871,16.447,25.599,14.422,-5.249,-2.168,-9.108,8.083,14.511,24.19,24.275,24.718,23.77,26.213,26.129,26.48,-26.441,-12.93,-21.228,-25.308,2.881,-9.905,-13.311,0.739,17.018,18.782,24.262,30.349,30.972,25.836,22.599,15.752,-20.081,-7.716,-12.26,8.846,28.05,26.835,11.514,NA,NA,24.875,26.103,26.531,26.188,4.022,4.454
"1994-02",-25.848,-14.25,-23.384,1.728,4.218,1.011,15.439,22.797,24.283,22.733,26.426,25.742,25.271,14.99,25.385,12.201,-4.662,-1.545,-9.944,8.468,16.205,26.062,25.296,25.961,24.228,25.76,24.955,26.391,-27.599,-15.073,-23.787,-23.923,1.788,-9.489,-12.205,2.506,17.813,20.056,25.047,30.079,31.434,26.903,23.254,15.67,-28.064,-13.077,-11.5,5.697,27.74,26.927,12.074,NA,NA,24.585,26.273,26.628,26.8,4.272,4.135
"1994-03",-25.261,-9.682,-18.901,6.044,7.666,2.898,16.775,23.601,24.409,22.944,26.667,25.979,25.874,15.192,25.012,11.301,-1.519,2.532,-3.206,12.832,23.134,29.603,26.721,27.272,24.558,24.74,23.999,26.251,-20.87,-5.135,-9.931,-16.269,9.389,1.406,-8.614,7.32,21.786,23.555,25.759,29.22,27.228,24.771,20.069,13.916,-35.794,-20.38,-22.888,7.895,28.016,27.175,11.397,NA,NA,25.88,26.965,27.002,27.17,2.747,6.684
"1994-04",-21.087,-3.663,-12.332,11.788,13.405,7.994,20.283,26.223,26.442,23.367,26.815,25.991,26.091,12.501,23.086,7.559,2.237,10.897,8.297,15.996,25.83,30.513,27.052,27.678,24.243,23.355,22.868,25.238,-12.794,3.909,-1.659,-5.196,16.951,10.588,-1.107,14.972,26.066,27.591,26.785,27.555,24.346,20.458,17.397,11.644,-42.939,-25.84,-17.663,10.325,27.965,26.55,12.315,NA,NA,27.207,28.191,27.876,26.457,0.731,9.427
"1994-05",-12.751,3.521,-2.669,14.557,17.98,14.083,22.287,26.053,27.194,22.676,26.177,25.495,24.46,9.717,17.453,5.579,7.659,15.108,15.206,19.048,29.965,30.978,27.176,27.961,23.861,20.446,20.187,23.15,-1.948,12.73,7.564,2.492,21.571,16.114,3.959,19.156,29.964,29.592,27.486,23.642,18.103,15.921,13.584,10.082,-44.285,-25.861,-6.936,13.087,27.747,25.579,14.165,NA,NA,28.938,29.155,28.555,25.205,-1.836,12.037
"1994-06",-5.082,9.694,2.553,16.966,22.294,19.06,24.958,26.496,28.198,21.991,26.046,23.942,22.089,6.653,13.209,1.597,14.153,17.974,19.31,23.133,33.229,29.994,26.661,28.068,23.161,17.193,18.02,21.843,4.436,14.679,11.832,8.573,25.613,21.145,9.353,21.953,33.772,33.353,27.144,21.255,15.416,14.02,11.967,8.135,-46.565,-28.123,-0.417,15.099,27.217,24.035,16.394,NA,NA,30.237,29.649,28.916,24.28,-4.153,13.742
"1994-07",-3.552,11.698,6.928,22.383,26.676,22.559,27.315,26.359,29.138,22.306,26.374,23.673,23.092,6.709,14.535,1.723,13.002,19.675,20.884,25.895,32.857,28.49,25.876,27.034,22.034,16.865,17.821,20.478,9.344,19.209,18.569,14.55,28.969,23.609,11.406,24.16,34.663,31.058,26.466,21.729,16.039,13.993,12,7.543,-42.103,-29.594,0.08,16.867,26.715,23.369,18.308,NA,NA,28.889,28.19,27.889,22.397,-4.672,15.475
"1994-08",-4.001,10.499,9.056,23.407,27.975,22.917,26.983,26.584,29.131,22.592,26.837,24.343,23.66,8.094,14.889,3.554,13.127,19.76,20.343,26.235,32.481,28.111,26.24,27.474,22.245,19.266,19.506,21.318,6.147,17.401,14.029,11.283,27.744,21.363,11.407,24.03,33.503,30.434,26.171,21.873,15.116,13.73,10.603,8.759,-45.625,-30.88,0.356,17.257,26.674,22.789,20.072,NA,NA,27.967,28.012,27.642,22.254,-3.476,14.864
"1994-09",-13.697,5.772,4.789,18.46,21.801,19.321,24.773,26.327,29.006,23.003,27.426,25.818,27.125,9.936,19.412,5.158,12.11,17.09,14.279,23.16,30.155,28.765,26.477,27.835,23.006,22.847,21.874,22.504,2.154,10.994,7.456,6.754,21.861,14.856,7.946,20.868,30.761,28.871,26.001,25.224,20.409,17.04,13.65,8.544,-42.362,-28.018,-0.687,16.488,26.807,22.726,19.051,NA,NA,27.906,27.554,27.154,22.41,-2.332,13.399
"1994-10",-16.876,-0.173,-2.33,10.92,13.656,12.812,21.137,25.447,28.047,23.479,27.847,27.53,28.439,11.439,23.001,8.32,6.546,10.974,6.814,18.129,26.626,28.978,27.019,27.407,23.335,25.775,24.408,23.542,-4.538,4.982,-0.056,-0.046,16.14,8.35,2.108,15.138,26.256,26.982,26.094,28.337,24.913,21.115,16.487,9.874,-40.08,-25.186,-9.476,15.617,27.35,23.93,16.642,NA,NA,27.253,27.443,26.957,22.666,-2.632,10.946
"1994-11",-25.556,-7.971,-8.2,3.288,5.398,7.148,15.749,23.724,27.052,23.207,27.592,28.38,28.45,12.271,23.621,7.668,2.481,5.156,-0.51,11.937,18.978,27.186,25.437,25.343,23.976,26.689,25.721,24.943,-14.613,-2.234,-7.081,-10.905,8.773,1.415,-4.326,11.323,22.882,24.37,26.188,30.307,28.305,24.059,19.709,11.314,-28.618,-15.637,-19.621,12.709,27.622,24.998,13.944,NA,NA,27.489,27.016,26.836,23.869,0.498,8.318
"1994-12",-29.778,-18.031,-17.706,-2.203,0.776,5.171,13.45,23.673,26.018,22.904,26.458,27.553,26.905,14.508,25.464,10.515,0.037,3.003,-3.565,9.182,14.815,25.162,24.313,24.074,23.449,25.688,25.417,25.468,-23.238,-7.777,-15.78,-21.31,3.539,-6.667,-11.461,4.91,17.459,20.61,25.481,31.373,32.13,26.947,22.457,13.716,-22.231,-9.007,-22.109,10.278,27.866,25.864,12.296,NA,NA,26.144,27.167,27.315,25.014,2.837,5.669
"1995-01",-26.978,-17.831,-23.029,-0.934,-2.043,-3.761,12.653,22.324,23.986,23.231,26.806,26.812,26.187,15.491,25.861,12.189,-0.7,3.195,-8.296,9.337,14.768,23.844,24.303,24.463,23.936,25.457,25.064,25.575,-24.806,-15.031,-21.441,-22.549,4.031,-9.714,-15.741,1.633,17.447,19.304,24.993,30.889,31.466,27.253,22.915,15.817,-21.809,-7.807,-13.472,4.896,27.741,26.585,11.542,NA,NA,25.516,26.974,27.088,26.569,4.214,4.494
"1995-02",-27.923,-13.151,-19,1.581,5.815,4.477,14.163,23.358,24.537,24.067,27.497,26.222,26.506,15.555,25.398,12.651,-0.359,3.979,-5.936,9.663,16.291,26.806,25.735,25.725,24.851,26.366,25.151,26.451,-23.387,-13.038,-19.352,-24.344,3.704,-5.823,-12.337,2.848,16.871,20.797,25.812,30.888,32.054,26.107,22.745,15.008,-27.173,-13.311,-17.626,5.204,28.037,27.051,10.987,NA,NA,25.341,26.961,27.009,27.183,4.118,5.386
"1995-03",-26.87,-11.804,-19.515,3.31,7.33,6.247,16.285,24.804,25.442,24.207,27.808,26.728,27.182,14.957,24.553,11.296,1.888,5.904,-0.533,12.138,21.335,30.192,27.452,27.833,25.598,25.083,24.166,26.505,-19.82,-5.09,-11.796,-16.885,9.601,0.885,-9.517,7.589,22.301,24.626,26.676,30.146,28.956,24.708,21.047,14.682,-34.717,-20.609,-17.215,6.313,28.014,27.184,11.895,NA,NA,26.085,27.532,27.219,27.331,2.681,6.944
"1995-04",-19.768,-1.174,-11.31,8.632,15.021,11.629,19.207,25.958,25.382,24.162,27.894,26.826,26.81,12.897,21.487,8.619,0.262,7.966,7.986,15.945,27.513,32.192,28.213,28.472,25.246,24.702,23.092,25.544,-9.135,5.284,-0.388,-5.914,16.931,11.133,0.476,14.813,26.995,28.616,27.79,29.756,26.611,22.954,17.835,12.016,-40.369,-22.616,-12.876,10.762,28.213,26.658,13.546,NA,NA,28.061,29.069,28.46,27.241,0.233,10.42
"1995-05",-11.625,5.598,-1.864,14.721,17.745,13.767,21.851,26.772,26.986,23.289,27.06,25.8,25.506,10.008,17.371,6.195,7.621,15.552,13.695,19.454,30.361,31.414,27.479,28.309,24.448,21.528,20.874,24.178,-2.002,11.783,7.354,2.198,19.203,16.873,4.381,18.561,30.289,31.169,28.22,26.254,19.591,18.888,13.526,9.889,-43.886,-27.512,-5.966,12.489,27.889,25.679,14.698,NA,NA,29.361,30.045,29.203,26.087,-1.726,12.336
"1995-06",-2.732,9.524,4.232,17.866,21.89,18.992,25.439,27.04,27.974,22.351,26.565,24.071,23.296,7.292,13.794,3.134,13.306,19.684,20.243,23.177,33.406,29.78,27.036,27.911,23.799,18.829,19.484,22.288,5.523,16.472,12.856,9.469,24.971,19.898,8.412,21.052,34.239,33.635,27.656,23.353,14.444,15.012,10.757,10.022,-45.613,-27.836,-0.997,14.877,27.338,24.738,16.712,NA,NA,30.571,29.518,28.72,24.592,-2.767,14.2
"1995-07",-2.384,11.976,6.983,21.181,26.422,21.767,27.515,26.442,29.061,21.521,26.148,23.017,22.472,7.552,13.934,2.447,13.846,18.527,21.136,26.684,33.326,28.589,25.836,26.912,21.717,16.886,17.194,19.849,6.811,20.945,16.709,13.095,28.748,23.203,11.226,24.52,35.359,30.836,27.196,21.715,13.357,12.426,9.789,8.261,-45.654,-34.934,-0.111,17.06,26.978,24.141,18.74,NA,NA,29.113,28.351,28.12,21.923,-2.432,14.887
"1995-08",-4.673,10.588,7.253,22.762,27.839,21.633,27.331,26.041,28.889,22.149,26.805,23.149,23.79,7.294,14.275,2.733,12.627,19.566,22.09,26.512,32.364,28.024,25.841,26.884,22.327,17.93,18.059,20.254,6.232,18.098,13.194,12.021,27.3,21.594,11.595,24.643,34.6,29.071,26.953,25.313,17.05,16.35,11.095,7.68,-46.892,-33.418,-0.499,17.247,26.367,23.809,19.7,NA,NA,28.084,27.823,27.864,21.462,-3.937,14.634
"1995-09",-12.12,5.982,5.172,18.841,23.625,19.445,26.277,25.835,28.459,23.054,27.693,24.339,27.279,9.855,19.451,5.105,9.349,14.658,14.359,22.377,29.551,27.876,26.14,27.149,23.127,21.878,21.945,22.02,1.924,11.658,7.489,6.432,22.806,16.584,8.819,21.78,30.76,28.674,26.989,25.703,18.111,16.509,12.103,9.509,-45.92,-26.974,-1.78,15.872,26.3,24.215,19.12,NA,NA,27.676,27.887,27.859,21.745,-3.155,13.108
"1995-10",-19.861,-0.062,-2.207,12.629,15.533,12.727,21.763,24.928,28.004,22.802,27.501,26.713,28.09,10.902,22.25,7.852,3.13,8.439,7.079,17.731,24.851,28.139,26.297,26.924,23.647,24.841,24.539,23.55,-4.456,5.625,-0.626,-1.78,16.335,7.95,3.156,15.15,26.027,26.517,26.638,29.617,22.794,21.231,14.389,9.337,-39.398,-24.5,-5.479,14.747,26.314,24.77,18.133,NA,NA,26.916,27.802,27.644,22.091,-0.583,10.621
"1995-11",-24.856,-6.792,-8.714,5.285,7.735,6.899,17.052,23.846,26.551,22.07,26.55,27.396,26.344,12.333,22.598,9.084,1.563,4.974,-0.468,12.747,19.697,26.922,25.418,25.588,23.454,24.959,24.987,24.745,-11.541,-3.35,-10.6,-12.722,9.749,-1.627,-2.591,7.719,20.168,23.566,25.739,29.865,26.27,22.354,17.173,12.43,-30.316,-17.126,-6.638,12.66,26.476,25.646,15.88,NA,NA,26.373,27.074,27.091,22.981,1.268,7.777
"1995-12",-25.948,-11.743,-18.667,-0.65,1.321,1.799,13.556,22.62,25.611,21.581,25.608,26.699,25.394,14.257,24.368,12.852,-0.628,1.176,-2.419,9.132,16.459,26.36,25.027,24.996,23.676,24.989,25.819,25.423,-19.668,-5.921,-16.296,-20.254,5.375,-5.387,-6.027,2.91,17.234,20.393,24.548,29.03,30.205,24.393,20.74,15.196,-21.659,-8.687,-16.066,12.222,26.802,26.452,14.169,NA,NA,25.339,26.309,26.498,24.391,2.922,6.069
"1996-01",-27.682,-17.28,-28.372,-4.265,-1.967,-1.782,13.013,22.515,24.982,21.275,24.833,25.928,24.846,14.91,24.652,13.742,-0.026,2.873,-4.383,9.589,14.958,24.974,24.316,24.348,23.72,24.764,25.766,25.899,-25.73,-12.325,-22.476,-25.857,3.033,-8.993,-10.78,0.784,16.069,18.027,24.432,29.428,30.649,26.048,21.439,16.956,-21.067,-7.661,-15.235,9.264,27.065,27.079,11.817,NA,NA,24.243,26.054,26.309,25.116,4.52,4.182
"1996-02",-28.207,-20.418,-28.509,-1.549,-1.606,-4.292,14.665,22.601,24.793,21.664,25.085,25.786,24.783,14.361,24.596,12.804,-6.339,1.892,-4.114,9.936,17.244,26.437,24.963,25.39,24.133,24.224,24.29,25.798,-28.168,-10.161,-17.632,-19.966,5.857,-5.115,-9.763,3.051,16.474,20.196,24.987,28.886,29.822,24.916,23.141,16.007,-28.045,-11.446,-25.825,6.529,26.883,27.623,11.014,NA,NA,23.519,26.301,26.524,25.295,4.464,4.143
"1996-03",-22.466,-10.976,-19.486,2.97,4.491,1.974,16.829,23.655,25.4,22.008,25.463,25.667,25.408,14.313,23.701,11.908,-3.151,1.129,-2.832,10.676,21.958,29.512,27.391,28.38,25.578,24.619,24.051,25.042,-19.35,-4.955,-13.075,-14.278,11.393,3.138,-4.818,8.137,21.781,24.108,25.868,29,27.218,23.875,20.316,15.272,-36.409,-20.795,-11.792,9.237,27.135,27.441,11.654,NA,NA,24.465,26.872,26.893,25.173,3.721,6.43
"1996-04",-17.12,-5.814,-14.393,8.015,12.799,7.642,21.775,24.889,26.062,21.85,25.618,25.547,24.983,11.847,21.023,8.841,3.045,10.571,8.738,14.889,26.938,30.311,26.71,28.34,24.484,23.692,22.968,24.204,-11.965,4.015,-1.706,-4.474,17.342,9.952,1.456,13.55,27.344,29.02,26.697,27.514,24.05,21.275,17.049,13.672,-40.886,-24.344,-12.543,11.549,27.013,26.766,11.467,NA,NA,26.463,28.497,28.131,24.842,0.179,9.457
"1996-05",-9.863,4.509,-2.953,15.26,20.079,15.865,24.293,25.589,26.511,21.703,25.396,24.713,22.827,9.498,15.873,5.499,7.443,13.816,14.149,17.402,29.535,30.143,26.864,29.097,24.104,19.589,19.587,22.746,-3.928,11.527,5.124,1.595,22.057,16.993,6.686,18.872,31.266,31.213,26.998,24.981,18.996,15.963,13.354,10.403,-39.558,-27.561,-2.322,13.122,27.084,26.065,14.127,NA,NA,28.502,28.493,27.944,23.957,-0.484,12.223
"1996-06",-1.684,9.482,3.876,18.432,24.44,19.522,25.7,25.531,27.871,20.518,24.761,22.745,21.519,7.849,15.126,2.271,10.064,16.552,17.071,22.254,32.342,29.1,25.725,27.252,22.28,17.039,17.681,20.79,3.795,16.554,12.952,8.542,27.745,21.222,9.448,22.36,32.67,29.573,26.471,24.332,16.434,14.933,11.279,8.204,-44.104,-29.893,-0.907,15.143,26.806,25.138,16.778,NA,NA,28.091,27.527,27.324,22.712,-1.653,13.798
"1996-07",-1.378,11.613,6.664,23.466,28.113,23.33,26.802,25.343,28.319,20.555,24.884,22.035,21.64,6.878,13.861,1.793,12.26,18.185,18.438,25.316,31.221,27.283,24.627,25.879,21.064,15.459,15.568,19.784,7.318,20.106,17.046,12.76,28.594,24.151,10.878,25.328,34.029,28.06,26.541,22.601,15.667,12.594,10.62,8.755,-45.671,-31.312,0.082,17.213,26.648,24.869,18.565,NA,NA,27.159,27.225,27.137,21.799,-3.035,14.533
"1996-08",-3.303,10.498,7.596,22.728,27.596,21.407,26.641,25.412,28.513,21.261,25.668,22.768,22.899,6.866,15.239,2.161,11.115,18.061,18.588,25.684,30.858,26.438,24.739,25.569,21.326,16.794,17.293,19.498,7.338,18.934,14.63,11.404,27.55,22.197,10.507,24.804,33.186,27.413,26.375,23.603,16.339,13.374,11.044,7.426,-43.991,-31.656,-0.532,17.472,26.616,24.158,19.802,NA,NA,26.434,27.05,26.842,20.78,-2.721,14.414
"1996-09",-11.296,4.42,4.533,15.42,21.991,20.649,25.388,25.231,28.056,22.367,26.977,24.561,26.386,10.368,20.351,5.866,11.882,18.031,13.549,23.229,29.906,27.559,25.761,26.417,22.681,20.793,21.02,21.108,2.827,11.212,8.149,5.848,23.457,16.782,8.139,21.44,31.613,27.959,26.668,26.942,19.747,16.748,12.781,9.606,-45.942,-32.086,-1.925,16.806,26.604,24.276,19.201,NA,NA,26.609,26.996,26.792,21.114,-2.383,12.994
"1996-10",-21.435,-0.58,-3.103,14.388,15.031,12.459,21.102,24.365,27.636,22.335,26.978,27.224,27.406,10.705,21.137,7.575,7.09,11.669,7.926,18.603,26.297,27.693,25.975,26.245,23.847,24.528,24.257,24.208,-4.501,3.933,0.797,-0.935,16.115,7.597,2.477,14.665,26.369,25.881,26.19,27.75,21.608,19.255,13.856,10.306,-40.503,-27.013,-4.303,14.977,26.961,25.177,17.526,NA,NA,25.668,27.268,27.024,21.914,-0.365,10.467
"1996-11",-22.724,-8.169,-7.388,6.103,8.715,7.854,16.981,23.41,26.57,21.869,25.916,26.302,25.863,13.087,24.104,9.866,1.605,4.713,-0.324,12.981,21.462,27.517,25.88,25.626,24.226,24.885,25.204,24.318,-13.494,-2.222,-8.287,-11.471,9.102,-0.324,-4.104,8.447,21.61,22.097,25.171,29.771,26.05,21.647,17.011,12.687,-30.803,-16.89,-14.768,11.926,27.263,25.784,15.21,NA,NA,25.15,26.385,26.414,22.477,1.667,7.997
"1996-12",-21.472,-15.637,-14.741,-0.087,2.636,3.321,14.122,22.745,25.454,21.839,25.474,26.268,25.475,14.377,24.234,12.195,-3.5,1.635,-3.475,10.705,18.378,26.668,25.162,25.41,24.371,24.966,25.114,25.205,-23.415,-6.919,-16.208,-19.726,6.543,-5.468,-8.515,3.783,17.842,19.317,24.28,30.604,30.261,24.858,20.596,15.343,-21.767,-9.741,-21.18,11.585,27.709,26.471,13.223,NA,NA,25.095,25.839,26.155,24.41,3.171,6.175
"1997-01",-24.647,-15.054,-22.892,0.424,1.368,-1.02,13.53,22.425,24.797,21.899,25.253,25.979,25.11,15,25.194,12.658,-5.141,-2.48,-10.404,9.57,15.647,24.676,24.379,24.836,23.917,24.709,24.329,25.878,-27.805,-12.948,-19.596,-23.461,5.176,-8.439,-11.874,1.403,17.388,18.218,23.84,30.119,29.857,25.725,21.425,16.785,-21.39,-7.804,-23.902,6.689,27.924,27.308,11.31,NA,NA,24.184,25.111,25.654,25.168,4.195,4.525
"1997-02",-26.463,-15.403,-26.404,1.98,2.402,-0.48,15.685,22.681,24.777,22.235,25.565,26.054,25.575,14.777,25.632,10.628,-1.718,-3.879,-10.97,7.867,18.916,28.055,26.093,26.494,24.559,24.87,24.562,26.331,-28.342,-14.477,-18.807,-22.299,2.657,-3.676,-8.666,4.718,17.671,20.734,24.689,29.224,28.434,26.509,21.134,16.436,-28.056,-14.532,-20.777,9.338,28.285,27.74,10.958,NA,NA,24.693,25.179,25.598,25.429,4.891,4.409
"1997-03",-24.793,-11.959,-22.202,1.143,3.642,0.446,18.57,24.028,25.089,22.854,26.249,26.798,25.735,14.249,23.13,11.313,0.367,1.349,-5.419,10.54,21.556,29.876,27.187,27.919,25.372,24.343,24.016,25.935,-16.789,-7.586,-10.461,-13.531,7.837,3.42,-3.547,8.625,21.433,24.644,25.693,30.115,28.378,23.761,20.516,14.642,-36.437,-21.105,-17.483,11.549,28.004,27.796,10.502,NA,NA,25.391,26.071,26.22,25.581,3.158,6.299
"1997-04",-16.162,-6.425,-12.541,7.366,10.527,6.487,20.379,25.697,26.674,22.814,26.37,26.333,25.617,11.531,21.006,7.136,1.858,7.906,4.158,14.938,26.651,30.197,26.947,28.045,25.165,22.96,22.237,25.071,-11.409,3.16,-1.037,-4.507,15.411,11.244,0.879,14.534,26.458,28.162,26.582,28.2,23.846,20.72,16.705,13.214,-40.938,-28.183,-14.024,11.983,28.087,26.991,12.029,NA,NA,27.588,27.755,27.199,25.372,1.85,9.154
"1997-05",-11.497,3.142,-2.661,13.297,18.878,14.595,23.669,26.336,27.342,22.517,26.019,25.27,24.677,9.249,18.948,3.591,7.332,14.278,15.566,18.342,28.915,30.062,26.455,27.57,23.92,20.774,20.318,22.62,-3.215,12.129,6.715,2.087,20.721,17.014,5.415,19.644,29.663,30.703,26.816,23.592,17.382,16.518,12.827,10.705,-43.545,-25.832,-5.479,13.79,27.862,25.957,14.684,NA,NA,28.627,28.913,28.146,24.173,-1.088,11.922
"1997-06",-3.354,9.291,3.793,17.88,24.023,18.654,26.722,26.733,28.442,21.754,25.705,23.728,21.514,7.521,13.643,1.698,10.608,18.225,16.11,23.035,33.171,30.044,26.689,28.272,23.245,18.111,18.7,21.759,3.2,16.241,14.155,9.943,25.763,21.726,9.771,22.043,34.544,32.486,26.843,23.669,16.65,13.46,11.585,8.299,-39.746,-29.121,-2.109,15.644,27.532,24.211,16.793,NA,NA,29.752,28.594,28.244,23.178,-1.753,14.428
"1997-07",-1.167,12.572,8.325,21.683,27.731,22.845,28.399,26.682,29.324,22.144,26.157,23.134,23.052,7.508,15.167,2.551,11.747,17.734,21.548,26.763,33.918,28.702,25.984,27.476,21.808,16.708,17.114,20.006,6.645,19.965,17.168,13.114,27.915,23.205,11.709,24.408,35.016,30.744,26.36,21.4,14.804,12.692,11.131,8.378,-44.281,-34.814,-0.585,17.84,27.307,23.532,18.975,NA,NA,28.536,27.943,27.751,22.008,-2.675,15.18
"1997-08",-5.378,10.424,9.559,22.098,29.221,23.649,27.735,26.575,29.334,23.011,27.146,24.56,24.683,6.174,14.1,2.284,11.669,18.418,18.209,26.448,32.658,28.58,26.504,27.998,22.266,19.268,18.289,20.494,7.018,18.129,15.307,13.06,27.812,21.55,10.812,24.743,34.213,29.828,26.075,22.357,16.018,13.55,11.085,8.025,-44.408,-34.218,-0.601,18.317,27.088,23.126,20.309,NA,NA,28.037,28.351,27.847,21.386,-3.127,15.006
"1997-09",-11.256,7.187,4.702,18.193,21.899,19.511,24.532,26.24,28.822,23.315,27.723,26.39,26.759,9.179,17.662,5.451,10.884,17.237,14.686,24.072,30.85,28.839,27.031,28.542,23.425,23.147,22.675,22.484,2.892,12.473,9.321,7.644,22.779,15.164,6.653,20.464,31.655,29.69,26.113,24.338,18.885,17.09,12.319,9.455,-46.054,-33.456,-4.256,18.014,27.419,23.093,19.452,NA,NA,27.902,28.026,27.454,21.763,-3.721,13.329
"1997-10",-18.308,0.762,-0.349,10.343,15.481,13.998,22.512,25.729,27.969,23.354,27.83,27.624,27.864,10.579,21.106,7.998,5.807,10.764,9.374,19.282,28.702,28.909,26.665,27.693,24.331,24.818,24.704,24.136,-5.385,5.754,-0.862,-1.58,18.529,8.234,0.769,15.212,28.345,27.717,25.72,27.995,24.318,20.607,16.097,10.303,-39.447,-28.419,-7.236,15.96,27.388,23.207,18.028,NA,NA,27.812,27.207,26.939,22.559,-2.03,11.211
"1997-11",-23.075,-5.969,-6.452,3.935,7.832,7.569,17.516,24.983,27.326,23.313,27.391,28.416,27.001,12.747,22.251,10.308,3.317,4.517,0.717,13.542,21.067,27.765,25.668,25.368,24.132,25.571,24.545,24.561,-17.539,-4.31,-12.948,-13.397,10.982,-0.329,-5.603,9.708,22.932,24.533,25.673,29.913,28.202,23.243,18.814,11.553,-28.697,-16.278,-13.918,13.945,27.746,23.915,14.641,NA,NA,27.775,27.047,27.024,23.797,1.068,8.222
"1997-12",-24.783,-16.608,-15.798,-0.085,1.538,2.62,13.148,24.033,26.388,23.536,27.059,26.588,27.249,14.328,24.63,10.674,0.535,0.988,-7.012,9.798,18.6,27.655,26.116,25.147,24.142,25.715,26.666,26.54,-26.545,-14.304,-24.57,-22.117,2.821,-8.558,-11.828,4.037,19.618,20.056,25.47,30.137,29.472,24.577,21.795,12.969,-21.015,-7.924,-16.278,10.141,27.75,25.041,13.709,NA,NA,26.215,27.108,27.211,25.235,3.608,5.485
"1998-01",-22.949,-14.791,-18.247,-2.632,-4.354,-3.632,11.633,22.483,24.33,24.116,27.687,26.565,27.468,15.249,25.814,11.947,-3.782,-0.734,-9.318,9.072,16.549,26.277,25.054,25.039,24.424,25.966,26.951,27.109,-25.254,-15.592,-24.068,-24.658,4.649,-10.258,-13.214,-0.123,17.417,20.344,25.022,30.506,31.017,26.647,23.765,15.182,-21.23,-7.158,-22.745,7.948,27.875,26.179,13.103,NA,NA,25.569,27.004,27.139,25.887,4.455,4.778
"1998-02",-24.301,-13.56,-19.616,-1.945,-0.647,0.137,13.332,24.358,25.855,24.641,28.165,27.147,27.523,15.632,24.835,12.092,-3.888,0.644,-9.31,11.055,19.972,27.811,26.491,26.869,25.114,26.597,25.902,27.33,-30.229,-12.473,-19.275,-24.802,6.46,-5.605,-12.098,3.055,20.155,21.243,24.853,30.698,29.899,24.671,22.63,17.021,-26.758,-11.435,-26.617,8.182,28.338,27.111,11.611,NA,NA,25.519,26.472,26.617,26.802,4.018,5.291
"1998-03",-21.407,-11.758,-17.401,-0.319,-2.106,-0.726,14.383,25.365,25.654,24.622,28.683,27.004,27.14,14.19,22.567,10.893,-1.95,3.243,-5.062,12.82,23.887,31.158,27.914,27.582,25.299,25.677,25.159,27.47,-21.946,-5.561,-12.914,-19.337,10.336,3.698,-5.673,8.817,22.762,25.62,26.479,30.789,28.549,24.057,20.923,15.142,-37.93,-18.601,-22.077,7.782,28.343,27.365,12.162,NA,NA,26.774,27.405,27.249,27.237,1.495,6.529
"1998-04",-14.866,-1.198,-7.33,9.178,11.829,8.204,19.834,26.227,26.41,24.225,28.144,25.696,26.192,12.484,20.402,9.214,1.887,9.087,4.052,16.202,27.517,31.952,28.004,27.88,24.92,24.364,24.77,26.891,-14.722,1.876,-3.284,-7.783,15.808,9.965,-0.306,14.826,26.793,27.546,27.454,28.762,24.659,21.656,17.466,12.452,-41.586,-24.984,-15.263,9.506,28.183,26.774,12.755,NA,NA,28.411,28.623,28.339,27.115,0.511,9.731
"1998-05",-10.961,4.84,-1.821,14.348,18.946,14.929,22.508,26.671,27.694,23.396,27.334,25.406,25.602,8.869,18.171,4.536,7.098,14.199,9.636,19.909,31.39,31.55,27.683,27.848,24.872,21.976,22.315,25.087,-4.502,8.758,4.782,1.496,21.055,17.864,4.975,19.246,30.119,31.107,27.599,25.131,19.278,16.899,14.596,10.369,-43.446,-27.884,-6.468,12.207,27.863,25.888,14.486,NA,NA,29.488,29.915,29.069,26.003,-1.818,12.214
"1998-06",-2.653,12.416,4.411,18.748,23.101,19.113,25.571,26.765,28.082,21.269,25.673,22.999,20.326,6.896,12.262,3.598,14.313,19.456,18.908,22.572,32.283,29.244,25.98,26.724,23.552,17.606,18.838,22.424,4.333,16.095,13.132,8.338,25.756,21.294,10.102,21.52,33.176,33.669,27.449,22.614,15.468,14.953,12.409,9.085,-41.988,-29.705,-0.453,14.663,27.484,25.106,16.855,NA,NA,30.888,30.023,29.132,24.627,-1.858,14.268
"1998-07",-1.35,12.887,7.747,22.832,26.991,22.24,27.748,25.949,28.554,21.925,26.266,22.701,22.386,6.285,13.086,2.78,14.801,20.158,20.008,26.609,33.853,28.588,25.555,26.183,22.31,16.17,16.956,20.485,10.211,20.664,18.478,13.035,28.988,24.256,12.265,24.65,34.376,31.022,26.929,24.615,17.662,14.941,11.773,7.707,-39.819,-30.222,0.153,16.76,26.861,24.558,18.867,NA,NA,29.4,28.471,28.292,22.537,-3.023,15.887
"1998-08",-3.25,10.571,10.089,23.863,27.93,22.109,27.345,25.574,28.805,22.478,27.352,23.938,24.509,7.215,14.188,3.065,14.525,19.519,19.113,27.213,32.681,27.66,25.996,27.036,22.63,18.927,19.08,21.386,6.962,18.295,14.744,11.184,27.898,22.599,11.421,25.073,35.02,28.802,26.759,25.942,19.328,17.758,12.447,8.256,-43.238,-27.937,-0.141,16.525,26.414,23.879,20.345,NA,NA,28.401,27.982,27.938,22.265,-4.699,15.459
"1998-09",-11.716,6.648,3.966,16.938,22.194,19.159,25.461,25.273,28.618,23.162,28.154,25.344,27.738,8.076,17.284,5.58,10.553,14.935,12.439,23.278,29.751,27.806,26.331,27.224,23.429,22.519,22.813,22.944,3.951,12.899,8.384,5.606,21.698,17.175,10.109,21.666,31.378,28.145,26.779,26.504,20.896,16.998,13.659,9.07,-43.992,-30.341,-0.585,16.136,25.989,24.211,18.708,NA,NA,28.341,28.081,27.875,22.103,-2.137,13.332
"1998-10",-15.894,0.9,-0.524,10.754,15.444,13.664,21.679,25.243,27.936,22.643,27.791,27.267,28.402,11.854,20.275,8.385,5.837,11.019,7.394,19.123,27.702,28.736,26.152,26.613,23.918,24.234,24.505,24.582,-4.813,4.314,-0.293,-0.64,15.291,6.478,2.961,14.148,26.14,25.796,26.52,29.132,23.88,21.775,16.353,11.192,-40.733,-29.545,-7.212,14.733,26.096,24.775,16.72,NA,NA,27.693,28.088,27.986,23.048,-1.222,10.769
"1998-11",-24.474,-8.062,-11.946,6.497,6.36,4.642,17.244,23.114,27.041,22.082,26.561,26.626,26.5,11.675,22.097,9.378,1.09,5.649,-0.733,13.231,20.23,26.989,25.18,25.512,24.008,24.88,25.069,25.521,-17.297,-5.118,-12.317,-10.605,10.362,-0.573,-5.615,8.419,22.183,22.531,26.125,29.51,28.345,24.078,19.736,12.582,-31.123,-18.302,-14.12,13.21,26.226,25.593,14.487,NA,NA,26.585,27.453,27.579,24.481,1.563,7.389
"1998-12",-25.815,-15.888,-17.872,1.884,4.12,3.262,14.109,22.501,25.523,21.645,25.644,26.212,25.434,13.412,24.023,11.881,-0.548,4.21,-2.257,9.592,15.566,24.121,23.621,24.386,23.772,25.148,25.737,26.707,-25.285,-9.47,-19.267,-20.717,3.642,-7.503,-9.806,2.643,15.777,19.803,25.413,29.64,29.68,25.491,20.869,13.21,-21.851,-9.387,-14.753,9.975,26.303,26.467,12.216,NA,NA,25.241,27.126,27.254,25.467,3.819,5.402
"1999-01",-29.702,-20.584,-26.295,2.221,2.419,0.584,13.693,21.651,24.415,21.644,25.159,25.794,25.361,14.706,25.48,12.124,-3.182,1.68,-7.075,7.629,12.741,22.065,22.735,23.295,23.457,24.749,24.359,26.245,-31.737,-11.368,-18.643,-22.167,1.721,-9.385,-15.208,1.628,14.121,17.309,25.239,28.642,30.447,27.623,24.282,16.25,-20.754,-7.001,-21.914,6.719,26.452,26.953,11.459,NA,NA,23.514,26.364,26.662,26.052,4.342,3.895
"1999-02",-30.127,-15.803,-28.078,1.741,3.554,0.206,16.13,23.098,24.432,21.595,24.987,25.449,25.188,15.188,25.379,12.716,-0.063,1.603,-6.692,7.643,14.656,24.376,23.355,23.975,23.978,24.183,23.91,25.855,-26.295,-13.357,-19.043,-22.27,1.913,-8.145,-13.392,1.578,15.432,18.887,25.51,28.666,29.187,27.424,22.303,15.705,-24.811,-11.542,-21.956,7.854,26.197,27.043,11.285,NA,NA,23.147,26.761,26.94,26.139,5.096,4.062
"1999-03",-30.365,-10.267,-20.784,5.335,9.864,3.33,19.957,23.708,24.845,21.614,24.961,25.206,24.709,13.986,23.499,11.543,0.826,6.166,-2.142,11.994,18.826,27.148,25.152,26.317,24.126,24.304,23.271,25.497,-19.589,-5.152,-8.338,-14.314,8.814,1.868,-6.22,8.065,19.538,24.094,25.955,27.327,27.132,24.196,20.332,15.896,-34.685,-20.369,-21.775,9.782,26.31,27.119,11.217,NA,NA,23.774,26.994,27.12,26.063,3.528,6.391
"1999-04",-19.476,-4.646,-9.593,8.786,14.128,9.629,21.807,24.159,24.973,21.308,25.034,25.149,24.988,10.696,20.391,7.597,2.635,9.015,5.087,15.196,25.48,30.112,26.591,27.619,23.838,22.727,22.04,24.61,-10.941,3.536,0.169,-2.684,15.4,10.804,-0.074,15.119,24.653,27.738,26.345,27.007,24.359,22.62,17.646,12.384,-41.423,-23.519,-13.11,12.096,26.382,26.62,11.802,NA,NA,24.997,28.572,28.142,24.911,0.78,9.38
"1999-05",-10.637,2.654,-0.813,12.745,17.715,13.782,22.943,24.986,26.071,20.949,25.028,23.456,22.533,8.351,15.515,5.527,9.317,14.946,12.887,18.406,30.062,28.931,25.859,27.904,23.462,19.464,19.839,22.231,-1.656,10.078,8.218,4.242,21.655,16.984,5.494,18.8,30.264,30.875,26.934,24.433,18.507,17.205,13.251,11.455,-44.725,-31.559,-6.535,13.496,26.611,26.079,14.907,NA,NA,27.885,29.012,28.276,23.69,-0.323,11.644
"1999-06",-4.437,8.558,4.451,18.943,23.165,19.092,26.165,24.864,27.398,20.653,24.916,22.472,21.654,6.168,14.262,1.807,11.565,17.215,18.847,23.14,32.058,28.219,25.481,27.137,21.97,16.009,17.005,21.557,4.808,19.131,15.155,9.279,26.614,21.404,10.046,22.042,33.173,30.434,26.688,22.398,14.661,13.362,11.074,9.186,-46.581,-27.94,-0.946,15.601,26.436,25.761,17.076,NA,NA,28.439,27.856,27.57,23.013,-2.073,13.68
"1999-07",-2.062,11.741,8.411,24.149,26.445,22.162,26.4,24.939,28.111,20.573,24.871,21.548,21.01,6.324,14.045,2.081,15.166,21.045,20.661,26.834,32.226,27.476,24.897,25.925,20.92,15.893,16.377,19.796,8.434,20.839,18.137,13.873,28.385,24.18,11.176,25.064,34.211,29.052,26.593,22,15.271,13.803,11.03,8.832,-47.008,-31.94,-0.002,17.369,26.277,25.212,19.243,NA,NA,27.508,27.726,27.512,21.193,-2.905,14.817
"1999-08",-4.483,10.906,8.758,23.825,27.902,22.623,27.571,25.327,28.147,21.162,25.625,22.1,22.563,7.769,15.425,4.025,15.178,22.631,20.854,27.764,31.796,26.54,24.779,25.424,21.268,17.242,17.438,19.626,7.08,16.659,14.672,13.679,27.753,21.716,11.013,25.108,33.953,27.861,26.844,23.086,15.907,14.003,11.048,8.854,-46.052,-31.567,-0.513,17.95,26.106,24.806,20.454,NA,NA,27.019,27.755,27.558,20.823,-2.758,14.718
"1999-09",-9.357,5.415,4.751,19.704,25.013,19.29,25.394,25.046,28.204,22.112,26.746,23.781,25.958,8.789,18.277,5.231,8.454,14.969,14.965,23.429,30.535,26.815,25.302,26.195,22.82,21.18,21.305,21.875,2.834,12.401,8.789,8.55,23.974,16.087,8.325,21.382,31.327,27.941,26.894,28.109,21.048,17.761,13.121,9.542,-41.904,-33.455,-1.816,16.966,26.088,24.759,19.651,NA,NA,26.813,27.613,27.347,21.285,-1.17,13.435
"1999-10",-19.734,-1.207,-1.957,10.825,15.441,15.094,22.093,24.528,27.445,22.372,27.096,26.472,28.914,11.088,22.37,8.047,6.262,10.665,7.354,17.824,25.123,27.05,25.18,26.104,22.98,24.124,22.825,22.495,-3.698,4.345,-0.1,-1.18,15.072,7.802,3.822,15.253,27.052,26.915,26.47,28.73,23.246,19.967,15.508,10.766,-42.603,-28.032,-9.113,15.517,26.102,25.194,17.602,NA,NA,26.851,27.42,27.274,21.519,-1.429,10.31
"1999-11",-24.667,-9.171,-8.751,5.897,9.525,8.308,18.689,23.377,25.902,21.718,26.315,27.196,26.46,12.078,23.488,9.385,4.64,5.231,-1.318,12.914,19.373,26.118,25.091,25.457,23.649,25.296,25.836,25.272,-13.617,-3.79,-8.749,-11.923,6.991,-0.937,-2.676,9.43,20.746,22.859,26.07,29.751,26.662,22.522,16.527,12.285,-30.275,-19.09,-16.343,12.744,26.248,26.007,14.448,NA,NA,25.936,26.839,26.865,22.822,1.662,7.762
"1999-12",-27.734,-15.968,-18.73,-0.427,0.969,2.415,13.891,22.446,25.257,21.439,25.26,27.201,25.902,13.569,23.478,11.392,1.706,2.499,-5.417,9.206,15.513,24.291,23.549,23.78,23.485,24.992,25.794,26.061,-20.801,-10.743,-17.833,-18.473,0.529,-10.724,-8.658,2.381,15.348,19.374,24.846,29.502,29.207,24.882,19.707,15.166,-22.094,-8.837,-22.16,11.157,26.671,26.68,13.412,NA,NA,24.344,26.237,26.261,23.914,3.933,5.09
"2000-01",-30.703,-17.817,-20.735,-1.168,2.033,2.423,13.357,22.569,24.534,21.322,24.551,26.363,25.351,14.551,25.602,12.085,-0.227,4.257,-3.298,9.188,14.28,23.04,23.282,23.819,23.519,24.18,24.163,25.586,-26.447,-7.821,-16.977,-23.138,3.285,-8.545,-12.046,1.969,15.478,18.31,24.28,28.453,29.138,27.523,21.784,15.296,-20.899,-8.846,-28.043,5.856,26.915,27.034,11.661,NA,NA,23.573,25.708,25.963,24.559,4.582,4.799
"2000-02",-28.528,-16.553,-24.118,1.841,3.733,0.042,16.157,22.412,24.108,21.391,24.762,25.814,25.306,15.892,26.564,12.114,-0.873,3.565,-3.188,10.863,16.812,25.634,24.981,25.508,24.351,24.033,24.423,25.248,-23.139,-7.374,-13.901,-19.695,6.184,-5.328,-11.915,3.76,18.13,19.836,24.322,28.588,30.432,26.839,23.681,17.09,-27.467,-13.259,-24.146,6.227,27.493,27.166,10.824,NA,NA,23.468,25.501,25.949,24.931,4.668,5.282
"2000-03",-26.433,-10.019,-16.526,4.365,4.805,0.777,17.598,23.419,24.302,21.903,25.535,25.813,25.283,13.912,23.594,10.369,0.372,6.933,2.732,12.742,20.547,28.371,25.793,26.667,24.457,23.813,23.777,25.522,-14.866,-1.875,-7.117,-12.088,11.031,4.001,-6.134,9.153,21.694,23.981,25.314,28.978,27.611,24.547,19.431,15.098,-37.105,-22.182,-23.106,7.785,27.089,27.07,11.859,NA,NA,24.906,26.541,26.705,25.325,4.541,7.002
"2000-04",-20.742,-3.461,-9.486,8.376,13.301,10.069,20.426,24.932,25.661,21.703,25.147,25.292,25.581,11.891,21.549,7.246,2.127,9.859,7.025,16.281,26.726,30.265,26.609,27.738,24.456,22.581,23.09,25.042,-11.21,6.779,1.363,-4.879,17.865,13.317,0.26,15.296,26.563,27.301,26.127,27.978,24.702,22.679,16.412,13.086,-39.609,-26.319,-15.283,10.889,27.161,26.7,12.935,NA,NA,26.462,27.827,27.554,25.129,2.851,9.948
"2000-05",-10.017,5.55,-1.411,15.422,18.393,12.906,23.499,25.943,27.108,21.62,25.379,24.779,23.956,8.275,15.992,4.121,8.275,13.725,10.422,18.646,30.003,29.968,26.527,27.386,23.651,19.663,19.659,23.168,-4.193,8.695,5.544,0.903,22.561,18.467,6.267,20.249,30.583,30.976,26.748,25.752,19.588,18.451,14.181,11.182,-42.991,-29.278,-5.889,13.225,27.597,26.216,14.85,NA,NA,28.156,28.713,28.148,23.976,-0.638,11.908
"2000-06",-3.947,9.395,4.966,17.315,25.169,21.699,26.638,26.09,27.837,21.12,25.302,22.667,22.413,7.386,15.068,3.338,11.399,16.45,18.113,23.448,33.099,28.8,25.801,27.196,22.638,17.344,18.489,21.002,2.875,17.927,14.065,7.902,26.691,21.025,9.591,22.366,33.815,30.456,26.704,23.046,15.647,14.929,11.561,8.866,-42.532,-32.72,-0.833,14.618,27.548,25.182,17.135,NA,NA,29.184,28.741,28.335,22.807,-1.252,14.121
"2000-07",-1.888,13.127,7.791,24.489,28.847,23.257,28.37,26.089,28.573,21.358,25.569,22.961,22.637,7.073,14.218,1.627,15.17,19.576,21.168,26.226,32.102,27.55,25.008,26.172,21.156,16.211,16.942,19.829,8.109,18.502,17.677,13.376,28.799,24.088,11.723,25.212,34.891,28.925,26.618,20.768,13.025,11.853,10.137,7.648,-43.991,-31.185,0.125,16.466,27.31,24.465,19.302,NA,NA,27.666,27.839,27.683,21.789,-2.979,15.118
"2000-08",-4.067,9.483,9.071,24.001,30.342,24.108,26.712,25.595,28.536,22.289,26.449,23.006,24.412,7.344,15.958,3.192,14.558,21.513,20.589,27.885,32.567,27.036,25.53,26.276,22.038,18.056,18.747,20.848,7.394,17.976,15.162,11.709,27.885,22.071,11.547,25.502,34.412,27.919,26.505,23.78,15.886,14.045,11.378,8.702,-44.14,-30.764,0.365,17.198,27.1,24.34,20.362,NA,NA,26.746,27.503,27.337,21.578,-3.226,15.193
"2000-09",-9.755,5.84,5.209,18.302,24.183,20.521,25.422,25.393,28.098,22.546,26.978,25.04,26.874,8.734,19.212,5.61,10.006,15.957,14.73,24.269,30.249,27.795,26.177,27.302,23.099,21.149,21.163,21.923,3.087,14.303,7.667,6.5,22.636,15.675,8.933,21.096,31.259,27.687,26.655,27.883,20.043,16.849,12.531,9.914,-47.522,-32.001,-1.176,16.491,27.196,24.47,19.217,NA,NA,26.965,27.693,27.426,21.776,-2.63,13.141
"2000-10",-18.713,-0.396,-0.69,13.425,16.155,13.181,22.668,24.926,27.724,22.451,26.869,27.112,27.338,10.697,21.25,8.682,7.526,12.552,9.467,20.189,27.981,28.55,26.378,27.151,23.932,24.654,22.681,22.89,-5.918,5.762,0.925,-1.683,16.705,7.426,2.377,15.203,26.848,26.559,26.408,28.774,24.442,21.497,16.331,11.022,-39.768,-21.68,-6.278,15.069,27.234,24.743,17.368,NA,NA,26.494,27.514,27.302,22.086,-2.003,11.205
"2000-11",-24.257,-10.522,-12.391,5.332,8.614,8.487,17.572,23.232,26.551,22.104,26.296,26.999,26.007,13.003,23.389,9.83,4.326,6.623,1.227,13.965,22.959,28.291,26.408,26.685,24.934,25.818,25.732,25.535,-14.245,-1.487,-9.213,-10.137,9.929,-0.305,-4.99,8.694,22.364,23.22,25.565,30.153,27.193,22.755,16.952,12.721,-30.496,-18.185,-12.735,13.824,27.615,25.921,14.999,NA,NA,25.823,27.053,26.961,23.378,1.844,8.173
"2000-12",-25.053,-16.643,-19.234,1.379,2.869,3.207,14.974,23.276,25.828,22.041,25.469,26.315,25.115,14.123,24.458,11.011,0.936,1.843,-1.33,9.012,16.397,25.814,24.873,24.974,23.707,25.351,25.551,26.608,-20.359,-4.707,-15.749,-14.333,6.178,-4.48,-10.317,4.725,18.112,19.436,25.318,30.466,31.017,25.499,20.834,13.081,-20.373,-7.948,-14.322,13.092,27.902,26.889,12.488,NA,NA,25.237,26.423,26.814,24.591,3.696,6.377
"2001-01",-30.159,-20.976,-24.662,3.756,0.14,-3.499,14.178,20.677,23.519,21.844,25.283,25.521,24.603,14.292,25.771,11.794,-1.149,-0.618,-8.061,8.903,17.45,26.766,25.147,25.611,24.118,24.919,25.777,26.81,-22.531,-13.388,-21.75,-16.71,4.332,-9.838,-11.813,-0.212,18.398,19.194,24.079,31.444,30.822,27.839,21.478,16.146,-20.551,-8.571,-13.954,10.226,28.039,27.303,12.331,NA,NA,24.541,25.765,26.144,25.357,4.607,4.716
"2001-02",-31.377,-13.288,-22.793,2.709,3.02,-0.447,14.966,22.43,24.29,22.091,25.264,25.893,25.359,15.506,26.487,11.838,0.738,3.457,-3.703,9.122,16.37,25.927,25.014,25.533,24.505,25.039,25.238,26.256,-18.315,-9.006,-16.498,-17.431,1.336,-8.229,-8.778,1.511,14.828,19.965,24.43,29.734,30.339,26.862,22.458,16.553,-27.127,-12.8,-18.606,8.171,28.284,27.763,11.801,NA,NA,23.447,25.42,25.917,25.487,4.327,5.162
"2001-03",-25.132,-11.209,-17.04,6.985,9.183,5.643,17.697,23.828,24.255,22.711,26.321,25.857,25.182,15.118,23.78,11.868,2.685,5.843,-1.933,11.212,21.686,29.03,26.825,27.871,25.309,24.929,24.84,25.209,-17.494,-5.974,-10.41,-13.002,7.695,2.278,-5.583,8.932,21.311,24.209,25.455,29.348,27.392,24.607,18.665,16.762,-36.301,-22.194,-9.742,7.829,28.143,27.698,11.458,NA,NA,24.832,26.091,26.269,25.274,3.248,6.928
"2001-04",-17.393,-2.931,-11.925,8.883,11.871,7.245,20.038,25.454,25.897,22.421,26.164,24.583,24.542,12.034,21.482,8.436,3.254,10.179,7.352,15.268,26.638,30.498,27.018,27.899,24.48,24.026,24.294,25.367,-7.325,6.223,0.539,-3.942,17.703,10.908,1.623,13.543,26.613,28.52,26.554,28.312,23.012,20.755,16.16,13.251,-40.966,-27.164,-12.321,12.31,27.922,26.893,12.13,NA,NA,27.179,27.199,26.643,25.147,1.851,9.824
"2001-05",-9.109,3.512,-1.076,14.151,19.828,17.373,23.776,26.477,26.789,22.435,26.082,24.115,24.436,9.491,17.821,4.467,8.427,14.469,12.378,19.524,30.908,30.017,27.068,28.707,24.018,20.29,19.559,22.634,-4.422,9.804,6.427,2.106,23.235,18.223,7.563,19.578,31.367,31.115,26.894,24.887,18.053,16.504,12.709,10.562,-44.031,-28.924,-4.842,13.819,28.085,25.76,14.287,NA,NA,29.024,29.268,28.541,24.064,-0.041,12.219
"2001-06",-4.564,10.648,4.241,18.357,23.279,19.247,27.003,26.465,28.283,21.592,25.462,22.844,21.232,8.315,15.126,2.863,12.326,17.991,15.922,24.112,32.912,29.455,26.35,27.724,22.872,17.558,17.876,21.512,3.602,16,14.388,8.865,25.524,19.962,10.35,22.297,34.331,31.336,26.672,21.952,15.784,14.348,11.528,8.697,-41.815,-29.697,-0.228,15.772,27.593,24.549,16.869,NA,NA,29.364,28.949,28.414,23.512,-1.79,14.206
"2001-07",-2.061,13.416,8.472,23.685,26.999,22.36,27.991,26.523,29.268,21.83,25.763,21.981,22.072,7.842,15.569,2.537,13.435,18.886,21.674,27.531,33.469,28.34,25.724,27.131,21.808,17.894,18.015,20.845,7.212,22.32,17.294,13.612,29.174,24.151,11.813,25.265,34.58,29.778,26.128,20.933,14.724,13.364,11.491,7.922,-47.515,-29.087,-0.153,17.415,27.405,23.717,20.029,NA,NA,27.876,27.605,27.398,22.285,-3.974,15.25
"2001-08",-3.533,11.108,9.605,23.055,27.811,22.487,27.726,26.159,29.06,22.498,26.451,23.703,24.638,8.177,17.094,3.067,14.227,20.608,20.978,28.169,32.892,27.837,25.847,27.064,22.232,19.798,19.724,21.258,7.667,19.645,14.932,13.424,27.877,21.636,11.285,25.178,34.361,28.406,26.013,22.768,17.239,15.109,12.663,8.09,-44.301,-35.313,0.062,18.162,27.125,23.267,20.561,NA,NA,27.387,27.194,26.952,21.938,-3.671,15.348
"2001-09",-11.185,6.35,6.021,19.487,22.99,20.901,25.155,25.86,28.593,23.532,27.436,25.484,27.95,10.782,20.946,5.235,12.42,16.957,13.68,24.479,31.139,28.344,26.585,28.123,23.34,21.814,21.115,21.659,1.711,11.075,6.857,7.659,23.922,16.916,8.386,21.322,32.554,28.695,26.238,25.735,20.643,18.773,13.746,8.891,-43.456,-30.385,1.32,17.397,27.508,23.498,19.811,NA,NA,27.865,27.628,27.129,21.891,-3.567,13.745
"2001-10",-18.489,1.242,-0.673,13.057,16.125,13.842,21.957,25.022,27.67,23.405,27.85,27.736,27.572,10.259,20.589,7.138,7.063,12.154,9.844,19.231,27.873,29.007,26.772,27.615,24.292,25.036,24.395,23.988,-3.903,6.893,-0.121,-1.493,18.41,7.727,1.388,15.026,28.245,27.362,25.903,27.788,23.988,20.537,15.463,9.797,-42.123,-29.383,-3.929,15.895,27.617,24.467,17.964,NA,NA,27.53,26.895,26.711,22.272,-1.552,11.105
"2001-11",-22.653,-6.995,-8.741,3.908,8.73,9.339,17.234,24.936,26.964,23.106,27.254,28.388,27.775,12.834,24.517,8.73,1.726,6.409,2.21,13.624,20.951,27.074,25.244,25.95,24.214,26.56,25.765,25.436,-14.224,1.048,-7.556,-12.365,12.886,2.475,-5.126,10.023,24.179,24.07,25.618,30.371,29.525,23.662,19.479,10.536,-30.603,-17.101,-10.531,14.34,27.806,25.171,15.837,NA,NA,27.528,26.909,26.923,23.997,0.271,8.79
"2001-12",-28.183,-13.005,-15.781,0.246,1.785,1.987,13.895,23.012,25.933,23.262,26.69,27.37,27.421,14.499,25.29,10.591,-3.953,2.938,-3.612,11.667,17.905,26.435,25.238,25.113,24.489,25.954,26.905,26.825,-21.937,-6.929,-15.058,-17.938,7.795,-5.043,-11.068,4.044,20.061,20.76,24.685,32.043,32.003,27.084,21.57,13.452,-20.242,-8.619,-22.51,11.737,27.801,25.897,13.903,NA,NA,26.882,26.557,26.805,25.529,3.125,6.738
"2002-01",-28.439,-16.614,-22.725,-5.027,-5.108,-3.66,12.604,23.118,25.088,23.832,27.196,26.99,26.806,16.894,26.47,14.197,-1.066,-0.705,-7.154,8.112,15.858,26.017,25.254,25.643,24.815,25.722,25.577,26.804,-24.11,-10.109,-20.031,-23.473,4.847,-7.079,-11.157,3.483,18.509,20.311,24.956,31.408,32.26,26.799,22.666,15.541,-19.72,-7.523,-15.418,10.398,27.848,26.579,11.974,NA,NA,25.958,25.969,26.248,26.885,3.986,5.189
"2002-02",-22.515,-12.726,-18.719,0.194,0.053,0.167,13.621,22.891,24.549,24.527,28.082,26.426,26.8,16.681,25.903,13.928,-8.493,-6.551,-12.647,8.913,21.069,29.027,26.842,26.554,25.506,26.47,25.045,26.511,-27.651,-14.206,-20.775,-22.111,6.677,-3.725,-10.631,3.567,19.782,22.409,25.463,31.248,30.966,27.059,23.46,15.935,-27.004,-11.922,-19.085,9.325,28.008,27.284,11.854,NA,NA,25.69,25.784,25.982,27.588,3.174,5.34
"2002-03",-24.774,-8.886,-17.013,4.551,3.2,3.126,16.548,24.5,25.411,24.593,28.459,26.372,27.061,14.964,24.48,11.322,-1.338,1.76,-5.069,13.19,21.917,29.559,26.771,27.443,25.517,24.976,24.768,26.691,-20.663,-5.945,-10.645,-16.857,8.442,3.225,-5.327,9.351,21.632,25.592,26.416,30.103,29.647,24.458,21.616,15.041,-35.957,-19.603,-15.622,9.906,28.305,27.456,12.11,NA,NA,27.187,26.86,26.576,27.841,2.217,6.946
"2002-04",-18.49,-2.164,-10.14,10.434,14.656,9.745,20.215,26.058,26.607,24.173,27.688,26.258,26.591,13.077,21.664,7.98,3.584,8.279,3.364,15.008,25.465,30.936,27.634,28.72,25.53,23.912,22.901,25.323,-12.486,5.146,-1.26,-5.914,14.87,11.268,0.883,13.863,26.004,28.449,27.284,28.924,24.924,22.334,17.328,13.205,-38.583,-19.724,-14.852,10.728,28.087,26.686,13.158,NA,NA,28.071,27.926,27.534,27.086,0.597,10.057
"2002-05",-9.117,4.823,-0.131,14.795,19.963,17.013,22.062,27.622,27.162,23.551,27.02,25.15,25.588,10.031,19.008,5.693,7.037,15.019,15.084,18.595,31.22,31.091,27.79,28.932,24.867,21.286,20.783,23.31,-3.767,11.068,5.963,3.331,21.335,18.238,7.185,20.181,29.599,31.522,27.66,26.321,21.065,18.782,14.299,10.922,-45.471,-27.706,-4.206,12.768,27.973,25.897,14.618,NA,NA,29.24,28.767,28.068,25.087,-1.506,12.598
"2002-06",-2.427,10.828,5.785,18.461,22.117,20.155,25.675,27.377,28.826,22.303,26.366,23.932,22.672,7.187,13.816,2.887,11.786,17.941,21.717,22.888,33.319,31.148,26.649,27.624,23.221,18.711,19.014,21.293,3.478,16.547,11.327,8.469,26.791,20.914,9.889,21.947,32.473,33.39,27.487,23.17,15.629,14.013,11.461,10.113,-46.892,-29.75,-0.786,15.305,27.586,24.925,17.184,NA,NA,31.015,29.736,29.037,23.199,-3.336,14.118
"2002-07",-1.056,12.077,9.855,23.653,27.905,23.142,27.646,26.588,29.248,22.085,26.431,23.738,23.209,7.965,13.882,2.389,15.601,20.281,21.455,26.324,34.033,29.509,26.059,27.141,22.291,16.756,17.231,20.778,7.975,18.342,15.603,14.327,29.839,23.892,12.002,25.788,33.991,30.258,27.014,22.661,15.24,14.122,11.131,8.894,-46.963,-31.348,0.001,16.828,27.172,24.228,19.573,NA,NA,29.443,28.316,28.234,22.787,-4.354,15.357
"2002-08",-3.557,11.211,9.365,22.46,29.697,24.13,27.452,26.518,29.307,22.764,27.296,23.593,24.778,8.485,17.074,3.37,12.922,19.384,19.902,26.814,32.893,27.83,26.133,27.11,22.978,18.93,18.984,20.964,5.035,18.688,15.789,12.917,28.333,22.513,11.768,25.157,35.008,28.602,26.853,25.277,16.652,15.889,11.176,8.632,-46.912,-34.174,-0.082,17.7,26.912,23.74,20.447,NA,NA,27.995,28.08,27.898,22.213,-3.123,15.154
"2002-09",-10.52,6.843,5.864,19.342,24.246,19.571,25.882,25.789,28.981,23.106,27.94,26.389,27.518,8.884,17.785,5.135,11.208,17.287,15.925,24.141,30.988,28.487,26.544,27.525,23.964,22.142,22.395,22.701,4.698,13.597,9.028,7.512,21.814,15.121,9.232,21.16,31.17,27.996,26.967,26.958,18.762,16.711,12.446,9.868,-44.243,-32.111,-0.896,16.512,26.589,23.91,20.253,NA,NA,28.406,27.68,27.485,22.522,-2.231,13.704
"2002-10",-20.43,0.453,-1.066,12.637,16.929,14.894,21.994,24.836,28.083,22.898,27.91,27.55,27.827,10.768,20.585,6.973,6.565,11.149,8.286,19.279,27.017,28.973,26.729,27.282,24.491,25.316,24.766,24.144,-4.787,6.434,-0.051,-1.581,16.588,8.93,2.857,14.917,26.714,26.983,26.717,27.86,22.151,18.999,15.921,10.144,-39.34,-26.268,-6.012,15.311,26.827,24.528,18.364,NA,NA,27.905,27.689,27.416,22.711,-0.824,11.108
"2002-11",-25.273,-9.562,-10.45,3.061,8.739,9.763,17.398,24.318,26.517,22.537,26.872,27.452,26.821,13.368,23.275,9.386,1.628,5.403,0.717,12.203,20.629,27.81,26.095,26.427,24.815,25.399,25.301,25.467,-13.536,-1.084,-6.543,-9.245,9.362,1.412,-1.796,11.041,20.845,24.112,26.491,30.929,27.566,22.95,18.275,12.481,-29.106,-17.334,-15.932,13.298,27.118,25.229,16.122,NA,NA,27.854,27.481,27.542,23.967,1.183,8.451
"2002-12",-29.939,-15.534,-17.622,-0.65,2.224,4.079,13.309,22.321,24.741,22.164,26.051,26.841,25.394,14.486,24.474,12.099,0.143,3.981,-3.224,9.582,15.537,24.848,24.229,24.495,24.1,25.458,25.084,26.116,-22.914,-8.077,-17.52,-19.57,3.991,-4.663,-7.098,5.391,16.174,20.226,25.704,30.508,28.689,25.097,20.236,15.98,-21.499,-9.987,-14.308,10.839,27.238,26.316,14.484,NA,NA,25.957,27.072,27.362,25.778,2.68,5.773
"2003-01",-31.295,-20.462,-23.17,-2.914,0.101,1.769,13.29,22.775,24.303,22.058,25.611,26.201,25.66,15.087,25.604,13.792,-0.869,2.423,-4.092,7.987,13.464,23.764,23.617,23.973,24.019,25.124,24.906,26.677,-24.411,-8.322,-16.219,-20.755,2.887,-7.644,-10.462,2.121,13.998,19.404,24.978,30.761,31.243,26.464,22.723,16.909,-19.959,-8.472,-25.202,6.937,27.494,27.305,12.569,NA,NA,24.236,26.663,27.054,26.808,4.309,4.857
"2003-02",-29.062,-17.642,-24.478,2.566,5.891,2.655,16.946,23.557,24.656,21.959,25.409,25.564,25.554,16.175,26.886,12.764,0.229,4.095,-4.408,9.586,15.391,25.143,24.493,24.849,23.937,24.696,24.572,26.316,-28.744,-12.018,-19.265,-24.019,4.288,-6.278,-10.654,3.773,17.006,20.326,25.45,29.754,30.107,28.129,22.412,16.084,-27.739,-13.475,-19.159,7.805,27.286,27.58,11.81,NA,NA,24.186,26.232,26.667,26.166,3.757,4.635
"2003-03",-29.554,-12.134,-17.051,5.478,11.83,6.303,18.446,24.59,25.083,22.318,26.162,25.65,25.383,14.333,23.803,11.209,1.157,8.04,1.175,13.575,19.984,28.247,26.514,27.588,25.26,24.611,24.659,26.319,-15.684,-1.181,-5.925,-12.703,10.953,3.404,-6.366,8.13,21.891,24.38,26.251,28.306,27.006,24.472,19.81,16.542,-36.295,-22.021,-22.376,7.803,27.238,27.593,12.076,NA,NA,24.888,26.974,27.138,25.885,3.228,7.342
"2003-04",-22.072,-1.033,-6.816,10.57,15.915,10.527,20.855,25.165,26.042,21.987,25.785,24.908,25.204,12.494,21.255,8.069,3.289,9.679,7.32,15.714,25.626,30.531,27.282,29.026,25.251,22.988,23.36,25.119,-8.03,7.661,2.206,-4.075,17.402,12.181,2.209,14.496,26.51,29.47,26.85,27.852,23.433,20.505,16.491,13.815,-36.201,-25.798,-14.165,9.607,27.231,27.187,13.969,NA,NA,26.896,28.462,28.215,25.755,2.716,10.664
"2003-05",-11.947,3.593,-1.716,14.361,19.898,15.241,24.028,26.061,27.156,21.865,25.804,24.834,24.541,9.209,16.177,4.923,10.856,17.704,13.81,20.113,30.547,30.905,27.067,28.7,24.068,20.06,19.771,23.471,-0.494,10.617,9.374,5.208,22.53,17.375,7.233,19.428,31.252,31.559,27.036,26.392,19.674,17.619,13.968,11.856,-43.304,-24.716,-4.991,13.192,27.39,26.405,14.908,NA,NA,29.145,29.538,28.889,24.639,-1.866,12.708
"2003-06",-5.619,11.313,6.564,20.779,25.789,20.73,25.871,25.788,28.208,21.211,25.416,23.237,21.629,7.497,13.521,3.599,13.826,19.637,21.262,24.76,33.119,29.78,26.398,27.738,22.287,16.603,16.678,21.087,5.291,17.795,14.402,12.359,26.782,20.819,11.016,23.022,33.906,31.611,27.181,22.274,14.955,14.091,10.685,9.202,-44.363,-30.985,-0.156,15.019,27.386,25.114,17.577,NA,NA,29.36,28.09,27.927,22.912,-1.188,14.535
"2003-07",-2.867,13.693,8.628,24.062,28.825,22.377,27.608,25.912,28.628,21.185,25.516,22.484,21.855,7.439,14.676,2.445,14.277,21.023,22.257,27.391,32.606,27.915,25.456,26.661,21.579,16.374,16.515,19.761,9.535,21.979,17.647,14.749,29.747,23.958,12.629,25.239,35.191,29.152,26.832,21.007,14.428,12.087,10.692,8.864,-44.287,-34.975,0.343,16.506,27.037,24.895,20.136,NA,NA,27.751,28.014,27.854,21.543,-2.166,15.411
"2003-08",-2.734,11.413,8.807,22.453,29.214,23.175,26.25,26.317,28.775,21.91,26.441,23.061,23.472,7.441,14.634,3.218,12.629,20.031,21.071,27.429,32.482,27.216,25.467,26.381,21.65,18.466,18.191,20.139,7.709,18.926,15.652,13.914,29.029,22.892,11.467,25.246,35.042,28.704,26.716,23.399,18.108,14.299,12.368,8.191,-47.848,-32.473,0.721,17.106,26.734,23.851,20.975,NA,NA,27.438,27.925,27.741,20.954,-3.455,15.003
"2003-09",-11.183,6.611,4.396,18.138,24.13,19.271,26.385,26.004,28.311,22.842,27.255,24.83,26.213,10.276,18.414,5.723,8.908,14.4,12.146,23.293,29.57,27.728,25.889,26.965,22.993,21.477,20.955,21.6,3.32,14.382,10.091,7.451,22.776,16.455,7.678,21.139,31.663,27.774,26.615,25.73,19.94,17.791,14.381,9.57,-44.927,-32.091,-1.192,16.591,26.54,23.547,20.261,NA,NA,27.199,28.081,27.904,21.201,-4.054,13.22
"2003-10",-18.179,-1.041,-1.914,11.86,14.398,12.563,21.683,24.665,27.518,22.666,27.125,26.973,28.174,10.182,21.365,6.188,6.782,12.066,5.787,19.141,26.49,28.119,26.147,26.729,23.925,24.209,24.345,24.414,-3.832,3.013,-1.841,-0.399,14.445,6.741,3.165,15.912,26.639,26.599,26.616,29.305,23.422,20.293,14.851,10.806,-39.766,-25.454,-4.697,14.713,26.844,24.745,18.604,NA,NA,26.883,27.561,27.235,22.269,-0.532,10.621
"2003-11",-23.788,-6.988,-8.303,6.029,10.308,7.903,17.754,23.212,26.084,22.541,27.015,27.693,26.509,13.398,21.926,10.421,1.959,3.551,-4.23,13.425,21.258,27.41,25.819,26.328,24.026,25.297,24.703,25.269,-12.423,-7.238,-12.668,-12.347,7.787,-0.991,-2.492,8.638,21.311,23.506,26.174,30.355,26.522,22.843,17.741,13.661,-28.893,-16.638,-2.538,13.052,27.162,25.812,16.817,NA,NA,26.332,27.438,27.355,23.533,0.789,7.933
"2003-12",-26.419,-12.182,-15.71,2.729,4.582,3.227,14.87,22.762,25.301,21.754,25.561,25.736,25.115,14.266,23.982,12.123,-2.162,-0.557,-6.012,9.556,16.367,25.778,24.829,25.169,24.053,26.319,26.385,26.706,-21.705,-9.555,-18.308,-19.907,6.339,-7.65,-8.482,2.386,18.503,19.302,24.564,29.994,29.547,25.082,19.264,14.545,-21.741,-8.715,-13.139,10.639,27.466,26.777,15.049,NA,NA,24.94,26.855,26.973,25.217,3.595,5.87
"2004-01",-26.017,-15.407,-22.871,-1.167,0.115,-0.926,12.438,22.819,25.22,21.728,25.087,26.009,25.51,15.197,25.867,12.919,-1.408,1.661,-6.145,9.038,16.022,25.454,24.361,24.583,24.121,25.055,25.594,26.576,-28.848,-11.239,-19.159,-21.769,1.321,-8.432,-9.261,1.955,14.293,18.231,24.495,30.228,30.383,25.403,22.439,16.03,-21.448,-7.753,-17.126,6.62,27.702,27.409,12.287,NA,NA,24.084,25.978,26.352,26.098,4.193,4.708
"2004-02",-28.77,-21,-25.018,1.596,5.347,4.292,15.79,23.041,24.729,22.162,25.519,26.16,25.965,14.878,26.285,10.764,1.327,3.697,-5.428,9.719,16.129,25.514,24.656,25.796,24.727,24.944,24.562,25.65,-23.56,-12.904,-21.214,-20.551,2.837,-7.271,-9.398,3.274,17.563,20.728,25.411,29.632,29.338,26.899,23.181,16.443,-26.763,-12.118,-12.235,6.192,27.588,27.474,11.335,NA,NA,24.563,26.072,26.4,26.306,4.851,4.725
"2004-03",-26.222,-11.582,-21.905,1.081,4.427,1.409,16.908,24.707,25.721,22.553,25.964,25.719,25.465,13.605,23.783,10.252,2.315,5.576,-3.548,12.054,21.107,28.464,26.51,28.161,24.654,24.63,25.456,26.582,-16.662,-9.328,-10.911,-13.697,8.359,1.97,-4.819,7.767,22.395,24.21,26.139,29.01,28.104,24.735,20.53,14.419,-35.021,-19.783,-15.38,8.545,27.726,27.556,12.343,NA,NA,25.719,26.994,27.199,26.17,3.841,6.457
"2004-04",-18.676,-5.414,-12.647,9.933,13.554,6.946,22.003,25.647,26.312,22.54,26.04,25.903,25.905,12.71,21.416,7.689,4.599,9.455,7.474,15.151,25.633,30.452,27.049,28.329,25.113,23.456,23.905,25.274,-9.546,2.186,-1.814,-4.74,16.657,8.829,0.509,13.895,26.048,28.557,26.865,27.7,24.144,22.113,16.915,13.099,-41.81,-28.955,-11.292,10.406,27.679,26.865,12.807,NA,NA,26.834,28.795,28.325,25.745,1.973,9.339
"2004-05",-11.315,4.545,-1.726,15.996,19.101,12.894,23.542,25.985,27.154,21.795,25.618,25.576,23.189,9.306,15.995,5.317,8.775,16.509,15.499,18.538,30.679,29.607,26.613,28.662,24.593,20.122,20.949,23.199,-1.559,11.414,7.073,2.91,22.605,17.072,5.987,20.139,31.111,32.063,27.299,25.255,20.45,17.655,13.982,10.082,-42.453,-29.822,-5.098,12.681,27.68,25.757,14.827,NA,NA,29.017,29.418,28.774,24.72,-0.99,12.454
"2004-06",-5.047,10.181,4.995,20.379,25.272,19.831,26.341,26.258,28.454,21.327,25.521,23.2,22.274,8.201,15.963,3.516,14.442,19.917,19.389,23.29,32.622,29.253,25.972,27.875,22.726,17.522,18.318,21.551,4.839,14.526,14.952,10.956,25.769,20.714,10.958,22.728,33.014,30.822,26.986,22.584,15.702,14.534,10.781,9.109,-47.132,-31.206,-0.637,14.425,27.74,25.065,18.007,NA,NA,29.662,28.439,28.021,23.402,-2.514,14.069
"2004-07",-1.919,11.739,8.066,24.623,30.228,23.937,27.199,26.109,28.812,21.353,25.515,22.423,21.835,7.195,13.699,2.36,15.447,20.57,21.564,27.134,32.777,28.356,25.709,26.785,21.692,16.56,16.912,19.859,8.813,19.67,17.095,14.99,29.78,24.147,12.322,25.789,34.73,28.98,26.792,21.927,14.985,13.688,10.466,8.435,-46.917,-32.02,1.05,16.375,27.525,24.124,20.299,NA,NA,28.104,28.194,28.027,22.339,-3.81,15.208
"2004-08",-4.065,11.552,9.496,23.597,29.057,22.582,28.176,26.355,28.866,22.349,26.523,23.2,23.928,8.024,16.497,3.077,13.608,20.181,22.332,27.472,32.609,27.151,25.441,26.689,22.537,17.434,17.939,20.796,9.197,19.397,15.939,13.696,28.311,22.187,11.937,25.871,34.709,28.51,26.663,21.597,14.012,12.67,10.273,8.115,-45.538,-36.848,0.801,17.2,27.255,23.392,21.026,NA,NA,27.518,27.699,27.6,22.203,-3.549,15.131
"2004-09",-11.111,6.103,5.874,16.969,24.257,20.656,25.642,26.207,28.598,23.156,27.293,25.054,27.155,9.979,19.737,4.962,10.844,16.223,15.173,23.99,30.008,27.781,25.965,27.204,23.795,21.578,21.619,22.765,4.162,14.857,8.829,7.204,23.353,16.256,8.345,21.114,31.778,28.542,26.75,25.443,18.824,16.388,12.763,9.297,-41.69,-32.127,0.255,16.456,27.376,23.663,20.217,NA,NA,27.924,27.285,27.22,22.479,-1.65,13.741
"2004-10",-18.628,0.917,1.424,11.21,18.072,17.031,22.364,25.65,27.848,23.568,27.796,27.498,28.889,11.45,23.178,7.067,7.218,12.104,6.856,19.544,25.551,28.244,26.479,27.248,24.068,24.81,23.088,23.955,-3.166,5.441,0.429,-2.371,16.497,8.36,3.468,14.693,27.067,26.831,26.33,27.965,23.545,20.622,15.274,11.242,-40.536,-28.668,-2.096,14.769,27.785,24.222,18.124,NA,NA,27.795,27.661,27.353,22.864,-0.97,11.156
"2004-11",-25.087,-7.875,-7.151,5.686,8.782,8.153,17.697,24.098,26.743,23.245,26.948,27.685,26.878,12.603,22.359,9.159,4.605,5.351,-0.685,14.026,22.059,28.275,26.006,25.978,24.185,24.731,25.18,25.406,-13.717,-1.704,-7.494,-9.742,10.65,1.127,-3.586,10.342,23.209,23.529,26.168,30.681,27.776,22.174,18.263,12.054,-31.103,-16.322,-5.422,12.825,27.806,25.214,15.939,NA,NA,27.147,27.146,27.334,23.748,1.093,8.567
"2004-12",-28.033,-15.715,-17.278,0.977,4.625,4.786,15.103,23.907,25.856,22.729,26.057,27.504,26.638,14.384,26.101,9.856,1.17,3.621,-5.273,9.799,15.483,25.235,24.523,24.852,24.2,25.141,24.486,26.256,-22.83,-11.506,-18.43,-19.973,3.004,-8.144,-11.143,3.346,18.746,19.895,25.733,30.315,30.25,24.806,21.134,14.929,-20.626,-8.876,-14.616,11.957,28.104,26.215,12.931,NA,NA,26.1,27.143,27.27,25.669,3.119,5.796
"2005-01",-26.521,-15.047,-22.178,-2.671,-1.874,-2.086,13.074,22.745,25.105,22.854,26.116,26.201,26.039,16.073,26.09,13.614,-0.919,2.03,-4.277,8.82,14.605,23.739,23.728,24.135,23.821,25.676,24.852,26.313,-21.646,-10.527,-19.759,-21.921,2.237,-8.537,-11.749,1.506,14.578,19.549,24.837,30.533,30.939,25.445,22.344,17.441,-21.103,-8.083,-12.23,10.794,28.43,27.273,11.492,NA,NA,24.277,26.696,26.998,26.255,3.895,4.903
"2005-02",-25.131,-12.959,-21.38,-2.005,2.451,1.271,15.044,23.667,24.744,23.129,26.642,26.039,25.774,15.202,26.791,11.277,-1.606,1.888,-6.305,9.123,16.927,27.088,25.267,25.225,23.902,25.075,25.063,27.128,-25.631,-9.343,-14.858,-22.393,4.996,-3.437,-9.511,5.683,16.238,20.807,25.235,31.195,31.961,25.75,23.395,15.055,-26.8,-12.146,-15.184,8.702,28.051,27.093,10.95,NA,NA,24.499,26.164,26.516,26.64,4.593,5.531
"2005-03",-25.815,-15.739,-19.898,3.989,8.63,5.467,19.178,24.168,24.998,22.896,26.287,25.931,26.367,14.291,25.448,9.074,2.477,5.916,-3.632,12.44,21.566,29.494,26.983,27.831,25.132,24.408,23.83,26.428,-14.298,-7.327,-10.04,-13.568,8.843,1.879,-5.926,8.313,22.164,25.164,26.146,29.264,29.219,25.339,21.687,14.394,-36.056,-20.416,-16.214,8.557,27.997,27.614,11.77,NA,NA,25.55,27.101,27.293,27.311,2.837,6.904
"2005-04",-24.088,-3.041,-9.909,8.818,13.024,8.379,20.833,25.012,25.663,23.193,26.643,25.931,25.723,13.147,22.198,8.454,5.275,10.89,10.319,15.387,24.93,30.494,27.168,27.926,24.698,22.853,22.25,25.515,-6.519,8.879,0.242,-1.3,17.899,11.455,2.465,14.992,26.151,27.474,27.053,27.786,24.026,21.078,17.011,11.789,-41.011,-26.362,-14.908,12.055,28.089,27.045,12.114,NA,NA,27.915,28.404,28.056,26.253,1.141,10.109
"2005-05",-10.219,3.252,-1.393,14.874,20.421,16.466,23.778,26.265,26.653,22.486,26.154,24.836,24.8,9.054,18.889,4.554,8.905,15.725,18.162,19.187,30.053,31.022,26.758,27.849,23.983,20.505,20.705,23.759,-2.201,12.845,5.94,4.823,22.128,15.659,4.018,18.485,30.54,29.419,27.353,25.418,20.712,17.185,14.792,10.171,-42.392,-27.653,-5.16,13.745,27.821,25.753,14.913,NA,NA,28.889,29.258,28.685,25.167,-1.191,12.528
"2005-06",-2.644,11.211,4.98,19.57,23.452,18.744,25.655,26.247,28.671,21.637,25.883,23.726,22.054,8.052,14.368,3.589,11.414,19.229,21.23,24.068,33.846,29.806,26.967,28.405,23.523,18.246,19.196,21.84,5.81,19.034,13.366,12.508,26.184,20.379,8.964,22.26,33.793,31.623,27.336,23.532,16.831,15.217,12.145,9.487,-42.766,-27.757,-1.045,15.404,27.406,24.72,16.683,NA,NA,30.511,28.837,28.452,23.689,-2.682,14.779
"2005-07",-1.375,13.862,8.801,24.553,26.712,21.66,27.52,26.448,29.36,21.963,26.304,23.391,23.344,6.731,15.245,0.941,15.784,20.633,23.646,27.446,33.754,28.376,25.96,27.238,22.383,17.434,18.008,21.312,9.942,24.026,16.321,15.491,29.2,23.99,11.702,24.049,35.314,30.859,26.832,22.496,14.506,13.997,10.562,7.916,-44.207,-31.929,0.881,17.197,27.15,23.78,19.285,NA,NA,28.904,27.801,27.567,22.823,-2.629,15.795
"2005-08",-2.923,13.119,10.23,24.113,26.338,21.735,28.431,26.611,29.3,22.703,26.979,23.913,24.728,7.804,16.065,1.722,15.412,20.253,22.167,27.257,32.526,27.666,25.83,27,22.591,19.301,18.755,21.669,7.385,19.774,14.691,12.489,28.115,23.38,12.262,25.162,33.991,29.8,26.47,20.906,14.84,12.403,11.166,8.192,-43.963,-38.334,1.365,18.079,26.818,23.053,20.285,NA,NA,27.961,27.333,27.277,22.559,-3.262,15.309
"2005-09",-10.338,7.055,5.837,20.502,24.731,19.791,26.439,26.1,28.694,23.24,27.964,25.27,27.338,10.381,20.442,5.142,11.899,16.526,15.55,23.561,32.145,28.197,26.512,27.93,23.627,22.24,22.352,22.943,3.257,14.724,7.431,5.885,23.608,16.763,8.64,20.996,31.889,28.911,26.392,25.596,19.888,17.282,13.005,8.916,-42.581,-33.822,0.202,17.521,27.128,23.185,19.474,NA,NA,27.926,27.505,27.217,22.58,-2.705,13.949
"2005-10",-14.2,1.85,-0.758,13.577,16.029,13.815,22.711,25.828,28.288,23.526,27.843,27.61,27.507,10.756,21.072,6.399,5.623,9.415,4.655,19.529,28.772,28.709,26.409,26.963,24.233,24.755,24.888,24.638,-3.231,3.12,-0.146,-2.259,18.002,9.142,2.634,15.052,27.991,28.22,26.236,28.942,25.03,21.006,15.167,9.935,-39.157,-27.298,-1.242,15.975,27.315,23.854,18.113,NA,NA,27.663,27.666,27.202,22.981,-1.209,11.35
"2005-11",-21.859,-7.339,-8.507,5.309,10.68,10.828,19.089,25.078,27.32,23.058,27.812,27.761,26.917,12.718,22.002,10.14,4.483,5.132,0.708,12.389,21.121,27.942,25.304,25.801,23.922,25.773,24.784,25.241,-15.07,-1.646,-7.272,-11.137,10.738,2.015,-3.064,10.926,23.351,25.094,25.876,29.877,26.949,23.013,17.346,11.526,-28.966,-14.866,-5.186,13.647,27.525,24.623,14.808,NA,NA,27.779,27.005,27.046,24.043,0.666,8.805
"2005-12",-23.836,-15.241,-18.057,-4.076,0.023,3.47,14.369,24.01,25.843,22.797,26.541,27.786,27.363,14.336,25.161,9.867,-2.044,-2.975,-9.579,8.884,17.317,26.906,24.851,25.003,23.588,25.629,25.1,26.016,-20.029,-12.439,-18.134,-18.354,2.451,-5.657,-8.245,6.297,17.211,21.071,25.916,32.21,31.902,25.856,21.708,14.576,-22.565,-8.45,-6.447,12.36,28.016,25.917,13.307,NA,NA,25.756,27.058,27.255,25.282,2.35,5.75
"2006-01",-24.87,-15.386,-20.367,-1.476,-0.717,-1.323,12.513,23.054,25.205,22.953,26.13,26.938,26.824,16.584,26.644,13.741,-1.415,-0.847,-11.008,8.89,14.957,24.439,24.479,24.86,23.845,26.003,24.971,26.002,-25.392,-16.187,-23.043,-24.726,-1.393,-13.013,-13.403,0.285,15.888,18.255,24.916,31.588,31.541,27.154,22.933,14.853,-22.112,-7.664,-11.591,8.838,28.234,26.919,11.704,NA,NA,24.68,26.629,26.846,26.712,3.726,4.224
"2006-02",-25.792,-9.81,-20.426,1.778,2.378,0.086,14.505,23.246,25.001,23.93,27.497,27.428,26.923,17.119,27.714,12.823,-0.021,2.951,-3.255,10.541,17.395,27.737,26.011,26.716,24.682,26.128,25.111,26.382,-23.253,-8.2,-17.585,-24.72,6.23,-5.368,-10.176,3.577,19.068,22.082,25.39,30.774,30.035,26.323,20.821,16.611,-27.776,-14.006,-18.692,6.612,28.182,27.069,11.469,NA,NA,25.257,26.438,26.716,27.22,2.993,5.885
"2006-03",-19.748,-7.067,-18.087,4.95,6.185,2.747,16.725,24.388,25.389,24.003,27.687,26.641,27.286,14.946,24.494,9.87,-1.625,3.097,0.292,11.979,23.567,30.585,27.836,28.422,25.74,24.668,24.736,27.302,-19.36,-1.875,-8.901,-16.071,12.574,3.61,-5.356,9.572,22.756,25.689,26.594,31.531,31.014,25.938,22.455,14.768,-37.095,-22.109,-17.866,9.933,28.343,27.217,11.561,NA,NA,26.093,27.711,27.681,27.918,2.275,7.68
"2006-04",-16.274,-1.141,-6.364,10.625,13.788,9.599,20.081,25.627,25.881,24.028,27.631,26.783,27.064,13.028,21.727,7.177,2.982,9.037,7.13,15.312,28.718,32.135,28.296,28.94,25.242,22.942,22.775,25.736,-14.075,2.779,-3.969,-7.299,17.7,9.921,1.345,14.606,28.328,28.892,28.07,29.07,25.075,22.069,18.752,12.541,-40.309,-26.365,-11.491,9.413,28.444,26.448,13.075,NA,NA,28.265,29.096,28.468,26.926,0.315,10.251
"2006-05",-8.559,5.622,1.345,16.913,20.548,17.331,23.391,27.237,27.361,23.819,27.3,25.62,25.731,10.754,18.114,6.425,9.159,14.906,14.352,19.265,30.969,30.825,27.062,27.561,24.336,20.541,20.406,22.543,-3.136,11.399,6.046,0.636,21.11,17.749,7.064,19.26,30.506,32.538,27.792,26.495,20.648,17.716,14.568,10.089,-41.854,-22.058,-2.426,12.247,28.15,25.084,15.216,NA,NA,29.774,30.248,29.568,24.36,-1.301,13.043
"2006-06",-3.208,10.811,4.771,19.009,23.379,19.326,26.38,27.27,28.762,22.636,26.785,24.115,23.183,7.3,14.257,2.112,14.536,20.099,20.632,23.842,33.931,29.505,27.031,27.968,23.759,18.021,19.143,21.773,4.453,15.79,13.701,8.364,26.832,21.174,9.947,22.746,35.333,33.824,27.331,22.908,15.873,14.668,11.581,8.968,-43.764,-30.281,-0.485,14.653,27.361,24.269,18.394,NA,NA,30.949,29.722,29.072,23.757,-2.81,14.662
"2006-07",-2.559,13.241,9.871,22.286,28.179,24.64,27.617,26.795,29.757,22.39,26.668,22.957,23.205,6.71,14.519,2.5,14.774,20.703,21.242,27.102,33.689,28.789,26.274,27.418,22.417,17.113,17.748,20.576,8.874,21.281,16.716,12.072,27.464,23.194,12.963,25.5,35.429,30.668,26.925,22.715,15.091,13.707,11.037,8.891,-45.722,-31.294,1.08,16.154,27.143,23.989,19.866,NA,NA,29.163,28.42,28.373,22.31,-3.644,15.549
"2006-08",-4.069,10.401,10.562,22.541,29.045,24.258,28.016,26.543,29.591,23.173,27.644,24.399,26.447,6.762,16.064,1.804,13.619,22.017,20.566,28.101,33.271,28.17,26.155,27.286,22.027,19.155,18.309,20.274,9.543,20.778,16.852,13.156,27.403,22.487,12.201,25.416,35.269,29.412,26.724,23.157,15.676,14.074,11.545,7.567,-43.799,-31.831,-0.131,16.79,26.921,23.537,21.664,NA,NA,28.6,28.014,27.885,21.408,-3.027,15.759
"2006-09",-11.808,8.026,7.309,19.492,25.708,20.799,26.568,26.682,29.453,23.598,28.398,25.738,27.933,9.276,19.624,4.955,9.623,16.296,14.09,24.728,30.726,28.615,26.628,27.858,23.343,23.112,21.989,21.541,3.897,13.879,9.246,7.074,23.247,16.059,9.728,21.722,32.27,28.85,26.772,27.849,22.291,19.071,13.901,9.905,-42.119,-30.594,-1.058,16.005,26.983,23.676,20.625,NA,NA,28.138,28.02,27.851,21.4,-4.103,14.268
"2006-10",-21.371,0.818,-0.415,12.354,15.739,13.661,23.923,25.378,28.513,23.271,27.885,27.656,28.515,10.746,21.703,8.324,7.204,11.914,7.584,19.691,25.661,28.7,26.28,26.961,23.96,25.557,24.835,23.819,-1.905,5.551,0.968,-0.559,16.046,7.572,2.755,14.126,27.006,26.486,26.372,29.713,25.192,21.731,15.752,10.1,-38.375,-25.734,-6.539,14.927,27.334,24.427,18.429,NA,NA,27.556,27.887,27.63,22.374,-1.047,11.297
"2006-11",-23.139,-5.449,-5.709,3.396,9.06,9.402,19.123,25.093,27.568,22.828,27.269,28.348,28.093,12.424,23.923,8.697,0.834,4.404,1.146,13.879,20.594,27.562,25.956,25.95,24.426,25.331,25.522,25.553,-13.079,-0.836,-8.802,-12.003,12.526,0.88,-5.138,9.264,23.28,23.2,25.998,31.579,28.38,23.709,17.959,12.424,-31.205,-17.093,-12.379,13.184,27.459,25.501,15.513,NA,NA,27.242,27.053,27.243,23.697,0.917,8.644
"2006-12",-21.191,-12.065,-15.918,-3.161,-0.725,1.024,13.82,24.209,26.37,22.229,25.985,27.176,26.103,14.887,24.195,13.661,-2.741,-0.524,-6.968,10.373,16.644,25.449,24.751,25.127,23.9,26.116,26.58,26.143,-21.363,-8.445,-19.064,-19.232,6.798,-4.972,-10.918,4.646,19.708,19.468,25.542,32.723,31.203,25.765,19.943,16.042,-22.015,-9.623,-16.124,12.136,27.79,26.602,13.774,NA,NA,26.163,26.868,27.248,25.404,3.309,6.02
"2007-01",-24.241,-14.953,-19.064,-3.582,-1.8,1.186,13.193,23.654,25.886,22.18,25.757,26.182,25.467,14.472,25.798,12.541,-2.724,-2.512,-12.345,7.426,14.014,23.542,23.659,24.358,23.661,24.897,26.032,26.954,-26.102,-16.599,-24.068,-23.033,0.706,-9.086,-11.547,0.97,15.592,18.193,24.957,30.687,32.758,27.193,25.404,15.551,-20.404,-7.762,-18.766,7.617,27.964,27.61,11.188,NA,NA,24.897,25.737,26.321,25.99,5.083,4.285
"2007-02",-26.299,-17.836,-25.026,-2.564,0.572,1.35,14.369,23.385,25.545,22.48,26.286,25.678,25.444,16.1,26.33,12.508,0.525,1.305,-6.776,8.72,14.9,25.213,25.038,25.728,24.617,25.504,24.993,26.474,-25.179,-11.816,-17.534,-20.512,2.56,-5.671,-9.418,4.087,17.195,19.662,25.257,30.694,31.864,26.87,22.747,16.794,-26.173,-11.844,-15.778,6.343,27.917,27.766,10.363,NA,NA,24.181,26.196,26.61,26.197,5.159,4.736
"2007-03",-28.259,-11.236,-18.107,4.316,5.004,3.001,17.34,23.772,24.939,22.572,26.595,25.772,25.484,14.67,24.081,11.536,1.952,4.516,-2.675,11.914,19.89,28.565,26.546,27.931,25.251,25.068,24.489,26.056,-15.807,-7.322,-9.983,-13.952,9.246,1.918,-7.004,8.407,21.509,24.091,26.404,30.056,29.425,25.155,21.494,15.94,-37.094,-19.242,-18.522,7.973,27.71,26.896,11.982,NA,NA,25.552,27.265,27.426,26.638,3.77,6.643
"2007-04",-21.487,-1.163,-8.64,9.911,13.565,8.569,20.191,25.678,26.288,22.036,26.093,24.505,24.421,11.998,20.86,8.469,4.034,10.703,6.826,16.043,25.765,30.905,27.2,28.875,24.862,23.311,22.701,25.309,-7.918,5.66,0.89,-4.927,17.239,11.076,2.063,15.032,26.847,29.746,26.919,27.245,21.814,20.259,15.999,13.353,-42.866,-27.457,-15.371,11.325,27.703,27.03,14.167,NA,NA,26.879,28.434,28.113,26.255,2.96,9.835
"2007-05",-10.751,4.339,-2.324,14.333,20.047,15.128,23.702,26.028,26.945,22.027,26.081,24.584,24.7,10.255,18.634,5.748,9.792,18.094,16.02,19.948,30.693,30.693,27.084,28.946,24.391,20.942,21.513,24.095,-2.197,11.062,7.631,5.506,23.76,17.176,6.779,19.558,31.713,32.273,27.24,25.114,18.316,16.792,12.856,10.335,-42.558,-28.103,-5.908,12.894,27.497,26.148,15.254,NA,NA,28.686,29.096,28.637,25.079,0.353,12.797
"2007-06",-4.085,11.552,5.809,19.441,24.295,20.311,25.63,26.591,28.476,21.513,25.824,22.782,22.439,7.98,14.975,3.794,13.821,20.422,18.124,25.065,33.148,29.369,26.175,27.885,22.862,18.053,18.475,21.384,5.8,17.583,15.606,12.056,26.939,22.562,11.215,22.166,34.478,32.122,27.116,23.669,15.993,14.542,11.834,8.771,-45.022,-32.02,-0.672,15.058,27.22,25.161,17.01,NA,NA,29.961,28.465,28.11,23.801,-1.753,14.648
"2007-07",-1.24,13.888,9.39,23.806,28.4,23.783,27.151,26.409,29,21.103,25.58,22.35,21.623,7.509,14.186,3.277,15.597,20.044,20.845,26.973,32.39,27.196,25.074,26.276,21.511,17.01,17.817,19.539,9.006,20.653,19.061,15.991,29.657,24.054,11.729,25.354,34.235,28.592,26.863,23.742,14.778,13.387,10.296,7.377,-42.058,-32.197,0.559,16.989,26.854,24.22,19.87,NA,NA,28.034,27.826,27.705,22.388,-1.704,15.659
"2007-08",-2.975,12.839,9.539,24.785,30.114,23.443,27.623,25.699,28.773,21.772,26.322,22.623,23.204,7.728,16.262,4.045,16.013,21.903,22.754,27.984,32.334,26.599,25.08,26.309,22.272,17.913,18.889,21.029,6.888,18.129,15.188,12.859,28.852,22.552,11.722,25.133,34.069,28.06,26.708,23.851,15.33,13.197,10.598,8.268,-44.41,-35.655,0.623,17.441,26.616,24.551,21.33,NA,NA,27.502,27.178,27.167,22.248,-2.076,15.276
"2007-09",-8.501,5.88,6.458,18.84,25.773,21.805,25.755,25.609,28.846,22.612,27.472,23.895,26.055,8.915,19.374,4.678,12.642,18.392,13.492,24.337,31.425,26.979,25.522,26.806,23.415,21.313,22.469,22.64,3.865,12.718,8.989,8.114,23.882,18.504,8.275,22.143,32.493,28.043,26.906,27.331,21.471,18.753,14.19,9.595,-44.739,-31.515,-0.785,16.824,26.426,24.747,19.827,NA,NA,27.711,27.684,27.526,22.247,-2.419,13.875
"2007-10",-13.835,0.378,0.938,13.2,17.519,14.95,23.141,25.475,28.51,22.945,27.795,25.935,28.265,13.651,23.874,9.644,3.945,9.07,5.037,18.986,27.28,27.885,26.015,26.547,23.709,25.455,24.534,23.88,-4.265,3.538,0.346,-1.072,16.876,8.127,3.57,15.139,26.826,26.651,26.556,28.645,21.706,18.745,14.201,11.219,-39.761,-25.575,-6.76,15.227,26.757,25.498,18.293,NA,NA,27.655,27.399,27.227,22.481,-1.116,11.129
"2007-11",-23.936,-7.736,-7.27,5.002,10.062,8.948,18.414,24.152,26.967,22.195,26.715,26.859,26.497,13.412,24.081,11.031,2.729,5.609,-0.467,14.462,21.441,27.678,25.652,25.76,24.258,25.137,25.943,25.758,-15.527,-3.977,-8.131,-11.208,9.697,0.263,-2.548,9.305,22.77,23.339,25.699,30.859,25.698,23.473,16.3,13.896,-27.428,-15.48,-11.149,13.318,27.241,26.145,15.937,NA,NA,26.924,26.923,26.947,23.682,2.447,8.563
"2007-12",-22.194,-15.22,-12.547,1.487,5.486,4.815,15.05,23.43,25.405,22.058,26.114,26.729,25.74,13.699,24.332,11.351,-2.393,-1.16,-7.365,9.488,17.105,25.462,24.305,24.727,23.964,24.737,25.606,26.599,-17.94,-12.231,-19.654,-17.667,3.239,-8.387,-9.083,2.276,17.647,19.216,25.014,30.456,29.527,26.292,20.016,16.401,-19.966,-8.313,-7.16,10.878,27.31,26.998,13.868,NA,NA,25.637,26.518,26.824,25.193,3.856,6.005
"2008-01",-24.895,-16.592,-19.216,-1.237,0.946,1.373,13.243,22.193,25.032,21.772,25.53,26.056,25.396,14.826,26.202,12.786,-6.321,-1.75,-9.58,9.105,15.864,24.79,24.396,24.651,24.102,24.875,25.574,26.683,-27.936,-13.634,-22.253,-18.707,3.486,-7.104,-11.125,2.348,16.079,18.823,24.537,29.762,29.843,26.074,21.85,17.269,-18.38,-6.941,-9.504,7.628,27.531,27.639,12.554,NA,NA,24.56,25.824,26.294,25.679,5.003,4.924
"2008-02",-28.039,-21.007,-20.343,0.954,5.075,2.923,15.184,22.86,24.747,21.997,25.548,26.135,26.28,15.354,26.136,12.552,-0.435,3.313,-4.664,10.426,16.825,25.615,24.429,25.376,23.951,24.721,24.828,26.1,-24.428,-10.404,-18.376,-21.486,4.386,-5.542,-10.892,3.923,17.113,20.556,25.272,31.353,29.285,27.378,21.629,17.462,-26.266,-12.359,-16.009,4.778,27.81,27.598,12.157,NA,NA,24.723,25.808,26.381,25.779,4.39,5.089
"2008-03",-24.942,-12.168,-17.957,5.841,11.52,5.132,19.502,24.211,25.709,22.457,25.991,26.327,26.518,15.732,23.912,11.976,1.362,5,-3.306,11.79,21.654,28.937,26.669,28.212,24.831,24.141,24.298,26.369,-20.104,-7.531,-11.279,-16.473,9.553,3.683,-4.247,9.394,22.922,25.627,26.063,29.129,27.335,24.855,19.682,16.643,-36.751,-19.975,-7.15,7.68,27.611,27.401,12.441,NA,NA,25.374,26.858,27.017,25.625,3.058,6.878
"2008-04",-20.742,-1.536,-8.449,9.978,14.226,8.668,21.373,25.834,26.831,22.461,26.218,26.582,26.217,11.676,20.482,8.788,3.144,9.943,7.26,16.012,25.785,30.43,27.241,28.668,25.219,23.147,23.769,25.744,-7.703,8.027,1.483,-4.309,18.009,11.065,1.069,14.121,26.851,28.308,26.854,28.36,23.355,21.997,17.043,13.148,-41.526,-27.09,-12.139,10.048,27.801,27.345,13.162,NA,NA,27.188,28.567,28.181,25.569,1.504,10.151
"2008-05",-8.597,4.007,-0.75,14.339,18.754,15,24.048,26.395,27.786,22.114,26.045,24.504,24.408,9.457,17.494,5.284,7.081,14.053,12.539,18.883,30.614,29.985,26.514,27.93,24.46,20.14,20.56,24.044,-1.732,14.075,9.027,2.935,24.102,18.861,6.629,19.94,31.993,31.314,27.323,24.489,18.192,16.951,13.809,11.052,-45.129,-26.532,-4.767,12.85,28.116,26.735,15.083,NA,NA,29.2,29.508,28.801,25.226,-1.426,12.476
"2008-06",-2.974,9.91,5.921,19.529,25.069,20.741,27.421,26.231,28.807,21.774,26.003,24.157,22.804,7.527,13.528,3.332,12.291,17.579,19.11,22.873,32.455,29.746,26.408,27.511,22.898,17.708,18.441,22.069,3.753,19.169,13.174,9.573,26.732,22.728,10.574,23.043,33.464,30.797,26.751,23.577,16.703,14.391,11.946,9.117,-43.707,-28.557,-0.782,14.553,27.694,25.111,17.272,NA,NA,29.455,28.798,28.454,23.796,-2.012,14.464
"2008-07",-1.162,12.836,10.367,24.106,29.691,22.66,27.525,25.978,29.279,21.579,25.906,22.814,22.687,7.67,14.529,3.323,14.458,20.291,22.532,27.815,33.254,27.802,25.213,26.707,22.038,17.31,18.337,20.967,8.293,20.948,18.238,15.106,29.925,24.808,11.692,25.539,34.818,28.355,26.527,22.111,15.053,13.904,11.163,8.466,-43.294,-27.765,0.604,16.377,27.496,24.268,20.365,NA,NA,28.196,28.152,27.973,22.278,-2.768,15.82
"2008-08",-2.767,10.985,9.618,23.549,31.236,24.613,27.609,26.515,29.387,22.244,26.659,23.331,24.018,7.724,14.334,3.207,13.24,20.33,20.754,27.894,33.081,27.383,25.336,26.581,22.533,17.935,18.901,21.181,8.152,20.04,16.546,13.66,29.552,22.75,10.927,24.914,34.927,28.764,26.633,23.633,17.954,14.802,12.15,8.753,-45.788,-33.297,1.25,16.784,27.415,24.203,21.005,NA,NA,27.903,27.85,27.636,21.728,-2.837,15.428
"2008-09",-10.306,4.877,5.056,17.871,25.529,22.054,26.501,26.135,28.85,23.323,27.864,25.92,28.371,8.938,19.119,5.759,12.124,16.353,14.922,22.956,30.5,27.979,25.982,27.187,23.32,21.399,20.981,21.763,3.319,13.102,8.513,7.471,23.553,16.806,8.887,22.856,31.65,27.844,26.688,26.798,20.478,17.81,13.621,8.978,-44.381,-34.908,0.073,16.095,27.355,24.219,19.951,NA,NA,27.516,28.147,27.838,21.797,-2.153,13.603
"2008-10",-15.963,-0.456,-0.638,10.801,14.891,14.271,23.164,25.485,28.017,23.382,28.237,27.494,28.43,9.953,20.936,7.315,6.235,11.937,8.432,19.225,26.302,28.99,26.603,26.941,23.947,25.35,24.865,24.536,-3.871,6.362,0.623,-0.769,16.647,8.15,3.393,15.161,26.285,26.817,26.48,28.872,23.181,18.599,15.292,10.601,-39.017,-24.125,-3.725,14.564,27.423,25.43,18.552,NA,NA,27.174,27.802,27.61,22.395,-0.325,11.234
"2008-11",-23.164,-6.164,-7.159,4.106,7.213,7.182,16.788,24.145,27.149,22.889,27.219,28.312,27.419,13.386,23.055,9.727,3.81,7.487,3.054,14.072,21.16,27.803,25.737,26.011,24.27,25.753,25.467,25.233,-13.825,-2.003,-9.483,-11.015,8.849,-1.169,-3.452,8.29,21.966,22.936,25.523,30.865,28.939,23.26,19.158,12.458,-29.348,-15.932,-8.996,13.233,27.65,25.753,16.084,NA,NA,26.361,27.504,27.217,23.411,1.408,8.523
"2008-12",-25.866,-12.248,-12.878,-0.96,2.085,3.658,13.979,23.633,26.066,22.524,25.872,26.28,25.946,15.445,24.732,13.292,-2.183,4.095,-2.189,10.822,16.976,25.703,24.587,25.202,23.902,25.767,26.068,26.789,-21.211,-4.552,-13.606,-18.754,7.122,-3.9,-9.354,4.674,19.254,19.417,24.651,31.992,31.586,26.098,22.245,14.561,-20.871,-8.921,-19.356,12.432,27.918,26.654,14.264,NA,NA,26.006,26.416,26.849,24.941,3.611,6.852
"2009-01",-27.637,-16.453,-22.197,-2.246,-2.479,-0.529,14.252,23.319,25.345,22.501,25.805,25.496,26.011,16.406,26.309,13.833,-1.28,0.841,-9.358,8.084,16.228,26.632,25.013,24.989,24.26,25.144,24.712,26.256,-22.257,-11.665,-17.993,-20.239,2.174,-6.65,-10.455,3.017,15.342,19.099,24.672,31.799,31.307,26.685,22.641,16.024,-20.436,-7.258,-14.875,11.731,28.074,27.278,11.844,NA,NA,25.058,25.906,26.391,26.348,4.881,5.17
"2009-02",-29.832,-11.949,-21.05,3.369,0.734,-2.05,14.935,22.292,24.484,22.945,26.62,25.436,25.696,15.198,26.07,12.433,-2.445,0.097,-8.62,9.036,16.998,27.453,25.795,26.227,24.696,25.499,25.165,26.459,-25.183,-10.265,-16.962,-19.607,6.545,-2.34,-7.73,5.392,17.931,20.759,25.281,32.185,32.016,26.42,22.632,17.211,-26.814,-12.405,-16.358,7.728,27.933,27.475,11.448,NA,NA,24.719,26.407,26.671,26.978,4.725,5.509
"2009-03",-20.285,-10.574,-18.977,3.791,5.076,2.8,17.381,23.875,25.195,23.015,26.57,25.932,25.234,14.179,23.556,10.551,-0.015,2.317,-3.677,11.796,23.282,30.182,27.506,28.174,25.082,24.617,24.709,26.964,-16.99,-5.855,-10.532,-10.873,10.564,3.982,-4.902,9.675,23.45,25.025,26.408,31.494,28.476,25.884,19.441,16.112,-35.217,-20.405,-14.114,10.1,28.043,27.669,10.957,NA,NA,25.784,26.912,27.023,26.839,3.779,7.256
"2009-04",-19.108,-3.763,-12.157,9.768,13.804,8.828,21.246,25.209,25.741,23.142,26.626,25.51,25.436,12.904,21.775,8.165,1.884,7.924,6.493,14.864,26.822,31.116,27.479,28.426,24.866,23.59,23.064,25.816,-11.853,4.523,1.247,-5.113,16.043,11.597,1.834,15.419,26.126,27.736,27.171,28.943,23.37,21.128,16.765,12.469,-41.438,-29.624,-10.766,12.207,28.166,27.4,12.225,NA,NA,27.419,28.453,28.072,26.369,1.774,9.636
"2009-05",-10.438,5.566,-1.926,15.75,19.829,14.702,24.295,26.117,27.146,22.61,26.25,24.975,24.874,8.818,17.174,3.433,6.757,13.892,14.517,18.953,29.865,30.603,27.102,28.2,23.998,19.679,19.618,23.204,-1.892,14.066,7.44,1.861,21.858,17.544,5.6,19.962,30.854,31.296,27.368,25.129,20.585,17.178,14.921,10.314,-43.996,-29.397,-3.882,13.298,27.815,26.324,14.548,NA,NA,28.748,29.577,28.833,25.284,-0.641,12.383
"2009-06",-3.747,10.171,5.424,21.515,24.864,20.029,27.416,26.11,28.208,21.649,25.875,23.627,22.613,6.442,14.426,1.595,12.97,19.681,16.949,23.739,32.95,28.74,26.292,27.973,22.977,16.897,17.272,21.483,4.411,16.801,15.431,8.808,25.538,22.113,10.737,23.02,34.27,31.25,26.919,23.453,17.098,14.585,12.847,8.079,-43.889,-30.811,-0.844,15.23,27.309,24.431,17.346,NA,NA,30.144,29.329,28.691,24.37,-1.284,14.429
"2009-07",-1.392,13.702,8.18,25.363,28.533,22.081,27.934,26.113,28.713,22.113,26.308,23.603,23.188,7.389,14.703,2.74,16.867,21.012,24.236,26.878,33.59,28.396,25.945,27.487,22.191,16.177,16.287,20.44,8.827,18.771,17.302,13.931,29.034,23.735,12.589,26.038,35.025,29.901,26.893,23.387,16.29,13.068,11.546,7.669,-41.606,-30.857,0.186,16.901,27.294,23.545,19.629,NA,NA,28.85,28.188,28.12,22.793,-2.689,15.925
"2009-08",-3.853,10.767,9.675,25.022,30.777,25.2,27.338,26.191,28.826,22.926,27.097,23.885,24.675,8.186,15.866,3.192,16.665,21.208,21.396,26.731,32.415,27.606,25.846,27.265,22.983,18.625,19.44,21.56,7.592,16.864,16.305,13.061,28.626,23.326,12.021,26.013,34.519,28.834,26.519,24.415,17.092,14.756,11.758,8.09,-44.045,-30.949,1.08,17.896,27.122,23.037,20.166,NA,NA,28.169,27.778,27.739,22.569,-3.356,15.647
"2009-09",-10.61,8.255,5.017,19.278,24.558,20.75,26.164,26.391,28.921,23.626,27.886,25.375,28.216,11.561,21.262,6.031,12.596,17.749,15.13,24.375,30.859,28.704,26.788,27.828,23.703,22.284,21.673,22.277,1.951,12.485,8.267,7.27,21.832,15.281,9.5,21.153,31.363,28.039,26.582,25.881,20.716,17.524,13.604,8.812,-44.375,-35.638,0.442,17.821,27.432,23.05,20.062,NA,NA,28.089,27.526,27.427,22.539,-2.154,13.725
"2009-10",-16.967,1.593,-1.49,11.552,17.496,14.303,23.965,25.885,28.333,23.416,27.806,28.95,29.674,11.05,23.663,5.983,6.581,9.978,8.803,18.579,28.345,29.176,26.548,27.184,24.404,24.472,24.114,23.996,-3.604,5.081,-0.32,-0.722,16.26,9.085,2.812,15.659,27.644,27.264,26.54,29.304,28.245,23.42,17.678,9.488,-35.869,-26.561,-4.387,16.214,27.633,24.189,18.403,NA,NA,27.908,27.699,27.455,22.803,-0.978,11.847
"2009-11",-18.07,-6.622,-7.317,5.973,9.673,8.518,17.394,24.494,26.896,23.383,27.579,28.545,28.266,13.578,25.244,9.03,2.02,3.991,-1.86,12.904,22.815,28.415,26.087,26.084,24.041,25.927,25.278,24.968,-14.379,-5.864,-11.494,-11.796,10.203,0.671,-3.084,11.019,24.096,23.967,26.447,31.344,28.537,24.093,17.95,12.339,-29.742,-17.789,-4.653,13.834,27.963,25.266,16.486,NA,NA,27.499,27.512,27.48,23.611,1.283,8.676
"2009-12",-23.544,-15.288,-12.331,-0.592,2.436,3.837,13.133,23.853,26.168,23.267,26.9,27.975,27.692,14.73,26.205,10.537,0.376,-0.223,-9.441,9.667,16.332,25.445,24.523,25.031,24.018,26.026,25.12,26.657,-25.045,-13.578,-20.722,-19.709,3.573,-7.639,-9.806,4.017,18.032,19.874,26.331,31.47,30.983,25.75,23.147,13.887,-20.466,-10.847,-16.813,9.363,28.314,26.379,14.099,NA,NA,26.308,27.454,27.56,25.95,3.305,5.809
"2010-01",-22.042,-13.028,-20.697,-2.226,-0.384,-0.919,12.079,22.326,25.205,23.238,26.691,27.311,27.357,16.09,28.435,11.997,-2.311,-1.394,-9.319,8.965,16.772,26.486,25.432,25.714,24.432,26.594,25.931,26.393,-21.005,-14.791,-20.587,-24.648,3.417,-13.076,-11.949,-0.981,17.926,19.369,24.856,30.634,31.506,26.966,23.571,13.557,-19.233,-7.672,-11.203,6.586,28.084,27.004,12.942,NA,NA,25.313,27.096,27.273,26.604,4.694,5.312
"2010-02",-21.41,-15.165,-22.568,1.022,2.175,0.34,14.48,23.594,25.34,23.842,27.398,27.322,27.429,17.565,27.028,13.66,-2.16,3.06,-4.812,11.808,19.021,27.694,26.168,26.779,25.177,27.165,26.089,26.966,-26.923,-12.502,-19.787,-23.655,7.661,-7.623,-9.967,4.097,20.497,22.254,25.871,32.505,31.836,26.485,23.129,14.445,-27.477,-12.551,-16.884,7.041,28.305,27.682,11.659,NA,NA,25.893,26.727,27.069,26.997,4.484,5.727
"2010-03",-24.277,-10.02,-19.662,4.694,4.425,3.973,16.049,23.916,24.296,23.926,27.659,27.271,26.872,13.746,23.656,10.393,-4.154,1.412,-6.515,15.064,25.208,30.81,27.588,27.739,25.321,26.37,25.617,26.421,-22.18,-8.218,-15.387,-15.737,11.504,1.057,-6.597,6.901,23.52,24.839,26.641,30.542,29.053,25.142,21.139,14.298,-37.266,-20.431,-19.422,8.187,28.179,27.738,12.559,NA,NA,26.778,27.65,27.635,27.494,3.289,6.664
"2010-04",-17.065,-2.595,-11.153,10.984,13.254,9.954,20.699,26.069,26.33,24.199,27.423,26.531,27.696,13.033,22.297,8.252,1.031,6.475,4.693,14.439,28.787,31.951,28.605,29.825,25.973,24.621,24.778,26.407,-11.811,3.687,-2.516,-5.285,18.813,11.584,2.624,15.173,28.723,29.81,27.743,28.716,26.304,21.018,18.921,11.3,-39.223,-27.118,-14.256,11.558,28.331,27.31,12.67,NA,NA,28.02,29.238,28.962,26.679,0.632,10.422
"2010-05",-9.041,5.55,0.524,16.799,18.464,13.654,23.628,27.243,27.753,23.793,27.467,25.904,26.121,9.193,17.334,4.469,9.739,16.861,15.451,18.417,30.343,31.289,27.865,29.446,25.343,21.118,21.482,24.47,-2.005,9.376,5.405,2.924,20.751,16.489,6.637,18.935,30.415,32.071,28.151,25.029,18.687,16.885,14.285,10.155,-45.013,-27.354,-4.299,12.553,28.084,26.085,15.045,NA,NA,29.717,30.295,29.556,26.04,-1.459,12.533
"2010-06",-1.842,11.197,5.788,20.757,23.511,18.914,27.228,27.175,29.069,22.918,27.076,24.445,24.295,7.862,15.195,3.776,13.146,20.483,20.358,25.07,33.802,30.319,27.13,28.338,23.719,17.981,18.756,22.129,4.183,15.752,12.896,9.699,26.191,21.912,10.15,23.07,34.104,32.923,27.656,22.021,13.979,14.075,10.77,8.033,-46.505,-29.91,-1.092,14.655,27.79,24.953,17.191,NA,NA,31.17,29.759,29.198,24.739,-1.792,14.568
"2010-07",-0.565,13.32,9.296,23.903,29.525,24.078,28.161,26.9,29.474,22.709,26.947,24.745,24.191,7.893,13.305,2.236,13.519,18.286,21.356,26.45,33.182,28.652,25.843,27.164,22.523,16.705,16.753,21.162,10.065,22.846,16.983,13.078,29.152,23.813,12.62,25.598,34.894,31.18,27.312,23.406,14.224,13.304,10.221,7.305,-46.228,-32.49,0.073,16.71,27.396,23.71,19.544,NA,NA,29.338,28.303,28.172,23.423,-3.3,15.591
"2010-08",-2.263,11.926,8.482,23.563,28.154,23.059,27.553,26.41,29.196,22.773,27.386,24.865,25.916,7.562,16.324,2.525,11.646,19.022,19.416,28.095,32.97,28.064,26.196,27.183,22.769,18.643,18.883,21.074,7.356,18.862,14.857,12.571,28.618,22.937,11.8,25.031,34.745,29.145,26.871,24.677,17.252,15.124,11.518,8.094,-43.34,-30.305,-0.1,17.361,27.101,23.936,21.077,NA,NA,28.553,28.424,28.229,22.234,-3.201,15.563
"2010-09",-9.857,6.625,5.684,18.684,25.411,21.048,26.563,26.103,28.902,23.507,28.433,27.205,28.23,8.714,17.363,4.635,11.68,16.585,13.397,23.592,30.166,29.054,26.711,27.884,23.743,22.509,22.171,22.437,1.756,11.571,6.857,5.912,22.344,16.422,8.946,21.792,32.15,28.277,27,26.065,20.211,17.426,13.508,8.243,-44.693,-34.167,0.441,16.473,27.017,23.707,20.511,NA,NA,28.556,27.858,27.805,22.287,-2.296,13.496
"2010-10",-16.697,1.111,2.06,12.193,18.117,15.239,22.24,25.609,28.207,23.339,28.387,28.902,28.677,10.688,21.335,6.698,5.891,10.903,8.734,19.661,26.85,29.294,26.824,27.519,24.263,25.078,24.674,24.158,-3.798,4.224,-0.96,-1.306,16.375,5.747,2.834,14.081,27.063,26.796,26.603,29.583,24.834,20.734,16.394,10.888,-36.511,-25.592,-4.602,14.557,27.174,24.488,19.044,NA,NA,27.614,27.87,27.533,22.434,-0.34,11.568
"2010-11",-19.22,-6.135,-5.649,5.309,8.036,7.53,18.051,24.274,26.775,22.767,27.313,27.616,26.691,13.335,23.66,10.209,-0.95,4.773,0.718,15.841,22.767,28.677,26.728,26.756,24.744,25.02,24.663,25.654,-12.743,-0.527,-7.387,-10.748,13.104,2.6,-2.929,9.504,24.047,23.536,25.985,30.201,27.062,22.886,17.963,12.235,-29.068,-16.948,-13.697,12.604,27.31,25.286,16.479,NA,NA,27.661,27.154,27.291,23.689,1.549,9.12
"2010-12",-25.797,-14.65,-16.026,-0.146,0.767,2.422,13.952,23.162,26.025,22.207,26.226,27.041,26.193,13.948,23.876,11.348,-1.3,1.399,-5.66,9.438,16.303,25.581,24.568,25.216,24.168,25.93,24.975,25.731,-21.039,-8.422,-16.149,-19.305,5.261,-4.159,-8.232,4.091,18.245,19.937,25.51,30.98,30.071,25.444,21.55,16.771,-21.909,-8.591,-19.879,12.374,27.6,26.455,14.128,NA,NA,26.232,27.031,27.253,24.953,3.347,6.018
"2011-01",-26.036,-14.011,-21.443,0.392,1.563,0.947,13.747,22.297,25.256,22.196,26.032,27.038,25.867,15.148,24.786,13.428,-1.546,3.697,-4.689,9.348,15.624,25.501,24.697,24.982,24.184,25.953,24.691,26.282,-23.848,-10.623,-17.277,-23.862,2.288,-8.315,-8.304,1.667,15.865,19.595,24.737,30.471,30.701,26.667,22.51,16.962,-19.117,-6.972,-23.711,9.739,27.7,27.146,12.589,NA,NA,24.709,26.155,26.55,26.044,4.377,5.543
"2011-02",-28.69,-16.411,-23.08,-2.325,0.118,0.617,14.951,23.458,25.064,22.474,25.969,26.181,25.913,15.517,25.346,12.581,-0.929,3.91,-2.949,10.008,16.347,25.616,24.742,25.644,24.353,25.244,24.488,25.939,-20.149,-7.563,-13.043,-19.369,4.502,-4.348,-8.154,4.209,17.166,21.047,25.101,29.668,30.144,26.897,23.011,15.793,-26.27,-11.709,-22.236,7.108,27.671,27.589,11.718,NA,NA,24.751,25.829,26.227,26.177,4.159,5.519
"2011-03",-26.663,-9.283,-19.785,-0.237,2.271,1.772,17.919,24.179,25.597,22.46,26.004,25.786,25.72,13.952,24.018,11.446,2.463,5.72,-1.225,12.707,22.352,29.675,26.81,27.575,24.887,24.928,24.841,26.108,-16.797,-4.049,-7.057,-11.347,9.941,4.727,-2.647,10.617,22.101,25.319,26.143,29.419,26.971,24.06,20.139,15.384,-35.17,-21.153,-18.125,11.315,27.551,27.874,10.756,NA,NA,25.825,26.448,26.46,25.989,2.644,7.254
"2011-04",-19.833,-7.01,-8.764,9.542,17.268,12,21.554,24.546,25.856,22.453,26.142,25.342,25.79,13.131,22.808,8.975,6.08,11.612,2.693,15.604,25.983,30.729,27.263,28.446,25.199,22.901,23.329,24.991,-12.94,3.201,2.521,-4.279,14.35,13.268,2.096,15.968,26.365,28.993,27.016,27.55,23.494,20.547,16.426,12.37,-39.368,-28.296,-13.829,10.776,27.612,26.792,12.516,NA,NA,27.281,28.063,27.839,25.057,1.812,9.965
"2011-05",-9.166,1.827,0.033,14.612,21.098,17.263,24.457,25.891,27.174,22.007,26.033,24.891,24.705,9.174,17.294,5.081,7.347,13.782,14.814,19.839,30.655,30.234,26.588,27.487,24.187,19.402,19.21,22.547,-3.182,13.324,5.957,3.984,22.89,16.51,6.434,18.341,30.151,30.917,27.117,24.03,17.643,17.599,13.466,11.019,-42.809,-32.81,-5.397,13.769,27.505,25.911,14.352,NA,NA,28.941,29.579,28.906,24.985,-0.001,12.212
"2011-06",-2.713,9.308,4.913,17.87,24.206,20.093,26.186,26.112,28.648,21.307,25.65,22.833,22.38,7.738,15.476,3.473,10.91,18.955,17.317,24.891,33.248,29.419,26.279,27.383,23.07,18.2,18.914,21.638,4.972,18.311,14.578,9.668,26.576,22.164,10.646,22.341,34.205,31.739,27.178,20.459,13.807,11.916,11.01,8.66,-43.873,-32.714,-1.222,15.463,27.147,24.971,16.041,NA,NA,30.584,28.733,28.241,23.807,-2.056,14.282
"2011-07",-2.201,12.109,10.095,24.137,28.828,24.021,27.156,26.158,28.956,21.229,25.628,21.787,21.716,7.443,14.611,3.142,15.566,21.118,18.464,28.262,33.875,27.486,25.213,26.031,21.663,16.051,16.201,20.032,10.635,20.466,18.209,13.913,29.287,24.195,11.663,25.421,35.001,29.717,27.243,22.625,14.687,13.521,10.738,7.865,-45.302,-33.366,0.548,16.741,26.976,24.488,18.835,NA,NA,28.634,28.042,27.831,21.956,-2.986,15.443
"2011-08",-4.467,12.112,9.287,22.958,28.869,24.334,27.166,26.125,29.131,22.614,26.85,23.224,24.575,7.864,16.001,4.166,15.303,22.786,20.275,28.164,33.163,27.299,25.627,26.888,23.02,18.08,18.89,20.849,7.798,18.523,16.734,14.137,29.036,23.263,11.812,25.662,34.959,28.835,27.125,25.812,17.009,14.324,11.56,7.014,-39.333,-31.345,-0.705,17.794,26.776,24.06,19.881,NA,NA,27.615,28.32,28.104,22.452,-2.111,16.055
"2011-09",-9.356,7.233,4.62,19.299,23.59,20.636,26.013,25.7,28.511,23.055,27.692,24.531,26.737,9.892,18.621,5.493,10.717,15.909,16.085,25.04,31.566,27.584,26.055,27.065,23.434,20.711,20.73,22.207,3.132,14.158,8.028,7.698,23.112,16.297,9.278,21.295,31.949,28.239,27.201,26.525,20.923,17.473,13.754,8.521,-44.231,-34.973,-2.015,17.253,26.944,24.604,19.996,NA,NA,28.032,27.713,27.559,22.134,-2.873,13.639
"2011-10",-19.18,1.848,-0.315,12.04,16.511,15.492,23.075,25.207,27.766,23,27.716,27.34,29.987,11.228,23.885,7.902,7.604,11.491,7.054,19.125,26.453,28.052,25.816,26.774,23.995,25.52,24.331,24.084,-3.838,5.114,0.354,-2.15,14.665,7.493,4.695,15.176,25.573,26.879,26.727,30.056,26.088,21.819,16.602,9.843,-38.936,-28.305,-4.794,15.463,27.124,25.083,17.656,NA,NA,27.428,28.12,27.712,22.503,-1.086,11.291
"2011-11",-20.217,-8.223,-5.98,4.808,11.059,11.033,19.075,24.459,26.458,22.675,27.273,27.336,26.867,13.282,23.181,10.946,1.456,2.94,-1.967,14.054,21.424,27.93,26.279,26.169,24.465,25.713,25.173,25.642,-13.876,-4.644,-9.536,-11,8.954,0.962,-1.63,10.371,21.747,22.997,26.176,30.859,26.741,22.482,17.557,11.122,-28.773,-17.79,-5.958,13.604,27.486,25.503,15.846,NA,NA,26.642,27.461,27.393,24.045,1.354,8.544
"2011-12",-20.237,-11.844,-14.97,-1.468,-0.784,-0.526,14.462,23.218,25.42,22,25.745,26.533,25.823,14.323,25.098,11.749,-4.29,-0.025,-12.651,12.421,17.984,25.834,24.161,24.807,23.593,24.98,25.713,26.732,-21.766,-14.081,-20.155,-18.287,5.35,-4.989,-8.765,3.687,19.157,19.975,25.148,30.426,29.951,25.076,19.86,15.04,-21.245,-9.284,-12.744,12.651,27.627,26.362,13.83,NA,NA,26.112,26.951,27.154,25.46,3.975,5.77
"2012-01",-20.16,-18.757,-19.112,-2.188,-2.678,-0.224,13.957,22.582,25.072,22.128,25.689,26.281,25.479,15.307,25.231,13.923,-7.423,-4.095,-15.369,9.754,15.593,24.277,23.893,24.298,23.97,24.718,24.73,26.716,-25.241,-17.069,-23.559,-19.854,2.663,-8.853,-10.097,0.037,15.244,19.175,24.573,30.416,30.93,25.985,21.935,18.141,-18.836,-7.416,-14.571,11.187,28.037,27.787,10.883,NA,NA,24.825,26.262,26.589,26.2,4.883,4.381
"2012-02",-24.262,-14.621,-20.589,0.861,2.014,0.721,16.241,22.506,24.588,22.556,26.05,26.467,26.175,15.114,26.106,12.814,-4.111,-2.317,-14.52,8.969,17.26,26.81,25.873,26.231,24.793,25.656,25.14,25.64,-24.509,-21.734,-24.101,-21.121,2.456,-8.55,-8.688,1.24,17.922,19.932,25.144,29.406,30.376,25.015,22.892,15.373,-24.709,-12.073,-10.99,9.619,28.273,27.638,11.493,NA,NA,24.109,26.475,26.745,26.503,4.287,4.477
"2012-03",-26.823,-12.502,-20.939,3.096,7.629,3.189,18.758,24.085,25.121,22.826,26.413,26.657,25.842,14.48,22.907,11.507,1.469,3.019,-3.243,11.553,20.52,28.828,26.683,27.717,25.161,25.96,24.451,25.696,-14.997,-6.643,-10.466,-13.17,8.362,0.764,-6.648,7.268,21.63,23.459,26.023,30.583,28.06,23.715,20.827,14.885,-34.771,-19.853,-18.671,9.958,27.817,27.48,11.644,NA,NA,24.579,27.357,27.535,26.876,3.193,6.607
"2012-04",-19.327,-7.107,-11.438,8.183,15.092,10.413,21.861,25.256,25.964,22.345,26.184,25.387,25.173,12.146,20.062,7.576,2.908,8.324,6.367,15.234,25.349,30.292,27.28,28.217,25.126,23.474,23.016,25.247,-11.283,5.467,0.198,-4.311,17.152,9.756,2.116,14.562,27.2,29.146,26.69,28.411,23.681,20.827,16.822,12.98,-41.975,-28.291,-12.701,10.879,27.735,26.674,13.413,NA,NA,27.303,28.825,28.342,26.279,0.842,9.438
"2012-05",-10.277,4.327,-0.01,15.785,18.718,14.269,22.725,26.508,27.523,22.38,26.169,24.891,24.297,10.026,16.81,5.895,6.811,14.039,14.161,21.263,31.438,30.903,26.777,27.391,24.023,20.136,20.361,23.329,-2.372,13.675,8.413,3.24,22.172,17.434,5.147,18.524,31.589,31.247,27.177,25.002,18.924,17.056,13.973,10.762,-43.034,-30.762,-6.367,12.896,27.707,26.333,15.572,NA,NA,28.91,29.83,29.173,24.726,-0.009,12.495
"2012-06",-3.666,9.712,6.24,17.695,24.573,19.697,27.109,26.499,28.843,21.595,25.923,23.422,22.249,6.864,13.074,2.437,11.194,18.824,18.076,24.861,33.507,30.289,26.263,27.136,23.063,17.588,17.991,21.538,4.44,20.117,14.708,9.155,25.767,21.583,9.696,22.26,33.575,31.692,27.39,24.879,17.417,15.685,12.457,9.437,-43.427,-34.445,-0.903,15.566,27.617,25.007,17.029,NA,NA,30.308,29.216,28.708,23.929,-1.78,14.443
"2012-07",-1.565,12.165,9.504,24.274,30.678,23.68,27.768,26.805,29.188,21.651,25.965,22.582,22.15,7.441,13.899,3.063,14.175,20.737,25.229,27.087,33.946,28.854,25.793,26.587,21.905,16.884,17.368,20.684,8.932,21.278,17.234,14.865,29.898,23.294,11.896,25.688,34.828,29.691,27.196,24.274,17.066,13.805,11.288,8.368,-42.935,-32.669,-0.147,16.774,27.486,23.919,19.945,NA,NA,28.663,27.882,27.774,22.436,-1.904,15.895
"2012-08",-4.128,11.144,10.221,25.23,28.977,22.989,28.332,26.333,29.285,22.529,26.876,23.989,24.455,7.011,15.407,2.91,14.076,21.775,22.071,28.144,32.927,27.683,25.909,26.935,23.069,18.421,20.116,21.201,8.776,19.785,16.618,13.017,28.189,22.664,11.786,25.934,34.801,28.402,27.096,23.409,15.768,13.05,11.325,8.382,-39.165,-31.892,0.218,17.975,27.455,23.758,21.01,NA,NA,27.411,28.25,27.996,22.09,-2.103,16.024
"2012-09",-9.315,6.021,5.627,18.569,23.947,20.638,26.005,26.172,28.962,23.165,27.557,25.605,27.119,9.879,18.607,4.577,10.693,16.244,13.495,24.099,31.262,28.487,26.375,27.522,23.602,20.697,20.796,21.987,2.106,12.222,7.934,7.274,24.141,15.888,8.448,21.587,32.535,28.136,26.932,27.142,21.143,18.167,14.009,10.355,-42.561,-29.811,-1.849,16.626,27.323,23.783,20.432,NA,NA,27.851,28.358,28.152,22.205,-2.4,13.775
"2012-10",-16.563,0.634,-0.341,13.447,17.131,14.994,22.468,25.273,28.073,23.173,27.687,27.768,28.089,10.649,21.302,7.603,6.512,10.688,7.013,20.184,28.778,29.209,26.714,26.882,23.964,25.227,25.334,24.621,-5.355,3.58,-0.946,-0.722,16.762,6.882,2.292,14.58,27.438,26.735,26.575,27.849,22.909,19.143,15.306,10.197,-39.103,-25.157,-5.405,15.889,27.593,24.76,18.14,NA,NA,27.501,27.905,27.711,22.914,-0.934,11.243
"2012-11",-22.536,-6.45,-5.775,5.474,9.267,8.456,17.308,24.323,27.238,23.048,26.923,27.098,26.646,13.576,22.881,10.924,3.687,6.149,0.031,14.661,22.411,28.233,26.378,26.258,24.868,26.225,26.858,26.121,-13.682,-2.431,-9.393,-10.951,11.284,1.283,-3.458,8.948,23.764,24.04,26.217,31.092,27.136,21.857,17.031,12.775,-31.153,-18.27,-13.126,13.118,27.795,25.76,15.558,NA,NA,27.57,27.511,27.507,23.808,1.499,8.694
"2012-12",-24.649,-14.328,-15.619,0.381,4.928,6.421,14.876,24.056,26.22,22.677,26.2,26.891,26.029,14.457,23.336,12.885,0.232,1.568,-4.755,10.057,17.297,26.683,25.092,25.254,24.465,25.837,26.644,26.349,-24.533,-8.905,-17.564,-20.749,5.79,-4.281,-6.708,4.309,18.649,21.029,25.371,31.49,29.305,24.053,19.949,15.894,-20.241,-8.611,-18.931,12.512,28.255,26.88,13.181,NA,NA,26.492,26.995,27.275,25.129,3.846,6.418
"2013-01",-22.082,-22.225,-23.72,-2.853,-2.608,-2.568,14.885,23.938,25.622,22.868,26.461,26.441,25.794,16.889,25.897,14.886,-6.617,-2.69,-15.098,8.731,16.592,26.661,25.639,25.594,24.977,26.362,25.972,26.171,-24.953,-18.323,-23.602,-20.964,2.279,-9.593,-10.512,0.8,17.277,19.063,24.965,31.654,32.914,26.867,23.351,16.226,-17.406,-6.818,-16.295,8.717,28.261,27.479,12.144,NA,NA,24.903,26.18,26.528,26.82,4.868,4.569
"2013-02",-20.381,-16.822,-25.655,-1.144,0.734,-3.011,14.2,23.958,25.135,23.257,26.845,25.895,25.957,15.779,26.526,13.255,-1.937,-1.857,-10.133,9.805,18.811,27.449,25.786,26.137,25.005,25.386,25.111,26.123,-25.948,-14.949,-18.564,-20.752,2.214,-7.786,-12.643,1.838,18.568,19.335,25.019,30.127,30.938,26.483,22.115,15.632,-26.998,-12.789,-21.156,6.334,28.446,27.962,10.961,NA,NA,24.916,26.797,27.01,27.201,4.469,4.555
"2013-03",-27.205,-8.369,-20.062,3.923,4.02,0.587,18.179,24.473,25.58,23.146,26.616,26.091,26.226,15.629,26.129,11.151,0.754,5.314,-0.194,12.329,20.924,29.054,26.762,27.857,25.159,25.132,24.312,26.318,-20.774,-2.577,-9.553,-12.689,9.139,1.735,-4.14,8.114,22.99,24.642,25.883,28.959,27.983,24.71,21.439,14.376,-33.724,-20.598,-24.97,10.76,28.332,27.8,10.972,NA,NA,25.886,26.4,26.608,26.92,4.405,7.087
"2013-04",-18.4,-3.671,-12.46,9.89,9.259,7.131,20.795,26.307,26.571,23.315,26.963,26.281,26.274,13.293,22.693,8.257,5.746,11.777,7.844,15.113,26.102,31.051,28.023,29.323,25.546,23.447,22.63,24.907,-10.773,4.204,-0.004,-4.789,14.603,11.785,1.575,14.168,25.981,28.268,27.298,27.943,24.467,21.434,18.012,12.868,-41.753,-28.698,-9.535,11.305,28.455,26.659,11.839,NA,NA,27.556,28.231,27.754,26.067,1.662,9.689
"2013-05",-10.106,5.653,-2.188,15.548,19.041,13.052,24.396,26.876,27.665,22.932,26.591,25.614,24.862,9.642,16.564,5.098,8.571,14.304,16.207,19.436,31.438,31.057,27.64,28.914,24.845,21.516,21.933,24.189,-1.086,14.37,8.57,2.88,22.227,17.848,4.86,19.89,31.239,31.37,27.796,25.153,20.748,17.302,14.94,9.689,-44.218,-31.504,-4.493,13.512,28.181,25.235,14.663,NA,NA,29.102,29.399,28.588,25.329,-0.743,12.732
"2013-06",-1.03,10.257,4.665,19.282,23.83,20.645,25.941,26.969,28.194,22.304,26.37,23.715,23.433,8.605,16.264,3.801,14.281,20.829,17.44,24.239,33.609,29.334,26.821,28,23.625,18.483,19.71,22.517,5.8,16.869,15.899,9.995,27.956,22.133,10.209,22.449,35.103,33.022,27.38,22.719,16.259,14.46,11.598,10.092,-44.807,-29.794,-0.336,15.207,27.791,24.742,17.021,NA,NA,30.36,29.777,28.944,23.917,-1.853,14.864
"2013-07",-0.327,13.099,8.435,21.459,28.528,23.821,28.405,26.995,29.115,22.45,26.664,23.332,22.316,7.927,13.493,2.609,14.957,20.912,22.106,26.616,33.28,28.699,26.005,26.904,22.455,17.405,18.632,21.253,8.297,20.327,17.91,14.848,30.142,24.754,12.913,25.622,34.811,29.482,26.901,22.072,16.759,13.778,11.995,8.725,-44.605,-32.253,0.246,17.279,27.349,23.661,19.339,NA,NA,28.902,28.285,28.135,22.49,-2.113,15.713
"2013-08",-3.75,12.37,9.055,22.474,29.27,23.874,27.935,26.907,29.189,23.04,27.234,23.773,25.07,9.282,18.74,3.752,13.242,20.223,17.454,27.92,33.209,28.345,26.404,27.411,22.642,19.758,19.32,21.575,7.069,17.486,16.036,14.035,27.805,22.95,11.822,24.553,34.858,28.471,26.461,22.54,16.155,13.888,11.367,8.184,-44.268,-32.497,0.559,18.046,27.242,24.001,20.247,NA,NA,27.918,27.938,27.853,22.067,-2.331,15.496
"2013-09",-11.307,6.945,5.879,18.681,24.649,19.881,27.126,26.319,29.28,23.538,27.953,25.7,27.763,9.663,20.072,5.589,10.677,17.41,16.705,24.263,31.931,28.365,26.657,27.774,23.406,23.78,22.945,22.684,2.442,12.09,7.64,7.116,23.077,15.556,8.511,21.336,31.821,28.678,26.743,25.998,20.171,17.563,12.845,9.225,-42.986,-28.144,-1.287,17.232,27.607,24.247,19.802,NA,NA,28.119,27.644,27.474,22.196,-2.664,13.992
"2013-10",-18.225,0.231,-0.798,12.039,17.738,15.958,22.959,25.885,28.568,23.927,28.715,28.41,30.229,11.882,23.313,8.605,8.124,12.24,8.215,19.969,28.845,29.087,26.98,27.6,24.002,26.4,25.244,24.222,-4.3,3.454,-1.475,-1.37,17.417,7.361,3.239,14.707,27.469,27.121,26.551,28.709,24.758,20.483,15.388,10.335,-40.145,-26.475,-1.571,15.307,27.856,24.821,17.972,NA,NA,27.534,27.93,27.563,22.639,-1.048,11.503
"2013-11",-23.866,-6.742,-6.477,5.98,11.176,9.733,19.858,25.151,27.344,23.263,27.876,29.408,28.828,13.277,24.102,8.718,4.174,6.624,0.876,13.909,20.923,27.867,26.008,25.974,24.557,27.154,26.809,25.946,-11.797,-4.559,-11.666,-10.413,10.351,0.055,-3.779,9.04,23.813,24.165,26.084,30.13,28.774,23.692,19.561,11.259,-29.38,-15.745,-6.347,13.451,27.92,25.089,16.752,NA,NA,27.32,27.477,27.513,24.196,1.619,8.914
"2013-12",-27.294,-13.919,-14.948,1.771,4.987,5.193,14.86,23.884,25.774,22.859,26.668,27.828,27.542,14.431,25.829,11.367,0.265,3.418,-1.345,9.702,15.724,25.828,24.776,25.31,23.97,26.146,27.455,27.163,-20.377,-6.684,-15.401,-19.824,6.093,-5.593,-9.241,4.224,19.036,20.736,25.733,30.966,31.526,26.844,23.562,13.681,-21.248,-8.102,-15.696,11.084,27.987,26.033,14.537,NA,NA,26.505,27.222,27.41,25.179,4.033,6.786
"2014-01",-29.062,-18.456,-23.759,-2.435,1.301,1.658,13.837,24.043,25.554,22.92,26.251,27.169,26.476,17.207,26.114,13.934,-2.194,2.557,-6.536,9.034,14.256,23.909,24.173,24.989,24.411,25.589,25.182,26.797,-24.191,-10.3,-18.549,-22.156,3.282,-9.772,-12.468,1.391,15.995,19.25,25.269,31.731,30.936,26.614,21.716,17.277,-20.587,-7.983,-20.05,9.275,28.403,27.313,12.813,NA,NA,25.278,27.037,27.275,26.331,4.766,4.931
"2014-02",-31.178,-17.512,-24.527,2.643,5.47,2.299,15.632,23.007,24.636,23.328,26.791,26.349,26.362,16.252,26.778,12.9,0.334,2.641,-4.794,9.538,16.773,26.525,25.774,26.519,24.73,26.621,25.108,26.195,-20.833,-7.614,-15.308,-17.127,4.5,-2.865,-10.059,6.46,17.452,21.642,26.24,31.515,30.219,26.503,21.857,15.605,-26.002,-12.437,-22.163,10.032,28.292,27.81,10.927,NA,NA,25.343,26.981,27.203,27.04,5.083,5.878
"2014-03",-24.587,-12.597,-17.568,2.236,7.202,5.915,18.11,24.807,25.174,23.566,27.069,25.975,26.69,15.47,25.398,11.483,1.136,3.804,-2.419,11.733,22.417,30.869,27.381,28.038,26.036,26.015,25.386,26.959,-18.477,-5.369,-10.263,-15.278,8.637,3.479,-5.073,9.329,20.643,25.678,26.597,30.39,28.463,24.715,19.796,14.689,-33.013,-21.839,-16.316,9.008,28.347,27.974,11.551,NA,NA,26.276,27.53,27.606,27.744,3.742,7.347
"2014-04",-20.667,-3.759,-9.578,9.833,13.841,10.165,20.584,25.88,26.645,23.568,27.107,25.915,26.832,13.603,23.477,8.572,3.805,10.679,7.978,17.081,28.232,31.646,28.237,29.513,25.493,24.238,23.381,26.12,-10.067,7.936,4.322,-4.294,18.661,12.816,2.71,15.746,27.584,28.92,27.423,27.959,23.516,22.014,16.39,12.723,-39.96,-25.295,-17.013,8.968,28.322,27.167,13.116,NA,NA,27.634,28.638,28.438,27.176,1.93,10.833
"2014-05",-10.484,3.917,-0.893,15.497,18.357,14.231,22.713,26.779,27.615,22.927,26.653,25.391,25.756,10.005,19.026,5.118,6.802,14.594,12.716,20.858,31.571,31.818,27.788,27.492,24.414,21.213,20.726,23.754,-0.405,13.494,9.631,4.187,23.218,19.11,5.408,19.321,31.413,30.442,27.873,24.347,18.699,17.164,14.124,9.96,-43.468,-29.71,-4.986,13.079,28.011,25.641,14.208,NA,NA,29.499,30.051,29.478,25.196,-0.998,12.801
"2014-06",-2.439,10.094,5.712,17.316,25.164,21.542,26.898,26.551,28.963,22.386,26.342,23.902,23.784,8.464,15.225,3.372,13.177,18.671,17.775,23.705,33.823,30.687,26.819,27.261,22.93,16.997,17.324,21.505,5.376,16.474,13.22,12.261,27.224,22.54,10.821,22.532,33.266,32.283,27.461,22.994,15.802,14.207,11.897,9.027,-44.037,-27.397,-0.658,14.538,27.919,24.619,17.717,NA,NA,30.722,29.332,29.044,23.687,-2.195,14.693
"2014-07",-0.348,13.512,10.856,24.737,28.786,23.748,28.58,26.665,29.294,22.232,26.619,23.622,23.302,8.113,14.41,2.65,15.429,21.911,20.939,28.11,33.476,28.236,25.854,26.592,21.905,17.211,17.507,20.531,8.891,21.44,18.881,14.214,29.383,25.595,12.458,25.568,34.802,28.918,27.09,24.2,16.673,15.124,11.942,8.406,-42.653,-32.339,0.799,16.811,27.307,23.687,20.212,NA,NA,28.948,28.904,28.668,22.218,-2.971,16.135
"2014-08",-3.076,13.142,9.471,25.183,30.248,23.199,28.387,26.751,29.469,22.942,27.166,23.822,25.254,8.661,16.964,2.487,14.889,21.447,20.688,28.081,33.812,27.655,25.943,26.948,22.751,18.293,18.176,20.923,6.395,20.029,16.154,12.536,29.182,24.046,12.34,25.565,35.153,28.947,27.098,24.1,18.89,15.966,12.947,8.965,-44.179,-31.145,0.683,17.314,27.089,23.54,21.379,NA,NA,27.702,28.623,28.392,21.898,-3.794,15.931
"2014-09",-10.197,7.986,6.067,19.823,23.439,20.073,26.389,26.31,29.498,23.329,28.01,25.809,27.548,9.692,18.791,4.718,12.784,18.43,15.951,24.477,31.851,28.615,26.748,27.696,23.773,22.144,21.65,22.756,2.17,11.695,8.563,8.539,21.672,16.067,10.339,21.558,31.528,28.526,27.091,25.837,19.726,17.508,13.436,10.151,-44.929,-29.643,-0.994,16.604,27.353,23.945,19.906,NA,NA,27.968,28.611,28.207,22.336,-3.105,13.871
"2014-10",-13.898,1.895,-1.748,12.82,16.844,14.052,23.025,26.353,28.666,23.54,28.369,28.03,29.196,11.41,21.967,8.043,5.247,10.861,5.029,20.281,28.264,29.166,27.055,27.427,24.739,25.232,24.929,24.438,-4.252,4.72,1.218,-0.309,17.274,9.091,1.811,15.47,27.685,27.53,26.617,28.939,25.869,21.522,16.394,11.104,-40.151,-25.17,-4.213,14.896,27.486,24.661,17.471,NA,NA,27.979,27.992,27.794,22.824,-1.235,11.582
"2014-11",-20.925,-6.474,-9.143,4.378,9.599,10.295,18.727,25.416,27.601,22.997,27.203,27.069,26.739,13.95,23.414,11.326,1.851,1.589,-3.123,12.782,21.29,28.306,26.446,26.748,24.862,26.457,26.344,25.777,-13.519,-6.2,-10.233,-10.844,10.064,1.366,-3.756,10.66,24.891,24.698,26.721,31.84,29.125,24.366,18.734,13.419,-27.905,-15.608,-2.863,13.878,27.928,25.693,15.257,NA,NA,27.415,27.76,27.838,24.003,1.331,8.732
"2014-12",-25.129,-12.792,-16.539,-1.488,0.971,2.812,13.593,23.919,26.305,22.876,26.556,28.025,27.334,14.863,25.331,10.856,-2.468,-1.075,-4.578,10.155,18.943,27.554,25.498,25.67,24.314,27.096,26.493,26.804,-20.061,-9.139,-16.274,-19.701,5.494,-6.492,-9.517,3.963,19.879,21.119,25.628,31.909,32.26,27.528,22.878,13.757,-19.271,-8.93,-12.48,11.25,28.269,26.445,13.9,NA,NA,26.432,27.394,27.663,25.893,3.48,6.709
