#Dataset: Monthly information aggregated on IPCC reference regions for CMIP5/6 and CORDEX
#Reference: https://doi.org/10.5194/essd-12-2959-2020
#Project: CORDEX-NAM
#Experiment: rcp26
#Model: MPI-M-MPI-ESM-LR_r1i1p1_GERICS-REMO2015_v1
#Variable: tas
#Variable_longname: mean near-surface air temperature
#Units: degC
#Time_frequency: month
#Feature_type: regional mean time series
#Regions: IPCC-WGI-reference-regions-v4
#Area: land and sea
#Spatial_resolution: 0.5 degrees
#Interpolation_method: cdo remapcon
#Creation_Date: 2021-03-13
"date","NWN","NEN","WNA","CNA","ENA","NCA","CAR","full_domain"
"2006-01",-13.384,-18.91,-3.425,0.116,3.258,14.796,24.856,1.237
"2006-02",-18.079,-19.483,0.327,5.63,5.225,17.006,24.514,1.393
"2006-03",-13.76,-13.348,2.646,10.538,9.345,18.322,24.656,4.073
"2006-04",-7.988,-8.132,6.506,13.844,10.882,21.199,25.355,6.891
"2006-05",1.838,1.746,10.291,16.198,15.086,23.217,26.404,11.605
"2006-06",8.29,6.852,15.195,21.035,18.909,26.275,27.389,15.331
"2006-07",9.807,9.067,17.916,21.781,20.025,26.893,28.128,16.956
"2006-08",7.418,8.215,18.211,20.859,20.579,26.035,28.815,16.821
"2006-09",3.018,4.071,13.356,17.435,17.874,24.384,28.73,14.273
"2006-10",-3.059,-1.649,9.631,12.907,13.799,21.739,28.036,10.761
"2006-11",-8.82,-7.34,4.477,8.247,9.325,18.824,26.494,7.018
"2006-12",-10.664,-11.294,-1.185,0.508,4.473,15.268,24.841,3.883
"2007-01",-16.572,-17.408,-1.711,1.332,3.876,15.444,24.784,1.602
"2007-02",-13.595,-19.682,-0.378,2.703,5.273,14.817,24.954,1.477
"2007-03",-11.311,-14.883,1.431,5.371,5.152,16.996,24.614,3.169
"2007-04",-5.867,-3.722,7.323,13.385,10.579,19.549,25.461,7.801
"2007-05",1.884,0.843,13.097,16.827,13.468,22.644,26.705,11.416
"2007-06",7.815,6.298,14.281,20.275,18.169,26.194,27.705,14.993
"2007-07",9.19,8.559,17.417,22.311,21.088,27.54,28.426,17.084
"2007-08",8.606,8.145,19.201,22.376,21.111,26.736,28.886,17.294
"2007-09",5.008,3.723,15.847,18.653,17.783,25.038,29.049,14.958
"2007-10",-4.078,-2.298,9.089,11.119,13.576,22.128,28.558,10.571
"2007-11",-8.807,-6.641,2.369,6.733,10.557,17.514,27.154,6.917
"2007-12",-14.181,-11.176,-0.377,3.457,6.796,15.04,25.358,3.703
"2008-01",-19.152,-17.596,0.274,3.143,3.736,15.819,24.633,1.123
"2008-02",-15.329,-15.603,1.819,7.748,6.559,16.413,24.811,2.7
"2008-03",-9.729,-11.698,3.995,8.539,6.358,16.107,24.049,4.246
"2008-04",-3.116,-4.972,6.895,12.881,11.739,20.188,25.364,8.156
"2008-05",2.188,2.038,11.692,16.525,15.844,23.465,26.273,11.926
"2008-06",7.122,6.42,16.537,20.991,18.331,25.681,27.384,15.121
"2008-07",9.285,10.253,19.191,23.58,21.333,27.057,28.197,17.424
"2008-08",8.315,9.24,16.786,20.289,20.073,26.106,28.585,16.786
"2008-09",2.818,5.879,12.892,17.512,17.67,25.211,28.779,14.51
"2008-10",-1.722,-0.879,9.191,9.977,12.493,20.106,27.933,10.42
"2008-11",-11.719,-6.989,4.903,10.727,11.031,20.151,26.563,6.988
"2008-12",-16.215,-13.095,-0.511,1.346,5.259,16.919,24.83,2.781
"2009-01",-14.817,-17.914,-2.457,-0.667,1.49,13.727,24.119,0.936
"2009-02",-16.417,-16.703,-0.578,2.622,4.201,15.35,24.678,1.663
"2009-03",-10.633,-14.87,1.361,3.263,4.887,15.628,24.288,3.083
"2009-04",-4.706,-9.197,8.249,13.624,10.597,20.287,24.816,7.254
"2009-05",2.432,1.445,10.071,18.446,16.132,22.69,25.864,11.853
"2009-06",6.95,7.117,15.957,20.275,18.424,24.975,27.096,15.092
"2009-07",9.402,8.134,18.566,23.342,21.51,26.479,27.965,17.084
"2009-08",8.543,9.808,18.57,22.842,21.972,26.813,28.735,17.541
"2009-09",4.779,5.185,16.35,20.674,19.741,25.248,28.909,15.495
"2009-10",0.198,-1.968,9.955,11.937,13.116,21.42,28.213,11.075
"2009-11",-6.225,-9.226,4.06,5.711,7.955,17.244,26.451,6.598
"2009-12",-11.653,-15.082,-1.971,1.026,6.182,15.014,25.259,3.052
"2010-01",-17.993,-20.833,-1.701,1.252,2.969,15.903,24.408,0.456
"2010-02",-18.325,-19.53,0.779,4.47,4.945,16.99,24.068,1.271
"2010-03",-9.791,-13.715,3.268,5.873,6.678,16.939,24.579,4.081
"2010-04",-4.669,-4.875,5.968,12.329,11.356,19.841,25.463,7.878
"2010-05",3.49,1.94,12.974,16.791,15.609,23.214,25.963,12.145
"2010-06",8.055,5.637,15.037,18.657,18.804,24.955,27.12,14.915
"2010-07",11.11,7.748,18.354,22.069,20.033,26.931,28.059,17.073
"2010-08",7.824,8.447,17.019,22.927,21.46,27.163,28.748,17.248
"2010-09",5.39,5.408,16.097,18.235,17.69,25.298,28.789,15.165
"2010-10",-0.544,0.597,9.668,11.806,12.28,21.699,28.198,11.356
"2010-11",-10.73,-6.279,2.895,8.442,11.205,18.761,27.122,7.059
"2010-12",-14.819,-13.371,-2.45,2.827,7.396,15.451,26.279,3.206
"2011-01",-19.004,-18.698,-1.055,2.294,4.077,15.827,25.399,1.02
"2011-02",-18.519,-20.704,0.372,7.9,6.957,17.582,24.933,1.399
"2011-03",-13.189,-14.936,1.459,5.819,8.4,16.569,25.086,3.339
"2011-04",-3.846,-5.154,6.903,10.668,9.698,20.859,25.641,7.66
"2011-05",4.433,4.648,12.703,19.205,16.028,22.882,26.436,12.763
"2011-06",7.97,6.699,16.332,21.572,19.422,26.307,27.763,15.479
"2011-07",8.408,8.946,17.571,24.696,22.211,27.653,28.561,17.256
"2011-08",7.272,8.369,19.102,22.849,21.223,27.013,28.877,17.209
"2011-09",2.345,4.598,13.354,18.513,18.306,25.28,28.745,14.553
"2011-10",-4.529,-1.492,8.461,14.209,15.111,22.335,28.45,10.771
"2011-11",-11.862,-6.464,1.56,5.765,9.936,17.354,26.892,6.216
"2011-12",-14.833,-14.968,-3.917,1.259,5.403,17.245,25.898,2.638
"2012-01",-22.489,-20.459,-2.256,2.472,4.892,16.95,24.971,0.195
"2012-02",-17.628,-19.508,-0.361,4.278,4.764,17.402,24.203,1.117
"2012-03",-14.155,-13.993,1.946,7.432,7.924,17.029,24.096,3.354
"2012-04",-6.193,-7.394,4.902,11.598,11.172,19.562,25.156,6.919
"2012-05",2.838,1.267,11.142,15.162,15.071,22.491,26.221,11.596
"2012-06",7.588,6.031,14.823,20.854,19.459,26.173,27.533,15.144
"2012-07",9.422,7.892,18.753,23.067,21.587,27.056,27.968,17.084
"2012-08",7.077,7.625,19.431,23.938,21.586,27.341,28.471,17.134
"2012-09",3.152,3.209,13.631,19.096,18.638,25.489,28.839,14.522
"2012-10",-3.23,0.132,7.521,13.487,14.025,22.494,28.21,11.016
"2012-11",-11.164,-6.412,3.478,6.904,8.07,18.418,26.777,6.245
"2012-12",-14.393,-8.363,0.683,1.98,5.939,16.244,24.756,3.952
"2013-01",-14.395,-18.454,-0.814,0.613,2.311,14.998,24.321,1.294
"2013-02",-20.61,-20.255,1.293,6.023,6.722,16.316,24.458,0.985
"2013-03",-8.412,-13.09,3.758,4.603,4.703,15.218,24.401,3.686
"2013-04",-1.583,-4.31,7.317,13.636,11.113,18.869,25.211,8.297
"2013-05",2.644,2.082,11.828,18,15.973,22.382,26.326,11.947
"2013-06",8.069,6.718,15.646,20.651,18.722,26.085,27.564,15.247
"2013-07",9.554,8.555,17.917,23.087,21.34,27.598,28.484,17.214
"2013-08",8.987,8.534,16.733,22.98,20.794,26.986,28.654,17.168
"2013-09",6.107,4.8,13.338,14.925,17.474,24.89,29.225,14.684
"2013-10",-1.608,-0.557,8.546,11.221,12.393,22.616,28.712,10.88
"2013-11",-7.946,-5.402,2.078,6.534,10.244,18.124,27.873,7.173
"2013-12",-13.012,-12.592,0.08,2.296,4.573,14.98,25.742,3.335
"2014-01",-15.163,-17.083,2.684,2.966,3.185,16.261,24.677,2.167
"2014-02",-14.076,-14.332,0.634,2.012,4.192,16.305,25.143,2.545
"2014-03",-11.423,-14.571,3.486,7.345,7,17.128,24.813,3.852
"2014-04",-4.206,-7.218,5.889,10.731,10.292,20.121,25.564,7.335
"2014-05",4.088,1.395,11.42,16.31,14.571,23.912,26.8,12.042
"2014-06",7.945,5.602,15.864,20.73,18.36,26.356,27.831,15.137
"2014-07",9.507,9.093,18.368,23.32,21.548,27.287,28.803,17.39
"2014-08",8.997,9.102,19.109,20.803,20.637,26.919,29.195,17.461
"2014-09",4.342,4.534,13.133,17.783,18.981,25.313,29.157,14.88
"2014-10",-0.649,-0.184,9.496,11.595,13.593,21.638,28.608,11.299
"2014-11",-7.928,-8.244,1.448,6.549,8.595,18.809,27.045,6.619
"2014-12",-11.509,-13.29,-3.707,0.412,5.688,14.291,26.242,3.068
"2015-01",-16.372,-20.939,-3.903,-4.534,1.188,12.431,24.885,-0.269
"2015-02",-10.157,-21.314,-0.735,0.457,1.042,14.911,24.861,1.075
"2015-03",-9.759,-13.602,0.963,3.599,4.902,17.935,24.941,3.586
"2015-04",-3.086,-6.322,5.739,9.551,9.895,19.22,26.004,7.452
"2015-05",4.356,2.135,11.369,15.16,13.8,22.186,27.19,11.882
"2015-06",9.96,6.362,15.294,20.184,17.902,25.772,28.253,15.39
"2015-07",10.147,8.34,18.738,23.719,21.19,27.488,28.872,17.402
"2015-08",8.177,8.372,18.836,23.997,22.299,27.238,29.263,17.657
"2015-09",4.549,5.471,15.386,18.257,18.705,25.613,29.103,15.374
"2015-10",-1.853,-0.791,7.524,10.171,13.809,21.092,28.503,10.932
"2015-11",-10.882,-7.95,5.954,8.13,8.87,18.146,26.702,6.693
"2015-12",-13.699,-13.312,2.086,3.643,4.879,15.501,25.338,3.464
"2016-01",-11.88,-18.967,2.049,0.751,2.843,14.356,24.477,1.959
"2016-02",-11.331,-17.783,1.265,2.763,3.792,15.996,24.576,2.557
"2016-03",-9.77,-15.606,7.066,11.545,7.409,18.49,24.743,4.425
"2016-04",-2.243,-3.643,7.501,13.676,11.172,20.178,25.06,8.651
"2016-05",3.526,3.276,12.666,19.241,16.996,23.709,25.969,12.797
"2016-06",8.625,7.049,14.796,21.302,19.478,25.844,27.364,15.541
"2016-07",8.878,8.869,18.993,23.914,21.555,27.33,28.2,17.311
"2016-08",7.736,7.677,17.648,24.55,21.896,26.497,28.546,17.191
"2016-09",4.336,5.073,14.504,18.13,17.877,24.38,28.105,14.76
"2016-10",-0.861,1.157,11.114,12.897,13.128,21.69,28.002,11.619
"2016-11",-9.332,-4.418,4.205,8.777,9.931,18.433,26.427,7.496
"2016-12",-8.839,-8.223,1.475,2.615,5.269,14.239,25.303,4.881
"2017-01",-14.317,-17.447,0.865,0.459,1.169,14.057,23.953,1.4
"2017-02",-16.308,-18.023,1.864,3.708,2.874,15.757,24.552,1.594
"2017-03",-11.594,-13.349,5.428,8.553,6.177,17.523,24.283,3.956
"2017-04",-0.879,-2.914,7.668,13.071,11.553,20.53,25.218,8.962
"2017-05",4.148,2.351,11.673,16.287,14.571,24.205,26.489,12.239
"2017-06",7.978,6.471,15.972,19.725,18.154,25.414,27.532,15.063
"2017-07",9.96,10.206,18.819,25.175,21.758,27.146,28.266,17.717
"2017-08",8.284,9.222,18.164,23.253,21.46,26.804,28.594,17.459
"2017-09",2.739,5.031,14.147,19.726,18.339,25.432,28.656,14.849
"2017-10",-4.351,-1.569,9.849,13.276,14.01,22.329,28.147,10.736
"2017-11",-9.644,-8.313,5.828,7.502,7.791,18.895,26.767,6.709
"2017-12",-12.973,-14.186,0.253,-0.39,3.601,15.338,25.311,2.955
"2018-01",-15.885,-20.278,-5.543,-0.559,3.915,15.104,25.163,0.752
"2018-02",-19.853,-19.557,-6.431,2.451,5.896,16.345,25.113,0.477
"2018-03",-13.256,-15.459,1.85,7.758,6.445,17.542,24.794,3.227
"2018-04",-5.802,-7.414,7.652,13.224,10.585,20.091,25.434,7.324
"2018-05",2.72,1.237,11.866,18.716,15.794,23.34,26.046,12.03
"2018-06",7.87,6.643,16.268,20.782,18.677,25.622,26.883,15.169
"2018-07",10.429,9.028,18.21,23.828,20.974,26.694,27.741,17.264
"2018-08",8.273,8.781,18.526,23.084,22.076,26.061,28.508,17.39
"2018-09",3.178,5.336,14.127,16.626,18.616,24.047,28.631,14.713
"2018-10",-1.938,-0.159,7.071,11.557,14.45,20.642,27.738,10.851
"2018-11",-10.268,-6.52,0.551,5.851,9.55,17.995,26.472,6.408
"2018-12",-11.083,-14.426,-2.966,2.002,5.823,15.292,25.349,3.141
"2019-01",-12.537,-18.892,-0.27,0.683,2.493,14.348,24.012,1.613
"2019-02",-18.804,-16.627,1.953,2.98,2.594,17.064,24.502,1.407
"2019-03",-13.561,-14.602,1.507,7.878,8.485,17.024,24.815,3.305
"2019-04",-5.34,-6.871,3.854,9.521,9.615,19.363,25.383,6.736
"2019-05",2.404,1.39,10.822,16.854,15.171,23.162,26.561,11.72
"2019-06",7.716,5.943,14.65,19.82,17.943,26.164,27.462,14.927
"2019-07",9.1,8.589,18.153,23.968,21.786,27.24,28.028,17.266
"2019-08",7.382,7.842,15.8,22.773,21.418,26.961,28.483,16.832
"2019-09",5.731,5.171,13.295,18.555,18.537,24.513,28.525,14.956
"2019-10",-0.074,-0.851,9.031,12.204,13.438,21.564,27.866,11.172
"2019-11",-9.725,-9.227,1.713,6.743,10.394,18.323,27.298,6.253
"2019-12",-17.437,-16.654,-1.704,3.339,7.479,16.128,26.269,2.353
"2020-01",-17.475,-22.017,-4.107,-0.563,3.377,15.768,25.429,0.13
"2020-02",-16.134,-17.536,-1.051,1.822,2.972,15.935,24.662,1.284
"2020-03",-9.065,-14.955,2.676,6.723,5.713,17.47,25.248,3.813
"2020-04",-5.165,-6.384,5.717,11.105,10.059,20.082,26.202,7.306
"2020-05",5.073,1.519,11.342,16.809,14.581,22.099,26.83,12.042
"2020-06",8.206,5.41,15.241,20.712,18.555,24.983,28.096,15.059
"2020-07",10.436,9.183,18.434,23.944,22.117,27.552,28.763,17.704
"2020-08",8.466,8.806,18.105,22.03,21.549,27.018,29.215,17.453
"2020-09",5.324,5.024,14.788,18.035,18.341,24.626,29.104,15.26
"2020-10",-1.606,-0.314,7.177,9.96,13.918,21.077,28.311,10.972
"2020-11",-10.661,-9.148,5.702,6.542,8.786,18.876,27.147,6.388
"2020-12",-10.623,-13.466,1.364,0.892,4.146,16.179,25.78,3.851
"2021-01",-14.444,-15.456,1.971,5.134,6.24,15.926,24.782,3.027
"2021-02",-10.738,-15.329,0.215,3.438,4.793,15.771,25.047,3.144
"2021-03",-12.702,-11.572,4.52,8.569,7.821,18.032,25.142,4.624
"2021-04",-3.36,-5.796,7.814,10.343,9.497,20.732,25.657,7.885
"2021-05",4.738,3.577,11.735,16.737,15.242,22.862,26.91,12.65
"2021-06",9.337,7.317,14.392,21.104,19.334,25.713,28.071,15.779
"2021-07",12.221,9.352,19.203,23.96,22.257,27.924,28.837,18.269
"2021-08",8.894,8.183,18.362,23.419,22.541,27.213,28.937,17.842
"2021-09",6.541,6.119,16.449,18.528,18.594,23.727,28.776,15.732
"2021-10",-0.431,0.691,10.384,15.318,15.383,23.435,28.334,12.277
"2021-11",-6.663,-7.279,3.381,4.193,7.477,19.075,27.273,6.879
"2021-12",-14.408,-13.738,-1.468,0.974,6.049,16.052,26.471,3.297
"2022-01",-17.972,-17.848,-0.199,2.109,4.668,16.226,24.955,1.537
"2022-02",-12.627,-21.821,0.085,1.368,3.344,15.618,25.076,1.258
"2022-03",-11.393,-12.494,2.809,9.121,6.942,18.872,25.214,4.306
"2022-04",-3.421,-5.107,6.191,11.823,10.801,19.557,25.727,7.967
"2022-05",4.279,2.878,12.595,16.101,14.735,23.11,26.628,12.358
"2022-06",9.407,6.818,15.846,21.341,19.101,26.233,27.633,15.689
"2022-07",10.663,10.18,19.373,23.574,21.229,27.903,28.432,17.854
"2022-08",8.289,8.798,17.525,23.607,21.515,27.451,28.818,17.543
"2022-09",4.63,4.382,13.228,19.509,18.686,25.962,28.69,14.978
"2022-10",-2.865,-0.867,8.528,14.255,13.808,22.848,28.162,11.013
"2022-11",-7.6,-7.623,0.655,3.947,9.756,18.641,27.343,6.695
"2022-12",-12.541,-10.727,1.494,2.77,5.092,16.212,25.337,4.13
"2023-01",-14.597,-19.247,-3.825,0.978,3.743,15.349,24.999,1.284
"2023-02",-17.787,-16.54,3.508,7.215,4.162,19.031,24.661,2.339
"2023-03",-12.695,-13.484,1.966,6.726,7.305,17.365,24.678,3.695
"2023-04",-2.793,-5.703,5.891,13.538,11.544,19.46,25.485,7.887
"2023-05",3.329,2.576,10.31,17.462,15.71,22.672,26.708,11.962
"2023-06",9.472,8.746,16.747,18.405,18.28,25.613,28.01,15.702
"2023-07",11.029,9.387,19.809,23.185,22.171,26.185,28.802,17.787
"2023-08",8.463,8.924,18.228,22.07,21.424,26.394,29.275,17.404
"2023-09",4.409,5.364,15.35,19.339,19.126,24.751,29.442,15.332
"2023-10",0.072,-0.705,9.096,11.342,14.486,20.993,28.666,11.47
"2023-11",-9.267,-9.22,2.677,4.349,8.204,17.892,27.905,6.216
"2023-12",-12.769,-16.153,-1.923,0.158,5.646,16.309,26.725,2.893
"2024-01",-14,-18.948,-1.754,1.217,3.57,13.893,25.283,1.364
"2024-02",-17.204,-15.362,-3.831,3.4,6,15.088,25.018,1.815
"2024-03",-12.328,-15.008,-0.731,8.952,7.767,17.775,25.351,3.375
"2024-04",-3.578,-4.048,7.566,14.944,11.329,20.16,25.356,8.276
"2024-05",5.356,3.264,11.793,18.019,16.872,23.501,26.389,12.786
"2024-06",9.337,5.928,15.662,21.665,19.756,25.703,27.583,15.525
"2024-07",9.724,9.013,18.007,25.307,22.875,26.987,28.625,17.565
"2024-08",8.572,7.977,18.137,24.113,22.396,27.364,29.277,17.503
"2024-09",4.921,5.323,15.851,18.801,18.475,25.117,29.163,15.241
"2024-10",-3.686,-0.087,9.836,14.271,14.434,23.031,28.525,11.357
"2024-11",-8.528,-5.625,4.358,7.337,9.987,18.454,26.765,7.315
"2024-12",-16.775,-14.449,2.423,2.598,5.121,16.762,25.319,2.971
"2025-01",-20.146,-18.475,2.527,0.91,2.736,16.062,23.963,1.094
"2025-02",-13.19,-15.951,0.561,2.753,4.471,16.011,24.783,2.631
"2025-03",-13.433,-13.731,3.058,9.213,8.25,19.324,24.739,4.157
"2025-04",-5.712,-6.841,7.787,13.548,11.724,20.209,25.408,7.801
"2025-05",1.932,0.314,12.151,18.928,16.263,23.073,26.548,11.969
"2025-06",8.352,6.707,17.484,20.455,19.421,25.538,27.466,15.561
"2025-07",10.232,8.61,19.475,25.024,21.768,27.104,28.173,17.571
"2025-08",9.532,9.246,19.352,22.284,21.349,26.505,28.631,17.679
"2025-09",4.795,5.623,15.906,17.803,18.647,24.366,28.876,15.29
"2025-10",-2.686,-0.613,9.05,13.34,15.176,21.255,28.37,11.338
"2025-11",-7.678,-7.11,3.209,6.635,10.446,17.845,26.487,7.193
"2025-12",-13.854,-14.245,-1.201,2.929,5.001,16.374,24.711,2.999
"2026-01",-17.194,-15.878,-0.535,-0.24,2.877,15.399,24.698,1.5
"2026-02",-10.959,-17.494,3.558,4.366,2.711,15.492,23.913,2.525
"2026-03",-12.701,-11.072,1.025,7.494,7.429,17.792,24.515,4.171
"2026-04",-3.439,-6.279,7.512,12.11,10.344,18.961,24.981,7.674
"2026-05",5.129,1.739,12.112,16.636,15.334,23.157,26.309,12.374
"2026-06",8.795,6.79,15.291,20.547,18.822,25.703,27.696,15.512
"2026-07",10.398,8.434,18.73,23.068,21.957,27.785,28.176,17.589
"2026-08",9.113,7.119,18.861,20.689,21.224,25.924,28.865,17.256
"2026-09",4.763,4.519,15.714,18.393,19.261,25.401,28.942,15.386
"2026-10",-1.76,-0.294,9.015,11.982,15.003,22.153,28.578,11.565
"2026-11",-9.736,-6.921,2.581,6.266,9.319,18.678,27.351,6.902
"2026-12",-9.12,-12.891,0.675,0.18,3.322,15.806,26.07,4.04
"2027-01",-17.971,-16.72,1.743,3.679,4.907,17.268,25.466,2.32
"2027-02",-13.613,-17.131,1.787,2.405,1.972,16.398,25.089,2.106
"2027-03",-6.969,-9.525,4.246,7.237,7.037,16.137,24.928,5.409
"2027-04",0.506,-5.319,7.736,11.694,10.858,19.154,25.725,8.637
"2027-05",5.479,2.911,13.885,18.148,15.781,23.723,26.943,13.059
"2027-06",8.401,7.643,15.476,22.517,19.61,26.101,27.81,15.871
"2027-07",11.817,12.356,18.225,24.342,22.701,27.809,28.842,18.559
"2027-08",8.572,9.837,18.51,24.902,23.279,27.2,29.235,18.145
"2027-09",4.919,5.788,15.104,19.024,19.089,25.45,29.226,15.562
"2027-10",-1.368,0.88,9.505,10.786,13.048,21.971,29.089,11.439
"2027-11",-8.723,-5.582,3.2,8.635,10.222,20.104,27.891,7.582
"2027-12",-17.003,-13.19,-4.929,0.107,5.94,16.504,26.933,2.707
"2028-01",-14.691,-18.492,-2.253,-1.462,1.236,15.159,25.236,1.135
"2028-02",-14.931,-16.54,-1.709,0.299,4.034,15.92,25.523,1.827
"2028-03",-14.151,-9.741,2.401,9.262,9.204,17.763,25.392,4.575
"2028-04",-1.976,-4.204,5.6,8.998,10.371,19.605,26.306,8.073
"2028-05",5.344,3.023,11.296,16.329,15.476,23.403,26.985,12.618
"2028-06",10.234,7.219,15.88,22.828,19.596,26.581,27.981,16.137
"2028-07",11.007,8.674,19.511,23.48,21.734,27.517,28.721,17.823
"2028-08",9.743,8.239,17.287,21.297,20.814,26.984,29.544,17.505
"2028-09",3.961,5.171,13.863,16.718,17.939,24.698,29.477,14.906
"2028-10",-0.546,-0.66,9.237,11.785,13.632,21.564,28.371,11.353
"2028-11",-4.892,-4.511,5.363,7.386,9.524,17.819,27.005,8.035
"2028-12",-17.569,-12.692,0.59,2.87,5.625,16.673,26.076,3.152
"2029-01",-14.66,-18.813,1.311,3.88,5.007,15.3,25.61,2.074
"2029-02",-17.324,-16.337,-0.576,5.646,5.973,17.615,25.114,2.031
"2029-03",-11.439,-11.925,3.005,7.039,7.027,18.007,25.114,4.307
"2029-04",-1.936,-3.579,8.349,14.238,11.032,20.617,25.521,8.795
"2029-05",3.988,3.326,11.224,17.777,15.368,24.167,26.539,12.488
"2029-06",9.732,6.79,15.188,19.995,18.591,25.762,27.83,15.504
"2029-07",8.76,9.96,18.371,24.021,21.899,27.589,28.504,17.608
"2029-08",7.791,9.587,18.279,23.343,21.553,27.416,28.848,17.569
"2029-09",3.596,5.169,15.134,19.401,18.347,26.005,29.027,15.171
"2029-10",-1.037,0.032,9.71,11.885,12.608,22.381,28.577,11.439
"2029-11",-6.088,-7.928,4.22,6.318,8.654,18.351,27.38,7.209
"2029-12",-14.657,-14.819,1.43,3.097,5.037,17.495,26.289,3.389
"2030-01",-13.49,-13.799,-0.526,2.582,5.474,15.767,25.31,2.958
"2030-02",-15.638,-20.092,1.643,1.535,3.28,17.699,24.634,1.452
"2030-03",-8.255,-12.432,4.006,4.682,5.488,17.716,25.195,4.461
"2030-04",-4.616,-5.316,5.306,11.536,10.838,19.829,26.183,7.772
"2030-05",4.365,2.074,10.644,17.177,15.119,23.429,26.755,12.3
"2030-06",8.642,5.411,15.375,21.056,18.914,26.32,27.887,15.377
"2030-07",10.093,8.325,20.516,24.533,21.908,27.816,28.819,17.808
"2030-08",8.576,9.084,18.941,21.348,21.016,26.818,29.292,17.519
"2030-09",4.589,6.021,14.158,17.929,18.974,25.693,29.439,15.487
"2030-10",-1.532,0.852,8.863,12.667,14.425,22.433,28.657,11.614
"2030-11",-6.013,-5.387,4.742,6.049,8.605,18.076,27.57,7.652
"2030-12",-16.477,-9.966,2.084,5.387,7.334,16.671,26.946,4.363
"2031-01",-13.564,-17.019,0.065,2.872,4.036,13.898,25.849,2.248
"2031-02",-12.121,-16.957,0.813,2.755,4.032,17.06,25.39,2.678
"2031-03",-11.838,-12.325,3.353,6.948,8.389,18.225,25.494,4.591
"2031-04",-2.978,-6.002,7.65,10.636,11.042,20.941,26.228,8.178
"2031-05",5.365,2.032,11.567,15.918,15.093,22.696,27.176,12.423
"2031-06",9.96,5.731,13.925,19.6,18.866,26.058,28.538,15.542
"2031-07",10.668,9.565,18.686,24.661,22.27,28.676,29.247,18.155
"2031-08",8.423,8.321,17.117,22.978,21.629,27.723,29.753,17.521
"2031-09",5.368,4.333,14.06,16.694,18.083,25.374,29.878,15.129
"2031-10",-0.022,0.718,10.97,12.776,13.787,21.694,29.242,11.901
"2031-11",-9.297,-7.214,7.073,8.968,8.799,20.022,27.8,7.509
"2031-12",-13.19,-11.755,-2.22,1.967,6.294,14.8,26.13,3.732
"2032-01",-15.94,-20.724,-0.69,2.365,3.883,15.598,25.417,1.313
"2032-02",-16.249,-18.812,-0.294,4.551,5.664,17.085,25.291,1.893
"2032-03",-10.587,-11.751,2.71,8.521,8.745,17.853,25.407,4.76
"2032-04",-1.884,-4.545,6.406,12.447,11.894,20.334,26.008,8.662
"2032-05",4.349,2.066,11.158,18.258,16.243,23.955,26.877,12.563
"2032-06",9.462,6.678,15.555,20.307,18.733,26.085,28.27,15.565
"2032-07",11.799,9.818,18.536,21.203,20.476,26.884,28.769,17.615
"2032-08",8.546,10.008,18.838,23.69,22.521,27.369,29.134,18.021
"2032-09",4.075,5.782,13.346,19.892,19.924,24.935,28.762,15.336
"2032-10",-1.37,0.64,8.958,11.816,14.377,21.155,28.325,11.388
"2032-11",-10.57,-5.799,5.549,10.009,9.999,18.562,27.091,7.29
"2032-12",-12.023,-9.939,3.169,4.691,5.552,14.834,25.706,4.333
"2033-01",-15.044,-13.236,-0.764,3.062,5.442,14.563,24.66,2.683
"2033-02",-15.277,-17.006,-0.449,2.564,4.772,16.919,24.806,1.928
"2033-03",-11.156,-13.366,3.421,8.252,7.617,17.804,25.042,4.099
"2033-04",-3.167,-7.73,8.52,12.41,9.466,21.41,25.251,7.581
"2033-05",2.862,1.323,13.43,17.318,15.276,24.16,26.471,12.151
"2033-06",9.017,5.827,17.018,20.505,18.627,26.486,27.365,15.459
"2033-07",10.819,10.062,19.428,22.899,21.268,26.642,28.283,17.697
"2033-08",9.704,8.329,18.92,22.096,21.094,26.66,28.785,17.438
"2033-09",2.656,4.401,13.33,19.275,19.242,25.009,28.779,14.659
"2033-10",-3.498,-0.556,8.965,13.092,14.25,22.314,28.536,10.948
"2033-11",-7.529,-5.292,3.106,6.02,8.689,19.152,26.979,7.195
"2033-12",-13.091,-12.534,-0.881,3.497,5.423,16.597,25.656,3.603
"2034-01",-16.05,-16.879,-2.908,3.111,4.697,16.06,25.036,1.61
"2034-02",-16.161,-16.159,-2.267,1.537,5.651,16.382,25.451,1.684
"2034-03",-10.626,-15.12,1.021,6.089,6.932,17.392,25.286,3.543
"2034-04",-1.315,-5.661,7.583,11.592,10.231,20.13,25.486,8.045
"2034-05",4.791,2.798,12.087,17.171,14.811,22.07,26.685,12.323
"2034-06",8.75,7.193,15.235,21.123,19.812,25.23,28.048,15.549
"2034-07",9.165,10.922,18.63,24.039,22.346,27.335,28.516,17.76
"2034-08",8.08,9.404,18.649,23.777,22.365,27.733,29.308,17.755
"2034-09",4.003,5.538,15.343,19.354,19.63,25.532,29.309,15.521
"2034-10",-0.152,-0.13,9.625,13.875,15.219,21.436,28.88,11.816
"2034-11",-7.4,-5.173,4.527,7.191,8.921,18.792,26.954,7.514
"2034-12",-10.183,-9.255,-0.398,3.406,6.046,15.809,25.803,4.697
"2035-01",-14.034,-17.755,-6.272,-3.533,3.645,14.201,25.713,1.069
"2035-02",-11.76,-17.545,2.827,1.455,2.625,14.487,24.343,2.136
"2035-03",-10.334,-11.842,2.178,6.831,7.676,17.806,25.087,4.569
"2035-04",-1.112,-4.298,6.515,12.53,11.7,19.841,25.845,8.591
"2035-05",5.581,2.881,11.946,15.546,14.536,22.342,26.962,12.398
"2035-06",9.856,6.703,15.554,19.031,18.953,25.947,27.836,15.64
"2035-07",10.537,11.104,18.145,24.837,22.132,27.809,28.529,18.173
"2035-08",9.642,10.504,18.412,20.247,20.587,26.84,29.194,17.777
"2035-09",4.332,5.573,13.833,16.738,18.572,24.964,29.332,15.107
"2035-10",-0.842,-0.834,8.669,13.279,14.553,23.811,28.74,11.707
"2035-11",-6.443,-5.645,6.573,5.914,8.181,18.212,27.162,7.639
"2035-12",-17.721,-15.071,-0.853,1.676,5.38,16.378,26.306,2.6
"2036-01",-13.153,-19.83,-0.621,2.932,4.935,16.223,25.846,2.048
"2036-02",-12.374,-16.099,0.419,3.941,4.731,16.104,25.04,2.599
"2036-03",-12.742,-14.964,0.346,5.332,6.65,17.926,25.394,3.289
"2036-04",-2.809,-3.024,6.145,12.378,11.813,20.137,26.277,8.63
"2036-05",4.661,1.264,11.706,16.037,15.061,23.53,27.427,12.242
"2036-06",9.177,5.758,15.444,20.596,18.887,26.094,27.841,15.447
"2036-07",10.424,8.633,18.963,22.769,21.58,27.577,28.826,17.63
"2036-08",10.138,8.091,18.215,21.364,20.407,26.545,29.131,17.401
"2036-09",4.322,4.099,14.356,18.105,18.328,25.898,29.318,15.028
"2036-10",-2.672,1.034,9.163,12.928,14.491,21.679,28.377,11.467
"2036-11",-5.995,-6.094,3.228,4.46,7.59,18.66,26.795,7.241
"2036-12",-10.066,-13.997,-0.329,-0.011,4.866,14.405,25.992,3.733
"2037-01",-8.838,-17.175,1.753,1.863,2.269,15.225,24.35,2.898
"2037-02",-12.824,-19.547,2.206,4.354,3.937,17.028,24.853,2.333
"2037-03",-7.561,-12.428,4.19,8.164,7.745,18.049,25.402,5.289
"2037-04",-1.668,-3.243,7.802,10.89,9.97,21.206,25.939,8.754
"2037-05",5.56,4.165,12.619,15.842,14.701,23.212,26.769,12.924
"2037-06",9.861,8.009,15.877,20.316,18.917,26.208,28.263,16.107
"2037-07",11.43,10.507,19.605,24.56,21.203,28.209,28.902,18.302
"2037-08",9.62,9.969,18.125,22.784,21.348,27.855,29.577,18.064
"2037-09",5.701,6.799,13.78,17.814,17.979,25.827,29.253,15.586
"2037-10",-1.033,1.843,8.628,14.892,15.591,22.706,28.793,12.149
"2037-11",-6.357,-5.946,4.875,6.727,9.778,18.649,27.608,7.938
"2037-12",-12.507,-14.045,1.479,5.209,6.8,19.045,26.534,4.412
"2038-01",-13.715,-15.821,-1.903,1.413,5.263,16.295,25.64,2.765
"2038-02",-10.311,-16.365,0.477,0.638,2.186,15.496,25.016,2.542
"2038-03",-7.58,-13.375,4.535,6.943,5.887,17.394,25.318,4.732
"2038-04",0.541,-2.93,9.309,11.154,9.886,19.351,25.547,9.137
"2038-05",7.085,4.81,12.317,15.541,14.607,23.944,27.167,13.279
"2038-06",10.426,6.994,16.266,21.082,19.126,26.266,28.205,16.091
"2038-07",11.546,9.442,17.482,23.68,21.473,27.741,29.3,17.937
"2038-08",9.405,8.413,17.839,21.83,21.511,28.168,29.762,17.802
"2038-09",4.775,4.836,14.273,17.204,18.652,25.763,29.674,15.344
"2038-10",-0.11,-0.363,9.695,12.962,14.203,22.758,29.158,11.941
"2038-11",-6.697,-4.534,3.749,7.524,9.763,19.559,27.81,8.057
"2038-12",-13.701,-11.042,-2.325,5.038,7.517,17.649,26.371,4.361
"2039-01",-15.259,-18.258,-0.937,2.726,3.978,16.161,25.609,1.876
"2039-02",-16.026,-16.641,3.764,9.283,7.322,17.215,25.518,3.037
"2039-03",-10.053,-12.118,7.385,11.881,7.91,19.682,25.662,5.453
"2039-04",-2.821,-6.165,5.53,11.64,10.832,20.843,26.395,8.025
"2039-05",3.745,2.053,11.464,16.404,15.771,22.75,26.868,12.227
"2039-06",8.843,5.741,15.17,21.173,18.994,25.852,27.882,15.471
"2039-07",10.61,8.907,17.865,21.952,21.621,27.259,29.139,17.642
"2039-08",10.697,9.748,17.916,20.965,20.955,27.365,29.545,17.932
"2039-09",4.229,4.012,14.933,15.331,17.576,24.873,29.318,14.819
"2039-10",0.083,0.852,11.131,11.921,13.047,21.776,28.652,11.965
"2039-11",-7.978,-4.302,3.633,7.163,8.715,19.701,27.132,7.645
"2039-12",-14.701,-11.13,-0.844,2.59,5.562,16.243,26.101,3.7
"2040-01",-18.241,-17.813,-3.092,0.164,4.36,15.027,25.343,1.048
"2040-02",-15.999,-16.306,2.747,6.111,4.32,16.788,24.608,2.203
"2040-03",-9.254,-13.179,1.887,8.475,7.873,18.25,24.885,4.303
"2040-04",-2.871,-5.956,8.083,11.991,11.512,20.775,25.548,8.125
"2040-05",4.65,3.007,14.641,17.404,14.895,23.619,26.713,12.65
"2040-06",9,6.802,16.551,21.154,18.753,26.235,27.754,15.607
"2040-07",11.791,9.237,19.083,23.129,21.149,27.578,28.472,17.734
"2040-08",9.432,9.063,18.596,22.431,21.936,26.22,29.271,17.652
"2040-09",6.78,4.599,14.819,16.95,18.214,24.753,29.524,15.218
"2040-10",-1.257,1.073,8.872,12.76,14.471,22.218,28.501,11.573
"2040-11",-7.91,-6.366,2.276,8.439,10.338,19.976,27.421,7.35
"2040-12",-12.156,-12.382,0.436,4.136,7.59,16.264,26.073,4.1
"2041-01",-14.589,-20.438,-3.792,-1.26,2.584,15.099,24.949,0.661
"2041-02",-16.462,-18.081,-1.418,3.015,5.642,16.456,24.166,1.475
"2041-03",-7.822,-12.349,1.913,7.776,8.619,17.245,25.119,4.753
"2041-04",-1.452,-4.765,6.557,13.165,11.347,22.065,25.662,8.59
"2041-05",4.482,1.752,10.341,15.239,14.857,23.545,26.843,11.933
"2041-06",7.736,5.509,16.453,21.041,18.713,26.679,27.226,15.161
"2041-07",10.254,9.537,20.606,23.889,21.462,27.614,28.386,17.755
"2041-08",8.382,8.279,19.535,23.469,21.976,27.884,28.983,17.693
"2041-09",4.913,4.672,13.818,18.412,17.923,25.41,29.206,14.932
"2041-10",-3.078,0.384,8.413,11.992,13.927,21.653,28.226,11.134
"2041-11",-10.357,-5.747,1.613,4.766,8.708,18.072,26.678,6.541
"2041-12",-14.551,-12.516,1.444,1.271,3.756,16.733,25.275,3.393
"2042-01",-15.349,-17.654,-1.41,1.801,5.303,15.107,25.074,1.87
"2042-02",-16.977,-21.093,1.208,6.184,5.4,16.27,24.814,1.508
"2042-03",-16.369,-17.028,3.65,10.776,7.558,19.45,25.086,3.123
"2042-04",-4.156,-7.386,5.737,11.77,9.851,20.758,25.684,7.395
"2042-05",3.994,1.614,11.622,15.06,14.899,23.804,26.987,12.08
"2042-06",8.316,6.523,15.55,21.006,18.522,25.887,27.819,15.509
"2042-07",10.886,9.873,17.926,25.46,22.261,27.764,28.768,18.046
"2042-08",8.284,7.709,18.889,22.2,21.614,27.404,29.354,17.527
"2042-09",4.182,4.435,15.021,19.972,18.887,25.625,29.368,15.302
"2042-10",-1.81,0.365,9.085,12.849,13.867,22.084,28.473,11.422
"2042-11",-7.642,-5.026,4.161,7.038,9.564,18.478,27.315,7.65
"2042-12",-17.561,-11.689,-0.187,4.673,7.854,16.713,26.185,3.672
"2043-01",-16.094,-17.028,-2.977,-1.207,2.861,15.636,25.267,1.477
"2043-02",-11.24,-18.874,2.312,5.465,4.626,16.49,25.118,2.807
"2043-03",-8.202,-12.952,4.689,6.753,6.315,18.223,25.326,4.907
"2043-04",-0.581,-4.29,8.404,12.247,10.97,20.692,25.61,9.031
"2043-05",5.603,1.759,12.722,16.955,15.077,24.356,26.926,12.778
"2043-06",10.652,7.284,18.162,21.586,18.264,25.851,28.152,16.189
"2043-07",11.071,10.283,17.714,25.672,22.328,27.985,29.083,18.271
"2043-08",10.98,9.202,18.666,22.782,21.321,27.49,29.759,18.23
"2043-09",5.481,5.644,14.554,18.935,20.138,26.02,29.662,16.015
"2043-10",0.704,0.581,10.006,13.995,14.757,22.667,29.181,12.362
"2043-11",-7.292,-7.227,4.001,6.647,10.777,17.908,28.228,7.662
"2043-12",-11.024,-11.934,-3.898,-1.56,5.04,16.554,27.133,3.824
"2044-01",-13.8,-19.704,-1.211,-4.831,1.116,15.6,25.581,1.37
"2044-02",-12.213,-14.306,-0.096,-0.773,3.718,15.778,24.457,2.751
"2044-03",-6.565,-10.267,3.241,6.295,8.161,16.674,25,5.404
"2044-04",1.023,-4.726,7.096,10.188,11.255,19.889,25.838,8.845
"2044-05",7.253,4.464,13.452,17.103,15.659,24.121,26.93,13.501
"2044-06",12.473,7.258,15.347,19.877,18.605,26.722,28.711,16.304
"2044-07",13.032,9.865,17.585,22.762,21.086,28.081,29.545,18.166
"2044-08",9.8,9.789,18.008,21.967,21.125,27.938,29.893,17.984
"2044-09",6.058,6.54,15.003,17.556,18.547,25.527,29.833,15.795
"2044-10",-0.115,1.036,10.836,12.687,13.407,21.859,28.829,11.997
"2044-11",-8.549,-5.324,1.713,7.483,10.725,18.2,27.598,7.379
"2044-12",-14.52,-11.446,-3.704,1.373,6.185,16.964,26.574,3.464
"2045-01",-18.017,-16.624,0.375,7.483,7.025,18.304,25.214,2.545
"2045-02",-15.322,-16.359,1.484,6.212,6.662,15.537,24.908,2.309
"2045-03",-9.942,-14.068,1.984,7.831,8.581,18.029,24.94,4.209
"2045-04",1.374,-1.148,9.475,15.043,13.123,21.376,25.657,10.114
"2045-05",4.386,2.392,13.084,18.448,16.673,23.563,26.823,12.825
"2045-06",8.398,7.562,17.438,22.099,19.6,26.329,27.763,15.968
"2045-07",9.322,10.399,20.372,25.979,22.86,27.899,28.39,18.271
"2045-08",9.626,9.837,20.412,22.869,21.538,26.348,28.891,18.053
"2045-09",4.468,5.775,16.557,19.402,18.994,25.281,29.358,15.717
"2045-10",-0.406,1.78,9.972,13.404,14.016,22.53,28.439,12.227
"2045-11",-7.442,-3.472,3.654,7.85,9.892,19.025,27.063,8.085
"2045-12",-11.028,-9.902,-0.548,1.298,6.16,15.301,25.425,4.372
"2046-01",-18.312,-15.717,-2.076,0.362,2.904,16.598,24.341,1.308
"2046-02",-11.121,-15.875,0.2,1.373,3.519,15.287,24.464,2.568
"2046-03",-7.567,-9.491,2.143,7.063,7.065,17.868,24.61,5.219
"2046-04",-0.022,-1.799,7.717,12.02,10.817,19.439,24.968,9.012
"2046-05",5.639,2.433,12.375,18.434,17.431,23.138,26.638,12.941
"2046-06",10.398,5.668,18.199,19.567,18.873,25.744,27.719,15.741
"2046-07",10.688,9.442,19.062,24.778,22.746,27.311,28.76,18.12
"2046-08",8.959,9.881,17.809,23.591,22.068,27.309,29.19,18.009
"2046-09",5.372,6.357,16.391,18.996,18.781,25.962,29.253,15.871
"2046-10",-1.643,1.437,8.042,13.488,14.688,22.369,28.385,11.763
"2046-11",-7.254,-4.074,2.637,7.552,10.887,18.922,27.245,7.955
"2046-12",-14.441,-9.728,-2.089,3.819,6.626,16.827,26.444,4.051
"2047-01",-17.404,-16.67,-2.051,1.043,2.912,15.483,25.231,1.367
"2047-02",-15.982,-18.006,0.47,5.912,6.482,16.766,25.57,2.125
"2047-03",-10.977,-15.084,3.314,10.317,6.651,18.566,25.504,3.969
"2047-04",-4.203,-6.677,7.051,11.727,10.176,20.654,26.184,7.716
"2047-05",5.202,2.806,12.184,16.935,14.434,22.703,27.205,12.423
"2047-06",9.578,6.453,16.726,21.794,19.805,26.735,28.223,15.915
"2047-07",10.545,8.925,19.618,23.377,22.236,27.453,29.196,17.847
"2047-08",9.172,8.291,18.605,20.621,20.919,26.512,29.923,17.455
"2047-09",5.729,5.476,14.455,16.695,18.197,24.518,30.088,15.326
"2047-10",-0.732,-0.087,10.207,13.214,14.097,22.975,29.177,11.825
"2047-11",-8.747,-4.503,6.45,8.357,8.879,19.878,26.505,7.654
"2047-12",-12.135,-8.201,2.551,4.597,6.303,17.48,25.024,5.126
"2048-01",-11.225,-11.78,2.377,3.155,4.528,15.876,24.477,3.888
"2048-02",-12.814,-15.246,3.49,6.5,5.275,17.318,24.573,3.433
"2048-03",-7.573,-10.743,4.478,8.093,7.601,19.125,24.939,5.584
"2048-04",-3.111,-3.169,9.011,16.494,12.434,22.112,25.708,9.28
"2048-05",4.768,2.58,14.713,18.632,15.73,23.997,26.822,13.006
"2048-06",7.48,6.8,15.503,21.786,20.151,26.588,27.988,15.675
"2048-07",9.999,11.056,20.363,25.232,23.249,27.886,28.76,18.462
"2048-08",8.481,9.459,18.48,22.329,21.754,27.214,29.334,17.8
"2048-09",4.79,5.888,16.1,16.803,17.82,25.868,29.235,15.449
"2048-10",-2.813,0.048,9.397,14.4,14.716,22.499,28.897,11.568
"2048-11",-11.237,-7.459,3.101,7.776,10.79,18.707,27.523,6.894
"2048-12",-16.413,-12.97,0.716,5.587,6.526,17.142,25.605,3.43
"2049-01",-16.134,-19.4,-2.744,-1.293,2.178,15.283,25.428,0.818
"2049-02",-14.136,-13.752,1.286,-0.647,1.673,15.423,24.23,2.119
"2049-03",-7.785,-11.206,3.953,7.12,6.934,16.859,24.79,4.823
"2049-04",-1.862,-6.116,7.04,13.083,11.763,20.134,25.601,8.29
"2049-05",5.377,2.748,11.333,16.45,14.965,23.373,27.023,12.489
"2049-06",8.444,6.202,16.335,21.718,19.192,26.309,28.218,15.647
"2049-07",10.767,9.741,19.231,24.337,21.781,27.459,28.902,17.974
"2049-08",8.869,8.76,17.614,21.046,20.297,27.045,29.221,17.307
"2049-09",3.815,5.505,13.886,18.806,18.565,25.409,29.501,15.18
"2049-10",-3.071,-0.229,8.291,14.249,15.976,23.376,29.111,11.564
"2049-11",-10.359,-6.99,6.545,9.433,9.009,20.16,27.135,7.25
"2049-12",-12.498,-12.434,0.995,4.137,6.349,17.123,25.837,4.143
"2050-01",-15.293,-18.792,-3.025,2.126,5.97,16.065,25.343,1.795
"2050-02",-16.186,-16.198,0.073,5.707,7.141,16.753,24.953,2.415
"2050-03",-9.4,-12.198,4.342,6.315,5.91,18.068,24.865,4.471
"2050-04",-3.798,-5.455,7.361,13.487,10.944,19.691,25.865,8.079
"2050-05",3.744,2.792,12.343,17.081,14.103,23.744,26.882,12.329
"2050-06",9.124,8.05,15.077,19.921,18.089,25.741,28.214,15.579
"2050-07",9.961,11.002,19.102,22.432,21.78,27.083,28.79,17.875
"2050-08",8.622,9.959,20.285,23.705,22.352,27.749,29.362,18.287
"2050-09",4.745,6.761,15.832,19.929,19.493,25.762,29.291,15.927
"2050-10",-0.445,0.922,11.226,12.343,13.169,21.891,28.505,11.788
"2050-11",-7.447,-4.925,2.864,5.746,9.493,18.914,27.032,7.477
"2050-12",-14.918,-13.034,0.318,3.129,6.513,17.051,25.965,3.739
"2051-01",-13.641,-18.446,1.257,-0.472,1.718,15.501,24.852,1.751
"2051-02",-15.369,-15.128,1.64,4.358,4.551,17.338,24.815,2.728
"2051-03",-11.432,-10.698,4.815,5.035,5.532,16.728,24.663,4.288
"2051-04",-4.105,-6.986,9.399,12.706,9.927,20.682,25.652,7.86
"2051-05",4.4,1.648,12.908,18.07,14.204,24.097,26.779,12.504
"2051-06",8.5,6.458,16.467,21.65,19.457,26.296,27.811,15.827
"2051-07",11.443,8.077,19.251,24.35,21.926,28.346,28.527,17.975
"2051-08",9.456,9.244,18.866,21.199,21.143,27.12,29.035,17.834
"2051-09",4.321,5.475,14.759,18.309,18.739,26.077,29.052,15.442
"2051-10",-0.312,-0.584,8.126,10.978,12.797,23.251,28.717,11.346
"2051-11",-8.194,-6.519,4.733,5.471,7.925,18.271,27.065,7.142
"2051-12",-12.582,-11.117,-0.802,-0.833,4.118,15.427,25.95,3.562
"2052-01",-14.376,-16.064,0.25,2.525,3.222,14.677,25.131,2.298
"2052-02",-14.893,-16.33,1.33,3.118,3.702,15.515,24.979,2.167
"2052-03",-10.306,-11.934,5.328,8.618,6.059,17.514,24.977,4.63
"2052-04",-2.155,-4.22,9.814,12.951,10.557,20.678,25.75,8.691
"2052-05",5.714,3.631,12.599,17.382,15.781,23.897,26.761,13.162
"2052-06",10.038,7.695,16.783,21.869,18.745,26.318,27.823,16.216
"2052-07",12.486,11.07,19.779,24.118,21.652,27.29,28.433,18.502
"2052-08",9.239,10.302,17.734,21.68,21.275,26.929,28.918,17.854
"2052-09",4.835,5.633,13.982,16.269,18.27,23.767,28.797,15.017
"2052-10",-0.357,1.904,10.352,13.456,14.767,21.633,28.418,12.084
"2052-11",-7.412,-5.302,4.792,7.057,10.004,18.737,26.964,7.751
"2052-12",-12.715,-10.769,-0.908,1.503,4.963,16.495,25.875,3.982
"2053-01",-15.299,-16.675,-4.267,0.798,5.299,15.404,25.787,2.012
"2053-02",-12.044,-18.4,-0.816,1.674,3.013,15.479,24.903,1.988
"2053-03",-10.033,-11.837,3.786,8.726,8.066,17.844,25.137,4.88
"2053-04",-0.231,-4.649,7.991,12.27,10.921,20.402,25.764,8.784
"2053-05",5.27,3.229,10.46,17.27,15.475,23.389,26.89,12.706
"2053-06",9.832,7.616,15.813,21.25,19.205,26.19,28.041,16.036
"2053-07",10.762,9.797,18.143,24.557,22.538,27.177,28.775,18.007
"2053-08",7.86,8.703,17,21.386,21.683,26.929,29.173,17.358
"2053-09",4.573,4.878,13.301,18.161,18.932,25.623,29.507,15.224
"2053-10",0.157,1.352,11.802,13.886,13.841,22.325,28.618,12.181
"2053-11",-9.173,-4.907,1.442,4.223,8.732,19.754,27.662,7.099
"2053-12",-10.7,-12.298,-1.513,-0.056,3.333,16.342,26.229,3.836
"2054-01",-15.342,-13.921,-1.083,1.679,3.871,16.633,25.187,2.481
"2054-02",-16.022,-18.52,-1.345,-0.387,2.063,16.516,24.664,1.123
"2054-03",-12.059,-12.127,-0.816,5.891,7.589,17.52,25.452,3.916
"2054-04",-3.412,-3.892,3.702,9.853,10.49,19.574,26.409,7.882
"2054-05",4.298,3.118,12.444,18.606,15.088,23.51,27.006,12.582
"2054-06",8.295,7.075,16.795,21.614,19.583,25.984,28.022,15.713
"2054-07",10.543,10.048,18.32,22.83,21.439,27.872,28.729,17.798
"2054-08",9.023,7.562,18.789,21.068,21.328,27.384,29.05,17.408
"2054-09",4.923,4.78,14.879,18.025,17.809,24.98,28.98,15.152
"2054-10",-1.079,-0.522,8.764,11.833,13.985,22.188,28.356,11.388
"2054-11",-12.244,-8.483,2.773,6.426,9.551,19.131,27.257,6.213
"2054-12",-13.804,-12.274,0.775,4.093,6.414,17.105,25.925,3.949
"2055-01",-17.249,-16.666,0.392,1.174,2.925,15.598,25.035,1.7
"2055-02",-13.419,-19.074,2.838,3.518,2.873,16.481,24.922,2.067
"2055-03",-10.429,-11.248,5.653,11.072,9.23,18.458,24.871,5.25
"2055-04",-1.59,-3.339,7.12,13.903,11.828,20.511,25.38,8.913
"2055-05",3.863,1.865,12.228,18.488,15.644,23.308,26.714,12.457
"2055-06",9.246,6.246,15.543,20.469,19.145,26.219,28.079,15.701
"2055-07",11.082,10.52,19.47,24.471,21.838,27.481,28.572,18.219
"2055-08",9.638,9.832,19.792,23.156,22.476,26.681,29.294,18.257
"2055-09",7.144,7.111,16.158,18.334,19.535,24.617,29.322,16.239
"2055-10",1.042,0.418,11.575,13.999,15.33,20.98,28.508,12.35
"2055-11",-8.891,-6.435,2.949,6.262,9.768,18.427,27.494,7.14
"2055-12",-10.926,-13.253,0.328,2.759,6.4,15.593,25.823,4.11
"2056-01",-15.741,-14.593,-0.864,1.598,3.522,14.819,24.797,2.091
"2056-02",-13.733,-16.692,0.162,2.451,5.927,15.112,24.91,2.29
"2056-03",-10.547,-13.518,1.472,5.934,6.756,16.767,25.186,3.884
"2056-04",-3.433,-3.9,5.216,11.695,10.257,19.409,25.41,7.991
"2056-05",3.17,2.438,11.585,18.961,16.264,23.363,26.358,12.394
"2056-06",8.841,6.841,15.15,22.337,19.427,26.07,27.719,15.633
"2056-07",11.332,8.721,18.511,23.73,21.58,27.68,28.749,17.751
"2056-08",9.143,8.757,18.752,23.001,21.394,27.233,29.36,17.674
"2056-09",5.77,4.909,14.783,18.454,18.712,25.881,29.393,15.493
"2056-10",-1.706,-1.162,7.232,12.67,15.013,22.998,28.858,11.261
"2056-11",-9.075,-5.782,3.382,7.558,9.597,19.183,27.133,7.188
"2056-12",-12.721,-10.689,1.746,4.773,6.415,16.775,25.347,4.417
"2057-01",-15.976,-16.459,-4.298,1.664,6.021,15.235,25.213,1.822
"2057-02",-19.102,-18.286,0.326,5.312,6.341,18.161,24.891,1.77
"2057-03",-9.089,-12.435,1.089,6.042,8.045,17.289,24.379,4.428
"2057-04",-1.851,-6.778,5.999,10.105,10.418,20.419,25.775,7.832
"2057-05",3.655,1.693,9.975,15.91,15.005,23.156,26.746,11.974
"2057-06",9.006,6.458,14.644,21.241,19.68,26.046,27.609,15.481
"2057-07",9.744,8.989,18.901,24.383,22.151,27.576,28.903,17.6
"2057-08",8.252,8.539,17.353,20.973,21.159,27.587,29.361,17.255
"2057-09",3.331,4.168,13.557,17.892,18.331,26.188,29.11,14.738
"2057-10",-3.381,0.059,8.093,11.802,14.46,22.153,28.602,10.988
"2057-11",-10.334,-6.495,3.789,8.065,9.738,17.983,26.975,6.854
"2057-12",-14.528,-16.051,-2.657,1.523,5.607,16.184,26.024,2.573
"2058-01",-14.851,-16.714,-1.229,3.226,4.897,15.212,24.838,1.824
"2058-02",-12.45,-15.483,2.822,5.023,5.115,15.625,24.857,2.853
"2058-03",-13.049,-11.844,3.33,10.731,8.782,18.263,24.55,4.275
"2058-04",-6.211,-5.426,5.5,14.011,12.03,20.643,25.695,7.622
"2058-05",1.768,1.967,11.989,18.949,16.218,24.316,26.68,12.114
"2058-06",7.983,7.999,15.582,21.987,19.801,25.923,27.806,15.701
"2058-07",9.34,8.947,18.918,24.788,22.238,27.599,28.466,17.554
"2058-08",7.791,7.68,17.163,22.116,20.939,26.716,28.794,16.802
"2058-09",4.161,4.63,11.987,18.928,19.959,25.614,29.023,14.876
"2058-10",-3.985,0.537,8.527,12.294,14.931,21.442,28.048,10.831
"2058-11",-10.03,-5.566,3.839,6.969,8.632,18.767,26.585,6.754
"2058-12",-19.472,-12.977,0.475,4.162,7.613,16.354,25.953,3.033
"2059-01",-18.61,-18.929,1.378,3.932,3.73,16.986,24.474,1.249
"2059-02",-15.499,-14.735,1.922,5.992,5.111,16.914,24.23,2.585
"2059-03",-10.303,-10.96,0.377,5.719,6.1,17.634,25.111,4.049
"2059-04",-5.302,-2.892,7.774,11.217,10.556,19.241,25.14,7.975
"2059-05",3.655,2.88,12.474,17.258,15.508,24.07,26.914,12.481
"2059-06",8.093,6.857,15.748,21.139,19.326,26.868,27.557,15.47
"2059-07",11.103,8.193,20.021,24.033,21.284,27.894,28.745,17.758
"2059-08",8.347,8.442,18.333,23.353,20.937,27.857,29.068,17.467
"2059-09",4.756,6.481,16.17,20.659,17.896,25.39,29.217,15.481
"2059-10",0.197,-0.343,10.745,13.101,13.564,21.495,28.703,11.461
"2059-11",-7.756,-6.331,2.94,6.095,8.942,20.227,27.068,7.139
"2059-12",-14.397,-14.016,-3.232,-0.358,4.133,15.792,26.051,2.612
"2060-01",-18.043,-21.631,-4.111,-0.016,4.084,16.423,25.891,0.442
"2060-02",-15.961,-16.973,2.774,4.132,3.74,16.642,24.784,2.13
"2060-03",-6.396,-11.675,5.024,9.736,8.818,17.687,25.282,5.622
"2060-04",-1.752,-5.742,8.901,14.3,11.745,21.211,25.863,8.822
"2060-05",5.323,2.559,10.765,17.13,15.101,23.714,27.084,12.582
"2060-06",8.908,7.632,13.774,23.032,19.422,26.358,28.043,15.861
"2060-07",11.725,10.932,19.359,24.061,21.802,28.555,28.893,18.4
"2060-08",8.717,10.22,19.346,22.91,21.9,27.528,29.283,18.131
"2060-09",4.956,5.823,13.924,18.911,18.903,25.156,29.176,15.526
"2060-10",-2.938,-0.749,10.947,14.629,14.343,22.904,28.633,11.503
"2060-11",-4.953,-6.761,3.631,3.141,6.91,17.67,27.741,7.192
"2060-12",-14.124,-10.802,0.358,4.499,7.836,15.583,26.634,4.316
"2061-01",-12.649,-18.533,-0.812,2.002,4.091,13.455,25.547,2.209
"2061-02",-13.067,-18.841,-3.52,-1.26,2.929,14.961,25.368,1.427
"2061-03",-9.716,-13.747,3.712,6.794,6.345,17.63,25.42,4.307
"2061-04",-0.259,-4.271,8.121,11.179,10.164,19.711,26.289,8.67
"2061-05",5.185,2.824,11.769,16.082,14.718,23.217,27.016,12.534
"2061-06",10.322,6.916,16.7,22.336,19.593,26.162,28.291,16.128
"2061-07",11.728,9.079,18.73,24.414,21.467,28.001,29.049,17.985
"2061-08",10.939,9.699,18.521,21.376,21.592,26.886,29.53,18.061
"2061-09",5.2,4.414,14.959,16.215,17.639,25.142,29.605,15.149
"2061-10",-0.521,0.063,9.927,13.779,14.168,22.7,29.004,11.861
"2061-11",-5.193,-5.76,4.087,4.795,8.106,18.127,27.548,7.655
"2061-12",-8.096,-11.277,0.243,0.229,3.716,14.773,26.237,4.361
"2062-01",-13.998,-15.388,-3.459,0.809,3.437,15.647,25.672,2.246
"2062-02",-14.905,-12.148,-2.58,2.049,4.493,15.157,24.629,2.626
"2062-03",-7.622,-11.497,3.913,9.876,9.333,16.88,25.63,5.421
"2062-04",-1.497,-5.108,5.225,9.786,9.68,19.837,26.165,7.931
"2062-05",5.794,2.793,11.741,16.752,15.428,22.524,27.127,12.716
"2062-06",9.561,6.139,15.411,20.298,18.922,25.361,28.385,15.555
"2062-07",11.455,9.465,16.432,23.361,22.578,27.437,29.156,17.923
"2062-08",8.918,8.488,17.027,22.204,21.75,27.133,29.667,17.51
"2062-09",6.19,5.759,15.179,16.978,18.737,25.115,29.986,15.648
"2062-10",0.187,0.92,12.909,12.964,14.089,21.052,28.886,12.158
"2062-11",-7.815,-6.307,5.473,6.876,9.799,17.792,27.862,7.632
"2062-12",-9.583,-11.811,1.534,2.349,5.668,16.316,26.115,4.592
"2063-01",-12.195,-16.757,-0.194,1.838,4.596,14.116,25.219,2.51
"2063-02",-10.869,-17.516,2.415,4.488,5.397,16.838,24.963,3.011
"2063-03",-9.159,-13.435,2.364,7.163,8.764,17.89,25.578,4.711
"2063-04",-3.467,-3.675,5.97,11.089,10.766,19.877,25.898,8.299
"2063-05",5.653,3.858,12.955,15.841,14.922,23.227,27.188,12.921
"2063-06",9.616,6.328,16.093,20.43,18.03,26.769,28.528,15.781
"2063-07",12.081,9.582,19.03,22.7,20.526,28.011,29.084,18.07
"2063-08",9.265,10.008,17.821,21.415,21.492,26.504,29.401,17.831
"2063-09",6.228,5.738,15.364,17.981,18.336,24.898,29.188,15.645
"2063-10",0.354,0.29,10.614,10.499,12.363,21.472,28.339,11.649
"2063-11",-6.222,-2.573,3.967,8.321,10.318,17.862,26.721,8.288
"2063-12",-13.967,-10.278,1.539,2.98,5.466,17.207,25.784,4.228
"2064-01",-15.612,-14.772,0.322,0.043,2.387,16.005,24.731,2.139
"2064-02",-10.748,-15.968,1.594,1.666,2.849,14.54,24.338,2.719
"2064-03",-8.023,-10.853,1.85,5.533,7.035,17.318,24.75,4.886
"2064-04",-3.93,-5.493,7.655,11.094,11.171,20.186,25.095,8.146
"2064-05",5.994,2.608,12.786,16.068,14.564,23.379,26.601,12.777
"2064-06",9.392,7.309,15.662,20.588,19.879,26.102,27.593,16.051
"2064-07",10.255,10.35,18.844,24.866,23.074,27.596,28.463,18.258
"2064-08",9.373,9.314,18.949,21.581,22.167,27.027,28.951,17.971
"2064-09",5.279,5.386,15.024,17.265,18.649,24.959,29.068,15.528
"2064-10",0.349,1.023,9.813,10.963,12.699,21.144,28.631,11.704
"2064-11",-8.868,-2.456,2.938,4.763,10.037,18.02,27.212,7.744
"2064-12",-16.915,-10.465,-0.862,4.564,7.274,16.383,26.138,3.94
"2065-01",-14.635,-12.887,-2.706,-3.696,0.969,13.787,24.747,1.907
"2065-02",-12.819,-14.913,-1.585,-0.311,2.445,15.3,24.81,2.247
"2065-03",-10.481,-13.372,3.856,6.484,5.637,17.977,24.885,4.178
"2065-04",-3.75,-5.815,7.339,12.507,10.751,20.396,25.665,8.125
"2065-05",4.078,1.22,12.598,17.257,15.666,22.951,26.834,12.33
"2065-06",8.046,6.356,16.732,22.445,19.157,26.537,27.469,15.775
"2065-07",10.32,9.856,18.678,22.555,21.383,27.244,28.519,17.742
"2065-08",8.443,8.954,18.355,21.925,21.264,27.157,29.22,17.607
"2065-09",4.324,5.342,15.864,16.96,18.272,24.653,28.986,15.248
"2065-10",-0.552,-0.266,8.875,10.576,12.776,21.895,28.333,11.335
"2065-11",-8.988,-7.6,1.83,6.371,9.796,18.711,27.433,6.934
"2065-12",-15.399,-13.589,0.286,2.672,5.979,16.204,25.718,3.348
"2066-01",-11.612,-16.922,0.818,2.807,3.51,16.24,24.85,2.839
"2066-02",-13.165,-19.645,0.554,2.24,3.198,16.179,24.899,1.889
"2066-03",-12.011,-13.9,0.52,7.067,8.262,17.881,25.732,4.026
"2066-04",-5.312,-5.788,7.723,11.085,11.081,20.373,26.051,7.941
"2066-05",5.089,3.058,11.941,17.053,15.77,23.091,27.196,12.765
"2066-06",7.891,5.639,15.958,21.981,19.497,26.768,28.074,15.595
"2066-07",10.679,10.022,18.133,22.01,20.933,27.407,29.159,17.712
"2066-08",9.965,10.195,17.023,21.986,22.149,26.923,29.299,17.968
"2066-09",4.299,5.799,14.215,16.977,18.266,25.522,29.409,15.242
"2066-10",0.517,1.415,8.358,11.906,14.546,22.384,28.795,12.107
"2066-11",-5.611,-4.323,3.758,5.542,8.266,18.746,27.875,7.716
"2066-12",-9.74,-9.674,1.198,3.145,5.606,15.978,26.669,4.862
"2067-01",-9.604,-15.429,1.095,0.613,2.266,15.123,25.49,2.976
"2067-02",-11.169,-18.095,2.301,1.948,2.075,15.96,25.3,2.362
"2067-03",-9.564,-13.785,2.699,2.658,5.269,16.826,25.402,3.832
"2067-04",1.482,-4.046,8.765,10.819,9.549,19.665,26.143,8.946
"2067-05",6.806,2.672,12.22,18.111,15.469,23.185,26.92,12.981
"2067-06",12.589,5.568,16.491,19.742,18.487,26.011,28.089,16.018
"2067-07",12.216,9.322,18.533,23.624,20.901,28.321,28.992,18.118
"2067-08",11.04,9.392,17.474,22.63,21.25,28.251,29.792,18.196
"2067-09",6.834,6.087,17.929,18.603,18.407,26.087,29.402,16.213
"2067-10",-0.037,1.439,9.214,12.364,14.416,22.866,28.658,12.086
"2067-11",-6.105,-6.828,5.86,8.273,9.428,20.031,27.968,8.012
"2067-12",-8.933,-11.91,1.674,2.409,4.65,15.907,26.324,4.511
"2068-01",-13.575,-16.892,-1.081,0.922,2.969,13.613,25.733,2.045
"2068-02",-15.284,-15.982,-0.172,3.986,5.141,14.739,24.791,2.199
"2068-03",-7.234,-11.85,5.875,9.202,7.936,16.633,24.535,5.071
"2068-04",0.33,-4.477,7.574,13.045,11.855,20.365,26.171,9.125
"2068-05",8.383,4.1,12.041,17.921,16.44,22.345,27.323,13.368
"2068-06",10.45,7.333,16.204,21.124,18.944,25.45,28.483,15.926
"2068-07",11.8,10.068,18.061,24.314,21.527,27.849,29.119,18.081
"2068-08",11.156,8.934,18.69,21.194,20.878,27.007,29.542,17.88
"2068-09",4.683,5.003,13.352,18.37,18.792,25.01,29.528,15.212
"2068-10",-1.44,-0.072,6.87,11.502,14.9,21.72,28.962,11.357
"2068-11",-10.68,-5.785,2.348,5.079,10.01,18.074,27.388,6.859
"2068-12",-9.595,-10.415,2.036,3.462,6.449,15.038,26.095,4.8
"2069-01",-14.809,-12.394,-1.401,2.074,5.289,14.158,24.847,2.763
"2069-02",-11.543,-16.826,1.25,3.792,3.728,15.704,25.015,2.577
"2069-03",-11.713,-13.992,5.054,9.909,7.454,18.733,25.302,4.365
"2069-04",-3.282,-5.213,9.302,16.312,12.426,21.959,25.706,8.848
"2069-05",4.402,2.068,13.149,17.882,16.117,23.125,26.78,12.658
"2069-06",8.845,7.576,17.442,22.804,20.42,26.459,27.552,16.223
"2069-07",9.147,9.243,20.47,25.37,23.24,27.199,28.147,17.948
"2069-08",8.521,8.422,20.307,22.742,22.458,26.875,28.758,17.77
"2069-09",3.018,3.898,13.355,18.523,19.341,24.435,28.84,14.723
"2069-10",-1.516,-0.668,10.202,10.675,13.388,21.07,28.457,11.196
"2069-11",-7.613,-5.837,7.336,10.189,11.32,17.882,27.456,8.145
"2069-12",-15.522,-13.022,1.483,4.822,6.28,16.829,25.72,3.632
"2070-01",-14.749,-13.659,1.127,4.762,5.314,15.979,24.176,2.918
"2070-02",-16.558,-16.868,1.585,5.939,5.993,16.687,24.07,2.29
"2070-03",-9.725,-9.731,4.194,6.016,6.707,17.206,23.935,4.714
"2070-04",-0.337,-2.951,8.269,12.557,10.332,19.789,24.867,8.844
"2070-05",5.164,3.234,12.455,17.338,15.197,23.762,26.592,12.693
"2070-06",8.223,7.625,16.693,21.221,19.234,25.232,27.881,15.603
"2070-07",11.193,10.808,20.367,23.586,21.988,26.588,28.508,18.049
"2070-08",7.746,9.754,20.085,23.917,22.095,26.796,29.003,17.719
"2070-09",3.705,5.131,13.983,18.228,19.326,24.923,28.931,14.983
"2070-10",-1.705,-0.029,11.931,12.553,13.831,21.423,28.374,11.438
"2070-11",-11.635,-8.074,3.7,7.613,9.593,18.153,27.412,6.422
"2070-12",-16.188,-15.459,0.12,4.514,8.067,15.989,25.913,3.01
"2071-01",-19.603,-17.126,-0.707,2.488,6.072,14.689,24.649,1.303
"2071-02",-17.565,-19.388,1.425,6.112,5.778,16.877,24.087,1.576
"2071-03",-11.656,-14.763,4.408,11.129,9.587,17.467,24.255,4.241
"2071-04",-5.331,-4.603,9.909,15.829,12.27,21.668,25.202,8.552
"2071-05",4.665,2.603,11.044,16.144,14.661,23.593,26.428,12.148
"2071-06",8.89,6.583,15.013,21.514,18.668,26.239,27.372,15.424
"2071-07",10.192,9.342,19.219,23.877,21.395,27.604,28.252,17.622
"2071-08",7.912,9.201,19.214,22.675,21.538,27.148,28.906,17.538
"2071-09",5.605,5.057,17.29,16.855,16.751,23.938,28.632,15.04
"2071-10",-0.447,0.499,10.344,11.063,12.74,21.077,27.924,11.378
"2071-11",-6.172,-5.057,4.855,6.749,8.129,18.771,26.236,7.603
"2071-12",-13.807,-9.93,2.141,2.363,5.188,15.785,25.76,4.077
"2072-01",-15.519,-18.333,-2.492,2.428,4.711,16.724,25.093,1.727
"2072-02",-13.168,-15.328,3.434,5.602,4.597,16.476,24.128,2.858
"2072-03",-9.114,-14.565,6.544,10.994,8.228,18.508,24.748,4.85
"2072-04",-4.404,-6.155,6.433,12.377,10.658,21.878,25.678,7.981
"2072-05",4.788,3.135,11.263,17.145,14.524,23.686,26.623,12.476
"2072-06",9.86,6.723,15.4,19.369,17.889,26.174,27.607,15.494
"2072-07",11.087,9.784,19.127,24.119,21.536,27.018,28.601,17.948
"2072-08",9.52,8.117,17.713,22.118,20.768,27.71,29.121,17.58
"2072-09",7.317,7.003,14.496,18.85,18.297,25.392,28.962,15.961
"2072-10",-0.013,-0.255,9.997,9.573,12.601,20.689,28.39,11.299
"2072-11",-6.497,-6.489,3.716,7.599,9.395,18.924,26.902,7.474
"2072-12",-14.097,-12.23,-2.866,0.61,4.682,16.532,25.704,3.3
"2073-01",-16.435,-15.516,-0.441,3.088,4.287,15.976,24.567,2.13
"2073-02",-11.227,-19.769,-0.577,3.446,4.583,17.45,25.298,2.2
"2073-03",-11.128,-12.897,4.442,7.536,6.375,17.605,25.283,4.257
"2073-04",-3.019,-4.52,7.678,11.944,10.992,19.968,25.855,8.352
"2073-05",5.025,2.192,12.074,16.759,15.331,23.469,26.877,12.527
"2073-06",8.736,5.874,15.776,19.894,18.406,25.896,27.864,15.325
"2073-07",10.521,9.405,17.927,24.268,21.859,28.373,28.689,17.859
"2073-08",9.401,9.001,19.082,23.208,21.592,27.451,29.051,17.934
"2073-09",6.157,4.778,14.959,17.04,17.26,25.429,29.088,15.288
"2073-10",-0.61,0.994,7.45,11.138,14.195,22.035,28.433,11.467
"2073-11",-3.884,-5.935,5.459,4.69,7.101,17.476,27.088,7.634
"2073-12",-11.678,-11.105,-0.188,2.73,5.801,15.694,26.074,4.16
"2074-01",-19.047,-16.679,0.008,2.661,3.654,14.563,24.669,1.302
"2074-02",-16.839,-15.346,-0.208,1.347,3.111,15.624,24.49,1.764
"2074-03",-9.197,-15.373,3.062,4.625,5.297,18.206,25.165,3.826
"2074-04",-0.818,-4.686,6.368,11.093,10.162,19.951,25.825,8.342
"2074-05",6.125,2.394,9.987,16.436,15.571,23.215,27.008,12.48
"2074-06",8.348,7.111,14.309,20.509,19.299,26.22,28.224,15.485
"2074-07",10.073,10.88,18.495,24.449,22.211,27.959,28.992,18.054
"2074-08",9.903,9.841,18.346,23.192,21.579,27.625,29.375,18.025
"2074-09",5.064,5.236,15.098,19.302,19.851,25.989,29.188,15.606
"2074-10",-1.593,-0.017,11.088,14.406,14.407,23.124,28.689,11.793
"2074-11",-7.498,-6.88,5.949,8.783,10.217,18.306,27.602,7.663
"2074-12",-9.476,-8.808,1.725,3.326,6.163,15.088,25.77,5.018
"2075-01",-11.622,-13.252,-0.594,-0.731,2.165,13.67,24.693,2.505
"2075-02",-15.18,-18.892,1.512,5.364,5.118,17.265,24.94,2.141
"2075-03",-8.604,-13.315,6.918,7.479,5.639,18.788,24.612,4.74
"2075-04",-4.381,-7.538,7.422,12.063,10.256,20.76,25.683,7.624
"2075-05",3.099,0.84,12.326,17.54,15.223,23.921,26.787,12.256
"2075-06",8.602,6.168,15.32,20.573,19.309,26.278,27.895,15.634
"2075-07",10.211,10.299,17.89,22.78,20.921,27.855,28.638,17.825
"2075-08",9.619,9.507,17.945,21.133,20.76,26.772,29.151,17.664
"2075-09",4.75,4.18,12.628,16.402,18.21,25.413,29.301,14.877
"2075-10",-1.003,-2.236,6.637,11.739,14.455,22.416,28.725,10.986
"2075-11",-9.619,-6.513,1.823,6.143,9.73,18.801,27.705,6.943
"2075-12",-13.511,-12.027,-0.732,1.232,5.748,15.535,26.082,3.68
"2076-01",-16.863,-20.833,-1.125,0.87,4.007,15.459,25.331,0.933
"2076-02",-17.305,-19.907,1.024,6.771,6.378,17.563,25.024,1.67
"2076-03",-11.755,-12.817,-1.021,8.606,10.012,17.705,25.255,4.116
"2076-04",-4.055,-5.624,8.057,13.367,11.66,20.499,25.374,8.067
"2076-05",6.15,4.181,13.111,19.089,16.548,22.808,26.284,13.095
"2076-06",8.827,6.618,15.894,21.781,20.222,26.473,27.689,15.802
"2076-07",9.607,8.879,19.749,22.773,21.757,27.474,28.263,17.53
"2076-08",7.831,8.637,19.69,22.329,21.466,26.818,28.793,17.411
"2076-09",3.44,4.009,14.974,19.322,18.933,25.783,28.959,14.969
"2076-10",-2.861,-1.776,11.523,11.965,12.572,21.72,28.264,10.877
"2076-11",-8.403,-8.936,3.543,6.06,8.149,18.809,27.242,6.597
"2076-12",-10.861,-10.506,1.204,3.699,5.697,17.076,25.754,4.6
"2077-01",-13.051,-16.917,0.395,1.419,2.793,14.065,24.842,2.058
"2077-02",-11.598,-17.922,0.348,4.486,4.929,14.512,24.96,2.341
"2077-03",-11.175,-12.028,4.182,10.224,9.352,18.671,25.036,5
"2077-04",-2.922,-6.376,7.594,12.886,11.141,20.935,25.707,8.19
"2077-05",5.564,2.999,12.115,16.109,15.287,22.921,26.613,12.564
"2077-06",9.285,6.519,17.054,19.754,18.985,25.504,27.474,15.669
"2077-07",10.176,9.171,18.921,23.498,21.59,26.981,28.419,17.607
"2077-08",7.992,7.725,18.735,23.478,22.099,27.441,29.227,17.517
"2077-09",3.588,4.055,14.224,16.686,18.101,24.734,29.063,14.612
"2077-10",-1.684,-0.072,8.819,10.554,12.412,21.567,28.474,10.954
"2077-11",-10.058,-6.399,5.271,10.405,10.126,19.901,26.933,7.247
"2077-12",-12.669,-10.266,0.083,2.508,5.647,16.464,24.885,4.004
"2078-01",-11.556,-15.942,-1.296,1.445,3.019,14.142,24.403,2.241
"2078-02",-16.746,-18.907,-3.77,2.021,5.063,15.008,25.255,0.958
"2078-03",-10.144,-12.496,1.489,5.807,6.609,17.947,24.699,4.071
"2078-04",-3.165,-2.505,6.387,12.117,10.464,18.545,25.247,8.17
"2078-05",4.345,3.472,12.095,18.417,16.434,22.595,26.219,12.553
"2078-06",8.729,6.743,14.344,20.083,19.341,25.638,27.981,15.347
"2078-07",9.863,9.428,17.563,23.064,22.6,27.885,28.944,17.65
"2078-08",8.982,9.534,17.434,22.131,21.939,27.209,29.271,17.716
"2078-09",5.162,5.592,14.147,17.944,18.155,25.342,29.486,15.168
"2078-10",-2.721,-0.416,10.227,12.762,13.721,22.461,28.633,11.284
"2078-11",-9.822,-7.568,3.413,7.385,10.148,19.649,27.562,6.945
"2078-12",-13.405,-12.241,-0.605,-0.881,3.379,16.72,26.22,3.294
"2079-01",-12.544,-18.446,-1.841,-2.783,2.381,14.752,25.531,1.605
"2079-02",-17.467,-18.209,0.789,4.777,6.779,16.817,25.16,2.18
"2079-03",-10.103,-13.384,1.649,4.871,6.025,16.615,25.366,3.88
"2079-04",-0.471,-4.395,6.702,9.559,9.568,19.275,25.558,8.212
"2079-05",6.507,3.612,10.21,17.121,15.515,22.434,27.073,12.738
"2079-06",10.949,7.036,15.021,21.403,19.292,25.576,28.703,15.907
"2079-07",11.883,9.622,17.067,24.489,22.495,27.764,29.358,17.992
"2079-08",10.002,9.617,18.523,21.684,21.543,26.968,29.76,17.892
"2079-09",5.384,4.974,15.167,17.925,18.205,25.123,29.703,15.296
"2079-10",-1.559,0.302,10.285,12.698,14.919,21.431,28.988,11.616
"2079-11",-10.558,-8.056,1.559,5.461,9.296,18.025,27.848,6.312
"2079-12",-10.613,-11.104,0.527,0.885,5.373,15.222,25.589,4.05
"2080-01",-14.249,-15.448,-0.502,1.631,4.452,15.225,25.226,2.394
"2080-02",-17.348,-17.965,-2.096,2.169,4.327,15.959,24.999,1.336
"2080-03",-6.126,-13.176,5.704,6.112,5.321,15.955,24.954,4.575
"2080-04",-2.009,-4.68,7.922,12.486,11.762,20.103,25.716,8.656
"2080-05",4.747,3.753,11.89,17.746,15.837,22.21,26.999,12.752
"2080-06",10.957,7.18,16.442,20.947,19.073,25.545,28.25,16.08
"2080-07",11.767,10.914,17.794,23.532,21.717,27.185,29.102,18.15
"2080-08",10.151,8.958,18.574,21.587,21.137,27.619,29.399,17.868
"2080-09",5.105,3.824,13.592,17.939,17.718,25.908,29.666,15.018
"2080-10",-0.915,-0.336,8.177,12.348,14.593,22.31,28.903,11.416
"2080-11",-9.317,-6.484,4.799,9.887,11.45,19.372,27.652,7.564
"2080-12",-12.942,-11.245,1.23,0.956,4.485,14.762,25.52,3.801
"2081-01",-17.308,-20.146,-3.186,-3.262,0.894,14.915,25.728,0.341
"2081-02",-10.117,-14.039,2.345,3.814,4.161,14.904,24.649,3.401
"2081-03",-10.076,-12.594,3.063,7.797,6.669,18.061,25.325,4.425
"2081-04",-4.078,-5.821,7.158,12.661,10.452,19.507,25.485,7.705
"2081-05",4.938,3.002,12.247,16.293,14.737,22.235,26.785,12.375
"2081-06",8.945,6.326,16.434,20.6,18.839,25.954,28.082,15.546
"2081-07",10.137,8.285,17.58,24.691,21.989,27.121,28.729,17.518
"2081-08",8.664,8.604,17.274,24.747,22.144,27.672,29.494,17.792
"2081-09",4.046,4.698,14.92,19.33,19.099,25.542,29.324,15.301
"2081-10",-1.701,0.073,12.423,15.079,14.634,22.344,28.61,11.988
"2081-11",-7.922,-7.271,2.955,5.417,9.12,18.349,27.487,7.063
"2081-12",-16.505,-14.333,1.874,2.699,5.186,17.701,26.302,3.295
"2082-01",-16.64,-16.824,-2.232,1.364,5.599,15.316,25.405,1.789
"2082-02",-18.101,-18.76,-0.456,1.663,4.444,17.048,24.96,1.238
"2082-03",-11.118,-11.588,1.299,4.096,6.324,17.147,24.724,3.893
"2082-04",-0.975,-4.446,7.789,10.815,10.214,19.88,25.192,8.443
"2082-05",4.509,2.906,11.602,18.245,15.996,24.126,26.734,12.744
"2082-06",8.621,7.758,17.332,22.541,19.49,25.935,27.991,15.943
"2082-07",9.566,9.14,19.347,24.026,21.622,27.993,28.377,17.673
"2082-08",9.451,9.074,17.823,23.502,21.159,27.014,28.926,17.653
"2082-09",4.402,5.83,14.354,17.259,18.996,24.662,28.962,15.124
"2082-10",-0.835,0.404,9.045,12.793,13.838,21.701,28.383,11.53
"2082-11",-6.508,-6.505,3.477,5.807,8.78,18.332,27.186,7.244
"2082-12",-10.643,-13.854,2.928,3.363,4.282,15.455,24.997,3.899
"2083-01",-17.05,-19.786,-3.705,0.748,4.305,15.434,25.311,0.956
"2083-02",-12.846,-14.782,-0.017,1.861,4.889,16.433,24.805,2.703
"2083-03",-10.477,-11.404,1.738,6.167,6.631,16.709,24.322,4.064
"2083-04",-2.828,-3.45,7.493,12.701,11.803,19.793,25.157,8.501
"2083-05",4.548,2.936,11.462,17.635,15.832,22.776,26.465,12.523
"2083-06",8.669,7.338,15.472,21.781,20.353,26.742,27.369,15.865
"2083-07",10.634,10.287,18.113,23.001,21.246,27.472,28.569,17.717
"2083-08",8.53,10.802,17.176,22.42,21.76,27.068,28.894,17.841
"2083-09",4.399,6.59,15.113,17.708,18.556,24.628,28.765,15.43
"2083-10",-2.952,-0.018,7.147,12.227,15.112,22.818,28.313,11.312
"2083-11",-6.489,-5.643,4.825,4.717,7.198,17.413,26.569,7.279
"2083-12",-12.161,-11.074,2.692,1.918,3.724,15.975,25.574,4.035
"2084-01",-16.275,-18.196,1.967,2.162,1.746,15.927,24.872,1.673
"2084-02",-14.904,-20.051,0.591,4.876,5.255,16.018,25.17,1.851
"2084-03",-11.184,-12.034,4.862,11.91,8.739,18.46,24.967,5.05
"2084-04",-4.63,-4.82,7.257,12.459,11.675,20.56,25.681,8.225
"2084-05",3.515,1.836,12.234,16.746,15.604,23.442,26.531,12.324
"2084-06",8.672,6.47,16.396,20.974,18.966,25.888,27.891,15.641
"2084-07",10.502,8.842,18.944,22.104,20.841,27.182,28.512,17.515
"2084-08",8.321,7.938,19.132,21.519,20.533,27.326,28.998,17.41
"2084-09",3.659,5.613,14.976,17.245,17.931,25.118,28.871,15.054
"2084-10",0.169,-0.372,9.877,10.599,12.903,21.567,28.162,11.446
"2084-11",-6.829,-6.535,3.122,4.933,7.854,17.829,27.109,7.008
"2084-12",-11.108,-11.134,-0.375,1.354,5.517,15.252,26.415,4.033
"2085-01",-10.967,-15.883,-0.981,0.781,3.187,13.676,25.067,2.427
"2085-02",-7.613,-14.396,2.889,4.687,3.266,15.485,23.942,3.7
"2085-03",-5.9,-13.1,3.19,8.412,7.494,17.824,25.11,5.11
"2085-04",-1.158,-5.811,7.674,11.76,10.385,21.161,25.695,8.512
"2085-05",4.211,1.469,12.397,18.067,15.14,23.162,26.464,12.369
"2085-06",8.908,6.613,15.66,21.55,19.364,26.124,27.301,15.723
"2085-07",10.942,10.387,19.46,22.302,21.824,26.047,28.165,17.879
"2085-08",8.777,10.382,17.715,23.209,22.632,26.739,28.928,17.992
"2085-09",5.676,6.502,15.747,16.874,18.069,23.841,28.517,15.424
"2085-10",0.016,1.428,11.008,12.889,13.217,21.901,27.777,11.952
"2085-11",-8.907,-6.477,2.086,3.412,8.362,17.505,26.965,6.623
"2085-12",-14.328,-13.136,0.194,0.171,4.795,15.686,25.814,3.228
"2086-01",-16.079,-14.554,1.331,2.876,4.595,16.092,24.441,2.684
"2086-02",-15.183,-16.612,-0.938,-0.827,3.612,15.872,24.666,1.885
"2086-03",-8.017,-11.36,3.667,7.079,7.593,17.425,24.913,5.143
"2086-04",0.678,-5.407,8.437,12.434,11.152,19.47,25.569,8.904
"2086-05",4.924,2.629,9.962,15.526,14.348,23.427,26.817,12.317
"2086-06",10.139,9.129,16.037,19.79,17.597,25.043,27.742,15.912
"2086-07",10.881,11.856,17.509,24.597,22.475,28.165,28.865,18.37
"2086-08",9.714,10.48,17.746,23.681,21.676,27.999,29.779,18.273
"2086-09",5.735,4.869,14.729,18.504,18.195,26.213,29.7,15.572
"2086-10",-1.251,0.715,7.883,11.698,14.411,22.062,29.043,11.666
"2086-11",-4.384,-4.239,3.336,6.095,8.941,17.56,27.805,8.025
"2086-12",-9.454,-10.208,1.248,4.016,6.016,15.056,26.445,4.813
"2087-01",-15.67,-16.542,-0.831,2.89,5.657,15.508,25.771,2.239
"2087-02",-12.675,-15.42,3.785,4.495,3.74,15.564,24.79,2.855
"2087-03",-9.691,-12.957,4.451,7.334,6.707,16.989,25.245,4.659
"2087-04",-2.035,-3.272,8.398,14.039,12.131,20.084,25.739,9.068
"2087-05",4.755,1.707,14.136,18.132,15.468,23.334,26.524,12.678
"2087-06",8.349,6.198,16.51,22.488,20.086,26.16,27.805,15.834
"2087-07",10.118,8.342,19.453,24.326,23,28.109,28.706,17.981
"2087-08",8.815,8.885,19.64,22.146,21.829,27.823,29.527,18.021
"2087-09",3.929,4.554,15.587,18.661,19.007,26.424,29.68,15.481
"2087-10",-2.285,-1.37,8.871,14.454,14.58,23.546,28.72,11.453
"2087-11",-7.628,-5.458,0.718,6.122,11.021,18.613,27.526,7.42
"2087-12",-16.23,-12.785,0.232,4.892,7.261,16.314,26.341,3.573
"2088-01",-13.74,-19.994,0.415,3.677,4.89,15.502,25.697,1.903
"2088-02",-15.715,-14.622,1.607,5.629,5.412,16.426,25.033,2.553
"2088-03",-8.668,-12.327,4.612,9.08,7.794,18.133,25.51,5.003
"2088-04",-3.575,-3.081,8.732,13.531,12.593,20.294,26.166,8.9
"2088-05",4.703,3.707,12.008,15.942,15.658,23.265,27.118,12.721
"2088-06",9.381,7.517,14.376,22.599,19.584,27.126,27.978,16.019
"2088-07",10.633,11.323,19.964,23.106,22.59,28.179,28.778,18.357
"2088-08",9.365,9.103,19.42,21.702,21.592,27.211,29.147,17.861
"2088-09",4.246,5.849,14.559,18.438,19.031,25.974,29.357,15.403
"2088-10",-2.569,1.894,8.493,12.299,13.934,21.955,28.52,11.507
"2088-11",-8.408,-6.468,3.741,7.008,10.124,17.684,27.725,7.255
"2088-12",-10.268,-15.247,-2.486,-0.558,4.289,14.309,26.473,3.066
"2089-01",-13.672,-19.005,-1.386,1.609,4.796,13.978,25.471,1.845
"2089-02",-13.986,-14.371,1.032,3.442,4.778,15.844,24.856,2.716
"2089-03",-8.225,-15.349,5.956,8.236,7.043,17.834,25.374,4.553
"2089-04",-3.992,-6.399,8.91,12.761,10.328,21.184,25.968,8.121
"2089-05",4.787,3.307,11.79,18.079,15.992,23.203,26.723,12.711
"2089-06",7.317,6.506,16.15,21.766,19.878,27.39,27.705,15.682
"2089-07",10.726,9.512,19.668,23.678,21.292,27.891,28.724,17.89
"2089-08",9.663,9.179,18.455,23.019,22.083,27.307,29.098,17.872
"2089-09",5.166,4.763,14.222,16.061,18.157,25.789,29.088,15.072
"2089-10",-0.747,-0.776,8.45,11.959,13.507,21.145,27.835,11.217
"2089-11",-9.899,-7.179,1.935,4.824,8.546,17.463,26.375,6.384
"2089-12",-13.145,-15.936,1.294,2.107,4.19,16.504,25.12,3.133
"2090-01",-15.636,-18.407,0.412,2.931,3.644,15.623,25.019,1.696
"2090-02",-15.585,-17.657,2.511,5.95,5.413,16.929,24.649,2.354
"2090-03",-12.801,-13.033,6.151,11.612,7.696,19.245,24.965,4.466
"2090-04",-4.312,-4.846,6.841,13.329,10.972,21.25,25.54,8.188
"2090-05",4.775,1.548,11.039,17.392,15.828,23.086,26.7,12.324
"2090-06",8.796,6.514,16.4,20.467,18.775,26.289,28.032,15.583
"2090-07",10.534,9.376,18.901,24.279,22.175,27.182,28.576,17.884
"2090-08",7.409,8.482,17.988,23.073,22.235,26.961,29.049,17.491
"2090-09",3.367,3.924,15.05,18.323,18.261,25.696,29.069,14.862
"2090-10",-2.9,-0.746,9.038,12.728,13.619,22.359,28.476,11.129
"2090-11",-7.454,-6.499,8.412,10.377,9.39,19.509,27.015,7.998
"2090-12",-13.742,-14.419,1.887,4.602,6.14,16.485,25.57,3.692
"2091-01",-10.292,-14.687,2.999,3.728,3.213,16.468,24.522,3.547
"2091-02",-13.303,-17.173,-0.532,0.642,4.647,15.279,25.035,2.192
"2091-03",-11.284,-12.241,2.522,7.392,7.8,18.064,25.116,4.556
"2091-04",-2.68,-5.423,7.818,16.096,12.124,20.875,25.767,8.644
"2091-05",6.344,3.162,12.666,17.715,15.927,24.051,26.677,13.078
"2091-06",9.052,7.013,16.566,21.932,19.701,26.49,27.765,16.074
"2091-07",10.311,11.699,18.511,23.864,22.674,27.773,28.609,18.29
"2091-08",10.514,9.542,19.002,21.627,21.717,26.83,29.206,18.017
"2091-09",5.057,5.851,13.782,17.901,18.874,25.405,29.211,15.409
"2091-10",-1.404,1.051,8.527,10.503,12.928,22.378,28.791,11.416
"2091-11",-6.249,-4.541,3.562,5.421,8.662,17.227,27.229,7.51
"2091-12",-7.557,-9.794,2.922,3.709,5.057,15.373,25.811,5.31
"2092-01",-19.1,-14.054,-0.954,2.543,3.96,15.789,24.731,2.027
"2092-02",-16.45,-18.781,-4.142,1.41,4.875,15.028,25.282,1.015
"2092-03",-8.209,-14.626,5.041,7.34,5.825,16.663,24.933,4.206
"2092-04",-1.198,-6.115,10.756,12.329,9.417,20.156,25.608,8.539
"2092-05",5.255,3.162,12.969,18.594,15.571,23.26,26.672,12.998
"2092-06",8.85,6.307,15.464,19.867,18.988,25.854,27.879,15.532
"2092-07",10.215,9.775,19.498,24.673,21.82,27.347,28.481,17.983
"2092-08",9.721,8.333,19.616,23.97,21.787,26.698,28.849,17.955
"2092-09",5.589,5.223,14.799,16.655,17.896,24.493,28.921,15.237
"2092-10",0.777,1.329,9.885,11.523,12.653,21.535,27.964,11.697
"2092-11",-8.345,-5.316,2.528,6.896,10.515,18.181,27.079,7.433
"2092-12",-15.613,-14.597,0.529,6.038,8.162,17.566,26.105,3.66
"2093-01",-11.338,-14.982,-0.722,1.635,4.421,14.206,24.929,2.788
"2093-02",-17.843,-13.529,-1.818,0.062,3.383,14.591,24.762,1.495
"2093-03",-13.303,-9.015,0.81,7.127,8.402,17.625,25.176,4.339
"2093-04",-3.45,-2.548,6.41,12.427,11.656,19.949,25.435,8.401
"2093-05",3.505,2.864,12.268,17.15,15.347,22.671,26.377,12.245
"2093-06",8.032,7.062,16.236,20.196,19.235,26.244,27.835,15.576
"2093-07",9.084,9.102,18.061,22.964,21.397,27.146,28.609,17.246
"2093-08",8.246,8.722,18.006,22.595,21.033,27.011,29.012,17.278
"2093-09",4.701,4.618,15.874,19.667,17.902,25.182,28.997,15.116
"2093-10",-0.723,-0.224,11.769,13.236,14.698,21.086,28.447,11.526
"2093-11",-9.128,-5.857,7.864,11.568,11.125,19.22,26.68,7.87
"2093-12",-15.341,-9.952,0.17,4.429,6.967,17.238,25.515,4.079
"2094-01",-13.488,-18.235,-0.882,1.359,4.089,15.003,24.425,1.612
"2094-02",-19.256,-17.636,-1.649,4.424,5.58,17.031,25.205,1.419
"2094-03",-9.502,-14.262,1.825,4.281,4.434,17.054,24.787,3.329
"2094-04",-2.051,-4.4,7.293,12.117,10.183,19.749,25.453,8.162
"2094-05",4.322,1.784,11.583,17.125,15.194,23.107,26.299,12.091
"2094-06",8.118,6.848,13.481,20.494,18.324,25.989,27.686,15.082
"2094-07",11.666,10.652,17.424,23.53,20.59,27.226,28.906,17.682
"2094-08",9.397,9.387,18.352,22.981,21.6,26.855,29.374,17.647
"2094-09",5.395,4.766,14.873,17.036,17.629,24.907,29.416,14.975
"2094-10",-0.69,1.212,9.807,13.095,13.767,21.903,28.525,11.68
"2094-11",-8.819,-8.286,4.883,6.949,8.814,18.317,26.75,6.632
"2094-12",-15.871,-14.438,-1.951,2.869,6.013,17.715,25.451,2.95
"2095-01",-14.191,-16.504,0.492,3.734,3.985,16.562,23.8,2.253
"2095-02",-13.963,-13.248,-1.877,1.778,6.135,15.394,25.001,2.67
"2095-03",-9.116,-11.817,2.955,7.038,7.268,17.924,24.671,4.568
"2095-04",-0.686,-6.763,8.133,13.22,11.618,19.443,25.468,8.354
"2095-05",5.717,1.735,11.128,17.963,15.742,23.234,26.537,12.528
"2095-06",9.991,5.839,14.773,22.378,20.119,25.758,27.991,15.627
"2095-07",10.893,8.466,19.057,23.845,22.117,26.855,28.685,17.563
"2095-08",9.427,8.674,17.927,23.443,22.331,26.712,29.191,17.763
"2095-09",5.36,5.212,15.772,18.835,19.158,24.722,29.395,15.581
"2095-10",-1.671,-0.391,9.345,13.008,14.357,21.44,28.749,11.411
"2095-11",-9.105,-7.227,3.046,7.167,9.156,18.379,27.787,6.828
"2095-12",-13.422,-12.554,1.01,3.331,5.997,16.14,26.5,3.696
"2096-01",-12.516,-19.739,0.078,1.319,2.524,16.09,24.988,1.666
"2096-02",-15.066,-18.331,0.27,5.892,5.262,17.554,24.674,2.044
"2096-03",-12.761,-15.418,0.159,5.924,7.32,17.978,25.098,3.253
"2096-04",-5.253,-6.788,6.407,12.791,11.211,19.675,25.673,7.438
"2096-05",3.523,1.667,11.447,17.518,16.004,23.502,26.696,12.151
"2096-06",7.844,5.408,15.484,21.14,19.857,25.49,27.426,15.198
"2096-07",9.755,9.675,19.891,23.3,21.47,28.06,28.166,17.721
"2096-08",9.705,9.374,18.715,22.368,22.272,26.932,29.114,17.893
"2096-09",3.96,5.08,16.999,16.9,18.574,25.007,28.961,15.302
"2096-10",-0.21,0.942,10.704,11.996,13.054,21.613,28.169,11.768
"2096-11",-9.02,-8.126,2.206,6.126,9.454,17.574,26.796,6.574
"2096-12",-15.133,-11.595,3.039,6.042,6.625,17.282,25.846,4.225
"2097-01",-12.871,-17.633,-0.836,0.553,2.909,14.489,25.364,1.874
"2097-02",-15.914,-17.5,0.643,4.803,4.36,15.351,25.247,1.815
"2097-03",-8.191,-14.042,4.595,7.225,6.462,17.098,24.672,4.389
"2097-04",-2.075,-6.572,6.959,10.435,9.32,19.109,25.518,7.667
"2097-05",4.641,3.611,12.446,16.891,15.188,23.937,26.96,12.763
"2097-06",9.298,7.568,16.533,21.27,19.49,25.991,28.145,15.925
"2097-07",10.184,9.816,19.315,23.242,21.398,27.493,28.955,17.805
"2097-08",8.131,9.538,18.28,22.758,21.685,27.122,29.434,17.713
"2097-09",6.445,5.06,14.715,16.31,17.393,25.019,29.481,15.2
"2097-10",2.176,-0.774,9.564,11.058,12.627,20.512,28.843,11.569
"2097-11",-6.913,-4.655,2.925,5.85,9.452,16.866,27.684,7.506
"2097-12",-16.857,-13.959,0.337,3.681,6.038,16.724,26.883,3.102
"2098-01",-14.667,-19.241,-0.249,1.441,3.509,14.234,25.092,1.408
"2098-02",-12.833,-17.445,1.684,3.584,4.41,16.183,24.566,2.495
"2098-03",-11.026,-13.935,2.415,6.461,7.052,16.894,25.721,3.964
"2098-04",-2.423,-5.021,6.625,13.088,11.267,18.851,25.716,8.151
"2098-05",5.252,3.664,10.83,15.934,15.121,22.523,27.305,12.524
"2098-06",9.143,7.49,13.765,22.004,19.143,26.389,28.55,15.724
"2098-07",10.05,9.038,17.254,22.604,21.679,27.823,29.767,17.522
"2098-08",9.621,8.684,18.866,21.537,21.074,27.314,30.022,17.661
"2098-09",4.582,5.46,14.919,18.343,18.051,25.346,29.747,15.301
"2098-10",-1.258,1.026,8.598,15.358,16.294,22.757,28.603,12.001
"2098-11",-6.055,-3.042,5.498,9.361,10.073,19.067,27.599,8.344
"2098-12",-13.206,-8.684,-1.991,3.075,6.638,15.641,26.411,4.207
"2099-01",-15.873,-14.97,-2.864,0.364,3.305,14.53,25.205,1.627
"2099-02",-15.571,-15.563,0.698,4.665,4.054,16.906,25.068,2.083
"2099-03",-10.899,-14.638,3.318,9.59,7.31,17.606,25.404,3.922
"2099-04",-3.294,-5.48,8.389,13.789,10.642,20.804,25.762,8.187
"2099-05",5.179,2.033,13.866,18.738,15.375,23.317,26.811,12.654
"2099-06",8.441,6.892,16.061,22.1,18.566,25.229,27.851,15.434
"2099-07",8.458,9.683,18.846,24.277,22.452,27.648,28.656,17.481
"2099-08",7.108,8.478,17.086,21.526,21.475,26.111,28.86,16.889
"2099-09",5.123,6.06,14.738,19.17,19.188,24.121,28.849,15.324
"2099-10",-1.1,1.42,9.692,14.568,14.872,21.924,28.188,11.81
"2099-11",-8.307,-3.994,2.84,5.645,9.262,17.987,26.902,7.175
"2099-12",-15.467,-12.16,-2.727,1.328,7.164,15.218,25.937,3.145
"2100-01",-14.723,-17.897,-0.38,2.163,3.635,14.826,24.9,1.595
"2100-02",-13.715,-18.659,0.338,6.335,6.781,16.13,24.579,2.134
"2100-03",-11.405,-13.428,2.432,10.614,9.444,17.825,24.969,4.254
"2100-04",-4.017,-3.72,7.546,13.393,11.912,20.483,25.583,8.398
"2100-05",3.958,3.047,12.167,16.962,16.079,23.631,26.642,12.53
"2100-06",7.949,6.968,15.544,21.588,19.712,26.382,27.558,15.597
"2100-07",9.835,9.749,18.842,23.407,21.2,27.727,28.282,17.652
"2100-08",8.544,8.919,19.009,21.037,20.738,26.635,29.062,17.43
"2100-09",4.735,5.383,15.935,17.917,17.85,24.816,28.731,15.228
"2100-10",-1.658,1.658,9.212,13.866,14.953,21.661,27.771,11.686
"2100-11",-11.113,-7.098,6.476,10.559,10.185,20.122,27.11,7.161
"2100-12",-19.244,-12.583,-1.539,-1.441,4.143,15.645,25.86,2.369
