#Dataset: CMIP6_MPI-ESM1-2-HR_ssp585_r1i1p1f1
#Variable: meanpr
#Area: landsea
#Interpolation_method: cdo remap
#Spatial_resolution: 1º
#Creation_Date: 2021-03-13
#Author: IPCC-WGI Atlas Hub (https://github.com/SantanderMetGroup/IPCC-Atlas). Santander Meteorology Group.
"date","GIC","NWN","NEN","WNA","CNA","ENA","NCA","SCA","CAR","NWS","NSA","NES","SAM","SWS","SES","SSA","NEU","WCE","EEU","MED","SAH","WAF","CAF","NEAF","SEAF","WSAF","ESAF","MDG","RAR","WSB","ESB","RFE","WCA","ECA","TIB","EAS","ARP","SAS","SEA","NAU","CAU","EAU","SAU","NZ","EAN","WAN","ARO","NPO","EPO","SPO","NAO","EAO","SAO","ARS","BOB","EIO","SIO","SOO","world"
"2015-01",1.69,1.349,1.003,3.314,2.33,2.274,2.034,1.1,1.268,5.073,3.051,8.4,9.959,0.854,3.58,2.534,2.204,2.798,1.528,2.163,0.041,0.015,2.46,0.017,2.584,4.029,7.276,9.069,0.629,0.979,0.42,1.84,1.327,0.332,1.095,2.258,0.103,0.462,4.813,10.026,2.137,2.389,0.887,2.482,0.54,1.133,0.721,3.312,4.413,3.839,2.67,3.32,2.389,0.089,0.354,6.986,2.84,2.424,2.848
"2015-02",2.2,2.204,1.299,3.817,1.929,3.383,0.677,1.064,1.025,7.349,3.663,7.336,10.332,1.054,5.235,3.668,2.484,2.599,1.201,1.536,0.009,0.04,2.075,0.009,2.217,4.61,6.89,6.874,0.452,0.69,0.353,1.587,0.987,0.413,0.858,2.521,0.007,0.084,6.893,8.64,2.365,5.218,1.236,2.978,0.973,1.552,0.581,3.033,3.979,3.951,2.366,3.234,3.036,0.128,0.272,6.746,3.281,2.638,2.961
"2015-03",2.145,1.711,1.452,2.729,1.695,3.313,0.436,0.714,0.666,6.675,3.824,7.047,8.774,1.515,3.081,2.769,1.646,1.845,0.767,1.886,0.047,0.692,3.42,0.359,2.75,3.544,5.165,4.489,0.811,0.99,0.81,1.126,1.855,0.828,1.876,2.496,0.055,0.16,6.51,6.686,0.141,2.164,1.086,2.924,0.855,1.69,0.91,2.529,4.558,4.153,2.371,4.89,3.33,0.168,1.107,3.818,2.365,2.85,2.831
"2015-04",1.622,1.547,1.89,3.028,2.84,4.03,0.218,1.888,0.856,8.909,6.529,5.412,5.683,0.408,3.03,2.6,2.545,1.851,1.968,0.88,0.008,1.576,4.169,0.224,2.272,1.557,1.607,5.652,1.023,1.343,1.34,2.11,1.133,1.058,2.058,3.086,0.001,0.306,6.673,3.582,0.013,0.588,1.035,3.546,1.069,2.153,0.474,2.81,3.529,3.693,1.359,6.213,3.621,0.31,2.398,5.631,3.577,3.158,2.856
"2015-05",1.754,2.061,1.856,2.012,3.969,3.919,0.851,6.84,4.29,5.788,5.523,2.732,2.7,1.528,2.789,2.929,1.985,3.023,1.748,1.075,0.024,2.292,4.745,1.4,2.143,0.6,0.792,1.956,1.302,1.464,2.227,2.088,0.371,0.736,3.591,3.869,0.075,1.24,7.255,1.271,0.135,2.13,1.876,3.145,1.144,1.807,0.751,3.455,3.216,3.867,1.645,7.756,2.092,0.539,9.278,4.981,2.673,3.079,2.913
"2015-06",2.275,2.646,2.394,1.31,2.973,3.664,1.698,7.377,5.091,5.284,5.929,0.842,1.189,2.578,1.384,3.269,1.362,2.269,2.427,0.431,0.021,3.648,2.996,1.158,0.59,0.397,0.563,1.393,1.509,2.562,2.815,2.769,0.204,0.546,4.695,5.921,0.014,3.528,8.838,0.512,0.23,3.053,1.937,3.787,1.05,1.468,0.937,3.717,3.028,3.758,1.446,7.575,2.15,4.827,8.706,7.075,1.218,3.081,3.006
"2015-07",1.397,2.427,2.55,0.549,2.592,4.153,2.789,8.448,3.332,4.083,3.983,0.375,0.97,1.808,2.054,2.762,2.315,2.85,1.57,0.197,0.149,7.408,2.603,2.371,0.308,0.47,0.462,0.988,1.683,1.609,3.16,4.234,0.09,0.305,6.423,6.046,0.146,6.518,8.706,0.239,0.182,0.738,3.095,3.467,0.892,1.115,1.394,4.512,2.228,3.173,2.087,5.438,1.728,3.146,11.119,4.828,0.938,2.978,2.935
"2015-08",2.17,2.712,2.575,0.414,1.684,4.119,4.31,9.637,5.057,5.5,5.08,0.181,0.474,1.339,1.889,1.636,2.006,1.04,1.077,0.217,0.572,9.733,4.293,3.276,0.627,0.294,0.944,1.062,1.967,1.279,2.6,3.667,0.102,0.848,6.484,5.058,0.753,5.69,7.839,0.204,0.29,1.829,2.925,4.174,1.046,1.36,1.472,4.882,1.482,2.872,2.807,2.809,1.851,2.922,8.242,6.596,0.818,2.852,2.931
"2015-09",1.657,2.496,2.517,0.688,2.076,3.556,4.352,9.764,5.575,5.782,4.875,0.205,2.072,1.613,2.403,2.602,3.557,1.656,1.756,0.268,0.125,7.299,5.467,2.21,1.115,0.414,1.2,0.515,1.976,1.313,1.75,3.251,0.247,0.384,3.106,4.681,0.088,4.479,10.686,0.443,0.043,0.413,1.598,3.65,0.685,1.798,1.398,4.612,1.809,2.667,3.697,2.398,1.871,1.663,8.518,4.231,0.673,2.872,2.907
"2015-10",1.736,2.716,1.586,1.67,1.027,3.516,1.146,7.963,6.389,7.288,6.154,2.595,3.934,1.028,2.5,2.855,3.552,1.962,2.522,1.167,0.031,3.301,5.879,1.891,1.787,0.77,1.095,0.765,1.319,1.72,1.54,2.647,0.284,0.07,1.283,2.848,0.02,2.061,8.988,0.828,0.052,1.325,1.277,3.004,0.638,1.341,1.043,4.973,2.089,2.659,3.847,3.09,1.746,1.466,3.759,5.975,0.675,2.608,2.817
"2015-11",1.698,2.397,1.934,3.229,1.38,3.503,0.982,4.547,4.69,5.333,8.713,5.597,6.808,0.993,3.056,2.321,3.531,3.559,2.12,2.062,0.012,0.61,5.634,1.031,3.847,1.414,2.276,2.244,1.08,1.694,1.189,2.563,0.372,0.188,0.772,1.17,0.077,0.173,5.368,1.358,0.178,1.865,0.92,2.347,0.875,0.933,0.738,4.763,3.319,2.846,3.715,2.882,1.819,3.12,1.243,9.242,1.383,2.378,2.828
"2015-12",2.318,1.718,1.149,2.544,1.442,3.157,2.005,2.499,1.712,5.908,5.798,6.027,10.745,0.753,4.04,1.857,3.14,1.627,1.038,2.399,0.09,0.228,3.376,0.078,4.046,2.422,6.007,5.384,1.121,0.927,0.595,2.15,1.269,0.275,1.341,1.052,0.013,0.155,6.277,2.246,0.081,1.969,0.869,2.769,0.577,1.052,1.204,4.34,4.598,3.154,3.51,3.363,1.926,0.18,0.615,8.228,1.844,2.28,2.855
"2016-01",2.107,2.109,1.164,3.184,1.662,3.031,2.434,0.738,0.658,3.837,4.497,8.324,12.709,0.848,4.007,2.204,3.236,2.422,2.164,1.702,0.04,0.072,2.563,0.012,3.352,3.745,5.501,7.404,0.876,0.792,0.338,1.425,1.071,0.247,1.454,1.658,0.009,0.275,8.258,9.638,3.004,5.379,1.2,2.688,0.663,1.063,0.959,3.121,4.312,3.557,2.904,3.894,2.275,0.078,0.801,6.738,1.78,2.384,2.908
"2016-02",2.114,1.238,1.214,5.103,1.579,3.887,0.983,1.297,2.19,6.372,4.304,9.137,11.127,0.694,3.545,1.952,3.166,2.072,1.226,1.195,0.02,0.041,2.509,0.027,2.393,4.561,5.599,4.708,0.859,0.992,0.632,1.443,1.152,0.424,1.452,2.185,0.005,0.257,5.196,6.572,0.743,0.885,0.918,3.18,0.986,1.394,1.173,2.929,3.759,4.152,2.364,3.363,3.239,0.079,0.241,6.312,3.425,2.666,2.862
"2016-03",1.512,2.044,0.787,2.357,1.753,3.912,0.26,1.219,0.493,9.033,5.402,7.849,11.07,0.673,2.729,2.114,2.785,2.227,1.268,1.338,0.034,0.575,2.466,0.08,2.576,2.308,5.092,5.722,0.746,0.686,0.825,1.73,1.497,1.34,1.657,3.421,0.013,0.135,5.257,5.689,0.237,1.063,1.048,3.862,1.122,1.949,0.651,2.877,4.529,3.651,2.583,4.35,2.811,0.08,0.073,3.624,4.014,2.959,2.858
"2016-04",1.107,1.912,1.519,1.784,2.054,3.111,1.052,1.825,0.423,8.394,5.68,5.342,5.12,2.409,1.75,2.963,2.315,3.477,1.435,1.355,0.032,1.451,4.257,1.016,2.851,1.699,2.006,2.601,1.114,1.529,2.087,1.929,0.741,0.549,2.249,3.491,0.02,0.618,4.242,3.587,0.423,0.584,1.651,3.341,1.279,1.949,0.629,2.585,4.908,4.234,1.752,7.65,3.18,0.377,1.4,5.725,3.269,2.878,2.878
"2016-05",1.194,2.149,1.749,1.945,2.874,2.935,0.385,5.768,3.838,7.601,5.223,2.149,2.083,1.266,1.908,3.535,2.507,3.486,1.39,0.604,0.022,1.754,3.48,1.425,1.714,0.747,0.852,1.097,1.168,1.703,2.575,2.308,1.014,0.976,1.933,5.112,0.197,0.919,6.067,1.511,0.504,0.302,1.874,4.111,1.054,1.363,0.895,3.012,4.202,3.574,1.857,7.464,2.311,1.982,9.178,9.243,2.02,3.173,2.91
"2016-06",1.583,2.141,2.415,1.452,3.21,4.765,1.824,8.627,4.679,4.212,4.54,1.083,1.361,2.136,1.881,2.321,1.392,3.169,1.946,0.384,0.024,3.601,2.481,0.911,0.196,0.612,0.66,1.067,1.611,2.139,2.876,2.175,0.189,0.801,4.007,6.097,0.017,3.117,9.401,0.54,0.171,1.7,3.227,3.812,1.009,1.941,1.081,3.65,4.093,3.511,1.499,8.364,1.787,3.419,7.263,3.283,1.303,3.161,2.972
"2016-07",1.74,2.405,2.346,0.248,2.518,4.337,2.389,6.797,2.494,2.939,2.836,0.327,0.375,2.955,1.532,2.184,2.706,1.655,1.545,0.124,0.089,8.001,2.917,2.18,0.297,0.192,0.598,0.736,1.722,1.8,3.202,2.486,0.102,0.35,6.713,5.652,0.223,6.211,8.404,0.641,0.253,1.245,1.874,3.098,0.914,1.726,1.538,4.559,3.342,3.236,1.886,6.334,1.795,3.595,8.543,4.67,1.278,2.971,2.945
"2016-08",1.853,2.62,2.031,0.448,2.245,3.435,4.965,8.335,4.183,5.417,3.328,0.208,1.492,2.389,2.59,2.386,2.437,1.602,0.824,0.255,0.455,9.706,5.283,3.566,0.486,0.516,0.255,0.874,1.808,1.428,2.964,3.842,0.203,0.202,5.083,5.522,0.445,5.687,8.193,0.109,0.06,0.457,1.644,2.915,1.066,1.498,1.584,4.477,3.441,2.789,2.636,2.503,1.525,2.357,9.604,4.774,0.796,2.977,2.921
"2016-09",2.524,2.918,1.948,0.294,1.108,4.342,3.684,9.644,5.607,6.778,3.341,0.111,1.165,1.93,2.57,2.532,2.136,1.967,1.381,0.81,0.309,7.873,5.901,3.27,0.914,0.305,0.841,0.533,1.438,1.624,2.151,4.029,0.267,0.252,3.856,3.845,0.477,4.607,7.149,0.222,0.019,0.142,2.092,3.009,0.903,1.339,1.521,5.27,3.042,2.452,3.524,2.011,1.761,3.057,9.03,5.48,0.81,2.739,2.912
"2016-10",1.925,2.799,1.511,1.148,1.428,4.264,1.401,9.369,5.522,7.723,3.802,0.929,3.857,1.222,3.391,2.003,3.104,2.269,2.353,1.601,0.065,5.247,6.433,1.648,2.848,0.726,0.625,0.297,1.659,1.604,1.447,2.476,0.372,0.364,0.848,2.533,0.031,2.41,5.468,0.839,0.04,0.117,0.707,1.728,0.587,1.629,1.127,4.7,3.01,2.573,3.442,2.317,2.035,2.82,4.864,9.695,0.885,2.659,2.788
"2016-11",1.601,2.236,1.748,2.298,2.369,3.879,0.669,3.317,2.343,6.537,6.724,2.904,8.448,0.781,2.961,1.412,2.93,3.312,1.895,1.904,0.02,1.045,4.833,0.209,2.252,1.995,1.469,2.074,0.971,0.64,0.78,2.822,0.848,0.381,0.946,1.823,0.017,0.893,6.357,0.546,0.035,1.69,0.847,4.027,0.77,1.478,0.891,4.859,4.899,2.578,3.829,4.055,1.663,2.128,3.845,6.793,1.059,2.3,2.823
"2016-12",2.608,2.378,1.296,3.202,1.482,3.568,0.68,1.71,1.585,4.479,5.671,6.366,9.607,0.968,3.673,2.783,2.385,1.857,1.132,2.546,0.101,0.311,3.624,0.062,4.288,2.362,5.886,5.582,0.746,0.818,0.362,1.36,2.01,0.488,0.872,2.306,0.023,0.107,6.624,2.928,0.112,0.491,0.612,2.332,0.606,1.147,0.74,4.177,4.74,3.061,3.247,4.655,1.87,0.495,1.234,8.813,1.262,2.354,2.862
"2017-01",1.528,1.485,1.1,6.036,1.382,2.632,1.324,2.408,1.516,5.8,5.64,7.388,9.941,0.769,4.393,2.661,3.007,2.427,1.735,2.008,0.015,0.064,2.461,0.055,4.575,2.797,8.121,8.218,0.766,1.481,0.659,2.139,1.684,0.174,0.71,1.046,0.073,0.101,5.803,9.86,0.189,0.76,0.354,2.878,0.687,1.086,0.865,3.421,4.983,3.544,3.117,3.415,2.091,0.051,0.247,6.014,2.007,2.391,2.881
"2017-02",2.604,1.846,1.182,3.251,1.139,3.619,1.19,0.454,0.56,6.197,6.192,8.404,10.859,0.829,3.771,2.202,2.619,0.835,1.206,1.237,0.087,0.017,1.362,0.078,2.755,3.155,7.571,9.2,0.866,0.911,0.321,1.356,1.557,0.356,0.554,3.32,0.057,0.144,3.579,5.385,0.32,0.922,0.872,2.851,0.858,1.666,1.016,2.963,4.323,4.198,2.592,3.56,2.684,0.047,0.008,4.927,4.536,2.55,2.836
"2017-03",1.45,1.31,1.338,3.491,1.563,3.837,0.324,0.725,1.164,7.782,6.683,7.446,11.709,0.846,4.235,2.381,2.55,2.202,1.331,2.164,0.043,0.506,3.318,0.344,2.35,2.749,2.51,4.879,0.761,0.87,0.804,2.534,1.541,0.6,1.118,2.725,0.01,0.056,4.975,5.552,0.96,1.364,1.137,2.742,1.026,1.611,1.164,2.558,5.386,4.246,2.449,4.561,2.679,0.153,0.053,3.358,3.25,2.835,2.886
"2017-04",1.235,1.661,1.464,1.908,2.736,4.64,0.303,2.169,0.691,7.671,6.623,8.605,4.021,1.225,2.218,3.342,2.169,1.499,1.325,0.989,0.025,1.411,4.569,1.142,2.861,1.711,1.442,3.751,1.136,1.043,1.74,1.386,1.72,1.102,2.04,3.078,0.075,0.286,4.285,4.029,0.186,0.408,1.164,2.441,1.035,2.208,0.715,2.523,5.299,4.166,2.13,7.687,2.553,0.153,0.249,3.821,3.008,3.027,2.849
"2017-05",1.15,1.976,1.42,2.124,4.003,3.93,0.584,4.124,1.97,5.666,4.932,3.152,1.654,2.56,1.372,3.257,2.099,2.916,2.319,0.671,0.022,3.273,4.172,1.351,1.739,0.631,0.581,0.972,1.271,1.778,2.567,3.084,0.701,0.819,2.331,4.72,0.022,1.534,6.013,0.846,0.076,0.437,1.941,3.357,1.216,1.393,0.635,2.939,4.658,3.753,1.715,8.635,2.273,2.506,7.807,7.981,2.392,3.261,2.943
"2017-06",1.439,2.198,2.267,1.411,2.699,4.558,1.137,10.685,4.581,3.088,5.147,1.036,0.494,2.295,1.357,2.461,2.621,2.39,2.511,0.251,0.017,3.482,2.623,0.825,0.373,0.45,0.662,0.714,2.053,2.505,3.429,1.929,0.195,0.562,3.615,5.74,0.015,5.741,8.262,0.253,0.828,0.199,2.419,2.745,0.916,1.508,1.103,3.357,4.242,3.579,1.715,7.04,1.941,4.039,15.686,4.803,1.332,3.156,2.97
"2017-07",2.053,2.482,2.587,0.337,1.461,4.708,2.735,8.892,4.193,3.766,3.571,0.311,0.538,3.551,1.136,2.906,1.895,1.864,1.868,0.261,0.126,8.879,3.237,2.129,0.356,0.211,0.381,1.168,2.193,2.051,2.539,2.606,0.263,0.491,6.913,5.883,0.145,6.346,7.918,0.269,0.166,0.847,1.698,3.699,0.922,1.614,1.145,4.169,4.204,3.354,1.905,4.651,2.147,3.397,11.752,5.769,0.854,2.841,3
"2017-08",2.238,2.745,2.945,0.231,1.55,4.129,3.804,8.209,3.871,4.404,3.561,0.281,0.934,1.822,1.394,2.671,2.041,1.618,1.661,0.239,0.321,9.594,5.141,2.498,0.657,0.326,0.415,0.729,2.426,1.455,2.104,3.794,0.055,0.785,6.651,6.124,0.16,5.004,7.249,0.144,0.039,0.42,1.454,2.562,0.869,1.634,0.91,5.178,3.083,2.759,3.083,2.371,1.707,1.913,7.163,4.656,0.629,2.999,2.917
"2017-09",1.442,3.121,3.142,0.519,2.577,3.093,5.711,11.169,5.559,5.967,3.359,0.617,1.729,1.664,3.638,1.839,3.042,2.374,2.524,0.555,0.318,7.799,5.685,2.605,0.917,0.431,0.624,0.647,1.875,1.38,1.129,3.33,0.264,0.468,2.827,2.988,0.169,4.877,6.803,0.151,0.026,0.734,1.274,3.027,0.809,1.839,0.896,4.636,3.025,2.579,3.862,1.49,1.64,2.539,6.517,7.074,0.742,2.684,2.864
"2017-10",1.593,2.293,1.712,1.305,1.187,3.837,1.248,8.464,6.484,5.901,3.732,0.89,3.954,1.074,2.506,2.43,3.53,2.462,1.639,1.356,0.059,3.931,6.36,1.749,3.457,0.659,1.035,1.86,1.565,1.277,1.32,3.157,0.335,0.266,1.063,1.882,0.041,1.884,5.776,0.053,0.024,0.221,1.427,2.651,0.916,1.168,1.334,5.457,4.313,2.521,3.553,1.832,1.532,1.252,3.779,6.252,0.862,2.682,2.807
"2017-11",1.875,2.664,1.472,2.788,1.292,2.107,0.534,3.91,4.158,6.619,5.401,4.09,8.195,1.034,3.437,1.945,3.455,2.763,1.942,1.329,0.02,0.509,4.555,1.031,5.469,0.836,2.454,4.239,0.998,1.746,0.963,2.293,0.75,0.265,1.018,1.088,0.034,1.009,5.396,0.263,0.138,0.945,0.55,1.899,0.579,1.4,0.795,4.772,4.434,2.611,3.71,2.094,1.925,3.738,5.576,10.113,1.295,2.334,2.79
"2017-12",2.053,1.554,1.281,2.466,1.657,3.342,3.142,1.998,2.247,5.174,6.271,5.971,10.683,0.529,4.828,1.995,2.364,1.883,0.89,3.207,0.155,0.064,2.594,0.088,4.236,1.863,5.679,3.93,0.897,1.015,0.56,2.338,1.024,0.189,0.909,1.694,0.008,0.254,8.033,3.222,0.581,1.894,1.209,2.583,0.65,1.324,1.066,4.133,3.667,2.787,3.009,5,1.694,1.138,2.989,10.347,1.636,2.333,2.869
"2018-01",1.307,1.452,1.041,4.685,1.291,4.062,2.658,1.605,1.326,5.873,3.728,7.558,11.82,1.027,4.828,2.648,3.217,3.248,1.8,2.191,0.044,0.091,2.521,0.011,3.743,2.536,6.273,7.834,0.753,0.983,0.52,2.061,1.207,0.249,0.589,1.363,0.004,0.059,6.962,5.68,0.279,0.342,0.708,1.718,0.61,0.923,0.82,3.385,3.931,3.678,3.086,3.23,2.134,0.301,0.28,9.211,2.717,2.522,2.895
"2018-02",1.483,1.479,1.435,3.886,1.505,3.198,2.284,1.07,1.598,7.151,3.24,8.9,11.797,1.663,4.681,3.011,1.724,2.903,1.944,1.935,0.021,0.04,2.265,0.007,3.453,3.553,6.093,6.536,0.556,1.242,0.491,1.368,0.947,0.329,0.471,1.309,0.001,0.041,5.62,11.622,0.452,0.214,0.731,1.868,0.804,0.97,0.538,3.248,4.344,4.058,2.986,2.003,3.273,0.087,0.095,4.981,3.064,2.554,2.892
"2018-03",1.604,1.346,1.441,4.431,2.432,3.866,0.696,0.685,0.596,6.571,6.077,9.511,8.193,0.891,2.777,2.108,2.171,2.591,1.959,1.445,0.024,0.655,3.227,0.548,4.838,3.271,4.554,4.219,0.698,1.39,0.803,1.691,0.802,0.743,1.281,2.701,0.023,0.178,3.644,4.563,1.24,0.741,0.917,2.22,1.099,1.659,0.677,3.074,4.881,4.528,2.105,4.041,3.343,0.092,0.275,4.473,3.174,2.814,2.886
"2018-04",0.909,1.8,1.449,2.208,2.142,3.691,0.392,2.46,0.605,6.954,4.672,4.804,4.291,0.932,2.174,2.393,2.835,1.924,1.252,1.254,0.023,1.717,5.208,1.013,3.606,1.274,2.144,1.957,1.145,1.516,1.768,1.827,0.996,0.676,1.701,2.849,0.023,0.358,3.864,2.34,0.027,0.235,0.989,1.881,1.053,1.651,0.433,2.743,5.995,3.561,2.153,7.728,3.313,0.211,0.594,6.898,3.346,3.205,2.862
"2018-05",0.939,1.876,1.55,1.905,2.106,3.06,0.854,6.911,2.989,5.429,4.852,1.564,1.002,2.11,1.454,2.665,2.139,3.279,1.988,1.072,0.015,2.123,4.392,1.416,1.991,0.885,1.813,1.429,1.566,1.687,1.805,3.197,0.887,0.653,4.038,3.706,0.015,1.278,3.906,0.588,0.072,1.068,1.512,2.587,1.162,2.193,0.9,3.171,4.612,3.849,2.046,8.25,2.334,0.82,3.693,10.014,2.453,3.048,2.892
"2018-06",1.658,2.051,2.029,1.452,1.986,4.52,2.228,10.135,9.69,4.855,5.405,0.543,1.173,4.511,2.904,2.599,2.111,2.5,2.496,0.582,0.018,3.981,3.007,0.992,0.577,0.568,0.467,0.554,1.706,1.878,2.673,3.013,0.173,0.569,3.542,5.89,0.036,4.74,6.748,0.141,0.224,1.156,2.379,4.628,0.907,1.84,0.791,3.691,3.913,3.27,1.469,6.871,2.128,7.346,17.311,5.266,1.125,3.272,3.015
"2018-07",1.174,3.018,2.401,0.503,1.384,4.286,3.323,9.315,3.691,3.133,3.409,0.38,0.263,2.752,1.587,2.301,1.937,2.751,2.119,0.147,0.056,7.302,3.039,2.229,0.494,0.601,0.623,0.739,1.91,2.137,2.505,2.856,0.079,0.375,6.215,6.112,0.05,6.241,6.864,0.109,0.056,0.663,2.734,3.238,1.026,1.571,0.862,4.484,4.894,3.045,2.43,4.315,1.94,4.391,13.388,3.291,1.18,3.102,2.997
"2018-08",2.157,3.169,2.415,0.425,0.844,3.915,2.969,7.625,4.078,3.636,3.669,0.315,0.223,2.536,0.892,3.06,2.287,1.201,0.942,0.201,0.346,9.184,4.486,3.251,0.53,0.497,0.479,1.317,2.722,1.074,2.877,2.61,0.064,0.304,5.798,4.455,0.32,5.224,6.379,0.124,0.037,0.19,2.44,2.643,0.947,0.919,1.228,5.208,4.026,2.781,2.768,2.231,1.531,2.192,9.39,3.72,1.022,2.92,2.869
"2018-09",2.307,2.793,2.208,0.496,1.081,4.035,2.955,8.593,5.233,5.295,3.101,0.121,0.911,2.038,1.507,2.433,2.885,2.241,1.06,0.288,0.454,7.908,5.644,2.475,1.092,0.385,0.696,0.492,1.94,0.704,2.217,3.73,0.252,0.441,2.943,3.519,0.097,3.969,5.971,0.067,0.029,0.133,1.163,2.641,0.717,1.554,1.147,5.986,3.46,2.51,3.185,1.51,1.786,1.06,6.994,5.321,0.637,2.919,2.852
"2018-10",2.264,2.479,2.533,2.085,1.722,3.674,2.397,8.822,6.278,7.425,4.596,1.22,3.814,1.019,3.306,2.058,3.494,1.222,2.164,0.777,0.062,3.431,5.589,2.096,3.885,0.737,1.82,0.764,1.601,2.543,1.473,2.471,0.63,1.039,1.878,1.531,0.073,1.454,3.465,0.054,0.033,0.667,1.188,2.349,0.934,0.941,1.214,5.273,4.505,2.408,3.781,2.153,2.046,1.698,5.154,8.06,0.915,2.56,2.824
"2018-11",2.238,1.925,1.802,4.019,1.395,2.983,1.653,5.781,3.276,6.345,4.94,3.127,6.938,0.745,4.631,2.266,2.795,2.758,2.083,1.898,0.016,0.495,3.654,0.389,5.254,1.187,3.701,2.127,1.157,1.586,1.022,2.282,1.039,0.271,0.309,1.018,0.01,0.536,6.441,0.162,0.09,1.195,0.91,2.856,0.674,0.75,0.91,4.696,3.998,2.515,3.669,2.611,1.824,3.624,7.385,9.898,1.261,2.547,2.824
"2018-12",1.344,1.75,1.379,3.782,2.16,3.815,2.087,3.058,3.247,5.64,7.421,5.629,7.413,0.61,3.396,1.703,2.191,3.659,2.613,2.92,0.028,0.073,3.039,0.068,3.93,1.423,5.161,5.957,0.634,1.712,0.658,2.35,0.698,0.457,0.14,1.556,0.016,0.086,6.739,1.569,0.117,1.242,1.18,3.112,0.58,0.992,0.622,4.162,5.306,2.63,3.478,2.968,1.86,0.489,0.431,10.087,2.104,2.339,2.883
"2019-01",1.177,1.323,1.034,5.122,1.649,4.27,1.465,1.199,1.597,6.111,2.994,7.365,8.087,0.491,4.094,1.323,2.23,3.45,1.666,2.388,0.075,0.033,2.133,0.005,2.41,1.784,3.496,5.548,0.415,0.847,0.321,1.724,0.944,0.498,0.628,1.692,0.006,0.06,4.421,7.212,0.257,1.365,0.715,2.6,0.673,1.158,0.822,3.327,6.672,3.388,3.087,1.764,2.344,0.094,0.07,5.409,4.414,2.337,2.804
"2019-02",1.655,1.451,1.541,4.543,0.955,3.801,1.627,0.613,0.893,7.719,3.577,5.954,9.836,1.021,4.875,2.463,2.809,3.117,1.377,2.216,0.025,0.073,2.491,0.153,2.344,2.439,5.848,6.24,0.443,1,0.567,1.826,0.666,0.576,1.051,2.294,0.065,0.212,3.855,5.567,0.856,0.29,0.774,1.238,0.808,1.576,0.734,2.278,8.404,4.343,2.84,2.399,2.534,0.154,0.067,4.856,2.979,2.838,2.93
"2019-03",1.68,1.455,0.933,4.457,2.284,3.803,0.581,0.539,1.521,8.921,4.484,6.786,9.218,0.884,4.995,2.833,1.982,2.927,1.758,1.331,0.011,0.473,3.134,0.412,3.99,2.152,3.842,4.664,0.541,1.549,0.927,1.776,1.086,0.519,1.519,2.932,0.082,0.555,4.398,3.555,0.655,1.014,1.084,2.202,0.988,1.757,0.69,1.973,7.659,3.607,2.696,3.167,2.757,0.163,0.343,5.04,3.938,2.952,2.885
"2019-04",2.056,2.248,1.525,2.078,3.346,2.361,0.279,1.346,1.213,8.027,5.82,6.779,5.196,1.327,2.165,2.326,2.274,2.108,1.725,0.893,0.009,1.568,4.19,0.47,2.739,1.194,2.05,1.496,0.433,1.877,1.754,2.357,1.333,0.756,1.077,2.711,0.002,0.102,5.424,4.762,0.008,0.356,1.385,2.74,1.033,1.462,0.682,2.326,6.765,3.321,2.084,6.163,2.747,0.088,1.197,5.066,3.8,3.206,2.865
"2019-05",1.316,2.118,1.867,1.469,3.522,3.015,0.889,5.186,1.79,5.618,7.134,3.025,1.837,1.251,2.453,2.966,2.374,3.039,1.755,0.848,0.022,2.801,3.053,1.363,2.111,0.297,0.638,1.566,1.17,2.88,2.394,2.473,0.526,1.139,1.635,4.291,0.079,0.634,7.559,0.59,0.153,1.562,1.725,2.235,0.957,1.686,0.697,2.593,7.033,3.316,1.943,6.33,2.465,0.337,3.89,5.428,2.556,3.264,2.936
"2019-06",1.503,2.175,2.064,1.985,4.001,4.298,1.209,9.551,5.54,3.927,4.979,0.739,1.859,2.559,3.54,2.854,2.169,3.025,2.387,0.732,0.017,5.665,2.793,1.488,0.499,0.643,0.308,0.892,1.682,2.842,2.97,1.496,0.223,0.561,4.004,6.041,0.01,1.911,7.594,0.163,0.219,0.437,1.9,3.509,1.037,1.562,1.206,3.341,5.509,3.331,1.9,4.366,2.144,3.918,4.489,6.007,1.516,3.128,2.985
"2019-07",1.848,2.324,2.195,0.501,2.034,3.974,3.207,8.265,4.028,3.436,3.296,0.339,1.121,2.516,2.401,2.246,2.108,3.792,1.14,0.431,0.095,6.448,2.932,2.587,0.424,0.211,0.713,0.902,1.948,1.822,3.223,3.153,0.09,0.612,5.731,5.743,0.184,6.583,7.977,0.094,0.086,0.517,2.196,3.566,0.981,1.796,1.292,4.412,5.064,2.986,2.428,2.328,2.055,6.605,10.762,5.548,1.087,2.955,3.036
"2019-08",1.34,2.667,2.667,0.189,1.691,3.912,3.002,7.105,3.321,3.578,2.403,0.284,1.904,1.306,2.468,2.128,2.099,2.513,1.546,0.256,0.199,6.648,4.461,3.519,0.532,0.24,0.496,1.031,1.783,1.518,2.584,3.759,0.102,0.529,4.738,5.839,0.252,5.905,7.475,0.046,0.029,0.27,2.154,3.59,0.809,1.21,1.305,5.684,3.755,2.829,2.648,1.052,1.696,2.703,12.887,2.952,0.742,2.831,2.899
"2019-09",2.121,3.078,2.867,1.071,3.178,3.092,4.643,9.092,4.007,5.739,3.095,0.464,1.511,1.821,2.694,1.956,2.696,1.819,2.131,0.417,0.092,6.735,5.592,2.37,0.609,0.364,0.652,1.112,1.847,1.959,1.962,2.521,0.113,0.223,3.003,3.783,0.203,4.748,6,0.048,0.013,0.068,1.114,2.037,0.879,1.044,1.155,5.359,4.659,2.319,3.563,1.124,1.971,2.54,5.91,5.891,0.677,2.808,2.889
"2019-10",2.698,2.768,2.13,0.683,3.242,3.739,3.797,8.595,5.792,6.045,4.315,2.282,4.907,1.932,4.577,2.22,2.67,2.064,2.337,1.22,0.044,3.534,5.232,2.364,1.792,0.467,1.23,1.3,1.311,2.272,1.23,2.654,1.167,0.298,1.748,1.062,0.187,1.6,3.912,0.07,0.067,0.168,0.564,2.459,0.892,1.119,1.078,5.337,4.594,2.601,3.566,1.685,2.092,1.761,6.781,7.677,0.748,2.535,2.84
"2019-11",1.441,2.769,1.563,1.949,2.193,3.562,1.698,5.21,4.449,8.167,6,1.678,5.996,1.077,4.827,1.635,3.632,3.805,2.65,1.86,0.048,1.125,4.791,1.276,5.481,1.608,3.606,1.604,0.977,1.871,1.122,2.187,0.97,0.442,0.896,0.887,0.08,0.563,5.586,0.622,0.313,1.217,1.011,2.468,0.717,1.371,0.903,4.619,4.019,2.538,3.508,2.827,1.933,4.627,5.912,10.366,1.72,2.437,2.876
"2019-12",1.776,1.766,1.401,5.128,1.272,3.203,0.876,2.777,2.764,6.157,4.585,5.762,8.72,1.261,4.187,2.66,2.042,3.835,1.42,2.637,0.031,0.161,3.487,0.105,3.188,2.221,4.552,3.456,0.784,0.721,0.51,1.477,0.741,0.326,1.206,1.602,0.005,0.298,5.688,1.018,0.057,0.613,0.815,2.132,0.655,0.927,0.797,3.914,6.4,2.894,3.511,2.202,2.542,1.968,0.881,9.306,2.496,2.264,2.875
"2020-01",1.548,2.039,1.113,3.884,1.781,2.955,1.314,1.496,1.893,6.494,2.933,6.337,10.397,1.03,5.671,2.587,1.988,2.546,2.145,2.954,0.078,0.028,2.464,0.009,2.932,2.676,5.166,9.38,0.416,1.685,0.405,1.77,1.024,0.492,0.348,1.565,0.007,0.032,6.274,8.062,1.657,2.277,0.895,2.302,0.778,0.776,0.575,3.025,6.24,3.233,3.385,2.265,2.403,0.056,0.189,6.959,3.007,2.386,2.901
"2020-02",2.299,1.649,1.17,2.848,2.357,3.493,2.87,0.786,2.61,6.72,4.797,5.606,11.018,1.122,4.245,2.629,1.278,2.346,1.453,2.278,0.047,0.045,2.189,0.018,2.089,2.285,4.242,6.398,0.525,1.519,0.612,1.78,1.534,0.528,1.096,1.479,0.003,0.503,4.447,12.079,1.471,1.392,1.161,1.207,0.647,1.723,0.673,2.421,5.733,4.737,3.374,2.506,2.282,0.025,0.059,3.704,3.648,2.744,2.923
"2020-03",1.769,1.693,1.148,3.237,2.668,3.613,1.411,0.618,1.078,9.251,7.775,7.54,9.91,1.289,3.446,3.378,2.326,2.203,2.014,1.618,0.057,0.446,2.687,0.185,2.679,1.992,3.563,9.152,0.742,1.533,0.953,1.411,1.008,0.904,1.175,2.873,0.012,0.578,3.92,4.837,0.559,0.213,0.825,2.344,0.898,1.431,0.677,2.009,6.535,3.928,2.273,4.806,2.607,0.06,0.42,3.284,3.645,3.146,2.866
"2020-04",1.942,1.559,1.393,2.384,2.751,4.704,0.132,2.354,1.175,8.153,6.216,6.584,6.995,1.616,3.214,3.007,1.253,1.714,2.728,1.191,0.027,1.076,3.745,0.352,2.47,0.8,2.252,3.207,0.95,2.001,1.723,2.169,0.831,0.927,2.043,2.989,0.001,0.935,6.502,2.745,0.022,0.493,0.463,2.017,0.934,2.029,0.631,2.553,5.612,3.493,1.814,7.209,2.987,0.181,1.141,4.985,4.033,2.948,2.894
"2020-05",1.123,1.983,1.361,2.075,3.187,3.314,0.485,5.39,1.694,7.417,6.593,2.497,3.237,3.445,3.137,2.9,2.295,2.636,1.991,0.739,0.018,2.535,3.584,1.877,2.085,0.337,0.236,1.391,1.028,1.751,2.928,2.773,0.456,0.833,1.772,4.345,0.021,0.501,7.296,0.936,0.331,0.401,1.626,3.342,1.09,1.702,0.912,3.007,5.143,3.388,1.929,8.079,2.17,0.893,4.839,7.878,2.208,3.232,2.957
"2020-06",1.708,2.238,2.312,1.478,3.56,3.734,1.916,8.818,4.975,5.596,6.297,0.698,0.894,2.895,1.543,2.869,2.199,3.571,2.029,0.539,0.015,3.893,2.268,1.581,0.661,0.408,0.409,0.59,1.912,2.216,3.642,2.729,0.209,0.497,3.626,6.362,0.021,4.007,7.232,0.225,0.111,1.035,1.957,2.816,1.151,1.426,0.852,3.395,4.654,3.185,1.805,5.761,2.545,6.303,11,5.772,1.241,3.055,2.97
"2020-07",1.28,2.739,2.341,0.571,2.997,4.44,2.796,7.173,2.359,3.571,3.558,0.24,0.468,4.604,1.477,2.667,2.195,2.522,1.818,0.135,0.05,7.1,2.635,1.716,0.315,0.457,0.432,0.528,2.171,2.042,2.502,2.478,0.203,0.65,6.13,5.806,0.124,6.327,7.708,0.192,0.296,1.362,2.087,3.131,0.801,1.514,1.386,5.024,4.302,3.063,2.055,4.096,2.045,4.548,12.692,5.083,0.999,3.072,3.025
"2020-08",2.741,2.232,2.923,0.256,1.199,4.233,4.007,8.752,5.108,4.11,3.276,0.255,0.902,2.077,2.027,2.709,2.379,1.865,1.284,0.11,0.103,7.988,3.875,2.385,0.578,0.191,0.348,0.78,1.746,1.263,2.658,3.228,0.058,0.415,5.938,5.364,0.106,4.929,7.442,0.101,0.038,0.188,2.81,3.56,0.852,1.192,1.169,5.406,3.266,2.589,2.984,2.355,1.408,1.671,8.569,4.528,0.827,2.851,2.884
"2020-09",2.205,3.009,2.578,1.001,2.227,4.911,4.043,11.489,7.722,5.062,3.395,0.485,1.386,1.503,2.165,1.988,1.77,1.8,1.957,0.656,0.045,4.898,4.862,2.121,1.137,0.199,0.716,1.295,1.453,1.539,2.837,3.216,0.115,0.054,2.698,5.024,0.074,4.342,8.172,0.047,0.029,0.133,2.059,3.21,0.698,1.473,1.231,5.052,2.809,2.646,2.82,1.763,1.983,1.398,7.703,5.621,0.713,2.803,2.874
"2020-10",3.103,2.989,2.343,1.786,2.704,3.477,1.893,9.974,6.909,8.165,4.97,1.63,4.148,1.563,3.339,2.489,2.156,1.733,1.214,1.388,0.039,2.924,5.806,2.163,1.833,0.823,1.166,1.714,1.647,1.476,1.226,2.18,0.345,0.382,0.993,1.581,0.2,1.391,5.782,0.094,0.013,0.12,1.293,3.171,0.755,1.136,1.087,5.392,3.637,2.323,3.75,2.253,1.853,1.675,2.322,7.434,0.769,2.549,2.819
"2020-11",1.354,2.11,1.658,3.362,1.599,2.889,2.158,6.35,3.08,5.876,5.881,1.629,7.496,1.524,4.708,2.173,2.711,2.865,1.431,2.804,0.032,0.82,4.462,0.812,4.61,2.431,3.295,2.295,0.747,1.594,1.139,2.764,1.14,0.548,0.222,1.9,0.033,0.736,5.336,1.35,0.482,1.539,0.846,1.307,0.602,1.234,0.885,4.457,3.846,2.686,3.733,3.146,1.787,2.191,7.285,9.011,1.211,2.477,2.804
"2020-12",2.398,2.227,1.718,2.684,1.325,2.238,2.502,1.772,2.389,5.519,6.613,3.901,10.679,0.732,4.908,2.69,2.29,3.196,1.713,2.736,0.048,0.069,2.457,0.013,3.31,3.142,5.995,5.522,0.512,1.305,0.664,2.42,0.65,0.261,0.918,1.021,0.003,0.675,9.252,5.569,0.523,2.478,0.821,2.776,0.774,0.743,0.7,4.344,3.353,2.885,3.415,2.401,1.731,1.214,4.116,7.653,1.693,2.256,2.863
"2021-01",2.307,1.382,1.417,7.757,1.154,3.296,0.688,1.066,2.746,5.168,5.207,6.344,11.609,0.721,5.446,2.031,2.881,1.881,1.836,1.68,0.128,0.066,2.657,0.013,2.734,3.137,4.435,6.411,0.54,1.308,0.421,1.951,0.841,0.277,0.608,0.872,0.004,0.102,7.089,11.647,2.87,3.303,1.529,1.916,0.761,1.142,0.614,3.571,3.457,3.808,3.055,3.108,1.913,0.084,0.518,7.604,3.112,2.476,2.941
"2021-02",1.863,1.583,1.079,2.764,1.033,2.53,1.323,0.663,1.087,6.917,4.106,8.821,12.964,0.841,5.36,2.205,2.873,2.012,0.717,2.135,0.068,0.36,3.373,0.162,2.369,4.574,6.034,7.294,0.759,0.779,0.538,1.255,1.656,0.631,2.145,1.182,0.022,0.107,5.576,9.084,1.939,8.176,1.077,2.441,0.909,1.253,0.625,2.969,5.079,4.182,2.771,4.069,2.296,0.085,0.087,3.369,3.137,2.503,2.922
"2021-03",1.536,1.726,1.318,2.527,2.271,3.907,0.603,1.175,0.343,7.986,3.502,8.273,10.514,0.849,4.099,2.505,1.701,2.11,1.422,2.247,0.01,0.608,3.372,0.259,2.871,3.106,4.266,6.385,0.512,1.223,0.917,1.843,2.111,0.79,3.1,2.561,0.073,0.126,4.537,5.814,0.068,1.541,0.757,3.771,1.074,2.208,0.761,2.78,5.134,3.574,2.585,4.416,3.437,0.086,0.056,4.604,3.542,2.945,2.893
"2021-04",1.601,1.663,1.184,1.855,3.693,2.926,0.297,1.714,1.038,7.426,4.517,6.64,5.052,1.119,2.46,3.104,1.857,3.035,2.125,1.548,0.016,1.515,4.859,0.988,3.659,1.975,3.176,4.375,0.866,1.541,1.851,1.964,1.252,0.985,1.265,3.285,0.158,0.303,4.14,4.403,0.017,0.181,0.833,2.955,0.98,1.455,0.603,2.565,6.545,3.976,2.069,6.932,2.578,0.105,0.482,4.451,2.889,3.126,2.897
"2021-05",1.666,1.929,2.044,1.333,2.375,3.542,1.494,7.731,3.241,5.985,6.288,3.198,1.968,2.319,0.942,2.382,1.385,3.181,2.36,0.888,0.014,2.17,3.438,1.475,1.425,0.94,0.404,0.588,0.949,2.052,2.299,2.543,0.831,0.403,3.221,4.015,0.044,1.912,4.561,0.65,0.391,0.542,1.648,1.669,1.197,1.546,0.714,2.998,6.192,3.773,1.666,6.604,1.879,3.344,7.016,8.951,1.857,3.242,2.929
"2021-06",1.224,2.106,2.067,0.521,2.494,5.513,1.902,7.556,3.879,4.7,5.3,0.967,0.848,2.232,1.256,2.841,2.62,3.119,1.717,0.285,0.021,3.411,2.655,1.25,0.617,0.301,0.62,0.902,1.74,2.484,2.544,3.482,0.382,0.94,3.702,4.978,0.014,4.455,8.741,0.361,0.251,0.533,2.268,3.363,1.001,1.52,1.011,3.915,4.1,3.08,1.551,6.849,2.252,4.741,11.587,5.045,1.143,3.243,2.957
"2021-07",2.043,2.393,2.233,0.648,2.633,4.801,3.913,9.087,4.295,3.442,4.062,0.418,0.647,2.246,1.825,2.389,1.739,2.304,1.215,0.264,0.043,7.015,2.703,2.314,0.301,0.467,0.477,0.913,2.095,1.367,3.664,3.647,0.083,0.865,6.931,6.407,0.105,5.67,7.207,0.15,0.218,0.408,1.911,2.999,0.882,1.586,1.472,4.738,3.48,3.189,1.833,5.395,1.892,5.049,12.265,4.211,0.997,3.035,2.989
"2021-08",2.433,2.728,3.06,0.391,1.348,3.808,4.383,8.951,4.982,4.318,4.102,0.361,0.433,1.538,1.431,2.19,2.185,1.169,1.055,0.132,0.36,9.226,4.38,3.654,0.578,0.369,0.32,0.619,2.58,0.911,1.748,2.379,0.101,1.416,5.988,5.106,0.773,6.235,7.17,0.138,0.032,0.38,1.27,2.576,0.765,1.689,1.342,4.828,3.856,2.732,2.439,3.094,1.844,2.715,9.033,6.154,0.793,2.994,2.939
"2021-09",2.93,2.577,2.623,0.398,1.673,3.399,5.054,10.15,5.885,6.757,3.74,0.076,1.88,2.137,2.942,2.53,2.968,1.568,1.112,0.575,0.139,6.642,6.055,2.488,1.091,0.306,0.486,0.68,1.859,1.16,1.85,2.912,0.246,0.429,3.204,3.7,0.251,4.838,6.736,0.129,0.057,0.118,1.003,2.437,0.824,1.69,1.129,5.353,2.336,2.536,3.191,1.902,1.956,1.865,7.37,7.614,0.734,2.826,2.871
"2021-10",2.12,2.035,2.442,3.036,2.419,3.294,2.994,9.525,6.424,7.168,3.468,1.027,4.293,1.694,4.455,2.547,2.346,2.688,1.898,1.18,0.028,2.705,6.122,1.794,1.985,0.603,1.232,0.612,1.623,1.933,1.444,2.287,0.152,0.38,0.837,2.205,0.042,2.124,6.527,0.104,0.031,0.252,1.151,2.476,0.597,1.528,1.21,5.318,3.751,2.389,3.663,2.028,2.017,2.625,6.84,6.941,0.821,2.488,2.839
"2021-11",2.008,2.282,1.857,4.524,0.811,3.439,1.318,5.315,4.637,6.127,4.569,4.135,8.014,1.478,3.857,3.27,2.375,1.947,1.971,2.284,0.087,0.978,5.169,0.786,3.945,1.321,2.439,3.246,0.891,1.236,0.784,1.824,1.407,0.394,0.553,1.549,0.072,0.298,3.305,0.242,0.012,0.109,0.858,2.958,0.58,0.737,0.771,4.972,5.294,2.826,3.543,2.429,1.965,1.482,1.113,10.245,1.439,2.329,2.834
"2021-12",1.853,1.758,1.642,3.635,1.383,3.57,1.39,2.815,3.798,6.393,4.862,4.618,9.804,1.645,5.661,2.998,2.16,3.506,2.565,2.498,0.069,0.118,2.858,0.333,5.698,1.683,5.24,6.655,0.823,1.557,0.795,1.431,1.52,0.3,0.354,1.684,0.435,0.114,4.889,1.682,0.27,0.32,0.901,2.538,0.468,0.802,0.512,3.716,5.854,2.764,3.313,2.53,2.342,1.341,0.566,9.15,2.347,2.332,2.843
"2022-01",1.249,1.83,1.022,3.335,1.367,2.689,2.512,3.544,2.209,7.298,3.269,5.643,10.011,0.992,5.299,2.96,2.917,3.656,1.93,1.865,0.028,0.024,1.863,0.015,3.395,2.355,3.946,7.238,0.484,1.38,0.438,1.533,1.092,0.462,0.2,1.26,0.013,0.032,8.257,7.166,0.44,1.085,1.398,2.399,0.648,0.935,0.425,3.17,5.375,2.964,3.022,2.309,2.456,0.256,0.407,8.004,3.789,2.467,2.895
"2022-02",2.105,1.3,1.331,3.936,2.142,3.754,2.849,1.431,1.603,7.539,3.411,7.781,12.425,0.834,5.183,2.501,2.153,2.101,1.713,1.156,0.017,0.028,2.472,0.077,3.45,4.555,7.402,6.57,0.403,1.453,0.566,1.088,1.244,0.366,1.331,1.851,0.055,0.402,5.746,11.109,1.095,3.769,1.344,2.247,0.815,1.406,0.538,2.602,5.897,3.718,2.636,2.933,2.721,0.066,0.59,4.432,2.381,2.732,2.917
"2022-03",1.392,2.2,1.107,2.975,1.816,3.265,1.102,1.267,0.971,7.813,2.74,7.025,9.496,0.601,4.209,2.069,2.666,2.022,2.236,0.974,0.012,0.237,2.591,0.256,2.813,2.986,5.18,6.353,0.775,1.602,0.622,0.779,1.307,0.733,2.204,2.814,0.088,0.299,3.805,5.411,0.533,0.77,0.702,1.144,1.071,1.723,0.684,2.268,7.727,4.361,2.886,2.599,2.966,0.052,0.454,3.652,3.476,2.942,2.912
"2022-04",1.269,1.65,1.47,2.507,1.05,3.049,0.314,3.115,1.76,8.791,5.887,5.175,6.222,1.254,3.2,2.829,2.007,2.679,1.744,1.457,0.072,1.389,4.427,1.981,3.884,1.141,1.52,3.214,1.065,1.349,1.794,2.087,2.427,0.94,3.421,3.876,0.367,1.224,3.603,1.497,0.035,0.903,1.009,2.093,0.987,1.806,0.527,2.279,6.039,3.844,2.202,7.107,2.684,0.286,0.428,5.076,3.585,3.107,2.877
"2022-05",1.241,2.315,1.471,2.307,3.261,3.711,0.354,2.814,2.089,6.135,6.452,2.409,2.481,1.183,2.496,2.254,1.473,3.663,1.888,0.758,0.013,2.689,3.811,1.308,2.081,0.209,0.504,1.535,1.62,1.759,2.124,2.736,1.479,0.403,2.954,4.26,0.053,1.488,5.892,1.982,0.486,1.621,1.576,2.588,1.066,1.947,0.638,3.067,5.412,3.093,2.015,8.027,2.079,1.517,4.731,10.467,2.188,3.099,2.931
"2022-06",1.638,2.081,2.056,1.248,3.555,5.004,1.256,11.739,4.647,4.898,5.146,0.43,0.98,3.473,2.064,2.996,1.869,2.165,3.698,0.396,0.02,4.314,2.644,1.25,0.479,0.868,1.11,0.853,1.461,2.201,2.127,3.44,0.563,1.077,3.718,5.442,0.019,2.453,8.513,0.245,0.421,0.897,2.436,3.809,1.046,1.223,0.738,3.736,4.973,3.172,1.784,6.7,2.21,3.313,7.102,4.968,1.22,3.231,3.025
"2022-07",1.854,2.583,2.249,0.555,1.724,3.878,2.714,8.921,6.493,2.91,3.662,0.249,0.387,1.377,1.771,1.878,2.007,1.447,2.106,0.158,0.066,6.62,2.758,1.922,0.401,0.226,0.312,0.759,1.668,2.192,3.742,2.798,0.202,0.116,4.064,4.926,0.449,6.523,7.204,0.125,0.042,0.095,2.302,3.109,0.814,1.866,1.229,4.608,5.193,2.877,2.527,3.541,2.053,6.084,13.442,3.983,0.734,2.98,2.96
"2022-08",1.922,3.014,2.178,0.482,2.663,3.847,3.726,8.969,3.639,3.234,2.848,0.443,0.146,2.786,1.168,2.024,2.556,1.64,1.327,0.26,0.46,9.16,4.705,3.888,0.688,0.216,0.751,1.072,2.176,1.214,2.845,3.007,0.153,0.708,5.72,5.612,0.55,6.071,7.116,0.075,0.049,0.379,1.958,3.601,0.887,1.492,1.312,5.312,3.547,2.759,3.159,1.994,1.608,3.415,9.48,4.671,0.704,2.906,2.962
"2022-09",2.093,2.977,2.771,0.842,1.985,2.84,3.811,11.11,6.612,5.868,2.471,0.253,1.664,2.219,2.968,2.391,3.196,1.785,1.933,0.469,0.123,7.627,5.909,1.934,0.884,0.573,0.711,0.299,2.415,1.298,1.574,2.619,0.454,0.235,3.653,3.036,0.152,4.939,5.839,0.06,0.008,0.095,1.276,2.787,0.71,1.126,1.011,5.137,3.798,2.372,3.787,1.275,2.101,4.16,8.065,6.477,0.516,2.966,2.896
"2022-10",1.723,2.833,2.829,1.853,1.879,4.025,2.418,9.509,7.436,8.286,4.238,1.316,4.021,1.969,2.929,2.419,3.128,3.267,1.5,1.362,0.12,3.432,6.385,3.162,2.605,0.48,0.493,0.797,1.242,1.548,1.717,2.575,0.217,0.532,1.907,1.982,0.288,2.572,6.062,0.137,0.014,0.146,1.226,2.958,0.866,1.012,1.096,4.731,3.245,2.292,4.11,1.441,1.794,3.416,4.69,8.407,0.864,2.595,2.826
"2022-11",1.209,2.717,1.737,2.241,1.254,3.077,0.458,4.406,4.839,8.151,5.299,2.155,6.373,1.246,3.82,2.746,3.33,3.923,2.077,1.985,0.017,0.56,5.205,1.226,5.46,1.348,1.244,2.529,0.982,1.453,0.985,2.412,0.387,0.201,0.515,1.99,0.027,0.659,4.99,0.273,0.039,0.689,0.388,1.544,0.781,1.206,0.721,5.373,4.442,2.71,3.907,2.794,2.014,2.714,3.646,9.084,1.31,2.347,2.863
"2022-12",1.453,1.292,2.056,5.442,1.808,3.59,1.908,1.912,1.665,5.947,5.354,5.008,10.422,0.624,4.741,2.373,2.467,3.735,2.605,1.854,0.039,0.057,2.586,0.161,4.974,2.446,5.825,3.986,0.756,1.656,0.781,2.82,1.124,0.122,0.179,1.449,0.01,0.162,7.06,2.946,0.299,1.037,0.762,2.815,0.7,1.292,0.46,4.131,4.217,2.829,3.213,3.374,1.912,1.944,1.752,9.497,3.085,2.212,2.889
"2023-01",1.469,1.477,1.541,4.505,2.184,4.099,2.359,1.559,2.5,4.794,5.413,7.767,12.397,1.173,5.373,2.712,3.506,2.96,2.115,1.803,0.068,0.028,1.883,0.017,2.562,2.943,6.067,8.673,0.769,1.459,0.692,1.964,0.402,0.096,0.481,1.024,0.006,0.133,6.298,12.63,3.035,1.783,1.218,1.325,0.735,1.024,0.591,3.407,3.771,3.623,2.772,4.121,1.952,0.225,0.122,6.686,2.351,2.51,2.915
"2023-02",1.647,1.782,1.588,4.247,1.423,3.9,0.904,1.486,1.22,8.706,5.703,6.492,11.968,0.966,5.57,2.272,2.842,3.47,1.59,1.263,0.135,0.218,1.979,0.012,3.003,2.33,6.177,11.113,0.587,0.433,0.512,1.951,0.692,0.2,1.308,2.103,0.013,0.163,5.393,6.047,1.308,2.921,0.419,2.305,0.958,1.142,0.679,2.973,4.399,3.756,2.62,2.488,2.525,0.09,0.029,5.552,4.349,2.447,2.861
"2023-03",1.582,1.937,1.105,1.678,1.809,3.478,0.727,0.835,0.259,9.246,4.923,6.034,12.242,1.156,4.28,2.849,2.267,2.265,1.943,1.166,0.007,0.457,3.564,0.098,2.586,2.598,3.489,1.68,0.853,1.702,1.077,1.232,1.204,0.651,1.269,2.752,0.005,0.098,4.564,6.462,0.657,1.031,1.041,2.03,0.997,1.894,0.603,2.782,6.003,4.231,2.785,3.158,2.73,0.053,0.05,4.34,3.642,2.776,2.897
"2023-04",1.164,1.137,1.189,2.958,2.965,3.345,0.381,3.202,0.797,8.245,6.07,7.813,6.774,1.253,2.863,2.246,1.963,2.972,1.76,1.412,0.019,1.937,4.212,1.378,3.506,1.289,1.446,2.431,1.111,1.362,2.003,3.042,0.819,0.37,1.741,3.519,0.042,0.36,3.648,5.608,0.044,0.731,0.906,2.018,0.947,2.246,0.544,2.858,4.716,3.742,2.282,7.009,2.864,0.186,0.432,4.498,3.378,3.048,2.853
"2023-05",1.726,2.324,1.547,1.245,3.377,3.327,0.703,4.081,0.8,6.775,7.199,4.158,2.874,2.286,2.038,2.605,2.023,2.591,1.799,0.899,0.016,2.493,3.543,1.007,1.348,0.654,0.805,0.73,1.18,1.697,2.322,2.313,0.389,0.428,1.793,4.071,0.016,1.625,6.162,1.327,0.13,1.712,1.654,3.587,1.032,1.226,1.102,3.133,4.344,3.451,1.372,9.067,2.189,2.261,6.475,8.968,2.436,3.19,2.905
"2023-06",1.33,2.294,1.703,1.357,1.93,3.493,0.991,11.345,7.196,4.107,5.475,0.519,0.685,3.399,1.433,3.242,1.977,3.118,2.018,0.753,0.025,6.335,3.163,1.472,0.478,0.534,0.412,0.504,1.769,1.412,2.917,3.922,0.425,0.43,3.877,6.444,0.018,3.441,7.817,0.254,0.175,0.914,2.531,3.724,0.925,1.23,1.323,3.294,3.935,3.293,2.358,6.114,2.22,4.905,11.034,6.374,1.181,3.258,3.007
"2023-07",1.437,2.422,2.401,0.44,2.088,4.914,3.189,9.244,5.966,2.461,3.217,0.336,0.451,1.526,1.348,2.123,2.411,2.075,1.346,0.237,0.124,8.204,2.953,2.288,0.389,0.151,0.796,1.2,2.285,1.618,3.661,3.6,0.228,0.501,6.745,5.342,0.122,6.78,8.354,0.147,0.064,0.257,2.479,3.256,0.849,1.016,1.285,4.64,3.494,3.093,2.45,3.495,1.808,4.323,13.842,4.527,0.833,2.947,2.976
"2023-08",1.477,2.245,2.559,0.406,1.291,4.01,4.009,9.839,4.5,6.095,4.022,0.34,1.176,2.708,2.892,2.316,2.903,1.282,1.11,0.204,0.241,8.914,4.181,2.393,0.384,0.34,0.263,0.662,2.348,0.754,2.722,3.128,0.077,0.385,5.311,6.415,0.192,4.526,7.834,0.243,0.026,0.26,2.135,3.482,1.143,1.027,1.615,4.961,3.327,2.666,3.285,1.625,1.727,0.902,8.407,3.924,0.879,2.792,2.908
"2023-09",2.286,2.602,2.799,0.948,1.158,2.672,3.177,12.138,7.507,6.303,3.365,0.211,1.803,1.986,2.001,2.729,2.985,1.843,1.541,0.35,0.149,6.986,5.491,2.021,0.862,0.346,0.688,0.293,2.157,1.169,2.798,4.271,0.178,0.392,3.854,3.604,0.089,5.044,6.982,0.524,0.144,1.192,0.863,2.446,0.836,1.283,1.091,4.854,2.381,2.549,4.346,1.74,1.962,2.062,7.243,7.348,0.518,2.861,2.892
"2023-10",1.974,2.876,1.998,1.394,1.455,2.765,1.537,7.637,5.775,7.563,4.011,1.417,3.656,1.633,2.977,2.106,2.954,2.135,1.955,0.874,0.027,3.211,5.617,1.748,2.359,0.286,1.536,1.847,1.994,1.155,1.313,2.568,0.225,0.32,2.194,2.654,0.013,3.452,7.44,0.562,0.19,2.37,1.002,2.464,0.799,1.222,1.153,5.006,3.573,2.478,4.15,2.174,1.69,1.856,8.222,6.993,0.858,2.435,2.836
"2023-11",1.433,2.796,1.561,1.572,2.258,3.852,2.126,5.634,3.453,6.227,6.843,2.472,7.782,1.164,4.27,2.563,2.875,3.816,1.929,2.468,0.018,0.864,5.064,0.697,4.199,1.294,2.586,2.879,0.956,0.852,0.91,2.141,1.096,0.4,0.737,0.694,0.074,0.34,3.835,0.486,0.042,0.941,0.846,2.338,0.962,1.203,0.856,5.128,4.752,2.702,3.497,3.229,1.94,1.052,0.952,9.891,1.151,2.301,2.832
"2023-12",1.394,1.468,1.727,5.272,1.484,3.387,0.881,3.139,1.838,7.562,6.193,5.544,10.87,0.835,3.415,2.435,3.141,3.683,1.89,1.786,0.011,0.149,2.678,0.081,4.63,1.431,5.011,6.996,0.806,1.687,0.719,2.122,1.431,0.349,0.467,1.616,0.027,0.253,6.039,2.289,0.031,1.227,0.704,3.057,0.687,1.145,0.556,4.215,4.571,2.649,3.054,2.712,1.988,0.262,0.681,10.71,2.701,2.185,2.844
"2024-01",1.655,1.294,1.302,5.239,1.35,3.433,1.006,2.247,2.496,6.991,4.279,4.678,10.611,0.652,5.203,2.754,2.909,2.372,1.242,2.135,0.019,0.044,1.965,0.15,3.665,2.628,5.927,5.659,0.642,1.366,0.693,1.665,0.769,0.309,0.709,1.139,0.07,0.133,6.525,11.739,0.313,1.152,0.634,2.22,0.559,1.213,0.574,3.186,5.478,3.448,2.854,2.355,2.202,0.118,0.229,5.982,2.789,2.52,2.862
"2024-02",1.615,1.144,1.124,5.303,2.404,2.998,1.224,0.968,1.201,9.351,3.842,6.697,9.869,1.22,4.328,2.322,2.535,2.224,1.55,1.706,0.012,0.086,2.633,0.095,4.253,3.102,5.027,8.789,0.515,1.024,0.499,1.738,1.203,0.447,0.974,1.624,0.007,0.067,3.877,8.908,0.813,1.677,0.547,3.468,0.862,1.138,0.643,2.733,5.328,3.859,3.325,2.607,3.148,0.047,0.083,6.124,3.527,2.695,2.885
"2024-03",2.314,1.746,1.172,2.104,2.779,4.415,0.513,0.514,0.188,5.613,3.287,6.869,9.806,0.683,3.241,2.53,2.053,1.5,2.369,1.226,0.01,0.533,3.059,0.093,2.797,2.424,3.456,5.608,0.92,1.356,0.881,1.36,0.9,0.708,1.848,2.654,0.003,0.269,4.05,3.247,0.04,0.268,0.757,1.9,0.919,1.627,0.58,2.462,7.858,3.871,2.304,3.406,3.041,0.107,0.648,5.134,4.094,2.907,2.871
"2024-04",1.723,2.108,1.39,1.957,2.437,3.409,0.603,2.479,1.165,7.201,7.191,6.541,5.558,1.53,2.63,2.563,2.196,1.461,1.303,1.268,0.085,1.649,4.978,1.385,3.381,1.993,2.178,3.359,0.991,1.286,1.406,1.805,2.034,1.066,1.964,3.535,0.354,0.406,2.63,1.358,0.054,1.061,1.098,1.642,1.306,1.541,0.74,2.07,7.187,4.199,1.859,7.716,2.371,0.244,0.31,4.827,2.778,3.156,2.873
"2024-05",0.996,1.927,1.554,2.671,2.929,3.88,0.328,6.229,1.918,7.245,5.928,2.753,2.417,2.945,3.248,3.129,1.955,3.223,2.58,1.183,0.012,2.833,3.81,1.365,2.725,0.916,0.899,1.607,1.01,1.413,2.601,2.64,1.279,1.371,2.647,4.739,0.089,1.071,5.619,0.74,0.415,0.486,1.5,3.115,1.107,1.56,0.608,2.767,6.409,3.088,1.841,6.997,2.635,0.582,3.723,11.461,1.544,3.119,2.987
"2024-06",1.2,2.405,1.833,1,2.086,4.799,0.92,9.555,6.305,5.78,4.999,0.486,0.794,4.143,2.197,2.936,2.049,2.577,2.932,0.312,0.016,4.384,2.788,1.163,0.708,0.552,0.604,0.413,2.203,2.163,3.319,2.125,0.196,0.438,4.47,5.163,0.008,2.867,7.832,0.179,0.028,0.385,2.505,3.153,0.859,1.413,0.889,3.143,5.894,3.092,2.08,5.92,2.438,4.501,10.922,5.161,1.077,3.257,2.986
"2024-07",2.178,2.56,2.235,0.287,2.359,4.488,2.353,7.382,4.784,2.76,3.37,0.271,0.339,1.55,0.731,2.421,2.523,1.362,2.512,0.141,0.282,8.373,3.225,2.974,0.476,0.352,0.578,0.713,1.907,2.25,3.409,2.394,0.291,0.14,4.792,5.444,0.748,7.146,6.556,0.165,0.209,0.368,2.523,3.024,1.094,1.14,0.989,4.271,5.019,3.074,2.444,3.922,1.847,5.458,11.523,5.373,0.846,3.222,2.994
"2024-08",2.187,2.811,1.945,0.238,1.96,4.636,3.747,11.678,6.888,4.818,3.759,0.236,0.646,1.576,2.539,1.683,2.13,1.24,1.462,0.101,0.392,8.788,4.244,3.034,0.64,0.237,0.598,1.119,2.299,1.316,3.205,3.481,0.217,0.391,5.118,5.23,0.509,5.9,6.337,0.153,0.089,0.892,1.814,2.717,0.685,1.346,1.324,4.904,2.892,2.571,2.971,1.65,1.871,2.446,7.832,7.693,0.737,2.993,2.915
"2024-09",2.129,2.733,2.657,0.439,2.086,3.192,5.171,8.791,5.242,5.197,3.074,0.179,1.469,1.851,2.237,2.012,2.959,2.579,1.381,0.474,0.232,7.34,5.622,2.782,0.9,0.447,0.482,0.777,1.966,0.957,1.995,2.718,0.127,0.35,3.764,4.456,0.344,5.581,7.686,0.191,0.09,0.589,1.259,2.45,0.768,1.63,1.204,4.658,4.056,2.495,3.689,1.782,2.026,3.642,11.05,4.876,0.709,2.719,2.904
"2024-10",1.645,3.029,2.337,1.36,2.015,2.998,0.689,8.986,7.841,6.968,5.06,2.316,3.602,2.37,2.14,3.291,3.161,1.486,0.925,1.668,0.059,3.509,7.191,2.195,3.42,0.916,1.385,1.279,1.529,2.007,1.496,2.259,0.755,0.344,0.963,1.6,0.211,1.763,3.9,0.097,0.028,0.702,0.932,3.217,0.702,1.146,1.024,5.043,3.982,2.357,4.227,1.489,1.849,1.749,2.952,6.767,0.967,2.415,2.746
"2024-11",1.67,2.519,1.758,3.401,1.274,2.608,0.979,3.859,4.614,5.708,8.079,3.589,10.023,0.844,3.798,2.322,2.911,2.229,1.476,1.476,0.01,1.132,5.22,0.578,4.357,1.298,1.828,1.625,1.321,1.305,0.986,2.574,0.766,0.37,1.849,1.662,0.018,1.824,7.523,0.683,0.324,2.45,1.152,1.941,0.931,0.882,0.823,4.66,3.195,2.6,3.63,3.696,1.553,2.332,8.982,9.698,1.592,2.384,2.876
"2024-12",1.797,1.497,1.491,3.513,1.52,4.705,0.594,2.608,2.919,6.42,5.795,5.304,11.851,0.468,4.24,1.881,3.305,2.664,2.206,1.432,0.015,0.079,3.04,0.064,4.889,2.474,3.992,6.724,0.77,1.758,0.75,2.453,0.963,0.192,0.116,0.897,0.032,0.365,8.35,6.168,0.789,1.516,0.798,2.459,0.563,0.803,0.513,4.037,4.126,2.964,2.805,3.452,2.16,0.956,3.448,8.261,1.67,2.358,2.878
"2025-01",1.638,2.46,1.24,4.198,2.209,3.714,1.87,1.176,0.84,5.269,3.304,7.036,10.056,0.511,5.546,2.322,3.564,3.378,1.897,1.433,0.008,0.003,2.019,0.017,2.714,3.805,5.217,5.943,0.744,1.22,0.527,1.47,0.779,0.179,0.869,1.269,0.018,0.359,7.181,5.04,0.17,1.384,0.884,2.42,0.73,1.036,0.508,3.023,5.452,3.847,2.736,3.313,2.258,0.162,0.262,8.931,3.237,2.272,2.914
"2025-02",1.98,2.209,1.169,2.665,3.044,3.155,1.04,0.573,0.993,6.458,4.442,6.622,11.194,1.338,4.559,2.895,2.737,3.223,1.747,1.687,0.007,0.008,2.453,0.005,2.462,3.578,5.793,10.699,0.525,1.033,0.549,1.436,1.371,0.481,1.006,1.746,0.003,0.068,6.56,9.638,1.522,2.517,1.857,3.047,0.865,1.496,0.486,2.678,5.443,3.468,2.706,1.895,2.628,0.062,0.046,4.578,3.798,2.777,2.909
"2025-03",1.48,1.306,1.463,3.099,1.7,3.91,1.736,1.757,1.463,8.639,4.43,7.885,7.958,0.956,3.609,2.433,1.752,2.162,2.033,1.786,0.023,0.321,2.8,0.215,3.857,2.471,2.667,4.573,0.719,1.225,1.05,1.775,0.716,0.217,1.808,1.383,0.005,0.502,4.267,10.256,1.228,2.636,1.458,2.522,0.963,1.727,0.597,2.321,5.179,4.292,2.539,2.892,3.161,0.059,0.279,4.727,3.373,2.805,2.835
"2025-04",1.35,1.561,1.093,2.494,2.337,3.675,0.352,1.256,0.6,8.298,6.138,7.256,4.946,1.308,2.78,2.307,1.437,3.217,2.595,1.409,0.016,1.857,4.258,1.212,3.807,1.392,0.882,1.973,1.065,1.865,1.525,1.547,1.643,0.573,2.46,2.99,0.074,0.939,3.235,5.117,0.158,0.641,1.306,3.407,1.213,1.794,0.631,2.539,5.277,3.824,2.16,7.538,3.22,0.224,0.56,5.934,2.598,3.21,2.86
"2025-05",1.444,2.387,2.05,1.285,4.104,3.378,0.288,4.622,3.877,7.08,7.889,2.828,2.35,2.292,1.537,3.479,1.646,2.896,2.41,0.789,0.018,2.873,4.159,0.994,1.656,0.638,1.299,0.787,1.601,1.769,2.097,3.155,0.853,0.976,1.901,4.496,0.011,0.753,6.011,1.156,0.559,1.462,1.833,3.55,0.983,1.853,0.524,2.872,4.787,3.434,1.464,8.394,2.446,1.329,5.226,9.793,1.929,3.088,2.938
"2025-06",2.073,2.129,1.543,1.209,4.811,4.411,1.481,8.926,4.054,4.637,5.482,1.016,1.204,3.234,1.275,3.334,1.64,3.488,1.846,0.625,0.028,3.275,2.337,1.521,0.769,0.354,0.312,2.125,2.193,1.783,2.321,3.786,0.486,0.648,3.809,6.379,0.008,3.499,9.016,0.763,1.117,0.864,2.84,4.104,1.028,1.756,0.97,3.528,3.734,3.322,1.823,7.715,1.649,2.351,13.432,3.824,1.288,3.108,2.968
"2025-07",1.581,2.42,2.524,0.471,2.568,4.762,2.471,6.307,3.255,3.367,3.974,0.59,0.53,2.444,1.611,3.169,2.68,2.81,1.192,0.152,0.053,7.101,3.118,1.941,0.291,0.541,0.481,0.649,1.288,1.718,3.745,3.413,0.143,0.463,5.716,5.502,0.186,5.308,8.554,0.312,0.189,0.79,2.425,2.917,0.957,1.057,1.54,4.298,3.883,3.146,1.97,6.775,1.571,5.647,10.638,5.217,0.945,3.105,2.996
"2025-08",1.712,2.846,2.167,0.359,1.826,4.129,3.316,8.848,4.663,5.014,4.249,0.591,0.735,3.185,2.077,2.929,2.892,1.748,1.421,0.17,0.187,8.411,4.29,2.245,0.276,0.402,0.604,0.665,2.665,0.69,2.468,3.686,0.108,0.881,5.704,6.239,0.157,5.402,7.608,0.162,0.097,0.372,1.776,2.448,0.815,1.502,1.445,5.592,2.809,2.784,2.513,2.922,1.498,2.312,8.41,2.941,1.017,2.979,2.927
"2025-09",1.628,2.787,2.222,0.462,1.854,4.414,4.391,12.133,5.035,7.963,5.289,0.658,1.973,2,2.541,2.665,3.491,1.887,1.526,0.362,0.114,8.085,5.429,2.006,0.722,0.221,0.184,0.237,1.695,1.515,1.992,3.57,0.099,0.147,3.756,4.071,0.124,4.58,6.805,0.157,0.024,0.26,1.171,3.369,1.073,1.191,1.376,4.529,2.365,2.516,3.581,2.833,1.59,1.538,6.025,6.643,0.573,2.819,2.838
"2025-10",2.373,3.207,2.342,0.802,0.766,2.905,1.299,6.792,8.388,6.44,5.52,1.608,4.056,0.861,4.253,2.656,2.243,2.692,2.166,1.407,0.029,2.504,5.332,1.791,1.845,0.424,0.536,0.298,1.811,0.821,1.248,2.901,0.482,0.355,1.473,1.889,0.055,2.853,7.568,0.154,0.06,0.371,1.061,3.064,0.691,1.364,1.226,4.827,3.342,2.515,3.859,2.261,2.251,4.219,10.424,8.145,0.693,2.738,2.882
"2025-11",1.886,2.237,1.409,3.013,1.467,3.201,0.96,4.208,5.917,5.404,7.702,3.962,5.904,1.561,4.086,2.443,2.516,3.027,2.1,1.878,0.176,0.675,4.514,0.251,3.24,1.752,2.969,2.272,0.884,1.671,1.156,2.176,0.455,0.576,0.252,1.31,0.016,0.285,4.569,0.511,0.031,0.48,0.721,2.338,0.422,1.367,0.775,4.987,5.03,2.899,3.622,3.587,1.734,1.048,0.833,9.164,0.879,2.415,2.828
"2025-12",1.556,1.85,1.433,4.668,1.645,3.749,1.456,2.192,2.541,6.9,6.129,5.715,10.769,1.155,4.465,2.964,3.473,3.073,2.255,1.558,0.019,0.065,3.174,0.039,3.751,1.76,5.098,6.121,0.818,1.035,0.493,2.241,1.667,0.337,0.876,1.578,0.046,0.14,7.839,3.987,0.045,0.393,0.66,2.04,0.538,0.852,0.644,3.74,4.448,2.888,3.4,2.467,2.276,0.094,0.395,8.529,2.156,2.293,2.85
"2026-01",1.776,1.48,1.121,5.401,1.419,4.702,1.404,1.165,1.613,6.392,5.791,6.764,10.606,0.737,3.649,2.56,2.807,2.122,1.751,1.674,0.081,0.029,2.15,0.038,3.96,3.442,7.206,9.786,0.419,1.772,0.552,1.933,0.606,0.3,1.038,1.76,0.086,0.083,6.386,10.393,0.727,0.517,0.675,2.238,0.609,1.127,0.465,3.304,4.876,3.438,3.066,3.246,1.752,0.218,0.095,6.02,2.255,2.398,2.862
"2026-02",2.026,1.164,1.278,5.139,1.638,4.582,1.111,0.632,0.988,8.919,4.43,8.139,11.84,1.422,4.91,2.929,2.258,2.455,1.687,1.729,0.012,0.069,1.793,0.023,3.105,2.936,5.848,8.252,0.476,1.291,0.69,1.633,1.033,0.285,0.992,2.133,0.003,0.099,4.252,10.773,0.932,1.67,0.436,1.785,0.949,1.61,0.432,2.827,4.964,3.741,2.983,2.207,2.542,0.043,0.105,5.348,3.897,2.495,2.861
"2026-03",2.114,1.297,1.269,3.432,1.3,4.139,0.278,1.117,0.706,8.269,4.873,7.492,10.857,0.641,4.311,2.381,2.205,2.287,1.546,1.633,0.017,0.54,3.682,0.536,2.713,2.804,3.962,7.02,0.999,1.251,0.977,2.1,0.833,0.392,1.283,2.126,0.043,0.116,4.551,7.921,0.318,1.571,1.005,1.687,1.163,1.752,0.742,2.475,6.694,4.08,2.381,4.111,2.833,0.128,0.406,3.885,3.478,2.727,2.926
"2026-04",1.181,1.969,1.343,2.155,3.753,3.331,0.189,2.217,0.97,7.154,7.228,5.316,3.154,1.666,1.028,3.116,2.035,1.581,2.002,1.412,0.015,1.36,4.343,0.989,4.459,0.982,1.325,4.486,0.837,2.256,1.783,1.614,1.021,1.07,1.309,2.773,0.004,0.567,3.971,3.821,0.076,0.344,0.612,3.317,1.033,1.731,0.468,2.484,6.202,4.112,1.982,6.742,3.016,0.165,1.001,5.577,2.817,3.124,2.867
"2026-05",1.833,2.088,1.681,2.196,4.957,3.156,0.326,6.188,3.191,6.52,6.744,2.439,1.515,1.595,2.247,2.429,1.69,3.26,1.383,0.966,0.014,2.358,3.231,1.04,1.779,0.421,0.447,0.725,1.329,1.113,2.836,3.287,0.768,0.748,1.198,4.462,0.005,1.42,7.668,0.601,0.549,0.592,2.286,2.761,1.003,1.854,0.819,2.727,5.605,3.618,1.719,7.834,2.399,1.267,11.385,6.983,2.078,3.381,2.999
"2026-06",1.901,2.444,2.12,1.18,2.198,3.941,1.366,8.841,4.009,4.724,5.485,0.692,1.681,2.445,2.415,2.761,2.121,2.874,2.405,0.517,0.014,3.703,2.559,0.943,0.512,0.263,0.578,1.615,1.64,1.943,3.237,2.63,0.511,0.434,3.776,6.431,0.004,2.943,7.907,0.415,0.31,0.204,1.907,2.78,0.811,1.638,1.269,3.592,5.885,3.275,1.474,5.869,2.582,3.313,6.244,5.934,1.419,3.219,3.03
"2026-07",1.234,2.771,2.851,0.37,1.694,4.064,2.018,8.906,2.618,4.01,4.503,0.322,0.509,2.273,1.93,2.732,2.276,2.877,1.612,0.198,0.03,6.188,3.008,1.874,0.398,0.315,0.468,1.712,1.693,1.652,3.432,3.287,0.116,0.38,6.128,5.756,0.05,5.949,7.513,0.235,0.048,0.331,2.057,3.001,0.835,1.658,1.158,4.503,5.425,3.045,1.875,4.082,2.062,3.575,14.434,3.32,0.958,2.965,2.981
"2026-08",1.629,2.59,2.491,0.295,0.98,3.35,3.718,7.192,3.057,3.813,3.859,0.371,0.492,2.072,1.726,2.181,2.747,1.901,1.329,0.093,0.406,9.307,4.517,3.266,0.591,0.401,0.648,0.659,1.812,0.851,3.134,3.564,0.142,0.134,5.262,5.275,0.311,5.106,6.409,0.118,0.123,0.629,1.558,2.859,1.046,1.55,1.071,5.631,3.914,2.642,2.55,2.118,1.789,3.099,9.486,3.79,1.065,2.781,2.89
"2026-09",2.22,3.238,2.273,0.757,1.33,3.266,5.991,10.7,4.412,5.914,4.624,0.294,1.108,1.743,3.001,2.304,3.44,1.283,1.96,0.181,0.088,6.016,5.425,2.67,0.976,0.482,0.777,0.709,1.868,1.39,2.049,3.504,0.376,0.191,3.753,3.17,0.347,4.243,5.631,0.068,0.009,0.267,0.86,2.663,0.878,0.964,0.965,6.117,3.102,2.321,3.414,1.783,2.125,1.661,6.891,3.998,0.753,2.829,2.858
"2026-10",2.082,2.11,2.358,2.338,1.642,3.575,1.842,6.564,5.516,7.796,4.074,0.365,3.015,1.451,3.5,1.922,3.239,2.774,1.227,1.412,0.049,3.835,6.084,3.93,3.407,1.126,1.952,0.403,1.67,1.697,1.755,2.376,1.072,0.573,1.117,2.307,0.187,1.312,3.938,0.186,0.067,0.272,0.705,2.618,0.887,1.372,1.316,4.54,4.146,2.464,4.079,1.541,2.163,3.305,3.758,9.484,1.042,2.571,2.797
"2026-11",1.657,2.308,1.976,2.829,1.253,3.496,0.929,4.679,6.121,7.888,6.518,4.915,6.312,0.743,3.747,2.188,3.419,3.108,1.626,1.496,0.018,0.892,4.326,1.328,5.195,1.186,2.616,2.385,1.174,1.622,1.061,2.638,1.127,0.706,0.635,1.672,0.047,0.696,8.361,0.363,0.127,1.25,0.84,2.695,0.573,1.18,0.834,4.777,3.106,2.505,3.407,2.369,1.936,3.077,10.16,7.324,1.542,2.517,2.855
"2026-12",2.011,2.422,1.444,2.497,3.103,3.349,3.702,1.982,0.842,5.811,5.252,4.972,10.849,0.799,4.874,2.127,2.591,2.738,1.731,2.649,0.035,0.127,3.384,0.051,3.397,1.581,3.197,6.035,0.789,1.159,0.406,2.014,0.65,0.532,0.154,2.036,0.007,0.201,6.858,3.141,0.238,0.49,0.931,2.434,0.533,0.888,0.614,3.89,6.283,3.116,3.096,2.806,1.507,0.22,0.845,8.182,1.83,2.232,2.864
"2027-01",2.626,2.485,1.28,1.093,1.317,3.794,1.578,1.259,0.853,4.795,4.143,8.317,11.665,0.859,5.063,2.28,2.899,2.259,1.989,1.783,0.028,0.008,2.443,0.02,3.229,2.259,5.777,7.577,0.494,1.263,0.452,1.335,1.107,0.269,0.575,1.283,0.02,0.063,6.675,5.805,0.281,0.54,1.091,3.673,0.611,1.19,0.577,3.55,5.686,3.254,2.948,2.805,2.771,0.067,0.108,7.076,2.505,2.518,2.9
"2027-02",1.9,1.844,1.761,4.297,1.779,3.017,1.561,0.575,0.889,6.391,3.362,7.196,11.275,0.999,4.219,2.495,2.884,3.147,1.764,1.549,0.004,0.007,2.316,0.004,3.34,2.776,5.739,7.871,0.803,1.697,0.903,1.94,0.778,0.469,1.952,1.308,0.002,0.563,5.525,11.132,2.006,0.95,0.679,1.899,0.771,1.796,0.446,2.752,6.331,3.908,2.215,2.296,2.669,0.108,0.468,7.36,2.828,2.696,2.957
"2027-03",1.805,1.745,1.042,2.226,2.957,4.536,0.434,0.566,0.949,6.923,5.776,9.038,9.923,1.313,2.828,2.631,2.491,1.569,1.391,1.075,0.049,0.416,2.729,0.232,3.112,2.61,3.342,6.057,1.016,1.477,1.08,1.513,1.398,0.492,2.623,3.368,0.199,0.482,2.777,2.582,0.047,0.458,0.663,1.979,0.954,1.522,0.84,2.46,5.66,4.522,1.966,4.274,2.982,0.158,0.062,4.748,4.674,2.828,2.85
"2027-04",1.148,1.656,1.355,1.461,3.273,3.048,0.886,2.496,1.13,6.809,5.207,7.971,5.295,1.372,3.447,2.551,2.016,3.013,1.055,1.84,0.05,1.346,4.458,1.653,3.876,0.413,1.027,4.114,0.96,1.313,1.766,2.215,2.117,0.668,2.927,3.527,0.184,0.364,3.854,2.216,0.219,1.286,1.51,2.268,1.011,2.064,0.513,2.835,5.128,3.514,2.204,6.794,3.037,0.335,0.483,3.866,3.673,3.08,2.827
"2027-05",1.389,1.875,1.978,1.687,2.704,3.141,1.622,6.422,3.749,6.221,5.652,3.387,2.389,1.955,2.451,2.243,1.213,3.234,2.032,1.031,0.016,2.022,3.576,1.65,3.636,0.224,0.629,1.844,0.925,1.791,2.243,3.098,1.082,1.431,2.502,4.072,0.069,0.667,5.211,1.783,0.241,0.736,1.495,2.779,1.032,1.716,0.562,3.448,3.792,3.656,1.69,7.326,2.259,1.677,3.024,9.724,3.416,3.276,2.949
"2027-06",1.686,2.155,2.216,1.034,2.643,4.344,2.126,11.715,5.721,4.287,5.906,1.122,1.083,2.265,2.298,2.262,2.046,3.041,3.247,0.49,0.021,3.487,2.227,0.925,0.451,0.183,0.507,0.822,1.168,2.236,2.88,2.332,0.395,0.676,3.7,6.335,0.006,5.043,8.335,0.562,0.926,0.458,2.984,2.544,0.906,1.822,0.714,3.723,4.121,3.396,1.472,5.949,2.238,4.743,15.327,5.947,1.369,3.102,3.03
"2027-07",1.599,2.274,2.814,0.306,2.231,4.625,4.083,9.537,3.035,4.195,4.078,0.423,0.799,2.043,1.246,2.745,2.615,1.953,2.948,0.123,0.18,7.111,3.448,2.66,0.269,0.545,0.465,0.981,1.593,1.942,2.76,3.693,0.294,0.226,6.278,5.5,0.376,6.247,7.418,0.096,0.063,0.366,2.326,3.757,0.837,1.039,1.32,4.265,4.387,2.963,2.003,4.87,1.964,2.813,11.181,4.054,1.172,3.158,2.976
"2027-08",1.764,2.759,2.143,0.329,2.16,3.885,3.593,7.667,3.917,2.702,3.92,0.213,0.225,2.066,0.972,2.992,2.942,1.844,0.975,0.248,0.261,7.96,3.985,2.97,0.371,0.494,0.875,0.777,1.91,0.754,3.039,3.844,0.15,0.737,6.363,5.678,0.545,5.315,8.198,0.06,0.126,0.313,2.744,3.904,0.931,1.138,1.568,5.364,3.441,2.733,2.62,2.783,1.488,1.934,9.291,3.955,0.95,2.936,2.937
"2027-09",2.133,2.856,3.208,0.872,2.926,4.025,3.391,8.31,4.287,5.494,3.948,0.66,2.168,2.066,2.456,2.357,2.564,1.049,1.819,0.375,0.052,5.659,5.533,1.854,0.87,0.258,0.504,0.717,1.465,1.544,1.579,3.236,0.24,0.078,2.486,4.114,0.19,4.029,7.484,0.086,0.028,0.2,2.256,3.738,0.7,1.273,1.278,5.602,3.451,2.345,3.061,1.823,1.99,1.473,6.798,4.878,0.757,2.659,2.848
"2027-10",1.821,2.584,2.061,1.931,2.689,2.712,1.916,7.581,6.086,7.724,4.765,1.051,3.559,1.184,3.079,2.176,3.491,2.269,1.916,1.081,0.022,2.643,6.494,1.728,3.275,0.693,1.246,0.912,1.188,1.336,1.641,3.227,0.267,0.296,2.242,1.69,0.029,1.956,5.725,0.089,0.013,0.08,0.866,2.804,0.68,1.616,1.12,5.595,3.938,2.465,3.798,2.569,1.691,1.325,6.042,6.9,0.713,2.491,2.824
"2027-11",1.723,2.267,1.607,2.729,1.716,3.131,1.038,4.388,4.562,6.035,8.201,3.9,8.545,1.103,3.936,2.768,2.866,2.678,1.273,2.223,0.035,0.586,4.581,0.576,3.825,1.313,2.619,2.288,1.017,1.553,0.903,2.101,0.771,0.291,0.529,1.675,0.017,0.24,4.962,0.295,0.19,1.044,1.023,2.113,0.794,1.047,0.943,4.866,4.324,2.648,3.419,3.384,2.107,2.165,3.297,9.952,1.486,2.337,2.838
"2027-12",1.156,2.013,1.518,2.347,1.267,2.969,1.94,2.792,2.578,6.322,5.003,6.15,8.525,0.747,4.282,2.596,2.809,4.013,1.913,1.875,0.015,0.143,3.181,0.056,4.589,1.856,4.527,5.262,0.585,1.703,0.542,2.177,1.246,0.436,0.211,1.667,0.035,0.156,7.558,3.381,0.864,2.494,1.499,3.059,0.612,0.711,0.659,4.422,3.931,2.778,2.93,3.052,2.13,1.231,4.246,8.827,1.956,2.224,2.837
"2028-01",2.373,2.07,1.175,4.452,1.779,3.724,0.436,1.921,1.437,6.209,4.552,6.936,11.887,0.756,4.407,2.355,2.959,2.139,1.738,1.046,0.021,0.049,1.802,0.005,2.787,2.112,5.639,7.386,0.629,1.235,0.418,1.369,0.783,0.252,0.57,1.893,0.02,0.085,7.464,4.432,0.331,0.895,0.484,2.967,0.551,1.101,0.687,3.503,5.382,3.316,2.606,3.134,2.1,0.508,0.705,7.699,3.421,2.493,2.89
"2028-02",1.413,1.875,1.232,3.528,1.396,3.045,2.213,0.734,0.769,6.546,3.139,9.295,12.261,0.882,4.887,2.637,3.284,2.763,2.302,0.722,0.005,0.11,1.818,0.018,2.013,2.957,5.017,6.288,0.432,1.873,0.816,1.5,1.072,0.294,0.283,1.395,0.003,0.041,5.949,12.058,2.298,1.082,1.274,3.101,0.973,1.465,0.661,2.99,4.744,3.851,2.649,2.27,2.576,0.07,0.202,4.975,3.932,2.535,2.89
"2028-03",2.063,1.725,1.193,2.683,2.155,3.066,1.561,0.548,1.117,5.96,4.076,9.591,9.501,0.885,3.186,2.771,1.856,2.706,1.458,1.856,0.058,0.818,4.014,0.214,1.848,1.555,2.335,4.747,0.611,0.711,0.853,1.171,2.198,0.411,1.706,2.986,0.45,0.585,3.761,6.805,1.526,2.121,1.037,2.417,0.934,1.456,0.665,2.363,5.825,4.573,2.097,5.354,3.646,0.264,0.119,2.622,3.569,2.828,2.88
"2028-04",1.858,2.167,1.703,1.88,2.517,2.999,0.352,1.358,0.252,9.088,5.535,5.224,6.344,0.892,3.042,2.545,1.883,3.42,1.724,1.158,0.019,1.501,4.813,0.62,2.024,1.262,1.918,2.125,1.004,1.848,1.809,2.282,1.688,1.436,2.751,2.959,0.017,0.328,4.702,1.885,0.028,1.553,0.943,2.111,1.229,1.369,0.688,2.898,5.177,3.963,1.769,6.899,2.774,0.215,0.806,4.897,3.898,3.151,2.883
"2028-05",1.674,2.101,2.19,1.682,2.93,2.727,0.833,3.275,0.985,6.589,5.255,3.958,4.64,2.301,2.984,2.699,1.836,2.396,2.06,0.855,0.021,2.944,3.257,1.086,1.638,0.412,0.665,1.458,1.044,1.994,2.152,3.002,0.583,1.065,1.769,3.798,0.013,1.23,7.801,1.79,0.136,1.089,1.502,3.299,1.166,1.754,0.653,3.341,3.543,3.574,1.386,7.578,2.45,1.7,9.773,9.175,1.474,3.139,2.896
"2028-06",1.79,2.159,2.2,1.22,2.939,5.277,2.055,7.894,4.131,4.413,5.993,1.145,0.929,3.22,2.048,2.709,1.93,2.73,2.279,0.327,0.011,3.573,2.462,0.898,0.801,0.632,0.558,0.863,1.364,2.65,3.332,2.545,0.259,0.372,3.88,6.081,0.007,5.2,8.254,0.416,0.163,0.221,2.771,2.871,0.795,1.667,0.972,4.36,3.189,3.236,1.375,6.211,2.024,4.66,12.495,3.984,1.315,3.255,2.957
"2028-07",1.579,2.386,2.697,0.435,1.897,5.25,3.15,6.702,3.157,2.283,3.814,0.409,0.43,1.24,1.254,2.114,2.175,2.565,1.509,0.141,0.141,7.34,2.571,1.989,0.25,0.227,0.419,0.819,2.027,2.349,3.076,2.366,0.094,0.203,5.974,6.291,0.258,6.031,8.165,0.291,0.128,0.981,1.997,3.254,0.954,1.401,1.314,4.721,3.796,3.304,1.94,3.906,1.934,3.476,9.479,3.691,1.476,2.912,2.945
"2028-08",1.675,2.997,2.131,0.489,1.643,3.619,3.77,7.149,3.088,3.125,3.012,0.496,0.704,1.868,2.02,2.714,2.578,2.117,1.209,0.163,0.289,7.768,3.83,3.79,0.471,0.332,0.303,0.969,1.775,1.38,2.52,3.393,0.06,0.407,5.234,4.402,0.58,6.642,7.879,0.089,0.042,0.2,2.315,3.584,0.89,1.334,1.551,5.576,3.599,2.661,2.563,2.094,1.57,3.566,9.284,2.918,0.981,3.024,2.902
"2028-09",2.32,2.145,2.37,0.359,2.67,4.106,4.413,7.787,4.392,3.869,2.46,0.222,1.321,1.676,1.563,2.637,3.176,1.423,1.202,0.575,0.295,6.744,5.482,2.785,1.053,0.429,0.42,0.714,1.939,1.659,2.176,3.81,0.12,0.168,2.807,4.621,0.125,3.926,6.915,0.075,0.01,0.521,1.159,3.098,0.806,1.182,1.291,6.42,2.975,2.555,3.357,1.511,1.767,2.606,7.867,3.957,0.555,2.679,2.873
"2028-10",2.749,2.617,2.415,2.806,2.534,3.202,3.631,11.188,5.748,6.781,4.723,0.473,5.41,1.253,4.212,1.669,2.561,1.808,1.356,1.546,0.028,3.25,5.888,2.084,3.229,1.057,1.351,1.274,1.492,0.97,1.417,2.747,0.17,0.259,1.316,1.543,0.033,1.844,4.006,0.056,0.059,0.371,0.64,2.253,0.941,1.266,1.071,5.153,3.345,2.388,4.123,2.048,1.811,1.996,3.229,9.59,0.968,2.559,2.808
"2028-11",2.439,2.542,1.678,2.102,2.65,3.984,1.084,4.834,5.146,6.624,4.45,3.191,7.312,1.36,4.826,2.989,3.079,2.016,2.313,1.727,0.017,0.995,4.497,0.593,3.586,1.304,1.696,1.341,1.066,1.567,1.033,1.625,0.94,0.25,0.643,0.847,0.011,0.639,6.241,0.289,0.118,1.515,1.006,2.928,0.733,1.07,0.874,4.869,4.436,2.583,3.535,2.881,1.849,4.284,5.243,8.221,2.104,2.423,2.857
"2028-12",1.62,1.752,0.999,4.319,1.758,3.677,1.256,2.274,2.102,6.195,4.517,4.744,11.169,0.608,6.416,2.569,3.639,1.988,1.857,1.264,0.015,0.125,2.825,0.081,4.512,2.697,5.727,6.318,0.84,1.774,0.601,1.625,1.321,0.235,0.42,1.917,0.131,0.43,5.24,1.671,0.048,0.83,0.854,2.389,0.633,0.59,0.97,4.232,5.137,3.053,3.205,2.898,1.78,0.25,1.053,9.083,2.324,2.227,2.836
"2029-01",1.788,1.582,1.408,6.469,0.686,2.716,0.982,0.971,0.842,7.692,4.637,6.025,10.807,0.901,4.591,3.09,2.661,2.071,1.69,2.629,0.03,0.017,1.657,0.005,1.791,2.509,6.272,6.941,0.504,1.266,0.427,1.86,0.71,0.274,0.275,1.116,0,0.037,6.516,9.144,0.659,3.182,0.843,3.698,0.749,0.822,0.791,3.35,5.171,3.189,3.135,2.525,2.07,0.112,0.297,8.268,3.865,2.421,2.907
"2029-02",1.666,1.448,0.842,4.735,1.83,3.33,0.919,0.477,1.084,6.947,2.898,7.006,9.404,1.181,4.164,2.319,2.348,3.662,1.498,1.765,0.004,0.027,2.44,0.029,2.633,2.949,5.678,5.325,0.37,1.669,0.658,1.916,0.68,0.234,0.907,1.258,0.003,0.132,5.211,13.354,0.656,0.295,0.504,1.57,0.723,1.261,0.404,2.867,5.617,4.11,3.227,2.229,2.652,0.046,0.276,5.308,2.942,2.801,2.89
"2029-03",1.646,1.446,1.046,5.018,1.908,4.318,0.629,0.523,1.08,7.383,3.857,7.365,10.102,0.994,2.639,2.673,2.132,2.772,1.75,1.777,0.017,0.933,3.916,0.317,2.265,3.454,3.787,3.03,0.944,1.293,1.228,1.99,1.193,0.42,1.417,2.458,0.007,0.183,2.713,7.35,0.607,1.719,0.842,2.328,1.014,1.627,0.733,2.26,6.357,4.483,2.387,5.289,2.699,0.186,0.09,4.101,2.7,2.726,2.837
"2029-04",1.407,1.652,1.578,2.441,3.218,3.158,0.254,1.83,0.434,8.061,7.034,5.728,5.108,0.699,2.511,2.479,1.368,2.72,1.425,1.716,0.017,1.746,4.546,0.991,2.826,2.323,2.987,2.798,0.931,1.943,1.855,2.264,1.93,0.919,1.751,3.054,0.065,0.425,4.528,2.554,0.31,0.415,1.245,2.033,1.118,1.612,0.539,2.897,5.047,3.559,1.884,6.907,2.387,0.253,0.66,5.629,3.621,3.211,2.856
"2029-05",1.569,2.009,1.563,2.155,3.317,4.279,0.311,3.136,0.772,5.092,5.998,2.56,1.369,3.063,1.518,3.156,1.816,3.118,1.757,0.626,0.015,2.401,3.477,1.163,1.548,0.428,1.094,0.867,1.249,2.097,2.863,3.419,0.245,0.686,2.065,4.331,0.008,1.139,6.489,1.06,0.195,1.276,1.959,2.951,1.083,1.904,0.63,3.392,5.716,3.394,1.529,8.208,2.256,2.154,11.025,8.503,1.997,3.261,2.98
"2029-06",1.244,2.543,2.11,1.335,3.227,4.516,1.657,8.912,2.443,4.64,5.251,0.609,1.438,3.851,3.554,3.076,2.156,2.65,1.543,0.543,0.017,3.966,2.953,0.483,0.324,0.351,0.986,1.939,1.539,1.995,2.81,3.109,0.404,0.612,2.206,4.002,0.015,2.287,6.789,0.111,0.163,0.46,2.963,3.922,1.089,1.403,0.739,4.677,5.269,3.303,1.722,5.76,2.113,1.571,4.645,2.272,1.779,2.993,2.938
"2029-07",1.385,2.535,2.284,0.37,2.888,4.415,2.893,7.871,3.41,4.257,4.274,0.355,0.386,4.454,2.476,2.591,2.272,2.259,1.822,0.125,0.068,7.676,2.982,1.038,0.195,0.671,0.504,0.712,2.049,1.792,3.181,2.629,0.087,0.435,5.955,5.481,0.049,4.277,6.262,0.12,0.056,0.432,2.032,2.775,0.854,1.238,1.183,4.83,4.984,3.033,2.241,3.417,2.476,1.399,8.254,3.554,1.213,2.857,2.924
"2029-08",2.022,2.634,2.735,0.218,2.226,4.386,4.406,7.889,3.479,4.017,2.467,0.104,1.387,2.633,3.068,2.123,2.379,0.911,0.975,0.153,0.295,8.209,4.348,2.269,0.478,0.302,0.32,0.316,2.013,1.886,2.198,3.176,0.163,0.397,4.714,4.646,0.328,5.404,6.333,0.094,0.05,0.356,1.986,2.721,0.709,1.741,1.351,5.124,5.245,2.652,2.523,1.719,2.368,3.723,9.369,4.748,0.532,3.08,2.95
"2029-09",2.191,2.757,2.325,0.396,1.47,3.557,5.14,8.282,4.235,4.917,3.122,0.264,0.772,1.456,2.486,2.482,2.529,0.807,1.422,0.767,0.261,6.764,5.798,3.369,1.136,0.326,0.377,0.697,2.04,1.503,1.806,2.974,0.29,0.503,3.594,3.405,0.269,4.811,4.755,0.046,0.016,0.132,1.39,2.473,0.814,1.846,1.388,5.256,5.194,2.481,3.458,1.448,1.775,2.483,6.231,5.631,0.741,2.778,2.863
"2029-10",2.386,2.496,1.942,1.528,2.286,2.3,3.644,9.292,5.934,6.81,4.181,1.502,4.028,1.802,3.545,2.834,2.889,3.027,2.437,1.436,0.032,2.746,5.711,2.803,3.097,0.768,0.879,0.334,1.268,1.598,1.691,2.735,0.196,0.131,1.57,1.52,0.158,1.273,3.295,0.05,0.028,0.118,1.186,2.998,0.687,1.125,0.89,5.259,5.006,2.297,3.777,1.833,2.172,4.392,4.247,9.167,0.667,2.641,2.84
"2029-11",0.968,2.653,1.976,2.813,1.774,3.695,2.214,4.206,3.786,5.333,3.425,1.78,6.613,1.842,5.23,2.381,4.146,2.887,2.532,1.554,0.041,0.952,4.339,0.906,4.67,1.179,2.599,2.313,1.22,1.898,1.366,2.551,0.73,0.075,1.393,1.347,0.062,0.911,5.014,0.202,0.072,0.24,0.662,2.092,0.708,1.204,0.754,4.599,6.916,2.334,3.478,2.383,2.085,3.921,6.521,10.624,1.263,2.232,2.902
"2029-12",1.638,1.814,1.436,2.879,1.855,4.622,1.487,2.133,2.119,5.201,4.794,5.614,10.822,1.107,4.83,2.8,3.99,2.68,2.305,1.476,0.186,0.19,3.186,0.178,5.143,2.397,3.432,5.597,0.809,1.601,0.786,2.122,1.351,0.233,0.905,1.488,0.395,0.313,4.824,0.735,0.106,0.156,0.765,1.888,0.495,0.946,0.6,3.429,7.97,2.79,3.056,3.333,1.862,0.733,0.677,9.118,2.363,2.283,2.873
"2030-01",1.532,1.72,1.542,3.17,1.699,4.652,4.383,0.896,1.459,5.716,2.999,5.791,10.461,1.201,5.133,2.594,2.635,3.541,2.28,1.596,0.021,0.013,2.027,0.022,2.95,2.15,3.461,5.003,0.442,1.284,0.499,1.394,1.191,0.438,0.847,1.992,0.01,0.436,5.991,4.144,0.836,0.363,0.655,1.985,0.577,1.154,0.475,2.811,7.308,3.153,3.22,2.08,2.434,0.22,0.56,8.171,3.107,2.442,2.862
"2030-02",1.001,0.851,1.091,4.848,1.343,3.375,1.1,0.393,1.099,7.09,3.511,6.711,11.137,0.905,3.941,2.738,3.107,2.89,1.206,1.167,0.023,0.061,1.834,0.471,4.131,3.165,7.364,7.548,0.641,1.352,0.561,1.318,1.003,0.496,1.363,2.075,0.034,0.139,4.076,11.403,1.71,1.034,1.01,2.328,0.914,1.524,0.597,2.684,6.89,3.554,3.428,2.168,2.948,0.079,0.103,4.306,3.316,2.674,2.907
"2030-03",1.578,1.514,1.616,2.979,2.081,3.614,1.137,0.694,0.906,6.969,4.833,7.357,7.619,1.078,3.926,3,2.192,3.377,1.493,1.359,0.05,0.37,3.021,0.875,3.301,2.538,3.895,6.559,0.62,1.417,0.794,1.594,1.427,0.853,1.541,2.916,0.164,0.374,4.081,7.928,0.305,1.641,0.722,1.423,1.032,1.797,0.605,2.206,8.454,3.708,2.618,3.322,2.635,0.064,0.234,3.132,3.477,2.84,2.913
"2030-04",1.002,1.729,1.558,2.707,1.921,2.536,0.657,2.49,1.494,9.087,7.534,5.217,7.314,0.746,2.949,2.294,2.342,2.24,1.161,1.632,0.121,1.852,4.138,1.617,3.739,1.934,1.642,2.587,0.878,1.266,1.533,1.519,2.975,1.076,2.26,4.265,0.354,0.727,2.886,1.912,0.034,0.477,1.16,1.694,1.037,2.003,0.404,2.275,6.941,3.845,2.422,5.918,2.618,0.297,0.302,3.353,3.883,3.131,2.885
"2030-05",1.568,1.715,1.418,2.685,3.831,3.356,0.715,4.332,4.926,6.312,7.179,1.732,1.419,2.51,2.792,2.197,1.305,2.112,1.873,1.34,0.017,3.311,3.838,2.071,2.596,0.288,0.647,1.465,1.037,1.387,1.969,2.656,1.96,1.43,2.769,4.516,0.174,0.626,5.75,0.541,0.782,0.17,2.667,3.198,1.248,1.891,0.762,2.639,6.796,2.803,2.176,6.865,2.205,0.932,1.52,9.356,2.531,3.11,2.945
"2030-06",1.376,2.181,1.701,1.469,2.794,4.013,0.974,7.746,7.648,4.389,3.846,0.205,0.791,3.17,2.543,2.5,1.597,2.29,3.168,0.807,0.048,5.169,2.115,0.994,0.415,0.441,0.495,0.925,1.571,2.751,2.818,2.69,0.708,1.284,3.09,5.546,0.03,2.153,7.675,0.209,0.492,1.072,2.04,3.914,1.088,1.621,1.111,3.086,7.713,2.624,2.407,4.835,2.349,6.414,7.726,8.436,1.409,3.096,3.068
"2030-07",1.511,2.501,2.184,0.46,3.251,4.684,2.617,11.33,5.397,3.069,3.12,0.398,0.518,2.621,1.707,2.91,2.005,2.568,2.914,0.214,0.058,6.443,2.786,1.487,0.379,0.493,0.729,1.287,1.712,2.296,3.254,3.106,0.245,0.38,4.874,6.034,0.033,5.266,7.111,0.099,0.085,0.204,2.477,3.552,0.917,1.264,1.292,4.593,5.791,2.563,2.46,2.913,1.918,2.53,12.879,3.297,1.355,2.878,2.973
"2030-08",1.371,3.053,2.443,0.365,1.398,3.612,3.13,9.364,5.294,3.105,1.774,0.158,0.626,2.566,1.832,2.214,2.906,1.938,1.677,0.147,0.129,7.603,3.667,2.051,0.545,0.183,0.259,0.415,2.314,1.887,2.341,3.156,0.188,0.196,4.945,4.869,0.134,4.403,6.262,0.056,0.03,0.295,2.084,3.089,0.868,1.591,1.249,6.033,4.513,2.623,2.908,1.618,2.155,2.097,9.444,5.019,0.72,2.777,2.943
"2030-09",1.966,2.542,2.467,0.689,1.78,3.578,3.664,11.417,5.87,5.934,2.695,0.082,1.274,1.912,2.304,2.641,2.422,1.986,1.487,0.82,0.161,6.651,4.829,1.546,0.757,0.645,0.992,1.2,2.484,1.132,1.833,2.12,0.306,0.61,2.238,3.181,0.078,3.666,5.049,0.055,0.1,0.196,0.889,3.167,0.96,1.137,1.476,5.401,4.495,2.342,3.342,1.285,1.837,1.236,6.825,5.348,0.737,2.663,2.795
"2030-10",2.342,2.932,1.866,0.568,1.38,4.393,2.224,8.016,5.034,7.286,5.036,0.494,2.441,1.518,3.183,2.234,3.6,2.155,1.651,1.35,0.102,4.471,5.379,2.099,2.038,0.833,1.673,1.507,1.04,1.779,1.541,3.472,1.229,0.554,1.571,1.899,0.288,2.034,5.228,0.043,0.046,0.204,0.795,1.598,0.872,1.234,1.091,4.601,4.796,2.297,4.218,1.862,2.178,5.047,6.125,8.746,0.88,2.471,2.853
"2030-11",2.229,2.47,1.738,3.81,1.792,4.373,0.667,4.65,3.79,5.9,4.704,2.835,5.916,0.458,3.586,1.898,3.303,2.52,1.21,2.121,0.019,0.81,4.074,1.12,5.24,0.732,2.186,2.472,1.107,1.544,1.046,1.429,1.736,0.461,1.454,2.359,0.319,0.38,3.533,0.19,0.029,0.153,0.888,2.045,0.697,1.324,0.909,5.392,4.815,2.726,3.467,2.36,1.982,3.253,1.361,10.187,1.025,2.491,2.839
"2030-12",1.376,2.836,1.629,1.557,2.994,4.328,3.168,2.96,2.352,7.755,4.878,2.91,7.449,0.901,6.575,2.006,3.441,3.868,1.948,1.44,0.007,0.041,2.202,0.605,5.98,1.328,5.296,5.55,0.515,1.884,0.794,1.701,1.821,0.389,0.691,2.224,0.095,0.154,5.845,1.605,0.671,1.901,1.819,1.551,0.86,1.635,0.751,3.708,6.415,2.478,2.868,2.578,2.022,0.865,1.577,11.283,1.933,2.327,2.897
"2031-01",1.604,1.62,1.511,6.322,1.31,2.816,1.546,1.329,1.452,7.451,4.406,6.777,9.267,0.848,4.703,1.869,2.033,2.19,2.007,1.782,0.179,0.028,2.376,0.04,2.747,1.702,4.532,6.779,0.593,0.952,0.256,1.547,1.363,0.434,0.575,2.144,0.015,0.207,6.807,5.768,0.627,0.743,1.307,2.073,0.728,0.932,0.74,2.975,7.293,3.255,3.212,2.428,2.193,0.054,0.306,6.482,2.662,2.44,2.89
"2031-02",1.076,1.263,0.936,3.112,2.38,3.848,1.336,1.628,1.367,7.762,3.013,6.435,10.632,0.784,4.575,2.393,2.387,3.992,2.685,2.417,0.121,0.102,2.841,0.489,4.706,1.917,5.587,7.922,0.768,2.084,1.249,1.92,1.444,0.243,1.069,1.592,0.024,0.089,4.202,7.722,0.536,1.462,0.87,2.621,0.913,1.369,0.587,2.005,7.922,3.909,3.623,1.919,2.565,0.118,0.098,5.862,3.562,2.782,2.98
"2031-03",1.407,1.33,0.889,2.858,1.972,4.39,0.692,0.815,0.913,8.004,3.729,8.98,9.27,1.228,4.299,3.152,2.284,2.859,2.778,1.679,0.01,0.302,3.143,0.495,3.777,1.869,3.228,5.509,0.644,1.733,1.287,1.956,0.964,1.029,1.554,2.259,0.002,0.07,4.239,2.484,0.026,1.014,0.609,2.622,1.028,1.66,0.506,1.664,9.291,3.867,2.435,3.676,3.24,0.026,0.083,4.594,4.081,2.968,2.953
"2031-04",1.458,1.915,1.711,1.902,3.357,3.097,0.377,0.789,1.035,7.879,5.857,4.949,5.687,1.627,4.001,2.758,2.449,3.125,1.632,1.1,0.021,1.617,4.124,0.858,3.473,0.758,1.652,2.441,0.872,1.724,2.207,1.911,0.837,0.918,1.641,3.963,0.029,0.592,4.176,2.861,0.018,0.203,0.922,2.044,1.268,1.783,0.646,1.646,8.943,3.69,1.829,6.745,2.5,0.282,0.651,5.281,2.543,3.069,2.885
"2031-05",1.197,2.136,1.787,2.478,2.359,2.48,0.341,3.095,3.518,6.295,7.721,2.106,1.9,3.668,2.485,2.462,1.531,3.065,2.007,0.721,0.022,3.4,3.736,1.78,2.377,0.539,0.462,0.74,1.203,1.579,2.611,1.658,1.808,0.859,3.913,4.616,0.398,1.281,6.25,0.602,0.078,1.863,0.874,3.601,1.032,2.092,0.88,2.198,8,3.065,2.038,6.035,2.582,0.949,2.272,9.666,1.793,3.395,2.993
"2031-06",1.671,2.273,2.02,1.214,2.725,3.522,1.718,9.741,6.564,3.536,4.437,0.245,1.312,2.191,2.559,2.34,1.545,3.9,2.714,0.69,0.013,3.96,2.955,1.339,0.566,0.33,0.569,0.914,2.115,1.595,3.028,2.672,0.537,0.351,3.61,4.667,0.013,4.429,8.179,0.231,0.232,0.433,2.032,2.529,0.926,1.408,0.974,2.819,7.884,2.723,2.082,3.611,2.465,4.995,13.294,5.488,1.17,3.246,2.999
"2031-07",1.265,2.626,2.503,0.413,1.314,4.118,2.995,10.058,3.665,3.77,2.813,0.239,0.384,4.877,2.105,2.896,2.554,3.014,1.693,0.217,0.104,6.619,3.414,2.998,0.48,0.209,0.424,0.824,2.224,1.385,3.893,2.413,0.242,0.604,6.125,6.602,0.149,6.507,7.787,0.25,0.147,1.954,1.744,3.201,0.96,1.992,1.518,4.313,5.366,2.725,2.196,1.955,2.366,5.839,13.721,4.571,0.955,2.883,3.022
"2031-08",2.061,2.796,2.469,0.361,1.172,3.533,3.345,8.712,3.319,3.792,2.047,0.111,0.615,1.696,2.31,2.439,2.563,1.385,1.692,0.133,0.296,7.11,4.545,3.811,0.814,0.31,0.458,0.667,2.095,1.538,2.578,3.342,0.118,0.338,5.948,5.661,0.546,6.366,6.434,0.023,0.018,0.793,1.671,3.231,0.761,1.675,1.194,4.959,4.937,2.343,2.843,0.975,2.054,4.188,9.402,5.076,0.629,3.031,2.902
"2031-09",1.617,3.06,2.477,0.665,1.461,4.033,3.903,10.641,5.868,4.289,1.785,0.476,1.761,1.212,3.539,2.022,2.733,1.132,1.723,0.285,0.117,5.196,4.944,3.093,1.023,0.297,0.159,0.226,2.205,0.841,1.517,3.291,0.116,0.428,3.919,5.019,0.168,5.524,6.989,0.058,0.017,0.188,1.048,2.52,1.002,1.627,1.77,5.202,4.366,2.364,3.331,1.264,1.769,2.39,12.435,4.561,0.608,2.962,2.898
"2031-10",2.206,2.856,2.259,2.422,1.429,3.317,2.467,9.336,7.373,7.102,3.037,1.061,2.937,1.194,3.828,2.327,3.108,1.224,2.132,0.82,0.033,2.903,5.662,2.94,3.611,0.734,1.412,0.85,1.415,2.599,1.564,2.238,1.076,0.301,1.528,2.414,0.252,1.567,4.068,0.097,0.029,0.901,0.761,2.541,0.719,1.516,1.068,5.304,4.254,2.343,3.666,1.977,2.376,2.571,2.161,8.806,0.695,2.526,2.822
"2031-11",1.92,2.865,1.468,1.934,2.062,2.958,1.017,5.36,5.3,7.085,5.542,2.876,6.959,1.291,4.061,2.456,3.167,4.023,2.223,2.184,0.013,0.901,5.153,1.224,5.302,2.692,3.609,2.432,0.954,1.624,0.954,1.388,1.553,0.487,1.471,1.371,0.134,0.664,3.633,0.497,0.113,0.823,0.519,2.54,0.588,0.781,0.813,4.759,4.215,2.935,3.603,2.852,1.697,2.523,4.174,10.259,1.517,2.44,2.85
"2031-12",2.335,2.256,1.394,3.634,2.141,3.762,1.073,3.019,1.866,6.993,4.367,5.115,10.137,0.771,5.074,1.809,3.388,1.925,2.029,1.422,0.013,0.171,3.683,0.11,5.704,2.471,4.534,5.407,0.858,1.433,0.616,1.224,0.881,0.348,0.885,1.784,0.004,0.285,6.672,1.047,0.036,0.453,1.14,2.458,0.601,1.026,0.812,4.113,5.652,2.581,2.826,2.528,2.091,2.846,1.852,12.062,2.241,2.38,2.916
"2032-01",1.915,1.21,1.3,4.848,0.99,4.885,1.014,1.08,1.325,5.902,4.368,7.124,12.348,1.233,5.12,2.796,3.315,1.707,1.249,1.391,0.036,0.019,3.032,0.034,3.091,3.3,4.906,7.939,0.759,1.681,0.599,1.329,0.736,0.404,0.476,2.388,0.073,0.081,5.853,4.102,0.044,0.396,0.441,1.688,0.636,0.992,0.821,2.926,6.383,4.193,2.639,3.321,2.12,0.155,0.424,5.979,2.266,2.512,2.89
"2032-02",0.797,1.693,1.211,3.039,1.226,3.797,1.187,1.085,1.744,6.969,2.763,7.787,11.161,1.005,5.907,3.079,2.087,3.675,2.577,2.26,0.034,0.038,2.173,0.046,3.583,3.763,6.606,7.496,0.5,1.088,0.568,1.588,0.718,0.119,0.885,1.567,0.004,0.141,6.056,10.557,0.882,2.278,0.628,1.443,0.625,1.499,0.613,2.539,5.982,3.504,3.047,1.815,2.552,0.066,0.656,6.488,3.748,2.701,2.921
"2032-03",1.544,1.558,1.27,2.941,1.702,3.203,1.081,0.796,1.116,9.642,3.666,7.297,9.807,1.005,4.36,2.76,1.424,3.371,1.771,1.902,0.009,0.503,3.334,0.677,4.42,3.356,5.239,1.825,0.7,1.878,1.034,1.704,0.573,0.547,1.109,2.118,0.006,0.128,4.592,6.941,1.036,0.782,0.996,1.87,1.098,1.511,0.536,2.048,7.213,4.102,2.51,4.909,2.543,0.096,0.385,4.05,3.444,2.944,2.921
"2032-04",1.333,2.16,1.319,2.322,2.674,3.132,0.368,1.639,0.729,9.834,6.184,5.485,7.65,2.055,3.149,3.203,2.561,2.418,1.04,0.941,0.021,1.752,4.17,0.689,2.797,1.803,1.695,2.77,0.797,1.642,1.726,2.116,0.944,1.008,2.51,3.2,0.005,0.429,6.005,2.45,0.02,0.788,1.093,1.897,1.234,1.559,0.529,2.293,5.371,3.652,1.792,8.185,2.476,0.179,1.342,5.46,3.801,3.001,2.869
"2032-05",0.889,2.028,1.72,1.192,3.016,4.195,1.005,7.044,3.567,6.852,5.787,2.714,1.914,1.389,2.428,2.368,1.914,3.215,1.884,0.788,0.022,2.793,3.927,1.376,1.515,1.126,0.944,0.81,1.315,2.416,2.411,3.002,0.485,0.801,2.155,4.434,0.051,0.975,6.384,1.604,0.145,1.513,1.367,2.421,1.174,1.317,0.815,2.88,4.108,3.768,1.605,8.766,2.002,2.869,7.203,8.677,2.08,3.27,2.935
"2032-06",1.602,2.095,2.148,1.384,3.624,4.669,1.536,9.989,4.961,5.652,6.666,0.972,0.806,1.441,1.536,2.542,2.259,2.124,2.523,0.318,0.018,3.241,2.254,1.11,0.611,0.561,0.77,1.232,1.74,2.137,3.236,2.675,0.204,0.382,3.886,6.402,0.005,4.467,8.829,0.634,0.619,0.769,3.056,3.861,1.156,1.714,0.946,3.654,3.685,3.418,1.618,6.161,2.546,3.952,12.43,4.693,1.509,3.076,3.016
"2032-07",2.309,2.783,2.929,0.478,1.336,3.605,3.288,7.611,2.884,3.46,4.086,0.561,0.849,2.159,2.015,1.94,2.105,1.106,1.525,0.157,0.11,8.15,2.813,2.502,0.322,0.623,0.466,1.142,2.035,1.755,3.547,2.061,0.074,0.55,6.759,6.335,0.252,5.845,9.435,0.143,0.23,1.143,2.604,4.152,0.955,1.539,1.367,4.623,3.087,3.172,1.618,4.255,1.894,2.955,11.908,3.619,0.965,3.058,2.959
"2032-08",1.543,2.037,2.455,0.409,1.612,3.984,3.262,9.78,4.01,6.019,4.281,0.087,1.007,3.472,2.478,2.29,2.475,1.374,0.849,0.194,0.583,9.363,3.938,2.658,0.278,0.269,0.323,0.669,2.448,1.048,2.581,3.453,0.102,0.331,5.058,5.803,0.982,5.102,7.306,0.051,0.015,0.362,2.283,4.304,0.962,1.592,1.526,5.38,2.53,2.536,2.255,1.929,1.982,2.43,5.957,6.854,0.719,2.855,2.903
"2032-09",2.708,3.054,2.388,1.071,0.548,2.764,2.561,9.038,3.721,7.037,4.42,0.35,1.925,2.321,2.88,2.173,2.953,1.761,1.759,0.411,0.111,6.929,5.973,2.32,1.012,0.449,0.783,0.217,2.061,1.167,1.896,2.958,0.085,0.371,4.081,3.721,0.099,5.242,8.507,0.332,0.008,0.352,1.118,2.484,0.696,1.366,1.301,5.091,2.444,2.572,3.413,2.236,1.843,2.371,9.411,4.893,0.568,2.871,2.857
"2032-10",2.066,3.061,2.056,1.405,0.581,2.463,1.854,7.231,6.269,6.825,5.507,1.458,3.806,0.698,3.82,1.582,2.439,1.655,2.601,0.785,0.038,3.423,5.418,1.25,2.236,1.298,1.078,1.097,1.366,1.977,1.497,2.492,0.67,0.526,1.233,1.514,0.061,2.474,6.523,0.267,0.02,0.69,0.659,2.269,0.668,1.623,1.259,5.095,3.171,2.838,4.048,2.593,1.769,0.663,6.57,5.808,0.94,2.626,2.785
"2032-11",2.637,1.974,2.039,3.37,0.777,2.476,0.931,7.55,9.057,6.318,6.529,3.881,8.366,1.4,4.816,2.542,2.945,1.726,1.83,1.767,0.072,0.445,4.496,0.567,3.946,1.724,3.831,1.946,1.161,2.121,0.878,3.131,1.232,0.489,0.499,1.346,0.041,0.497,8.002,1.771,0.566,2.145,1.418,3.411,0.615,1.361,0.937,4.672,2.619,2.373,3.574,2.91,1.888,1.012,6.342,9.168,1.817,2.207,2.866
"2032-12",2.97,0.978,1.497,5.133,1.089,3.972,0.321,2.628,2.75,5.93,7.613,6.047,10.436,1.36,4.426,2.696,2.166,1.505,1.793,1.569,0.027,0.095,3.617,0.031,3.803,2.598,5.328,3.92,1.131,1.221,0.31,2.727,1.181,0.304,0.945,2.162,0.013,0.309,7.877,4.016,0.097,1.252,0.668,3.2,0.511,1.29,1.065,4.192,3.34,3.267,3.174,3.223,1.773,1.041,4.029,7.501,1.668,2.259,2.86
"2033-01",2.123,1.901,1.133,4.332,0.927,3.184,0.336,0.964,1.529,6.308,4.893,8.586,11.315,1.38,4.347,2.943,2.708,2.592,1.299,1.709,0.021,0.007,2.237,0.016,3.255,3.439,6.83,5.066,0.647,0.962,0.475,2.112,0.547,0.313,0.359,1.184,0.004,0.142,8.319,7.168,0.74,2.548,0.985,2.543,0.567,1.14,0.856,3.582,4.566,3.431,2.302,3.219,2.171,0.081,1.494,7.94,3.19,2.351,2.913
"2033-02",1.854,1.627,0.954,3.591,1.845,3.176,2.942,0.766,0.55,7.07,2.758,9.453,11.777,1.07,3.261,2.866,1.815,2.503,1.626,1.612,0.016,0.019,1.663,0.03,2.495,3.385,6.634,9.938,0.546,0.628,0.449,1.351,1.11,0.418,1.034,2.177,0.004,0.1,5.102,11.028,1.066,0.622,0.79,2.616,0.787,1.329,0.776,2.704,5.169,4.367,2.438,2.673,2.524,0.084,0.157,3.94,2.93,2.541,2.835
"2033-03",2.297,1.488,0.962,3.97,1.678,3.477,0.367,0.662,0.867,6.236,4.797,9.535,8.996,0.696,2.852,2.226,1.98,1.968,1.653,2.011,0.029,0.522,3.457,0.27,2.425,3.144,3.954,6.619,0.72,0.845,0.848,1.314,2.136,0.784,2.031,2.487,0.012,0.186,3.8,5.72,0.32,2.121,0.389,1.807,1.003,1.525,0.603,2.464,4.665,4.433,2.506,5.603,3.348,0.097,0.196,4.298,3.86,2.866,2.853
"2033-04",1.297,1.703,1.092,2.508,1.555,3.665,0.458,3.969,1.166,8.275,5.608,4.622,5.441,1.481,3.217,2.435,2.591,2.945,1.837,0.639,0.008,1.028,3.734,0.563,2.996,0.891,1.136,3.651,1.143,1.904,1.788,2.961,0.834,0.92,1.351,3.287,0.003,0.257,6.179,4.871,0.019,0.72,0.738,2.632,1.107,1.703,0.721,2.58,5.267,4.171,1.955,5.261,2.925,0.149,1.119,4.772,3.553,3.166,2.909
"2033-05",1.104,1.688,2.006,1.025,2.898,4.121,1.339,4.856,1.228,6.136,5.732,3.068,2.494,1.962,1.54,3.304,1.945,2.339,1.764,0.726,0.02,1.761,3.085,1.326,2.426,0.291,0.758,1.018,1.481,2.017,2.822,2.538,0.565,0.49,2.784,4.732,0.046,1.145,5.62,1.876,0.615,1.282,2.495,3.677,0.966,1.542,0.855,3.482,4.015,3.497,1.627,8.946,2.046,1.07,8.388,8.159,2.059,2.93,2.863
"2033-06",1.566,2.484,1.977,1.389,4.485,5.364,2.658,7.367,2.125,4.573,5.558,1.345,1.08,2.805,1.933,3.211,2.461,1.659,1.897,0.245,0.017,3.466,2.335,0.804,0.357,0.761,0.448,0.648,1.744,2.147,2.51,2.735,0.223,0.6,3.332,5.848,0.011,3.226,9.152,1.27,0.663,2.014,2.248,4.139,1.208,1.319,0.775,3.527,3.604,3.402,1.847,8.212,2.026,4.207,10.284,4.524,1.508,2.946,2.963
"2033-07",1.61,2.76,2.486,0.39,1.682,3.997,2.509,7.182,2.341,3.012,3.723,0.425,0.631,2.555,1.783,2.682,2.123,1.503,2.022,0.063,0.057,7.122,3.495,2.495,0.5,0.654,0.361,0.477,2.43,1.591,2.767,2.909,0.14,0.424,5.818,5.801,0.07,5.932,8.577,0.134,0.24,0.389,2.036,4.636,0.979,1.502,1.185,5.158,3.432,3.178,1.877,5.018,1.771,3.189,11.122,2.429,0.864,3.226,2.973
"2033-08",2.317,2.89,2.14,0.778,1.081,3.332,4.746,7.879,4.348,3.69,3.385,0.229,1.125,2.111,1.091,2.826,2.133,1.24,0.953,0.159,0.13,8.294,4.253,3.205,0.749,0.313,0.777,1.119,2.213,1.552,2.758,3.173,0.156,0.184,5.411,5.065,0.281,5.599,7.365,0.042,0.067,0.239,1.808,2.959,0.84,1.194,1.314,5.043,3.397,2.82,2.919,2.407,1.694,4.711,10.371,4.568,0.752,2.959,2.898
"2033-09",1.512,2.62,2.593,1.022,0.775,2.299,2.972,9.417,6.158,5.345,3.485,0.391,2.947,1.803,2.25,2.529,3.502,2.625,1.708,0.354,0.082,6.655,5.434,1.994,0.548,0.389,0.317,0.55,2.199,1.404,1.887,2.792,0.081,0.191,3.756,3.34,0.167,4.826,7.506,0.089,0.041,0.183,1.208,2.322,0.95,1.166,1.244,5.638,3.651,2.615,3.114,1.938,1.733,1.208,8.18,4.739,0.667,2.855,2.881
"2033-10",2.34,3.077,2.085,1.735,1.791,2.991,2.173,10.031,6.43,7.343,4.39,0.193,4.382,2.007,3.38,2.646,2.787,3.153,1.677,1.674,0.018,2.62,5.465,1.455,2.304,0.922,1.45,1.051,1.379,1.335,1.461,2.856,0.209,0.239,1.129,1.401,0.024,2.171,4.404,0.05,0.022,0.172,0.678,2.231,0.835,0.905,1.127,5.625,3.638,2.658,3.536,2.352,1.932,1.348,4.291,7.713,1.022,2.65,2.823
"2033-11",1.85,2.029,1.498,2.235,2.751,3.363,1.008,4.339,4.005,8.317,5.057,2.601,8.029,0.56,3.993,1.646,3.406,2.564,2.337,1.199,0.005,0.57,4.185,1.449,5.157,0.812,1.954,2.712,1.166,1.909,1.059,1.948,0.987,0.283,0.18,0.914,0.042,0.665,5.087,0.224,0.028,0.241,1.072,2.844,0.883,1.383,1.209,5.136,4.719,2.637,3.432,2.832,1.936,4.826,6.827,9.498,1.533,2.254,2.85
"2033-12",1.268,1.754,1.494,4.625,1.328,4.453,0.555,2.15,2.535,5.728,5.433,4.801,9.73,0.712,4.893,2.642,3.871,3.221,1.743,1.322,0.098,0.095,3.295,0.203,4.447,2.182,4.982,3.924,0.81,1.358,0.715,1.564,0.901,0.29,0.441,1.42,0.025,0.122,5.964,3.952,0.46,1.689,0.955,1.679,0.791,0.924,0.776,4.043,5.994,3.024,2.763,3.864,1.727,1.605,0.607,8.876,1.922,2.435,2.892
"2034-01",1.556,1.406,1.108,2.977,1.812,3.304,1.131,1.625,1.485,5.931,3.874,6.512,11.024,0.732,5.222,2.112,3.535,2.736,2.311,1.564,0.029,0.036,2.09,0.034,3.781,2.504,6.729,10.251,0.799,1.532,0.487,2.046,0.742,0.295,1.731,1.844,0.05,0.151,5.844,5.832,0.715,2.002,0.71,3.048,0.641,1.176,0.629,3.367,5.473,3.592,2.739,3.227,2.197,0.105,0.084,7.966,3.413,2.431,2.924
"2034-02",1.562,1.622,1.225,4.338,1.951,4.131,2.459,1.206,0.99,6.99,3.351,7.156,9.413,0.909,4.4,2.091,2.921,2.985,2.716,0.964,0.018,0.072,1.764,0.005,2.265,2.145,3.588,8.62,0.568,1.963,0.749,1.183,0.535,0.395,0.716,1.31,0.001,0.114,5.534,11.083,0.84,1.723,0.576,2.162,0.793,1.888,0.673,2.745,5.133,4.03,2.95,2.004,2.883,0.066,0.234,6.077,4.174,2.545,2.888
"2034-03",2.1,1.595,1.154,5.19,1.731,5.069,0.851,0.668,1.346,7.35,4.885,7.616,9.666,0.702,2.096,2.291,1.973,2.093,1.873,1.419,0.083,0.761,3.349,0.39,2.622,2.948,3.746,5.027,0.777,2.047,1.309,1.853,1.321,0.491,1.73,1.54,0.035,0.341,4.764,6.024,0.802,0.312,0.815,2.838,1.341,1.109,0.514,2.126,6.945,3.837,2.517,5.084,3.147,0.144,0.162,3.862,3.432,2.939,2.912
"2034-04",1.223,1.593,1.536,2.047,3.481,4.47,0.165,0.796,0.623,7.888,5.091,4.059,4.681,1.582,3.248,2.546,2.197,3.152,1.421,0.935,0.021,1.799,5.075,1.416,4.513,1.096,1.355,3.298,0.649,1.839,1.801,2.283,1.254,1.561,1.485,3.204,0.034,0.322,2.596,2.442,0.029,0.185,1.151,2.796,1.221,1.565,0.494,2.719,6.695,3.88,1.991,6.556,2.656,0.208,0.175,4.61,3.455,2.885,2.824
"2034-05",1.509,1.762,1.561,2.435,2.989,3.198,0.677,6.107,2.571,7.427,6.772,2.417,2.963,3.266,2.57,3.137,1.112,3.573,2.429,0.624,0.026,2.603,3.445,2.279,1.771,0.247,0.696,0.973,1.15,1.608,2.235,2.791,0.486,0.65,4.36,4.051,0.225,1.482,3.927,0.459,0.137,0.249,1.81,3.025,1.185,1.605,0.693,2.728,6.772,3.702,1.699,8.08,2.418,2.084,1.514,9.72,2.784,3.092,2.994
"2034-06",1.312,1.985,1.791,1.438,3.202,5.009,1.993,9.041,2.427,4.933,5.114,0.452,0.916,2.741,2.12,2.546,2.097,3.643,1.362,0.456,0.019,3.915,2.844,1.213,0.695,0.362,0.294,0.509,1.296,2.603,2.457,2.495,0.229,0.525,4.511,5.589,0.079,4.421,5.479,0.462,0.737,1.198,1.593,1.791,1.038,1.497,1.29,3.53,5.258,3.07,1.547,5.099,1.941,10.804,15.055,8.623,1.203,3.249,2.951
"2034-07",1.772,2.653,1.98,0.376,1.874,4.567,1.847,7.919,3.326,3.296,3.971,0.315,0.216,1.653,0.884,2.487,1.996,2.788,1.775,0.31,0.048,6.813,2.137,1.817,0.235,0.217,0.5,1.359,1.791,1.748,3.242,3.698,0.081,0.815,5.677,6.504,0.041,6.057,6.864,0.311,0.354,0.358,2.522,2.971,0.978,1.495,1.668,4.841,5.002,3.16,2.023,3.626,1.741,2.593,12.628,3.738,1.259,3.043,2.978
"2034-08",2.011,2.342,2.309,0.467,2.224,3.707,3.057,8.059,3.212,4.005,3.056,0.195,0.512,1.989,1.65,2.151,2.331,2.139,1.463,0.13,0.413,8.24,4.245,3.249,0.43,0.211,0.436,0.6,2.232,1.336,2.47,4.173,0.078,0.565,6.347,5.11,0.46,5.394,5.253,0.105,0.058,0.61,1.627,3.085,0.844,1.695,1.462,5.631,3.795,2.713,2.683,1.893,1.749,2.65,9.395,5.021,0.933,2.899,2.883
"2034-09",2.27,2.506,2.778,0.597,2.942,4.311,4.348,8.165,4.945,4.842,2.067,0.293,0.925,2.009,2.965,2.198,3.087,1.689,1.082,0.949,0.485,7.499,5.527,2.139,0.745,0.319,0.468,0.637,1.604,1.48,1.845,3.38,0.207,0.379,3.112,3.192,0.248,4.607,6.358,0.054,0.034,0.577,1.594,3.176,0.748,1.701,1.442,5.601,4.562,2.344,3.302,1.06,2.105,1.849,8.949,5.008,0.584,2.724,2.898
"2034-10",2.514,3.184,1.749,1.644,2.226,3.35,1.705,9.195,5.571,7.207,3.004,0.518,2.422,1.27,3.156,2.032,2.863,2.457,1.14,1.839,0.168,4.915,5.849,1.731,2.376,0.428,0.543,1.02,1.629,1.576,1.743,2.584,0.649,0.415,1.6,1.527,0.129,1.578,3.357,0.147,0.14,0.172,1.057,2.027,0.756,1.532,1.045,5.182,4.005,2.61,3.95,1.802,2.161,1.155,3.687,7.846,0.992,2.624,2.764
"2034-11",1.59,2.835,1.472,1.695,1.333,3.699,1.148,5.907,4.99,6.02,4.404,2.969,6.004,1.23,4.663,3.374,3.103,2.919,1.752,2.321,0.022,0.923,4.723,0.634,4.059,1.377,3.333,1.472,1.146,0.95,0.751,1.878,0.874,0.457,1.092,2.204,0.009,0.923,4.953,0.33,0.11,0.268,0.761,1.582,0.515,0.866,0.996,4.896,4.252,2.808,3.654,2.37,2.031,3.22,5.899,10.411,2.062,2.432,2.876
"2034-12",1.91,1.148,1.592,8.421,1.528,4.9,1.546,1.199,1.906,5.325,5.232,4.48,10.327,1.116,5.504,2.689,2.04,2.489,2.23,2.607,0.053,0.045,3.317,0.036,3.717,1.702,5.535,5.984,0.686,2.084,0.713,2.7,1.105,0.306,0.123,1.314,0.019,0.131,7.311,3.722,0.35,0.653,0.914,2.018,0.58,0.846,0.865,3.645,5.743,2.87,3.037,3.684,1.837,0.569,3.809,7.889,1.721,2.495,2.894
"2035-01",2.382,1.651,1.179,4.29,1.556,3.988,1.95,0.636,0.84,5.917,4.708,5.485,10.276,0.958,5.521,2.13,2.389,2.403,1.673,1.896,0.038,0.022,2.017,0.016,2.746,1.992,5.564,9.634,0.59,0.927,0.322,2.035,0.772,0.349,0.471,1.769,0.007,0.192,7.254,9.328,1.198,3.114,0.928,2.819,0.662,0.736,0.672,3.228,5.864,3.209,2.73,3.528,1.782,0.105,0.302,6.415,3.7,2.387,2.913
"2035-02",1.936,1.325,1.407,4.925,2.205,4.083,1.782,0.568,1.458,5.699,3.825,8.638,13.866,1.559,5.032,3.764,2.382,2.043,1.093,1.731,0.076,0.033,1.969,0.012,2.184,3.58,6.497,8.597,0.536,1.395,0.557,1.048,0.601,0.566,1.223,1.822,0.002,0.118,5.744,7.45,1.093,0.984,0.91,3.183,1.085,1.107,0.701,2.656,5.921,3.942,2.832,2.532,2.748,0.086,0.246,4.436,2.88,2.545,2.905
"2035-03",1.252,1.672,1.103,4.832,1.397,2.021,1.045,1.108,1.211,9.619,4.504,7.937,10.443,1.142,2.676,1.937,2.315,2.011,1.667,1.989,0.043,0.649,4.163,0.731,3.112,2.827,2.557,4.401,0.846,1.277,1.178,1.38,2.394,0.994,2.006,2.901,0.159,0.304,2.885,3.853,0.787,1.533,0.972,2.124,1.094,1.638,0.589,2.404,6.122,4.513,2.709,3.854,3.047,0.079,0.183,3.576,4.485,2.823,2.899
"2035-04",1.526,1.722,1.574,2.507,2.865,3.229,1.487,2.297,1.539,8.456,5.124,3.68,4.07,1.051,3.108,2.691,2.087,1.169,2.436,0.926,0.041,1.35,4.818,1.894,3.271,1.065,1.609,1.493,1.267,1.484,1.11,1.49,2.126,0.816,3.102,3.258,0.188,1.018,3.526,1.918,0.204,0.37,1.77,2.224,1.079,1.622,0.808,2.788,6.274,3.751,2.185,6.904,2.826,0.104,0.806,6.108,4.486,3.113,2.928
"2035-05",1.441,2.056,1.16,3.087,2.96,3.724,0.399,5.117,2.834,6.769,7.081,3.182,1.859,1.811,2.11,3.195,2.279,2.392,1.898,0.999,0.019,2.18,3.231,0.687,2.018,0.429,1.033,1.417,1.268,1.639,1.84,2.182,0.839,1.298,2.683,3.476,0.005,0.874,4.992,0.466,0.2,0.861,2.361,4.054,1.11,1.67,1.107,3.112,6.824,3.03,1.545,8.517,2.22,0.629,3.423,8.38,2.463,3.308,2.951
"2035-06",1.242,2.227,2.746,1.521,2.271,3.765,0.926,10.612,8.479,3.809,5.051,0.608,0.359,2.866,1.523,3.205,1.924,3.868,2.46,0.517,0.023,5.619,2.538,1.263,0.289,0.508,0.271,0.795,1.452,2.652,2.707,2.556,0.408,0.579,3.99,5.93,0.016,3.197,7.54,0.384,0.65,2.988,2.345,4.341,1.25,1.213,1.041,3.193,6.3,2.783,2.051,6.034,1.74,4.53,13.599,5.385,1.363,3.203,3.026
"2035-07",1.53,2.586,2.705,0.392,2.625,4.571,3.086,10.118,5.153,3.082,3.577,0.252,0.142,2.028,0.96,3.305,2.368,2.133,2.453,0.191,0.099,8.134,2.744,2.343,0.237,0.405,0.293,0.855,1.9,1.493,3.626,2.199,0.155,0.402,5.889,5.38,0.099,6.321,8.53,0.128,0.072,0.283,2.528,3.213,1.069,1.142,1.303,4.331,5.532,2.716,2.27,3.445,1.79,5.053,11.822,3.574,1.093,3.009,3.011
"2035-08",1.981,2.667,2.776,0.48,2.222,3.626,3.866,9.554,4.002,4.267,2.585,0.175,0.41,2.803,1.698,2.959,2.489,1.448,1.145,0.134,0.173,8.246,3.878,2.569,0.358,0.289,0.421,1.253,2.452,1.031,2.47,3.407,0.151,1.131,5.297,5.06,0.268,5.647,5.795,0.104,0.022,0.199,2.224,3.5,0.921,1.077,1.443,5.645,3.806,2.378,3.066,1.725,1.657,2.503,7.752,5.439,0.828,2.932,2.896
"2035-09",1.7,2.388,2.633,0.398,1.219,3.952,2.14,8.631,5.004,4.615,1.874,0.221,1.564,1.795,2.237,1.991,2.855,2.393,0.973,0.443,0.155,6.803,4.958,1.828,0.723,0.286,0.819,0.419,2.036,1.046,2.41,3.874,0.17,0.383,2.783,4.06,0.168,4.599,6.66,0.178,0.329,0.862,1.408,2.611,0.784,1.427,1.436,5.288,4.651,2.562,3.572,1.402,1.943,3.479,11.354,5.11,0.464,2.753,2.89
"2035-10",2.491,2.624,2.074,2.151,0.776,2.343,1.02,5.32,8.28,6.158,5.373,3.137,4.832,1.405,4.255,1.988,3.377,2.052,1.975,1.093,0.096,3.534,4.735,2.203,2.176,0.825,1.12,0.617,1.656,1.528,1.439,2.912,0.398,0.315,1.292,1.852,0.726,1.15,5.617,0.089,0.024,0.209,0.975,3.168,0.821,1.744,1.182,5.177,3.569,2.376,4.455,1.85,2.122,0.958,2.914,6.055,1.209,2.481,2.784
"2035-11",1.779,2.461,1.855,3.764,1.252,3.07,0.586,5.733,7.266,7.91,5.643,1.364,5.884,1.404,4.588,2.238,3.4,2.887,1.229,2.268,0.026,1.529,4.402,0.506,4.037,1.146,1.767,2.615,1.444,0.998,1.032,1.941,1.123,0.366,1.962,1.571,0.07,1.801,6.743,0.476,0.271,1.349,0.756,2.272,0.637,1.12,0.805,4.693,3.399,2.615,4.237,2.328,2.163,2.706,8.866,9.023,1.127,2.35,2.854
"2035-12",1.804,1.903,1.216,3.39,1.664,4.046,1.326,2.933,3.491,5.669,4.832,5.123,10.579,0.732,4.839,2.429,2.944,2.715,2.555,1.917,0.111,0.069,3.058,0.363,5.361,2.146,4.482,4.613,0.942,1.142,0.62,1.409,1.536,0.47,0.503,2.272,0.079,0.114,5.296,1.83,0.234,0.47,1.13,2.45,0.549,0.854,0.868,4.093,6.511,3.16,3.138,2.955,1.763,0.294,0.795,8.728,1.975,2.355,2.913
"2036-01",1.282,2.143,1.122,2.266,1.494,3.226,4.019,1.746,1.069,5.574,4.039,6.934,12.297,1.086,3.875,3.368,3.312,2.577,1.524,1.799,0.036,0.032,2.948,0.066,4.042,2.711,5.827,8.626,0.717,1.274,0.544,1.281,1.227,0.314,1.271,1.57,0.276,0.132,6.136,9.835,0.87,2.779,0.803,2.384,0.662,1.124,0.827,2.897,6.545,3.173,3.307,3.562,1.693,0.176,0.343,6.214,2.049,2.414,2.883
"2036-02",1.34,1.908,0.955,1.32,1.117,2.858,1.415,1.704,1.51,9.07,4.905,5.854,11.278,1.077,4.722,3.071,2.101,2.832,1.75,3.545,0.022,0.092,2.223,0.037,3.888,2.89,4.91,7.158,0.686,1.279,0.545,1.769,1.378,0.379,1.362,2.036,0.001,0.282,4.65,11.164,0.805,2.634,0.865,2.613,0.889,1.527,0.503,2.496,5.548,3.997,3.041,2.466,2.097,0.057,0.218,6.443,4.265,2.779,2.953
"2036-03",1.8,2.028,1.188,1.942,2.284,3.1,0.84,1.111,0.999,8.308,3.779,9.649,9.18,0.812,2.94,2.167,2.635,2.201,1.943,1.396,0.07,0.338,3.376,0.357,3.129,3.062,3.968,4.732,0.768,1.498,1.021,1.602,1.202,0.781,1.933,2.761,0.036,0.339,4.693,4.096,0.176,0.943,0.869,1.706,1.18,1.746,0.767,2.24,7.085,4.518,1.948,3.991,3.033,0.147,0.263,4.038,2.922,2.825,2.896
"2036-04",0.852,1.749,1.147,2.506,1.81,3.39,0.215,1.868,0.74,8.292,4.936,6.194,6.563,1.753,2.233,2.882,2.208,2.931,1.012,1.647,0.01,1.512,4.294,1.183,3.936,0.702,1.416,4.301,1.176,1.429,1.662,2.208,1.963,1.087,2.442,4.022,0.044,0.456,4.631,1.531,0.947,2.042,1.349,2.6,0.841,1.886,0.725,2.081,6.319,3.562,2.192,7.303,2.759,0.186,0.844,5.301,3.882,3.118,2.874
"2036-05",1.333,2.147,1.673,1.802,3.371,3.906,0.419,6.214,3.673,6.66,5.375,1.806,2.498,1.547,2.887,2.503,2.25,2.917,1.65,1.299,0.028,3.372,4.188,1.369,2.021,0.28,0.461,0.99,1.072,2.281,2.113,3.05,0.986,1.276,2.292,4.171,0.018,0.748,6.266,1.755,0.899,1.547,2.032,3.762,1.059,2.195,0.73,2.971,5.176,3.128,1.526,8.197,2.245,2.461,6.211,10.362,1.801,3.306,2.978
"2036-06",1.262,2.476,2.286,1.199,2.539,4.857,0.537,9.963,4.69,5.512,5.267,0.497,0.851,2.322,2.357,2.497,2.145,3.705,2.352,0.352,0.022,3.398,2.197,1.089,0.587,0.402,0.616,0.952,1.886,1.649,3.22,1.826,0.292,0.682,4.204,5.851,0.016,3.543,8.983,0.292,0.058,0.336,1.816,3.303,0.921,1.677,0.739,3.291,4.78,3.186,1.494,6.905,2.304,3.996,9.891,6.636,1.012,3.181,2.975
"2036-07",1.581,2.707,2.151,0.568,1.988,4.179,2.621,9.485,3.804,4.249,4.624,0.483,0.539,2.167,1.729,2.615,2.07,2.532,1.795,0.203,0.042,6.73,3.109,1.555,0.243,0.39,0.506,0.82,2.098,2.268,2.613,3.125,0.105,0.31,5.822,6.388,0.05,6.81,9.416,0.256,0.202,0.393,2.162,3.013,0.793,1.54,1.544,4.092,4.204,2.889,1.964,5.176,1.949,5.654,11.938,3.914,1.122,3.209,3.014
"2036-08",1.909,2.664,2.479,0.295,2.556,4.425,3.221,10.083,4.063,6.447,4.623,0.249,0.687,1.805,1.694,2.409,2.55,1.477,0.715,0.156,0.202,9.081,4.357,2.604,0.449,0.25,0.731,1.07,1.875,1.507,2.979,3.984,0.066,0.415,5.439,4.598,0.289,5.376,7.454,0.095,0.045,0.566,2.488,3.686,0.976,1.102,1.35,5.009,2.601,2.664,3.008,2.015,1.826,2.785,8.387,4.121,0.896,2.811,2.87
"2036-09",2.164,2.966,2.663,0.982,2.543,3.032,3.097,9.961,7.377,6.431,3.829,0.124,1.157,1.618,2.126,2.714,2.991,1.857,1.048,0.311,0.056,6.718,5.622,1.935,1.062,0.232,0.41,0.465,2.05,0.705,1.744,2.567,0.071,0.368,2.709,4.56,0.092,4.121,7.728,0.084,0.021,0.164,1.4,2.809,0.736,1.04,1.774,4.67,3.491,2.526,3.548,2.295,1.99,2.257,6.377,6.58,0.469,2.821,2.867
"2036-10",1.596,2.974,1.6,2.087,1.793,3.258,2.368,7.345,5.695,7.467,4.675,1.004,3.774,1.854,2.758,2.489,3.376,2.986,1.793,1.203,0.035,2.44,5.576,1.491,1.802,0.598,0.765,0.72,1.643,1.245,1.317,2.68,0.448,0.164,1.578,1.413,0.089,2.09,6.358,0.224,0.012,0.231,1.23,3.054,0.755,1.632,1.173,5.653,3.864,2.66,3.715,2.899,1.898,2.575,7.393,7.298,0.631,2.455,2.868
"2036-11",1.444,2.499,1.865,3.672,2.831,3.622,0.724,4.356,3.85,6.621,6.116,2.594,6.436,0.97,3.865,2.347,3.445,2.658,2.6,1.748,0.01,0.756,5.117,0.695,4.503,1.176,2.121,2.449,1.301,2.146,0.876,2.407,1.367,0.546,0.727,1.201,0.066,0.176,3.484,0.418,0.066,0.824,0.389,1.981,0.707,1.138,1.199,5.357,4.253,2.749,3.437,3.015,2.006,1.105,0.924,11.708,1.397,2.224,2.831
"2036-12",2.008,2.116,1.47,2.93,2.551,3.901,3.307,3.481,1.74,4.919,6.412,5.748,12.45,0.87,4.475,2.08,3.472,2.27,2.012,1.376,0.029,0.154,3.435,0.143,3.994,1.501,4.484,7.329,0.979,1.39,0.61,2.187,1.765,0.206,0.313,1.095,0.061,0.107,7.492,4.862,0.17,1.251,0.432,2.63,0.637,1.021,1.108,3.933,3.761,2.949,3.443,4.873,1.634,0.633,1.472,7.815,1.964,2.278,2.863
"2037-01",1.58,1.629,1.725,5.1,2.311,4.14,0.717,1.307,2.793,4.826,5.536,8.409,12.286,1.163,4.154,2.571,2.62,3.248,1.798,1.718,0.022,0.017,1.499,0.014,3.482,2.881,6.472,9.916,0.556,2.065,0.58,1.953,0.825,0.412,0.412,1.34,0.003,0.075,6.91,10.257,1.63,3.116,1.17,2.456,0.854,1.427,0.648,3.31,3.577,3.498,2.726,2.642,2.311,0.097,0.281,8.338,3.512,2.385,2.937
"2037-02",2.921,1.894,1.075,3.135,1.537,3.373,1.157,1.758,0.555,7.327,3.631,9.626,11.734,0.731,4.205,2.244,2.137,1.076,1.42,1.204,0.029,0.008,2.189,0.019,2.717,3.822,4.391,6.755,0.666,1.135,0.606,1.803,0.704,0.489,0.442,1.79,0.005,0.121,5.461,10.909,1.525,4.43,0.541,2.01,0.86,1.496,0.887,2.781,4.881,4.163,2.258,2.762,3.644,0.075,0.152,4.797,3.514,2.576,2.893
"2037-03",1.769,1.457,1.04,3.312,1.835,3.448,0.653,1.049,0.776,7.877,5.1,6.574,8.447,0.689,1.433,1.688,1.831,2.147,1.092,2.32,0.015,0.628,3.675,0.335,2.753,3.338,5.258,3.565,0.855,1.164,0.921,1.701,1.282,0.785,1.636,2.253,0.003,0.128,4.383,6.089,0.706,1.802,1.039,2.721,1.206,1.81,0.781,2.759,5.301,4.323,2.234,5.772,3.405,0.089,0.279,3.587,2.972,2.882,2.872
"2037-04",1.804,1.552,1.026,1.812,3.167,5.059,0.16,1.828,1.44,9.129,5.753,4.998,6.949,1.724,3.799,2.752,2.318,1.282,1.635,1.207,0.024,1.499,5.125,1.044,2.863,1.315,1.251,1.436,1.271,1.657,1.477,2.21,2.122,1.325,3.355,3.101,0.044,0.612,3.201,2.019,0.04,0.218,1.077,2.438,0.851,2.375,0.663,2.694,4.919,3.791,1.742,7.018,3.011,0.164,0.457,5.482,4.04,3.097,2.837
"2037-05",1.45,1.737,1.779,1.435,3.674,4.603,0.358,4.791,2.523,6.221,6.856,3.399,1.349,2.096,2.172,2.316,1.429,2.558,2.23,0.711,0.022,2.446,3.37,1.362,1.674,0.365,0.408,0.415,1.465,2.383,2.148,3.446,0.78,1.419,3.135,3.513,0.025,1.006,6.05,2.299,0.495,1.674,2.015,3.042,0.798,1.698,0.643,3.165,4.224,3.547,1.594,8.766,2.297,2.277,2.492,8.581,2.26,3.364,2.919
"2037-06",1.515,2.326,2.084,1.023,2.833,5.023,2.531,7.05,2.042,4.342,5.014,1.095,0.451,2.493,1.646,2.49,1.702,1.98,2.412,0.555,0.02,3.432,1.686,1.306,0.494,0.253,0.796,1.015,1.77,2.787,2.764,2.573,0.39,0.263,3.383,5.279,0.131,6.949,8.066,0.245,1.079,2.814,3.775,4.535,1.196,1.555,0.768,3.702,4.232,3.05,1.702,7.288,2.138,7.836,15.797,3.733,1.411,3.133,2.975
"2037-07",1.577,2.571,1.991,0.504,2.509,3.996,2.696,7.305,2.987,3.259,3.45,0.335,0.256,3.077,1.856,2.246,2.406,2.491,1.643,0.131,0.167,7.353,2.524,3.059,0.266,0.43,0.442,1.069,2.012,2.025,3.777,2.696,0.246,0.812,6.659,4.585,0.568,7.117,8.167,0.288,0.289,1.724,2.77,3.722,0.967,1.367,1.303,4.704,3.604,3.11,1.765,4.85,1.607,3.273,10.372,5.382,1.038,2.831,2.947
"2037-08",2.27,2.927,2.605,0.385,1.82,4.115,3.294,6.333,4.295,3.489,2.775,0.186,0.374,2.499,0.998,2.611,2.27,0.978,0.941,0.185,0.151,7.267,3.736,2.97,0.527,0.238,0.308,1.089,2.052,1.428,2.126,3.434,0.157,0.628,4.453,6.077,0.388,5.518,7.946,0.176,0.872,0.964,2.28,3.272,0.921,1.172,1.71,5.773,3.665,2.818,2.901,2.482,1.775,2.145,9.595,2.501,0.832,2.929,2.942
"2037-09",1.732,2.923,3.164,1.505,2.104,3.794,4.57,9.611,4.122,5.222,2.529,0.335,0.866,2.199,2.605,2.352,1.97,1.966,1.9,0.803,0.428,6.991,6.04,2.727,0.899,0.556,0.558,0.385,2.052,1.496,1.829,2.288,0.29,0.538,2.752,5.023,0.468,4.462,6.673,0.16,0.224,0.474,1.383,2.433,0.912,1.044,1.122,4.969,4.058,2.35,2.964,1.71,1.86,1.169,3.863,5.23,0.813,2.854,2.841
"2037-10",2.751,2.883,1.989,1.669,0.591,3.352,1.1,6.9,6.717,7.201,3.645,0.512,2.928,1.348,3.439,2.227,2.226,2.48,2.297,1.37,0.066,3.223,6.095,2.263,2.253,0.756,0.593,0.385,1.465,1.06,1.307,2.423,0.675,0.46,1.262,1.705,0.224,1.755,5.921,0.086,0.027,0.827,1.234,2.074,0.796,1.442,1.395,5.171,4.551,2.482,3.893,2.1,2.068,1.925,6.407,8.071,0.908,2.73,2.861
"2037-11",1.735,3.157,1.754,2.002,1.997,4.736,1.167,4.109,2.663,7.159,6.517,4.229,7.278,1.082,4.078,2.485,3.411,3.163,2.021,1.305,0.006,0.56,4.795,0.531,4.307,0.91,2.632,1.857,1.159,1.463,0.915,1.95,0.561,0.164,1.516,1.156,0.016,0.812,4.193,0.273,0.073,0.132,1.117,1.897,0.747,1.15,1.046,4.62,5.387,2.471,3.056,3.473,1.996,2.674,4.982,9.083,1.573,2.457,2.814
"2037-12",1.745,2.154,1.376,2.52,2.271,3.969,2.419,2.774,1.02,6.134,5.118,5.426,9.22,0.923,4.634,2.569,2.828,2.746,1.605,2.664,0.021,0.173,3.126,0.157,5.554,1.689,3.766,3.946,0.759,1.492,0.587,2.171,1.344,0.545,0.231,2.005,0.008,0.197,8.228,2.07,0.274,1.011,0.614,2.325,0.629,0.857,0.924,3.701,5.497,2.702,3.01,2.965,1.746,1.293,2.562,10.181,2.758,2.379,2.911
"2038-01",1.385,1.691,1.073,4.275,2.149,4.006,2.041,1.043,1.213,6.433,3.036,7.435,11.565,0.941,4.441,2.837,3.402,3.124,2.454,1.215,0.017,0.005,2.135,0.009,2.406,3.575,4.933,6.568,0.785,1.61,0.666,1.642,0.726,0.208,0.707,1.543,0.024,0.26,6.956,9.691,2.275,0.456,1.816,1.921,0.642,1.527,0.608,3.061,6.821,3.439,2.861,2.567,2.549,0.279,1.158,5.901,2.373,2.478,2.961
"2038-02",1.648,1.558,1.404,4.072,1.426,4.186,1.602,0.905,2.286,8.696,4.331,5.881,11.998,1.015,5.046,2.323,2.064,2.213,1.679,2.11,0.094,0.085,2.177,0.249,3.126,3.878,5.349,8.541,0.658,1.48,0.873,1.533,2.146,0.308,1.155,2.204,0.114,0.211,3.526,3.747,0.426,0.273,0.704,1.607,0.897,1.284,0.824,2.299,6.757,4.076,3.145,2.955,2.802,0.078,0.074,5.353,3.131,2.602,2.876
"2038-03",1.589,1.826,1.357,2.699,2.136,3.24,1.098,0.239,0.8,7.143,3.959,7.901,10.103,0.679,4.481,1.798,1.873,2.934,2.331,1.966,0.014,0.397,2.453,0.05,2.313,2.489,3.02,4.329,0.833,1.298,0.922,1.941,1.532,0.947,1.605,2.863,0.001,0.196,4.737,7.549,1.229,1.383,0.757,2.722,1.151,2.061,0.658,2.152,7.445,3.71,2.513,3.427,2.808,0.061,0.203,3.653,5.21,3.011,2.962
"2038-04",1.421,1.576,1.222,3.331,2.677,3.001,0.221,1.21,0.87,9.415,6.211,4.45,5.176,1.247,2.409,3.193,2.158,2.664,1.351,1.04,0.02,1.748,5.227,1.835,3.673,0.85,2.087,2.713,0.799,1.05,1.853,2.175,1.111,0.798,2.301,3.261,0.083,0.538,4.018,4.455,0.787,0.575,0.99,2.293,1.087,1.57,0.547,2.197,7.571,3.496,2.003,6.529,2.929,0.173,0.329,4.041,2.983,2.956,2.839
"2038-05",1.182,1.928,1.779,2.079,3.451,3.401,0.824,5.012,4.519,7.129,6.939,2.934,2.632,2.932,1.225,3.408,1.807,3.585,2.023,1.174,0.045,3.246,4.058,1.686,1.915,0.786,1.063,0.973,1.035,1.49,2.13,2.838,1.711,1.14,2.05,4.941,0.07,0.602,4.495,0.924,0.51,2.254,2.436,3.109,1.048,1.39,0.815,2.474,6.045,3.267,1.658,8.891,2.202,0.779,5.435,10.057,2.36,3.285,2.971
"2038-06",1.08,2.167,2.064,1.684,3.094,4.765,0.643,7.561,3.968,4.106,5.171,0.773,0.678,2.65,1.374,3.216,2.181,3.014,3.313,0.519,0.019,3.772,2.669,0.887,0.306,0.498,0.367,0.481,1.643,2.646,2.171,2.226,0.437,0.894,3.113,5.552,0.022,2.482,9.248,0.274,0.145,0.838,3.038,4.039,0.884,1.742,1.118,3.635,5.729,3.003,1.581,6.135,2.179,4.509,13.45,6.927,1.069,3.162,3.027
"2038-07",1.736,2.476,2.426,0.456,2.776,4.163,2.574,8.564,3.208,3.543,3.72,0.214,0.529,2.512,1.056,2.721,2.163,2.307,2.448,0.158,0.073,6.735,3.034,2.333,0.424,0.186,0.151,0.725,2.066,1.392,3.711,3.063,0.136,0.447,6.712,6.743,0.164,5.086,7.948,0.162,0.092,0.313,2.771,4.094,0.994,1.308,1.633,4.189,5.799,2.783,1.858,4.51,1.54,3.715,10.1,2.914,1.044,2.993,2.963
"2038-08",1.963,2.352,2.152,0.553,2.59,3.703,3.774,8.197,3.996,4.01,3.448,0.311,0.877,2.148,2.502,2.336,2.544,1.61,1.438,0.192,0.225,8.72,4.563,3.449,0.695,0.363,0.432,0.512,2.141,1.852,3.496,2.884,0.057,0.404,5.476,5.149,0.319,5.928,7.713,0.14,0.107,1.668,2.204,3.628,1.153,1.094,1.631,4.848,3.996,2.511,2.748,2.439,1.68,3.865,8.878,5.978,1.052,2.847,2.964
"2038-09",2.096,2.548,2.284,0.391,1.83,4.048,3.159,10.21,6.924,6.357,3.164,0.119,1.299,1.673,2.456,2.66,2.535,0.935,2.267,0.326,0.032,5.345,5.012,1.841,0.931,0.339,0.426,0.555,1.477,1.28,2.63,2.658,0.239,0.249,3.212,4.214,0.075,4.75,7.542,0.032,0.011,0.146,1.137,2.97,0.985,1.12,1.573,5.652,3.195,2.634,3.371,2.063,2.01,1.77,10.108,4.974,0.45,2.736,2.884
"2038-10",2.476,2.454,2.444,1.672,1.751,4.838,1.688,9.209,5.795,7.04,4.139,0.134,3.4,0.569,4.83,1.462,3.759,1.642,2.282,0.728,0.029,2.682,5.615,2.377,3.032,0.809,0.991,0.262,1.938,1.502,1.069,2.431,0.441,0.571,1.658,1.707,0.067,2.438,4.954,0.112,0.023,0.209,1.536,3.134,0.962,1.365,1.227,5.373,4.486,2.273,3.368,2.426,1.814,2.411,3.169,7.941,1.135,2.669,2.858
"2038-11",1.491,2.468,1.683,2.976,3.316,3.827,1.26,4.495,3.47,6.58,5.097,2.786,6.243,0.867,3.875,1.963,3.797,2.975,0.888,2.027,0.018,0.815,5.16,1.268,4.848,1.829,2.351,2.17,0.829,1.911,0.87,2.162,1.859,0.678,0.785,2.035,0.109,0.217,4.21,0.687,0.02,0.14,0.756,2.244,0.575,1.05,1.07,5.512,4.827,2.265,3.635,2.741,1.849,1.765,4.539,11.469,0.783,2.372,2.867
"2038-12",1.773,1.967,1.56,2.999,2.067,3.047,2.426,1.963,1.347,3.793,4.503,7.136,11.357,1.612,4.782,2.999,2.389,2.969,1.719,2.702,0.146,0.2,3.282,0.099,4.452,1.778,4.44,5.833,0.592,1.082,0.371,1.902,1.222,0.62,0.645,1.693,0.016,0.061,5.075,1.491,0.089,0.414,0.522,1.891,0.625,1.002,0.769,4.171,5.303,3.155,3.335,3.53,1.957,0.784,0.854,7.223,2.351,2.342,2.822
"2039-01",1.384,2.213,1.062,1.866,1.088,2.257,2.581,2.086,0.969,4.569,2.388,8.162,11.105,0.611,4.58,2.541,3.088,4.141,1.514,1.721,0.006,0.021,1.806,0.025,3.738,1.996,5.684,8.763,0.696,0.867,0.42,1.407,1.013,0.39,0.411,1.96,0.011,0.072,7.752,7.415,0.303,0.488,0.381,1.543,0.693,1.06,0.755,3.157,5.485,3.694,3.008,2.581,2.409,0.075,1.049,7.974,3.376,2.459,2.927
"2039-02",1.486,1.5,0.914,3.529,1.529,4.272,1.351,0.884,2.052,7.355,2.668,6.703,9.423,0.592,5.164,1.558,3.214,2.009,2.014,1.147,0.044,0.08,2.165,0.03,3.197,3.063,5.36,5.714,0.565,1.845,0.46,2.118,0.873,0.623,0.755,1.875,0.086,0.066,5.122,8.765,0.908,2.076,1.403,2.233,0.871,1.192,0.727,2.624,6.849,3.911,2.77,2.423,2.395,0.084,0.07,5.222,2.758,2.629,2.866
"2039-03",1.325,1.642,1.263,2.528,1.767,2.584,1.321,0.827,2.047,8.045,4.839,6.408,8.359,1.057,3.84,2.808,2.843,2.389,1.759,1.333,0.137,0.628,3.432,0.537,4.049,2.586,4.226,4.438,0.739,1.552,0.873,1.943,1.403,1.395,1.872,3.487,0.156,0.275,3.069,4.948,0.147,0.748,0.396,1.526,1.038,1.796,0.818,2.372,7.287,3.942,2.359,4.644,2.745,0.105,0.191,5.619,3.723,2.883,2.909
"2039-04",1.584,1.686,1.882,2.704,1.754,2.55,0.466,1.649,0.613,9.582,5.811,5.337,4.912,0.811,3.512,1.985,2.106,2.985,1.435,1.539,0.039,1.241,4.072,1.237,4.059,1.49,1.697,3.401,0.775,1.588,1.981,2.33,1.344,0.494,1.775,3.893,0.186,0.557,4.188,1.319,0.042,1.08,0.988,1.999,1.255,2.009,0.555,2.496,6.08,3.87,2.099,7.745,2.377,0.317,1.576,5.55,3.383,3.116,2.889
"2039-05",1.72,1.932,2.013,2.864,3.16,1.942,0.751,5.919,4.545,7.689,5.997,2.018,2.844,3.184,3.267,2.971,2.348,3.107,1.618,1.078,0.014,2.429,2.697,1.325,1.464,0.337,0.512,0.956,1.403,2.266,2.365,2.396,1.209,0.941,1.85,4.512,0.009,0.929,6.947,1.288,0.244,2.058,2.856,3.131,0.909,1.936,0.658,3.067,5.167,3.401,1.524,7.186,2.374,1.327,4.933,9.059,2.554,3.133,2.989
"2039-06",1.22,2.405,2.607,0.621,2.764,4.855,2.629,9.573,4.752,4.489,5.236,0.41,0.544,2.403,1.841,3.185,1.905,3.311,2.522,0.286,0.044,5.314,2.571,0.9,0.25,0.461,0.436,0.812,1.813,2.175,2.911,2.472,0.437,0.705,4.111,6.064,0.007,3.808,9.679,0.821,0.762,0.743,2.739,3.655,1.151,1.184,0.804,3.526,4.944,3.037,1.68,5.701,2.203,3.919,10.998,4.019,1.528,3.057,3.011
"2039-07",1.63,2.863,2.036,0.482,2.671,4.878,3.666,8.097,3.055,3.416,3.387,0.405,0.714,2.678,2.12,2.581,2.158,2.33,1.705,0.18,0.075,7.439,2.929,2.27,0.293,0.333,0.235,0.57,1.709,2.135,3.497,2.676,0.114,0.283,6.906,5.803,0.101,5.86,9.09,0.537,0.145,1.037,1.654,2.948,1.06,1.258,0.911,4.699,4.346,2.963,1.765,3.384,1.792,3.615,9.596,4.25,0.859,3.057,2.972
"2039-08",1.557,2.856,2.288,0.137,1.989,4.221,4.658,7.144,3.797,5.4,3.433,0.225,0.73,3.355,1.561,3.057,2.945,1.463,1.456,0.164,0.232,8.262,4.381,2.989,0.533,0.437,0.36,0.508,1.848,1.838,2.319,3.472,0.087,0.267,5.752,4.246,0.661,5.233,8.888,0.283,0.076,0.43,1.369,2.856,1.046,1.099,1.224,5.114,3.045,2.918,2.64,2.112,1.967,2.723,9.054,5.025,0.725,2.822,2.919
"2039-09",2.029,2.942,2.486,0.465,2.153,3.734,3.946,9.038,4.46,6.39,3.552,0.537,2.46,1.979,2.596,2.731,3.559,1.686,1.493,0.419,0.463,6.909,6.856,2.925,1.065,0.371,0.267,0.556,2.188,0.903,1.719,2.997,0.244,0.759,2.441,4.643,0.33,4.418,7.272,0.121,0.092,0.211,1.972,2.143,0.894,1.353,1.48,5.313,2.602,2.448,2.949,1.054,1.656,3.84,6.811,6.939,0.581,2.886,2.874
"2039-10",2.218,2.707,2.369,1.772,0.682,3.476,0.605,8.436,5.985,6.53,3.227,1.153,4.739,0.494,3.899,2.044,3.56,2.358,1.768,1.005,0.019,2.717,6.073,2.358,2.756,0.841,0.976,0.723,2.002,0.778,1.368,2.403,0.309,0.287,1.764,2.858,0.048,2.257,7.764,0.269,0.057,1.051,0.732,2.488,0.729,1.789,0.93,5.402,3.017,2.368,3.663,1.976,1.9,3.081,5.576,8.357,0.558,2.644,2.851
"2039-11",2.383,2.167,1.648,2.661,1.154,3.676,0.887,5.896,4.342,7.786,5.294,3.453,8.921,1.039,4.708,2.572,1.979,2.187,2.057,2.32,0.056,0.704,4.736,0.689,4.924,1.263,3.041,2.873,1.142,1.627,1.088,2.352,0.906,0.31,0.476,0.861,0.022,0.123,5.524,0.739,0.048,0.549,0.753,2.289,0.821,0.912,1.025,5.187,3.731,2.655,3.436,3.065,1.954,0.751,2.114,10.442,1.237,2.395,2.841
"2039-12",1.086,2.657,1.555,3.761,1.19,2.39,1.478,2.524,1.828,5.533,6.207,6.559,12.166,0.849,5.353,2.398,2.601,3.462,1.343,2.29,0.006,0.132,3.547,0.159,3.904,2.335,6.079,4.884,0.817,0.71,0.538,1.262,0.877,0.397,0.26,2.095,0.004,0.117,7.399,2.298,0.183,1.759,0.523,2.052,0.717,1.1,0.699,4.653,3.94,2.909,2.815,3.678,1.791,0.49,2.606,10.812,1.969,2.186,2.901
"2040-01",2.046,1.342,1.607,4.682,2.063,3.883,1.62,0.918,1.584,5.651,3.928,7.455,12.065,0.754,5.341,2.691,3.516,2.415,1.578,1.363,0.036,0.008,1.701,0.023,3.282,3.268,6.663,7.374,0.828,1.268,0.608,1.747,0.843,0.282,0.458,1.243,0.012,0.103,7.068,12.785,0.902,1.625,0.693,2.005,0.805,0.722,0.861,3.206,4.571,4.063,2.976,3.168,2.122,0.436,0.894,5.468,2.913,2.422,2.957
"2040-02",2.171,1.519,1.11,3.107,1.34,3.872,1.215,0.647,0.899,8.519,3.604,8.061,10.8,0.632,3.976,1.918,2.738,1.698,0.919,1.609,0.04,0.106,2.926,0.057,3.594,4.081,5.828,8.579,0.688,1.082,0.491,1.348,1.721,0.563,1.474,2.319,0.015,0.179,4.658,6.257,0.588,1.389,0.749,1.869,1.094,1.943,0.943,2.699,4.152,4.189,2.831,2.59,2.456,0.073,0.111,4.974,3.482,2.572,2.789
"2040-03",1.79,2.202,1.686,2.329,2.432,4.058,0.823,0.746,1.005,8.891,4.115,6.332,9.801,0.84,4.632,2.38,2.068,2.507,1.708,1.122,0.009,0.142,2.516,0.06,1.992,2.748,4.445,4.667,0.433,1.091,0.786,2.193,0.926,0.721,1.032,3.117,0.003,0.077,5.82,5.114,0.333,2.339,1.001,3.807,1.09,1.859,0.766,2.557,5.806,3.973,2.252,3.085,3.049,0.127,0.134,3.757,4.006,2.872,2.893
"2040-04",1.05,1.657,1.742,1.948,1.661,4.34,0.504,1.588,0.628,8.356,5.449,7.23,6.191,1.599,3.016,3.272,2.805,1.957,2.427,0.6,0.026,2.061,5.141,0.818,3.064,1.143,1.133,2.962,1.052,2.322,1.495,1.981,1.022,0.996,2.146,3.308,0.144,0.405,5.174,4.531,0.008,1.084,0.496,2.733,1.009,2.179,0.559,2.363,4.866,3.882,1.971,7.379,3.228,0.157,0.508,6.43,3.199,3.178,2.903
"2040-05",0.699,1.908,2.265,1.874,3.393,4.102,0.624,6.026,1.647,7.107,6.751,2.847,1.98,1.519,2.014,2.51,1.956,2.152,2.428,0.572,0.014,1.827,2.68,0.766,1.742,0.308,0.515,1.611,1.596,2.108,2.954,1.885,0.425,0.376,2.836,4.442,0.01,1.291,8.171,0.727,0.11,0.974,1.218,3.268,0.978,1.651,0.893,3.163,4.337,3.705,1.652,7.054,2.243,1.862,10.665,6.314,1.933,3.246,2.909
"2040-06",1.546,2.431,2.287,0.612,2.732,4.675,1.275,7.578,3.736,4.281,4.654,1.557,1.034,2.666,2.286,2.794,2.062,2.593,1.638,0.313,0.014,4.593,2.336,0.96,0.422,0.526,0.428,0.598,1.366,2.507,3.631,2.147,0.178,0.296,4.515,5.896,0.008,3.896,7.628,0.255,0.354,0.511,2.311,2.809,1.074,1.641,0.948,3.426,5.527,3.134,1.671,6.723,2.305,3.729,8.357,5.905,1.235,3.223,2.972
"2040-07",1.025,2.411,2.43,0.128,1.806,4.717,3.17,7.456,3.128,3.16,3.704,0.363,0.911,2.404,1.457,2.824,2.473,2.409,2.107,0.102,0.134,6.971,2.384,2.745,0.289,0.455,0.251,0.603,1.708,1.651,3,2.976,0.15,0.422,6.854,4.987,0.653,7.279,7.647,0.205,0.245,1.054,2.884,3.254,1.079,1.258,1.123,4.576,3.78,3.264,1.986,4.141,1.836,4.722,12.863,3.615,0.954,3.086,2.939
"2040-08",2.479,2.872,2.196,0.2,1.563,3.906,4.339,9.402,4.337,5.402,4.829,0.265,0.547,1.701,1.622,2.82,2.685,1.509,1.163,0.191,0.597,8.316,4.502,3.283,0.575,0.3,0.283,0.37,1.898,1.464,3.038,3.521,0.103,0.362,6.45,5.385,0.701,5.781,7.643,0.072,0.045,0.429,2.205,3.601,1.026,1.355,1.246,5.114,3.207,2.34,2.92,2.358,1.705,2.574,7.818,5.737,1.023,2.914,2.945
"2040-09",2.426,2.356,2.12,0.661,1.351,3.359,3.91,11.683,7.527,5.552,3.819,0.728,1.935,1.698,2.826,2.223,2.636,1.11,1.833,0.59,0.146,7.378,5.711,2.045,0.933,0.28,0.25,0.355,2.242,1.249,1.662,2.809,0.224,0.331,3.972,3.395,0.202,4.56,8.909,0.112,0.026,0.519,2.279,3.937,0.758,1.599,1.486,5.274,3.267,2.224,3.372,2.003,1.997,2.009,9.331,4.447,0.553,2.782,2.909
"2040-10",2.825,3.005,2.334,1.282,1.604,3.139,2.983,8.803,5.441,7.486,5.048,0.268,2.724,1.451,2.676,2.221,2.433,1.893,2.484,1.445,0.024,3.323,5.422,1.361,2.298,0.412,0.457,0.909,1.413,1.957,1.543,2.652,0.268,0.16,1.242,2.8,0.034,1.502,5.423,0.245,0.02,0.466,0.748,2.337,0.777,1.61,1.126,5.307,4.579,2.365,3.674,3.103,1.812,1.4,1.365,7.981,0.697,2.635,2.842
"2040-11",2.264,2.088,1.9,2.949,0.995,4.589,0.434,5.037,6.764,5.849,8.487,2.917,7.799,0.694,3.865,2.132,2.995,2.436,1.739,1.525,0.089,0.918,4.793,0.388,4.438,0.833,2.193,2.657,0.88,1.55,0.764,2.996,1.572,0.732,1.145,1.649,0.03,0.09,4.481,0.336,0.015,0.475,1.312,2.486,0.685,0.739,1.385,5.088,3.459,2.6,3.072,4.01,2.251,0.876,1.715,11.745,1.281,2.498,2.853
"2040-12",2.25,2.812,1.752,1.841,1.296,3.873,1.148,1.497,1.488,5.478,8.118,7.199,8.956,0.96,3.094,2.321,3.305,3.135,1.907,2.16,0.013,0.083,3.438,0.052,3.347,1.613,3.691,3.719,0.956,1.176,0.995,1.909,0.368,0.318,0.996,1.488,0.011,1.035,8.362,3.318,0.121,0.192,0.754,2.759,0.512,0.999,1.11,4.302,3.94,2.999,2.853,4.74,1.74,0.569,3.355,7.22,2.349,2.282,2.871
"2041-01",2.133,1.436,1.255,4.421,0.968,2.542,1.878,1.133,0.76,3.883,4.611,9.253,10.924,0.866,3.77,2.255,3.151,2.07,1.694,1.818,0.031,0.056,2.924,0.013,3.858,2.791,5.515,7.942,0.833,0.934,0.522,2.129,1.253,0.241,1.998,1.049,0.007,0.403,6.093,11.188,1.363,4.276,1.076,2.82,0.65,0.824,0.955,3.681,3.572,3.485,2.911,4.1,2.63,0.098,0.333,6.879,2.492,2.385,2.871
"2041-02",1.416,1.527,1.234,4.409,1.788,3.513,0.924,0.895,1.046,7.804,4.101,7.859,11.309,0.959,4.681,2.962,2.465,3.479,1.829,2.23,0.009,0.014,2.046,0.009,3.498,4.031,5.629,7.62,0.52,0.921,0.454,1.504,0.947,0.417,1.233,1.572,0.002,0.077,6.196,9.757,3.519,4.773,1.265,2.172,0.921,1.211,0.589,3.134,3.663,4.192,2.674,2.713,2.655,0.051,0.101,6.181,3.797,2.636,2.955
"2041-03",1.925,1.785,1.166,2.862,2.802,3.674,1.545,0.409,0.457,7.029,3.565,8.908,10.412,0.907,4.028,2.57,2.426,2.462,1.031,1.907,0.012,0.566,3.307,0.119,2.311,3.262,4.072,6.384,0.682,1.079,1.027,1.852,1.361,0.615,1.44,2.029,0.006,0.083,5.148,6.536,0.248,2.783,0.745,3.388,1.102,1.294,0.585,3.095,4.436,4.206,2.058,4.909,3.35,0.127,0.155,3.223,3.174,2.728,2.864
"2041-04",1.313,1.655,1.302,1.858,3.001,3.484,0.498,1.931,0.782,6.855,4.919,4.26,5.6,0.869,2.386,3.07,2.257,1.695,1.095,0.852,0.02,2.05,4.803,0.844,3.339,1.437,2.461,4.755,0.842,1.63,1.708,2.14,1.469,1.44,2.318,3.123,0.025,0.186,3.468,5.598,0.012,0.409,0.78,1.972,1.095,1.712,0.769,3.019,5.02,3.973,2.15,7.343,3.729,0.2,0.264,4.629,2.334,3.177,2.85
"2041-05",1.886,2.318,1.678,1.775,3.139,3.245,0.726,4.899,1.61,5.002,5.812,2.812,2.571,2.081,2.032,2.83,2.222,2.733,1.602,0.779,0.02,2.208,4.288,1.623,2.545,0.635,0.601,1.097,1.2,2.092,2.042,2.171,1.495,1.84,1.932,3.402,0.035,0.685,6.976,1.031,0.143,0.972,2.007,2.689,1.097,2.029,0.785,3.575,4.422,3.621,1.455,7.501,2.27,0.367,5.525,9.722,1.672,3.329,2.948
"2041-06",1.321,2.031,2.071,0.598,1.984,4.201,1.425,9.162,3.903,3.428,4.269,0.975,1.17,3.143,2.398,2.227,2.367,3.347,1.857,0.594,0.024,5.239,2.722,1.034,0.75,0.725,0.337,0.506,1.386,2.335,2.78,2.581,0.622,0.945,2.257,5.343,0.009,2.823,7.435,0.109,0.121,0.459,2.82,4.253,0.775,2.039,1.143,4.253,4.163,3.451,1.726,7.655,2.344,2.773,2.049,4.735,1.254,3.111,2.951
"2041-07",1.831,2.57,2.317,0.52,1.782,4.289,3.618,8.623,3.875,3.284,3.361,0.35,0.765,1.821,2.1,2.148,2.396,1.879,3.238,0.167,0.136,8.128,3.412,2.298,0.229,0.34,0.182,0.507,2.004,2.169,3.619,3.435,0.224,0.503,5.095,5.461,0.249,6.1,6.368,0.05,0.1,0.772,2.258,3.674,0.931,1.846,1.284,5.165,3.557,3.259,1.774,4.33,1.739,6.586,12.263,3.783,1.017,3.013,2.983
"2041-08",2.219,2.516,3.052,0.315,1.301,3.83,4.261,8.999,4.393,3.509,3.308,0.211,0.299,1.523,1.774,2.509,1.723,1.48,1.964,0.103,0.759,9.639,5.299,3.587,0.569,0.346,0.333,0.525,2.43,1.624,2.35,3.368,0.081,0.444,5.527,5.599,1.365,6.275,7.389,0.095,0.021,0.564,1.526,3.202,0.686,1.471,1.044,5.366,2.609,2.807,2.521,2.451,1.627,3.704,10.642,4.983,0.569,3.031,2.931
"2041-09",1.542,2.87,2.298,0.532,3.095,4.168,4.546,9.727,5.902,4.191,2.72,0.201,1.348,1.908,2.79,2.587,3.847,1.229,1.519,0.319,0.525,8.039,5.457,3.475,0.933,0.337,0.29,0.55,2.178,1.876,1.515,3.886,0.348,0.348,3.696,3.292,0.495,4.012,7.074,0.052,0.017,0.187,1.701,3.751,0.891,1.052,1.457,5.405,3.337,2.339,3.189,1.847,1.69,2.93,8.352,3.861,0.779,2.786,2.861
"2041-10",2.434,2.081,1.963,1.247,3.798,3.493,3.015,10.199,6.086,6.759,4.978,1.385,3.782,1.446,3.411,2.586,3.248,1.613,1.347,1.268,0.057,4.084,6.443,2.265,2.985,0.846,0.967,0.703,1.215,1.375,1.934,3.596,0.498,0.301,0.388,2.428,0.07,1.895,4.554,0.106,0.026,0.095,0.855,1.899,0.753,1.574,1.214,5.153,4.064,2.768,3.924,2.062,1.878,0.744,2.804,7.015,0.868,2.673,2.853
"2041-11",2.344,2.522,1.816,1.578,1.027,2.743,3.036,4.641,3.286,6.48,5.722,2.005,6.301,1.385,3.706,2.575,2.722,2.741,1.977,1.82,0.073,0.981,5.187,0.42,3.968,1.822,2.569,2.762,0.988,1.885,1.016,2.354,0.572,0.404,1.29,1.68,0.017,2.315,3.718,0.244,0.03,0.217,0.45,2.388,0.687,1.044,1.114,5.631,3.984,2.665,3.456,3.725,1.747,3.819,6.438,9.4,1.425,2.456,2.857
"2041-12",2.206,2.018,1.56,3.18,1.394,3.632,2.116,2.106,1.535,5.884,5.121,6.603,11.868,0.769,4.79,2.557,3.2,2.154,2.267,1.6,0.105,0.121,3.169,0.199,4.875,2.723,5.012,5.64,0.772,1.619,0.674,1.665,1.415,0.38,0.693,1.87,0.133,0.304,4.746,0.79,0.026,0.238,0.647,2.989,0.658,0.964,0.877,4.311,5.118,2.682,3.482,4.327,2.319,0.946,0.542,9.88,2.779,2.304,2.906
"2042-01",2.294,2.08,1.689,2.977,1.391,3.296,1.158,0.961,1.528,4.794,4.219,8.755,10.702,0.654,4.488,1.988,2.984,1.88,1.388,1.536,0.045,0.011,2.918,0.03,3.615,3.462,5.715,6.967,0.773,0.795,0.486,1.615,0.782,0.221,0.957,1.62,0.012,0.087,7.744,9.806,1.355,1.676,1.016,2.545,0.641,1.106,1.203,3.295,4.948,3.307,2.948,3.054,1.961,0.359,0.705,9.17,2.193,2.477,2.931
"2042-02",1.835,1.576,1.362,3.324,2.506,4.043,3.091,1.198,1.773,6.395,3.01,8.586,12.26,0.96,3.589,2.711,2.738,2.914,2.441,1.38,0.023,0.044,1.905,0.031,2.044,2.564,4.685,7.425,0.746,1.392,0.503,1.36,1.322,0.617,1.332,1.875,0.005,0.315,3.389,5.625,0.287,1.399,1.246,2.746,0.988,1.448,0.711,2.654,6.034,4.729,2.903,2.387,2.928,0.044,0.147,5.374,4.13,2.641,2.943
"2042-03",1.33,1.561,1.166,3.037,2.426,3.525,1.214,1.337,0.955,8.815,3.84,7.966,7.898,0.827,3.077,2.476,2.428,2.728,2.223,1.575,0.017,0.208,2.779,0.436,5.009,3.829,4.967,5.141,0.912,1.968,1.307,1.612,0.9,0.676,2.159,2.864,0.674,0.404,3.183,5.037,0.394,1.863,0.939,2.516,1.066,2.126,0.767,2.334,6.892,3.498,2.713,2.405,2.96,0.076,0.111,4.098,4.76,2.779,2.86
"2042-04",1.614,1.649,1.292,3.045,1.838,2.544,1.253,1.645,1.833,9.617,6.17,4.273,5.235,1.21,2.805,2.339,1.252,3.329,1.75,1.848,0.009,1.706,4.435,1.079,3.833,1.241,2.076,4.373,1.133,2.084,1.823,2.707,1.256,0.791,1.995,3.157,0.01,0.35,4.93,5.754,0.106,1.166,0.529,2.414,1.136,1.845,1.04,2.257,6.083,3.602,2.134,7.55,2.935,0.318,0.551,3.86,3.256,2.998,2.882
"2042-05",1.766,1.484,2.019,2.098,3.27,2.79,0.412,4.791,3.84,7.931,6.877,1.84,1.597,1.855,1.937,3.032,1.67,2.334,1.668,1.157,0.011,2.663,4.011,1.107,1.953,0.255,0.976,2.066,1.236,2.052,2.121,2.765,1.028,1.338,2.679,4.034,0.012,1.128,5.605,0.383,0.062,0.366,1.633,3.18,1.176,2.031,0.968,2.887,5.257,3.327,1.654,8.944,1.974,2.715,2.517,9.641,2.8,3.156,2.933
"2042-06",1.357,2.026,2.509,0.913,2.629,4.014,1.572,8.859,2.517,4.451,4.542,0.42,1.071,1.759,1.9,2.699,2.011,3.422,3.192,0.244,0.024,3.933,2.328,0.865,0.489,0.306,0.562,0.726,1.501,2.849,2.712,2.803,0.308,0.595,3.654,5.948,0.012,4.917,8.123,0.279,0.051,0.709,1.623,2.805,0.955,1.663,0.764,3.821,5.318,3.437,1.693,5.832,2.232,3.761,15.232,6.444,1.179,3.336,3.046
"2042-07",1.972,2.718,2.745,0.51,2.58,4.577,3.312,8.21,3.041,4.604,3.599,0.274,0.729,2.662,2.581,2.819,2.656,1.679,1.537,0.102,0.072,7.527,2.9,1.862,0.682,0.452,0.333,0.542,2.123,2.137,2.868,3.515,0.165,0.451,7.265,6.279,0.064,6.019,6.227,0.165,0.078,0.209,1.74,3.055,0.881,1.563,1.234,5.082,4.48,2.901,1.857,4.809,1.878,1.508,9.766,3.829,1.127,3.054,2.978
"2042-08",1.791,2.867,1.948,0.402,2.022,4.127,3.187,6.759,2.845,3.879,2.987,0.226,0.368,2.503,1.006,2.913,2.531,1.548,0.967,0.086,0.394,9.76,5.638,3.691,0.792,0.378,0.378,0.467,2.52,1.474,2.789,3.487,0.076,0.719,6.038,5.351,0.464,5.85,5.199,0.054,0.028,0.157,1.761,2.907,0.943,1.074,1.466,4.914,4.425,2.849,2.817,2.037,1.764,4.29,10.573,5.75,0.626,2.904,2.911
"2042-09",3.005,2.542,2.646,0.797,1.49,3.541,4.463,8.065,3.849,3.783,1.828,0.175,0.676,2.414,2.138,2.887,3.28,1.986,0.794,0.73,0.294,7.604,5.825,2.396,0.931,0.383,0.477,0.625,2.002,0.737,2.044,3.744,0.137,0.407,3.142,4.468,0.17,5.022,5.914,0.033,0.031,0.195,1.472,2.845,0.914,1.098,1.314,6.072,4.377,2.349,2.974,1.578,1.906,1.553,9.937,4.629,0.591,2.868,2.912
"2042-10",2.826,2.145,1.996,3.325,2.092,5.119,2.029,10.103,7.519,6.804,2.999,0.956,2.95,1.112,4.235,2.1,2.114,1.441,1.109,1.76,0.052,3.707,5.271,3.29,2.845,0.656,0.859,1.008,1.64,2.045,1.316,2.183,0.969,0.607,1.808,2.006,0.636,2.078,2.761,0.239,0.016,0.433,0.498,1.421,0.786,1.528,1.214,4.983,4.927,2.515,3.893,1.807,2.346,1.748,1.62,8.238,0.795,2.574,2.813
"2042-11",2.372,2.11,2.123,4.76,1.533,3.098,1.393,4.713,5.654,7.453,4.508,2.887,6.491,1.228,3.876,2.349,2.088,2.743,1.413,2.574,0.031,1.682,5.498,1.384,4.509,1.393,3.007,3.046,1.394,1.455,0.737,2.262,2.198,0.87,0.924,2.241,0.045,1.153,4.626,0.399,0.072,1.669,0.441,2.303,0.712,1.058,1.131,4.246,4.668,2.499,3.515,2.95,1.839,2.876,5.783,9.812,1.169,2.546,2.836
"2042-12",1.407,1.963,1.364,5.045,1.826,4.406,1.473,2.055,1.833,6.402,5.58,4.69,7.853,1.173,4.107,2.565,2.961,3.044,2.171,1.882,0.014,0.101,3.212,0.171,5.535,2.506,4.934,6.912,0.655,2.033,0.733,1.708,1.504,0.521,0.356,1.726,0.022,0.208,7.036,2.573,0.277,0.563,0.418,2.164,0.619,0.945,0.773,3.636,6.774,2.814,3.23,3.287,1.856,0.332,1.993,8.275,1.905,2.208,2.895
"2043-01",1.801,1.276,1.09,3.232,1.205,4.592,0.806,1.133,2.647,7.169,4.125,8.599,10.676,0.581,4.111,2.434,3.521,3.358,1.228,1.869,0.091,0.154,3.17,0.043,3.983,2.821,4.883,6.808,0.877,0.783,0.49,1.744,1.384,0.209,0.796,1.603,0.033,0.169,4.304,7.898,0.24,1.902,0.717,2.6,0.826,1.091,0.909,2.942,7.076,3.516,2.998,3.971,1.822,0.127,0.202,7.568,2.593,2.262,2.904
"2043-02",1.926,1.435,1.259,4.968,1.821,3.076,0.656,1.482,2.953,7.814,3.475,6.654,7.727,0.983,4.401,2.312,2.457,3.518,1.088,1.694,0.046,0.036,2.756,0.148,4.106,3.754,5.228,7.849,0.514,0.729,0.466,1.356,1.199,0.513,2.065,2.646,0.032,0.129,4.432,3.574,0.152,0.753,1.022,1.489,0.895,1.329,0.614,2.485,7.441,4.069,2.269,2.928,2.754,0.05,0.033,5.268,4.008,2.798,2.919
"2043-03",2.295,1.687,1.174,3.845,1.969,4.421,1.824,0.542,1.19,7.128,4.296,8.024,9.011,0.51,4.425,1.846,1.844,1.407,1.707,1.991,0.161,0.688,3.301,0.278,2.354,2.824,4.359,4.235,0.797,1.017,0.787,1.012,2.327,0.639,2.491,3.202,0.157,0.391,3.229,3.812,0.178,1.306,0.728,2.671,0.976,1.829,1.026,1.975,7.622,4.445,2.705,4.914,2.698,0.158,0.159,3.198,3.875,2.823,2.935
"2043-04",1.73,1.667,1.701,3.148,2.108,3.092,0.282,1.268,1.204,7.596,7.872,7.235,6.092,0.516,2.197,1.61,2.472,2.723,2.562,1.476,0.051,1.202,3.859,0.438,2.292,1.406,2.1,2.967,1.163,1.787,1.418,2.327,1.389,1.335,2.89,3.738,0.014,0.712,4.882,3.947,0.478,1.667,1.835,2.765,1.004,2.373,0.589,2.264,6.59,3.094,1.864,7.329,2.298,0.209,0.266,4.181,4.687,3.06,2.893
"2043-05",1.155,2.253,1.436,2.523,4.188,4.419,0.503,6.89,3.829,6.409,6.035,2.755,2.225,1.251,2.288,2.607,1.459,2.965,1.696,1.022,0.025,2.809,3.071,1.137,1.976,0.329,0.709,1.01,1.329,2.306,2.578,2.148,0.976,1.225,1.958,4.365,0.025,0.843,6.117,1.878,0.254,0.978,2.235,2.991,1.117,2.132,0.834,2.796,6.495,3.203,1.612,6.956,2.173,0.422,5.277,8.5,2.037,3.388,2.974
"2043-06",1.553,2.387,2.566,1.409,2.186,4.261,0.945,9.943,6.416,4.628,5.478,0.814,1.937,2.512,2.729,3.064,1.761,3.076,3.387,0.445,0.017,3.981,2.117,0.855,0.433,0.406,0.413,0.656,1.272,1.95,3.411,3.437,0.388,0.501,4.28,5.145,0.018,3.461,8.129,0.371,0.102,0.776,1.706,3.202,0.898,2.045,0.874,3.032,6.594,2.924,1.79,6.461,2.572,1.871,11.498,7.1,0.898,3.441,3.064
"2043-07",1.236,2.637,2.45,0.486,2.552,4.937,3.594,9.601,4.014,3.1,3.837,0.388,0.45,1.352,1.804,2.831,2.388,2.289,2.142,0.164,0.071,6.969,2.89,2.237,0.276,0.403,0.308,0.778,2.25,2.291,3.255,4.041,0.165,0.337,4.782,6.406,0.105,6.244,8.575,0.099,0.158,0.405,2.198,3.445,0.929,1.354,1.228,3.923,5.431,3.032,1.719,3.647,1.574,5.933,14.007,4.72,0.619,3.224,3.027
"2043-08",2.45,2.888,2.374,0.438,1.593,4.02,2.803,8.517,3.761,4.259,3.45,0.231,0.6,2.053,1.577,2.803,1.92,2.266,1.397,0.217,0.24,7.872,4.644,2.97,0.763,0.263,0.449,0.666,1.675,1.631,2.333,3.919,0.098,0.582,4.854,6.28,0.314,5.502,7.031,0.142,0.198,0.248,2.297,2.952,0.809,1.486,1.351,5.532,3.899,2.822,2.471,2.05,1.726,4.189,11.546,3.149,0.716,3.025,2.949
"2043-09",2.265,3.041,2.196,0.915,1.015,2.869,3.843,9.637,5.007,5.364,3.81,0.551,0.748,2.219,1.722,2.357,2.234,2.055,1.642,0.601,0.095,6.927,4.627,2.407,0.728,0.512,0.605,0.352,2.142,0.637,1.772,3.197,0.201,0.474,3.312,3.09,0.327,4.66,6.251,0.044,0.016,0.57,2.12,3.683,0.806,1.155,1.4,5.875,4.187,2.419,3.176,1.836,1.675,2.025,7.709,4.339,0.61,2.803,2.867
"2043-10",3.08,3.003,2.549,2.884,1.972,3.942,1.445,9.5,7.848,7.632,4.019,0.577,3.352,2.428,3.685,2.596,2.425,1.537,2.391,1.99,0.059,3.794,5.881,2.321,3.245,0.398,0.556,0.878,1.743,1.954,1.68,2.285,1.012,0.456,1.602,1.121,0.077,1.709,3.065,0.165,0.009,0.147,0.822,2.418,0.759,1.356,1.12,5.421,5.1,2.509,3.589,1.999,2.158,2.7,2.846,8.587,0.753,2.588,2.893
"2043-11",1.449,2.131,1.859,2.833,1.076,3.761,0.344,5.236,4.379,7.888,5.251,1.519,5.262,2.16,3.661,2.728,3.024,3.337,2.465,1.19,0.023,1.05,5.294,1.395,6.234,1.366,2.927,2.249,1.246,1.954,1.041,2.195,1.389,0.799,0.589,1.867,0.051,0.509,4.289,0.463,0.013,0.259,0.749,1.945,0.595,1.042,0.985,4.699,4.892,2.654,3.12,3.46,2.176,2.188,5.353,11.16,1.288,2.406,2.847
"2043-12",2.332,3.193,1.283,0.974,3.498,4.442,2.916,2.067,1.114,5.813,5.93,5.129,9.414,1.173,4.187,2.611,3.168,1.593,1.699,1.497,0.031,0.039,2.966,0.201,4.645,2.599,4.506,5.444,1.126,1.61,0.604,1.544,1.339,0.502,0.266,2.195,0.017,0.146,6.25,1.557,0.065,0.195,1.161,2.335,0.517,1.003,1.189,3.705,7.485,2.88,2.793,4.367,1.796,2.051,1.584,8.389,1.374,2.221,2.916
"2044-01",1.963,1.984,1.192,2.903,1.681,3.516,2.017,0.845,1.553,4.99,2.64,9.266,10.308,1.381,4.376,2.762,2.547,2.558,1.869,1.988,0.008,0.014,2.898,0.012,3.731,2.873,6.432,7.85,0.707,1.422,0.432,1.545,1.064,0.422,1.15,1.36,0.006,0.089,7.19,9.797,0.95,1.845,0.628,2.689,0.654,1.292,0.588,3.146,6.096,3.33,2.856,2.833,2.239,0.138,0.192,6.934,1.852,2.533,2.912
"2044-02",1.982,2.102,0.992,1.532,1.211,3.144,1.671,0.364,0.753,7.125,3.503,6.771,10.574,0.675,4.61,2.656,3.771,2.09,1.647,1.165,0.008,0.044,2.82,0.056,3.498,3.24,5.034,9.218,0.917,0.794,0.429,1.04,1.139,0.543,1.147,2.884,0.014,0.254,4.648,5.858,0.227,0.74,0.634,1.163,0.873,1.336,0.975,2.556,6.485,3.974,2.54,2.609,2.217,0.065,0.154,5.893,4.467,2.72,2.877
"2044-03",1.459,1.458,1.502,4.423,1.685,4.228,0.796,0.636,1.458,8.536,4.394,7.119,9.105,0.568,3.82,1.494,2.589,2.431,1.554,1.167,0.01,0.346,3.051,0.659,2.807,2.486,3.271,5.979,0.639,0.995,0.71,1.725,1.777,0.801,1.562,2.138,0.013,0.192,4.093,7.163,0.709,1.592,1.304,2.947,1.151,2.05,0.698,2.414,6.755,4.18,2.18,3.765,2.726,0.189,0.349,3.874,3.259,2.954,2.892
"2044-04",1.641,1.704,1.669,2.897,2.99,3.605,0.455,1.815,0.611,9.38,6.034,6.271,6.152,1.095,2.865,2.636,2.219,2.209,1.976,0.924,0.032,1.503,4.09,1.009,4.07,1.036,2.069,4.39,0.725,1.995,1.914,1.7,1.475,1.003,2.096,3.806,0.07,0.505,3.44,2.722,0.248,0.424,0.81,1.824,1.01,1.862,0.666,2.556,5.891,4.145,1.834,6.79,2.55,0.256,0.98,6.153,2.435,3.059,2.862
"2044-05",1.646,2.14,1.796,1.404,2.42,2.891,0.779,4.818,2.335,7.148,7.649,3.314,3.44,2.089,2.315,2.791,2.025,2.076,1.949,0.817,0.061,3.015,3.319,1.268,2.292,0.232,0.462,1.058,1.538,3.025,2.496,2.374,1.294,1.848,3.073,3.664,0.031,1.156,7.025,1.803,0.18,0.674,1.518,4.08,1.076,1.417,0.825,3.11,4.933,3.281,1.633,8.214,2.48,0.726,6.989,10.511,1.256,3.363,2.997
"2044-06",1.477,2.018,2.113,0.983,2.707,4.932,1.19,9.249,6.494,4.1,4.126,0.358,1.425,2.234,2.122,2.501,1.865,2.335,1.901,0.631,0.025,4.75,2.395,0.892,0.531,0.416,0.452,0.811,2.356,2.506,2.853,1.813,0.273,0.575,5.264,4.408,0.006,5.818,8.707,0.139,0.135,0.166,2.519,2.177,1.051,1.689,0.764,3.976,5.425,3.187,1.838,5.155,2.334,4.219,13.279,3.595,1.09,3.303,3.016
"2044-07",1.574,2.292,2.129,0.307,1.253,4.582,2.232,8.107,4.09,2.494,3.396,0.547,1.202,2.394,1.592,3.048,2.608,1.248,1.578,0.122,0.1,7.219,3.814,2.871,0.402,0.34,0.363,0.885,2.09,2.388,3.424,2.984,0.203,0.482,6.154,5.608,0.349,5.683,7.356,0.12,0.092,0.278,2.205,3.485,0.864,1.397,1.571,5.034,4.302,2.91,2.205,3.456,1.65,4.066,12.316,4.774,0.882,3.037,2.973
"2044-08",2.2,2.545,2.402,0.218,1.604,4.365,3.803,11.071,4.917,4.425,2.791,0.257,0.713,2.397,1.933,2.722,2.268,1.158,1.084,0.151,0.205,7.182,4.149,3.427,0.526,0.559,0.731,0.77,2.461,0.928,2.528,3.725,0.128,0.667,5.021,7.07,0.472,5.86,6.119,0.073,0.025,0.315,2.309,3.653,1.081,1.082,1.182,5.373,3.265,2.522,2.671,1.83,2.027,2.653,9.393,4.389,0.858,2.882,2.904
"2044-09",2.139,2.632,2.646,0.814,2.697,3.881,5.014,10.052,4.391,6.124,3.248,0.2,1.862,1.81,2.157,1.925,2.703,3.138,1.474,0.394,0.2,7.647,5.994,2.485,1.084,0.342,0.502,0.269,2.059,1.168,2.028,2.276,0.122,0.458,3.717,3.724,0.223,4.776,7.381,0.166,0.021,0.384,0.816,2.618,0.776,1.844,1.341,4.691,2.991,2.62,3.504,1.514,2.035,4.239,9.158,6.61,0.506,2.813,2.87
"2044-10",2.34,3.075,2.475,1.761,1.045,3.809,1.176,10.348,8.966,7.21,4.949,0.473,3.46,1.296,3.332,2.004,2.514,2.411,2.081,1.574,0.044,3.273,5.774,2.405,2.704,0.55,0.514,0.554,1.504,1.377,1.719,2.567,0.614,0.592,1.413,2.26,0.154,2.61,6.264,0.375,0.017,0.349,0.912,2.52,0.696,1.358,1.374,5.325,3.776,2.553,4.014,2.163,1.726,3.424,8.152,6.575,0.518,2.625,2.899
"2044-11",2.161,2.45,1.698,3.548,1.693,3.671,0.273,3.803,5.995,7.628,6.306,1.492,4.87,1.541,3.47,2.789,2.366,3.274,1.007,2.581,0.014,1.267,5.539,1.082,4.333,1.151,1.442,1.757,1.03,1.407,0.916,2.425,0.57,0.398,0.682,1.75,0.015,0.568,4.605,0.349,0.028,0.177,0.499,2.486,0.702,1.075,1.048,5.221,3.641,2.638,3.563,3.302,1.819,3.401,5.966,10.552,1.347,2.422,2.824
"2044-12",1.935,1.522,1.396,3.473,1.052,2.391,1.685,2.22,3.198,6.742,7.072,5.967,9.101,1.474,4.921,2.911,2.753,2.863,2.592,1.746,0.033,0.06,3.076,0.055,4.52,2.015,5.92,4.062,0.958,1.911,0.725,1.916,0.984,0.3,0.326,1.578,0.008,0.283,7.348,2.693,0.262,0.899,0.668,2.046,0.603,1.115,1.058,4.187,3.564,2.86,3.19,4.306,1.816,1.309,1.795,10.334,1.898,2.227,2.844
"2045-01",2.023,2.272,1.379,4.486,0.974,2.579,0.49,1.132,1.588,5.797,3.529,10.59,12.293,0.67,4.326,1.627,3.1,2.93,1.539,1.657,0.013,0.005,2.539,0.011,2.564,2.759,5.262,8.25,0.685,1.211,0.482,1.53,1.015,0.283,0.644,1.013,0.007,0.329,8.975,8.918,1.548,1.213,1.368,2.153,0.656,0.994,0.746,3.567,4.523,3.219,2.566,3.058,2.502,0.127,0.99,7.87,3.485,2.397,2.966
"2045-02",1.75,1.662,1.711,3.505,1.43,4.041,0.899,1.005,0.913,8.29,4.332,6.278,10.038,0.751,3.812,2.435,2.562,2.906,1.716,1.334,0.008,0.013,2.441,0.008,2.027,3.382,3.869,6.355,0.454,1.152,0.474,1.988,0.846,0.655,0.608,1.849,0.003,0.083,3.606,15.084,1.399,3.954,0.862,1.653,0.876,1.328,0.783,2.802,4.972,4.787,2.599,2.785,2.349,0.094,0.095,3.338,3.094,2.805,2.877
"2045-03",1.473,1.829,1.12,1.48,1.533,2.783,1.309,1.648,1.238,9.358,3.047,8.171,9.391,1.149,4.319,2.418,2.025,2.811,2.272,2.176,0.057,0.501,3.127,1.426,5.239,2.91,4.748,6.788,0.83,1.331,1.163,2.048,1.21,0.667,2.048,2.45,0.131,0.553,2.651,5.242,0.949,1.047,0.492,2.042,1.159,1.81,0.524,2.425,6.481,4.077,2.851,2.997,2.789,0.338,0.267,4.745,3.427,2.794,2.871
"2045-04",1.401,1.808,1.487,3.023,2.094,3.726,0.238,2.379,0.373,8.806,5.45,5.163,3.683,1.281,2.132,2.619,1.725,2.86,1.751,1.944,0.017,1.942,4.865,1.215,3.059,1.13,1.63,2.533,0.862,1.723,1.691,2.896,0.846,0.729,2.12,3.129,0.02,0.25,4.194,3.842,0.062,0.521,0.723,2.195,1.056,1.923,0.472,2.928,5.177,3.765,1.688,7.901,2.658,0.191,0.202,5.91,3.556,3.132,2.865
"2045-05",1.325,2.384,2.026,2.46,3.558,2.709,1.451,5.674,3.187,5.553,5.723,2.368,2.265,1.999,1.897,3.329,1.537,3.366,2.509,0.82,0.013,2.869,4.11,1.313,1.574,0.838,0.696,1.238,1.386,2.103,2.924,2.048,0.54,0.62,1.483,3.608,0.018,1.269,7.278,0.638,0.204,0.404,1.295,2.551,1.119,1.74,0.694,3.302,4.355,3.707,1.614,8.486,1.897,3.234,9.109,9.763,1.833,3.201,2.978
"2045-06",1.56,2.39,1.983,0.87,3.342,3.623,0.993,10.151,5.821,4.305,5.686,1.136,0.562,2.226,2.2,2.366,1.831,2.616,2.114,0.477,0.023,3.21,2.527,1.045,0.404,0.963,0.708,0.589,1.907,2.103,2.769,2.347,0.143,0.31,4.209,6.949,0.008,3.904,7.472,0.151,0.106,1.228,2.938,4.013,1.155,1.729,0.927,3.966,5.443,2.937,1.5,6.875,1.862,1.967,10.463,2.98,1.594,3.256,2.978
"2045-07",1.611,2.753,2.418,0.414,2.063,3.788,2.271,7.992,1.96,4.712,4.427,0.211,0.975,2.282,1.834,2.93,2.668,2.042,1.673,0.16,0.091,7.769,4.018,2.111,0.539,0.707,0.818,0.859,1.551,1.812,2.787,3.587,0.141,0.431,6.625,6.303,0.171,4.657,6.756,0.132,0.037,0.378,2.021,3.791,1.062,1.558,1.401,4.963,4.203,3.158,1.99,4.136,2.178,3.424,7.787,4.111,1.043,2.834,2.972
"2045-08",2.53,2.722,2.07,0.495,1.661,3.868,2.734,8.739,3.692,4.538,3.005,0.115,0.38,2.187,1.134,2.698,2.206,1.039,1.62,0.324,1.197,9.422,5.216,3.545,0.436,0.187,0.371,0.529,2.164,1.64,2.03,4.088,0.126,0.411,6.286,4.968,0.774,5.974,6.498,0.092,0.175,0.612,2.038,3.216,0.927,1.406,1.193,5.194,3.818,2.528,2.339,1.88,1.941,4.723,10.352,6.533,0.751,2.971,2.944
"2045-09",3.028,2.36,2.86,0.556,1.983,3.807,3.942,9.142,4.464,5.98,3.033,0.126,1.06,2.611,1.907,2.674,2.543,1.504,1.405,0.801,0.183,7.397,5.554,2.823,0.687,0.256,0.357,0.267,2.073,1.096,1.759,3.35,0.224,0.457,3.649,3.424,0.314,6.066,7.696,0.136,0.028,0.459,1.389,2.991,0.992,1.342,1.298,5.209,3.627,2.223,3.222,1.991,1.788,3.375,9.551,6.139,0.849,2.677,2.892
"2045-10",2.314,2.698,2.286,2.622,1.379,3.143,1.851,8.757,6.602,5.822,4.187,0.323,2.13,1.205,3.242,1.95,2.65,2.605,1.747,1.635,0.092,2.885,4.866,2.852,2.078,0.536,0.767,0.638,1.781,0.874,1.124,2.458,0.617,0.307,1.602,2.89,1.604,2.446,4.966,0.228,0.02,0.401,0.679,2.419,0.745,1.179,1.308,5.78,3.436,2.279,4.331,2.572,1.701,5.264,6.669,6.078,0.932,2.564,2.824
"2045-11",1.952,2.924,1.504,2.867,2.06,3.286,1.318,4.527,5.319,7.071,5.84,2.714,7.586,1.023,5.448,2.238,2.818,3.704,2.952,1.679,0.018,0.703,4.825,1.614,4.752,1.215,0.975,0.66,1.07,2.283,1.28,1.639,1.496,0.25,1.144,0.939,0.098,0.413,5.726,0.493,0.141,1.264,0.659,3.241,0.692,1.357,0.88,4.9,4.404,2.497,3.082,3.663,1.764,2.355,5.344,12.311,0.814,2.386,2.881
"2045-12",1.975,2.01,1.263,4.238,1.483,3.359,0.591,3.154,1.708,6.457,5.908,7.14,7.169,0.998,3.747,2.624,1.767,2.384,1.772,3.134,0.074,0.149,4.268,0.029,3.846,2.493,3.861,2.552,1.014,1.188,0.579,1.437,0.917,0.305,0.835,0.889,0.003,0.096,6.591,3.584,0.036,0.491,0.718,2.738,0.503,1.008,0.949,4.24,5.933,2.687,2.928,5.249,1.649,0.967,0.384,8.817,1.209,2.565,2.876
"2046-01",1.281,1.534,1.158,4.111,1.051,2.393,0.994,1.174,0.563,6.055,4.49,10.644,13.042,0.673,2.772,2.58,2.1,2.962,1.694,2.907,0.07,0.113,3.227,0.013,3.941,2.402,6.153,7.77,0.757,1.491,0.681,1.889,1.225,0.691,0.513,1.333,0.019,0.027,6.115,4.093,0.342,0.553,1.277,3.437,0.678,0.991,0.708,3.282,5.715,3.266,3.119,3.202,1.946,0.15,0.423,7.435,2.955,2.229,2.852
"2046-02",1.106,1.049,1.184,5.596,1.886,3.906,1.2,0.638,0.636,7.427,3.638,7.337,11.492,1.156,5.589,2.849,3.187,2.099,1.622,1.326,0.023,0.081,1.919,0.035,2.932,2.952,5.167,7.388,0.781,0.576,0.505,1.473,1.524,0.512,0.973,2.426,0.014,0.117,5.22,11.783,0.248,1.725,0.547,2.131,0.673,1.696,1.082,2.809,5.234,4.166,2.422,2.743,2.306,0.033,0.059,3.42,3.342,2.681,2.858
"2046-03",1.149,1.942,1.367,3.467,1.244,3.271,0.693,0.648,0.659,8.006,3.436,7.741,10.657,0.847,3.837,2.888,3.004,3.251,1.262,1.401,0.006,0.203,2.807,0.088,2.94,2.763,4.407,7.26,0.93,0.697,0.836,1.477,2.168,0.893,2.429,3.218,0.008,0.32,3.736,4.79,0.017,0.627,0.774,1.466,0.988,1.953,0.695,2.429,6.828,4.391,2.297,3.448,3.198,0.058,0.215,4.52,4.337,2.997,2.963
"2046-04",1.388,1.786,1.712,2.185,3.344,3.372,0.05,1.483,0.948,9.174,8.288,5.673,6.269,1.553,2.118,2.794,1.726,3.217,1.536,1.021,0.006,1.092,3.635,0.652,3.148,0.727,1.18,3.68,0.566,1.807,1.871,2.093,1.181,0.713,1.111,2.902,0.004,0.363,4.027,4.634,0.25,0.777,1.004,1.654,1.006,2.128,0.761,2.646,5.558,3.918,1.748,5.89,3.084,0.188,2.299,4.797,3.378,3.035,2.831
"2046-05",1.529,1.964,1.915,1.47,2.632,3.379,0.635,5.086,1.285,6.997,7.804,3.791,2.523,1.927,1.963,2.156,2.545,2.822,0.903,0.673,0.051,2.167,3.253,1.133,1.974,0.373,0.578,0.787,1.274,1.522,2.615,2.972,0.998,1.464,1.113,4.361,0.007,0.456,7.021,1.619,0.13,2.322,1.056,2.647,1.208,1.916,0.996,3.145,4.636,3.329,1.26,9.904,2.763,0.251,5.254,9.159,2.062,3.277,2.964
"2046-06",1.777,2.6,2.484,0.958,2.331,3.482,1.78,9.208,4.483,5.736,5.366,1.084,0.878,2.489,2.77,3.101,1.949,2.916,2.109,0.366,0.017,3.577,2.561,1.119,0.761,0.231,0.844,1.264,1.463,2.462,2.753,2.74,0.309,0.745,2.849,6.353,0.005,3.494,9.173,0.453,0.06,0.747,1.825,4.165,0.95,1.814,0.984,4.139,3.33,3.28,1.429,6.722,1.997,3.779,12.658,5.407,0.974,3.251,2.993
"2046-07",2.005,2.326,1.977,0.558,2.398,4.398,4.308,7.051,3.853,3.112,4.743,0.475,0.679,1.844,1.894,2.528,1.795,1.967,2.014,0.194,0.07,6.754,3.426,2.6,0.6,0.445,0.468,0.415,1.879,2.325,2.929,4.493,0.049,0.723,6.685,6.832,0.137,5.63,8.274,0.229,0.244,0.433,1.462,2.867,1.025,1.224,1.42,4.604,3.555,3.153,1.743,4.962,1.938,4.254,8.663,3.822,0.81,3.256,2.982
"2046-08",2.162,2.017,2.662,0.44,2.155,3.018,4.262,11.467,4.138,5.696,4.182,0.168,0.702,1.648,1.851,2.422,2.342,1.377,1.598,0.185,1.184,9.182,4.816,3.705,0.574,0.321,0.285,0.644,2.453,1.415,2.658,2.572,0.17,0.48,4.621,5.494,1.294,6.304,7.787,0.28,0.077,0.555,1.227,2.515,0.972,1.468,1.618,4.975,2.097,2.758,2.568,2.306,1.976,4.944,9.77,6.144,0.724,2.947,2.935
"2046-09",2.468,2.841,3.133,1.229,2.21,3.064,4.301,9.569,5.611,5.741,4.556,0.16,0.949,1.411,1.625,2.02,2.564,2.275,0.999,0.632,0.6,7.51,5.239,2.94,0.881,0.315,0.452,0.455,1.897,0.921,2.431,3.446,0.076,0.837,4.584,4.225,0.739,6.102,8.164,0.28,0.35,0.934,1.927,2.594,0.95,1.567,1.593,4.79,2.078,2.403,3.071,2.055,1.976,5.367,9.257,7.993,0.736,2.744,2.916
"2046-10",1.641,2.494,2.815,1.579,0.961,3.028,1.504,7.654,8.134,6.65,4.527,0.94,4.274,0.809,3.462,1.913,3.571,2.917,0.908,1.395,0.022,3.012,5.484,2.35,2.107,0.584,0.565,0.417,1.653,1.317,1.642,2.759,0.116,0.247,1.217,3.576,0.051,3.073,8.617,0.143,0.022,0.902,1.282,2.396,0.7,1.632,1.113,5.258,1.969,2.539,3.933,1.973,1.843,2.086,8.323,6.053,0.633,2.565,2.812
"2046-11",2.01,2.033,1.81,3.466,2.219,2.922,0.515,4.472,2.739,6.591,8.141,3.438,9.345,0.602,3.476,1.887,1.925,3.095,1.783,1.713,0.005,1.339,5.511,1.469,5.159,1.193,2.506,2.987,1.221,1.834,1.092,2.941,0.42,0.215,0.113,1.372,0.012,0.722,6.578,0.668,0.223,0.839,0.863,3.55,0.781,1.223,1.098,5.306,2.335,2.721,3.63,3.755,1.829,4.441,5.588,8.691,1.807,2.45,2.885
"2046-12",2.667,1.34,1.406,5.876,0.711,3.081,0.598,2.418,1.6,5.619,6.674,5.467,11.271,0.617,4.386,1.858,1.722,2.935,1.364,2.929,0.006,0.15,2.895,0.121,5.269,2.275,5.386,5.438,0.943,0.552,0.46,2.655,0.907,0.49,0.537,2.453,0.001,0.159,6.784,2.596,0.166,1.467,1.677,2.409,0.788,0.965,0.97,4.455,3.334,2.89,3.012,3.55,1.811,0.259,2.597,11.688,2.267,2.223,2.881
"2047-01",2.339,1.812,1.123,4.082,1.127,4.159,1.068,0.779,0.857,3.928,4.629,11.396,11.942,0.612,5.209,1.838,1.917,2.205,1.547,1.895,0.045,0.04,3.064,0.01,3.018,2.958,5.397,6.911,0.712,0.67,0.333,1.933,1.058,0.415,0.738,1.599,0.013,0.036,8.229,10.084,1.046,2.925,1.054,3.258,0.673,1.244,0.802,3.978,3.079,3.569,2.924,3.788,2.2,0.19,0.35,5.644,2.022,2.298,2.891
"2047-02",2.313,2.334,1.382,1.832,1.499,2.735,0.648,0.832,0.693,6.354,4.01,9.858,13.448,0.592,4.636,1.943,1.755,2.052,1.286,1.596,0.024,0.063,2.11,0.012,2.842,3.269,6.217,8.453,0.426,0.769,0.307,1.861,1.336,0.537,0.972,3.017,0.014,0.091,6.543,8.822,1.835,1.865,0.86,2.466,0.975,1.568,0.776,3.391,3.371,3.916,2.406,2.839,2.577,0.039,0.23,6.519,4.271,2.573,2.926
"2047-03",1.629,1.444,1.611,4.558,1.731,4.214,0.223,0.476,0.754,7.105,6.044,9.743,12.124,0.619,3.467,2.154,2.199,2.472,1.513,1.161,0.01,0.459,3.03,0.219,2.526,2.464,3.157,5.997,0.735,1.201,0.88,2.321,0.943,0.533,0.909,1.779,0.002,0.202,6.779,9.218,1.24,2.698,1.37,2.068,1.102,1.607,0.739,2.96,3.911,4.274,1.843,4.5,2.639,0.05,0.97,2.872,3.351,2.824,2.883
"2047-04",1.598,1.864,1.494,2.217,1.83,3.135,0.751,3.216,0.845,8.346,5.545,5.1,3.825,1.142,0.805,2.725,1.067,3.158,1.911,1.532,0.018,2.283,5.051,1.884,4.731,1.459,1.59,3.827,0.86,1.365,1.407,1.844,1.015,0.749,2.361,4.037,0.07,0.683,4.119,3.177,0.132,0.617,0.881,2.8,1.245,1.653,0.585,2.918,3.928,4.015,2.352,7.426,2.86,0.556,0.908,5.82,3.334,2.976,2.844
"2047-05",1.093,1.646,1.922,1.674,2.886,3.982,0.627,5.403,2.892,6.216,6.201,2.81,1.201,2.258,2.045,3.031,2.116,2.144,1.645,1.154,0.022,2.286,3.901,1.482,2.178,0.779,0.325,1.222,1.624,1.952,2.128,1.868,0.452,1.154,2.786,4.246,0.03,0.877,6.561,1.59,0.652,0.981,2.297,3.734,1.1,1.825,0.845,3.541,3.471,3.609,1.607,7.766,2.077,2.072,7.861,8.65,2.562,3.159,2.927
"2047-06",1.134,2.208,2.07,0.595,2.359,4.333,2.42,8.787,4.299,4.525,5.084,1.12,0.609,2.902,1.304,2.914,1.812,3.674,2.005,0.494,0.018,3.9,2.774,1.279,0.384,0.399,0.546,0.505,1.374,1.847,4.157,3.108,0.397,0.543,2.796,6.276,0.013,3.498,9.447,0.912,0.444,2.574,1.826,2.557,0.896,2.01,0.916,3.859,2.719,3.567,1.757,7.843,2.291,5.094,8.562,4.761,1.212,3.295,2.994
"2047-07",1.119,2.578,2.385,0.268,2.412,4.332,3.56,7.795,2.427,3.827,3.969,0.35,0.735,2.941,1.074,2.817,2.835,2.641,1.34,0.098,0.064,6.555,2.693,2.444,0.22,0.282,0.349,0.977,1.688,2.031,2.592,3.38,0.05,0.291,6.305,6.504,0.119,6.271,9.128,0.393,0.187,0.702,2.042,2.771,0.861,1.551,1.012,4.992,3.458,3.01,1.734,5.659,1.699,2.526,13.016,2.676,1.253,3.035,2.968
"2047-08",1.438,2.586,2.485,0.287,1.525,3.52,3.115,7.308,4.03,4.402,3.333,0.304,0.787,0.582,2.395,2.221,2.939,1.7,1.334,0.139,0.32,8.176,4.629,3.199,0.58,0.486,0.424,0.388,2.168,1.397,1.889,3.259,0.098,0.34,5.239,4.805,0.612,5.222,8.245,0.075,0.198,0.849,2.257,3.561,0.964,1.258,1.58,5.672,2.869,2.949,2.611,2.779,1.842,2.064,8.731,3.523,0.646,3.124,2.938
"2047-09",2.036,2.95,2.45,0.441,2.805,4.463,4.366,10.778,5.575,5.227,3.335,0.32,1.519,1.511,2.559,1.843,3.188,1.606,2.607,0.307,0.087,6.767,6.425,2.203,1.067,0.385,0.579,0.8,1.853,1.724,1.359,2.477,0.232,0.234,3.745,4.113,0.157,4.965,5.971,0.114,0.013,0.239,1.061,2.129,0.94,1.472,1.494,5.765,2.938,2.569,2.921,1.54,1.923,1.337,5.662,5.821,0.728,2.685,2.853
"2047-10",2.46,2.82,2.314,1.111,1.884,4.26,2.758,8.974,5.616,6.327,3.387,1.183,2.681,1.023,3.787,2.211,3.033,2.443,2.056,1.531,0.037,3.252,6.238,2.395,3.262,0.751,1.486,1.063,1.89,1.754,1.691,2.628,0.22,0.228,1.597,1.75,0.142,1.492,6.244,0.112,0.177,0.334,0.874,2.098,0.779,1.059,1.196,4.69,3.938,2.377,3.759,2.039,2.01,4.631,5.459,9.478,0.897,2.543,2.847
"2047-11",2.309,2.854,1.814,2.143,0.488,2.253,0.262,6.125,4.171,7.436,7.787,2.96,8.259,0.522,3.266,2.441,3.888,1.676,2.095,1.075,0.039,0.732,4.843,1.474,4.202,1.841,4.338,1.564,1.48,1.909,1.073,2.258,0.826,0.411,0.572,1.838,0.023,0.291,7.217,0.222,0.091,0.366,1.442,2.837,0.981,0.781,0.965,4.738,3.691,2.66,3.435,3.968,1.724,1.941,3.973,9.134,1.377,2.474,2.888
"2047-12",2.743,2.124,1.262,3.187,1.344,3.022,1.091,1.347,1.792,5.565,5.461,5.054,9.997,0.651,4.503,2.26,2.527,2.351,1.803,1.84,0.036,0.106,2.859,0.068,5.211,1.898,3.492,5.962,0.736,1.745,0.48,1.641,1.281,0.312,0.357,1.826,0.02,0.533,7.518,1.841,0.133,1.154,0.567,2.509,0.585,1.091,0.738,4.264,5.653,2.913,3.103,3.416,1.694,0.069,1.543,8.464,2.539,2.237,2.875
"2048-01",1.705,1.829,1.218,3.331,1.109,3.37,3.317,1.446,0.902,4.345,3.591,7.814,12.717,0.369,5.492,1.354,3.806,2.301,0.935,1.901,0.029,0.004,1.849,0.053,2.635,2.581,6.097,7.702,0.716,0.903,0.54,1.736,1.209,0.34,0.685,1.382,0.034,0.072,6.962,9.933,1.138,0.823,0.844,3.093,0.767,1.344,1.074,2.959,6.158,3.597,2.724,3.143,2.159,0.061,0.122,4.939,3.248,2.48,2.928
"2048-02",2.152,1.574,1.145,2.656,2.765,2.833,5.749,0.368,1.001,5.213,2.668,8.063,11.279,0.744,3.169,2.344,2.573,1.98,1.456,1.769,0.03,0.014,2.456,0.059,2.447,2.445,4.689,8.635,0.931,0.468,0.454,1.258,1.913,0.654,1.344,2.483,0.102,0.22,5.086,10.141,1.598,0.587,1.074,2.278,0.753,1.534,1.023,2.435,6.675,4.309,2.639,2.71,3.132,0.041,0.137,3.276,3.372,2.608,2.924
"2048-03",1.659,1.809,1.578,3.455,2.372,5.317,1.414,0.38,1.117,5.595,4.644,7.638,11.121,0.935,4.379,3.043,2.885,3,2.016,0.93,0.025,0.327,3.076,0.485,3.36,2.183,2.692,4.184,0.819,1.043,1.151,1.569,0.629,0.556,1.407,3.746,0.48,0.235,2.671,3.46,0.144,0.433,0.509,2.079,1.049,1.238,0.805,2.109,6.904,4.259,2.441,4.051,2.874,0.045,0.086,3.555,5.509,2.876,2.902
"2048-04",1.095,1.607,1.298,1.568,3.077,2.477,1.041,2.545,0.538,8.178,5.149,6.147,7.154,1.078,3.34,3.08,2.396,2.183,1.398,1.814,0.018,1.642,4.115,1.567,3.783,1.087,0.989,2.37,0.989,1.517,1.531,2.827,1.709,0.739,1.943,3.948,0.25,0.548,4.56,3.675,0.106,0.669,1.102,2.555,1.052,1.846,0.921,2.393,6.006,3.492,2.138,6.898,3.066,0.397,0.167,4.717,3.394,3.146,2.876
"2048-05",1.499,2.01,1.974,1.237,2.188,3.343,0.847,5.979,2.087,6.281,6.776,3.919,2.215,1.667,2.109,3.248,1.46,2.978,1.974,1.326,0.021,2.599,3.609,1.435,2.667,0.295,0.59,1.049,1.376,2.066,2.6,2.34,1.827,0.88,1.685,4.554,0.116,1.456,7.226,1.372,0.168,0.801,1.632,3.059,0.972,1.343,0.775,3.051,4.429,3.405,1.516,8.298,2.19,2.099,7.675,9.281,2.151,3.26,2.966
"2048-06",1.931,1.867,2.516,0.876,2.861,3.914,2.199,9.812,4.828,4.701,4.652,0.415,2.016,2.701,2.243,2.728,2.241,2.9,2.791,0.298,0.024,3.969,2.289,1.218,0.59,0.196,0.325,0.942,1.498,2.159,2.976,2.622,0.233,0.406,4.687,4.878,0.014,4.93,8.037,0.277,0.157,0.426,2.074,3.073,1.145,1.917,0.639,3.699,5.035,3.42,1.569,5.014,2.165,4.554,12.708,5.633,1.109,3.185,2.992
"2048-07",1.686,2.656,2.311,0.349,1.442,4.464,2.362,8.527,3.26,3.342,3.823,0.294,0.579,2.533,2.024,2.644,2.547,1.304,1.984,0.137,0.132,7.024,3.106,2.374,0.442,0.327,0.995,1.278,2.096,2.216,2.536,4.376,0.167,0.179,5.189,5.877,0.192,6.033,7.704,0.121,0.063,0.225,2.505,2.853,1.013,1.188,0.841,4.581,4.835,3.157,1.926,4.143,2.033,3.756,12.982,3.376,0.963,3.071,2.995
"2048-08",2.036,2.519,2.413,0.413,1.485,4.028,3.497,7.3,3.361,3.48,2.7,0.166,0.292,2.474,1.469,3.148,2.297,1.073,1.565,0.115,0.506,8.191,4.086,3.597,0.715,0.246,0.419,0.825,2.202,1.415,1.979,3.885,0.072,0.434,6.038,5.315,0.465,6.025,7.695,0.06,0.027,0.285,1.655,3.045,0.827,0.996,1.163,5.159,4.466,2.437,2.703,2.066,1.604,3.355,9.556,4.836,0.775,2.962,2.908
"2048-09",2.071,3.006,2.559,0.928,0.771,2.506,3.615,9.317,4.429,4.214,1.761,0.747,1.458,1.707,3.347,2.453,2.866,1.593,1.309,0.646,0.128,6.294,4.789,2.611,1.157,0.29,0.583,0.328,1.93,1.114,1.517,2.616,0.122,0.352,3.638,3.745,0.209,3.164,5.423,0.038,0.014,0.216,1.289,3.369,0.737,1.433,1.15,6.52,4.279,2.409,3.358,1.316,2.346,1.356,3.834,4.176,0.659,2.791,2.867
"2048-10",2.213,3.062,1.971,1.294,1.905,3.537,3.21,8.591,4.45,5.817,2.635,0.632,2.609,1.386,3.62,2.709,3.143,1.523,1.064,1.647,0.182,4.657,6.474,4.16,3.606,0.457,0.912,1.134,1.81,1.745,1.662,2.614,1.086,0.557,1.673,2.004,0.842,1.277,3.448,0.075,0.038,0.062,1.355,2.143,0.847,1.384,1.112,4.789,4.841,2.513,3.692,2.175,2.121,2.058,4.459,10.451,0.9,2.519,2.843
"2048-11",1.891,2.797,1.504,2.229,2.063,4.287,3.063,4.046,3.036,6.564,3.018,0.478,3.796,0.942,4.409,2.435,3.33,3.228,1.785,1.798,0.007,1.042,4.47,1.047,5.44,0.602,2.427,3.121,1.212,1.334,1.314,2.198,0.583,0.441,1.023,2.402,0.082,1.546,5.596,0.153,0.018,1.068,1.005,2.159,0.706,0.814,1.098,4.722,5.682,2.348,3.079,2.802,1.933,5.227,7.498,9.262,1.215,2.459,2.844
"2048-12",1.65,2.806,1.423,2.696,1.88,3.478,1.463,1.679,2.61,6.364,4.318,4.234,8.31,0.871,5.209,2.443,3.465,3.869,2.036,1.701,0.008,0.06,2.795,0.271,5.932,2.202,4.786,4.337,0.723,1.652,0.874,2.147,1.119,0.377,0.307,1.822,0.007,0.133,6.78,1.299,0.024,0.16,0.606,2.072,0.538,0.832,0.647,3.454,7.148,2.728,2.814,2.963,1.902,1.628,1.954,12.145,1.716,2.497,2.918
"2049-01",2.636,1.718,1.497,3.929,1.394,4.581,1.403,1.141,1.509,6,3.275,5.449,9.047,0.597,5.779,1.762,3.243,2.029,2.198,1.43,0.043,0.02,2.584,0.06,3.499,2.857,5.952,7.777,0.538,1.797,0.692,1.46,0.838,0.392,0.552,2.15,0.015,0.068,5.726,3.273,0.352,1.817,1.07,2.08,0.71,1.275,0.653,2.8,8.512,3.284,3.073,2.734,2.107,0.073,0.086,7.509,2.224,2.529,2.925
"2049-02",1.917,1.682,1.627,4.93,2.519,5.764,2.034,0.926,1.814,5.644,4.303,6.686,11.277,0.69,4.846,2.813,2.651,2.896,1.357,1.75,0.027,0.018,2.292,0.011,2.682,2.05,3.491,8.237,0.652,0.683,0.484,1.198,0.47,0.313,0.926,2.042,0.006,0.293,5.02,12.896,2.723,2.154,1.618,1.99,1.027,1.098,0.935,2.309,7.259,3.499,2.455,2.939,2.305,0.059,0.116,3.355,5.565,2.687,2.985
"2049-03",1.373,1.007,1.123,4.42,1.903,5.49,1.723,0.964,1.913,7.166,5.303,6.53,8.7,1.13,3.95,2.53,3.558,2.411,2.21,0.703,0.098,0.115,2.996,0.953,3.259,3.019,3.156,2.86,1.218,1.633,1.1,1.5,1.133,0.386,1.643,2.445,0.279,0.485,3.076,5.917,0.808,1.784,0.795,1.645,1.192,1.609,0.709,1.963,6.821,4.555,2.934,2.525,2.726,0.169,0.116,3.641,4.068,2.768,2.878
"2049-04",1.231,1.351,1.55,4.052,3.618,3.758,0.819,1.236,0.875,8.034,7.482,6.083,4.626,1.624,2.697,2.683,2.376,3.024,1.541,1.44,0.041,1.686,4.303,2.139,4.21,0.6,0.677,1.866,0.959,1.508,1.868,2.703,2.124,0.912,3.178,4.597,0.443,1.432,4.248,3.821,0.675,0.618,1.322,2.771,1.199,1.979,0.539,1.994,6.438,3.211,2.226,6.927,2.367,0.645,1.071,6.913,3.771,3.103,2.929
"2049-05",1.277,2.117,1.489,0.969,2.376,3.303,0.187,3.098,4.712,6.095,6.717,1.988,2.203,1.973,2.266,2.119,1.574,3.269,1.711,1.051,0.021,3.397,2.686,1.101,1.492,0.125,0.412,1.435,1.344,2.332,2.58,3.063,1.232,1.233,2.686,4.487,0.052,0.803,6.425,0.781,0.196,0.754,1.832,3.741,1.083,2.212,0.676,2.491,7.713,3.212,2.033,6.074,2.372,0.82,5.07,8.46,1.769,3.509,2.989
"2049-06",0.913,2.39,2.099,1.719,4.169,4.084,0.925,8.631,8.436,3.184,4.262,0.311,0.423,3.242,2.848,2.853,2.273,2.734,2.111,0.746,0.034,4.905,2.558,1.112,0.518,0.338,0.751,1.274,1.552,1.888,3.716,1.709,0.378,0.756,4.185,5.804,0.014,3.801,7.646,0.451,0.31,0.616,1.894,2.37,0.912,1.485,1.256,3.81,7.062,2.757,2.351,4.389,2.178,3.907,12.026,4.765,0.999,3.119,3.04
"2049-07",1.992,3.021,2.55,0.483,2.698,5.048,1.776,10.604,5.254,3.526,2.321,0.248,1.341,3.013,3.527,1.894,2.117,2.526,1.761,0.269,0.099,7.521,3.499,1.63,0.377,0.478,0.487,1.139,1.718,2.345,3.546,2.462,0.145,0.739,5.398,6.826,0.05,4.393,5.464,0.211,0.148,0.151,2.2,2.509,0.973,2.018,1.133,3.943,7,2.496,2.403,2.405,2.218,4.983,10.97,4.587,1.221,3.239,3.021
"2049-08",2.167,2.139,2.288,0.541,2.18,3.596,2.565,9.879,2.917,4.063,1.519,0.132,0.702,1.903,3.539,1.47,2.441,1.931,1.317,0.112,0.344,7.66,3.919,2.495,0.439,0.254,0.26,0.569,2.583,1.123,2.565,2.754,0.042,0.118,5.949,4.949,0.477,6.122,5.659,0.169,0.272,1.946,1.222,3.058,0.787,2.128,1.581,5.281,5.685,2.393,2.353,1.214,2.318,4.858,10.687,4.979,0.625,3.027,2.933
"2049-09",2.157,2.575,2.512,0.887,2.515,3.013,3.293,8.699,5.36,4.974,1.859,0.124,0.98,1.551,3.504,2.554,1.87,2.352,1.993,0.468,0.105,7.009,5.049,1.907,0.601,0.167,0.181,0.544,2.253,1.226,1.864,3.654,0.211,0.186,3.701,2.928,0.126,5.231,5.839,0.041,0.083,0.244,1.461,3.024,0.761,1.818,1.453,6.077,5.014,2.119,3.539,1.353,1.945,5.022,11.624,4.335,0.511,2.749,2.92
"2049-10",1.832,2.811,1.99,2,1.983,4.351,1.884,9.01,4.58,6.288,1.888,0.467,1.568,1.217,3.865,2.245,4.114,1.83,2.038,1.226,0.039,3.755,5.828,2.63,3.055,0.859,0.664,0.707,1.783,1.546,1.783,2.447,0.756,0.316,2.559,1.694,0.097,2.708,3.88,0.125,0.008,0.069,0.756,2.268,0.74,1.711,1.369,5.249,6.248,2.221,3.778,2.021,1.757,2.64,7.433,5.688,0.633,2.611,2.832
"2049-11",2.23,2.521,1.512,2.729,0.915,2.236,1.192,4.022,4.339,7.667,3.893,3.209,4.338,1.234,3.706,2.757,2.193,3.629,2.696,2.11,0.029,0.966,5.059,0.978,5.16,0.793,2.693,1.822,0.969,1.31,0.778,2.338,0.959,0.566,0.728,2.084,0.04,0.601,6.211,0.144,0.105,1.225,0.758,2.875,0.68,1.331,0.957,4.742,5.774,2.509,3.783,2.566,2.093,0.797,8.776,9.62,1.102,2.434,2.894
"2049-12",2.138,2.048,1.78,4.835,2.913,4.492,1.003,2.242,2.363,6.461,4.424,3.924,9.019,0.578,4.98,1.963,3.006,2.51,1.833,1.456,0.014,0.148,3.857,0.108,4.188,1.742,4.682,7.354,0.595,1.494,0.452,1.715,2.021,0.348,0.989,2.741,0.017,0.14,5.645,1.072,0.073,0.559,1.057,2.126,0.522,1.444,0.825,3.299,7.957,2.532,3.094,2.44,1.994,0.223,2.277,9.502,2.011,2.33,2.883
"2050-01",2.275,1.858,1.044,2.103,1.708,2.738,3.442,0.834,0.344,4.804,2.164,6.499,9.388,0.943,5.664,2.423,2.247,1.418,1.64,2.576,0.009,0.059,2.932,0.049,3.762,2.664,4.988,6.198,0.89,1.199,0.539,1.354,1.614,0.551,0.551,2.227,0.01,0.062,7.973,7.262,0.565,0.591,0.852,2.764,0.654,1.362,0.939,2.832,7.863,3.196,3.064,2.107,2.183,0.048,0.433,6.962,1.935,2.562,2.929
"2050-02",2.192,1.283,1.133,6.026,1.279,3.795,1.239,0.453,1.368,5.501,3.682,10.14,12.226,0.654,3.755,2.47,3.23,1.828,1.775,1.097,0.18,0.017,1.701,0.119,3.303,2.95,4.727,6.982,0.8,1.68,0.844,1.347,0.961,0.242,0.549,1.61,0.007,0.073,5.185,7.121,0.491,0.872,0.578,3.072,0.94,1.318,0.84,2.434,6.203,3.892,2.988,2.865,2.852,0.153,0.137,4.693,4.469,2.557,2.897
"2050-03",1.811,1.961,1.149,3.781,2.765,3.855,1.148,0.628,0.837,6.85,3.077,7.603,9.426,0.585,4.039,2.454,2.588,1.824,1.791,0.729,0.015,0.213,2.647,0.338,3.479,2.24,3.39,7.201,0.943,2.149,1.357,1.187,1.554,0.876,1.08,3.674,0.026,0.213,4.882,6.794,0.304,0.901,1.138,2.697,1.016,1.837,1.059,2.161,6.167,4.401,2.615,2.794,3.326,0.097,0.168,4.323,4.05,2.93,2.947
"2050-04",1.255,1.683,1.549,1.43,3.105,3.539,0.234,2.22,0.854,8.216,5.679,4.581,6.242,1.159,3.338,3.019,2.389,2.708,2.341,0.884,0.011,0.995,4.347,0.955,3.04,1.382,1.265,0.727,0.74,2.246,2,2.07,0.475,0.967,1.196,4.138,0.001,0.293,5.781,2.928,0.061,0.306,1.097,2.125,1.303,1.591,0.67,2.133,6.557,3.517,1.839,6.485,2.805,0.083,1.235,6.494,3.676,3.056,2.881
"2050-05",1.049,2.226,1.83,1.52,3.097,3.938,0.897,6.578,3.231,7.025,8.053,2.72,1.851,1.469,2.357,2.826,2.428,2.832,0.985,0.696,0.023,2.821,3.29,1.354,1.955,0.397,0.535,0.59,1.567,1.666,2.675,2.489,0.778,0.807,2.307,3.841,0.019,0.695,7.915,0.996,0.328,0.999,1.964,2.872,1.019,1.897,0.7,2.559,5.928,3.212,1.477,9.665,2.146,1.286,3.719,9.639,1.433,3.351,2.993
"2050-06",1.039,2.375,2.815,1.147,2.314,3.865,1.074,12.682,6.303,4.838,5.517,0.489,1.629,3.052,2.501,2.965,2.043,2.999,2.623,0.234,0.026,4.932,2.681,1.132,0.527,0.489,0.81,0.94,2.001,2.564,2.868,2.824,0.267,1.444,3.366,6.672,0.009,3.15,9.567,0.39,0.378,0.826,2.703,3.585,1.294,1.495,0.711,3.526,4.424,3.234,1.67,6.581,1.835,3.205,10.436,4.948,1.037,3.059,3.037
"2050-07",1.044,2.771,2.369,0.553,2.545,4.882,2.795,8.023,3.64,4.196,3.916,0.308,0.529,3.232,1.956,2.806,2.594,1.772,1.972,0.096,0.074,7.874,3.307,2.375,0.345,0.362,0.413,0.785,2.049,2.128,2.923,3.931,0.047,0.7,7.16,6.521,0.097,6.667,8.511,0.161,0.152,0.88,1.99,2.766,0.93,1.481,0.855,3.978,3.724,3.155,2.048,4.296,1.898,7.524,12.316,4.513,0.948,3.149,2.997
"2050-08",1.452,2.968,3.325,0.329,2.209,3.989,5.173,9.581,4.363,4.707,3.588,0.304,1.098,3.257,2.586,2.641,2.516,0.885,1.474,0.054,0.218,7.506,3.424,2.904,0.37,0.354,0.275,1.898,2.107,1.159,1.802,3.479,0.099,0.177,6.002,5.948,0.337,6.019,7.307,0.126,0.042,0.586,2.458,3.996,1.108,1.254,1.335,5.214,3.036,2.657,2.353,2.044,2.25,3.778,11.3,5.804,0.722,2.697,2.942
"2050-09",1.713,2.403,2.582,0.256,2.243,3.346,3.598,9.289,6.308,5.65,3.785,0.734,1.36,2.17,3.53,1.849,3.433,2.552,1.203,0.273,0.213,6.868,5.435,3.177,1.447,0.396,0.6,0.167,2.203,1.116,1.907,3.469,0.28,0.324,3.591,4.025,0.531,5.466,7.143,0.155,0.068,1.422,1.811,3.175,0.952,1.527,1.425,4.639,3.5,2.414,3.479,1.555,1.809,3.734,9.823,6.108,0.69,2.93,2.905
"2050-10",2.667,2.895,2.265,1.173,0.982,5.174,1.08,8.878,7.075,7.34,3.768,0.548,3.08,0.835,3.186,1.766,2.67,2.097,1.375,1.077,0.103,3.061,5.894,2.75,2.509,0.483,0.776,0.638,1.176,1.674,1.862,3.75,0.178,0.467,0.856,2.172,0.047,1.859,7.393,0.244,0.017,0.688,1.018,2.829,0.772,1.833,1.291,5.491,3.199,2.442,3.71,1.835,1.968,1.836,4.529,7.925,0.642,2.566,2.862
"2050-11",1.581,2.322,1.621,4.003,1.459,3.17,0.912,4.217,6.664,7.476,7.251,3.503,4.42,0.911,3.757,2.428,2.344,3.408,2.469,2.431,0.039,1.013,5.536,1.292,5.346,1.784,3.538,2.026,1.031,2.493,1.186,3.264,0.575,0.389,0.429,1.298,0.03,0.709,5.607,1.113,0.035,0.366,0.641,2.185,0.717,1.546,1.032,4.527,3.481,2.711,3.528,3.147,1.562,5.322,5.527,10.412,1.134,2.319,2.841
"2050-12",1.492,1.846,1.515,4.396,1.718,4.021,1.129,4.162,2.099,7.669,6.531,3.716,10.571,0.521,5.627,2.485,3.163,3.765,1.919,2.378,0.024,0.055,3.181,0.12,4.152,3.023,7.159,6.981,0.8,1.412,0.746,2.313,1.112,0.375,0.224,1.518,0.013,0.277,8.186,3.54,0.24,2.229,0.912,3.143,0.716,0.794,0.719,4.114,4.028,3.115,3.085,3.124,1.734,0.604,3.55,5.958,1.929,2.246,2.903
"2051-01",1.982,1.746,1.486,3.791,1.932,3.102,1.655,0.849,0.956,6.265,3.141,8.44,12.78,0.834,5.044,3.185,2.343,3.326,1.105,2.016,0.004,0.018,2.587,0.01,3.188,2.656,6.708,10.605,0.506,0.355,0.379,2.068,0.754,0.482,1.458,1.527,0.008,0.448,8.388,11.197,0.96,4.293,0.672,2.122,0.764,0.909,0.767,3.393,4.037,3.708,3.016,2.199,2.359,0.053,2.353,6.531,2.588,2.4,2.955
"2051-02",1.663,2.031,1.173,3.908,1.115,2.087,1.36,1.42,1.253,9.281,4.404,6.666,10.68,0.583,4.489,2.357,2.247,2.612,1.566,1.55,0.022,0.01,1.814,0.016,2.931,3.076,4.462,7.559,0.545,0.886,0.395,1.155,1.007,0.397,1.718,2.39,0.008,0.281,6.932,9.905,0.901,6.469,1.501,1.979,0.989,1.287,0.86,3.045,4.379,4.007,2.362,2.045,2.753,0.104,0.088,5.064,4.061,2.592,2.903
"2051-03",2.071,1.84,1.173,3.4,2.485,3.463,0.792,0.902,0.708,10.716,5.779,7.317,10.649,1.341,3.585,2.367,2.183,3.062,2.129,1.405,0.013,0.322,2.424,0.007,1.031,2.125,2.54,4.795,0.54,0.889,1.018,1.322,0.638,0.726,2.781,2.587,0.004,0.331,5.71,4.93,0.178,1.635,0.965,1.277,0.83,2.244,0.737,2.28,5.799,4.54,2.069,3.204,3.508,0.082,0.296,4.407,3.392,3.016,2.902
"2051-04",1.442,1.889,1.879,2.428,2.782,4.012,0.238,1.232,0.202,8.558,5.945,7.265,7.739,1.746,2.319,2.879,1.83,2.296,0.851,1.198,0.007,1.469,4.391,0.431,2.211,1.213,1.666,3.389,0.788,1.032,1.541,1.935,1.347,0.979,2.267,3.441,0.019,0.232,4.786,3.593,0.021,0.912,0.891,3.911,1.127,1.957,0.749,2.625,5.724,3.634,1.862,8.079,2.935,0.142,0.736,6.823,2.274,3.178,2.904
"2051-05",1.374,2.103,1.768,2.831,3.357,2.753,0.294,5.351,2.288,7.86,8.231,3.778,3.284,1.823,2.349,2.933,1.527,2.73,1.787,1.024,0.026,1.964,4.117,1.623,2.522,0.382,0.499,1,1.423,1.665,2.237,2.065,0.624,0.753,2.606,4.004,0.017,0.833,7.707,0.734,0.06,0.413,2.766,2.937,0.966,1.569,0.851,2.773,5.133,3.306,1.931,8.458,2.27,0.324,9.094,7.037,1.472,3.186,2.922
"2051-06",1.635,2.411,1.634,1.276,3.098,4.6,1.333,9.587,6.231,5.033,5.554,1.295,1.215,2.913,1.239,3.005,1.449,3.663,2.723,0.38,0.029,5.307,2.822,1.425,0.672,0.384,0.312,1.018,1.608,2.01,2.936,2.991,0.168,0.692,3.711,6.14,0.019,3.128,10.003,0.3,0.07,0.212,2.391,3.39,0.983,1.744,1.013,3.22,4.513,3.311,1.93,7.693,2.159,5.252,6.379,5.176,0.86,3.258,3.044
"2051-07",1.909,2.529,2.253,0.232,1.201,4.816,2.037,9.712,5.946,2.701,2.948,0.451,0.289,2.277,1.192,2.2,2.488,1.812,2.028,0.165,0.157,7.42,3.567,3.464,0.562,0.181,0.374,0.737,1.752,1.532,3.076,3.402,0.308,0.53,4.758,6.381,0.485,7.399,7.923,0.346,0.147,0.459,1.683,2.628,1.103,1.595,1.106,4.154,3.317,3.348,2.258,4.829,1.622,5.757,9.868,5.229,0.909,3.243,2.983
"2051-08",2.476,2.786,2.394,0.204,1.722,4.927,4.201,12.224,7.076,5.158,3.9,0.241,0.757,1.482,2.836,1.857,2.51,1.236,1.926,0.082,0.932,9.006,5.256,4.711,0.73,0.265,0.484,1.038,2.084,1.402,2.403,3.837,0.094,0.318,6.88,5.823,1.593,6.701,7.92,0.123,0.49,1.485,2.191,3.303,0.945,1.593,1.492,4.193,2.397,2.632,2.321,1.932,1.726,4.92,10.975,7.059,0.798,2.874,2.963
"2051-09",2.451,3.086,3.195,0.705,1.865,2.759,3.324,10.318,6.451,7.126,4.312,0.138,0.859,2.67,1.382,3.013,2.593,2.161,1.302,0.367,0.31,7.013,5.981,3.167,1.336,0.363,0.409,0.647,2.059,1.255,1.347,3.587,0.23,0.354,3.951,5.098,0.235,6.801,9.17,0.093,0.025,0.417,1.948,2.999,0.829,1.265,1.236,5.292,2.584,2.284,3.592,1.604,1.612,3.215,9.048,5.009,0.63,2.873,2.962
"2051-10",2.407,3.013,3.014,1.334,0.781,2.771,1.826,9.216,8.948,7.232,3.824,0.25,1.693,1.581,2.857,2.272,3.348,2.921,1.873,0.744,0.044,3.321,6.201,3.549,3.462,0.641,1.098,0.619,1.321,1.808,1.625,3.014,0.57,0.302,1.159,2.252,0.411,1.331,8.277,0.219,0.024,0.074,1.088,1.985,0.697,1.467,1.03,5.31,2.773,2.446,3.74,2.853,2.136,1.982,1.903,7.744,0.601,2.655,2.871
"2051-11",1.904,2.532,2.004,2.841,2.102,3.504,0.628,6.763,7.523,7.073,9.62,1.811,7.925,0.888,4.308,2.705,3.667,1.785,2.585,0.635,0.026,0.516,5.741,1.033,3.968,2.262,2.154,1.886,1.198,2.857,1.179,2.535,1.031,0.34,1.16,2.284,0.011,1.229,6.944,0.582,0.184,0.925,0.912,2.121,0.789,1.039,1.132,4.31,2.747,2.7,3.334,3.969,1.549,3.858,9.384,9.525,1.223,2.393,2.874
"2051-12",1.803,1.764,1.591,5.57,1.618,3.684,0.946,1.474,1.813,5.266,7.308,5.961,11.707,1.212,4.35,2.722,2.635,2.559,2.075,1.819,0.012,0.123,3.644,0.139,4.764,2.256,3.839,6.18,1.046,1.747,0.687,1.941,0.969,0.238,0.48,1.462,0.007,0.128,8.551,6.072,0.588,2.421,0.814,2.126,0.633,1.104,1.002,4.231,3.132,2.718,2.722,4.135,1.8,0.908,2.708,11.193,2.451,2.175,2.91
"2052-01",1.54,1.754,1.448,4.387,1.495,3.995,0.73,1.022,1.717,6.006,3.338,10.18,11.377,0.676,4.943,2.066,2.653,3.697,1.812,2.077,0.012,0.008,2.235,0.009,3.545,3.811,5.775,10.243,0.572,1.563,0.523,1.547,0.667,0.196,0.27,1.029,0.009,0.102,8.042,10.839,2.87,1.283,0.709,1.947,0.744,0.862,0.589,3.62,3.496,3.976,2.923,3.407,2.62,0.074,0.535,7.326,1.923,2.275,2.964
"2052-02",1.426,1.721,1.253,4.174,1.853,2.999,1.359,1.154,1.006,7.164,2.31,8.819,10.667,0.731,3.936,2.155,2.077,3.321,1.748,2.18,0.031,0.01,2.623,0.014,3.063,4.07,6.571,8.736,0.642,1.279,0.756,1.628,0.813,0.363,1.485,1.635,0.012,0.243,4.998,9.608,2.082,4.794,0.947,2.517,1.161,1.384,0.536,3.011,4.085,4.168,3.163,3.652,3.355,0.078,0.08,4.556,3.943,2.71,2.964
"2052-03",2.049,2.174,1.21,1.916,2.16,4.419,0.927,0.529,0.435,7.368,4.949,7.048,8.706,0.523,2.541,1.105,2.397,2.898,1.865,1.203,0.022,0.384,3.282,0.166,3.191,3.908,3.137,3.995,0.625,1.179,0.961,1.599,1.214,0.532,2.313,2.251,0.002,0.099,5.732,5.819,1.086,1.04,1.143,2.792,0.956,2.281,0.497,2.892,4.568,4.195,1.978,4.365,3.379,0.081,0.232,4.86,4.368,2.749,2.894
"2052-04",2.317,1.752,1.757,2.618,1.67,2.702,0.463,2.017,0.645,8.28,5.323,5.236,5.105,1.286,2.066,2.868,0.93,2.058,2.312,1.414,0.009,1.938,4.335,0.836,3.307,0.645,1.014,2.143,1.031,1.413,1.69,2.188,0.373,0.595,0.675,2.218,0.001,0.665,6.794,1.923,0.068,0.956,1.847,3.233,1.052,2.448,0.553,2.948,4.436,3.88,1.804,8.081,2.99,0.238,5.274,5.866,3.285,3.178,2.889
"2052-05",1.841,2.434,1.78,0.781,2.792,4.706,1.772,6.238,1.9,5.368,6.411,1.491,1.018,1.875,1.823,2.743,1.702,2.938,1.985,0.675,0.011,2.641,3.474,1.616,2.051,0.167,0.494,2.115,1.309,1.799,2.209,2.164,0.998,1.414,1.135,4.521,0.029,0.743,6.888,1.218,0.025,0.312,1.499,3.919,1.086,1.604,0.96,3.489,4.303,3.652,1.507,8.125,1.944,3.596,5.37,9.324,1.654,3.216,2.954
"2052-06",1.102,2.245,2.518,1.146,2.88,4.263,2.634,8.89,1.828,4.416,4.457,0.443,1.814,0.888,3.253,1.728,1.912,2.761,1.684,0.302,0.031,3.555,2.317,1.345,0.595,0.494,0.482,1.474,1.345,2.438,2.719,2.859,0.122,0.559,4.658,5.933,0.07,3.315,9.46,0.221,0.254,1.087,2.167,3.257,1.048,1.964,1.022,3.808,4.154,3.352,1.704,7.645,1.941,2.193,7.481,4.193,1.274,3.133,2.953
"2052-07",1.596,2.459,2.417,0.467,1.764,4.56,2.671,6.353,2.79,2.401,3.553,0.363,0.407,2.129,0.807,3.13,1.684,1.315,2.315,0.172,0.207,8.081,2.729,3.505,0.192,0.585,0.48,0.723,1.822,2.289,3.058,3.462,0.109,0.231,6.272,5.328,0.427,6.512,8.392,0.37,0.582,0.301,2.431,2.503,1.109,1.386,1.018,4.437,4.201,3.276,1.717,5.033,1.852,4.287,10.356,3.252,1.246,3.197,2.964
"2052-08",2.156,2.546,2.678,0.381,1.534,3.828,3.575,8.149,4.293,4.295,3.497,0.381,0.707,1.593,1.463,2.764,2.834,0.802,1.062,0.101,0.615,9.021,4.658,3.953,0.593,0.381,0.375,0.496,2.954,1.275,1.531,3.202,0.173,0.391,3.969,5.606,1.347,6.418,7.407,0.064,0.139,0.433,2.03,2.731,1.177,1.354,1.669,5.171,2.738,2.689,2.409,2.918,1.32,4.957,9.146,6.153,0.708,3.009,2.925
"2052-09",2.707,2.788,2.47,1.171,1.851,3.963,4.981,12.249,7.484,4.442,2.673,0.258,1.246,1.657,2.251,2.284,2.365,0.885,1.691,0.278,0.651,6.407,5.843,3.193,0.987,0.286,0.325,0.426,2.163,1.811,1.448,2.7,0.223,0.299,3.973,4.98,0.542,4.337,8.826,0.157,0.05,1.21,1.433,3.139,0.794,1.772,1.447,5,3.025,2.321,2.93,2.18,1.696,3.839,8.842,6.557,0.633,2.807,2.931
"2052-10",2.764,2.668,2.171,2.033,1.032,2.351,2.013,9.301,5.95,7.113,4.482,0.547,3.545,1.312,2.804,2.424,2.57,0.917,1.533,1.408,0.026,3.654,6.652,2.84,2.572,0.66,1.125,0.599,1.711,2.087,1.681,3.243,0.677,0.604,0.602,1.926,0.141,0.82,7.537,0.153,0.059,0.874,0.867,1.554,0.733,1.061,1.285,5.201,3.956,2.44,3.504,3.29,1.849,1.557,2.254,6.592,0.65,2.848,2.854
"2052-11",1.761,2.845,1.691,2.58,1.098,3.191,1.14,4.354,3.208,7.57,6.444,2.012,6.902,1.611,4.449,2.623,3.612,2.065,1.462,1.483,0.016,1.672,6.354,0.792,4.254,1.732,1.721,1.667,1.253,1.505,0.861,1.771,1.266,0.471,1.197,1.322,0.046,0.249,4.507,0.275,0.018,0.181,0.493,2.42,0.71,1.072,1.19,5.372,5.147,2.64,3.572,4.331,1.736,1.202,2.11,9.376,1.314,2.489,2.907
"2052-12",2.312,2.11,1.772,5.703,1.141,2.731,0.84,2.341,3.267,6.206,7.19,7.031,9.838,0.958,4.303,2.735,2.901,2.873,2.089,1.685,0.014,0.083,2.741,0.03,3.68,2.472,5.662,4.904,0.666,1.356,0.701,2.225,0.566,0.235,0.509,2.519,0.008,0.228,7.049,2.589,0.378,0.407,0.739,2.512,0.524,1.13,0.771,3.778,4.668,2.95,2.418,5.174,1.903,1.201,1.621,9.35,1.99,2.454,2.888
"2053-01",2.078,1.922,1.58,4.027,0.885,3.839,0.489,1.661,1.558,7.351,5.026,7.399,12.907,0.831,5.006,2.442,3.542,2.112,1.465,1.96,0.021,0.036,3.288,0.01,3.859,3.32,7.392,7.938,0.627,1.594,0.777,1.717,0.675,0.267,0.945,1.478,0.044,0.062,6.767,5.861,0.605,1.21,0.754,3.56,0.584,0.973,0.79,3.247,5.202,3.351,2.643,3.956,2.007,0.358,0.406,8.061,1.845,2.552,2.92
"2053-02",1.726,1.768,1.318,2.538,1.966,3.618,2.158,0.482,0.602,6.37,2.772,9.482,11.048,0.803,4.961,2.001,3.561,2.967,1.645,1.397,0.006,0.03,2.823,0.029,2.893,3.672,5.509,5.608,0.9,0.77,0.636,1.683,0.323,0.394,1.132,1.396,0.001,0.182,7.612,12.458,1.212,0.93,0.826,3.448,0.887,1.457,0.937,2.765,5.681,3.731,2.532,3.053,1.934,0.028,0.291,7.387,2.794,2.673,2.976
"2053-03",1.367,1.781,1.35,3.03,2,4.164,1.47,1.042,1.146,9.016,3.394,6.674,9.301,0.972,4.409,2.167,2.141,2.774,1.693,1.107,0.007,0.23,2.798,0.362,3.654,3.446,5.394,5.987,0.993,1.533,0.669,1.143,0.91,0.71,1.108,2.336,0.002,0.431,4.149,8.079,0.947,1.038,0.834,2.258,1.1,1.766,0.72,2.546,4.997,4.59,2.466,2.838,2.733,0.036,0.479,2.867,4.627,2.852,2.881
"2053-04",1.243,1.735,1.281,1.875,1.712,3.275,0.381,1.763,0.444,7.56,4.572,5.357,4.815,1.06,2.747,2.63,2.061,2.377,2.184,1.051,0.014,1.424,4.289,0.981,3.808,1.614,1.785,4.412,1.087,1.703,1.762,2.025,0.883,0.66,2.05,2.733,0.007,0.48,4.993,4.268,0.085,0.691,0.909,2.246,0.905,1.942,0.593,2.722,5.537,3.753,2.271,6.786,2.806,0.227,0.553,5.826,3.57,3.195,2.873
"2053-05",1.458,1.738,1.799,1.964,5.046,4.355,0.374,5.906,2.908,6.046,5.306,2.786,2.068,1.316,1.971,2.084,1.882,2.739,2.48,0.449,0.01,2.307,3.63,1.729,2.483,0.334,1.052,1.501,1.362,1.778,2.638,1.749,0.401,0.61,1.651,4.23,0.015,1.336,7.013,0.91,0.16,0.574,1.673,2.649,1.14,1.712,0.639,2.972,5.623,3.357,1.647,9.778,1.774,1.126,6.581,7.742,1.888,3.3,2.942
"2053-06",1.121,1.75,2.223,1.307,2.836,4.499,1.254,8.38,1.799,4.491,4.627,0.619,0.635,3.428,1.878,2.911,1.556,2.575,2.36,0.166,0.023,3.963,2.611,1.177,0.566,0.507,0.477,1.763,1.856,2.242,3.135,3.064,0.21,0.407,4.114,6.006,0.02,2.919,8.206,0.237,0.064,0.322,1.432,2.949,1.347,1.431,0.871,3.794,5.497,3.678,1.551,6.938,2.311,4.294,3.169,5.216,1.177,3.068,3.005
"2053-07",1.34,2.805,2.265,0.536,2.203,4.377,3.085,7.429,2.68,3.971,3.808,0.361,0.793,1.883,2.452,2.501,2.208,1.488,2.192,0.131,0.09,7.631,3.452,2.482,0.417,0.803,0.339,0.639,2.204,1.329,3.388,2.463,0.19,0.348,5.715,5.371,0.18,6.541,6.46,0.043,0.089,0.167,3.046,3.712,1.203,1.388,1.315,5.218,3.644,3.213,1.748,4.48,1.632,3.866,14.584,3.597,0.961,2.992,2.954
"2053-08",1.931,2.687,2.349,0.292,1.299,4.291,3.396,7.526,4.051,3.085,2.76,0.133,0.331,1.808,1.557,2.497,2.707,1.5,1.499,0.15,0.32,8.698,4.893,3.798,0.58,0.371,0.217,0.716,2.634,1.045,1.981,3.279,0.165,0.364,5.845,5.245,0.273,6.184,7.414,0.1,0.144,0.764,1.619,2.757,0.987,1.227,1.246,5.375,3.515,2.775,2.721,2.141,1.698,4.649,10.88,4.957,0.792,2.946,2.939
"2053-09",1.904,3.228,3.074,0.582,2.459,2.988,3.779,9.996,4.86,6.018,2.879,0.122,0.503,2.119,2.038,2.603,3.326,0.672,1.593,0.293,0.136,7.863,6.211,2.711,0.974,0.367,0.649,0.287,1.438,1.581,1.976,4.127,0.071,0.539,3.673,4.101,0.152,5.304,6.761,0.143,0.012,0.137,1.194,1.815,1.026,1.23,1.335,5.56,3.166,2.346,3.28,1.919,1.957,1.524,7.353,5.342,0.852,2.947,2.89
"2053-10",2.346,2.605,2.18,2.2,1.281,4.268,0.925,7.021,6.23,7.117,3.322,0.531,2.287,0.982,2.552,2.15,2.581,1.815,0.513,1.153,0.044,3.923,6.617,2.924,3.767,0.909,1.015,0.353,1.805,0.889,1.403,2.218,0.573,0.407,1.36,2.535,0.223,1.029,3.926,0.091,0.021,0.238,0.414,1.957,0.893,1.155,1.738,6.006,4.353,2.587,3.483,1.948,1.788,1.859,0.533,8.223,0.78,2.716,2.83
"2053-11",1.19,2.713,1.832,3.91,2.148,4.755,1.222,5.465,3.313,7.715,5.602,1.236,3.852,1.55,3.625,2.284,2.5,4.015,2.668,2.011,0.037,0.886,5.527,1.008,5.498,1.68,3.575,2.264,1.083,2.395,1.432,2.192,1.135,0.364,0.402,1.053,0.461,0.832,4.767,0.281,0.058,0.147,0.542,2.097,0.808,0.912,1.125,4.565,5.023,2.562,3.81,2.897,1.634,3.582,7.848,9.496,1.771,2.455,2.884
"2053-12",2.176,1.942,1.447,3.022,2.269,3.985,1.735,3.077,2.734,5.411,4.107,3.895,11.489,0.776,5.015,2.331,3.56,1.837,1.484,1.725,0.022,0.134,3.141,0.332,6.186,2.675,5.935,6.553,0.725,1.688,0.882,2.013,1.409,0.346,0.873,2.162,0.046,0.263,5.03,0.781,0.09,0.232,0.574,2.252,0.544,0.983,0.888,3.943,6.388,3.139,2.588,3.795,1.908,0.611,1.74,9.216,1.665,2.446,2.892
"2054-01",2.2,2.256,1.342,1.764,3.418,5.003,2.493,1.363,1.019,6.153,4.057,7.423,12.532,0.771,4.039,2.517,3.577,2.176,2.207,1.165,0.048,0.009,2.659,0.03,3.964,3.193,4.183,5.206,0.969,1.364,0.722,1.167,1.357,0.394,0.579,1.844,0.01,0.077,6.028,8.632,1.024,0.792,0.94,2.346,0.663,1.372,0.832,2.694,7.659,3.189,2.654,3.747,1.83,0.076,0.094,6.153,3.629,2.385,2.948
"2054-02",1.381,1.048,1.105,6.766,2.048,4.036,1.382,0.859,1.776,8.158,3.348,6.677,10.122,0.679,4.192,1.775,2.733,2.993,2.26,1.679,0.007,0.024,2.062,0.012,2.28,2.894,5.42,5.197,0.766,2.045,0.942,2.037,0.938,0.453,0.659,1.716,0.003,0.043,4.906,3.814,1.203,0.569,1.011,2.218,0.908,1.503,0.841,2.141,7.32,4.251,2.788,2.23,2.805,0.03,0.066,3.601,4.751,2.76,2.916
"2054-03",1.407,1.639,1.088,3.031,1.719,3.267,0.683,1.02,0.85,10.512,5.332,6.659,9.794,0.789,4.817,2.006,2.24,3.34,1.976,1.95,0.066,0.574,3.957,0.719,3.116,2.833,2.897,4.982,0.79,1.742,1.203,2.523,1.654,0.846,2.606,3.288,0.319,0.595,4.241,3.669,0.116,0.935,1.31,2.476,1.001,2.2,0.62,2.102,6.83,3.692,2.965,4.784,2.537,0.051,0.037,4.327,3.532,2.993,2.929
"2054-04",1.353,2.108,1.806,2.447,3.591,3.13,0.616,1.338,0.794,7.832,4.708,5.844,5.268,1.842,2.143,2.81,2.165,2.368,1.691,1.213,0.018,1.388,4.239,0.605,4.01,0.784,1.689,2.559,0.778,2.071,1.81,1.956,0.97,1.052,2.079,3.411,0.023,0.419,5.896,4.063,0.02,0.533,0.923,2.155,1.146,2.179,0.609,2.268,7.1,3.57,2.074,6.599,2.787,0.119,0.587,4.966,3.196,3.078,2.909
"2054-05",1.663,1.799,1.934,0.899,3.327,3.707,0.385,4.186,2.38,6.34,7.471,2.073,1.757,1.741,2.721,2.416,1.573,2.595,1.723,0.766,0.019,2.275,3.053,1.622,2.213,0.244,0.317,1.077,1.136,2.25,1.82,3.203,1.017,1.19,2.233,3.853,0.104,1.095,7.07,0.394,0.309,0.752,1.296,2.766,1.099,1.919,0.682,2.638,7.467,3.442,1.338,7.745,2.173,0.561,5.59,9.083,2.189,3.403,3.01
"2054-06",1.473,2.259,2.281,1.411,2.859,4.355,1.405,11.118,4.148,4.365,4.055,0.43,1.13,3.564,2.684,3.325,2.219,2.895,2.613,0.346,0.019,4.733,2.406,0.746,0.422,0.306,0.598,1.247,1.618,2.445,2.509,3.023,0.224,0.624,4.257,6.185,0.009,2.894,8.024,0.308,0.167,0.907,2.133,2.783,1.185,2.164,0.909,2.893,7.145,2.822,1.57,6.088,2.5,4.921,7.107,5.826,1.098,3.077,3.002
"2054-07",1.93,2.266,2.317,0.176,2.179,4.251,2.636,9.599,3.308,4.379,3.353,0.478,1.254,2.809,1.926,3.406,2.049,2.07,2.238,0.081,0.096,6.859,3.105,2.726,0.568,0.766,0.663,1.094,1.922,1.857,3.292,2.398,0.206,0.475,6.619,5.026,0.262,5.846,6.558,0.085,0.075,0.207,3.063,3.802,1.265,1.441,1.417,4.087,5.869,2.938,1.853,3.011,2.327,4.53,12.16,5.432,1.054,2.935,2.995
"2054-08",2.351,2.378,2.576,0.232,2.838,4.873,2.723,6.993,3.593,3.538,2.971,0.207,1.197,2.063,2.244,2.455,2.408,1.295,1.325,0.145,0.103,7.345,3.782,3.139,0.394,0.438,0.399,0.704,2.341,1.147,2.804,2.819,0.117,0.283,3.858,5.368,0.437,5.787,6.312,0.044,0.085,0.353,1.97,2.668,1.051,1.507,1.676,6.216,4.113,2.712,1.96,2.55,1.523,5.125,11.841,4.012,0.63,3.02,2.951
"2054-09",2.612,2.678,2.661,1.004,2.058,3.555,3.493,9.094,4.857,4.838,2.952,0.064,0.331,1.836,1.58,2.276,2.106,1.365,1.112,0.358,0.194,6.656,5.173,2.497,1.071,0.404,0.466,0.714,2.259,1.401,2.084,2.662,0.197,0.443,3.944,3.481,0.248,4.774,6.469,0.094,0.033,0.054,1.464,2.398,0.942,1.073,1.427,5.347,4.347,2.131,3.534,1.796,2.139,2.615,9.232,5.559,0.696,2.96,2.87
"2054-10",2.165,2.897,1.875,0.727,0.77,3.301,0.818,8.99,7.892,7.914,4.102,1.01,3.129,1.169,2.394,1.721,3.341,3.803,2.603,0.771,0.041,4.584,5.49,1.746,2.778,0.557,0.513,0.761,1.368,1.939,1.665,3.189,0.201,0.415,1.21,1.992,0.083,2.021,4.872,0.184,0.012,0.169,0.934,2.086,0.733,1.222,1.129,5.065,5.199,2.354,3.938,2.694,2.068,3.273,3.788,7.471,0.638,2.727,2.864
"2054-11",1.62,2.905,1.646,2.783,0.718,2.796,0.202,5.516,5.582,7.946,6.495,2.5,7.036,0.596,4.033,1.737,3.147,2.894,1.47,2.114,0.016,1.19,5.662,1.574,5.382,1.691,3.402,2.37,1.031,2.178,1.255,2.91,1.061,0.327,1.306,1.365,0.077,0.861,4.061,0.302,0.015,0.862,0.814,1.829,0.747,1.174,1.194,4.899,5.049,2.784,3.173,3.676,2.267,2.592,6.789,9.877,1.127,2.557,2.933
"2054-12",1.549,2.94,1.336,2.417,1.731,2.576,2.247,2.012,1.386,7.378,5.003,4.671,10.118,0.77,5.43,2.071,3.313,2.981,2.175,1.846,0.011,0.118,2.818,0.202,5.561,0.852,5.754,7.844,0.678,1.941,0.66,1.405,1.37,0.456,0.804,1.761,0.008,0.345,4.665,0.792,0.045,0.241,0.394,1.609,0.68,0.867,0.896,4.218,5.914,2.843,3.073,3.404,1.765,0.835,1.616,13.028,1.976,2.524,2.917
"2055-01",2.348,2.674,1.504,2.09,1.598,3.106,1.021,1.169,1.249,6.653,4.414,6.675,10.155,0.999,5.45,2.718,3.265,2.588,1.697,1.498,0.007,0.007,2.397,0.021,3.391,2.736,5.172,7.061,0.686,1.695,0.886,1.417,0.686,0.276,0.464,1.113,0.007,0.094,9.123,6.641,0.472,1.663,0.794,2.189,0.655,1.04,0.755,3.11,5.889,3.178,2.512,2.516,2.154,0.367,0.719,9.141,2.974,2.498,2.949
"2055-02",1.797,1.425,1.282,3.68,2.366,4.405,1.952,0.606,1.344,6.393,3.417,8.162,11.925,0.617,3.983,2.061,3.072,3.146,2.467,1.409,0.017,0.044,2.773,0.071,3.245,2.029,5.767,7.57,0.901,1.061,0.57,1.578,0.911,0.438,1.194,2.398,0.004,0.398,4.836,9.194,0.913,0.357,1.048,2.15,0.732,1.315,0.849,2.706,5.881,4.145,2.505,2.608,2.116,0.048,0.073,4.601,3.634,2.876,2.912
"2055-03",1.914,1.656,1.17,4.183,2.324,3.15,1.162,0.686,0.596,9.431,5.832,6.884,10.247,1.05,4.745,2.953,2.038,2.276,3.037,1.164,0.018,0.279,2.906,0.148,2.65,1.88,3.566,6.705,0.563,1.491,0.949,1.872,0.809,0.763,1.86,2.78,0.008,0.324,4.328,5.128,1.19,0.946,1.165,2.504,1.049,2.067,0.685,2.565,5.492,4.175,2.479,3.202,2.639,0.018,0.125,3.199,4.673,2.919,2.886
"2055-04",1.445,1.422,1.817,4.326,2.113,4.221,0.111,3.868,0.786,9.865,6.071,5.075,7.769,0.646,3.77,2.164,1.682,3.368,2.044,0.739,0.015,1.399,3.948,1.34,4.265,0.719,1.407,1.502,0.966,1.576,1.769,2.942,0.512,0.849,1.532,2.736,0.015,0.288,4.646,3.687,0.34,1.012,1.281,2.14,1.157,2.204,0.666,2.43,6.001,3.622,1.976,5.811,2.589,0.217,0.921,6.621,3.341,3.025,2.879
"2055-05",1.67,1.618,2.221,1.737,2.768,3.726,0.529,5.074,1.884,7.645,8.165,3.134,2.277,2.107,2.548,2.763,1.522,2.623,2.815,0.284,0.02,1.865,2.887,1.758,1.818,0.562,0.744,1.306,1.194,2.172,2.394,2.495,0.437,0.89,1.638,4.685,0.026,1.026,7.314,0.975,0.37,0.286,0.994,2.756,1.122,1.757,0.59,3.237,4.391,3.343,1.346,8.154,2.154,3.05,7.971,10.457,1.95,3.196,2.953
"2055-06",2.068,1.648,2.641,1.512,1.842,4.907,1.648,9.728,5.466,5.024,6.076,0.503,0.311,2.02,2.38,2.316,1.429,3.196,2.984,0.259,0.019,4.718,1.981,1.06,0.368,0.459,0.722,0.53,1.617,1.634,3.46,2.697,0.139,0.176,3.987,5.993,0.007,4.457,8.54,0.17,0.244,0.959,3.378,2.958,1.202,1.492,0.821,4.114,4.712,3.215,1.331,5.482,2.553,4.885,11.796,4.886,1.245,3.174,3.046
"2055-07",1.447,2.729,1.94,0.332,2.376,4.881,3.531,7.913,2.601,3.165,2.624,0.144,0.556,1.412,1.871,2.229,1.826,2.577,1.594,0.116,0.057,5.595,2.752,2.478,0.417,0.339,0.408,0.328,2.134,1.75,3.443,3.072,0.135,0.544,5.419,5.33,0.113,7.227,8.137,0.294,0.189,0.609,2.646,3.173,0.974,1.355,0.988,4.838,4.394,3.299,1.924,2.658,1.749,4.288,13.542,3.153,1.065,3.15,2.956
"2055-08",1.567,2.437,2.098,0.245,1.466,4.597,2.867,6.849,3.023,3.906,2.824,0.343,0.56,2.382,1.519,2.905,2.469,1.473,1.447,0.213,0.515,7.573,4.776,3.359,0.391,0.244,0.473,0.537,2.811,1.005,1.648,4.447,0.115,0.366,5.174,3.996,0.447,6.386,6.575,0.076,0.049,0.331,2.06,3.21,0.971,1.092,1.848,5.789,3.907,2.762,2.478,1.596,1.57,3.5,11.904,3.678,0.972,2.948,2.903
"2055-09",2.191,2.793,1.778,1.182,3.1,3.488,5.027,10.746,5.386,5.515,2.544,0.143,1.102,1.938,3.114,1.776,3.417,1.985,1.965,0.644,0.347,7.616,5.797,2.277,1.116,0.214,0.266,0.338,2.406,1.167,1.834,3.209,0.317,0.463,4.05,3.45,0.173,4.351,6.281,0.081,0.068,0.542,0.838,1.888,0.928,1.801,1.438,5.269,3.971,2.377,3.407,1.416,2.088,1.806,6.039,7.069,0.639,2.885,2.918
"2055-10",2.362,2.879,2.563,0.967,1.46,4.138,1.899,9.283,7.249,7.09,3.108,0.841,3.209,1.22,4.098,1.913,2.148,1.852,1.534,1.43,0.067,4.536,5.971,2.733,2.715,0.473,1.168,1.041,1.491,2.009,1.814,3.228,0.392,0.187,1.107,1.815,0.175,1.738,5.642,0.072,0.023,0.139,1.135,2.352,0.723,1.164,1.115,5.078,3.61,2.446,3.881,1.716,2.107,2.773,4.585,8.111,0.824,2.735,2.837
"2055-11",1.899,2.867,1.604,2.646,2.752,3.95,1.461,3.672,5.035,6.149,3.26,3.245,6.331,1.387,4.843,2.768,2.621,2.244,1.915,2.265,0.039,1.832,5.28,1.295,5.474,1.627,2.352,1.889,1.152,2.03,1.024,2.167,1.376,0.582,0.516,0.772,0.039,0.719,4.74,0.303,0.033,0.722,0.543,2.185,0.639,1.433,1.088,5.695,3.917,2.714,3.346,3.142,2.036,3.424,6.044,10.535,1.114,2.337,2.897
"2055-12",1.362,1.77,1.699,3.83,2.027,3.524,1.509,1.572,0.949,6.394,4.005,2.36,9.36,0.868,4.886,2.125,2.907,3.482,2.417,2.26,0.025,0.209,3.161,0.249,6.398,2.22,6.58,6.332,0.998,1.4,0.715,2.473,0.859,0.418,0.787,1.757,0.039,0.172,7.131,2.001,0.399,2.462,1.503,1.957,0.762,1.386,0.781,4.171,5.115,2.907,3.256,2.377,1.567,0.369,1.568,11.047,1.584,2.505,2.909
"2056-01",1.617,1.46,2.035,4.939,1.479,3.574,2.949,1.787,1.641,4.427,2.678,7.697,11.312,0.485,3.939,1.552,1.909,3.119,2.222,2.463,0.149,0.029,1.986,0.009,2.617,2.563,4.888,7.49,0.457,1.871,0.669,1.59,1.159,0.317,0.78,1.3,0.005,0.207,4.888,9.897,0.053,1.139,0.703,2.308,0.77,1.451,0.651,3.274,4.879,3.92,3.217,2.28,3.054,0.632,0.702,7.207,2.62,2.403,2.883
"2056-02",1.482,1.524,0.926,2.563,1.325,4.094,0.503,0.914,1.244,8.247,3.494,6.773,9.613,1.02,4.533,2.436,2.207,3.064,1.639,2.272,0.012,0.02,2.8,0.011,3.438,2.35,5.532,9.473,0.691,1.287,0.64,2.033,1.202,0.418,1.511,2.223,0.002,0.151,5.702,8.451,2.175,2.683,0.673,1.285,0.799,1.702,0.561,3.389,4.436,3.49,2.839,2.843,3.162,0.143,0.107,5.157,4.428,2.809,2.928
"2056-03",1.154,0.985,1.519,4.049,2.275,4.938,0.758,1.177,1.114,9.261,5.382,6.229,9.782,1.068,3.451,3.245,2.767,2.474,1.83,0.889,0.011,0.202,2.641,0.136,2.447,2.581,2.715,5.427,0.774,1.353,0.945,1.91,1.247,0.477,1.234,2.467,0.004,0.225,5.1,5.787,0.074,0.663,1.14,1.728,1.205,1.85,0.695,2.601,5.363,4.186,2.245,3.657,2.699,0.042,0.136,3.67,4.189,2.932,2.863
"2056-04",1.927,1.878,1.705,2.596,1.905,3.908,0.683,2.877,1.355,8.922,6.427,5.683,7.707,1.715,3.438,3.332,1.926,3.107,1.768,1.274,0.018,1.167,3.42,1.008,2.862,0.467,0.715,3.779,1.271,1.352,1.859,1.746,0.744,0.652,1.511,3.211,0.268,0.208,5.63,2.218,0.007,0.6,0.592,3.19,1.061,1.974,0.727,2.905,6.275,3.901,1.693,6.408,2.625,0.108,0.24,3.337,3.794,3.078,2.938
"2056-05",1.302,2.196,1.404,1.726,3.564,4.183,0.539,7.14,3.952,5.768,5.485,3.891,2.814,1.03,2.261,3.084,2.058,2.584,1.722,0.873,0.018,3.189,3.812,1.321,1.953,0.703,1.038,1.262,1.387,1.759,2.896,3.499,1.71,1.766,1.732,3.935,0.011,0.9,4.57,0.452,0.482,0.633,1.669,2.519,1.388,1.602,0.904,3.427,4.858,3.565,1.743,8.631,1.938,1.466,7.317,8.681,2.241,3.281,2.983
"2056-06",1.665,2.328,2.167,0.846,2.664,4.847,2.745,12.366,5.965,4.7,5.777,0.828,1.058,1.309,2.295,2.426,2.014,2.35,2.198,0.568,0.02,4.347,2.841,1.863,0.882,0.777,0.326,0.576,1.927,1.558,2.885,3.407,0.592,0.719,3.961,6.2,0.017,3.298,7.357,0.091,0.219,0.939,3.033,3.021,1.15,1.804,0.797,3.63,3.681,3.138,1.483,6.248,2.395,6.24,8.685,7.662,0.965,3.348,3.01
"2056-07",2.083,2.819,2.157,0.57,2.082,4.424,1.53,7.151,1.586,2.806,3.501,0.338,0.732,1.716,1.748,1.768,2.314,1.837,0.944,0.103,0.089,6.999,2.463,2.28,0.234,0.267,0.389,1.289,1.93,1.72,3.229,3.381,0.165,0.564,5.247,6.583,0.318,6.931,7.788,0.101,0.434,1.135,4.208,3.984,1.003,1.577,1.355,5.475,3.136,3.322,1.537,3.376,1.875,4.708,12.9,4.845,0.887,2.99,2.995
"2056-08",2.364,2.961,2.585,0.365,1.594,3.329,3.531,8.587,2.873,3.987,3.212,0.282,0.771,1.661,1.151,3.023,2.482,1.093,0.932,0.138,0.311,8.061,4.118,3.697,0.431,0.325,0.591,0.898,2.381,0.99,1.961,2.862,0.122,0.657,5.917,5.798,0.699,6.005,6.588,0.104,0.178,0.105,1.685,2.586,0.876,1.097,1.445,5.583,3.743,2.6,2.275,1.632,1.782,3.238,11.525,4.549,0.976,3.109,2.904
"2056-09",2.213,2.724,3.118,0.322,3.03,4.594,5.218,8.729,5.413,4.919,3.152,0.125,1.126,1.281,1.953,1.844,2.368,1.756,2.063,0.319,0.657,5.821,5.628,4.614,1.178,0.273,0.408,0.328,2.362,1.724,1.415,2.842,0.15,0.262,3.236,4.139,1.537,4.996,7.319,0.086,0.012,0.215,0.865,2.103,0.862,1.425,1.309,5.021,3.612,2.737,2.558,1.463,1.578,4.492,9.627,6.817,0.556,2.943,2.91
"2056-10",2.289,2.652,2.294,1.817,2.356,3.013,2.289,8.533,5.052,6.944,3.889,0.339,3.501,0.61,3.376,1.825,3.429,2.765,1.929,0.731,0.125,3.799,7.1,4.843,3.771,0.548,0.595,0.563,1.891,1.126,1.464,2.764,0.568,0.584,1.793,1.997,0.596,2.052,5.811,0.224,0.053,0.529,0.846,1.575,0.889,1.65,1.416,5.785,3.134,2.294,3.342,1.96,1.594,4.634,6.553,8.103,0.583,2.774,2.857
"2056-11",2.193,2.436,2.122,4.586,1.944,3.891,0.667,4.542,4.921,8.3,6.612,4.661,6.933,1.062,2.946,2.508,3.612,2.99,2.583,1.214,0.008,0.696,6.015,1.553,5.83,1.93,2.7,2.558,1.634,1.411,1.052,2.494,1.251,0.217,1.035,1.036,0.014,0.788,4.674,0.339,0.05,1.152,0.606,1.938,0.681,1.089,0.978,5.347,3.772,2.744,2.728,3.48,1.825,4.558,5.094,10.186,1.271,2.411,2.906
"2056-12",1.894,2.441,1.351,4.8,1.285,2.287,2.052,2.048,1.678,7.851,5.353,4.397,7.753,0.695,4.918,2.65,3.355,3.57,2.316,1.636,0.01,0.046,2.741,0.073,4.956,1.8,6.048,7.187,0.98,1.164,0.613,2.117,1.041,0.305,1.275,1.913,0.011,0.942,6.452,4.62,0.677,1.195,0.556,2.611,0.642,0.692,1.075,4.575,4.508,2.79,3.125,2.758,1.824,0.211,1.998,8.238,2.395,2.42,2.897
"2057-01",1.77,1.277,1.052,4.7,1.871,4.713,1.738,0.846,1.041,4.711,2.466,9.829,10.213,0.914,4.598,2.629,4.104,2.082,2.075,1.164,0.027,0.012,1.94,0.039,4.262,3.426,8.204,9.552,0.872,1.652,0.701,1.171,0.752,0.295,0.651,2.15,0.009,0.232,6.953,5.871,0.941,3.061,0.731,1.861,0.76,1.344,0.933,3.317,5.262,3.325,2.6,3.06,2.762,0.331,0.216,9.015,3.97,2.423,2.998
"2057-02",2.065,1.278,1.436,4.285,2.475,5.85,0.843,0.387,1.136,6.809,2.525,8.086,8.441,0.423,4.565,1.795,3.162,1.534,1.61,0.938,0.016,0.015,1.961,0.024,2.526,4.048,6.447,5.056,0.776,1.364,0.751,2.267,1.338,0.551,0.463,1.877,0.004,0.053,5.635,11.794,2.589,3.286,1.104,2.64,0.992,1.85,1.059,2.645,5.626,4.005,2.338,3.293,2.848,0.055,0.104,4.684,2.714,2.75,2.927
"2057-03",1.714,1.304,1.305,5.486,3.6,5.579,1.121,0.505,0.6,8.332,4.44,7.094,9.193,0.582,3.631,2.165,2.393,2.531,1.622,1.586,0.025,0.47,3.19,0.298,2.889,3.729,3.582,6.515,0.816,1.324,0.822,1.468,1.043,1.02,1.257,2.535,0.322,0.272,4.118,5.108,0.95,2.968,0.98,2.632,1.197,1.771,0.975,2.222,6.287,4.809,2.119,3.109,3.231,0.187,0.227,3.599,3.856,2.927,2.965
"2057-04",1.322,1.907,1.314,1.388,2.481,4.033,0.177,1.476,0.57,6.75,6.372,4.533,4.691,1.299,1.762,3.225,1.647,2.146,1.707,1.742,0.039,1.545,5.513,2.042,4.582,2.325,1.292,2.472,1.005,1.656,1.9,2.338,2.225,0.699,2.978,3.416,0.344,0.851,3.302,1.747,0.012,1.768,0.536,2.829,1.1,1.881,0.507,2.583,5.872,3.673,2.019,7.577,3.099,0.336,0.99,6.021,3.088,3.33,2.888
"2057-05",1.056,1.987,1.872,1.214,2.706,4.468,0.76,7.067,3.431,7.447,6.555,2.862,1.482,1.964,2.445,2.371,1.188,2.675,2.928,0.618,0.018,1.799,3.379,1.652,2.663,0.434,0.615,1.287,1.88,2.148,2.236,3.052,0.663,0.879,3.498,4.35,0.104,0.779,5.87,0.963,0.191,1.033,1.868,3.642,1.073,2.057,0.865,3.181,4.273,3.37,1.389,7.987,2.27,4.343,3.338,11.313,1.842,3.27,2.959
"2057-06",1.138,2.473,1.982,0.696,3.945,4.894,1.555,5.019,2.083,3.866,5.074,0.911,0.709,2.454,1.299,1.806,2.511,2.033,1.982,0.267,0.026,3.651,2.491,1.505,0.585,0.186,0.484,0.778,2.016,1.872,2.447,2.331,0.152,0.461,5.289,5.97,0.1,6.026,8.053,0.183,0.592,0.579,3.29,2.362,1.135,2.068,1.145,3.964,4.442,3.337,1.468,7.099,2.079,6.045,18.398,7.098,0.93,3.167,3.024
"2057-07",1.332,2.728,2.299,0.698,2.439,3.837,1.821,6.702,2.262,2.888,3.188,0.138,0.191,2.677,1.262,2.827,2.513,1.488,1.59,0.15,0.089,6.428,2.68,1.789,0.314,0.21,0.466,1.666,1.589,1.991,3.552,3.191,0.057,0.447,6.918,6.221,0.031,4.226,7.71,0.27,0.026,0.33,1.705,2.629,1.005,1.466,1.164,5.069,5.908,2.847,2.062,4.641,1.905,1.978,11.181,3.287,1.044,3.046,2.988
"2057-08",2.196,2.488,2.364,0.441,1.951,4.078,4.564,9.334,4.322,5.235,3.073,0.196,0.626,2.824,2.288,2.193,2.5,1.753,1.094,0.127,0.163,8.945,4.395,2.128,0.568,0.306,0.374,0.637,2.218,1.111,2.338,4.16,0.07,0.484,6.042,6.456,0.167,4.096,5.587,0.089,0.016,0.186,1.907,3.141,1.118,1.49,1.63,5.697,3.898,2.493,2.355,2.901,2.155,1.436,6.734,4.583,0.818,2.98,2.94
"2057-09",2.009,3.03,2.95,0.822,2.093,4.111,5.47,9.262,5.562,4.427,2.535,0.171,0.534,1.877,1.253,2.344,2.33,0.93,0.778,0.425,0.034,6.696,5.536,1.702,0.952,0.191,0.557,0.281,1.99,1.611,2.485,2.388,0.076,0.293,3.328,3.751,0.055,3.893,6.141,0.036,0.025,0.114,1.643,2.807,0.851,1.791,1.299,5.914,4.269,2.262,3.076,2.138,2.047,2.834,11.765,5.162,0.465,2.942,2.904
"2057-10",2.383,2.65,2.175,1.678,1.636,3.51,0.759,8.374,5.141,6.977,2.667,0.496,2.24,1.609,3.213,2.488,2.188,2.202,1.425,1.914,0.041,3.412,5.297,1.791,1.663,0.634,0.575,0.755,1.578,2.156,1.459,2.711,0.778,0.633,1.642,1.801,0.216,1.67,4.291,0.217,0.012,0.227,0.967,2.054,0.682,1.235,1.277,5.602,5.525,2.363,3.588,2.561,2.347,2.227,3.575,7.619,0.808,2.711,2.863
"2057-11",1.973,3.139,1.244,1.974,3.14,2.659,2.818,5.321,2.466,8.146,5.392,3.273,7.405,1.179,3.625,2.784,2.951,3.55,1.829,2.221,0.007,1.215,5.566,1.169,6.371,1.032,3.051,1.79,1.291,1.274,1.242,2.487,1.314,0.717,0.807,1.83,0.04,0.431,4.084,0.204,0.02,0.131,0.908,2.165,0.664,1.014,0.864,4.541,4.952,2.691,3.175,3.856,2.045,3.004,2.957,11.185,1.103,2.462,2.877
"2057-12",2.189,2.895,1.682,2.85,1.287,3.523,2.044,1.467,1.052,6.298,5.099,4.002,10.125,0.753,4.796,2.404,3.289,3.103,2.582,1.634,0.018,0.031,3.367,0.101,4.069,1.556,2.663,3.192,0.962,1.604,0.734,1.509,0.826,0.302,0.258,1.859,0.007,0.117,6.636,1.994,0.185,1.016,0.726,2.022,0.654,1.185,0.783,4.049,6.603,2.603,2.971,3.849,1.912,0.408,3.138,12.088,1.937,2.4,2.932
"2058-01",1.894,1.558,1.143,3.365,1.172,3.483,1.633,1.162,1.484,4.904,3.173,11.573,12.993,0.687,4.032,2.837,4.116,2.743,2.134,1.17,0.01,0.026,2.805,0.008,2.614,2.984,6.05,8.638,0.805,1.747,0.814,1.79,0.6,0.371,0.934,1.258,0.002,0.149,7.06,5.99,0.727,0.486,0.721,2.642,0.678,0.956,0.781,3.23,5.317,3.469,2.624,3.006,2.436,0.555,0.189,7.672,2.754,2.487,2.912
"2058-02",2.233,1.536,0.948,3.923,2.038,5.324,1.687,0.728,1.173,4.938,2.385,8.683,11.081,0.582,4.105,2.05,2.362,1.479,1.524,0.975,0.02,0.004,2.127,0.008,2.965,3.894,6.871,10.244,0.854,1.835,0.769,1.989,0.99,0.54,1.065,1.532,0.001,0.09,5.9,10.006,3.775,2.343,1.571,2.717,0.959,1.371,0.813,2.69,6.19,3.525,2.528,2.768,3.345,0.032,0.165,4.272,3.903,2.536,2.955
"2058-03",1.683,1.826,1.454,2.789,1.959,3.624,0.978,0.807,0.589,6.802,1.962,7.399,8.357,0.917,3.615,2.212,1.751,2.521,1.852,1.787,0.012,0.472,3.467,0.369,3.045,2.247,2.907,3.479,0.899,1.1,0.737,2.077,0.713,0.658,1.232,2.278,0.002,0.116,4.333,7.015,0.497,0.668,0.708,2.458,1.207,1.718,0.622,2.489,7.055,4.373,2.478,3.821,3.16,0.081,0.396,3.655,3.446,2.972,2.903
"2058-04",1.417,1.851,1.519,2.882,2.79,3.214,0.356,1.463,1.331,8.119,3.588,4.427,6.388,2.087,3.164,3.845,2.009,1.859,2.442,1.06,0.02,1.588,5.058,1.007,3.704,0.931,1.101,2.594,1.201,1.583,1.467,1.723,1.085,1.37,1.978,3.763,0.014,0.294,3.842,2.931,0.053,0.731,0.817,2.366,1.138,2.119,0.893,2.411,6.006,3.958,1.929,6.967,3.41,0.122,1.056,6.52,3.087,3.223,2.896
"2058-05",1.17,1.604,1.731,2.352,3.593,5.259,0.129,3.5,0.791,6.159,5.353,3.29,2.693,3.425,2.669,2.508,2.848,1.932,1.629,0.461,0.025,2.227,4.354,2.272,3.042,0.629,0.994,0.798,1.501,1.19,2.554,2.426,0.743,0.546,3.01,3.845,0.058,0.614,5.845,0.495,0.021,0.289,0.833,2.47,1.002,1.788,0.682,3.376,5.93,3.349,1.519,8.232,2.117,1.673,3.06,9.471,1.82,3.407,2.963
"2058-06",1.326,2.415,2.616,1.024,2.838,4.007,2,14.428,5.444,5.19,5.821,0.817,0.846,1.5,2.19,2.607,1.757,2.721,2.276,0.64,0.021,3.347,2.196,0.989,0.476,0.42,0.744,0.939,1.547,1.65,2.626,3.053,0.39,0.699,4.614,6.282,0.008,5.885,7.755,0.307,0.402,1.466,2.249,3.359,1.126,1.468,0.793,3.687,3.981,3.174,1.557,6.672,1.946,5.949,16.515,4.128,1.341,3.147,2.989
"2058-07",1.412,2.659,2.522,0.502,1.865,3.668,2.212,7.227,2.088,3.569,3.793,0.333,0.253,3.154,1.027,3.292,2.636,1.694,2.104,0.08,0.11,7.357,3.154,2.808,0.403,0.341,0.426,0.566,2.133,1.549,2.48,3.368,0.049,0.25,7.523,6.101,0.164,6.355,7.749,0.225,0.142,1.135,2.442,3.361,1.196,1.802,1.382,4.505,4.226,3.007,2.071,3.799,2.122,4.681,13.097,5.141,1.051,3.096,2.992
"2058-08",2.145,2.619,2.506,0.462,2.236,4.355,2.531,7.383,4.497,4.045,2.289,0.229,0.717,1.824,2.677,2.483,2.647,0.981,1.097,0.098,0.176,8.197,4.149,3.03,0.632,0.305,0.377,0.584,2.22,0.639,1.666,4.095,0.145,0.617,4.495,7.095,0.174,5.716,6.634,0.054,0.031,0.524,2.592,4.051,0.991,1.273,1.376,5.873,3.083,2.945,2.478,1.664,1.671,3.202,11.334,2.84,0.95,2.823,2.912
"2058-09",2.247,2.442,2.317,0.986,3.041,4.66,4.38,10.907,5.758,5.958,2.397,0.311,2.356,2.098,3.961,2.175,2.892,1.167,1.4,0.549,0.251,6.964,5.77,1.997,1.119,0.27,0.417,0.572,2.851,0.661,1.399,2.882,0.181,0.471,4.268,4.083,0.17,4.912,7.206,0.125,0.02,0.209,1.381,2.552,0.784,1.651,1.651,4.702,2.945,2.535,2.981,1.347,1.763,1.32,8.195,6.847,0.623,2.902,2.844
"2058-10",2.165,3.103,2.115,2.007,1.408,3.607,1.476,7.44,6.341,5.768,3.067,0.934,3.831,1.052,3.602,2.511,3.611,2.525,1.815,0.933,0.023,2.847,5.31,2.223,2.209,0.516,0.653,0.807,2.064,1.484,1.685,3.239,0.144,0.315,1.683,2.241,0.082,1.896,6.021,0.142,0.017,0.323,1.098,3.005,0.724,1.171,1.174,5.544,4.534,2.344,3.781,2.595,1.982,2.788,6.319,8.339,0.701,2.712,2.917
"2058-11",1.505,2.669,1.925,3.387,2.669,3.69,0.992,5.083,2.693,7.647,6.665,3.408,8.853,0.652,4.16,2.042,4.256,3.014,2.394,1.117,0.018,0.617,5.298,1.601,5.284,1.298,3.524,2.18,1.305,2.266,0.952,1.791,1.074,0.409,0.821,1.019,0.085,0.343,5.58,0.251,0.177,0.635,1.186,2.174,0.775,1.046,1.155,5.145,3.737,2.402,2.907,3.197,1.626,3.954,6.344,10.231,1.458,2.444,2.863
"2058-12",1.8,2.48,2.156,4.928,1.009,3.666,0.432,2.292,3.376,8.498,7.938,3.45,9.353,0.707,4.756,2.377,3.203,3.6,2.442,1.193,0.01,0.065,2.891,0.089,5.902,1.497,5.256,6.185,0.739,2.183,0.707,2.295,0.959,0.31,0.555,1.196,0.008,0.141,8.732,2.686,0.427,4.776,1.163,2.37,0.769,1.285,0.954,4.25,3.757,2.828,2.482,3.21,1.913,0.88,2.274,10.688,2.423,2.285,2.945
"2059-01",1.846,2.01,1.586,3.47,1.036,3.68,0.468,1.134,1.388,5.097,3.591,7.649,10.218,0.925,4.769,2.74,2.714,3.598,2.385,1.706,0.036,0.056,2.75,0.057,3.637,3.304,6.02,5.149,0.538,1.633,0.572,1.85,0.448,0.504,0.927,1.072,0.029,0.175,7.246,9.353,2.447,1.734,1.06,2.722,0.652,0.937,0.546,3.371,4.63,3.712,2.946,2.882,2.222,0.173,0.134,7.933,2.231,2.539,2.923
"2059-02",1.365,1.464,1.262,3.295,2.174,4.298,1.207,0.726,0.819,7.59,2.47,8.455,11.446,0.859,4.888,2.544,1.962,3.386,2.45,2.02,0.014,0.018,2.074,0.011,2.422,2.893,6.948,9.179,0.459,1.628,0.709,1.816,0.702,0.207,0.751,1.983,0.001,0.125,5.5,12.369,1.518,4.268,0.655,3.662,0.796,1.795,0.605,2.959,5.005,3.917,3.002,2.591,2.843,0.061,0.093,5.371,2.957,2.608,2.955
"2059-03",0.88,1.826,1.309,2.673,2.117,3.005,0.691,1.751,0.616,9.628,2.156,7.472,8.856,0.616,3.179,2.877,2.306,3.609,1.777,0.965,0.006,0.351,3.077,0.478,3.734,1.986,4.215,7.863,0.614,1.578,1.136,1.765,0.582,0.46,1.548,2.661,0.014,0.321,3.732,5.938,1.105,2.41,0.947,3.263,1.087,1.43,0.594,2.751,5.738,4.231,2.473,3.86,2.944,0.065,0.057,3.935,4.229,3.008,2.896
"2059-04",1.051,1.656,1.617,2.312,2.216,3.592,0.094,1.178,0.561,7.567,3.277,6.764,6.131,1.59,3.358,3.356,2.764,2.726,2.12,0.63,0.017,1.407,3.579,0.83,2.198,0.76,1.006,3.618,0.902,1.961,1.645,2.125,1.051,0.915,2.633,3.503,0.072,0.244,5.466,5.095,0.01,0.2,0.576,2.761,1.27,1.839,0.607,2.495,6.461,4.045,1.859,6.936,2.835,0.231,0.516,5.188,3.077,2.985,2.909
"2059-05",0.988,2.12,1.385,2.707,2.435,2.787,0.563,8.73,4.056,7.734,4.891,2.433,2.129,2.431,2.272,2.838,2.04,3.831,2.057,0.382,0.031,2.671,3.833,1.884,2.373,0.442,0.352,0.956,0.925,1.66,2.535,1.983,1.047,0.419,3.74,4.948,0.18,0.742,6.151,0.94,0.354,0.251,1.623,2.488,1.204,1.911,0.568,2.709,5.303,3.527,2.146,9.069,1.771,2.651,2.463,9.025,2.186,3.379,2.98
"2059-06",1.51,2.54,2.207,0.988,2.067,3.18,1.338,9.047,3.836,4.844,5.875,0.642,1.139,3.929,1.702,3.318,2.04,2.464,1.702,0.148,0.023,3.574,2.642,0.908,0.567,0.743,0.511,0.719,2.177,1.677,2.992,1.983,0.126,0.588,3.688,5.828,0.016,4.504,7.413,0.209,0.189,0.536,2.36,3.693,1.18,1.195,0.99,3.886,4.701,3.516,1.495,6.381,2.066,4.756,14.321,4.089,1.387,3.097,2.967
"2059-07",1.751,2.819,2.316,0.354,2.022,4.654,2.402,8.902,2.254,4.248,3.372,0.151,0.778,3.289,1.803,2.868,2.333,1.81,1.465,0.065,0.064,6.389,2.783,2.778,0.5,0.478,0.38,0.971,2.262,1.322,3.591,3.463,0.093,0.458,6.982,5.385,0.441,7.078,8.008,0.147,0.069,0.632,1.707,2.824,0.93,1.593,1.367,4.512,3.973,3.255,1.608,3.949,2.302,6.837,10.964,5.271,0.851,3.191,3.012
"2059-08",2.088,2.918,2.467,0.173,0.853,3.6,2.582,6.857,2.989,3.96,3.352,0.228,0.358,2.164,1.106,2.232,2.479,0.876,1.21,0.056,0.414,8.516,5.458,4.128,0.745,0.211,0.555,0.848,2.764,0.954,1.671,2.936,0.107,0.595,4.806,6.571,0.479,6.331,6.909,0.065,0.129,0.783,2.014,3.031,1.03,1.952,0.996,5.087,3.391,2.835,1.969,2.027,1.476,4.521,11.335,4.842,0.82,2.878,2.857
"2059-09",2.394,2.939,3.158,1.042,1.262,3.182,3.702,9.692,5.137,5.122,2.891,0.194,1.529,1.786,2.507,2.812,2.779,1.518,0.436,0.221,0.156,7.091,5.752,2.775,1.03,0.318,0.42,0.672,1.655,1.097,1.595,2.914,0.222,0.385,3.365,3.569,0.252,5.358,6.021,0.039,0.013,0.087,1.621,2.395,0.893,2.061,1.255,5.907,3.791,2.502,2.819,1.916,1.726,2.526,9.717,4.055,0.673,2.98,2.88
"2059-10",1.581,3.167,2.201,1.694,2.37,3.132,3.033,8.521,4.474,7.836,3.524,0.534,3.732,1.161,3.206,2.612,3.247,2.522,1.338,1.595,0.058,4.87,6.833,2.287,3.37,0.562,0.432,1.474,1.569,1.629,1.532,2.635,0.178,0.314,0.847,2.393,0.083,1.411,3.361,0.077,0.017,0.101,0.942,2.611,0.627,1.536,1.193,5.751,4.382,2.368,3.297,2.175,1.822,2.826,2.672,10.213,0.832,2.453,2.846
"2059-11",2.086,2.527,1.756,3.986,1.058,3.08,0.634,4.167,3.539,7.294,5.371,2.098,6.755,1.505,4.288,2.728,2.034,2.575,1.169,2.186,0.025,1.336,5.606,0.762,4.773,1.754,2.181,1.964,1.151,1.451,1.178,2.487,1.231,0.849,0.46,2.239,0.018,1.069,6.091,0.458,0.188,0.765,0.489,1.93,0.734,1.158,1.044,4.729,4.29,2.737,3.058,3.808,1.732,1.991,9.08,8.304,0.974,2.508,2.833
"2059-12",1.18,1.831,2.109,3.491,1.388,4.485,1.006,1.742,1.721,6.214,4.49,4.262,9.819,0.481,5.978,1.723,3.053,3.367,2.522,2.092,0.01,0.048,3.406,0.093,4.568,2.207,6.415,4.575,0.664,1.598,0.815,2.107,0.645,0.154,0.251,0.806,0.011,0.185,7.499,1.624,0.188,1.045,0.63,1.762,0.751,0.934,0.862,4.642,4.806,2.686,2.823,3.534,1.732,1.341,3.53,10.776,1.769,2.377,2.9
"2060-01",1.718,2.038,1.311,6.175,1.52,3.557,1.33,1.262,1.651,6.193,3.787,5.63,10.902,0.896,5.036,2.691,3.282,2.815,1.788,1.251,0.013,0.019,1.847,0.011,3.954,2.83,8.43,7.774,0.491,1.611,0.535,1.248,0.798,0.335,0.872,1.438,0.004,0.263,6.391,8.928,1.669,0.799,0.387,1.829,0.628,1.426,0.864,3.479,5.245,3.912,2.708,3.134,2.119,0.324,0.168,7.219,2.134,2.578,2.95
"2060-02",1.106,1.696,1.118,4.022,1.038,3.589,1.486,1.148,1.451,10.195,2.799,6.564,10.053,0.848,6.139,2.809,2.29,3.639,2.001,1.694,0.023,0.029,2.773,0.079,3.448,2.96,6.292,7.819,0.6,1.552,0.715,1.458,0.598,0.494,1.161,2.047,0.063,0.342,4.666,9.31,1.072,0.469,1.031,1.585,1.01,1.347,0.557,2.563,6.55,3.996,3.056,2.696,2.181,0.027,0.3,5.621,3.819,2.366,2.929
"2060-03",2.143,1.371,0.955,2.835,2.682,4.97,0.421,0.898,1.347,9.18,3.715,8.214,9.214,0.981,3.307,3.017,1.858,3.171,2.008,1.109,0.059,0.115,2.622,0.087,3.633,3.641,4.328,4.703,0.65,1.91,1.46,2.039,1.087,0.541,1.562,2.046,0.005,0.167,3.774,4.26,0.481,0.513,1.433,3.009,1.181,2.256,0.702,2.419,7.177,3.899,2.335,3.024,2.809,0.038,0.05,4.194,4.944,2.891,2.93
"2060-04",1.548,2.231,1.525,2.407,2.283,2.43,1.745,2.349,0.812,8.273,5.714,6.187,5.522,1.299,2.507,3.383,2.213,2.126,3.08,0.883,0.011,1.132,3.993,0.517,3.667,1.566,1.675,2.794,1.277,1.957,1.25,1.825,1.355,1.108,2.717,2.555,0.037,0.587,3.943,3.539,0.011,0.134,1.033,2.346,1.462,1.732,0.765,2.569,6.871,3.655,1.903,6.158,2.821,0.127,1.479,4.947,2.914,3.073,2.865
"2060-05",1.001,1.791,1.849,1.4,3.5,3.86,0.807,4.218,3.801,6.809,6.097,2.685,2.123,1.327,1.996,2.214,1.761,3.421,1.692,0.437,0.021,1.871,3.188,1.177,1.869,0.595,1.037,1.285,1.56,1.724,2.52,2.679,0.994,0.635,2.487,4.896,0.031,0.726,6.996,0.755,0.273,0.535,1.693,2.669,1.279,1.474,0.758,3.005,5.363,3.422,1.332,8.401,2.341,1.066,7.047,7.121,2.971,3.248,2.946
"2060-06",1.027,2.29,2.106,1.092,2.577,3.931,2.338,12.493,4.997,4.508,4.654,0.596,0.805,3.274,2.884,2.728,2.403,2.066,2.568,0.338,0.026,4.782,2.283,0.858,0.557,0.466,0.899,0.579,1.898,1.765,2.762,1.95,0.342,1.51,1.677,5.837,0.009,1.435,8.584,0.191,0.174,0.453,2.498,3.526,1.061,1.737,1.089,3.704,6.271,3.031,1.622,5.325,2.26,2.218,1.259,5.279,1.189,3.195,2.995
"2060-07",1.565,2.624,1.966,0.5,1.699,4.768,2.107,8.43,2.516,3.332,3.421,0.318,0.565,1.82,1.874,2.176,2.508,1.682,2.324,0.122,0.074,7.696,3.33,2.318,0.565,0.32,0.315,0.981,1.548,2.01,3.503,3.036,0.123,0.392,5.564,5.534,0.069,5.195,6.023,0.139,0.059,0.399,1.359,3.376,1.014,1.834,0.793,4.812,6.48,2.763,1.979,3.656,1.912,5.282,11.994,3.83,0.944,3.229,3
"2060-08",1.461,2.451,2.687,0.602,1.957,3.796,4.005,8.149,2.033,4.082,3.209,0.276,0.5,2.456,1.998,2.997,2.481,1.662,1.096,0.136,0.264,8.47,4.164,3.796,0.803,0.603,0.703,0.389,2.354,1.362,2.499,3.106,0.066,0.741,5.095,5.262,0.794,6.426,6.119,0.091,0.056,0.381,1.837,3.274,1.024,1.535,1.448,6.075,4.179,2.432,2.202,1.716,2.091,6.368,11.447,4.013,0.598,2.974,2.968
"2060-09",2.341,2.832,2.574,0.619,2.787,3.735,3.731,6.695,4.6,3.958,2.285,0.17,0.904,1.249,1.934,2.411,2.706,1.882,0.396,0.736,0.081,5.642,5.02,2.062,0.907,0.216,0.307,0.442,2.171,0.87,2.075,3.26,0.106,0.43,3.138,3.139,0.076,4.208,6.324,0.057,0.023,0.149,1.521,2.522,1.029,1.613,1.324,6.032,5.005,2.559,3.009,1.215,2.165,1.144,9.294,3.183,0.676,2.894,2.877
"2060-10",2.447,2.6,1.979,2.739,2.21,5.211,1.703,8.364,5.845,7.663,3.668,0.214,3.208,1.225,3.802,2.092,2.802,1.95,1.565,1.181,0.052,3.552,5.347,2.404,3.923,0.874,2.627,1.827,1.92,1.539,1.748,3.036,1.086,0.492,1.316,1.194,0.502,1.479,2.854,0.103,0.022,0.082,0.892,2.207,0.837,1.464,1.298,5.651,4.111,2.435,4.052,2.037,2.061,2.706,3.338,8.115,1.096,2.519,2.847
"2060-11",1.644,1.784,1.512,3.632,2.38,3.992,1.863,2.892,2.136,5.018,2.3,3.07,5.52,1.168,4.445,2.548,2.742,2.365,1.645,2.579,0.018,0.97,5.008,1.774,5.417,1.903,2.087,1.869,1.239,1.806,0.934,2.003,0.966,0.613,1.181,2.289,0.106,0.736,5.383,0.473,0.112,0.397,0.778,1.963,0.67,0.964,0.932,4.799,5.942,2.44,3.424,2.164,2.181,2.587,6.381,9.275,1.334,2.462,2.854
"2060-12",1.655,2.142,1.159,4.792,1.801,3.769,2.205,2.315,1.742,4.152,3.991,6.562,9.975,1.365,5.271,3.074,2.991,3.721,1.9,2.226,0.021,0.072,2.61,0.363,6.064,1.585,5.601,6.912,0.83,1.415,0.628,1.414,1.624,0.401,0.501,2.275,0.099,0.091,5.228,1.016,0.14,0.379,0.949,3.051,0.755,0.55,0.931,3.764,6.923,2.495,2.867,3.159,2.191,0.942,0.679,10.695,2.609,2.386,2.925
"2061-01",1.803,1.992,0.92,4.123,2.016,3.504,2.351,1.399,1.146,5.302,1.97,5.348,7.468,1.587,3.983,2.915,2.918,3.709,1.477,2.675,0.011,0.007,2.582,0.041,2.937,2.497,7.422,7.586,0.702,1.439,0.652,1.314,1.161,0.324,0.765,1.816,0.079,0.098,6.791,5.42,0.401,1.495,1.041,3.31,0.675,1.162,0.751,2.589,8.909,3.273,3.243,1.858,2.294,0.413,0.117,6.111,2.761,2.468,2.955
"2061-02",1.868,1.543,1.201,4.034,1.245,4.252,1.047,0.408,1.254,6.282,2.078,5.278,9.571,0.989,5.638,2.115,2.765,3.396,2.241,1.588,0.019,0.023,2.814,0.005,2.71,3.791,5.132,9.169,0.66,2.048,0.867,1.395,0.442,0.613,2.542,1.902,0.002,0.319,5.037,10.251,1.213,0.659,0.634,1.745,0.887,2.019,0.725,2.159,9.268,3.3,2.938,3.062,2.65,0.24,0.081,5.963,2.97,2.543,2.978
"2061-03",1.408,1.74,1.504,3.165,1.959,3.127,0.909,0.982,1.756,8.287,3.595,5.87,8.268,0.89,3.527,2.864,1.94,3.156,2.638,1.078,0.013,0.264,3.119,0.558,4.779,2.16,2.969,3.481,0.557,1.845,1.255,1.917,0.98,0.444,0.882,2.84,0.013,0.176,3.356,1.664,0.198,0.267,1.064,2.034,0.986,2.084,0.367,1.969,7.788,4.369,2.537,3.173,2.804,0.063,0.106,4.901,4.752,3.105,2.896
"2061-04",1.704,1.797,1.298,3.63,2.402,4.14,0.252,1.102,1.29,8.91,6.767,5.556,3.607,1.406,3.343,3.219,2.241,1.454,1.456,1.156,0.02,1.047,3.241,0.767,3.356,0.649,1.169,2.005,1.088,2.3,1.953,1.986,0.979,1.032,1.575,3.963,0.012,0.573,5.352,2.123,0.634,1.666,1.57,3.089,1.193,2.136,0.685,2.029,7.244,3.436,1.712,5.978,2.563,0.087,1.114,6.889,3.69,3.022,2.894
"2061-05",1.314,2.34,1.651,2.001,3.618,3.347,0.556,3.209,5.313,6.866,7.678,2.682,1.447,2.41,2.385,3.542,1.75,3.079,1.516,1.361,0.04,4.187,3.748,1.242,2.058,0.31,0.35,0.794,1.353,1.679,2.521,2.627,0.983,1.078,3.47,3.87,0.113,1.474,5.63,2.14,0.902,1.583,2.638,4.581,1.079,1.395,0.791,2.422,7.756,2.932,1.671,8.084,2.545,0.23,7.11,7.296,2.171,3.436,3.036
"2061-06",1.41,2.319,1.655,0.625,3.023,5.469,0.643,9.09,3.869,4.252,4.903,0.315,0.436,3.821,1.782,3.414,1.648,3.339,2.838,0.506,0.017,3.783,2.37,0.823,0.47,0.618,0.505,1.221,1.397,2.123,2.819,2.034,0.283,0.799,3.773,6.208,0.016,4.701,8.692,0.55,0.085,0.244,2.629,3.521,1.004,1.769,1.12,3.235,7.822,2.77,1.511,6.226,1.783,2.416,13.836,4.609,1.193,3.141,3.04
"2061-07",1.26,2.571,2.113,0.306,2.437,4.38,2.495,8.138,2.046,4.034,3.763,0.231,0.857,3.051,1.407,2.548,2.258,1.688,1.405,0.164,0.059,6.664,2.908,2.288,0.568,0.488,0.519,0.885,2.097,1.87,3.042,3.015,0.024,0.642,6.24,7.057,0.042,4.577,7.567,0.221,0.037,0.224,1.727,3.263,1.08,1.77,1.188,4.453,6.217,2.67,1.766,3.487,2.43,4.703,12.722,3.575,0.978,3.117,2.999
"2061-08",2.022,2.596,2.15,0.157,1.57,4.037,2.466,7.974,2.973,4.08,2.895,0.15,0.263,1.427,1.401,2.461,2.247,1.454,1.451,0.168,0.256,9.098,3.778,3.095,0.441,0.234,0.234,0.486,2.045,1.175,2.98,3.406,0.092,0.279,5.815,5.389,0.339,6.465,6.301,0.097,0.189,0.455,1.977,2.922,0.906,1.693,1.259,5.313,5.353,2.34,2.289,2.293,1.894,5.079,9.721,4.046,0.877,2.978,2.919
"2061-09",1.702,2.906,2.981,0.446,2.474,5.304,3.514,8.63,5.25,4.389,1.802,0.044,0.663,1.924,2.084,2.162,3.225,0.815,1.474,0.164,0.09,6.402,4.432,2.335,0.569,0.222,0.084,0.208,2.507,1.34,1.606,2.56,0.252,0.124,3.54,3.596,0.282,6.291,6.439,0.058,0.102,0.372,1.324,3.778,0.904,1.931,1.358,6.046,3.972,2.332,2.929,1.542,2.064,5.025,9.852,5.511,0.424,2.694,2.902
"2061-10",2.136,2.981,2.121,1.905,2.111,3.98,1.807,11.143,7.1,7.901,3.905,1.411,3.901,1.32,3.507,2.601,3.836,1.761,1.033,0.818,0.028,3.414,5.652,1.787,2.179,0.587,1.113,0.922,1.982,1.236,1.766,2.737,0.576,0.333,1.098,2.214,0.07,1.789,3.511,0.05,0.025,0.084,1.702,3.296,0.774,1.38,1.378,5.54,4.416,2.233,3.528,2.948,1.753,1.841,4.312,7.955,0.861,2.463,2.837
"2061-11",1.096,2.49,2.336,3.56,0.995,2.686,0.531,5.462,8.469,7.707,5.64,1.545,5.387,2.607,4.062,3.031,3.414,3.161,3.011,1.054,0.034,0.851,5.293,1.712,4.075,1.441,1.583,1.194,1.051,2.647,1.185,2.39,1.097,0.489,1.102,1.307,0.248,0.757,7.803,0.587,0.041,0.386,1.014,1.99,0.641,1.042,1.048,4.746,3.658,2.502,3.352,3.463,1.839,3.327,6.014,10.589,0.916,2.35,2.877
"2061-12",1.759,2.348,1.225,3.308,3.568,4.648,1.447,2.775,1.845,6.871,6.215,5.248,10.246,1.317,5.071,2.924,4.037,2.686,1.886,1.388,0.014,0.215,4.251,0.572,5.133,2.689,6.074,4.847,1.084,1.614,0.737,1.307,0.911,0.44,1.476,1.027,0.106,0.338,6.268,2.939,0.039,0.368,0.613,3.01,0.624,0.791,0.987,4.589,5.718,2.957,2.727,3.498,2.035,1.325,0.808,7.255,1.136,2.295,2.935
"2062-01",1.855,2.48,1.286,3.227,1.299,2.994,1.296,1.936,1.691,7.344,4.586,4.79,9.509,1.171,4.614,2.359,2.945,2.569,1.49,2.031,0.028,0.17,3.681,0.051,4.337,3.736,6.379,10.137,0.636,0.997,0.398,1.483,1.437,0.545,0.834,1.739,0.029,0.126,4.596,3.614,0.336,0.628,0.338,1.55,0.7,1.22,0.754,3.446,6.105,3.563,2.952,3.629,1.918,0.191,0.164,7.784,2.376,2.654,2.895
"2062-02",2.125,2.141,1.233,1.699,1.169,4.064,1.742,1.183,0.601,6.254,2.818,9.667,12.694,0.809,4.85,1.827,2.581,1.845,1.807,1.306,0.012,0.018,2.608,0.022,3.112,3.239,5.139,7.361,0.432,1.11,0.524,1.633,1.132,0.537,0.724,1.95,0.005,0.173,7.488,13.432,0.672,0.251,0.45,1.68,0.787,1.263,0.84,2.68,6.676,3.363,2.566,2.9,2.859,0.042,0.066,4.085,2.321,2.738,2.93
"2062-03",1.121,1.595,1.275,4.141,3.001,3.635,1.738,0.687,1.345,7.53,3.416,7.283,7.254,1.043,3.856,2.894,2.948,2.081,1.599,1.67,0.035,0.254,3.367,1.49,5.962,3.195,4.618,4.92,0.565,1.708,1.05,1.771,1.498,0.577,2.105,3.807,0.176,0.429,3.03,4.149,0.222,3.008,1.078,2.054,1.067,1.789,0.746,2.115,6.254,4.641,2.81,2.892,3.325,0.11,0.211,5.192,3.105,2.922,2.926
"2062-04",1.353,1.543,1.265,3.565,2.676,3.274,0.173,2.412,0.869,8.069,4.488,5.506,5.001,0.784,3.057,1.422,1.972,2.739,1.98,0.884,0.017,1.621,4.505,1.905,5.012,1.257,1.762,2.794,0.996,1.285,1.757,1.579,1.14,0.967,2.36,3.481,0.124,0.392,5.45,1.379,0.092,0.965,1.496,2.027,1.28,2.365,0.921,3.025,5.712,3.255,1.762,6.909,2.902,0.299,0.933,6.21,3.953,3.154,2.905
"2062-05",1.383,2.117,1.957,1.839,2.912,3.637,0.369,7.184,1.687,6.743,4.847,2.746,2.319,1.342,2.619,2.68,2.332,2.58,2.149,0.545,0.019,2.571,2.794,1.176,1.627,0.251,0.391,1.261,1.339,2.436,2.491,2.884,0.694,1.447,2.642,4.547,0.086,1.005,6.537,0.382,0.301,0.849,1.471,2.59,1.025,2.327,0.596,3.06,5.631,3.33,1.388,8.159,2.533,3.676,4.813,11.271,1.915,3.303,3.007
"2062-06",0.961,2.224,2.67,0.891,3.22,4.526,1.008,7.036,2.091,4.253,4.378,0.511,0.892,1.749,2.072,2.383,1.893,2.206,2.897,0.191,0.02,3.801,2.509,1.324,0.692,0.342,0.316,0.367,1.707,2.27,3.243,2.139,0.246,0.32,3.583,5.385,0.077,6.747,7.63,0.187,0.036,0.513,2.933,4.056,0.905,1.516,0.839,3.732,6.003,3.299,1.595,5.745,2.167,6.795,19.737,2.949,0.836,3.327,2.994
"2062-07",1.546,2.624,1.919,0.433,2.609,4.66,3.51,8.109,2.344,4.519,3.063,0.114,0.525,4.529,1.971,2.537,1.816,1.257,2.162,0.095,0.108,8.116,4.012,2.367,0.465,0.966,1.139,0.575,1.679,2.331,4.073,1.809,0.083,0.147,5.207,5.716,0.347,6.491,6.144,0.198,0.066,0.925,2.454,3.453,1.082,1.408,1.582,4.298,5.809,3.024,1.811,3.931,2.207,4.28,11.956,4.262,0.8,3.245,3.019
"2062-08",1.503,2.652,2.21,0.205,2.395,4.453,4.084,7.713,4.218,2.85,1.754,0.143,0.139,2.176,0.909,3.026,1.975,1.701,1.628,0.085,0.676,8.984,3.796,4.331,0.381,0.134,0.325,1.004,2.273,1.659,2.52,3.219,0.16,0.237,5.785,5.452,1.746,7.134,6.791,0.085,0.027,0.399,1.669,2.624,0.919,1.521,1.926,5.295,4.529,2.427,2.5,1.408,1.596,5.801,13.431,5.442,0.878,2.914,2.951
"2062-09",2.623,2.724,2.893,1.121,1.36,3.454,4.481,9.094,4.87,4.554,2.35,0.223,0.295,1.317,1.765,2.359,2.462,2.454,1.751,0.46,0.711,7.464,6.25,4.024,1.083,0.289,0.563,0.728,1.886,1.177,1.533,2.618,0.151,0.289,3.121,4.075,1.039,4.851,5.657,0.229,0.065,0.038,1.424,3.109,0.782,1.889,1.501,6.108,4.244,2.264,3.031,1.031,1.929,3.818,7.665,5.081,0.694,2.862,2.928
"2062-10",2.3,3.153,2.441,2.384,1.954,2.535,2.446,9.997,5.867,6.114,4.075,1.281,3.959,1.742,3.894,2.306,3.021,2.763,1.435,1.772,0.157,4.14,6.813,2.316,2.462,0.415,1.252,0.517,1.67,1.483,1.463,2.176,0.515,0.32,1.786,2.077,0.083,2.885,4.794,0.034,0.016,0.565,1.136,2.444,0.74,1.269,1.337,5.453,3.815,2.385,3.878,2.117,1.798,2.44,5.113,7.15,0.748,2.518,2.849
"2062-11",1.72,2.833,1.33,3.584,2.828,3.47,0.387,3.734,3.946,8.054,6.554,2.768,7.199,1.068,3.666,2.339,3.822,3.174,2.933,0.701,0.016,1.133,6.541,2.404,7.093,1.212,2.646,1.92,1.044,2.286,1.223,1.786,1.017,0.514,0.807,2.005,0.126,0.672,4.653,0.397,0.105,0.583,0.567,2.29,0.653,0.969,0.915,5.27,3.78,2.583,3.373,4.077,1.742,4.113,4.645,10.615,1.078,2.457,2.902
"2062-12",2.063,2.591,1.911,3.232,2.245,5.326,0.47,2.22,2.877,6.897,6.719,5.752,9.446,1.099,4.368,2.867,3.282,1.902,2.373,1.165,0.015,0.108,3.935,0.177,4.735,3.395,3.807,3.194,0.934,1.902,0.741,2.236,0.832,0.336,0.234,1.803,0.024,0.324,8.407,2.896,0.109,1.469,1.378,2.809,0.618,0.816,1.286,4.098,5.063,2.841,2.796,4.268,1.699,4.743,3.715,8.986,1.078,2.342,2.973
"2063-01",2.307,2.402,1.281,2.104,1.067,3.421,1.568,0.698,0.577,6.393,4.204,7.159,12.389,0.763,5.369,2.85,2.255,2.38,2.244,2.399,0.065,0.029,2.579,0.053,4.936,2.877,7.183,10.344,0.807,1.538,0.669,1.938,0.906,0.473,0.58,1.703,0.013,0.104,7.821,6.724,0.472,0.861,0.71,2.459,0.764,1.173,0.765,2.995,6.081,3.445,2.741,3.612,1.754,0.288,0.853,7.628,1.939,2.497,2.955
"2063-02",1.49,1.61,1.384,2.786,1.593,3.832,1.176,1.093,0.988,6.785,2.562,6.408,10.198,0.77,4.677,2.171,2.643,2.62,2.004,1.003,0.056,0.009,2.949,0.218,3.858,4.068,5.361,8.502,0.707,1.76,0.494,1.632,0.975,0.349,0.955,2.264,0.008,0.062,5.486,8.736,0.468,0.579,0.759,2.068,0.667,1.46,0.67,2.61,6.155,3.957,3.03,3.016,2.428,0.046,0.04,5.359,2.654,2.804,2.888
"2063-03",0.959,1.953,1.381,4.034,1.617,2.574,0.973,1.589,0.862,8.264,4.215,8.291,11.159,0.597,3.708,2.128,2.816,2.509,2.095,1.306,0.004,0.244,3.748,0.669,2.881,3.272,4.764,5.99,0.715,1.238,0.842,1.364,1.489,0.953,2.713,2.57,0.006,0.104,3.902,6.224,0.7,0.766,1.115,4.175,1.093,1.91,0.864,2.542,6.272,3.865,2.628,2.809,3.336,0.041,0.074,3.999,3.46,2.952,2.917
"2063-04",1.239,1.773,1.203,2.203,1.421,2.69,0.487,2.073,0.484,8.807,6.199,4.713,5.477,1.628,2.741,2.86,3.028,2.584,1.814,0.717,0.018,1.574,3.473,1.333,4.197,1.119,1.876,5.781,2.039,1.705,1.903,2.717,0.89,0.952,1.706,3.906,0.248,0.205,5.758,1.845,0.027,1.606,1.646,2.831,1.284,2.03,1.053,2.309,5.81,3.536,1.91,6.737,3.449,0.438,0.485,5.985,3.167,3.134,2.918
"2063-05",1.125,1.907,1.469,1.528,2.33,3.669,0.333,7.327,2.727,8.033,7.743,2.312,2.219,2.044,1.925,2.849,2.63,2.599,2.087,0.443,0.015,2.392,3.65,1.429,3.39,0.245,0.691,2.216,1.785,2.312,2.451,2.514,0.749,1.024,2.144,4.983,0.012,0.685,6.267,1.008,0.021,0.495,1.331,3.154,1.324,1.814,1.111,2.63,5.424,3.507,1.428,9.609,2.167,2.219,7.02,12.157,1.099,3.245,3.021
"2063-06",1.597,2.39,1.981,0.948,2.455,3.795,0.73,8.891,6.139,4.623,6.403,0.435,0.456,3.623,1.691,3.063,1.677,2.373,2.819,0.296,0.019,4.031,1.976,1.125,0.467,0.264,0.327,1.237,2.244,1.78,2.653,2.141,0.243,0.442,4.229,6.151,0.009,5.125,8.193,0.232,0.049,0.512,2.692,4.036,1.369,1.214,0.992,3.713,4.447,3.253,1.609,7.199,2.389,5.582,17.496,5.137,1.058,3.045,3.015
"2063-07",2.05,2.519,1.818,0.4,1.649,4.435,4.694,10.213,3.288,4.168,4.266,0.302,0.301,3.002,1.718,2.937,1.954,1.166,1.572,0.115,0.142,8.146,2.666,2.532,0.34,0.404,0.284,0.536,2.752,1.669,2.275,3.25,0.034,0.492,5.574,5.796,0.339,6.77,8.684,0.43,0.1,0.751,2.315,4.345,1.099,1.22,1.436,4.245,3.668,2.804,1.857,5.429,1.448,5.269,10.209,6.559,0.766,3.025,2.983
"2063-08",1.909,2.73,1.733,0.544,1.753,4.188,4.279,7.524,3.616,4.185,3.049,0.124,0.74,1.786,1.196,2.908,2.633,0.702,1.561,0.051,0.466,9.839,4.98,3.902,0.581,0.362,0.229,0.22,2.455,0.969,2.14,3.14,0.071,0.678,6.568,6.065,0.613,6.568,8.914,0.26,0.027,0.625,1.391,3.061,0.925,1.334,1.777,4.897,3.281,2.725,2.434,1.798,1.631,4.128,12.362,5.454,0.685,3.109,2.961
"2063-09",1.913,2.538,2.32,0.899,2.154,4.317,4.965,12.125,6.441,6.272,3.473,0.156,1.444,1.328,1.743,2.177,3.009,1.519,0.626,0.412,0.547,8.379,5.569,3.384,0.761,0.278,0.62,0.643,2.366,1.023,1.888,3.116,0.155,0.382,4.11,4.616,0.517,6.15,7.893,0.399,0.193,1.167,1.417,2.556,0.999,1.433,1.512,5.023,1.866,2.401,3.372,1.932,1.801,4.432,7.472,7.107,0.713,2.666,2.902
"2063-10",1.731,4.007,2.338,1.304,1.485,2.426,1.656,8.819,8.724,7.632,4.713,0.5,2.31,1.771,1.904,2.778,3.831,2.748,1.925,0.639,0.031,4.633,6.92,2.849,2.271,0.387,0.467,0.641,2.04,0.97,1.438,3.013,0.27,0.15,1.178,3.525,0.145,1.556,8.389,0.147,0.028,0.332,1.163,3.129,0.918,1.226,1.303,4.969,2.808,2.467,3.964,2.466,1.58,3.3,6.059,7.751,0.904,2.612,2.903
"2063-11",2.489,3.036,1.723,1.787,1.467,2.716,1.577,6.217,5.094,7.213,8.175,2.093,6.883,0.603,2.525,2.228,2.262,1.684,1.492,2.719,0.032,1.303,5.536,1.172,5.794,0.92,1.334,0.815,1.579,1.051,1.203,1.997,1.52,0.355,0.806,0.938,0.263,0.158,5.128,0.244,0.013,0.805,0.471,3.104,0.637,1.058,1.382,4.95,3.563,2.768,3.354,3.782,1.875,0.418,1.579,12.698,0.664,2.543,2.843
"2063-12",1.92,1.836,1.532,4.688,1.809,3.032,1.884,2.696,1.843,6.655,5.749,7.918,9.659,0.846,4.507,2.655,3.837,2.867,1.506,1.4,0.016,0.157,4.06,0.569,4.413,2.221,3.042,3.545,1.161,1.185,0.525,2.503,1.365,0.595,0.582,1.836,0.113,0.069,9.454,4.903,0.579,0.415,1.552,3.895,0.47,0.815,1.117,3.971,3.199,2.924,3.421,4.597,1.998,0.898,3.251,7.523,1.624,2.231,2.9
"2064-01",1.213,1.705,1.221,4.671,1.821,3.426,1.58,0.65,0.78,4.577,3.037,9.439,11.577,1.019,4.217,3.217,2.955,3.136,1.759,1.988,0.024,0.053,3.026,0.108,4.261,2.958,7.405,9.756,0.88,0.763,0.527,1.942,0.813,0.322,0.935,2.133,0.207,0.145,6.689,5.597,0.67,0.569,0.264,3.306,0.789,0.79,0.922,3.602,4.409,3.311,3.198,3.34,2.084,0.455,0.417,7.697,3.194,2.405,2.916
"2064-02",1.939,1.762,0.873,4.638,2.035,4.321,0.793,0.775,1.021,7.234,2.747,6.849,10.234,0.837,4.342,2.397,3.51,2.437,1.979,0.824,0.008,0.06,3.465,0.156,3.498,5.131,6.277,5.891,0.663,1.572,0.69,1.784,0.994,0.367,0.435,1.244,0.005,0.125,6.481,14.339,2.2,2.666,1.317,3.238,1.064,1.211,0.788,3.073,3.926,4.306,3.001,3.623,3.005,0.24,0.188,5.395,2.544,2.556,2.998
"2064-03",1.327,1.678,1.067,3.457,3.321,3.673,0.777,0.798,1.068,8.29,4.117,5.971,8.068,0.549,3.78,2.024,2.421,3.535,2.514,0.95,0.015,0.287,3.38,0.455,3.701,3.489,4.828,6.44,0.999,2.459,1.276,1.49,1.079,0.786,1.677,1.686,0.243,0.222,4.186,5.934,1.46,1.557,0.948,3.737,1.218,1.926,0.621,2.764,5.944,4.193,2.935,2.762,2.824,0.101,0.066,4.757,2.825,2.809,2.908
"2064-04",1.552,1.948,1.88,2.755,3.009,4.567,0.459,1.76,1.412,8.206,5.531,4.987,4.439,2.165,1.913,2.856,1.964,2.266,1.671,1.24,0.042,2.469,5.985,2.352,5.069,1.181,1.747,5.082,1.179,1.375,1.795,2.604,1.721,0.673,2.414,3.877,0.348,1.486,3.815,2.65,0.221,0.456,1.233,2.601,1.284,2.301,0.619,2.698,4.581,3.739,1.706,8.107,3.582,1.229,0.559,4.954,3.891,3.091,2.944
"2064-05",1.039,1.993,1.569,2.049,2.975,4.743,0.888,4.416,1.295,6.074,6.622,2.093,2.411,2.92,2.661,3.192,1.776,2.893,1.645,0.65,0.025,2.763,4.208,2.256,1.761,0.636,0.331,1.147,1.275,2.242,2.696,2.857,1.018,1.361,3.085,4.807,0.037,1.234,5.44,0.526,0.037,0.158,1.303,2.516,0.987,2.029,0.764,3.565,4.703,3.451,1.625,7.659,2.364,3.501,3.86,11.795,1.879,3.146,2.998
"2064-06",1.385,2.325,2.007,1.196,2.05,4.115,1.205,10.951,4.212,4.27,5.11,0.661,0.498,3.506,1.807,3.242,1.699,1.705,1.996,0.395,0.021,4.378,2.792,1.438,0.474,0.385,0.524,1.012,2.255,2.312,2.157,3.068,0.298,0.592,4.76,5.62,0.034,6.026,7.958,0.238,0.075,0.787,1.727,2.608,0.879,1.812,0.902,3.506,4.527,3.241,1.501,7.863,1.953,9.569,16.361,5.21,0.722,3.247,2.996
"2064-07",1.417,2.776,2.289,0.286,1.405,4.273,2.976,8.324,1.788,2.615,2.839,0.245,0.406,1.633,1.039,2.744,1.895,0.956,1.935,0.186,0.124,8.332,2.995,2.288,0.369,0.474,0.748,0.796,2.183,1.747,1.813,3.613,0.14,0.125,5.378,6.888,0.036,7.045,7.923,0.207,0.117,0.421,2.351,3.573,0.938,1.854,1.086,4.727,4.567,3.106,1.94,4.147,2.011,4.958,17.24,3.492,0.796,3.104,2.995
"2064-08",2.372,2.552,2.448,0.378,1.414,3.244,3.185,8.242,2.909,3.849,2.837,0.092,0.541,3.193,0.98,3.159,2.249,0.953,0.716,0.108,0.411,9.488,5.122,3.655,0.552,0.528,0.434,0.711,2.002,1.213,1.919,4.631,0.112,0.335,5.649,4.116,0.464,5.971,6.763,0.143,0.089,0.146,2.083,3.002,1.114,0.97,1.195,5.725,4.42,2.655,2.366,1.975,1.721,2.227,10.464,3.853,0.81,2.904,2.923
"2064-09",2.948,2.421,2.874,0.378,1.483,4.466,3.421,8.702,4.479,5.235,1.897,0.252,0.879,1.839,2.237,2.631,2.376,0.898,2.223,0.51,0.234,8.185,6.06,2.173,0.975,0.258,0.643,1.388,1.984,1.264,1.713,2.58,0.126,0.365,4.361,4.365,0.155,5.193,6.308,0.075,0.009,0.069,1.236,3.11,0.884,1.245,1.369,5.68,4.829,2.304,2.964,1.355,2.058,1,6.42,3.657,0.676,2.875,2.886
"2064-10",1.887,2.398,1.997,2.994,1.845,2.847,1.909,7.88,5.674,6.911,4.798,1.992,4.695,1.814,3.487,2.751,3.506,1.931,1.483,1.092,0.051,2.309,5.897,3.053,3.23,0.48,0.613,0.639,1.927,1.288,1.554,2.613,0.548,0.274,1.247,2.556,0.229,1.902,4.1,0.149,0.02,0.17,0.862,2.293,0.699,1.759,1.641,5.48,4.883,2.326,3.753,3.015,1.715,2.094,4.064,7.935,0.615,2.478,2.85
"2064-11",2.396,2.637,2.236,5.018,1.176,3.074,0.68,5.16,5.835,7.78,6.389,1.348,5.145,1.365,3.957,2.465,3.378,4.5,2.259,1.757,0.013,0.792,5.185,1.317,4.283,1.848,2.724,2.259,1.468,0.783,1.078,2.053,1.21,0.366,1.565,1.48,0.019,0.775,4.811,0.267,0.026,0.307,0.703,1.966,0.584,1.145,1.124,4.896,4.744,2.42,2.947,3.913,1.91,4.218,5.338,10.792,1.344,2.64,2.914
"2064-12",1.631,1.851,1.366,6.519,1.816,3.408,0.983,2.021,2.221,7.251,4.763,5.017,8.091,1.406,4.555,2.769,2.781,4.542,2.149,2.568,0.009,0.099,3.621,0.086,4.455,2.108,5.823,4.114,1.153,0.93,0.802,1.68,0.538,0.358,1.165,1.141,0.028,0.961,6.658,1.059,0.053,0.107,0.879,2.181,0.501,1.129,1.113,3.365,7.798,2.704,2.831,3.205,1.998,1.693,3.162,9.545,1.785,2.476,2.936
"2065-01",1.219,1.995,1.164,4.405,1.846,3.687,2.637,0.719,1.172,7.71,3.595,6.374,12.042,1.193,5.464,2.814,2.11,3.424,1.825,2.738,0.006,0.031,2.627,0.01,3.678,3.397,7.069,9.932,0.663,1.305,0.742,1.692,0.851,0.232,0.711,1.467,0.004,0.185,6.995,6.027,0.088,0.769,0.684,2.656,0.714,1.286,0.742,2.879,6.488,2.937,3.198,2.938,1.972,0.16,0.263,8.306,3.364,2.523,2.964
"2065-02",1.328,1.248,1.115,4.223,2.131,4.374,1.326,0.407,0.517,7.697,2.16,7.378,10.667,0.871,4.979,1.985,2.519,2.465,1.788,2.322,0.025,0.063,2.815,0.03,3.348,3.614,6.145,7.885,0.612,1.096,0.563,1.424,1.343,0.492,0.868,2.116,0.003,0.052,6.32,11.418,1.693,3.278,0.529,2.566,0.931,1.516,0.874,2.55,6.339,3.604,2.736,2.775,2.839,0.03,0.06,5.335,2.5,2.605,2.93
"2065-03",1.583,1.896,1.525,3.524,1.116,3.088,0.652,0.603,2.146,10.175,5.262,8.789,10.444,1.135,3.036,2.846,2.02,2.394,1.903,2.159,0.132,0.689,3.881,0.411,3.027,2.166,3.193,4.549,0.826,1.42,0.989,1.542,2.159,0.623,1.35,2.51,0.033,0.339,3.55,3.184,0.348,0.548,0.969,2.259,1.233,1.381,0.901,2.181,7.275,4.125,2.889,4.696,2.493,0.073,0.21,3.505,4.532,2.91,2.954
"2065-04",1.411,1.945,1.595,2.064,3.28,2.824,0.59,1.128,0.632,6.228,3.388,5.498,4.551,0.824,4.297,1.735,2.315,1.524,1.98,0.866,0.025,1.757,5.133,1.05,2.78,1.696,0.78,1.274,1.099,0.921,1.657,1.688,2.569,1.965,2.714,4.655,0.084,0.318,4.211,2.517,0.766,1.254,1.456,1.772,1.07,2.163,1.063,2.509,6.893,3.562,2.049,7.525,2.597,0.221,0.196,5.565,3.68,3.167,2.91
"2065-05",1.48,1.961,1.885,1.927,2.47,3.358,0.403,3.826,3.247,7.999,7.451,1.931,2.651,2.255,2.975,2.332,2.593,2.261,1.928,0.488,0.038,3.237,3.287,1.396,1.429,0.238,0.287,0.601,1.6,2.11,1.988,3.075,1.174,1.088,3.57,3.757,0.195,0.869,4.984,0.744,0.777,1.131,3.299,2.173,1.19,2.044,0.733,2.895,6.203,3.368,1.737,6.914,2.521,2.338,3.683,9.015,2.042,3.278,2.955
"2065-06",1.256,2.127,1.908,0.941,2.491,4.411,0.949,6.758,6.144,4.595,4.264,0.303,0.512,0.615,1.907,1.805,1.881,2.548,2.11,0.94,0.04,5.973,2.406,1.331,0.34,0.397,0.372,0.548,1.631,2.145,2.489,2.671,0.599,0.835,5.356,5.808,0.033,3.573,7.028,0.395,0.094,0.594,1.857,2.763,0.958,1.605,1.341,3.529,6.511,3.004,1.883,5.689,2.223,6.125,14.528,6.119,1.187,3.477,3.029
"2065-07",1.69,2.322,2.051,0.486,1.656,4.21,2.335,7.833,1.923,3.123,3.22,0.256,0.465,3.164,2.285,2.505,2.56,1.586,1.545,0.153,0.102,8.055,3.714,2.334,0.371,0.293,0.278,0.534,2.615,1.19,2.346,2.927,0.147,0.421,6.302,5.881,0.037,7.001,6.866,0.188,0.04,0.186,2.112,3.047,1.132,1.678,1.276,5.195,6.004,3.023,1.89,2.923,2.09,3.138,13.112,3.937,0.81,3.129,3.058
"2065-08",2.35,2.701,2.382,0.42,1.734,3.471,3.117,7.44,4.07,3.767,2.073,0.156,0.609,2.531,2.264,2.17,1.849,1.641,0.805,0.165,0.152,7.948,3.797,2.426,0.396,0.167,0.491,0.562,1.945,1.433,2.952,2.816,0.049,0.289,5.041,4.189,0.294,5.971,6.112,0.114,0.085,0.219,1.805,2.998,0.799,1.754,1.701,5.694,5.936,2.228,2.577,1.895,2.194,2.549,10.69,3.946,0.733,2.925,2.922
"2065-09",2.22,2.234,2.565,0.157,0.602,3.852,3.184,9.61,4.351,4.939,1.915,0.13,0.857,1.253,2.526,1.82,3.028,2.309,1.769,0.328,0.11,6.318,6.024,2.212,1.083,0.356,0.671,0.38,1.895,1.378,1.906,2.551,0.105,0.266,4.523,3.213,0.206,5.48,5.112,0.119,0.026,1.627,0.826,2.231,0.72,1.466,1.842,5.65,5.623,2.121,3.23,1.659,1.953,0.851,8.948,5.783,0.535,2.911,2.877
"2065-10",1.501,2.763,2.072,1.982,1.679,3.643,1.009,7.955,5.335,5.759,2.278,0.243,2.58,2.13,4.271,2.552,3.914,1.604,2.133,1.032,0.032,4.189,5.397,2.362,2.459,0.394,0.266,0.339,1.762,1.571,1.826,3.009,1.109,0.324,1.219,2.008,0.152,1.815,5.159,0.125,0.017,0.14,0.73,2.21,0.646,0.958,1.643,5.007,6.415,2.229,3.977,2.057,1.762,3.335,6.19,8.291,0.552,2.836,2.906
"2065-11",2.424,3.109,1.799,1.661,3.872,4.774,2.053,4.74,3.879,6.688,3.744,1.189,4.349,0.819,3.563,2.398,3.664,2.989,2.569,1.323,0.009,0.746,5.418,1.696,5.554,1.027,2.68,2.78,1.186,2.437,1.199,2.598,1.516,0.812,1.575,2.575,0.144,0.412,4.558,0.293,0.041,0.623,0.424,1.586,0.718,0.971,1.207,4.97,5.713,2.438,3.17,2.756,1.928,4.191,3.574,8.765,1.185,2.665,2.905
"2065-12",1.681,2.354,1.378,1.485,0.948,2.926,0.947,1.846,1.292,5.12,2.651,4.306,5.988,0.917,3.817,2.272,3.721,4.074,0.823,2.281,0.014,0.183,3.891,0.181,3.53,3.099,3.452,4.409,1.06,0.92,0.509,1.695,1.108,0.576,1.472,1.948,0.033,0.624,5.801,1.539,0.07,0.715,0.645,1.506,0.503,1.219,1.027,3.468,9.191,2.617,3.59,3.065,2.494,1.298,3.983,8.73,1.664,2.456,2.917
"2066-01",1.833,1.851,1.084,5.327,1.734,3.781,1.795,1.154,1.832,4.712,2.563,11.195,10.648,0.732,3.86,2.508,2.544,2.312,1.248,2.183,0.066,0.037,2.558,0.052,4.092,1.711,4.802,9.274,0.845,1.751,0.667,2.124,1.877,0.6,1.055,3.246,0.076,0.103,5.639,6.369,0.396,0.673,0.757,2.224,0.61,1.34,0.943,2.616,7.569,3.324,2.986,3.051,2.363,0.18,0.044,6.211,3.81,2.432,2.973
"2066-02",1.118,1.248,1.389,6.282,1.83,4.279,1.074,0.503,0.842,7.128,1.849,8.308,9.315,1.032,4.888,2.644,3.715,3.692,1.953,1.245,0.004,0.005,2.446,0.119,4.265,3.503,4.025,6.349,0.539,1.654,0.897,2.04,0.801,0.375,0.559,2.138,0.014,0.048,6.443,7.95,1.03,0.988,1.012,2.206,0.922,1.243,0.615,2.368,6.548,3.465,2.54,2.957,3.3,0.133,0.137,6.091,3.387,2.569,2.912
"2066-03",1.826,1.918,1.123,4.024,2.025,3.447,0.703,0.923,0.796,8.6,2.995,6.45,8.303,0.97,4.661,2.305,2.636,2.229,1.687,1.144,0.009,0.215,3.232,0.175,3.824,3.841,3.373,3.017,0.767,1.246,1.053,1.572,0.777,0.944,1.121,2.798,0.001,0.36,5.166,5.163,0.659,0.353,0.833,2.306,1.357,1.933,0.91,2.126,7.269,4.352,2.355,3.894,2.679,0.037,0.2,3.216,4.443,2.801,2.934
"2066-04",1.902,1.677,1.582,2.991,2.197,3.304,0.289,2.216,1.155,8.298,4.955,5.848,6.917,0.571,4.141,2.476,1.14,2.436,2.583,1.103,0.014,1.085,4.058,1.282,4.447,1.086,1.79,4.973,1.122,1.631,1.916,1.603,1.495,0.99,2.083,3.033,0.375,0.665,5.356,3.256,0.119,1.826,0.845,2.996,1.16,1.82,0.652,2.137,7.489,3.511,1.84,5.952,2.515,0.35,0.591,4.503,3.098,3.21,2.902
"2066-05",1.434,2.246,1.763,1.331,2.106,3.571,0.225,5.424,3.972,7.194,5.648,3.113,2.723,1.958,2.945,3.184,2.062,2.715,1.845,0.829,0.014,1.715,2.393,1.353,2.224,0.188,0.503,1.799,1.222,2.513,2.534,2.55,0.82,0.805,2.199,3.778,0.01,0.626,8.189,0.663,0.016,0.301,1.061,3.264,1.003,2.021,0.875,2.993,5.545,3.574,1.755,7.377,2.63,1.289,6.88,8.925,2.062,3.257,3.013
"2066-06",0.841,2.292,2.421,0.824,3.5,4.203,2.836,9.904,2.557,3.832,5.366,0.766,0.956,1.686,1.221,2.724,2.236,2.605,3.041,0.282,0.02,4.008,2.401,0.965,0.614,0.421,0.309,0.4,2.05,1.972,2.872,2.656,0.249,0.623,4.879,6.069,0.004,4.33,9.544,0.163,0.044,0.56,1.127,3.424,1.052,1.424,1.009,3.874,4.136,3.36,1.243,6.692,2.06,4.306,10.668,5.07,1.061,3.4,2.995
"2066-07",1.314,2.556,2.933,0.345,1.266,3.536,2.246,7.314,2.289,3.374,3.457,0.338,0.459,2.31,1.09,2.481,2.244,1.292,2.17,0.059,0.108,6.984,2.776,3.658,0.409,0.398,0.384,1.836,2.302,1.865,3.138,3.368,0.103,0.846,7.622,6.286,0.397,7.605,8.443,0.065,0.25,0.607,2.785,3.451,0.901,1.906,1.295,4.777,3.193,3.201,1.643,3.891,1.684,7.237,12.755,5.802,0.96,3.102,3.002
"2066-08",1.686,2.478,2.176,0.436,1.966,3.787,3.013,7.339,2.83,4.84,3.069,0.152,0.751,2.408,2.776,3.132,2.725,1.36,1.2,0.036,0.407,8.385,4.645,3.682,0.467,0.343,0.148,0.343,2.384,1.046,1.848,3.635,0.088,0.532,5.466,5.927,0.542,5.442,7.069,0.069,0.131,1.901,1.67,3.493,0.896,1.7,1.701,5.791,2.913,2.705,2.253,1.76,1.805,3.686,11.018,5.679,0.577,3.002,2.931
"2066-09",2.455,2.728,2.452,0.703,2.881,4.358,3.207,7.993,4.126,4.606,2.249,0.129,1.471,0.905,3.619,2.245,2.048,1.298,1.133,0.407,0.183,6.362,4.64,2.666,0.982,0.286,0.253,0.235,2.331,1.635,1.47,3.115,0.175,0.507,3.56,3.72,0.147,5.444,6.643,0.13,0.011,0.066,1.611,2.866,0.959,1.104,1.652,6.566,3.377,2.327,3.162,1.744,2.412,3.054,10.413,3.718,0.53,2.844,2.917
"2066-10",1.858,2.496,2.195,1.257,1.574,5.084,2.72,9.588,6.183,6.892,5.178,1.761,4.065,1.164,4.225,2.675,3.822,1.117,1.024,1.322,0.052,3.395,5.853,3.407,3.71,0.774,0.69,0.431,1.607,2.248,1.825,3.166,0.571,0.399,1.689,2.113,0.28,2.493,5.223,0.197,0.01,0.43,0.694,2.124,0.862,1.462,1.609,5.35,2.954,2.354,3.622,2.463,1.734,1.572,4.186,8.831,0.645,2.673,2.852
"2066-11",2.127,2.773,2.397,3.464,1.296,3.414,0.936,4.468,2.545,7.281,4.525,1.046,4.985,1.229,4.647,1.976,2.425,2.562,3.046,2.358,0.045,1.064,4.823,1.523,3.345,1.464,2.95,1.224,1.163,1.817,0.983,2.313,1.15,0.52,0.503,1.461,0.045,1.236,6.625,0.596,0.073,0.873,1.034,2.107,0.783,1.469,0.994,4.822,3.727,2.57,3.16,3.871,1.699,2.536,9.89,11.09,1.333,2.381,2.859
"2066-12",2.241,2.953,1.674,2.964,2.306,4.765,1.569,2.529,1.769,7.512,5.9,4.259,8.239,0.623,4.799,2.018,3.288,1.61,1.65,1.14,0.006,0.095,3.515,0.22,6.413,1.944,4.814,6.128,0.979,1.894,0.706,1.544,0.888,0.461,0.668,2.042,0.005,0.238,7.865,2.684,0.195,1.562,0.699,2.506,0.687,1.218,1.049,4.055,6.131,2.774,2.828,3.924,1.964,0.392,1.283,7.33,2.087,2.393,2.957
"2067-01",2.458,1.412,1.401,3.874,1.65,4.519,0.865,0.589,0.577,5.599,3.768,8.655,11.925,0.517,4.931,1.411,3.28,1.998,1.269,1.62,0.037,0.034,2.994,0.014,3.239,3.768,6.176,5.784,0.899,1.205,0.621,1.76,1.413,0.662,0.991,1.942,0.022,0.08,7.819,8.315,0.359,0.577,0.818,2.742,0.91,1.152,0.955,3.003,5.388,3.525,2.533,3.05,1.718,0.392,0.996,7.482,2.526,2.425,2.911
"2067-02",2.023,1.961,1.311,2.331,1.614,3.772,2.585,1.364,0.906,5.332,4.593,8.135,12.406,0.606,4.602,2.518,3.685,2.032,1.652,0.897,0.011,0.013,2.466,0.11,3.012,4.878,6.036,7.97,0.756,1.21,0.498,1.526,0.677,0.635,0.542,2.499,0.013,0.046,5.249,9.026,1.199,1.448,0.444,1.898,1.09,1.549,0.985,2.515,6.499,4.286,2.235,3.165,2.762,0.062,0.11,4.812,2.62,2.592,2.947
"2067-03",1.643,1.585,1.245,1.966,2.085,3.835,0.763,0.706,0.827,8.829,3.477,7.897,9.689,0.816,3.586,2.443,1.858,2.981,1.469,1.942,0.032,0.466,3.173,0.462,3.992,3.243,5.847,6.749,0.548,1.485,1.285,1.908,1.574,0.746,1.224,2.548,0.025,0.125,4.478,8.549,0.591,1.725,1.019,2.123,1.086,1.44,0.702,2.496,6.105,4.318,2.579,4.114,2.431,0.06,0.03,3.689,3.152,2.941,2.933
"2067-04",1.225,2.013,1.181,1.516,2.272,3.155,0.108,2.026,0.98,8.296,4.226,5.862,5.799,1.229,3.25,2.599,2.499,3.131,0.879,1.596,0.011,1.952,4.557,1.115,3.928,0.69,1.63,3.84,1.212,1.877,1.907,2.176,1.355,1.455,1.425,4.196,0.012,0.149,4.37,3.968,0.063,0.366,0.765,2.467,1.124,1.689,0.789,2.688,5.401,3.859,2.028,7.422,2.66,0.126,0.523,6.152,4.375,3.095,2.939
"2067-05",1.044,1.439,1.651,2.295,2.223,3.644,0.18,3.887,0.945,6.513,5.056,2.299,2.861,2.87,2.698,2.856,1.493,3.219,2.144,0.648,0.016,2.241,3.541,1.267,1.443,0.43,0.654,2.034,1.229,1.797,2.716,2.535,0.333,0.502,1.845,5.032,0.007,0.967,7.614,0.411,0.071,0.977,2.349,3.908,1.322,1.746,0.928,3.365,4.792,3.636,1.61,9.177,1.836,1.968,6.397,8.425,2.094,3.221,2.978
"2067-06",1.584,2.319,2.759,1.877,2.275,3.587,1.434,6.768,0.753,4.483,5.369,0.637,1.075,1.685,3.105,2.472,1.789,2.293,2.461,0.272,0.015,3.718,2.556,1.426,0.615,0.524,0.886,1.924,1.241,2.649,2.989,2.929,0.193,0.61,4.302,6.093,0.017,4.602,9.3,0.18,0.387,0.49,2.36,2.482,1.142,2.162,0.998,4.023,4.364,3.359,1.538,6.574,2.025,3.034,11.804,3.242,1.181,3.216,2.974
"2067-07",1.798,2.678,2.149,0.464,1.283,4.433,1.678,6.584,2.136,3.823,3.195,0.392,1.358,1.592,2.903,2.623,1.769,1.503,1.815,0.083,0.101,6.853,3.111,2.977,0.55,0.421,0.367,0.979,1.545,2.18,3.291,3.877,0.126,0.169,5.034,5.901,0.613,6.361,8.238,0.088,0.129,0.327,2.376,3.133,1.031,1.322,1.452,4.906,3.337,3.402,1.639,4.239,1.641,6.221,12.472,5.45,0.608,3.199,2.988
"2067-08",1.804,2.5,2.669,0.288,0.605,3.67,3.69,8.18,2.76,4.526,3.64,0.319,0.852,2.523,2.018,2.774,2.287,1.102,1.471,0.084,1.018,7.359,4.512,5.444,0.789,0.631,0.292,0.325,1.905,1.702,2.444,4.143,0.134,0.658,5.929,6.322,2.006,7.695,7.402,0.029,0.035,0.302,2.716,4.431,0.767,1.665,1.22,5.015,2.908,2.634,2.058,2.406,1.708,6.274,10.967,4.261,0.625,3.156,2.941
"2067-09",2.64,2.853,2.711,0.974,2.669,3.346,4.566,10.6,6.729,4.844,2.88,0.159,1.016,2.165,1.898,2.607,2.78,1.005,0.904,0.169,0.359,8.056,6.174,2.999,0.813,0.135,0.581,0.468,2.271,1.551,1.969,3.959,0.193,0.274,3.449,3.797,0.308,5.372,7.677,0.078,0.03,0.824,1.171,2.609,1.026,1.281,1.512,5.376,2.503,2.622,3.16,1.638,1.862,5.126,8.882,5.895,0.492,2.643,2.905
"2067-10",2.787,2.749,2.095,1.012,2.596,3.703,3.021,8.913,7.106,5.259,2.718,0.706,3.34,1.373,3.445,2.782,2.849,3.117,2.317,1.376,0.029,4.417,6.305,3.197,2.127,0.412,0.718,0.498,1.362,2.169,1.718,2.825,0.348,0.371,1.058,1.674,0.209,3.087,8.356,0.081,0.012,0.051,1.244,2.769,0.63,1.373,0.983,5.141,3.381,2.58,3.336,2.036,1.686,4.502,10.952,6.621,0.638,2.66,2.889
"2067-11",1.901,3.412,1.833,1.815,1.351,3.396,2.55,4.591,2.763,7.769,3.256,1.265,5.96,1.045,5.39,2.611,2.65,4.12,2.193,1.663,0.013,1.009,5.795,1.436,5.119,1.693,3.052,2.875,1.141,1.652,1.027,2.206,0.433,0.461,1.168,1.118,0.015,1.052,4.487,0.365,0.017,0.125,0.352,2.278,0.751,0.965,1.107,5.619,4.265,2.751,3.301,2.879,1.919,3.894,3.049,10.311,1.008,2.63,2.907
"2067-12",2.164,2.964,1.884,3.855,0.351,1.933,0.516,2.853,2.634,7.455,4.542,3.489,5.694,1.05,4.518,2.814,2.6,4.064,2.631,1.593,0.025,0.136,3.51,0.085,4.22,2.056,5.067,3.009,0.952,1.688,0.809,2.002,0.595,0.413,1.024,1.314,0.012,0.348,7.233,2.321,0.46,0.484,0.741,2.73,0.668,1.026,0.863,4.085,5.007,2.969,3.034,3.723,1.578,1.295,0.562,12.128,2.037,2.316,2.888
"2068-01",1.782,2.114,1.112,2.247,1.397,2.749,1.087,1.069,1.589,4.917,4.215,6.982,11.597,0.887,4.148,2.915,3.675,3.487,2.258,1.085,0.004,0.034,2.615,0.012,3.791,3.321,7.276,5.824,0.652,1.529,0.532,1.708,0.687,0.439,0.856,1.267,0.009,0.112,7.943,8.087,2.246,0.822,1.161,2.095,0.564,1.338,0.765,3.297,5.636,3.56,2.748,3.526,1.931,0.221,0.269,7.211,2.203,2.518,2.938
"2068-02",1.791,1.689,1.088,4.554,1.676,3.149,3.276,0.548,0.99,7.629,2.672,8.196,10.152,0.854,4.787,2.575,2.545,3.383,2.307,2.006,0.01,0.034,2.943,0.008,2.455,3.86,4.967,8.319,0.794,0.964,0.7,1.498,0.661,0.4,2.18,1.492,0.002,0.293,5.365,10.336,0.414,1.024,0.964,2.046,0.874,1.121,0.8,2.532,6.222,4.287,2.697,2.719,2.792,0.106,0.174,5.704,3.526,2.693,2.985
"2068-03",1.9,1.737,1.405,3.205,1.356,3.647,0.262,0.583,0.584,8.674,3.511,7.571,9.872,0.697,2.973,2.005,1.993,2.835,2.091,1.548,0.006,0.437,3.308,0.328,4.107,3.108,4.334,7.238,0.837,1.665,1.149,1.758,0.865,0.804,1.589,1.646,0.218,0.175,4.274,6.988,0.354,3.322,0.795,2.34,1.225,1.592,0.631,2.226,7.225,4.389,2.397,3.775,3.018,0.087,0.163,4.043,3.523,2.934,2.952
"2068-04",1.033,1.878,1.595,1.837,1.522,4.785,0.227,2.327,0.89,8.506,5.693,6.566,5.305,1.045,1.712,2.206,2.159,2.981,2.047,0.801,0.018,1.101,4.139,1.116,3.76,1.688,2.182,2.53,1.155,1.805,1.688,2.095,0.472,0.925,2.575,3.003,0.026,0.403,3.818,2.365,0.034,0.527,0.65,2.278,1.202,1.456,0.818,2.486,6.431,3.635,2.009,6.644,2.655,0.094,0.219,6.284,3.965,3.16,2.873
"2068-05",1.44,1.412,2.212,1.658,2.217,3.309,1.095,4.653,1.973,6.561,5.807,2.204,1.228,1.675,1.341,2.898,1.698,2.92,1.264,0.722,0.05,3.766,5.054,2.096,2.252,0.49,1.029,0.958,1.621,2.21,2.644,1.877,0.385,0.942,2.416,3.029,0.103,1.932,5.664,0.881,0.204,1.257,1.668,3.236,1.155,1.469,0.855,3.083,5.478,3.512,1.383,9.057,2.145,5.316,4.758,7.954,2.264,3.339,2.942
"2068-06",1.146,2.361,1.68,0.892,3.006,3.786,1.769,9.51,1.443,5.304,4.864,0.756,1.59,1.932,3.576,3.223,2.777,3.141,0.928,0.289,0.026,3.127,1.973,1.218,0.52,0.304,0.221,0.7,1.835,1.771,2.646,1.865,0.286,0.939,4.151,4.929,0.116,6.416,7.623,0.136,0.877,0.324,3.159,3.939,1.13,1.586,1.05,4.032,4.753,3.075,1.588,6.244,2.018,7.146,17.251,5.88,0.93,3.048,2.988
"2068-07",1.56,2.766,2.214,0.25,1.043,4.152,1.904,5.816,1.25,3.759,3.399,0.289,0.466,2.995,1.847,2.819,1.91,1.319,1.269,0.082,0.124,7.258,3.086,3.029,0.435,0.454,0.44,0.87,2.552,1.127,3.418,2.478,0.055,0.517,7.05,6.4,0.225,5.582,7.832,0.055,0.074,0.178,3.089,3.779,1.076,1.585,1.57,4.519,4.805,3.181,1.53,4.182,2.073,4.274,10.764,4.003,0.865,2.954,2.948
"2068-08",2.151,2.067,2.726,0.571,0.84,3.702,3.786,8.238,3.938,5.048,3.283,0.198,0.809,1.867,2.503,2.226,1.829,1.576,0.685,0.201,0.407,7.393,4.9,3.579,0.389,0.255,0.465,0.3,2.518,0.912,2.997,3.289,0.223,0.625,4.752,5.243,0.647,7.196,6.826,0.144,0.048,0.281,2.522,4.028,1.185,1.427,1.534,6.066,2.81,2.803,2.066,2.26,1.501,4.012,12.31,4.44,0.82,2.877,2.947
"2068-09",2.499,2.613,2.64,0.613,1.289,3.236,3.346,9.182,3.627,5.471,2.852,0.151,1.143,2.656,2.026,2.43,2.915,0.97,1.447,0.178,0.159,7.202,5.62,2.112,1.092,0.177,0.293,0.373,2.057,0.838,1.951,3.05,0.238,0.588,2.968,4.917,0.112,5.091,6.349,0.153,0.017,0.082,1.41,2.402,0.809,1.665,1.599,5.745,3.262,2.443,3.106,2.273,2.092,2.701,10.346,5.011,0.573,2.794,2.859
"2068-10",2.712,3.285,2.245,1.122,1.455,2.607,0.886,6.857,5.168,6.788,4.859,1.289,5.103,0.821,2.205,2.383,2.843,1.411,1.59,1.539,0.044,2.53,5.363,2.566,4.226,0.374,0.849,2.336,1.987,1.317,1.563,2.528,0.667,0.411,2.474,1.301,0.102,3.394,4.085,0.059,0.014,0.258,1.003,2.295,1.013,1.172,1.611,5.709,4.701,2.591,3.304,2.258,1.675,1.541,7.06,5.7,1.145,2.739,2.84
"2068-11",1.849,3.03,1.325,2.458,2.296,3.562,1.451,3.136,3.937,7.612,6.589,2.153,7.137,1.042,3.85,2.164,3.976,1.359,1.672,1.476,0.034,0.73,5.506,1.665,7.086,0.799,3.138,2.915,1.376,1.894,0.968,1.982,2.11,0.724,1.796,1.749,0.183,0.303,4.387,0.308,0.013,0.24,0.762,2.596,0.797,0.9,1.086,4.745,4.477,2.66,3.467,3.471,1.709,1.427,4.06,9.309,1.192,2.548,2.838
"2068-12",1.667,3.082,1.823,1.83,0.886,3.187,0.951,1.573,1.041,5.813,4.117,5.399,10.304,0.96,4.761,2.375,3.236,3.565,1.792,1.747,0.026,0.068,2.54,0.564,6.727,1.323,5.498,6.023,1.058,1.546,0.925,1.981,1.539,0.381,0.59,2.05,0.05,0.112,8.948,3.591,0.167,1.398,1.255,2.525,0.648,0.574,0.958,4.083,4.679,2.489,3.097,3.345,2.11,0.512,1.29,11.913,2.143,2.471,2.965
"2069-01",1.836,1.91,1.148,1.782,1.437,4.377,1.385,0.91,1.37,4.69,2.699,9.349,13.177,0.84,4.04,2.267,3.473,3.963,1.129,1.679,0.004,0.015,2.708,0.016,3.878,1.961,4.092,10.91,0.998,1.056,0.521,1.696,1.238,0.373,0.648,1.845,0.003,0.062,6.293,5.57,0.15,0.608,0.769,2.336,0.882,0.895,0.844,3.426,6.243,3.139,2.887,2.372,1.837,0.457,0.372,7.042,2.983,2.528,2.882
"2069-02",1.418,1.938,1.26,2.841,2.083,3.643,1.824,1.277,1.85,7.834,2.746,6.947,10.151,1.255,4.844,3.329,2.652,3.835,1.555,2.049,0.008,0.025,3.024,0.018,3.638,3.173,4.5,6.703,0.682,1.238,0.686,1.962,1.068,0.553,0.649,2.883,0.019,0.073,4.29,5.612,0.388,0.959,0.809,2.204,0.977,1.413,0.805,2.865,6.231,4,2.72,2.13,2.447,0.058,0.087,5.417,4.5,2.799,2.946
"2069-03",1.795,2.045,1.223,3.268,1.799,3.323,1.012,1.052,0.808,9.171,3.247,7.952,10.223,0.828,5.046,2.667,2.442,2.615,1.357,1.179,0.005,0.349,3.069,0.31,3.691,1.926,2.721,7.159,0.869,0.999,1.012,1.377,1.139,1.235,1.916,2.911,0.027,0.087,4.857,8.802,0.521,0.967,0.57,2.407,1.097,1.927,1.054,2.658,6.157,3.856,2.591,3.797,2.594,0.053,0.103,3.759,3.444,2.826,2.906
"2069-04",1.484,2.037,1.285,2.906,2.449,3.738,1.285,2.514,0.619,7.84,6.259,5.406,7.315,1.517,4.344,2.87,2.153,2.691,1.887,1.003,0.018,0.84,3.726,1.931,3.845,1.333,1.121,2.25,1.613,0.867,1.903,1.56,1.167,0.294,2.96,4.142,0.183,1.112,3.892,1.388,0.186,1.986,0.763,2.332,1.153,2.689,0.855,2.417,7.787,3.735,1.777,5.668,3.018,0.317,0.813,5.501,2.921,3.123,2.959
"2069-05",2.095,2.16,1.865,0.862,2.027,4.552,0.614,6.225,4.939,7.294,8.866,2.669,1.236,0.991,2.092,2.277,1.775,2.297,1.555,0.831,0.022,2.566,2.949,1.105,1.898,0.276,1.358,1.57,1.512,2.887,2.219,2.239,0.831,1.643,3.566,4.479,0.05,1.619,5.654,1.031,0.437,3.259,2.318,3.038,1.099,2.193,0.764,3.102,5.996,3.28,1.173,7.429,2.402,3.224,7.569,9.559,2.006,3.298,3.039
"2069-06",1.303,2.155,2.22,0.79,0.957,4.339,1.526,11.6,7.281,4.729,4.333,0.433,1.776,1.144,4.128,2.338,2.584,2.784,1.88,0.308,0.016,4.765,2.467,0.924,0.429,0.533,0.771,0.718,2.401,1.932,2.831,2.856,0.447,1.045,3.293,5.905,0.007,3.063,8.474,0.293,0.845,1.348,2.572,2.906,0.905,2.116,1.031,3.53,6.317,2.945,1.578,4.633,2.068,2.499,13.432,4.957,0.815,3.225,3.018
"2069-07",2.076,2.588,2.022,0.228,2.116,5.237,3.127,7.9,2.984,2.155,2.656,0.135,0.129,2.68,0.81,2.767,2.465,1.611,1.239,0.154,0.098,7.137,3.08,2.283,0.349,0.208,0.343,1.087,1.962,1.215,3.684,3.33,0.091,0.653,6.579,6.518,0.071,5.695,8.005,0.232,0.174,0.466,2.074,4.036,1.45,1.097,1.425,5.02,5.708,2.88,2.017,3.132,1.854,3.657,11.866,2.524,1.023,2.968,3.018
"2069-08",2.746,2.433,2.14,0.119,1.177,3.996,2.93,8.871,3.589,4.218,2.675,0.256,0.216,3.439,1.133,2.319,2.131,1.997,1.031,0.12,0.259,8.193,5.01,3.263,0.705,0.286,0.742,0.803,1.993,1.048,2.304,4.513,0.072,0.499,6.468,5.813,0.373,5.127,6.573,0.071,0.093,0.665,1.986,2.84,0.954,1.431,1.36,5.245,4.883,2.639,2.184,1.416,1.638,3.224,8.134,5.318,0.653,2.879,2.917
"2069-09",2.094,3.36,2.856,0.539,0.851,2.727,2.107,7.891,3.292,3.186,1.155,0.058,1.148,1.342,2.449,2.115,3.602,1.901,0.572,0.329,0.309,5.665,5.53,3.038,0.732,0.285,0.349,0.323,2.383,0.545,2.049,3.923,0.16,0.522,4.301,3.61,0.415,5.616,5.867,0.082,0.011,0.168,1.18,2.559,0.89,1.582,1.135,6.682,4.308,2.538,2.77,1.007,1.832,3.419,9.94,4.031,0.583,2.877,2.9
"2069-10",2.44,3.424,2.124,1.406,1.029,2.607,2.143,7.153,4.588,7.024,4.431,0.717,4.479,1.346,3.54,2.332,3.255,1.469,1.339,0.805,0.041,4.522,5.948,2.618,4.702,0.703,1.406,0.392,2.222,1.358,1.647,2.679,0.718,0.73,1.84,1,0.084,1.052,3.568,0.084,0.016,0.172,0.843,2.283,0.931,1.226,1.311,5.287,5.024,2.323,3.901,2.097,1.924,2.277,4.982,9.318,0.809,2.571,2.839
"2069-11",2.542,3.138,2.078,1.899,3.013,4.607,1.589,2.767,2.179,6.951,4.018,0.316,3.948,0.9,4.534,1.834,2.773,2.479,1.638,2.07,0.011,1.222,5.358,0.824,3.794,1.781,2.581,1.692,1.173,2.014,1.09,2.468,1.33,0.647,0.413,2.275,0.162,0.511,7.511,0.248,0.044,0.78,0.854,2.106,0.807,1.543,1.067,4.769,4.399,2.729,3.591,2.896,1.69,3.944,5.502,7.4,1.45,2.491,2.873
"2069-12",2.219,2.385,1.285,2.924,1.303,2.781,1.805,3.118,1.602,7.284,5.037,4.348,7.943,0.933,5.547,2.228,2.385,2.333,2.135,2.07,0.023,0.098,3.331,0.159,5.141,2.425,4.648,4.267,1.018,1.412,0.531,1.438,1.353,0.509,0.26,1.885,0.013,0.06,6.201,1.437,0.122,1.616,0.404,1.535,0.727,1.14,0.832,4.313,6.404,2.811,3.445,3.058,1.881,0.543,1.025,10.631,2.189,2.435,2.954
"2070-01",1.731,2.237,1.631,3.156,1.485,3.097,2.658,1.916,1.466,3.968,2.487,10.517,9.268,0.911,3.641,2.338,2.945,1.897,1.932,1.654,0.121,0.056,3.126,0.387,4.88,2.518,6.372,8.109,0.595,0.949,0.355,1.499,1.811,0.335,2.147,2.086,0.386,0.539,5.103,10.379,1.746,2.77,1.026,2.832,0.847,1.077,0.91,3.216,6.058,3.506,3.271,2.871,2.992,0.119,0.092,4.12,2.271,2.617,2.948
"2070-02",1.776,1.663,1.431,5.941,1.516,4.307,0.594,1.202,1.437,5.699,2.679,7.269,11.204,0.365,5.08,1.782,2.77,2.674,2.037,1.182,0.013,0.004,2.397,0.23,4.873,3.789,7.202,5.32,0.881,1.766,0.619,0.869,1.544,0.401,1.392,3.804,0.205,0.328,4.244,3.787,0.168,2.131,0.607,3.059,0.685,2.018,0.684,2.687,6.899,4.092,2.75,2.978,2.475,0.081,0.033,6.362,3.729,2.691,2.986
"2070-03",2.067,1.457,1.852,4.606,3.057,5.02,0.412,0.698,1.209,8.755,4.358,7.424,10.288,0.765,3.499,2.407,2.563,2.67,1.535,0.929,0.014,0.197,2.764,0.59,3.255,2.091,5.717,5.764,0.598,1.1,1.155,1.955,1.364,0.698,1.646,3.142,0.038,0.213,3.514,3.496,0.036,0.357,0.625,2.193,1.18,2.029,0.723,2.163,7.583,4.133,2.229,3.819,2.7,0.081,0.114,4.442,3.619,3.031,2.933
"2070-04",1.643,1.894,1.635,2.6,3.363,2.859,1.301,1.028,1.155,8.738,8.147,4.942,5.17,1.913,2.663,4.079,2.233,2.862,2.657,0.79,0.017,1.178,3.446,0.813,3.428,0.663,1.017,2.234,0.885,2.152,1.691,2.089,1.159,0.946,2.105,4.83,0.091,0.482,5.206,1.065,0.083,0.825,1.303,2.542,1.234,1.185,0.612,2.19,7.558,3.528,2.003,6.695,2.254,0.125,1.512,5.247,3.848,3.146,2.946
"2070-05",1.204,2.032,1.81,2.151,2.541,2.855,0.558,8.288,4.306,7.632,5.256,1.701,1.112,2.403,2.296,2.801,2.081,2.807,1.849,0.69,0.035,2.906,4.557,1.757,2.208,0.794,0.812,0.895,1.298,2.964,2.755,2.378,0.47,0.654,2.774,4.543,0.042,0.847,4.751,1.002,0.275,1.54,2.212,3.22,1.052,1.674,0.722,2.702,7.32,3.175,2.075,8.369,2.26,0.285,1.276,7.043,2.786,3.447,3.012
"2070-06",1.762,2.46,2.388,0.967,3.612,3.794,1.23,7.987,3.158,3.2,4.279,0.379,0.99,1.093,2.2,1.983,2.419,2.693,2.336,0.249,0.015,4.261,3.751,1.824,0.873,0.435,0.422,0.511,1.708,2.202,2.698,2.398,0.574,1.174,4.015,6.477,0.039,3.276,6.533,0.558,0.648,1.054,2.113,3.64,0.882,1.814,1.103,3.135,6.784,3.002,1.644,5.297,2.124,6.971,13.798,7.143,1.336,3.599,3.043
"2070-07",1.416,2.412,2.387,0.354,2.582,4.607,2.823,8.528,2.745,3.473,3.046,0.144,0.934,2.213,2.416,2.297,1.954,2.004,1.979,0.175,0.084,6.748,3.165,2.388,0.589,0.255,0.234,0.627,1.859,2.498,2.807,4.169,0.124,0.414,7.002,5.678,0.085,6.236,7.225,0.129,0.103,0.678,1.855,3.538,1.208,1.943,1.216,5.018,5.7,2.888,1.742,3.334,1.924,3.345,14.726,2.633,0.801,2.999,3.004
"2070-08",2.438,2.47,2.317,0.502,1.913,3.642,2.221,7.604,3.193,3.053,2.164,0.169,0.21,1.695,1.538,2.444,2.177,1.743,1.404,0.147,0.397,7.828,4.776,4.092,0.556,0.231,0.376,0.444,2.73,1.587,2.43,2.962,0.121,0.447,6.025,5.626,1.042,6.463,5.558,0.057,0.043,0.639,2.663,3.925,1.143,0.928,1.682,5.856,4.876,2.467,2.209,1.595,1.804,6.555,11.58,4.193,1.206,3.087,2.99
"2070-09",2.313,2.589,2.478,0.578,2.947,4.169,2.367,8.707,4.746,4.105,1.438,0.126,0.783,1.508,2.766,2.423,2.879,2.12,1.807,0.21,0.118,6.253,6.016,3.871,1.187,0.33,0.236,0.575,2.192,1.518,2.15,3.2,0.192,0.538,2.678,4.062,0.41,5.263,5.127,0.066,0.015,0.054,1.292,2.708,0.966,1.349,1.812,5.258,5.974,2.338,2.757,1.155,1.775,3.846,8.209,4.128,0.682,2.796,2.869
"2070-10",1.972,2.441,2.42,2.165,1.198,3.63,1.486,7.434,5.244,6.119,2.077,0.368,2.097,1.007,3.377,2.255,3.818,2.389,1.838,1.194,0.13,3.967,6.903,2.885,3.394,0.949,2.096,1.076,1.434,2.675,2.123,3.745,0.066,0.429,1.443,1.42,0.134,2.704,3.76,0.076,0.029,0.294,1.041,3.076,1.06,1.44,1.364,5.602,4.621,2.3,3.327,1.675,1.787,4.26,4.034,8.211,1.135,2.646,2.854
"2070-11",2.447,3.137,1.523,3.469,2.307,3.52,0.895,5.902,3.802,8.958,4.671,1.695,7.167,0.543,4.68,1.894,3.134,2.492,1.416,1.995,0.014,1.517,4.954,2.013,6.405,1.181,2.005,2.496,1.155,1.709,1.138,2.427,0.995,0.476,0.741,3.401,0.018,0.723,6.397,0.272,0.047,0.651,0.554,1.931,0.703,0.957,1.188,4.302,4.081,2.407,3.568,2.298,1.795,4.199,5.253,12.017,0.79,2.585,2.887
"2070-12",2.278,2.188,1.282,3.881,2.17,4.44,1.079,1.705,2.107,5.795,4.074,5.303,9.969,0.916,4.947,2.591,2.835,3.201,1.803,1.643,0.006,0.047,2.9,0.381,5.772,2.183,5.022,5.276,1.064,1.706,0.703,2.008,1.456,0.7,0.328,1.871,0.014,0.176,7.382,3.505,0.239,0.568,0.986,2.062,0.691,1.194,1.223,3.89,6.696,2.954,2.768,3.571,1.822,0.616,4.508,8.961,1.441,2.418,2.974
"2071-01",2.099,1.768,1.557,4.877,0.955,4.051,1.228,0.691,0.876,6.785,4.433,7.034,9.541,0.461,4.891,1.789,2.821,2.493,1.242,1.539,0.041,0.028,1.862,0.041,4.043,2.279,7.282,11.27,0.818,1.446,0.576,1.967,1.345,0.406,0.664,2.609,0.014,0.106,5.073,5.877,0.563,1.224,0.847,1.987,0.768,1.07,0.83,3.106,6.018,3.68,3.032,3.351,1.708,0.905,0.064,8.637,2.892,2.557,2.944
"2071-02",1.583,1.393,0.963,4.464,2.185,4.634,1.707,0.534,1.564,6.954,2.533,5.85,9.412,0.869,4.871,2.757,2.489,3.294,2.076,1.697,0.003,0.042,2.569,0.003,2.681,2.955,4.084,6.76,0.61,1.113,0.644,1.834,0.336,0.342,1.379,1.601,0.001,0.42,6.979,11.353,0.805,2.591,1.233,2.698,1.104,1.267,0.72,2.662,6.694,3.497,2.539,2.539,2.517,0.074,1.425,6.85,3.861,2.744,2.994
"2071-03",1.576,1.416,1.378,4.249,3.168,3.103,0.797,0.589,0.453,7.595,4.847,8.306,11.23,0.657,4.487,2.057,2.244,2.5,1.859,1.714,0.152,0.612,3.995,0.904,3.215,2.532,3.758,6.165,0.736,0.768,0.693,1.358,1.559,0.863,1.866,4.131,0.056,0.303,3.907,3.575,0.411,1.055,0.55,2.292,1.134,1.627,0.86,2.046,6.109,4.425,2.59,3.994,3.047,0.293,0.295,4.631,2.812,2.878,2.888
"2071-04",1.45,1.992,1.492,2.247,2.95,4.552,0.115,1.4,0.849,7.214,4.321,7.83,5.176,0.965,2.185,2.425,1.343,1.356,2.159,1.621,0.013,1.116,4.499,1.067,3.543,1.096,1.603,2.916,1.071,2.656,1.792,2.313,1.376,1.131,0.913,3.318,0.017,0.26,7.075,1.98,0.023,1.23,1.61,3.909,1.51,2.412,0.646,2.317,6.291,3.344,2.123,6.383,3.118,0.038,3.966,5.123,4.022,3.083,2.963
"2071-05",1.699,2.334,1.821,1.488,3.238,4.394,0.224,5.683,2.783,6.383,5.374,2.458,2.032,2.258,2.368,3.069,1.545,3.663,1.669,0.339,0.025,1.901,4.57,1.459,3.678,0.375,0.453,1.335,1.087,2.197,3.264,2.297,0.379,0.865,1.54,4.302,0.019,0.769,5.93,1.68,0.057,0.847,1.516,2.677,0.996,1.797,0.667,2.92,7.591,3.124,1.51,7.93,2.188,0.851,5.298,9.131,1.269,3.458,3.007
"2071-06",1.347,2.531,1.74,1.198,2.777,2.869,1.46,10.679,4.063,4.603,4.42,0.351,1.548,2.203,2.372,2.843,1.789,2.401,2.091,0.574,0.019,4.186,2.727,1.601,0.529,0.242,0.191,0.572,1.855,2.361,2.556,3.162,0.233,0.594,3.871,4.96,0.041,4.003,8.188,0.175,0.111,0.741,2.59,2.599,1.039,1.636,0.73,3.533,6.613,2.966,1.764,5.486,2.277,7.561,13.812,5.689,0.663,3.363,3.032
"2071-07",2.56,2.475,2.411,0.574,2.091,4.06,2.19,7.946,2.006,4.301,4.516,0.262,0.604,2.932,0.986,3.378,1.806,2.468,1.493,0.161,0.081,7.148,2.411,2.719,0.489,0.396,0.393,1.106,1.976,1.767,3.586,3.812,0.132,0.646,6.344,5.929,0.289,7.144,7.511,0.095,0.045,0.165,2.203,3.699,1.001,1.323,1.523,4.619,5.281,2.88,1.691,4.215,1.891,7.694,14.606,4.546,0.907,3.226,3.067
"2071-08",2.499,2.892,2.426,0.169,0.757,4.175,3.15,7.754,3.882,3.892,2.395,0.142,0.331,1.629,1.515,1.777,1.486,1.888,1.634,0.171,0.455,8.1,4.043,4.098,0.448,0.392,0.44,0.904,2.311,1.077,2.424,4.268,0.088,0.701,6.625,6.691,1.074,6.658,7.264,0.072,0.048,0.301,1.97,3.555,0.821,1.543,1.237,5.722,3.418,2.4,2.178,1.462,1.75,4.571,11.792,4.916,0.755,3.036,2.938
"2071-09",2.669,3.273,2.824,1.264,2.128,3.013,3.482,10.343,4.919,4.861,1.866,0.042,0.603,2.335,1.21,2.535,2.425,1.507,1.939,0.343,0.425,8.413,6.257,3.731,1.207,0.294,0.349,0.95,2.156,0.923,1.462,2.367,0.269,0.422,3.689,4.591,0.687,6.394,7.01,0.097,0.011,0.144,1.078,2.279,0.751,1.956,1.449,5.923,3.377,2.318,2.78,1.265,2,3.197,10.251,7.365,0.537,2.866,2.96
"2071-10",2.634,2.834,2.713,1.113,1.052,3.636,1.377,8.845,5.293,5.958,2.312,0.547,2.497,0.815,3.042,2.854,3.001,2.752,2.118,1.127,0.028,3.334,5.338,2.88,2.658,0.428,1,0.62,1.934,1.139,1.766,2.828,0.309,0.516,1.67,3.094,0.112,3.835,7.318,0.171,0.012,0.038,0.855,2.566,0.934,1.189,1.48,5.549,3.505,2.323,3.807,2.121,1.686,4.417,6.979,7.563,0.605,2.65,2.893
"2071-11",1.501,2.814,1.916,4.033,2.108,3.016,0.403,5.538,5.276,6.956,6.343,2.009,6.314,0.812,4.318,2.64,3.391,4.338,2.754,1.449,0.014,0.874,5.334,1.459,5.391,1.927,2.902,2.821,1.212,2.207,1.337,2.309,0.717,0.467,0.835,1.063,0.036,0.685,4.804,0.385,0.02,0.706,0.761,2.292,0.782,1.026,1.17,5.448,3.909,2.52,2.967,3.612,1.953,2.674,5.611,10.367,1.143,2.429,2.894
"2071-12",1.899,2.751,1.516,2.059,1.626,3.412,1.45,1.87,0.852,5.873,4.997,4.588,10.616,0.629,5.986,2.271,3.294,2.221,2.267,1.373,0.016,0.089,3.266,0.118,6.023,2.75,3.411,5.095,1.248,1.687,0.826,1.418,1.43,0.374,0.371,1.53,0.027,0.09,9.253,3.844,1.158,2.687,1.019,2.092,0.722,1.316,1.013,4.621,3.637,2.803,2.972,3.802,1.866,0.382,0.592,10.648,1.667,2.26,2.933
"2072-01",1.414,1.711,1.187,3.686,2.579,3.861,1.092,0.854,0.577,5.003,3.448,8.065,10.265,0.608,4.679,2.347,4.644,2.631,2.342,0.823,0.009,0.034,2.593,0.035,4.723,3.634,5.945,9.206,0.821,2.011,0.801,1.782,1.027,0.373,0.569,1.116,0.132,0.026,6.08,11.362,0.859,1.678,0.703,3.169,0.823,1.217,1.059,3.959,4.674,3.904,2.643,2.895,2.044,0.294,0.264,6.799,1.618,2.625,2.964
"2072-02",2.122,1.974,1.501,1.253,2.421,4.238,1.175,0.397,0.448,7.097,2.847,10.316,11.359,0.796,4.1,2.503,2.499,3.233,2.027,1.566,0.02,0.011,2.065,0.035,3.353,2.684,6.271,8.843,0.515,0.894,0.43,1.681,1.294,0.38,1.489,2.74,0.116,0.143,5.262,9.217,1.579,3.014,0.932,3.731,0.882,1.972,0.563,3.098,5.32,3.613,2.307,2.352,2.906,0.03,0.078,5.632,3.247,2.584,2.912
"2072-03",1.839,1.631,1.058,3.604,2.56,3.31,0.359,0.486,0.454,8.888,3.26,7.829,7.927,0.728,2.274,2.614,1.95,2.958,1.77,1.581,0.006,0.333,3.306,0.195,2.74,3.445,5.349,5.364,0.664,1.219,0.999,1.785,0.757,1.115,1.218,2.502,0.001,0.404,4.44,10.997,2.807,1.606,1.028,2.028,1.055,2.063,0.853,2.763,5.255,4.708,2.409,4.038,2.989,0.079,0.091,4.269,3.01,2.895,2.958
"2072-04",1.376,2.13,2.019,1.619,2.658,4.427,0.52,1.349,0.261,6.696,4.969,6.048,5.185,1.464,2.587,2.614,2.7,2.35,1.011,1.12,0.019,1.507,3.904,0.871,3.69,1.94,1.469,2.321,0.885,1.648,1.673,1.838,1.383,1.385,2.262,3.83,0.137,0.285,3.501,1.916,0.081,0.732,0.607,1.821,1.165,2.28,0.875,2.669,6.377,4.153,1.736,7.211,2.613,0.18,0.406,5.366,3.423,3.237,2.907
"2072-05",1.651,1.988,1.795,0.805,2.539,3.68,0.922,4.156,1.916,5.184,6.538,2.647,1.862,2.054,2.329,2.85,2.046,2.756,1.917,0.682,0.016,2.945,3.59,2.076,1.741,0.36,0.633,0.978,1.46,2.336,2.668,3.4,0.766,0.998,2.172,4.563,0.048,1.195,6.913,0.993,0.322,0.717,2.345,3.433,1.025,1.631,0.854,2.917,4.709,3.45,1.681,8.193,1.93,3.254,6.195,9.823,2.218,3.089,2.942
"2072-06",1.2,2.033,1.911,0.715,3.373,5.273,1.467,9.764,3.709,3.624,4.537,0.463,1.266,1.969,1.805,4.444,1.945,2.245,2.794,0.155,0.025,3.902,1.847,1.357,0.525,0.194,0.444,0.778,1.351,2.407,3.081,2.914,0.103,0.26,4.203,5.089,0.032,6.473,8.737,0.301,0.214,0.675,2.517,3.116,1.033,1.196,1.198,3.691,5.272,3.372,1.45,6.482,2.012,7.974,14.068,5.409,0.964,3.214,3.043
"2072-07",1.849,2.079,2.772,0.434,1.291,3.898,2.359,7.553,1.893,3.033,3.07,0.132,0.422,3.074,1.407,2.793,1.862,1.571,1.877,0.269,0.081,6.44,2.901,1.851,0.357,0.433,0.427,1.056,2.015,1.294,3.42,1.753,0.135,0.532,5.821,6.601,0.094,5.528,6.697,0.118,0.036,0.171,2.49,3.534,0.916,1.16,1.797,5.441,5.614,3.048,1.84,3.659,1.915,1.557,11.892,1.887,1.115,2.96,2.959
"2072-08",2.199,2.791,2.379,0.572,2.676,3.731,4.035,6.74,2.863,4.318,2.952,0.238,1.104,2.16,1.394,3.053,2.208,1.131,1.57,0.132,0.486,8.974,4.433,2.953,0.701,0.35,1.105,1.036,2.548,0.76,2.272,3.441,0.087,1.134,5.658,5.511,0.478,6.063,6.736,0.099,0.04,0.297,1.266,3.091,0.9,1.572,1.413,5.314,4.577,2.632,2.145,1.867,1.831,3.162,10.297,4.838,0.728,2.989,2.942
"2072-09",2.81,3.102,3.045,0.56,1.71,2.963,2.667,8.645,4.894,4.752,2.642,0.207,0.429,1.612,2.018,2.42,1.304,1.815,1.689,1.056,0.401,8.053,6.278,3.1,1.245,0.286,0.617,1.03,2.138,1.009,1.504,3.283,0.138,0.157,4.365,4.173,0.568,5.415,5.057,0.059,0.017,0.16,1.365,3.292,1.015,1.099,1.5,6.325,4.26,2.194,3.282,2.051,1.792,2.833,6.827,4.294,0.601,2.87,2.923
"2072-10",2.568,2.869,2.316,1.841,0.887,2.078,1.918,7.465,8.129,7.537,4.52,0.326,2.727,1.537,3.522,1.992,2.949,1.731,1.416,1.395,0.238,6.628,6.173,4.06,2.758,0.595,0.918,0.526,2.167,2.238,1.42,2.777,0.825,0.754,3.132,1.416,0.583,1.537,3.742,0.111,0.05,0.153,0.625,1.951,0.928,1.581,1.399,5.06,4.236,2.385,3.859,1.801,1.674,4.05,3.487,10.368,0.82,2.769,2.874
"2072-11",1.46,2.705,2.196,3.288,1.969,3.545,0.807,3.868,2.759,6.695,4.806,1.694,5.58,0.984,3.839,2.555,3.384,2.715,1.081,2.153,0.038,1.54,6.251,1.283,4.483,1.712,2.605,2.005,1.176,0.863,0.828,1.723,2.255,0.856,0.712,2.862,0.043,0.372,5.571,0.338,0.194,0.419,0.708,1.849,0.737,1.163,1.289,4.786,5.673,2.47,3.523,3.418,1.606,1.334,6.624,9.185,1.071,2.588,2.909
"2072-12",2.269,2.688,1.564,1.371,1.964,4.133,1.179,1.894,2.263,7.226,4.028,2.986,7.83,0.961,6.029,2.612,2.682,3.578,2.051,1.557,0.011,0.101,3.144,0.139,5.282,1.266,5.236,6.085,1.074,1.041,0.403,1.587,1.5,0.598,0.684,2.087,0.004,0.126,6.587,1.746,0.18,1.334,0.666,1.869,0.757,0.875,1.024,3.85,6.578,2.816,3.242,3.207,2.001,1.414,1.835,12.296,1.699,2.518,2.973
"2073-01",1.406,1.722,1.761,5.161,2.854,4.672,1.919,0.613,2.361,6.255,3.575,6.17,11.2,0.737,5.712,2.581,3.153,3.427,2.502,1.351,0.068,0.009,2.176,0.117,3.683,3.369,4.71,5.037,0.751,1.35,0.454,1.381,0.965,0.337,0.742,1.283,0.027,0.202,6.737,11.454,2.208,1.582,1.19,2.02,0.617,0.949,0.67,3.04,6.351,3.445,2.87,2.719,2.072,0.168,0.525,7.554,1.495,2.509,2.944
"2073-02",1.835,1.576,1.092,4.933,2.075,4.296,2.393,0.784,1.398,5.59,2.432,6.689,11.814,0.825,5.445,2.474,2.836,2.378,1.538,1.274,0.016,0.019,3.205,0.105,4.049,3.991,4.636,6.982,0.835,1.621,0.857,1.456,2.269,0.633,1.128,3.014,0.115,0.082,2.819,6.515,0.235,0.925,0.356,1.007,0.907,1.748,0.929,2.149,7.781,4.385,3.185,2.835,2.687,0.065,0.069,5.937,2.878,2.752,2.963
"2073-03",1.699,1.671,1.287,4.085,1.623,4.633,0.193,0.798,0.644,8.261,4.298,5.585,10.408,0.919,4.705,3.183,2.2,2.392,1.592,1.651,0.067,0.548,3.884,0.553,3.139,3.761,3.634,4.363,0.816,1.014,0.887,1.285,1.892,0.865,2.146,3.259,0.015,0.133,4.055,2.586,0.059,0.331,0.402,2.285,1.2,1.7,1.013,2.069,8.927,3.991,2.443,4.473,2.303,0.092,0.082,4.234,4.25,3.254,3.031
"2073-04",1.97,1.97,1.439,2.71,2.642,3.173,0.173,2.763,0.441,10.729,7.496,4.244,5.65,0.805,3.553,2.489,2.222,3.418,2.463,1.059,0.073,1.627,4.904,1.436,3.793,1.619,1.912,3.255,0.831,2.049,1.874,2.539,1.507,1.1,2.684,4.055,0.118,0.696,4.947,1.975,0.03,0.531,0.913,2.882,1.095,1.685,0.589,2.249,7.479,3.41,1.988,6.258,2.505,0.347,0.709,4.743,3.155,3.133,2.954
"2073-05",1.756,1.945,2.028,1.333,2.869,2.739,0.758,4.374,3.903,6.037,5.468,1.845,1.997,2.164,2.553,2.506,1.475,2.632,2.656,0.484,0.02,3.228,4.175,2.083,2.039,0.424,1.07,1.779,1.223,2.081,2.354,2.556,0.716,2.003,2.509,5.268,0.02,0.937,5.961,0.355,0.018,0.329,1.21,3.689,1.255,1.443,0.851,2.331,8.579,2.921,1.229,8.09,2.103,2.573,3.938,11.064,1.556,3.424,3.026
"2073-06",1.414,2.08,2.527,1.114,2.231,4.249,1.743,11.346,5.265,5.211,5.028,0.246,1.001,1.934,2.676,2.492,1.636,2.203,2.746,0.25,0.031,4.117,2.255,0.985,0.37,0.508,0.418,0.53,1.849,2.378,3.386,2.909,0.17,0.897,4.914,6.401,0.009,4.653,7.311,0.062,0.067,0.89,2.633,3.598,1.243,1.475,0.767,3.652,6.302,2.728,1.82,5.507,2.44,5.478,15.801,4.151,1.275,3.394,3.056
"2073-07",1.616,2.896,2.425,0.302,1.53,4.096,2.351,8.217,4.594,3.558,3.322,0.175,0.366,2.88,1.227,2.711,2.119,2.246,2.587,0.101,0.138,8.965,2.791,1.744,0.252,0.369,0.356,0.459,1.731,1.893,3.807,3.535,0.08,0.633,6.308,5.534,0.154,5.973,6.946,0.062,0.042,0.276,3.04,3.966,1.176,1.138,1.085,4.425,5.951,2.64,2.04,3.912,1.714,4.273,12.395,4.748,0.981,2.983,2.991
"2073-08",2.187,2.841,2.698,0.195,1.647,4.247,5.344,11.347,5.011,3.912,2.252,0.122,0.253,3.587,2.267,2.669,2.236,1.285,1.992,0.332,0.446,8.828,4.148,2.4,0.427,0.342,0.437,1.376,2.111,0.926,2.736,3.875,0.055,0.442,6.177,5.826,0.108,5.227,7.098,0.079,0.032,0.17,2.126,3.267,1.068,1.272,1.879,5.669,4.675,2.43,2.576,1.666,2.078,2.318,10.375,2.465,0.601,2.948,3
"2073-09",2.745,2.114,2.119,0.981,1.886,3.67,4.564,9.583,5.282,3.852,1.405,0.081,0.899,0.745,1.962,1.679,3.431,1.327,1.307,0.882,0.259,7.837,5.67,1.947,0.739,0.162,0.255,0.385,2.582,0.921,2.188,3.828,0.147,0.383,3.284,3.481,0.117,4.226,5.904,0.226,0.033,0.121,0.7,1.764,0.773,1.534,1.899,5.776,5.249,2.139,3.251,1.207,1.926,1.305,8.303,5.305,0.529,3.016,2.896
"2073-10",3.201,2.936,2.983,1.294,4.103,3.082,2.342,9.215,7.759,6.185,2.379,0.235,2.076,1.627,3.249,2.684,2.774,0.655,1.042,1.594,0.048,4.764,5.911,3.27,2.957,0.387,0.602,0.508,2.255,1.143,1.336,3.397,0.751,0.704,1.54,1.843,0.476,2.205,4.02,0.252,0.019,0.615,0.703,2.08,0.828,1.462,1.906,5.13,4.384,2.552,3.621,2.317,2.094,3.104,5.685,8.263,0.566,2.743,2.869
"2073-11",2.124,2.932,1.97,2.407,1.576,3.612,1.131,5.077,4.187,5.837,3.346,1.797,5.803,0.812,4.269,2.038,1.463,2.509,1.826,3.2,0.075,1.324,5.311,0.857,4.654,1.309,2.014,1.018,1.32,2.567,1.277,2.839,1.694,0.642,0.506,1.491,0.046,0.579,7.169,0.77,0.042,0.716,0.377,1.747,0.771,1.404,1.256,4.89,3.974,2.556,3.556,2.956,2.043,1.362,6.248,10.827,0.775,2.449,2.872
"2073-12",1.431,2.083,1.377,4.463,1.539,3.554,2.651,2.726,2.105,7.096,6.189,6.566,9.056,0.781,4.306,1.525,3.105,4.174,1.61,2.405,0.03,0.149,3.95,0.147,3.549,2.813,5.721,5.134,1.145,0.994,0.754,1.912,1.2,0.496,0.161,1.253,0.05,0.118,8.556,4.403,0.187,1.811,0.898,2.131,0.718,1.09,1.427,4.076,4.106,2.739,2.975,3.982,1.869,1.367,2.821,9.538,1.706,2.276,2.927
"2074-01",1.663,1.769,1.324,3.171,2.045,4.59,1.627,0.95,1.235,6.385,2.984,8.052,10.644,0.457,5.505,1.719,2.66,3.286,1.547,2.285,0.052,0.008,2.106,0.027,4.194,3.521,7.932,8.106,1.116,1.197,0.637,1.672,0.942,0.395,0.628,1.243,0.057,0.157,7.561,11.915,1.5,1.104,1.066,2.692,0.674,0.906,0.836,3.193,5.702,3.804,2.891,3.534,2.29,0.154,0.51,6.079,1.704,2.718,3.04
"2074-02",1.556,1.656,1.058,3.888,1.675,2.59,1.863,0.901,1.344,8.671,2.323,8.477,8.977,0.735,4.685,2.595,2.145,3.009,2.034,3.239,0.021,0.026,3.231,0.156,4.078,4.002,7.391,7.932,0.957,1.91,1.127,1.71,1.147,0.443,0.714,1.638,0.011,0.159,4.58,5.954,0.325,1.659,0.726,1.525,1.246,1.349,0.896,2.077,6.803,3.992,3.588,2.801,2.963,0.244,0.118,6.112,3.581,2.747,2.984
"2074-03",1.346,2.229,1.647,2.723,2.252,4.218,0.577,0.812,0.629,8.1,2.733,7.284,9.809,0.633,3.858,2.791,1.903,2.544,1.297,2.024,0.018,0.152,3.579,0.568,5.137,4.054,4.839,3.651,0.584,1.56,0.894,2.221,1.526,1.349,0.615,2.771,0.018,0.068,4.722,6.808,0.48,1.672,0.687,1.965,1.02,1.918,0.771,2.188,7.679,4.136,2.349,3.342,3.518,0.026,0.072,3.16,3.296,2.888,2.973
"2074-04",1.288,2.183,1.542,1.559,1.238,3.296,0.103,1.716,1.153,8.135,4.102,6.084,6.666,1.349,2.858,3.149,2.234,2.895,2.14,0.464,0.012,1.013,4.031,1.172,4.05,1.267,2.218,4.76,1.182,1.881,1.865,2.467,0.777,0.758,1.677,3.662,0.014,0.475,4.92,1.445,0.329,0.57,0.725,2.238,1.274,1.731,0.818,2.277,7.795,3.583,1.897,7.045,2.833,0.292,0.74,6.405,4.098,3.242,2.991
"2074-05",1.388,1.672,2.476,1.484,2.321,2.645,0.529,3.921,2.848,7.074,6.373,2.114,1.7,2.158,1.781,2.689,2.283,2.25,1.653,0.397,0.014,2.447,3.409,1.553,2.417,0.59,1.434,1.733,1.22,2.148,2.672,3.496,0.392,1.097,3.018,4.03,0.018,0.932,7.109,0.761,0.115,1.022,1.972,4.295,1.159,1.705,0.822,2.949,5.396,3.329,1.309,8.556,2.635,1.401,7.792,7.824,2.091,3.349,2.956
"2074-06",1.171,2.054,2.127,0.536,2.552,5.445,1.921,10.236,2.966,5.422,6.072,1.1,0.881,0.81,1.76,2.396,2.15,2.921,2.848,0.187,0.016,4.953,2.325,1.832,0.967,0.251,0.366,0.608,1.49,1.781,3.223,2.381,0.415,1.082,4.609,6.602,0.076,4.761,6.757,0.579,1.293,1.164,3.789,4.277,0.879,1.695,0.79,3.45,4.166,3.273,1.313,7.338,2.35,11.082,11.504,8.826,0.841,3.423,3.082
"2074-07",2.017,2.757,2.026,0.293,1.426,4.383,3.128,7.498,2.569,3.562,3.726,0.544,0.389,2.193,1.766,2.406,2.298,1.512,1.813,0.064,0.165,7.794,2.97,2.732,0.357,0.203,0.433,0.535,2.442,1.199,3.175,3.288,0.154,0.414,6.214,7.339,0.497,8.51,8.745,0.283,0.274,0.621,2.632,4.056,1.065,1.547,1.415,4.397,3.507,2.786,1.797,5.442,1.347,6.811,16.543,4.745,1.064,3.08,3.012
"2074-08",2.424,2.805,2.085,0.229,0.62,4.441,3.073,9.69,3.57,4.681,2.828,0.103,0.25,1.538,2.155,1.545,2.375,0.7,0.921,0.123,0.361,9.276,4.811,3.689,0.417,0.25,0.273,0.405,2.443,0.783,1.767,3.44,0.073,1.026,6.368,7.852,0.542,6.894,7.059,0.512,0.169,1.649,1.989,2.996,1.034,1.566,1.725,5.138,2.584,2.599,2.227,1.804,2.034,3.185,9.084,6.21,0.575,3,2.909
"2074-09",1.827,2.778,2.543,0.567,2.207,3.558,3.76,9.448,6.062,6.237,3.432,0.109,1.046,1.654,1.342,2.819,3.263,1.143,1.156,0.204,0.363,9.371,6.274,2.732,0.709,0.235,0.346,0.337,1.613,1.157,2.542,3.456,0.165,0.155,4.305,4.949,0.393,6.03,8.917,0.243,0.062,0.427,2.424,4.238,0.946,1.337,1.388,4.76,2.126,2.357,3.27,1.923,2.039,2.916,10.332,6.164,0.777,2.991,2.929
"2074-10",2.845,2.909,2.454,2.212,0.91,3.315,0.61,7.47,8.396,6.783,3.68,0.288,2.407,1.229,2.357,2.922,2.5,2.326,2.202,1.176,0.052,3.531,5.495,2.294,2.175,0.274,0.409,0.598,1.607,1.837,1.869,3.197,0.182,0.282,1.19,3.475,0.173,3.231,10.188,0.695,0.021,0.158,0.996,2.56,0.941,1.35,1.272,5.118,2.24,2.63,4.108,2.513,1.437,5.982,10.198,7.309,0.558,2.54,2.922
"2074-11",1.632,2.688,2.189,2.74,3.161,4.255,1.699,4.337,3.626,5.123,6.531,3.419,8.147,0.847,4.128,2.387,2.867,4.553,2.49,1.54,0.009,0.906,5.512,0.64,3.875,2.616,2.841,1.933,1.546,1.465,1.272,2.298,0.539,0.159,0.197,1.842,0.051,0.364,7.229,1.597,0.179,1.184,0.567,3.528,0.85,1.026,1.231,5.151,3.037,2.822,3.312,3.566,1.792,2.319,2.324,7.492,0.995,2.454,2.891
"2074-12",1.896,1.709,1.947,3.968,2.428,3.717,1.738,3.689,2.952,5.996,8.899,5.289,10.33,0.529,5.098,2.098,2.335,2.882,1.22,2.18,0.081,0.117,3.648,0.05,4.636,3.369,5.639,5.496,1.203,1.237,0.732,2.638,0.783,0.339,1.771,2.106,0.056,0.448,7.069,4.363,0.454,3.321,0.928,2.371,0.698,1.27,1.001,4.437,3.16,2.801,2.987,4.869,1.807,2.299,2.385,10.341,1.636,2.379,2.978
"2075-01",1.448,1.489,1.913,5.511,1.709,5.088,0.197,0.993,0.774,6.018,5.05,7.537,12.196,0.749,4.782,2.39,2.861,3.029,1.791,1.442,0.028,0.002,2.28,0.013,3.451,4.204,6.022,7.382,0.719,1.087,0.787,2.098,0.887,0.424,0.271,1.895,0.004,0.068,7.451,9.475,0.838,1.294,0.772,2.617,0.556,1.369,1.031,3.591,3.152,4.167,2.244,4.563,2.11,0.269,1.456,8.615,2.619,2.484,2.992
"2075-02",1.853,1.421,1.704,4.372,2,5.58,0.739,0.594,0.7,7.105,4.946,10.602,15.015,0.493,3.916,1.478,2.03,1.7,1.707,1.226,0.013,0.003,2.138,0.008,2.824,4.568,3,5.796,0.64,1.058,0.804,2.406,1.047,0.673,0.359,2.109,0.007,0.051,5.768,9.71,2.445,2.881,0.699,3.416,1.213,1.789,0.905,3.096,3.581,3.887,2.186,3.08,3.197,0.035,0.222,5.32,5.199,2.427,2.952
"2075-03",1.717,2.051,1.574,2.315,2.353,3.971,0.283,0.626,0.406,9.073,3.275,7.161,10.353,0.619,3.604,2.713,3.059,2.078,1.965,0.572,0.005,0.153,2.256,0.023,2.259,3.344,5.244,5.766,0.804,1.655,1.117,1.983,0.464,0.395,1.13,2.298,0,0.242,6.702,10.818,2.281,5.44,0.893,3.256,1.031,1.918,0.791,3.383,4.07,3.871,1.812,3.262,3.331,0.119,0.51,5.45,3.484,2.9,2.966
"2075-04",1.151,1.792,1.795,2.665,2.759,2.465,0.541,1.02,0.492,8.813,6.69,6.304,7.246,0.53,2.96,2.229,1.912,2.646,1.715,0.894,0.015,1.654,4.181,1.276,4.014,1.682,1.324,2.216,0.744,1.531,1.575,2.917,0.821,0.794,1.838,2.764,0.362,0.248,4.359,7.282,0.512,0.495,1.015,2.492,1.337,1.95,0.496,2.735,5.369,3.823,1.912,7.002,3.153,0.481,0.76,3.517,2.348,3.042,2.839
"2075-05",1.132,2.074,1.775,1.743,3.765,3.777,0.751,3.753,1.006,5.928,5.307,1.439,1.885,1.856,1.906,3.685,2.436,2.453,2.105,0.922,0.055,3.205,6.548,3.087,2.981,0.955,1.069,1.474,1.425,2.118,2.22,2.865,1.274,0.748,2.489,4.313,0.285,1.36,6.372,0.36,0.564,0.733,1.096,3.086,1.134,2.305,0.925,3.176,4.052,3.905,1.706,7.437,2.414,4.624,5.543,11.381,1.834,3.318,3.04
"2075-06",1.425,2.315,1.822,1.014,3.189,4.834,1.854,8.052,2.569,4.56,5.393,0.467,1.092,3.588,1.787,3.433,1.871,2.284,1.171,0.359,0.02,4.266,2.346,0.937,0.506,0.473,0.399,1.061,1.702,2.402,3.035,2.677,0.251,0.975,3.976,5.732,0.006,5.745,9.411,0.217,0.124,0.413,2.88,3.326,1.097,1.856,1.198,4.13,3.546,3.386,1.601,7.666,2.05,3.594,12.953,3.474,1.012,3.223,2.997
"2075-07",1.79,2.87,2.55,0.311,1.734,3.852,3.093,7.365,3.49,2.309,2.978,0.254,0.129,2.412,0.702,2.842,1.984,2.101,1.01,0.091,0.165,8.742,3.337,2.457,0.369,0.477,1.131,0.821,1.998,1.881,3.062,2.527,0.051,0.302,6.877,5.982,0.392,6.366,8.202,0.192,0.674,0.271,2.578,3.768,1.128,1.55,1.27,4.438,4.145,3.254,2.507,4.905,1.818,4.164,11.676,4.175,0.813,3.296,3.037
"2075-08",1.362,2.54,3.033,0.286,1.681,3.511,4.075,9.294,4.036,3.419,1.855,0.161,0.241,1.697,1.483,3.105,2.729,1.263,0.991,0.129,0.865,10.459,5.085,4.369,0.535,0.231,0.515,0.642,2.471,1.171,2.505,3.351,0.132,0.307,5.113,5.832,1.162,7.086,7.728,0.1,0.037,0.21,2.072,3.919,1.08,1.456,1.615,5.503,2.971,2.644,2.612,1.864,1.641,4.026,10.493,5.019,0.614,2.88,2.971
"2075-09",3.229,2.472,2.663,0.568,2.267,4.063,4.968,12.544,5.851,4.864,1.764,0.079,1.025,1.726,2.68,2.87,2.723,1.217,0.574,0.315,0.245,8.806,5.829,2.202,0.881,0.262,0.261,0.261,2.245,1.074,2.277,3.436,0.143,0.268,3.758,4.465,0.103,5.646,7.664,0.285,0.024,0.434,1.388,2.852,0.954,1.128,1.65,5.068,2.856,2.562,3.314,1.577,1.963,3.888,10.337,6.315,0.426,2.933,2.946
"2075-10",1.773,3.469,2.976,1.424,1.412,3.305,1.598,8.238,6.471,4.835,1.662,0.237,1.584,1.256,3.596,2.036,2.712,2.596,1.709,1.8,0.039,4.238,6.317,1.474,1.904,0.515,0.889,0.876,1.501,1.423,1.548,3.07,0.317,0.329,1.527,2.595,0.075,2.946,6.389,0.238,0.008,0.177,1.223,3.135,0.833,1.273,1.4,5.5,4.742,2.523,3.964,1.945,1.63,0.928,7.562,6.282,0.641,2.498,2.881
"2075-11",2.151,1.865,1.864,2.92,2.583,4.902,0.649,5.017,4.147,5.698,4.918,3.699,8.13,1.333,4.882,2.949,2.624,3.594,2.838,1.016,0.033,0.798,5.767,1.231,4.3,1.94,1.364,1.107,1.452,1.812,1.096,2.827,1.776,0.342,0.699,1.087,0.254,0.098,5.26,0.439,0.025,0.079,1.143,2.132,0.654,0.917,1.132,4.932,4.371,2.769,3.208,3.705,1.806,0.839,1.602,11.48,1.613,2.599,2.921
"2075-12",2.322,2.417,1.666,3.954,2.582,4.103,1.295,2.065,1.115,6.318,6.008,5.711,12.774,0.843,4.772,2.578,2.353,1.993,2.015,2.247,0.032,0.128,3.965,0.044,4.993,2.823,5.444,6.503,0.867,1.846,0.642,2.079,1.871,0.281,0.433,1.179,0.008,0.036,8.195,2.008,0.089,0.323,0.642,1.941,0.633,0.866,1.026,4.121,4.774,2.764,3.213,3.981,1.556,0.173,0.573,8.329,1.969,2.259,2.908
"2076-01",1.843,2.181,1.555,2.01,1.615,3.457,1.134,0.687,0.514,4.488,3.291,9.879,11.287,0.486,4.712,1.981,2.6,3.386,1.785,1.881,0.007,0.005,1.92,0.013,2.952,3.418,7.934,8.59,0.923,1.117,0.426,1.458,0.893,0.533,0.39,1.708,0.004,0.021,6.719,6.689,0.214,1.408,0.552,2.769,0.878,1.293,1.119,3.47,6.281,3.397,2.878,3.686,2.192,0.049,0.253,7.362,4.027,2.504,3.029
"2076-02",1.846,1.431,1.599,6.447,2.014,3.879,0.911,0.382,1.031,6.654,2.023,8.792,10.668,0.748,3.229,2.134,2.006,2.36,1.546,1.594,0.022,0.009,2.838,0.021,2.075,3.181,6.579,8.904,0.796,0.724,0.461,1.95,1.264,0.533,0.878,1.913,0.006,0.112,5.252,13.813,1.762,3.653,0.904,3.437,0.975,1.135,0.755,3.011,4.986,4.235,2.691,3.518,2.728,0.089,0.413,3.589,3.476,2.66,2.967
"2076-03",1.684,1.724,0.993,3.225,3.42,3.645,0.281,0.607,0.321,8.957,4.929,6.313,10.823,0.911,4.241,2.546,2.097,3.031,1.285,1.78,0.009,0.245,3.593,0.255,2.503,2.486,2.447,5.578,0.96,0.875,0.922,1.72,1.638,1.222,2.609,2.719,0.021,0.325,4.29,6.978,0.294,1.128,0.619,1.657,1.035,1.789,0.689,2.331,6.567,4.471,2.723,2.86,3.225,0.188,0.099,2.584,3.268,3.039,2.92
"2076-04",1.589,2.129,1.433,0.826,2.167,3.098,1.514,3.655,0.573,7.242,4.924,5.931,5.535,0.531,2.734,2.372,2.685,2.974,1.116,0.839,0.022,1.112,5.034,1.114,3.34,1.308,1.146,3.44,1.179,1.718,1.868,2.717,1.303,0.943,1.785,4.586,0.056,0.752,3.36,2.462,0.413,1.153,1.119,1.58,1.099,1.845,0.57,2.099,7.764,3.807,2.172,6.099,3.262,0.157,0.396,5.646,3.489,3.261,2.957
"2076-05",0.936,1.982,1.877,1.363,3.484,4.112,0.404,3.843,1.917,8.169,6.698,2.431,1.839,1.146,2.685,2.82,1.86,3.566,1.945,0.47,0.018,2.529,3.919,1.153,2.127,0.48,0.708,1.991,1.325,2.02,2.513,2.481,0.625,0.857,2.461,4.066,0.009,0.657,6.094,0.479,0.018,0.608,1.195,2.3,1.157,1.546,0.899,2.862,6.829,3.178,1.616,9.746,2.125,0.587,3.699,8.829,2.315,3.397,2.994
"2076-06",1.229,2.609,1.69,1.992,4.174,4.904,1.555,6.985,1.317,4.078,5.985,0.696,0.42,1.898,1.507,2.384,2.563,2.394,2.362,0.305,0.02,3.594,1.724,0.962,0.476,0.314,0.225,0.971,2.043,2.643,2.526,2.312,0.221,0.663,4.008,7.141,0.009,3.663,8.576,0.138,0.167,0.589,3.042,3.612,1.07,2.12,0.932,3.75,5.699,3.375,1.51,7.331,1.652,4.245,14.778,5.455,0.923,3.149,3.048
"2076-07",1.829,2.651,1.745,0.204,1.71,4.236,3.054,6.572,3.633,3.473,3.155,0.181,0.295,3.02,0.978,3.615,1.985,1.655,1.449,0.098,0.107,7.981,2.76,2.479,0.269,0.368,0.73,0.636,2.497,1.789,3.098,3.587,0.078,0.213,7.652,5.608,0.368,6.458,7.388,0.127,0.178,1.918,2.481,4.143,1.274,1.746,0.962,4.789,4.86,2.778,2.077,5.047,1.821,6.002,11.385,4.589,1.15,3.112,3.039
"2076-08",2.368,3.034,1.639,0.314,1.815,4.751,3.637,8.389,5.329,3.167,2.743,0.158,0.294,2.295,1.576,2.93,2.914,1.566,0.438,0.129,0.185,8.773,4.048,2.961,0.35,0.331,0.33,0.349,1.997,0.966,2.033,3.034,0.042,0.4,5.697,7.449,0.174,6.012,7.452,0.12,0.031,0.434,1.684,3.242,0.909,1.574,1.513,5.648,3.729,2.678,2.277,2.488,1.304,3.746,10.917,4.922,0.505,3.02,2.966
"2076-09",2.692,2.637,2.719,0.526,1.668,4.989,4.313,10.639,5.316,4.951,2.707,0.122,1.003,0.889,3.374,2.185,2.31,2.429,1.938,0.403,0.071,6.535,4.995,2.225,1.282,0.862,0.547,0.308,2.043,1.239,2.033,2.473,0.1,0.186,5.134,4.843,0.16,5.548,6.566,0.115,0.074,0.412,1.523,3.339,0.822,0.981,1.309,5.21,4.539,2.353,3.023,1.748,1.989,1.766,9.295,3.509,0.574,2.965,2.905
"2076-10",2.597,3.308,2.116,1.427,1.513,2.599,1.644,9.047,7.283,5.969,4.228,1.322,2.204,1.241,2.56,2.893,2.012,2.906,1.9,1.634,0.049,4.472,6.102,1.788,2.053,0.704,0.988,0.595,1.932,1.409,1.69,2.44,0.399,0.393,1.537,1.813,0.074,1.338,4.385,0.182,0.014,0.064,0.892,2.638,1.022,1.046,1.457,5.564,3.407,2.294,4.001,2.534,1.856,2.826,3.466,9.716,0.891,2.582,2.825
"2076-11",1.947,2.433,1.89,2.245,3.3,4.763,1.139,5.252,3.641,8.494,5.059,3.002,7.605,1.741,4.106,2.914,2.71,4.505,2.09,1.903,0.034,1.298,5.592,0.784,3.608,2.048,2.626,2.832,1.49,1.692,1.059,2.457,0.572,0.457,0.489,1.294,0.049,0.913,7.943,0.67,0.07,1.909,0.863,2.41,0.793,0.562,1.405,4.888,4.352,2.452,3.579,3.426,1.934,5.33,6.705,8.087,1.129,2.412,2.977
"2076-12",1.835,2.76,1.665,2.073,1.744,3.818,1.6,2.171,1.413,5.852,5.895,6.692,9.499,0.671,4.601,1.95,3.293,3.393,2.199,1.967,0.014,0.097,3.666,0.176,4.815,2.579,6.156,5.344,1.362,1.329,0.954,1.712,1.101,0.59,0.335,1.409,0.044,0.099,6.226,2.11,0.047,0.32,0.666,1.927,0.762,1.171,1.017,4.203,6.186,3.11,2.96,3.953,1.679,0.477,0.349,8.475,1.646,2.44,2.956
"2077-01",2.038,1.934,1.528,6.265,1.964,3.691,1.663,0.525,1.039,5.561,3.93,7.163,11.417,0.621,4.676,1.859,3.134,2.537,1.585,1.11,0.004,0.012,2.857,0.039,3.561,3.754,4.578,7.412,0.773,1.165,0.476,1.74,1.08,0.277,0.612,1.763,0.003,0.043,8.586,10.141,1.823,1.929,0.654,3.29,0.671,1.123,1.017,3.13,5.246,3.35,2.443,4.198,1.858,0.043,0.123,7.264,1.971,2.52,2.939
"2077-02",2.303,1.551,1.304,3.362,1.727,4.783,0.981,0.516,0.571,7.793,3.22,9.828,12.194,0.728,4.231,2.602,2.508,2.25,1.509,1.617,0.081,0.086,3.156,0.201,3.981,3.412,6.625,7.248,1.1,1.564,0.717,1.74,1.353,0.817,1.384,1.962,0.008,0.079,4.514,11.311,2.595,2.508,0.704,3.132,0.949,1.843,1.073,2.516,6.36,4.22,2.916,3.199,2.666,0.048,0.053,5.176,2.871,2.622,3.032
"2077-03",2.045,1.978,1.667,3.278,1.415,3.067,0.393,0.743,0.409,9.007,3.799,10.671,9.984,0.912,2.315,3.018,2.18,2.847,1.968,1.247,0.048,0.233,3.296,0.88,5.515,3.861,2.884,3.792,0.61,1.45,0.91,1.48,1.084,1,0.929,2.812,0.431,0.25,4.033,7.709,0.596,1.716,1.081,3.529,1.125,1.635,0.764,2.617,6.273,3.885,2.369,4.314,3.168,0.101,0.227,3.919,3.712,2.945,2.948
"2077-04",1.506,2.311,1.98,1.939,2.93,3.574,0.211,1.509,0.759,6.922,4.46,3.892,6.24,1.148,2.379,2.624,2.17,3.523,1.412,0.762,0.011,1.486,4.307,1.247,2.749,1.16,1.421,1.213,0.758,1.566,1.958,1.82,0.776,1.04,2.005,3.604,0.021,0.415,4.854,1.83,0.009,0.936,0.9,2.981,1.352,1.342,0.629,2.963,6.604,4.172,1.681,7.219,2.503,0.34,1.124,5.203,3.795,3.325,2.975
"2077-05",0.934,2.009,2.278,1.407,3.471,3.838,0.394,6.925,2.279,6.219,3.88,2.417,3.026,1.825,2.534,3.289,2.287,2.848,1.655,0.397,0.027,2.123,3.708,2.15,2.955,0.201,0.286,1.537,1.057,1.792,2.959,3.318,0.357,0.641,2.912,5.16,0.069,1.196,6.515,1.094,0.191,1.946,1.74,2.622,0.921,1.502,1.013,2.92,5.484,3.74,1.399,7.639,2.235,2.118,6.684,10.936,1.906,3.257,3.017
"2077-06",1.688,2.271,1.692,1.152,2.492,4.176,1.086,6.552,1.028,4.81,5.316,1.067,1.022,1.784,1.788,2.176,1.41,3.407,1.374,0.363,0.02,3.351,2.003,1.176,0.613,0.314,0.255,0.726,1.848,1.631,3.178,3.025,0.14,0.537,4.554,6.081,0.018,5.432,8.953,0.379,0.1,1.115,2.04,3.19,1.054,1.968,1.123,3.962,4.254,3.326,1.403,6.388,1.743,7.083,15.869,5.886,0.875,3.431,2.995
"2077-07",1.981,2.4,2.078,0.658,2.04,3.496,2.558,6.568,2.092,2.618,3.295,0.361,0.287,1.524,1.637,2.256,1.665,1.676,1.578,0.104,0.099,7.168,3.241,3.031,0.481,0.468,0.315,0.362,2.691,1.581,1.754,3.475,0.126,0.263,7.236,6.642,0.246,7.642,9.168,0.243,0.071,0.234,1.615,2.411,1.19,2.044,1.244,5.036,3.722,3.247,1.666,4.24,1.602,6.742,14.499,4.001,0.895,3.205,3.022
"2077-08",1.973,2.833,2.317,0.53,1.135,3.137,2.809,7.697,2.288,4.401,3.204,0.179,0.472,3.413,1.277,3.318,2.301,1.023,0.916,0.084,0.327,8.537,4.823,3.79,0.682,0.265,0.443,0.568,2.583,0.827,1.574,3.887,0.137,0.535,6.325,5.529,0.734,6.837,7.603,0.099,0.066,0.472,1.893,3.493,1.076,1.558,1.479,5.301,3.541,2.971,2.147,2.175,1.964,3.028,8.98,6.578,0.682,3.075,2.99
"2077-09",2.542,3.231,2.899,1.008,2.045,3.943,3.793,8.975,4.538,6.655,3.504,0.108,1.829,0.767,2.935,2.141,2.386,1.731,1.019,0.53,0.405,8.114,6.616,2.905,1.064,0.23,0.167,0.773,1.678,1.286,1.842,3.324,0.297,0.33,3.67,5.279,0.365,6.588,7.823,0.072,0.067,0.578,0.928,2.326,0.929,1.382,1.884,5.313,2.722,2.348,2.78,1.753,1.507,4.062,12.686,4.53,0.382,2.868,2.887
"2077-10",1.858,3.357,2.796,1.108,0.889,3.239,1.419,9.645,7.381,6.999,4.407,0.491,3.877,1.029,3.149,2.428,3.081,2.169,0.607,1.192,0.055,4.132,5.69,4.397,2.257,0.639,0.687,0.186,1.78,1.458,1.717,2.835,0.332,0.754,0.634,4.283,1.082,2.097,6.758,0.288,0.013,0.466,0.91,2.707,1.022,0.785,1.455,5.591,3.223,2.63,3.63,2.896,1.687,3.855,5.454,5.55,0.732,2.853,2.947
"2077-11",1.285,2.544,2.194,3.31,2.117,4.224,1.975,7.087,3.86,7.618,6.132,2.306,8.159,1.722,4.421,2.918,3.737,3.41,2.062,1.561,0.047,0.812,6.756,3.644,7.049,1.142,2.924,3.153,1.602,0.87,1.261,1.496,2.111,0.475,1.19,2.134,0.349,0.276,5.814,1.187,0.05,0.597,0.43,2.814,0.905,1.169,1.144,5.183,3.836,2.399,3.012,3.475,1.749,3.286,1.805,8.076,1.095,2.432,2.927
"2077-12",2.039,2.274,1.484,5.53,1.507,3.158,0.366,1.713,1.472,6.301,5.818,5.475,11.602,0.829,5.312,2.248,2.403,2.329,1.963,2.291,0.013,0.321,3.957,0.199,5.46,2.763,5.673,4.437,1.099,1.079,0.738,1.834,0.936,0.46,1.091,0.948,0.005,0.117,7.964,4.203,0.327,0.817,1.153,1.211,0.605,0.82,1.03,4.567,4.264,2.836,3.027,4.724,1.709,0.929,1.107,11.716,1.391,2.376,2.976
"2078-01",2.547,1.984,1.642,4.468,1.261,3.741,0.433,0.816,1.14,6.305,4.474,7.487,11.407,1.154,4.915,2.133,2.498,2.33,1.504,1.858,0.029,0.033,3.185,0.028,3.876,3.143,5.895,11.466,0.807,1.326,0.641,1.527,0.959,0.339,0.577,0.988,0.007,0.048,7.53,10.947,4.43,4.436,1.508,2.945,0.811,1.362,0.816,4.104,3.926,3.269,2.572,3.729,2.297,0.159,0.202,6.76,1.835,2.44,2.981
"2078-02",1.536,1.97,1.239,2.008,2.141,4.575,0.499,0.735,0.65,7.065,2.418,7.645,10.462,0.727,5.587,2.613,3.223,3.186,2.308,0.92,0.003,0.022,2.52,0.006,3.068,3.781,8.39,9.514,0.732,1.749,0.642,1.439,0.971,0.396,0.982,1.908,0.001,0.163,5.725,9.874,3.648,4.514,1.474,2.424,0.857,0.965,0.974,2.861,5.326,3.622,2.194,3.618,3.039,0.062,0.07,6.387,3.59,2.642,2.977
"2078-03",1.652,1.876,1.433,3,2.775,5.049,0.266,1.047,0.657,8.858,2.553,6.643,8.445,0.507,4.648,2.252,2.269,3.264,2.515,0.821,0.014,0.245,2.862,0.146,3.576,2.583,3.402,8.715,0.622,1.517,1.03,2.304,0.554,0.311,1.239,1.717,0,0.194,5.766,11.466,1.632,2.136,0.859,1.213,1.049,1.913,0.791,2.311,6.538,4.166,2.091,3.482,3.119,0.034,0.05,4.775,3.092,2.808,2.95
"2078-04",1.521,2.45,1.488,1.893,2.285,3.474,0.215,1.97,1.055,9.756,4.629,5.793,6.045,1.309,2.179,3.432,2.519,3.289,2.079,0.916,0.011,1.889,5.638,2.129,5.386,2.066,2.1,3.174,0.952,2.059,1.563,1.674,0.551,0.887,1.96,3.23,0.043,0.527,4.6,2.51,0.026,1.317,1.19,2.519,1.312,2.036,0.619,2.321,6.657,3.917,1.861,7.297,2.753,0.716,0.802,5.547,3.269,2.937,2.95
"2078-05",1.15,1.364,1.582,1.177,2.547,4.203,0.666,4.316,0.791,6.305,5.261,2.686,2.164,2.297,1.936,3.618,3.022,2.874,1.552,0.27,0.026,3.403,4.319,1.83,1.951,0.204,0.377,1.457,1.783,2.16,2.256,3.429,0.198,1.065,2.054,4.898,0.101,0.999,6.513,0.64,0.191,0.37,1.919,3.369,1.162,2.195,0.76,2.724,5.062,3.453,1.522,8.098,2.171,9.088,5.244,11.921,1.454,3.314,2.988
"2078-06",1.349,2.249,1.646,1.047,4.547,4.189,1.947,9.062,0.971,5.343,6.179,0.672,1.578,2.802,1.655,4.061,2.548,2.936,1.67,0.152,0.014,3.5,2.713,1.002,0.747,0.393,0.27,0.651,1.651,1.806,3.448,2.312,0.122,0.322,4.876,5.452,0.007,6.246,7.115,0.136,0.073,0.179,2.044,3.641,1.207,1.186,1.083,3.58,5.084,3.661,1.575,7.096,2.122,3.721,14.187,4.325,0.897,3.391,3.015
"2078-07",1.542,2.372,1.987,0.464,2.293,3.597,1.81,5.997,1.163,3.157,3.944,0.273,0.348,2.109,1.725,2.873,1.98,2.362,1.599,0.133,0.085,7.54,3.509,3.131,0.571,0.345,0.737,0.651,1.994,1.996,3.161,2.625,0.089,0.408,7.433,6.123,0.195,7.779,7.597,0.112,0.184,0.594,2.588,4.071,0.993,1.443,0.984,4.745,3.96,3.143,1.88,4.259,1.718,6.019,12.146,4.052,0.884,3.264,2.979
"2078-08",2.234,2.997,2.059,0.366,1.267,4.073,3.918,7.297,3.35,4.007,2.45,0.173,0.498,2.24,1.695,3.262,2.577,1.863,1.244,0.065,0.652,7.777,4.9,3.702,0.496,0.265,0.596,0.827,1.735,1.189,2.013,3.852,0.095,0.313,5.889,6.143,1.232,6.801,7.249,0.059,0.114,0.335,2.446,4.337,1.213,1.343,1.237,5.485,2.674,2.931,2.212,1.612,1.435,5.869,12.425,6.277,0.824,2.938,2.961
"2078-09",2.485,2.904,2.316,1.292,0.95,3.092,4.927,8.7,4.755,5.116,2.747,0.13,1.367,1.091,2.291,2.295,2.478,2.144,1.628,0.419,0.15,7.592,5.899,2.782,0.842,0.241,0.29,0.721,2.088,1.285,1.62,3.839,0.289,0.303,3.481,3.972,0.375,5.545,7.673,0.116,0.039,0.418,1.418,2.479,0.775,1.265,1.354,6.057,3.014,2.422,3.006,1.653,1.677,2.822,9.605,4.578,0.488,3.037,2.913
"2078-10",2.849,2.678,2.59,1.963,0.556,3.076,1.271,9.08,6.072,6.818,4.861,1.663,4.611,1.025,3.668,2.447,3.189,1.987,1.637,1.501,0.191,5.379,6.421,2.989,1.608,0.708,0.971,0.28,1.82,2.014,1.935,2.578,0.137,0.655,0.695,2.752,0.29,1.321,6.835,0.197,0.014,0.176,0.829,2.707,0.9,1.134,1.3,5.148,3.277,2.56,3.509,2.285,1.828,2.473,3.735,8.566,0.609,2.656,2.89
"2078-11",2.239,2.862,1.772,2.7,1.391,2.754,0.923,4.422,4.81,7.923,6.474,2.583,9.43,0.788,4.261,2.203,3.255,2.656,2.336,1.093,0.02,0.902,5.486,0.975,4.202,0.824,2.18,0.92,1.139,2.322,1.171,2.087,1.733,0.648,0.499,1.245,0.104,0.849,5.204,0.703,0.066,1.585,0.255,2.323,0.808,1.035,1.111,5.67,4.528,2.786,3.413,5.117,1.836,1.086,5.662,8.591,0.772,2.581,2.962
"2078-12",2.173,2.062,1.866,4.916,1.858,3.03,1.963,1.426,0.587,5.269,5.687,5.821,12.011,0.785,5.042,2.32,3.369,3.405,2.242,1.385,0.007,0.039,2.946,0.188,4.966,2.267,3.33,4.335,1.235,2.104,0.904,2.902,1.546,0.488,0.234,1.566,0.04,0.186,6.71,1.575,0.055,0.315,0.757,2.321,0.663,1.394,1.173,3.908,5.196,3.101,2.648,4.72,1.642,1.372,1.89,9.769,2.421,2.381,2.926
"2079-01",1.415,1.573,1.809,6.805,0.931,4.087,1.151,1.002,1.735,5.276,3.17,8.599,11.732,0.779,4.311,1.877,2.669,3.607,1.868,2.271,0.018,0.012,4.097,0.101,4.315,3.201,3.788,4.534,0.872,0.964,0.649,3.003,0.965,0.355,0.277,2.035,0.017,0.056,7.601,7.333,0.594,0.926,0.996,2.718,0.647,1.437,1.084,3.343,5.12,3.929,2.793,2.623,1.881,0.129,0.194,5.742,2.432,2.472,2.946
"2079-02",1.133,1.724,1.215,3.859,2.071,4.941,1.066,1,0.742,8.755,2.506,7.464,10.961,0.855,4.961,2.705,3.253,4.095,2.788,1.289,0.008,0.042,2.908,0.072,3.23,3.677,7.178,8.664,0.724,2.209,1.044,1.931,0.569,0.377,0.713,1.51,0.002,0.299,4.607,8.082,0.453,1.838,0.416,2.149,0.835,1.447,0.722,2.607,6.759,3.995,3.002,2.805,2.66,0.218,0.301,6.259,2.944,2.791,3.002
"2079-03",1.7,1.814,1.293,2.685,1.677,3.931,0.68,0.413,0.37,8.569,3.546,9.286,10.096,0.742,3.336,2.684,2.153,2.587,1.915,2.04,0.008,1.016,4.289,0.814,2.916,3.087,2.707,7.124,0.956,1.837,1.44,2.235,1.109,0.642,2.012,2.758,0.008,0.262,3.954,3.926,0.197,0.325,0.594,2.298,1.192,1.448,0.98,1.987,7.023,4.478,2.263,5.783,2.973,0.17,0.179,4.273,3.443,3.081,2.977
"2079-04",1.505,1.624,1.314,2.525,2.077,4.316,0.318,1.103,0.767,6.496,4.899,5.213,4.08,0.687,2.438,1.411,2.006,3.082,2.323,1.288,0.011,1.447,4.882,0.804,4.447,1.562,3.626,3.787,1.263,1.657,2.145,2.425,0.614,1.639,1.806,3.793,0,0.2,5.721,1.902,0.01,0.154,0.836,1.631,1.218,2.016,0.951,2.268,6.858,3.208,1.728,7.211,2.766,0.08,0.473,6.753,3.248,3.465,2.917
"2079-05",1.664,2.019,2.095,1.02,2.343,4.069,0.482,5.02,3.221,6.174,4.79,1.637,3.827,1.611,2.682,3.612,1.694,2.733,2.121,0.501,0.013,2.248,3.281,2.11,1.495,0.364,0.728,1.656,1.436,2.078,2.697,2.308,0.168,0.446,3.707,4.427,0.08,1.94,5.242,0.662,0.071,0.231,1.257,2.582,1.18,1.752,0.838,2.579,7.221,3.509,1.699,6.721,2.385,4.994,4.609,9.947,2.116,3.315,3
"2079-06",1.368,2.468,2.205,1.128,3.588,3.9,1.665,9.484,1.784,3.012,3.861,0.724,1.687,1.622,2.255,1.896,1.891,2.675,3.004,0.192,0.025,3.136,1.471,0.934,0.588,0.262,0.359,0.902,1.577,1.75,3.286,2.529,0.106,0.393,5.86,6.818,0.012,6.042,6.856,0.322,0.74,0.705,1.805,2.684,1.025,1.86,0.785,3.745,7.47,2.927,1.351,4.609,1.84,6.048,16.579,4.425,1.213,3.455,3.027
"2079-07",1.292,2.526,1.954,0.441,2.167,4.028,2.999,6.623,1.093,4.141,3.654,0.157,1.746,2.068,2.825,2.284,2.235,1.385,2.259,0.073,0.078,6.688,3.064,2.533,0.497,0.532,0.376,0.616,1.903,2.041,3.292,3.882,0.092,0.313,7.039,5.085,0.254,8.249,6.366,0.211,0.129,0.189,2.442,3.715,0.952,2.04,1.165,4.275,7.024,2.701,1.49,3.67,2.246,4.129,12.895,4.573,0.929,3.323,3.032
"2079-08",2.313,3.383,2.12,0.25,1.543,3.164,2.568,7.028,2.63,2.932,2.401,0.156,0.357,1.12,1.255,2.34,2.521,1.066,1.617,0.09,0.342,8.763,4.412,4.021,0.487,0.218,0.363,0.638,2.171,1.723,1.343,3.276,0.077,0.344,6.593,6.525,0.354,6.819,6.647,0.096,0.125,0.643,2.3,3.219,1.132,1.19,1.16,5.402,5.158,2.443,2.16,1.757,1.777,6.132,15.144,4.214,0.659,3.01,2.956
"2079-09",3.324,3.136,3.17,1.191,1.167,2.461,2.077,7.565,3.03,4.92,2.081,0.047,1.353,1.508,2.739,2.514,2.505,1.184,0.63,0.173,0.299,7.555,5.612,2.939,0.815,0.157,0.128,0.567,2.304,1.044,1.68,2.717,0.166,0.157,4.111,4.188,0.513,6.389,6.534,0.051,0.117,0.388,1.858,2.875,0.985,1.552,1.731,6.444,4.769,2.418,2.618,1.552,1.311,3.39,13.397,4.074,0.512,2.802,2.952
"2079-10",3.083,3,2.848,2.378,1.461,3.055,2.539,9.792,5.118,6.265,2.612,0.398,2.569,1.499,3.861,2.561,2.086,1.755,2.67,1.373,0.031,3.864,5.974,2.276,2.357,0.407,0.577,0.303,1.849,1.773,1.502,2.866,0.605,0.236,2.397,1.523,0.062,2.819,5.066,0.239,0.017,0.239,0.552,1.779,0.881,1.254,1.165,5.205,5.023,2.284,3.665,2.978,1.786,2.167,4.562,8.836,0.695,2.68,2.877
"2079-11",1.918,2.439,2.032,3.23,3.257,3.121,2.133,4.441,5.341,7.276,6.164,2.904,5.894,0.789,3.903,2.256,3.66,2.679,2.669,1.354,0.031,0.599,4.903,1.695,6.716,1.436,4.633,4.763,1.739,2.186,1.519,3.396,2.121,0.674,1.098,0.938,0.188,0.368,5.995,0.324,0.055,1.027,0.468,2.367,0.644,0.954,0.992,4.625,3.609,2.434,3.372,3.224,1.759,3.652,5.275,11.45,1.216,2.627,2.915
"2079-12",2.364,1.97,1.708,6.432,1.618,4.94,1.737,3.388,3.401,6.835,5.249,5.483,11.346,0.902,4.429,2.999,2.85,3.364,2.964,1.319,0.014,0.037,3.036,0.115,5.009,1.844,5.741,6.533,1.132,1.571,0.668,1.604,1.498,0.29,0.468,0.998,0.015,0.246,7.69,2.126,0.121,1.086,0.635,2.604,0.726,0.673,0.995,4.351,4.009,2.719,3.233,2.804,1.905,0.674,0.461,10.229,2.23,2.4,2.937
"2080-01",2.772,2.295,1.29,3.937,1.285,4.895,0.552,0.7,0.696,4.315,3.301,9.136,11.711,0.583,5.73,1.967,2.699,1.332,1.7,1.154,0.038,0.003,1.85,0.029,2.939,2.199,7.216,9.479,1.175,1.817,0.694,1.566,1.193,0.28,0.217,0.844,0.025,0.027,7.082,11.406,2.127,3.543,1.047,3.179,0.71,1.758,0.908,3.689,5.968,2.996,3.113,3.093,2.291,0.133,0.121,6.387,3.808,2.401,3.043
"2080-02",2.088,1.834,0.825,2.688,2.048,4.272,0.564,0.733,0.761,5.213,2.022,6.548,10.04,0.593,4.277,2.84,2.922,2.896,1.407,1.196,0.008,0.005,2.459,0.028,3.322,2.943,6.985,7.069,0.77,0.694,0.565,1.465,1.257,1.151,1.047,3.015,0.005,0.065,4.543,9.613,0.665,1.104,0.857,2.353,0.916,1.162,0.876,2.936,7.157,3.843,2.829,2.69,2.947,0.038,0.038,4.287,4.078,2.844,2.986
"2080-03",1.219,1.94,1.302,2.947,1.972,2.295,1.472,0.748,0.644,6.686,2.131,6.668,7.122,0.775,3.61,2.402,1.975,3.478,2.249,1.713,0.005,0.52,4.095,0.678,4.306,3.245,4.4,5.798,0.642,1.573,1.33,1.794,0.878,0.569,1.772,2.289,0.044,0.265,3.823,4.284,0.315,0.719,0.448,1.078,1.08,1.832,0.606,2.617,6.947,4.514,2.687,4.009,3.737,0.226,0.157,4.071,3.206,2.914,2.929
"2080-04",1.346,1.894,1.977,2.273,1.866,2.832,0.357,3.099,1.127,7.94,6.576,3.648,4.562,0.457,2.472,1.823,2.008,2.964,1.352,0.982,0.016,1.649,5.065,2.123,5.171,1.809,3.747,4.898,0.696,0.794,1.823,2.45,1.013,1.107,2.337,3.297,0.131,0.367,4.453,1.249,0.095,0.582,1.301,2.841,1.145,2.321,0.658,3.231,6.2,3.543,1.945,6.117,2.516,0.344,0.309,4.364,3.656,3.283,2.934
"2080-05",1.17,2.095,1.453,2.331,3.529,4.738,0.394,7.876,2.467,6.608,5.236,2.421,1.563,3,2.818,3.613,1.793,3.226,2.453,0.568,0.028,3.125,4.28,1.558,2.214,0.29,0.698,0.79,1.181,2.412,2.662,2.349,0.666,0.926,2.47,3.618,0.093,0.83,5.58,0.586,0.113,0.682,1.268,4.109,0.982,2.013,0.74,3.105,5.774,3.224,1.802,8.685,2.617,2.062,5.043,10.451,2.17,3.423,3.047
"2080-06",1.583,2.557,2.266,0.978,2.359,4.006,1.486,11.537,5.699,4.304,4.759,0.411,0.688,2.221,2.367,2.443,1.629,3.229,2.128,0.559,0.021,4.259,2.969,1.479,0.854,0.623,0.569,0.861,1.295,2.16,2.694,3.054,0.26,0.379,4.84,6.195,0.016,5.649,7.568,0.26,0.284,0.485,1.384,2.563,0.939,1.852,0.799,3.484,5.611,2.998,1.634,6.428,2.159,8.18,15.975,3.953,1.088,3.455,3.036
"2080-07",2.084,2.402,2.247,0.358,1.642,4.099,2.204,7.045,2.485,2.453,2.73,0.231,0.16,2.023,1.118,2.707,2.192,1.851,1.557,0.093,0.06,6.684,2.633,3.061,0.384,0.48,0.52,1.047,2.288,1.413,2.565,4.512,0.149,0.995,7.006,5.62,0.333,7.906,6.791,0.183,0.077,0.215,2.752,2.933,1.146,1.184,1.478,4.849,5.029,3.19,1.628,4.079,1.694,8.245,13.433,5.304,1.174,3.312,3.056
"2080-08",2.399,2.614,1.701,0.176,0.999,3.467,2.259,7.549,2.216,3.991,2.589,0.251,0.205,2.173,1.334,2.602,2.392,1.26,1.264,0.05,0.375,9.14,4.971,3.922,0.732,0.255,0.394,0.59,2.593,1.204,2.004,3.308,0.127,0.489,5.604,5.471,0.751,7.045,5.57,0.048,0.045,0.37,1.693,3.497,1.077,1.626,1.425,5.803,4.33,2.422,2.057,1.766,1.556,3.804,10.741,5.392,0.554,3.009,2.886
"2080-09",2.251,2.553,3.093,0.771,1.108,3.68,2.875,8.259,4.339,4.195,1.754,0.066,1.093,1.796,2.541,2.665,2.367,1.939,0.991,0.525,0.231,7.325,5.93,3.084,0.929,0.174,0.413,0.454,2.916,0.626,2.062,3.692,0.17,0.214,4.272,4.123,0.184,5.249,5.159,0.03,0.024,0.115,1.269,3.39,1.01,1.623,1.769,6.357,3.667,2.527,2.943,1.611,2.02,2.853,10.039,6.973,0.621,2.867,2.964
"2080-10",2.785,2.814,2.344,1.473,1.262,3.32,2.098,10.895,8.246,8.139,3.695,0.11,1.958,2.232,2.377,2.855,3.072,2.783,1.41,1.012,0.105,4.815,7.073,3.134,3.133,0.477,0.368,0.254,1.917,1.683,1.786,3.627,0.673,0.556,1.841,1.982,0.385,1.964,4.185,0.123,0.01,0.063,0.89,2.692,0.862,0.975,1.563,5.051,3.968,2.421,3.871,2.276,1.765,1.548,6.513,10.623,0.667,2.793,2.905
"2080-11",1.363,2.981,1.787,3.353,1.709,3.651,1.897,4.379,3.779,6.603,5.234,3.462,7.752,0.984,4.826,1.959,3.859,2.694,2.81,0.969,0.016,1.185,5.811,0.984,3.577,1.538,1.564,1.055,1.4,1.901,0.945,2.266,0.499,0.321,0.476,1.462,0.02,1.246,6.756,0.404,0.069,0.268,0.989,2.154,0.581,0.829,1.369,5.025,4.224,2.626,3.24,3.26,1.931,5.172,10.242,9.442,1.026,2.628,2.933
"2080-12",2.471,2.822,1.947,2.902,1.006,3.246,1.191,2.152,1.513,6.284,4.846,4.073,8.858,0.943,4.942,3.116,3.23,3.339,1.591,2.088,0.015,0.096,4.76,0.494,5.673,2.428,3.185,4.458,1.26,1.423,1.052,1.873,1.154,0.181,0.897,1.077,0.007,0.171,5.56,1.573,0.037,0.18,0.741,2.548,0.673,1.157,1.278,4.434,7.092,2.853,2.541,4.034,1.997,0.805,0.58,9.8,0.965,2.419,2.945
"2081-01",2.081,1.844,1.898,5.123,1.265,4.391,0.539,1.111,1.23,7.491,4.965,6.288,12.317,0.819,5.707,2.842,3.227,1.846,1.927,1.85,0.02,0.167,3.078,0.046,3.751,3.013,6.185,8.692,0.886,1.237,0.655,2.064,1.981,0.405,2.484,1.444,0.023,0.361,6.825,8.709,0.388,1.817,0.43,2.032,0.708,1.12,0.912,3.037,6.265,3.044,2.721,5.026,1.57,0.055,0.171,5.545,2.839,2.43,2.953
"2081-02",2.044,1.654,0.992,3.265,1.49,3.744,0.321,0.519,1.127,7.389,3.185,8.01,11.259,0.79,4.963,2.275,3.095,2.977,1.574,1.666,0.018,0.015,2.663,0.16,5.051,2.532,4.915,8.895,0.97,1.119,0.643,1.843,0.947,0.563,1.319,2.563,0.032,0.152,5.369,6.506,0.641,1.919,0.901,2.351,1.053,1.605,0.872,2.384,7.333,3.795,2.975,3.068,2.26,0.111,0.036,6.227,4.413,2.639,3.007
"2081-03",1.157,2.049,1.393,1.303,1.544,2.562,2.48,0.49,0.402,6.646,2.476,7.51,9.966,1.014,4.343,4.381,3.421,3.013,1.314,0.741,0.009,0.12,2.586,0.35,3.747,3.688,3.404,7.422,0.988,0.898,1.376,1.944,0.828,0.779,2.044,2.943,0.006,0.231,4.585,7.824,0.673,0.736,1.247,2.186,1.068,1.893,1.023,2.243,7.833,4.392,2.233,3.499,2.044,0.077,0.239,3.686,3.916,3.017,2.978
"2081-04",1.762,1.495,1.377,2.943,2.203,3.576,0.83,1.097,0.457,8.15,6.249,5.226,7.11,1.135,3.294,3.148,2.46,1.945,1.255,0.756,0.042,1.332,4.673,2.529,4.411,1.791,1.242,2.569,0.892,0.827,2.041,1.94,2.053,1.008,3.036,5.26,0.536,0.574,3.86,1.509,0.056,1.068,1.114,3.066,1.19,1.461,0.788,2.486,5.192,4.133,1.662,6.574,2.227,0.202,1.356,6.215,3.679,3.318,2.908
"2081-05",1.628,2.167,2.171,2.056,1.993,2.994,0.775,5.842,3.794,5.879,5.787,1.871,1.779,1.795,2.21,2.894,1.832,2.624,2.613,0.492,0.026,2.437,3.591,1.539,2.49,0.562,0.61,0.927,1.532,2.266,1.835,2.853,0.692,0.963,2.222,4.679,0.071,0.546,7.923,0.551,0.047,0.744,1.935,2.991,1.061,1.93,0.889,3.119,5.471,3.632,1.935,7.699,2.368,0.739,5.089,5.868,2.145,3.513,3.003
"2081-06",1.614,2.393,1.926,0.5,2.29,4.752,1.343,10.695,5.725,4.995,4.943,0.197,0.742,2.243,2.586,2.821,2.315,2.278,2.787,0.201,0.026,6.276,3.017,1.553,0.633,0.548,0.405,1.101,1.5,1.845,3.042,3.032,0.27,0.582,4.441,5.769,0.067,4.487,7.057,0.077,0.114,0.456,2.982,4.71,0.893,1.866,0.801,3.636,4.404,3.204,1.794,5.451,2.365,8.213,8.185,6.79,0.999,3.316,3.025
"2081-07",1.709,2.549,2.377,0.206,1.358,3.776,1.96,7.354,2.097,3.06,3.287,0.218,0.189,1.932,1.743,2.158,2.057,2.086,1.638,0.109,0.095,7.11,2.395,2.786,0.206,0.245,0.417,0.541,2.532,1.666,2.331,3.175,0.088,0.279,6.259,7.354,0.259,7.578,8.35,0.129,0.291,0.807,2.163,3.219,0.982,1.668,1.394,5.086,4.124,2.963,1.778,2.685,2.241,7.917,13.838,4.343,0.792,3.088,3.01
"2081-08",2.177,2.555,2.031,0.134,0.904,3.585,2.5,8.097,2.019,3.768,2.353,0.301,1.805,1.775,3.086,2.234,1.918,0.932,0.635,0.106,0.173,7.648,3.481,3.44,0.409,0.23,0.13,0.651,3.134,0.623,1.72,4.37,0.13,0.71,5.737,5.909,0.375,7.682,6.674,0.047,0.046,0.25,2.383,3.446,0.931,1.533,1.77,5.701,3.737,3.053,2.117,1.147,1.839,4.697,12.877,2.78,0.624,3.004,2.915
"2081-09",2.824,3.018,2.326,1.009,2.71,3.975,4.41,7.668,4.471,4.906,2.366,0.14,0.435,1.079,1.896,1.711,2.935,0.969,1.034,0.381,0.252,6.412,5.244,3.284,1.363,0.459,1.015,0.276,2.073,0.694,1.565,3.34,0.089,0.235,4.387,4.511,1.161,6.124,7.055,0.106,0.01,0.098,1.42,3.164,0.907,2.267,1.924,5.227,4.174,2.276,2.852,1.406,1.88,4.393,9.848,5.07,0.789,2.959,2.905
"2081-10",2.851,3.314,2.998,1.576,1.891,4.425,3.073,8.14,4.672,6.682,2.834,0.129,2.198,1.182,2.868,2.282,2.61,3.347,1.748,1.129,0.296,4.711,5.775,3.781,1.845,0.582,0.562,0.309,1.723,1.184,1.498,2.796,0.353,0.669,1.121,2.123,0.504,2.658,5.359,0.226,0.009,0.058,0.8,2.666,0.912,1.658,1.527,5.674,4.074,2.329,3.172,2.081,1.556,6.777,5.69,9.926,0.708,2.838,2.946
"2081-11",3.128,3.338,2.101,2.129,1.451,3.903,0.799,5.857,5.255,6.979,5.611,2.925,9.178,0.749,4.937,2.272,2.572,1.533,1.917,1.61,0.031,0.982,6.077,0.721,3.683,2.126,2.046,2.143,1.27,2.145,1.537,2.643,1.24,0.46,0.36,1.224,0.082,0.697,5.832,0.356,0.029,0.337,0.73,2.97,0.523,1.486,1.381,5.112,5.208,2.456,3.131,3.777,1.932,1.54,8.03,8.082,0.806,2.396,2.929
"2081-12",1.867,2.381,2.08,3.471,1.639,3.577,0.656,1.373,2.087,6.215,4.9,4.788,9.87,1.297,5.816,2.62,3.968,2.764,0.746,1.664,0.014,0.346,3.907,0.279,6.71,2.806,4.732,7.133,1.346,0.86,0.651,1.545,1.743,0.489,1.09,2.209,0.024,0.063,5.939,2.049,0.097,0.285,0.938,1.932,0.599,1.192,1.47,4.405,5.152,2.786,2.578,3.559,2.076,0.618,0.184,10.18,1.686,2.381,2.911
"2082-01",2.327,1.501,1.463,3.783,1.515,5.046,2.426,0.904,0.955,4.257,3.353,10.522,11.785,1.125,4.454,2.928,2.527,3.42,2.252,1.549,0.017,0.014,2.367,0.056,4.619,3.147,7.418,9.556,1.326,1.485,0.501,1.888,1.24,0.299,0.911,1.326,0.017,0.119,6.995,11.248,1.324,0.812,0.503,2.427,0.651,0.98,1.103,3.35,5.208,3.753,2.946,3.403,1.993,0.104,0.121,6.296,2.048,2.541,3.011
"2082-02",1.55,1.593,1.66,2.435,1.654,3.774,0.243,0.431,0.581,6.37,2.947,9.136,11.712,0.721,4.406,2.289,3.018,2.706,1.926,1.438,0.038,0.12,3.074,0.118,4.243,3.745,8.066,9.702,0.654,1.55,0.908,1.442,1.372,0.464,0.786,1.596,0.005,0.102,5.191,10.416,2.131,2.577,0.237,1.666,0.886,1.578,0.742,2.829,6.545,3.885,2.806,3.313,2.147,0.325,0.077,5.711,2.48,2.78,2.983
"2082-03",1.81,1.913,1.436,2.756,1.873,4.989,0.656,0.56,0.29,7.767,3.356,10.312,8.521,0.591,3.88,1.913,2.78,2.626,1.924,0.903,0.012,0.327,3.497,0.109,3.101,3.301,4.087,7.053,0.755,2.146,1.414,2.283,0.798,0.573,1.791,1.876,0.004,0.291,3.82,11.616,0.671,1.243,1.401,1.674,1.054,1.667,0.81,2.557,7.058,4.072,2.213,4.049,2.686,0.053,0.094,3.379,3.18,3.062,2.976
"2082-04",1.517,1.852,1.594,2.416,3.287,3.964,0.121,1.606,0.415,8.542,5.706,5.008,4.495,1.475,2.737,2.384,2.05,3.382,1.83,1.361,0.03,2.639,5.84,1.938,3.771,1.617,1.793,3.3,0.681,1.706,1.72,2.257,0.779,1.166,2.407,4.267,0.079,0.753,2.292,1.497,0.019,0.571,0.93,2.034,1.097,1.908,0.76,2.81,6.448,3.955,1.999,6.813,2.209,0.188,1.209,6.513,2.776,3.08,2.893
"2082-05",1.874,2.075,2.252,1.99,3.3,3.374,0.479,4.98,2.051,5.729,4.698,1.539,1.325,1.648,2.171,2.825,1.498,2.947,2.001,0.696,0.036,3.47,5.185,2.029,2.102,0.347,0.353,0.772,1.396,1.525,2.458,2.751,0.577,1.435,3.056,5.386,0.017,1.503,6.016,0.423,0.018,0.259,1.59,2.702,1.134,2.065,0.65,3.212,5.798,3.409,1.317,8.213,2.074,5.369,6.637,10.434,1.688,3.39,3.024
"2082-06",1.17,1.936,2.48,1.022,2.529,3.853,3.033,8.874,0.919,4.038,4.425,0.419,0.614,1.799,1.572,2.435,2.391,2.703,2.847,0.207,0.018,3.144,2.013,1.253,0.688,0.292,0.286,0.698,1.725,2.062,3.565,1.876,0.12,0.395,5.145,5.793,0.019,7.694,6.337,0.271,0.686,1.751,2.398,3.625,1.06,2.051,1.155,4.338,7.231,2.953,1.466,4.88,1.716,7.376,20.069,4.372,0.823,3.448,3.085
"2082-07",1.967,2.419,2.432,0.341,1.637,3.938,2.571,6.998,1.922,2.322,2.457,0.253,0.233,3.071,1.489,2.789,2.341,1.724,1.976,0.128,0.097,7.744,2.763,2.557,0.383,0.164,0.676,1.135,2.23,1.649,3.599,2.651,0.154,0.768,7.854,6.521,0.038,6.823,6.133,0.228,0.018,0.139,2.12,2.935,1.228,1.514,1.184,5.037,6.367,2.8,1.48,3.712,2.165,3.578,13.142,3.334,1.235,3.253,3.035
"2082-08",2.248,2.817,2.331,0.515,2.098,4.02,3.335,6.466,2.269,3.239,2.179,0.042,0.286,2.227,1.367,2.702,2.659,1.22,0.954,0.101,0.712,9.518,4.649,3.07,0.356,0.163,0.278,0.708,2.133,1.219,2.156,3.508,0.097,0.312,5.584,6.481,0.542,6.587,4.695,0.053,0.025,0.488,2.261,3.734,1.111,1.982,1.518,5.446,5.51,2.709,2.173,1.626,1.975,4.365,10.576,4.083,0.813,3.049,2.971
"2082-09",2.306,3.067,2.683,1.667,2.275,3.371,4.551,9.997,4.283,4.111,1.773,0.094,0.281,2.145,1.047,3.193,3.057,1.347,1.048,0.221,0.514,8.657,5.987,2.798,0.733,0.205,0.147,0.246,2.21,1.323,1.853,2.434,0.273,0.902,3.567,3.478,0.277,5.863,6.431,0.04,0.022,0.207,1.465,3.061,1.015,1.251,1.865,6.327,4.485,2.265,3.004,1.779,1.456,1.607,9.736,3.68,0.39,2.834,2.925
"2082-10",2.351,2.252,2.278,1.615,1.287,3.389,2.864,7.973,4.582,6.257,2.268,0.069,1.326,0.834,3.102,1.808,3.232,2.44,1.414,1.176,0.234,5.252,7.045,3.563,3.352,0.762,1.195,1.065,2.001,1.658,2.05,3.343,0.483,0.448,1.322,2.684,0.181,2.055,3.83,0.043,0.021,0.271,0.717,2.619,0.977,1.884,2.06,4.739,6.056,2.359,3.825,2.009,1.694,3.236,3.304,8.14,0.871,2.745,2.886
"2082-11",1.894,2.964,1.656,3.077,3.03,5.219,2.309,5.32,2.941,6.676,3.556,1.741,5.19,0.848,4.802,1.771,3.111,3.53,2.332,1.664,0.028,1.353,5.975,1.146,6.208,1.335,2.626,1.593,1.45,1.296,1.033,2.22,1.065,0.396,1.544,1.883,0.032,1.617,5.008,0.5,0.252,1.667,0.435,1.329,0.73,1.917,1.173,5.196,4.889,2.123,3.459,2.872,1.877,5.563,7.846,10.598,1.047,2.5,2.931
"2082-12",1.048,2.295,1.537,3.318,1.794,5.099,1.21,2.067,2.165,5.914,3.986,4.241,6.567,0.473,5.202,1.659,2.875,3.552,2.872,2.031,0.031,0.03,3.044,0.304,5.428,1.519,4.6,4.333,0.989,2.37,0.998,2.94,1.505,0.584,0.302,1.37,0.017,0.153,5.967,1.351,0.096,0.868,0.699,2.334,0.517,1.572,1.014,3.556,7.064,2.637,3.232,2.779,2.127,1.773,2.579,13.678,1.97,2.561,2.975
"2083-01",1.242,2.569,1.452,1.189,1.379,3.142,1.217,0.85,1.513,4.569,1.466,5.314,6.932,0.519,5.027,1.931,2.681,2.912,0.576,3.253,0.074,0.054,3.611,0.05,3.744,2.055,4.72,8.852,0.962,0.67,0.544,1.592,1.288,0.282,0.591,1.279,0.007,0.039,6.849,7.034,0.315,1.06,0.551,3.398,0.643,1.577,1.052,2.354,10,3.409,3.389,2.109,2.482,0.361,0.286,6.055,2.165,2.526,2.974
"2083-02",1.086,1.884,1.292,2.504,2.36,3.449,2.51,0.48,1.411,5.038,1.991,7.256,5.256,0.432,3.293,1.5,3.373,4.597,3.028,1.934,0.015,0.03,3.302,0.197,4.976,3.476,6.619,6.695,0.961,1.727,1.093,1.471,1.241,0.525,0.88,2.034,0.142,0.217,3.822,8.057,0.651,3.203,0.717,2.912,1.155,1.503,0.778,2.293,9.217,3.078,3.124,2.932,3.246,0.143,0.224,8.031,3.47,2.647,3.018
"2083-03",1.708,2.079,1.315,2.769,2.817,4.269,0.475,1.353,1.814,5.897,2.568,6.071,7.209,0.531,3.694,1.895,2.647,3.265,2.264,2.122,0.021,0.156,3.166,0.625,4.035,2.053,2.811,6.183,0.952,1.554,1.338,2.034,1.557,0.667,2.4,2.646,0.004,0.683,3.838,3.665,0.53,1.486,1.188,2.257,0.891,2.276,0.794,1.448,9.68,3.708,2.908,3.313,3.303,0.046,0.047,4.621,4.245,3.126,2.988
"2083-04",1.198,2.231,1.972,3.302,2.236,3.632,0.218,2.042,1.552,10.471,9.3,4.193,4.28,0.742,3.299,2.449,2.24,2.031,2.588,1.332,0.028,0.946,3.596,1.286,3.834,1.333,2.049,2.375,1.208,2.714,1.838,2.713,1.634,1.236,2.045,3.555,0.109,0.598,5.269,6.069,0.957,2.025,2.028,3.491,1.238,2.251,0.863,1.683,9.668,3.008,1.752,6.704,2.26,0.194,0.984,3.003,2.822,3.03,2.998
"2083-05",1.752,2.186,2.035,1.984,2.765,3.282,0.416,4.685,0.886,7.778,7.469,2.392,2.061,2.36,2.98,2.951,1.186,2.152,2.64,1.341,0.022,3.02,3.599,2.109,2.494,0.265,0.965,0.855,1.405,2.757,2.609,3.47,0.869,0.903,2.895,4.47,0.079,1.361,6.068,1.063,0.86,0.423,2.276,3.077,1.194,2.285,0.692,1.641,9.578,2.862,1.207,7.899,2.578,1.669,2.104,10.288,2.473,3.496,3.104
"2083-06",1.807,2.483,2.485,0.948,1.685,3.55,1.031,8.608,2.188,3.604,4.264,0.8,0.622,1.383,1.365,1.956,2.443,2.635,1.302,0.948,0.018,4.442,2.642,1.623,0.746,0.468,0.742,0.612,1.701,2.382,1.875,2.925,0.485,1.212,3.815,5.541,0.016,2.993,9.747,0.448,1.752,1.081,2.651,2.31,1.13,2.272,0.966,3.03,8.404,2.615,1.446,5.293,2.003,5.581,7.803,6.383,1,3.521,3.074
"2083-07",1.362,2.69,2.882,0.455,1.605,4.338,2.098,9.17,2.858,3.393,3.217,0.323,0.479,1.795,1.916,2.37,1.515,2.32,1.447,0.268,0.058,5.83,2.745,2.255,0.438,0.405,0.504,0.643,2.603,1.516,3.193,2.873,0.187,0.613,6.181,6.583,0.72,8.197,8.274,0.129,0.233,0.667,2.76,3.153,1.155,1.612,1.408,3.839,5.781,2.516,1.843,3.265,1.901,8.903,16.087,4.894,0.87,3.194,3.014
"2083-08",2.186,2.635,2.513,0.219,0.543,3.396,2.322,9.089,3.153,4.6,2.527,0.255,0.366,1.611,2.061,2.69,2.629,1.265,1.397,0.09,0.879,6.693,4.632,5.052,0.551,0.282,0.365,0.633,2.212,1.243,2.176,4.685,0.166,0.308,5.459,6.21,2.024,7.77,7.271,0.11,0.01,0.357,1.959,3.219,0.991,1.825,1.181,5.392,4.945,2.138,2.078,1.311,1.808,5.962,12.122,6.691,0.874,3.1,3.037
"2083-09",2.135,3.243,2.405,0.103,1.221,3.446,2.887,7.178,4.074,4.245,1.536,0.104,0.796,1.29,2.93,2.955,1.942,1.74,2.071,0.666,0.217,5.408,5.533,3.608,1.134,0.251,0.226,0.216,1.593,1.532,2.032,4.333,0.185,0.093,3.429,4.693,1.619,6.559,8.205,0.136,0.019,0.813,0.922,2.255,0.793,1.649,1.195,5.169,3.533,2.153,3.189,0.961,1.868,6.685,12.119,6.999,0.488,3.062,2.9
"2083-10",2.105,3.15,2.796,1.895,0.894,3.392,1.75,8.164,4.812,6.504,1.819,1.128,1.848,1.118,3.014,2.153,3.452,3.264,2.229,0.587,0.115,4.509,6.534,4.732,2.757,0.383,0.66,0.662,1.937,1.585,1.845,2.372,0.349,0.676,1.046,2.836,0.478,3.013,7.19,0.185,0.022,0.277,1.346,2.907,0.712,1.279,1.596,5.426,3.963,2.218,3.447,1.348,1.987,2.785,4.704,8.778,0.713,2.819,2.922
"2083-11",2.264,3.242,2.317,3.487,2.323,1.838,1.163,4.216,5.387,7.433,3.349,1.184,4.282,0.493,3.849,2.226,3.187,2.232,2.101,1.861,0.026,1.533,6.11,1.119,5.622,1.083,4.181,2.715,1.472,1.836,1.266,2.391,1.569,0.416,0.976,1.835,0.148,0.236,3.977,0.375,0.037,0.481,0.543,2.732,0.615,1.139,1.357,5.504,4.55,2.696,3.534,3.154,2.004,2.439,1.609,10.354,1.454,2.699,2.937
"2083-12",2.291,2.124,1.919,3.03,1.111,4.076,0.862,2.205,1.651,7.027,5.983,4.26,9.149,1.163,4.578,2.599,3.466,2.621,1.723,2.135,0.006,0.354,3.758,0.118,5.099,2.478,5.079,4.586,1.196,0.834,0.767,2.246,0.976,0.398,1.579,2.4,0.002,0.288,7.275,2.925,0.058,1.658,0.591,2.365,0.675,0.924,1.475,4.457,4.311,2.867,2.456,4.776,1.661,0.378,0.48,11.303,2.624,2.441,2.979
"2084-01",1.565,2.199,1.193,3.615,1.683,3.991,1.613,0.763,1.034,6.646,3.775,7.212,11.419,0.727,4.439,2.971,2.877,4.368,3.334,1.326,0.014,0.018,2.473,0.092,4.576,2.571,6.135,8.822,0.987,2.209,0.913,1.487,0.919,0.206,0.39,0.632,0.187,0.08,7.41,8.911,0.852,1.181,1.173,3.85,0.703,0.981,1.24,3.225,5.458,3.49,3.084,2.794,2.067,0.109,0.11,7.855,2.739,2.436,2.986
"2084-02",2.189,1.707,1.932,5.874,2.48,4.871,2.443,0.595,0.981,7.726,4.909,6.214,12.817,0.745,3.971,1.953,3.329,2.407,1.117,1.624,0.017,0.073,3.646,0.029,2.752,3.268,3.191,8.267,0.639,0.842,0.721,1.765,1.461,0.723,1.209,2.228,0.003,0.193,4.715,9.755,0.913,0.987,0.552,2.744,1.191,1.696,1.135,2.798,5.718,4.427,2.214,3.585,2.089,0.029,0.068,4.79,3.455,2.714,2.995
"2084-03",2.196,1.841,1.544,4.062,1.666,3.988,0.29,0.655,0.34,10.07,6.033,9.245,13.362,1.32,3.276,2.103,3.036,2.194,1.404,0.503,0.011,0.436,3.449,0.117,2.921,1.939,1.665,6.347,1.285,1.497,1.019,2.061,1.048,1.083,2.627,3.651,0.379,0.192,4.359,4.281,0.145,1.414,0.71,2.478,1.208,1.708,1.181,2.51,5.637,3.927,2.089,4.113,2.655,0.033,0.125,4.047,5.401,2.9,2.945
"2084-04",1.776,1.986,1.48,2.029,3.53,4.059,0.383,1.859,0.768,10.934,5.64,4.697,5.048,1.458,2.765,2.619,2.076,1.922,1.782,1.386,0.033,2.472,5.033,0.599,3.401,0.879,1.001,1.858,0.955,1.546,1.8,2.698,1.819,1.325,1.55,3.861,0.047,0.445,3.457,1.36,0.013,0.419,1.006,3.513,1.222,2.121,0.759,2.693,6.388,3.865,1.667,9.259,2.173,0.147,0.445,5.908,3.021,3.324,2.949
"2084-05",1.362,1.908,2.512,0.968,1.362,3.243,0.691,6.617,5.315,7.06,5.862,1.497,2.129,1.712,2.78,2.848,2.108,2.165,2.054,0.749,0.045,3.154,4.542,1.164,1.661,0.245,0.646,0.466,1.57,1.934,2.181,2.863,1.427,1.673,2.325,4.546,0.01,0.629,6.474,1.815,0.011,0.164,1.576,3,1.185,1.995,0.809,3.546,5.405,3.399,1.481,7.325,2.5,1.005,6.749,9.69,1.396,3.554,3.05
"2084-06",1.106,2.6,2.367,0.303,1.25,5.73,1.516,12.369,4.839,4.294,4.211,0.397,1.09,2.064,2.267,2.544,2.283,1.708,2.127,0.153,0.015,4.994,2.849,1.481,0.407,0.321,0.292,1.009,2.343,2.753,2.777,2.028,0.232,0.542,4.313,6.731,0.021,5.688,9.388,0.269,0.08,0.374,1.755,2.542,1.067,2.062,0.845,3.494,5.489,3.141,1.527,5.451,1.949,6.736,10.45,4.638,0.779,3.343,3.05
"2084-07",2.269,2.49,2.251,0.117,1.388,4.659,2.401,8.619,1.919,3.214,2.832,0.164,0.251,3.085,1.481,3.35,1.981,1.295,0.861,0.073,0.142,6.363,3.206,3.503,0.351,0.179,0.232,0.853,2.852,1.167,2.15,2.528,0.18,0.628,6.359,5.395,0.822,7.925,7.919,0.124,0.248,1.137,2.16,3.075,1.068,1.879,1.431,4.868,4.751,3.017,1.513,3.075,1.538,7.801,12.376,4.973,0.685,3.099,2.984
"2084-08",2.541,2.717,2.161,0.16,1.138,3.894,3.371,7.388,2.17,3.634,2.524,0.126,0.212,1.887,1.163,2.701,2.315,0.604,0.779,0.071,0.38,8.6,4.902,4.301,0.522,0.337,0.249,0.716,2.064,0.853,2.39,4.149,0.135,0.853,6.77,7.581,0.524,6.118,6.104,0.067,0.18,0.937,2.469,3.852,1.234,1.534,1.714,5.965,3.748,2.654,1.949,1.453,1.67,3.38,11.614,3.278,0.959,2.942,2.932
"2084-09",2.912,2.991,2.405,0.701,2.2,4.172,4.012,8.382,4.434,5.155,2.248,0.099,0.676,1.383,2.128,3.169,2.634,1.703,1.226,0.259,0.432,7.852,6.232,3.012,0.991,0.284,0.223,0.297,2.344,0.748,1.734,3.082,0.168,0.258,5.22,4.989,0.169,6.877,7.23,0.057,0.027,0.254,0.858,2.452,1.063,1.564,1.634,5.226,3.457,2.492,2.68,1.447,1.612,4.298,11.246,5.91,0.514,2.952,2.913
"2084-10",2.121,3.419,2.379,1.986,1.354,2.592,4.071,7.665,5.373,6.729,2.962,0.434,3.264,1.072,4.03,2.46,3.319,1.822,1.882,1.112,0.036,4.124,6.953,2.586,2.619,0.751,0.78,0.597,2.003,1.065,1.729,2.44,0.427,0.16,2.448,2.378,0.094,3.073,3.298,0.159,0.014,0.262,0.748,2.665,0.891,1.226,1.402,6.39,4.444,2.414,3.408,1.935,1.839,3.32,2.879,6.254,0.882,2.689,2.889
"2084-11",1.767,2.714,2.143,3.888,2.797,3.82,1.368,4.42,3.371,7.444,5.22,0.922,5.993,1.258,3.916,2.73,4.241,4.008,1.252,1.587,0.056,1.353,5.156,1.796,6.082,0.884,2.164,3.377,1.327,1.078,1.005,2.341,1.486,0.71,0.782,2.555,0.056,0.317,5.131,0.607,0.149,0.668,0.534,1.505,0.639,1.323,1.478,4.836,4.807,2.63,3.456,3.367,1.849,4.079,2.911,10.078,1.109,2.61,2.932
"2084-12",2.357,2.436,1.36,2.883,1.873,3.684,0.399,1.718,1.446,7.191,5.558,5.955,9.65,0.982,3.687,2.177,2.754,1.918,2.056,1.378,0.013,0.174,4.469,0.531,6.474,1.874,3.933,6.534,1.395,1.85,0.995,1.775,1.507,0.479,0.801,2.431,0.066,0.2,5.608,1.006,0.287,0.684,0.586,2.311,0.642,1.334,1.338,3.92,6.683,2.873,3.148,3.342,1.859,2.413,3.393,10.064,1.577,2.384,2.947
"2085-01",1.928,2.428,1.336,4.152,1.115,2.688,0.847,0.894,1.849,6.659,4.064,5.9,12.074,1.041,5.137,2.458,2.409,2.992,1.777,2.031,0.009,0.006,2.084,0.022,2.898,2.982,6.193,6.59,0.771,1.319,0.532,2.261,0.598,0.379,0.123,1.487,0.007,0.034,8.359,10.833,1.255,1.821,0.906,2.415,0.637,1.202,0.894,3.046,6.588,3.323,3.083,2.89,1.921,0.143,0.535,7.606,2.318,2.632,3.019
"2085-02",1.259,1.257,1.22,4.639,1.676,3.402,1.54,0.921,1.622,8.244,2.93,6.585,9.466,0.64,4.045,2.026,1.927,3.357,2.319,2.648,0.07,0.02,3.138,0.168,3.938,4.029,7.334,9.068,0.692,1.969,0.873,2.128,0.581,0.303,0.741,1.774,0.004,0.284,3.839,7.175,0.588,1.584,0.749,2.006,0.909,2.087,0.696,2.378,6.514,4.474,3.394,3.507,2.29,0.124,0.095,5.627,3.03,2.766,2.972
"2085-03",1.515,2.132,1.832,1.097,1.618,4.348,0.374,0.646,0.797,8.56,3.886,7.565,9.954,1.154,4.243,2.625,2.61,3.079,2.019,2.083,0.011,0.579,3.323,0.431,3.266,2.759,3.819,8.306,0.829,1.021,0.935,2.026,2.132,0.88,2.763,3.062,0.013,0.25,4.734,5.557,1.175,1.977,0.513,1.87,1.284,1.768,0.875,2.131,8,3.739,2.33,4.488,2.65,0.073,0.055,3.261,4.119,2.961,3.006
"2085-04",1.787,2.013,1.969,2.213,2.645,3.379,0.146,1.334,0.357,9.456,6.899,5.77,6.978,0.968,2.824,3.047,2.486,3.325,1.725,0.733,0.013,1.079,4.8,1.699,4.565,0.765,1.258,2.582,1.082,1.674,2.487,3.243,0.454,0.389,1.785,3.717,0.015,0.308,6.554,2.808,0.021,0.745,0.663,2.532,1.341,2.046,0.817,1.591,8.077,3.351,1.838,6.306,2.262,0.615,1.455,6.654,3.402,3.194,2.981
"2085-05",1.582,2.109,1.822,1.408,3.776,4.828,0.453,3.993,0.827,6.466,6.353,1.838,1.369,2.218,2.67,2.531,1.842,2.929,2.184,0.457,0.021,2.669,3.974,2.47,2.863,0.238,0.368,1.332,1.487,1.097,2.092,2.866,0.647,0.838,3.618,4.632,0.138,0.791,6.043,1.052,0.7,1.257,1.676,2.42,1.153,1.909,0.877,2.104,6.668,3.505,1.54,7.567,2.496,2.494,7.539,11.47,1.953,3.412,3.006
"2085-06",1.76,2.43,1.786,1.034,2.881,4.753,0.881,9.206,1.727,5.138,4.531,0.245,1.174,2.816,2.411,2.901,2.336,2.593,2.061,0.309,0.023,4.495,2.349,1.322,0.302,0.253,0.247,0.459,1.398,1.896,2.948,2.226,0.168,0.472,4.541,6.245,0.01,6.521,9.618,0.517,0.54,4.086,2.981,3.875,1.063,1.121,1.258,3.036,6.203,3.074,1.452,5.552,2.544,6.458,15.821,4.198,0.792,3.466,3.067
"2085-07",1.604,2.858,2.043,0.412,1.965,3.998,1.156,8.107,1.862,4.979,3.411,0.135,0.542,2.025,1.93,2.197,2.309,1.658,2.28,0.092,0.141,8.256,3.212,2.319,0.525,0.321,0.364,1.142,2.021,1.175,2.325,4.21,0.128,0.299,6.256,6.385,0.199,6.624,9.839,0.417,0.046,0.157,2.224,3.682,0.992,1.177,1.227,4.353,4.547,2.886,1.669,3.351,1.947,2.694,11.824,4.305,0.701,3.284,2.986
"2085-08",1.422,2.74,2.649,0.139,1.002,3.582,3.195,7.248,2.922,4.012,3.565,0.239,0.13,1.731,0.812,2.257,2.773,1.742,1.483,0.061,0.955,9.108,4.517,4.694,0.624,0.292,0.2,0.471,1.94,0.872,2.418,3.732,0.078,0.25,6.008,7.071,1.273,6.188,8.023,0.165,0.229,0.269,2.079,3.468,0.964,1.55,1.468,5.082,3.134,2.632,2.473,1.84,1.681,5.738,11.694,5.26,0.652,3.164,2.96
"2085-09",1.757,2.728,3.343,0.373,1.216,4.062,3.834,11.489,6.224,5.865,2.88,0.138,1.03,1.553,2.895,2.535,3.11,2.304,2.097,0.347,0.268,9.219,6.446,2.706,1.119,0.445,0.801,0.5,2.126,1.558,2.33,2.697,0.097,0.135,4.143,5.162,0.183,5.667,7.976,0.143,0.014,0.241,1.343,3.301,1.004,1.428,1.341,5.039,3.023,2.391,3.055,1.228,1.765,3.261,7.955,6.347,0.654,2.783,2.952
"2085-10",2.396,3.567,2.257,1.254,1.983,3.813,0.468,6.024,5.807,6.95,4.018,1.591,4.708,0.804,4.331,2.604,2.318,2.799,1.79,1.141,0.037,4.189,5.67,2.076,1.906,0.461,0.408,0.503,2.254,1.268,1.798,3.228,0.254,0.35,2.493,2.994,0.14,3.027,7.161,0.244,0.054,0.936,1.412,3.067,0.95,1.485,1.373,5.25,4.332,2.39,3.461,2.429,1.843,4.546,7.751,5.841,0.604,2.828,2.948
"2085-11",2.117,3.121,1.583,3.505,1.408,4.089,1.733,4.067,2.183,7.572,8.234,2.529,9.028,1.285,3.906,2.523,3.093,2.395,1.178,1.562,0.054,1.876,5.862,0.572,4.733,1.481,2.841,2.525,1.284,1.805,1.06,2.386,2.026,0.475,1.132,2.151,0.209,0.4,4.983,0.592,0.102,0.619,0.444,2.628,0.599,0.997,1.351,5.214,3.14,2.44,3.047,5.228,1.699,1.687,4.127,10.092,1.134,2.676,2.888
"2085-12",1.964,2.345,1.345,3.294,1.329,3.316,0.269,2.988,2.766,8.084,6.222,4.985,9.528,0.586,4.562,2.73,2.415,3.728,2.315,2.531,0.012,0.259,3.916,0.132,5.743,1.783,3.608,7.788,0.899,1.758,0.87,2.577,1.204,0.351,0.411,1.471,0.002,0.222,8.771,4.463,0.463,0.258,0.982,2.062,0.98,0.64,1.065,4.342,3.804,2.831,2.886,4.317,1.638,1.66,4.991,8.8,2.663,2.345,2.981
"2086-01",2.37,2.151,1.312,4,1.196,3.899,0.971,0.94,0.898,4.77,3.174,9.404,13.252,0.533,5.5,1.725,3.107,2.217,1.257,1.25,0.007,0.029,1.933,0.015,3.309,2.698,7.275,6.684,0.994,1.409,0.738,2.71,0.918,0.257,0.583,1.698,0.005,0.092,9.38,11.232,1.618,4.861,0.829,2.619,0.818,1.257,1.058,3.205,4.595,3.569,2.464,4.191,2.003,0.083,0.444,6.944,2.607,2.506,3.019
"2086-02",2.524,2.043,1.597,4.253,1.302,3.598,0.9,0.182,0.418,6.767,2.867,8.02,11.071,0.833,5.28,2.729,2.573,1.847,0.944,1.954,0.013,0.162,3.868,0.065,2.709,4.341,6.89,4.312,0.889,0.807,0.645,1.997,1.071,0.523,2.15,2.527,0.002,0.098,4.967,7.917,1.35,0.691,1.062,2.173,0.874,1.831,1.237,2.883,5.957,4.328,2.435,3.925,2.233,0.118,0.045,5.353,2.678,2.72,2.974
"2086-03",1.898,2.46,1.636,1.973,2.119,4.254,0.169,0.421,0.603,8.803,2.706,8.994,8.925,0.992,4.414,2.848,2.539,2.747,1.289,1.639,0.004,0.482,3.755,0.46,4.138,4.389,4.672,2.671,1.183,1.308,1.414,2.26,1.42,1.012,1.655,2.716,0.002,0.072,5.352,2.344,0.056,0.37,0.602,3.22,1.053,2.124,1.226,2.211,6.994,4.133,2.156,4.805,2.604,0.222,0.495,7.161,3.358,3.021,3.024
"2086-04",1.664,1.946,1.274,2.035,2.038,3.469,0.351,1.731,0.741,7.139,4.481,4.762,6.271,0.748,2.466,1.897,2.02,3.028,2.347,0.498,0.01,1.028,3.746,1.078,5.135,1.301,4.532,5.362,1.31,1.288,1.772,2.249,0.335,0.965,1.778,3.602,0.008,0.342,7.407,3.502,0.161,0.745,0.991,2.87,1.315,2.504,0.732,2.609,5.203,3.582,2.005,5.998,2.247,0.37,1.734,5.232,3.532,3.222,2.903
"2086-05",1.901,2.216,2.111,1.716,1.762,2.393,0.616,6.035,4.371,7.595,5.367,2.647,3.179,2.094,3.019,2.554,2.353,1.555,1.977,0.477,0.018,1.197,2.413,1.618,2.388,0.326,0.509,0.87,1.337,1.862,2.05,2.436,0.542,1.117,2.862,4.809,0.02,0.811,8.268,1.509,0.137,1.327,1.374,2.855,1.211,2.292,0.88,3.083,4.913,3.595,1.817,5.124,2.752,2.49,6.973,8.885,2.225,3.117,2.978
"2086-06",1.793,1.935,2.611,0.362,3.06,4.561,1.853,8.596,5.092,5.875,4.932,0.307,0.706,3.004,2.385,2.512,2.04,2.154,1.028,0.484,0.018,5.742,2.631,1.299,0.432,0.304,0.262,1.475,1.961,2.39,2.687,3.16,0.121,0.874,3.422,6.288,0.008,4.737,9.307,0.362,0.567,1.154,2.772,3.894,1.195,1.974,0.776,3.488,4.744,3.333,1.366,6.115,2.595,5.728,12.113,4.861,1.033,3.156,3.056
"2086-07",1.588,3.007,1.84,0.202,1.546,3.682,2.09,7.832,1.103,5.356,3.958,0.175,0.663,2.413,2.759,2.328,2.132,1.903,1.457,0.075,0.209,8.861,3.262,2.587,0.391,0.435,0.437,0.692,2.167,1.296,3.034,2.735,0.061,0.328,7.06,6.671,0.193,6.858,8.056,0.133,0.089,0.884,2.066,3.353,0.933,1.777,1.245,4.541,4.031,2.965,1.818,3.481,2.446,4.251,9.031,6.904,0.607,3.215,3.019
"2086-08",2.168,2.623,2.281,0.128,0.871,3.379,2.223,7.147,3.044,3.869,3.509,0.408,0.481,1.652,1.477,3.047,2.102,0.363,0.679,0.099,0.567,9.268,5.272,4.811,0.603,0.228,0.45,0.645,2.699,1.016,2.271,3.139,0.102,0.544,6.071,7.125,0.887,6.578,8.973,0.169,0.039,0.224,1.276,2.397,0.959,1.894,1.978,5.622,3.658,2.548,2.127,1.799,1.361,4.584,13.858,5.348,0.464,3.157,3.015
"2086-09",2.856,3.162,2.96,0.365,1.291,4.095,3.243,8.025,3.623,5.903,2.89,0.085,0.884,1.193,2.706,1.626,2.747,1.967,1.299,0.441,0.777,9.344,6.81,3.448,0.906,0.214,0.272,0.357,2.592,0.773,1.968,2.863,0.134,0.184,4.817,5.026,0.383,6.223,7.91,0.362,0.012,0.27,0.825,1.504,0.905,1.469,1.454,5.247,2.977,2.401,2.624,1.228,1.883,2.599,9.578,5.406,0.576,3.102,2.908
"2086-10",2.611,2.896,3.188,1.677,0.362,2.253,1.776,9.065,6.074,6.53,2.361,0.284,2.062,1.035,3.882,2.133,3.229,1.934,1.985,0.632,0.113,4.426,7.024,3.642,2.826,0.857,0.723,0.423,1.756,1.221,1.596,3.19,0.163,0.541,1.615,3.35,0.335,3.217,7.82,0.354,0.01,0.108,0.673,1.894,0.626,1.682,1.396,5.314,3.069,2.346,3.73,2.4,2.009,3.81,7.222,6.709,0.7,2.871,2.901
"2086-11",2.779,2.949,2.645,1.755,1.335,2.45,1.307,6.58,5.161,6.748,4.797,4.198,6.501,0.849,4.467,2.685,2.622,3.745,3.524,1.523,0.022,1.151,6.297,2.163,4.746,1.527,2.877,1.527,1.342,2.654,1.367,3.113,0.305,0.116,0.63,1.494,0.063,0.651,7.015,0.995,0.101,1.141,0.715,2.932,0.742,1.143,1.188,4.763,3.397,2.346,3.279,2.872,1.704,8.34,6.192,11.192,1.58,2.435,2.951
"2086-12",2.319,3.468,1.697,1.919,0.619,2.936,1.229,2.209,1.044,7.309,6.22,4.64,10.609,0.657,4.451,2.141,3.65,3.485,1.722,2.003,0.005,0.049,2.977,0.348,6.796,3.224,7.273,8.383,1.246,0.956,0.767,1.573,0.612,0.315,1.174,1.181,0.004,0.254,8.191,4.063,0.244,0.692,0.557,1.51,0.898,1.065,1.139,4.404,4.993,2.747,2.843,3.974,1.541,0.747,1.577,7.605,2.548,2.571,2.998
"2087-01",1.693,1.901,1.526,3.498,1.767,3.967,0.368,0.984,0.837,6.429,4.133,9.165,10.709,0.763,5.211,2.276,3.223,2.758,2.221,1.515,0.013,0.03,2.294,0.006,3.765,2.613,6.678,9.645,0.957,1.441,0.514,1.765,0.937,0.408,0.361,1.324,0.001,0.105,8.394,9.647,0.65,0.991,1.198,1.553,0.629,1.07,0.819,3.248,4.555,3.434,2.877,2.674,2.401,0.211,0.125,9.876,2.658,2.549,2.994
"2087-02",1.359,1.71,1.155,2.921,2.074,2.951,0.849,0.464,0.815,5.815,1.658,8.168,11.9,0.655,4.767,1.447,2.306,3.177,1.218,1.851,0.004,0.023,2.647,0.022,3.777,3.705,7.321,8.102,0.394,1.078,0.515,1.916,1.398,0.536,0.593,2.433,0.003,0.031,6.302,9.755,0.727,2.225,0.761,3.895,1.238,1.811,0.885,2.667,4.757,4.249,3.083,2.609,2.427,0.036,0.038,4.28,3.98,2.569,2.927
"2087-03",1.902,1.573,1.505,3.327,4.878,2.739,1.102,0.699,0.705,9.235,3.724,7.803,10.516,0.969,3.417,2.789,2.448,2.002,1.608,1.736,0.017,0.28,3.111,0.099,2.649,2.426,3.184,5.326,1.087,1.36,1.098,2.327,1.169,0.741,1.689,2.726,0.003,0.093,6.067,6.623,0.345,1.106,0.943,2.374,0.954,2.119,1.018,2.735,4.489,4.442,2.143,3.41,3.51,0.075,0.03,3.841,4.716,2.844,2.956
"2087-04",1.114,1.979,1.387,1.782,3.009,4.098,0.193,1.042,0.443,8.363,5.97,5.964,5.248,1.143,1.971,2.641,2.401,2.062,1.288,1.098,0.015,2.313,4.811,1.028,2.848,1.4,1.988,3.633,1.058,1.662,1.872,2.444,0.681,1.031,2.071,3.121,0.011,0.139,3.679,1.255,0.111,0.371,1.445,3.044,1.223,2.085,0.711,2.934,6.584,3.856,2.268,8.132,3.24,0.087,0.17,3.182,2.939,3.12,2.917
"2087-05",1.068,2.113,1.812,1.373,3.767,3.41,0.298,4.023,1.985,6.897,6.831,2.899,3.031,1.926,1.241,3.507,2.004,2.52,1.263,0.896,0.02,1.98,4.257,1.56,2.603,0.902,0.784,1.147,1.56,1.535,2.318,3.07,0.898,1.707,2.162,4.315,0.029,1.084,6.303,2.748,0.134,0.776,1.215,3.797,1.228,1.85,0.914,3.34,5.164,3.553,1.797,7.631,2.088,3.545,8.649,9.725,1.793,3.492,3.058
"2087-06",1.475,2.147,1.951,0.649,4.389,5.147,1.35,11.974,1.876,6.631,6.485,0.97,1.97,1.617,1.938,3.104,1.416,1.746,2.574,0.333,0.02,4.112,2.468,1.004,0.471,0.618,0.622,0.91,1.863,1.959,2.547,2.919,0.13,0.544,3.713,6.219,0.013,6.178,8.936,0.145,0.163,0.297,3.041,4.095,1.257,1.513,0.91,3.409,4.559,3.301,1.436,6.355,2.286,4.467,10.012,3.444,1.213,3.344,3.022
"2087-07",1.565,2.961,2.528,0.187,1.566,3.442,1.795,6.227,3.077,4.068,3.161,0.218,0.712,1.385,1.935,2.915,2.327,1.654,1.436,0.05,0.143,8.403,3.238,2.571,0.52,0.344,0.294,0.403,1.79,1.727,3.108,3.032,0.083,0.51,7.091,6.952,0.198,7.584,8.19,0.177,0.047,0.352,2.454,2.309,0.899,1.586,1.068,4.547,4.496,3.517,1.956,4.27,1.975,4.856,12.035,5.697,0.502,3.4,3.084
"2087-08",3.086,2.96,2.887,0.323,1.933,3.861,2.74,7.781,4.542,3.756,2.831,0.257,0.287,1.544,1.463,2.351,1.898,1.308,0.438,0.067,0.221,8.901,4.65,3.73,0.584,0.237,0.306,0.327,1.738,1.453,2.554,3.444,0.071,0.446,5.727,6.253,0.488,6.732,7.4,0.199,0.094,0.215,1.883,2.474,0.901,1.995,1.413,5.432,3.796,2.752,2.483,2.108,1.5,4.295,12.739,4.887,0.613,3.198,2.992
"2087-09",2.827,2.944,2.315,0.394,0.772,3.706,3.04,10.483,4.979,5.508,2.669,0.145,0.898,1.903,1.701,2.975,2.12,1.217,1.369,0.336,0.634,8.592,6.552,3.822,1.072,0.336,0.522,0.525,2.956,1.166,1.439,3.684,0.192,1.39,3.693,3.71,0.62,6.682,8.326,0.08,0.011,0.068,1.389,3.138,1.14,1.575,1.968,5.377,3.462,2.411,2.972,1.53,1.83,4.779,11.092,4.801,0.419,2.793,2.965
"2087-10",2.601,3.376,3.029,1.52,0.736,3.463,1.21,7.902,5.169,6.596,4.403,0.464,3.917,1.362,3.55,3.397,3.177,1.267,2.579,1.191,0.188,5.256,7.287,3.244,3.554,0.917,0.593,0.597,1.955,2.463,1.807,3.372,0.553,0.186,1.129,2.09,0.422,1.609,4.052,0.057,0.013,0.779,0.953,2.324,0.768,1.086,1.151,5.439,5.177,2.41,3.894,2.502,1.708,2.401,2.781,8.642,0.545,2.824,2.964
"2087-11",2.237,3.146,1.983,2.143,2.205,4.21,1.545,4.791,4.188,7.572,7.867,2.248,6.012,0.857,4.312,2.257,3.485,1.873,2.212,2.008,0.035,2.537,6.132,0.933,5.122,1.319,2.671,2.152,1.585,1.603,1.326,2.465,2.895,0.568,1.412,1.29,0.739,0.626,4.585,0.626,0.181,0.557,1.212,2.48,0.93,1.096,1.235,4.969,3.882,2.375,3.395,3.787,1.899,1.707,2.133,10.225,1.481,2.645,2.935
"2087-12",2.069,2.915,1.493,2.216,0.872,2.335,1.139,2.226,0.981,7.504,5.419,4.637,10.533,1.431,4.759,2.503,3.471,3.766,2.808,1.737,0.004,0.245,4.044,0.185,5.279,2.23,5.166,5.637,1.288,2.127,0.763,1.306,0.776,0.592,0.574,1.079,0.004,0.305,8.464,1.898,0.092,0.599,0.523,2.651,0.522,1.22,1.301,4.645,4.984,2.479,3.052,4.081,1.846,0.296,2.428,11.909,1.97,2.512,3.016
"2088-01",2.109,2.13,1.339,3.518,1.564,4.172,0.747,0.661,1.015,5.097,3.13,6.123,12.045,0.561,5.408,2.001,2.754,3.54,1.585,1.666,0.01,0.059,2.552,0.021,3.911,3.53,7.56,7.677,0.868,1.193,0.619,1.682,1.204,0.384,0.531,1.485,0.015,0.055,8.047,9.55,1.653,4.182,0.939,3.465,0.684,1.339,0.996,3.066,6.769,3.257,3.079,2.904,1.814,0.142,0.16,6.429,2.026,2.502,2.998
"2088-02",1.719,1.946,1.004,2.74,2.521,3.771,1.882,0.564,0.994,5.628,1.897,8.712,10.378,0.621,4.847,1.802,4.137,2.092,1.971,0.876,0.01,0.034,3.66,0.2,3.912,4.466,5.35,5.069,0.859,1.877,0.842,1.56,1.309,0.626,1.442,2.1,0.077,0.139,4.345,13.983,1.853,1.817,0.631,2.339,1.041,2.011,1.004,2.689,7.436,3.833,2.781,3.017,3.126,0.034,0.1,4.921,2.405,2.693,3.026
"2088-03",1.491,2.148,1.206,3.04,2.306,3.497,0.291,0.771,0.632,7.748,2.833,4.575,8.579,0.448,5.412,2.133,1.829,3.147,2.805,1.346,0.005,0.459,4.235,0.276,2.926,3.109,3.759,5.708,0.914,1.687,0.859,1.344,1.093,1.141,2.454,2.775,0.009,0.278,3.048,4.412,0.144,1.16,0.457,1.574,1.162,1.681,0.749,2.296,8.504,4.846,2.374,4.269,3.181,0.083,0.112,4.892,3.617,3.047,3.042
"2088-04",1.717,2.183,2.031,1.472,2.438,4.557,0.497,1.262,0.945,9.308,5.622,5.837,6.747,1.183,2.208,3.16,1.659,2.383,1.919,1.414,0.011,1.84,5.21,0.777,2.807,1.42,3.281,4.842,0.978,1.568,1.922,2.475,2.415,1.509,2.09,4.061,0.012,0.189,5.28,0.564,0.016,0.425,0.709,2.061,1.114,1.668,0.881,2.213,7.136,3.775,1.637,8.295,2.303,0.062,0.221,4.122,3.68,3.539,3.009
"2088-05",1.461,2.163,2.238,0.832,1.716,3.421,0.618,7.785,3.401,9.887,7.431,2.306,2.668,2.086,2.689,2.775,1.834,3.114,2.238,0.706,0.015,2.087,3.126,1.71,2.081,0.435,0.347,1.799,1.52,1.668,2.298,2.114,1.08,1.281,2.724,4.513,0.022,1.27,6.2,0.749,0.051,0.897,1.114,2.167,1.144,1.96,0.965,3.063,5.88,2.949,1.663,6.956,2.501,2.329,4.372,10.367,2.172,3.354,3.005
"2088-06",2.322,2.299,2.342,0.499,1.883,3.52,1.651,7.584,2.476,4.112,4.096,0.302,1.781,1.995,2.7,2.533,1.48,2.658,1.782,0.412,0.025,3.86,3.232,1.765,0.977,0.446,0.319,0.41,1.629,2.34,3.483,2.727,0.479,0.924,4.805,5.646,0.05,5.805,7.949,0.256,0.186,1.737,2.061,2.966,1.204,1.775,1.187,4.076,5.431,3.32,1.215,6.042,1.867,8.495,16.791,6.38,0.885,3.757,3.13
"2088-07",2.317,2.637,2.201,0.255,1.482,3.793,3.225,7.841,1.808,4.201,2.832,0.294,0.6,1.143,2.747,1.375,1.862,1.859,1.238,0.126,0.147,7.014,3.378,3.574,0.371,0.255,0.459,0.712,2.029,1.808,3.177,3.019,0.209,0.432,6.51,5.633,1.194,8.303,6.726,0.162,0.051,0.277,2.079,2.872,1.091,2.112,1.357,4.952,4.548,2.745,1.525,3.136,2.022,9.259,13.961,5.503,1.054,3.181,3.005
"2088-08",2.869,2.761,1.743,0.621,0.922,3.595,2.543,7.708,3.31,4.438,2.478,0.152,0.375,1.328,1.851,1.911,1.878,0.899,0.822,0.14,0.469,8.411,4.887,4.519,0.554,0.2,0.528,0.61,1.632,1.715,2.525,5.157,0.163,0.431,6.086,7.044,0.908,7.761,6.41,0.16,0.088,0.533,1.724,3.333,1.158,1.523,1.518,5.695,3.732,2.473,2.195,1.435,1.755,5.614,14.598,4.94,0.708,2.986,2.965
"2088-09",2.687,2.46,2.262,0.606,2.157,4.392,4.572,9.223,5.545,4.852,2.041,0.081,0.976,1.448,1.791,2.491,2.887,1.065,0.293,0.513,1.114,7.825,7.107,3.565,1.172,0.133,0.183,0.335,1.942,0.873,2.641,4.313,0.182,0.207,4.766,4.206,0.888,6.772,7.189,0.1,0.029,0.144,1.774,2.811,0.875,1.577,2.021,5.92,3.869,2.316,2.643,1.381,1.782,3.877,13.812,4.95,0.501,2.964,3.01
"2088-10",1.68,3.332,2.173,1.881,0.629,2.16,2.39,7.724,4.934,6.645,2.935,0.325,2.164,1.329,2.618,2.851,4.231,3.149,0.973,0.9,0.099,5.499,6.595,2.92,3.579,0.362,0.297,0.94,1.955,1.438,1.989,3.172,0.159,0.427,1.095,2.377,0.121,3.02,5.685,0.123,0.012,0.184,0.883,2.857,1.012,1.063,1.544,6.234,4.69,2.331,4.048,2.612,1.751,1.58,5.167,6.042,0.41,2.674,2.948
"2088-11",1.126,3.193,1.858,2.051,3.7,4.31,0.555,5.372,5.599,8.614,5.959,2.755,8.235,0.958,4.992,2.348,3.825,3.533,2.83,0.917,0.013,1,6.421,2.807,5.503,1.533,1.772,1.339,1.598,1.271,1.295,2.064,1.005,0.435,0.424,1.776,0.059,0.337,4.238,0.195,0.014,0.115,0.508,1.671,0.634,1.332,1.421,5.195,4.651,2.599,2.849,4.325,1.849,4.996,3.218,10.382,0.861,2.578,2.948
"2088-12",1.838,2.862,1.896,3.851,1.587,4.437,0.718,2.286,2.231,7.589,5.523,5.084,9.176,1.768,5.085,2.569,3.975,2.692,2.246,1.142,0.007,0.072,3.612,0.163,5.58,2.987,4.683,5.785,1.338,1.626,0.807,2.737,1.003,0.474,0.89,2.091,0.006,0.785,7.955,3.676,0.69,1.367,0.681,1.427,0.52,0.977,1.207,4.353,4.639,2.62,2.506,4.538,1.966,2.22,5.808,9.996,1.622,2.455,3.004
"2089-01",2.591,2.06,1.425,3.301,1.59,4.565,1.376,0.896,0.861,4.382,2.312,9.159,11.079,0.736,5.765,2.204,3.669,3.017,2.066,1.205,0.034,0.01,2.294,0.023,3.829,3.444,7.302,7.433,1.033,0.913,0.49,2.061,1.081,0.376,0.793,1.33,0.003,0.175,8.457,10.139,0.979,0.716,0.935,2.099,0.87,1.577,1.055,3.375,5.72,3.448,2.493,2.785,2.139,0.159,2.236,8.557,1.988,2.598,3.042
"2089-02",2.122,2.51,1.414,2.743,1.28,2.958,0.597,0.703,0.858,7.817,2.528,7.72,11.254,0.784,5.503,2.357,3.455,2.651,1.614,1.25,0.005,0.027,3.019,0.021,4.262,3.858,5.396,9.733,0.894,1.187,0.548,1.603,1.405,0.715,1.601,2.811,0.005,0.37,5.351,4.874,1.226,1.793,1.285,1.498,0.946,1.954,0.913,2.644,5.398,4.196,2.715,3.203,2.646,0.065,0.074,6.345,3.616,2.679,2.959
"2089-03",1.939,2.243,1.818,2.213,1.444,3.661,0.542,0.67,0.318,9.949,4.081,8.355,8.251,0.481,3.47,1.38,2.827,2.622,1.975,0.839,0.002,0.17,2.559,0.009,2.651,3.217,5.572,7.016,1.313,0.847,0.904,1.659,0.774,0.768,1.776,2.667,0.001,0.1,7.565,8.951,1.035,1.789,1.345,3.05,1.158,1.728,0.913,2.748,5.327,3.363,1.671,2.945,3.228,0.018,0.154,4.683,3.963,2.904,2.93
"2089-04",1.476,1.573,1.588,3.179,1.753,4.128,0.105,0.905,0.466,8.043,5.741,5.763,4.579,1.096,1.419,2.847,2.406,2.388,1.221,0.702,0.035,1.43,4.92,1.741,4.753,1.218,2.958,5.397,1.375,1.002,1.978,1.593,1.475,0.933,2.729,2.801,0.074,0.605,5.952,3.002,0.031,1.08,0.996,2.383,1.478,2.102,1.145,2.731,5.053,4.317,2.158,7.136,2.843,0.217,1.192,4.826,3.008,3.107,2.956
"2089-05",2.123,2.029,2.032,1.609,3.183,4.239,0.64,5.729,1.613,7.687,7.91,2.967,3.13,1.633,2.784,3.686,1.29,2.103,2.217,0.922,0.023,2.865,3.964,1.937,2.743,0.378,0.534,1.436,1.552,1.586,2.813,2.785,0.696,0.846,2.842,5.433,0.024,0.342,6.16,0.81,0.133,0.578,1.387,3.257,1.116,1.866,1.012,3.48,3.899,3.496,0.945,9.167,2.053,1.002,1.291,10.937,2.042,3.408,3.008
"2089-06",1.168,2.565,2.282,0.816,2.737,4.05,2.187,7.988,3.314,4.635,5.463,0.6,0.66,2.226,1.505,3.042,2.188,2.31,1.75,0.311,0.027,4.778,2.888,1.655,0.567,0.43,0.387,0.81,2.163,1.446,3.153,3.054,0.252,0.374,6.07,5.062,0.015,6.027,7.571,0.825,1.731,1.129,4,4.231,1.316,1.63,0.961,4.058,3.936,3.386,1.598,5.985,2.211,7.057,19.202,6.216,1.358,3.319,3.102
"2089-07",1.75,2.333,1.96,0.104,1.607,3.835,1.921,8.12,1.813,3.633,3.487,0.548,0.327,2.951,1.379,2.974,2.172,1.074,1.706,0.042,0.232,8.033,3.999,2.525,0.383,0.459,0.309,0.414,2.453,0.994,2.868,3.403,0.035,0.735,7.753,7.194,0.065,7.182,8.289,0.176,0.113,0.726,2.679,3.945,0.87,1.544,1.685,5.001,4.21,2.871,1.783,4.08,1.415,3.219,11.791,3.64,0.817,3.166,2.988
"2089-08",2.449,2.863,1.937,0.247,0.704,3.741,2.459,6.175,4.153,3.102,2.267,0.141,0.301,1.392,1.559,1.903,2.511,0.726,0.833,0.069,0.709,8.784,5.546,4.562,0.539,0.175,0.266,0.41,2.716,0.731,2,3.978,0.074,0.312,6.141,5.468,0.899,6.668,8.847,0.171,0.164,0.914,1.401,2.034,0.985,1.592,1.525,5.277,3.294,2.86,2.703,1.446,1.828,4.426,10.988,6.177,0.721,3.259,3.006
"2089-09",2.144,2.986,2.455,0.417,1.702,3.092,5.155,9.035,3.456,3.516,1.413,0.146,0.802,0.68,3.393,1.575,3.434,0.544,1.967,0.185,0.993,6.873,5.758,4.175,0.948,0.169,0.358,0.609,2.886,1.019,0.908,3.253,0.275,0.287,3.894,4.998,0.953,6.245,7.79,0.088,0.03,0.209,1.512,2.399,0.775,1.937,1.696,5.951,3.715,2.494,2.932,1.013,1.508,3.941,9.323,5.292,0.386,2.97,2.967
"2089-10",1.806,3.417,2.842,0.888,0.808,2.691,1.259,10.203,6.066,6.949,2.858,0.712,3.271,1.08,3.082,2.636,3.453,1.296,1.243,1.286,0.164,5.215,7.396,3.968,2.784,0.417,0.781,1.381,1.969,1.892,1.514,2.818,0.559,0.988,0.904,1.977,0.62,1.088,5.842,0.15,0.023,0.459,0.743,2.769,0.874,1.524,1.349,5.103,3.69,2.554,4.141,1.705,1.79,3.682,2.768,8.295,0.785,2.723,2.884
"2089-11",2.076,3.075,2.394,2.971,1.063,3.577,0.776,5.991,7.177,8.5,5.842,2.918,5.064,0.961,4.11,2.455,3.683,2.507,2.075,1.366,0.03,1.757,6.148,0.866,3.987,1.857,1.619,1.514,1.916,1.485,1.36,2.92,0.974,0.332,0.356,1.415,0.036,0.826,7.197,0.583,0.03,0.325,0.766,3.371,0.713,0.926,1.45,5.479,3.873,2.364,3.275,3.842,1.434,1.045,7.02,9.21,1.031,2.697,2.98
"2089-12",2.561,2.377,1.519,2.573,1.907,2.054,1.91,2.731,1.431,7.193,4.896,4.703,9.561,0.368,4.365,1.493,3.114,2.708,1.883,1.493,0.032,0.228,3.743,0.172,5.613,2.615,5.479,6.112,1.161,1.687,0.833,1.659,2.193,0.363,1.027,0.859,0.059,0.074,8.159,6.849,0.781,2.499,1.428,2.103,0.626,1.211,1.233,4.624,4.415,2.854,3.421,3.96,1.686,0.315,0.106,6.731,1.788,2.461,2.956
"2090-01",1.69,1.759,1.452,4.456,1.821,3.56,2.05,0.671,0.788,5.24,3.85,11.159,12.652,0.486,5.495,2.65,3.331,3.136,2.214,1.477,0.012,0.042,2.672,0.066,5.007,3.344,6.071,11.36,1.016,1.261,0.563,1.723,1.099,0.454,1.025,1.799,0.052,0.062,6.045,9.19,1.987,2.967,1.186,2.021,0.951,1.204,1.02,3.896,4.056,3.478,2.799,4.198,1.913,0.06,0.081,7.081,2.83,2.461,3.001
"2090-02",1.639,1.778,1.38,5.41,2.67,4.705,0.91,0.592,0.76,8.641,2.342,8.282,10.076,0.809,4.541,2.32,3.841,2.262,2.117,1.163,0.013,0.06,2.562,0.096,3.883,3.247,9.234,5.615,1.009,2.203,1.181,2.004,0.623,0.526,0.661,1.19,0.007,0.032,7.257,10.137,1.857,2.356,1.317,3.255,1.042,1.982,0.993,3.305,5.242,3.624,2.795,3.666,2.408,0.066,0.085,6.119,2.7,2.601,3.054
"2090-03",1.237,1.22,1.475,4.153,2.374,5.891,0.162,0.952,0.572,9.186,3.151,9.229,10.432,0.931,3.812,2.835,3.253,2.009,2.062,0.581,0.022,0.451,4.769,1.13,5.318,4.074,4.193,3.571,1.197,2.107,1.323,2.418,1.235,0.334,2.022,1.992,0.144,0.284,2.555,4.594,0.141,0.205,0.927,2.535,1.312,1.631,1.014,2.404,5.593,4.762,2.593,4.797,2.897,0.176,0.077,4.915,3.587,3.047,2.981
"2090-04",0.853,2.341,1.766,1.815,2.904,3.724,0.254,1.226,0.411,7.528,3.649,4.778,6.584,0.448,4.835,1.765,2.366,3.502,2.194,0.528,0.021,1.55,5.26,1.862,4.197,1.24,1.728,3.784,0.948,1.805,1.884,2.972,1.739,1.315,1.536,3.612,0.438,0.304,3.355,1.392,0.008,0.279,0.747,1.926,1.1,2.59,0.876,3.213,6.465,3.961,1.772,7.04,3.247,0.261,0.217,6.296,3.139,3.189,2.997
"2090-05",1.515,2.42,1.862,0.552,2.503,3.871,1.135,3.797,1.691,6.202,4.47,1.484,1.718,2.055,3.17,2.561,1.938,2.479,2.786,0.43,0.017,2.414,4.453,1.979,2.797,0.474,0.546,0.768,1.474,1.957,1.929,2.929,0.949,1.076,2.686,3.562,0.092,1.668,5.924,1.118,0.189,0.635,1.742,3.117,1.081,2.126,0.944,3.309,5.592,3.311,1.323,8.053,2.602,7.387,4.676,10.965,1.67,3.463,3.02
"2090-06",1.407,2.614,1.6,1.26,3.478,3.927,1.774,6.224,0.731,3.33,4.549,0.391,0.744,1.353,1.596,2.06,2.058,2.657,1.832,0.249,0.02,3.801,2.662,1.193,0.82,0.247,0.322,0.773,2.049,1.952,2.783,2.524,0.108,0.496,5.588,6.642,0.022,7.5,7.455,0.126,0.028,0.341,1.981,3.074,1.1,1.832,0.854,4.467,5.547,3.139,1.653,6.56,1.707,7.289,14.956,4.15,1.032,3.534,3.058
"2090-07",2.026,2.832,2.619,0.213,1.346,3.833,1.473,6.406,1.512,2.811,2.366,0.304,1.107,2.278,2.983,2.815,2.296,1.228,1.181,0.043,0.128,7.179,3.708,2.973,0.42,0.568,0.491,0.651,2.178,1.293,3.8,2.921,0.091,0.252,5.089,6.406,0.322,6.185,6.03,0.179,0.084,0.386,1.594,3.088,1.252,1.757,1.373,5.362,6.308,3.046,1.692,3.469,1.946,3.678,13.914,5.364,0.651,3.338,3.104
"2090-08",2.799,2.5,2.484,0.366,0.569,2.688,1.824,7.01,2.211,3.575,2.306,0.133,0.203,1.722,2.292,2.204,2.293,0.908,0.602,0.044,0.49,9.802,5.636,3.567,0.38,0.193,0.269,0.51,2.37,0.85,2.264,3.63,0.109,0.68,6.649,6.431,0.916,6.819,5.263,0.084,0.146,0.142,1.321,2.699,1.091,2.062,1.635,5.938,4.887,2.463,1.987,1.683,1.547,4.511,12.2,3.967,0.839,3.176,2.948
"2090-09",2.739,3.052,2.664,0.668,1.203,2.371,2.97,10.388,4.269,5.914,2.509,0.093,0.829,1.021,2.827,2.09,2.685,1.547,1.422,0.283,0.17,8.546,6.508,2.593,1.087,0.446,0.387,0.365,2.6,1.22,1.953,2.492,0.211,0.302,4.565,4.15,0.089,6.338,6.857,0.053,0.054,0.302,1.271,2.641,1.086,1.294,1.374,5.441,4.533,2.27,3.122,1.765,1.7,2.479,10.636,4.836,0.563,2.962,2.939
"2090-10",2.461,3.875,2.711,0.75,2.573,4.156,3.955,6.191,3.365,4.833,2.271,0.2,2.579,1.067,3.142,2.095,3.275,1.163,1.502,1.188,0.062,3.367,5.78,3.097,2.706,0.314,0.549,0.47,2.132,1.727,1.519,2.095,0.593,0.382,1.425,1.434,0.282,2.024,3.445,0.215,0.01,0.194,0.527,2.263,0.956,1.643,1.55,6.094,6.416,2.492,3.665,2.857,1.81,3.06,1.968,5.775,0.824,2.819,2.933
"2090-11",1.495,2.377,1.996,5.413,1.574,3.899,0.581,3.836,3.442,7.35,6.449,1.336,6.291,1.074,5.598,2.389,4.4,4.373,2.698,2.106,0.089,0.967,5.788,2.68,6.85,1.302,2.774,2.761,2.017,1.133,1.431,2.309,1.219,0.585,0.84,1.567,0.352,0.63,5.082,0.291,0.188,0.717,0.855,1.711,0.887,1.264,1.302,4.426,5.142,2.495,3.054,3.607,2.018,2.492,5.396,9.487,1.318,2.763,2.958
"2090-12",2.012,1.759,2.211,6.593,2.927,5.104,0.927,2.265,2.401,7.614,8.195,7.166,9.155,0.683,3.451,2.117,3.043,2.129,1.824,1.724,0.056,0.043,3.531,0.167,4.833,2.088,4.343,5.934,1.33,1.714,0.648,2.121,1.493,0.284,0.765,1.882,0.047,0.356,6.109,2.25,0.096,0.161,0.488,2.241,0.561,0.811,1.288,3.654,6.236,2.763,3.17,4.134,1.629,1.069,0.624,10.119,2.059,2.326,2.968
"2091-01",1.655,2.056,1.23,3.551,1.369,2.432,2.129,1.807,0.743,5.721,3.275,9.358,11.298,0.563,4.065,2.054,2.597,2.373,1.271,3.734,0.087,0.066,3.38,0.142,4.763,2.569,7.085,9.003,0.776,0.867,0.52,2.06,2.164,0.47,1.74,2.218,0.008,0.095,4.403,11.206,0.933,1.352,0.423,1.825,0.929,1.547,0.913,3.307,6.91,3.582,3.496,1.941,1.847,0.359,0.045,3.839,3.5,2.536,3.008
"2091-02",1.311,2.092,1.47,3.589,1.806,3.967,1.864,1.006,1.209,7.105,2.248,6.806,9.841,0.85,5.168,2.671,2.815,3.248,2.866,2.11,0.018,0.016,2.376,0.154,4.573,2.4,6.008,6.855,1.011,2.044,0.832,1.792,1.272,0.358,0.967,2.452,0.023,0.132,3.605,2.56,0.137,0.903,0.347,2.458,0.891,1.929,0.956,2.518,9.64,3.826,3.093,2.083,2.336,0.152,0.087,5.232,4.46,2.647,3.038
"2091-03",2.37,2.037,1.574,2.857,1.581,3.677,1.25,0.964,0.88,9.377,6.378,7.972,11.136,0.543,4.399,2.68,2.495,1.821,2.121,1.727,0.081,0.436,3.626,0.322,2.873,1.595,3.063,5.028,1.399,1.782,1.432,1.782,1.686,0.842,1.272,3.013,0.073,0.179,3.662,2.299,0.103,0.351,0.628,1.978,1.227,1.379,0.973,2.16,8.837,3.695,2.525,4.737,2.692,0.098,0.068,3.964,4.683,3.156,3.048
"2091-04",1.863,1.918,2.019,3.344,2.664,3.08,0.077,1.891,0.189,9.261,7.426,7.332,6.744,0.802,3.33,2.012,3.14,1.563,2.121,0.48,0.031,0.762,4.148,1.082,4.813,0.626,1.916,3.165,1.679,1.564,1.262,2.125,1.378,1.701,3.289,3.615,0.063,1.352,6.074,1.716,0.044,0.458,1.025,2.729,1.057,2.213,0.772,2.094,8.157,3.116,1.429,6.205,2.973,0.072,0.793,4.274,3.538,3.23,2.968
"2091-05",1.022,1.913,2.274,2.253,2.729,2.514,0.687,4.891,3.441,6.195,7.937,3.223,2.123,1.463,1.322,3.173,2.231,2.72,2.514,0.359,0.049,2.937,3.855,2.28,2.058,0.301,0.482,0.968,1.43,1.949,2.112,2.68,0.768,0.996,3.958,4.97,0.074,0.973,5.7,0.833,0.131,0.537,1.921,3.101,1.201,1.946,0.908,2.333,7.613,3.258,1.777,7.319,1.896,1.587,2.71,9.156,2.163,3.564,3.018
"2091-06",1.062,2.225,1.78,1.083,4.2,4.515,0.981,11.047,7.281,3.669,4.368,0.528,1.562,2.587,2.679,2.521,2.305,2.871,3.163,0.371,0.045,4.515,2.594,1.229,0.634,0.32,0.22,0.751,1.619,2.051,2.758,1.747,0.185,1.146,3.828,7.044,0.04,3.583,8.167,0.221,0.871,2.114,2.597,3.547,1.132,1.945,1.241,2.789,8.508,2.697,1.81,4.482,2.258,9.57,12.968,5.715,0.999,3.488,3.157
"2091-07",1.969,2.574,2.316,0.537,2.572,4.719,1.753,10.652,3.347,4.427,3.54,0.207,0.963,1.777,2.512,2.244,1.586,1.35,2.687,0.155,0.093,7.173,3.595,2.577,0.584,0.405,0.317,0.72,1.58,1.295,3.508,2.76,0.066,0.388,7.049,6.174,0.126,7.819,7.761,0.195,0.115,0.472,2.585,3.183,1.181,1.938,1.466,4.384,5.342,2.554,1.853,2.725,2.08,5.733,11.886,4.82,0.7,3.354,3.032
"2091-08",1.775,2.648,2.51,0.266,1.061,3.657,2.275,8.283,4.613,3.887,2.652,0.15,0.475,1.573,1.859,2.307,1.968,1.16,1.689,0.053,0.513,9.31,4.823,4.123,0.557,0.167,0.189,0.428,2.444,0.936,2.479,3.55,0.221,0.204,4.783,4.861,1.427,8.481,7.564,0.091,0.051,0.29,1.695,2.649,0.931,1.812,1.693,5.213,4.759,2.313,2.561,1.59,1.52,8.331,13.25,7.604,0.513,3.176,3.049
"2091-09",2.757,2.547,2.991,0.782,1.554,3.984,4.754,9.639,4.915,4.849,2.552,0.19,0.956,1.554,2.208,2.705,3.052,1.202,1.363,0.277,0.503,7.303,6.46,4.825,1.234,0.175,0.243,0.625,2.699,1.262,2.358,3.115,0.275,0.683,3.704,3.971,0.787,6.491,7.396,0.048,0.007,0.414,0.872,2.718,1.004,1.831,1.426,5.9,3.769,2.407,3.32,1.076,1.363,4.726,12.123,5.003,0.466,2.873,3.013
"2091-10",2.261,3.418,2.497,1.508,1.017,2.386,0.734,9.132,6.559,6.239,2.374,0.271,2.122,0.875,4.362,2.484,3.844,2.481,1.95,1.398,0.119,5.131,6.673,2.573,3.155,0.597,0.569,0.533,2.138,2.169,1.611,2.22,0.405,0.415,1.689,1.302,0.058,3.572,5.833,0.133,0.01,0.176,0.61,2.084,0.821,1.815,1.594,5.49,5.246,2.27,3.973,1.913,1.671,2.786,4.116,6.922,0.579,2.773,2.932
"2091-11",1.444,3.637,2.072,2.306,1.518,3.781,1.85,6.355,4.58,8.268,5.239,2.226,7.393,1.059,4.233,2.584,3.262,3.747,2.908,1.589,0.02,1.255,6.474,3.106,5.769,0.993,2.622,1.771,1.575,2.788,1.355,3.04,0.486,0.56,1.108,2.269,0.136,0.781,5.337,0.917,0.179,1.153,0.425,1.7,0.884,0.967,1.21,4.884,3.836,2.353,3.696,3.033,2.199,6.895,4.99,10.503,1.66,2.568,3.005
"2091-12",1.783,2.273,1.962,3.449,1.773,4.447,1.701,2.597,1.317,6.999,5.82,4.793,10.907,0.719,5.332,2.46,3.038,4.116,2.406,2.192,0.017,0.079,3.707,0.165,4.947,1.495,5.086,6.216,1.592,1.828,1.267,2.395,0.615,0.411,1.035,1.331,0.012,0.322,9.264,3.63,0.137,1.143,1.024,2.068,0.703,0.973,1.444,4.841,4.447,2.724,2.886,3.26,1.678,1.018,1.657,8.357,3.068,2.369,3.069
"2092-01",1.582,2.177,1.566,4.122,1.135,2.908,0.822,0.729,0.788,5.306,2.64,10.401,11.027,0.88,5.023,1.948,2.725,4.757,2.306,2.021,0.012,0.006,2.381,0.026,3.383,2.349,7.75,8.202,1.183,2.045,1.019,2.5,0.593,0.393,0.443,0.595,0.066,0.131,6.452,6.997,0.614,1.036,0.918,1.177,0.785,1.538,1.062,3.015,7.38,4.261,2.802,2.629,1.988,0.575,0.425,6.794,2.065,2.588,3.044
"2092-02",2.205,2.377,1.006,1.562,2.24,3.9,0.717,0.437,0.308,6.857,3.218,8.288,11.42,0.601,5.77,1.43,2.47,3.147,1.492,1.456,0.01,0.008,2.754,0.064,4.825,2.425,5.539,10.25,1.044,1.714,1.013,2.677,1.819,0.713,0.676,3.027,0.009,0.123,5.841,6.226,0.515,1.31,0.723,2.606,1.228,1.258,1.083,2.498,5.521,3.34,2.882,3.118,2.16,0.122,0.032,8.082,4.753,2.999,2.998
"2092-03",1.198,2.169,1.679,3.623,3.693,6.078,0.346,0.612,1.055,9.067,3.371,7.201,9.422,1.148,4.64,3.464,2.225,3.219,2.6,0.895,0.002,0.149,3.274,0.238,4.935,2.059,2.184,3.489,0.731,2.163,1.524,2.918,0.573,0.622,1.144,2.342,0.001,0.335,7.408,6.979,0.166,1.135,0.693,2.519,1.301,1.523,0.805,2.111,7.211,3.739,1.818,2.771,2.919,0.482,0.842,5.104,4.586,2.947,3.035
"2092-04",1.185,2.172,1.646,1.3,3.036,3.674,0.606,1.525,0.759,8.931,7.104,5.188,6.906,0.785,3.454,2.885,1.823,2.854,2.162,0.75,0.026,1.133,4.847,2.037,4.772,1.513,1.505,1.782,1.241,1.68,2.237,3.557,0.678,0.466,3.354,2.889,0.098,0.955,3.729,1.126,0.039,0.341,0.645,1.516,1.331,1.65,0.645,1.826,7.384,4.07,1.757,6.474,2.381,0.647,2.907,7.238,2.317,3.51,2.929
"2092-05",1.939,2.359,2.264,0.563,2.322,2.131,0.551,4.86,3.584,8.776,7.988,1.847,1.474,1.273,2.763,2.829,2.044,2.934,2.023,0.63,0.014,2.181,2.833,1.325,1.337,0.18,0.391,0.922,1.316,1.97,3.481,3.355,0.322,0.762,3.515,5.533,0.017,1.771,7.423,0.758,0.091,0.523,1.999,2.202,1.161,2.063,0.905,2.853,5.812,3.096,1.85,7.812,2.65,3.691,7.89,9.334,1.692,3.472,3.052
"2092-06",1.611,2.912,1.515,1.024,2.967,4.453,1.148,6.888,3.752,3.761,4.519,0.378,0.322,3.007,1,3.285,1.668,2.378,2.02,0.542,0.043,5.801,2.536,1.442,0.655,0.547,0.256,1.55,1.85,1.696,2.809,2.296,0.23,1.015,4.582,5.581,0.013,6.467,8.176,0.145,0.164,0.32,2.683,2.976,1.426,1.752,1.199,3.709,6.198,3.206,1.689,5.696,2.114,6.175,10.074,4.115,1.369,3.331,3.059
"2092-07",1.495,2.493,2.188,0.488,1.584,4.161,3.435,8.186,3.109,3.502,3.006,0.141,0.788,2.512,1.54,2.912,2.853,2.308,1.501,0.096,0.176,7.6,2.991,3.092,0.421,0.239,0.153,0.816,1.412,1.519,3.861,2.319,0.111,0.393,6.886,5.554,0.321,6.917,7.034,0.142,0.127,0.427,1.977,3.348,1.166,1.276,1.46,4.719,5.915,2.503,2.184,3.248,1.863,4.584,11.905,7.103,1.011,3.194,3.059
"2092-08",1.895,3.02,2.075,0.281,1.236,3.648,2.809,7.768,2.33,4.125,2.473,0.174,1.149,0.916,2.546,2.007,2.701,1.302,2.027,0.062,0.455,8.869,4.46,4.535,0.614,0.374,0.598,0.383,1.634,1.457,2.577,4.009,0.084,0.318,5.065,7.425,1.426,7.78,7.041,0.032,0.039,0.244,2.311,3.706,1.253,2.241,2.158,5.448,4.237,2.462,2.623,1.439,1.54,6.945,14.495,6.022,0.642,3.125,3.078
"2092-09",2.412,2.948,2.295,0.364,1.877,4.851,2.776,10.035,5.591,5.286,2.367,0.549,1.634,0.898,2.401,2.157,3.082,1.068,1.05,0.173,0.103,6.907,5.925,2.985,0.863,0.148,0.208,0.466,2.217,1.556,2.167,3.43,0.108,0.295,5.265,4.634,0.25,6.89,8.346,0.121,0.09,0.119,1.957,2.691,0.855,1.962,1.928,5.849,3.33,2.006,2.95,1.403,1.731,4.056,13.869,5.284,0.46,2.801,2.958
"2092-10",3.001,3.326,2.524,0.724,0.58,3.242,1.164,8.849,7.454,7.668,5.436,1.447,3.408,0.588,2.546,1.89,3.128,1.633,1.298,0.726,0.03,3.327,5.569,1.677,3.4,0.475,1.144,0.633,1.521,1.851,1.942,3.576,0.228,0.269,1.495,3.009,0.056,3.101,7.318,0.072,0.011,0.301,1.236,3.437,0.704,1.56,1.24,5.572,3.386,2.334,3.758,2.62,1.92,0.89,5.788,6.531,0.683,2.715,2.906
"2092-11",1.508,3.466,1.389,3.876,2.149,3.308,0.42,4.868,8.539,7.687,8.669,1.42,6.947,0.908,3.157,2.903,4.039,2.293,2.571,0.979,0.026,1.354,6.26,1.67,6.537,1.106,1.18,1.556,1.147,2.367,1.317,2.163,2.77,0.665,0.74,1.64,0.247,0.696,4.117,0.321,0.023,0.184,0.911,2.602,0.752,1.35,1.381,5.205,3.582,2.797,3.634,4.142,1.396,3.818,3.686,11.794,0.927,2.525,2.964
"2092-12",1.717,2.576,1.86,2.313,3.428,5.253,0.989,1.775,1.649,6.098,5.942,4.963,10.379,0.757,4.471,2.439,3.979,3.293,2.637,1.258,0.065,0.083,3.755,0.441,6.135,3.335,3.415,5.014,1.424,1.592,0.995,2.303,1.743,0.283,0.645,1.355,0.206,0.164,6.698,3.102,0.129,0.177,0.409,2.224,0.553,1.043,1.681,4.569,5.385,2.906,2.87,4.356,1.578,3.069,0.118,7.356,2.065,2.35,2.978
"2093-01",1.508,2.257,1.503,2.607,1.355,3.377,2.257,0.989,0.571,5.338,3.736,9.012,12.472,1.022,4.024,2.916,4.225,2.976,2.133,1.104,0.018,0.01,2.287,0.137,6.065,2.362,7.805,7.52,1.139,1.945,0.801,2.562,1.661,0.408,1.239,2.457,0.054,0.133,5.033,6.739,0.735,0.339,0.527,2.01,0.882,1.306,1.113,3.676,5.909,3.491,2.745,4.039,2.252,0.161,0.126,6.624,2.748,2.628,3.013
"2093-02",1.866,2.342,1.011,3.421,2.377,3.647,0.775,0.54,0.635,8.105,2.589,8.461,9.774,0.732,4.417,2.324,3.345,3.649,2.74,1.183,0.01,0.004,2.195,0.012,3.648,3.572,5.328,9.686,1.006,1.874,0.741,1.646,0.901,0.525,1.603,2.028,0.003,0.425,6.883,2.931,0.046,0.213,0.504,2.085,0.861,2.169,0.986,2.954,6.178,4.051,2.321,2.229,2.756,0.059,0.182,7.391,4.603,2.776,3.045
"2093-03",1.711,1.49,1.81,2.902,2.037,4.687,0.428,0.713,0.984,7.246,3.394,10.662,9.49,0.682,3.41,2.874,2.554,3.697,2.453,1.219,0.018,0.385,3.644,0.367,3.626,3.132,3.551,5.442,0.955,2.244,1.674,2.195,0.567,0.528,1.061,1.82,0.001,0.18,4.826,5.209,1.218,3.6,0.659,2.001,1.296,1.677,0.877,2.634,6.901,3.96,2.443,4.038,2.796,0.217,0.329,3.992,3.261,2.844,2.963
"2093-04",1.132,1.665,1.517,2.364,2.646,3.654,0.446,1.848,1.258,7.346,5.41,5.095,6.272,0.746,2.304,2.132,3.101,3.014,0.973,1.032,0.022,1.621,5.683,1.129,3.693,1.725,2.08,3.582,1.665,0.404,1.366,2.246,1.644,1.089,3.16,4.171,0.013,0.315,5.168,5.953,0.101,0.372,0.653,1.41,1.087,1.591,1.44,2.447,5.957,3.868,1.657,7.356,2.557,0.243,1.217,7.127,3.153,3.411,2.997
"2093-05",1.833,2.212,1.737,1.366,4.559,3.478,0.698,5.353,2.787,6.403,7.969,1.915,1.551,2.697,2.795,3.229,1.757,2.068,1.484,0.946,0.032,2.747,3.775,2.032,2.542,0.589,0.471,1.726,2.091,2.304,1.837,1.654,0.628,0.736,2.988,4.178,0.115,1.316,5.263,0.623,0.278,0.172,1.607,2.905,1.106,2.085,1.293,2.565,7,3.427,1.531,9.202,2.386,1.657,3.349,8.326,1.853,3.278,2.999
"2093-06",1.908,2.129,2.218,1.37,1.856,4.285,0.742,7.757,6.768,4.273,4.501,0.237,0.331,2.421,2.927,2.564,1.194,3.077,1.973,0.635,0.031,4.524,3.018,1.625,0.621,0.286,0.574,0.711,1.477,1.849,2.479,3.297,0.481,1.113,5.573,6.743,0.032,5.806,7.439,0.423,0.588,1.692,3.113,3.229,1.479,1.59,0.878,3.105,5.575,3.035,1.937,5.325,2.044,8.635,19.369,5.463,1.376,3.45,3.07
"2093-07",2.003,2.437,2.78,0.315,1.324,3.559,1.899,8.299,2.585,3.465,3.388,0.253,0.319,1.794,1.126,2.705,1.859,1.812,1.855,0.048,0.134,7.343,3.9,3.626,0.38,0.55,0.568,0.893,2.08,2.042,3.129,3.897,0.131,0.661,7.899,6.104,0.526,7.423,6.913,0.087,0.059,0.643,2.651,3.654,1.182,1.809,1.243,4.828,5.115,2.725,1.791,2.938,1.844,4.764,10.86,6.771,1.053,3.264,3.06
"2093-08",2.728,2.476,2.182,0.264,0.62,3.381,2.611,7.663,2.795,3.502,2.234,0.171,0.318,1.742,0.827,2.611,2.518,1.278,1.392,0.095,0.471,7.788,4.72,4.644,0.634,0.147,0.142,0.422,1.931,1.462,2.305,3.252,0.09,0.285,5.452,5.556,1.106,8.288,7.235,0.092,0.305,0.646,2.315,2.93,1.123,1.952,1.714,6.379,3.84,2.681,2.065,1.441,1.496,5.902,13.156,6.428,0.478,3.242,3.058
"2093-09",2.107,2.856,2.723,0.514,1.928,4.089,3.458,7.711,4.198,4.575,2.129,0.145,0.641,1.443,1.276,2.42,2.941,1.778,2.011,0.142,0.185,7.92,6.285,3.276,1.099,0.322,0.316,0.53,2.238,1.418,1.96,3.874,0.219,0.171,4.877,4.66,0.456,6.619,7.963,0.044,0.031,0.273,1.981,2.964,1.121,1.672,1.43,5.719,3.183,2.316,3.031,1.28,1.498,5.166,13.627,4.283,0.631,2.797,2.923
"2093-10",2.819,3.506,2.115,1.05,1.365,3.772,2.018,8.146,5.829,6.087,2.078,0.454,2.033,0.905,4.027,2.274,3.674,1.446,1.574,0.79,0.057,4.043,5.936,3.578,2.08,0.406,0.306,0.369,2.369,1.543,1.431,2.437,0.266,0.552,1.92,2.274,0.206,3.433,5.439,0.118,0.006,0.223,0.757,1.896,0.9,1.496,1.805,5.985,4.18,2.42,3.621,2.218,1.537,2.397,3.413,8.666,0.678,2.959,2.937
"2093-11",2.652,3.687,2.155,2.816,1.384,3.196,0.913,4.51,2.854,7.598,6.109,2.341,7.271,0.766,4.235,1.79,3.42,1.763,1.674,1.683,0.06,0.886,6.099,1.736,5.987,0.808,2.371,2.313,2.061,1.505,1.293,1.785,1.742,0.615,0.96,1.202,0.018,0.635,5.634,0.343,0.028,0.246,0.338,1.64,0.741,1.39,1.674,5.269,4.175,2.803,3.404,3.082,1.501,3.143,6.924,11.38,0.891,2.673,2.972
"2093-12",2.468,3.263,1.525,2.783,1.823,3.445,1.039,2.204,1.64,7.397,5.579,3.192,8.339,1.03,4.496,3.039,4.135,1.729,2.113,1.169,0.01,0.137,3.733,0.056,4.302,2.91,5.679,3.298,1.557,1.391,0.787,2.155,1.303,0.208,0.506,2.008,0.008,0.555,8.414,1.775,0.214,1.161,0.467,2.325,0.689,1.219,1.382,4.37,4.662,2.914,3.175,3.863,1.443,0.468,2.408,10.742,2.189,2.352,2.983
"2094-01",2.569,2.812,1.445,2.585,1.424,2.766,2.328,1.49,1.417,5.295,5.215,6.679,14.077,0.616,6.111,2.307,3.348,2.029,1.497,1.128,0.012,0.002,2.459,0.013,3.8,2.897,6.403,9.148,0.818,1.586,0.786,1.989,1.01,0.488,0.44,1.405,0.009,0.073,8.341,12.912,1.932,4.331,1.111,2.508,0.735,1.563,1.199,3.458,4.981,3.306,2.668,3.524,1.913,0.043,0.151,5.072,2.33,2.505,3.006
"2094-02",2.795,1.7,1.224,2.703,2.404,2.839,3.194,0.749,0.468,8.1,3.428,8.322,9.66,0.472,4.647,1.859,2.199,2.663,2.307,1.963,0.009,0.019,2.206,0.013,2.596,3.329,5.043,7.823,0.995,1.301,0.686,1.713,0.759,0.632,1.021,2.458,0.004,0.183,5.619,9.442,0.971,0.54,1.108,2.01,0.985,1.438,1.111,2.679,5.997,4.503,2.581,3.105,2.564,0.046,0.155,4.111,3.268,2.835,2.989
"2094-03",1.595,2.025,1.602,4.038,2.597,3.24,0.61,0.658,1.37,9.286,6.422,7.827,12.295,0.661,4.085,1.612,2.408,2.757,2.477,1.129,0.072,0.692,3.607,0.093,2.65,2.069,2.423,6.118,0.87,1.405,1.425,1.779,0.901,0.842,1.602,2.173,0.001,0.234,5.369,2.742,0.132,1.416,0.891,1.823,1.248,1.611,0.786,2.212,5.484,4.184,2.56,4.543,2.737,0.087,0.3,5.114,4.594,2.891,2.932
"2094-04",1.796,1.96,1.666,1.769,2.326,4.225,0.335,2.163,0.804,8.765,7.139,6.661,8.765,0.679,3.19,1.934,2.478,2.636,2.012,0.57,0.023,0.766,3.964,0.795,3.906,0.566,1.022,3.131,1.183,1.863,1.905,2.513,1.703,0.811,3.636,2.931,0.041,0.935,5.711,3.755,0.067,0.889,1.211,2.756,1.329,1.75,0.582,2.792,5.324,3.94,1.4,7.207,2.691,0.189,1.135,5.352,3.896,3.28,2.997
"2094-05",1.518,2.629,1.78,1.672,2.255,3.438,0.312,3.829,1.713,7.448,8.145,2.683,3.248,1.031,2.3,2.373,1.529,2.595,2.426,0.566,0.016,2.409,3.471,1.146,1.776,0.229,0.603,1.169,1.832,1.647,2.564,3.096,0.438,1.076,2.51,4.003,0.02,1.521,8.25,1.411,0.297,0.572,2.111,3.492,1.272,2.323,0.98,3.246,4.982,3.531,1.563,8.102,2.247,4.75,9.483,8.641,1.944,3.357,3.078
"2094-06",1.313,2.346,2.184,0.805,2.361,3.925,1.249,7.03,0.88,4.115,4.594,0.325,0.604,2.675,2.608,3.031,1.844,2.148,1.886,0.132,0.018,4.52,1.941,1.251,0.425,0.316,0.316,0.652,1.827,1.714,2.808,2.554,0.231,0.428,4.076,6.246,0.106,7.15,9.267,0.541,0.639,0.674,1.899,3.065,0.971,1.913,1.444,4.245,5.576,3.09,1.427,4.942,2.082,7.009,14.058,4.884,0.848,3.33,3.055
"2094-07",1.555,2.795,2.267,0.284,0.957,4.29,1.799,6.179,1.793,3.219,2.572,0.175,0.504,1.942,2.163,2.261,2.617,1.115,1.208,0.042,0.163,8.14,2.944,2.948,0.196,0.382,0.287,0.509,1.845,1.885,2.292,3.811,0.118,0.42,6.984,6.672,0.344,7.01,8.178,0.095,0.171,0.496,2.812,4.023,1.27,2.096,1.607,4.689,5.446,3.06,1.683,3.203,1.715,3.958,13.187,5.379,0.761,3.229,3.058
"2094-08",2.558,2.326,2.056,0.245,1.446,4.044,2.512,7.542,3.488,4.619,2.664,0.165,0.576,2.678,2.334,3.089,2.892,0.986,0.374,0.14,0.319,8.301,5.086,3.341,0.406,0.321,0.51,0.418,2.725,0.356,2.224,4.318,0.077,0.798,6.639,5.961,0.34,5.693,6.992,0.061,0.144,0.148,2.135,4.055,1.11,1.358,1.844,6.038,4.262,2.495,2.063,1.582,2.167,2.533,10.263,2.939,0.929,2.98,2.982
"2094-09",2.638,3.203,2.702,0.862,1.931,3.682,5.196,9.207,3.448,4.027,2.018,0.089,0.582,1.597,2.481,2.188,3.089,0.979,0.351,0.337,0.384,8.403,5.884,2.42,0.942,0.277,0.453,0.485,2.246,0.628,1.954,3.157,0.046,0.482,3.485,5.192,0.059,4.862,6.789,0.054,0.017,0.057,1.605,2.799,0.887,1.623,1.611,5.287,5.33,2.153,2.74,1.336,2.18,2.839,8.758,5.744,0.854,2.966,2.961
"2094-10",1.906,3.726,2.544,1.512,1.082,4.409,0.647,7.077,4.644,4.881,3.531,0.695,2.887,1.254,3.625,2.966,3.6,2.855,1.772,0.695,0.031,3.703,5.708,1.414,1.867,0.459,0.31,0.281,2.095,1.599,1.311,2.591,0.382,0.594,2.973,2.346,0.054,3.43,3.844,0.049,0.013,0.079,1.159,2.649,0.898,1.254,1.791,5.872,5.34,2.399,3.626,2.429,1.983,2.324,12.477,7.103,0.653,2.659,2.927
"2094-11",2.676,2.583,2.542,1.306,1.099,3.684,0.376,4.691,4.194,6.52,7.529,2.575,8.04,1.567,4.185,2.858,2.425,1.999,1.942,2.532,0.095,2.026,6.295,1.124,4.893,1.911,2.676,1.784,1.783,2.29,1.392,2.502,1.974,0.839,0.785,1.191,0.128,0.098,6.289,0.986,0.3,1.089,0.621,1.888,0.678,0.862,1.592,4.85,4.073,2.37,3.277,4.057,2.057,2.3,2.601,11.904,1.196,2.551,2.975
"2094-12",2.005,1.818,1.563,4.749,1.962,4.142,0.739,2.403,1.496,6.117,5.385,6.329,10.586,1.096,5.51,2.745,3.515,3.569,2.281,1.376,0.008,0.116,4.042,0.239,4.853,2.27,4.044,4.263,1.514,1.806,1,1.749,0.689,0.634,0.084,1.534,0.019,0.037,9.161,2.133,0.121,0.826,1.032,2.655,0.815,0.771,1.31,4.226,5.157,2.696,2.706,4.607,1.969,0.349,1.287,9.584,2.236,2.425,3.016
"2095-01",1.974,1.547,1.568,6.373,1.585,6.479,0.455,0.888,0.785,6.085,3.727,8.931,12.877,0.862,5.709,3.246,3.684,2.996,1.153,1.754,0.014,0.007,2.679,0.022,4.558,2.738,6.889,8.714,1.071,0.731,0.658,2.872,1.015,0.528,0.511,1.922,0.011,0.073,7.184,9.479,1.493,1.894,1.62,3.263,0.84,0.913,1.464,3.122,6.418,3.431,2.442,3.903,1.938,0.093,0.081,5.967,2.857,2.571,3.099
"2095-02",2.123,1.66,1.024,4.992,1.808,4.451,1.162,0.857,1.988,6.389,2.284,9.673,10.247,1.006,4.055,2.493,3.15,1.899,2.136,1.4,0.005,0.018,2.427,0.089,2.842,3.68,4.736,5.866,1.088,1.447,0.582,1.346,1.384,0.728,2.571,2.667,0.085,0.261,3.937,10.858,3.26,4.199,0.844,2.924,1.272,1.537,1.061,2.406,6.732,4.714,2.57,2.65,2.879,0.086,0.027,3.618,3.104,2.547,3.007
"2095-03",1.411,2.255,1.18,2.489,2.07,2.96,0.433,0.871,0.573,8.964,3.674,8.264,8.811,0.804,2.233,2.36,3.269,3.112,2.859,0.628,0.006,0.229,3.066,0.558,3.545,3.269,7.057,7.315,1.157,1.688,1.006,1.572,1.867,0.771,1.83,3.976,0.062,0.349,4.018,3.537,0.074,0.635,0.738,2.39,1.097,2.101,0.694,2.64,6.262,3.743,2.398,3.965,4.215,0.043,0.043,4.35,4.405,3.141,2.998
"2095-04",1.562,2.173,1.88,2.86,1.692,3.847,0.221,1.863,0.45,8.735,5.607,4.284,4.842,1.183,3.356,2.63,3.007,2.224,2.134,0.827,0.031,1.656,3.993,0.659,3.761,1.173,1.851,3.7,0.941,2.201,2.069,2.704,0.735,0.881,1.399,1.988,0.012,0.175,5.584,4.729,0.232,0.616,1.514,2.303,1.356,2.229,0.797,2.61,6.934,3.274,1.717,8.018,2.282,0.276,0.642,5.373,3.828,3.203,2.954
"2095-05",1.436,2.367,1.827,1.649,3.224,4.294,0.559,3.628,0.708,6.043,6.117,1.584,2.165,1.359,1.921,2.483,2.233,2.45,2.279,0.467,0.025,2.728,3.983,2.109,2.607,0.293,0.632,1.181,1.5,1.651,2.472,2.576,0.986,0.879,3.173,4.662,0.11,1.54,6.474,0.452,0.203,0.783,1.962,3.933,1.195,2.023,0.823,3.17,6.445,3.413,1.497,7.859,2.033,2.789,4.649,10.261,1.544,3.349,3.039
"2095-06",1.887,2.359,2.043,0.973,2.427,3.336,1.435,9.08,1.427,2.857,3.595,0.408,0.199,3.438,1.322,3.584,2.113,1.507,1.547,0.279,0.037,4.541,2.382,1.04,0.55,0.345,0.25,0.58,2.002,1.831,2.591,2.474,0.184,1.104,4.87,6.737,0.018,5.55,9.73,0.297,0.096,0.845,2.136,3.248,1.387,1.295,1.225,4.564,5.676,3.558,1.447,5.645,1.321,5.969,16.445,3.681,0.897,3.393,3.116
"2095-07",2.587,2.596,2.258,0.339,1.08,4.302,3.269,7.446,1.95,3.982,3.202,0.191,0.509,1.937,2.132,2.783,2.202,0.913,2.128,0.046,0.12,6.873,4.077,2.122,0.421,0.736,0.522,0.723,1.998,0.738,3.265,3.149,0.059,0.44,6.771,6.986,0.172,5.143,6.458,0.084,0.037,0.307,2.932,3.673,1.35,1.885,1.302,5.497,4.547,2.812,1.803,3.086,2.153,3.642,10.839,2.508,1.22,3.233,2.995
"2095-08",1.764,2.793,1.604,0.3,1.131,4.15,2.662,5.952,2.59,3.148,1.634,0.064,0.251,1.387,1.942,2.292,2.026,0.922,1.591,0.068,0.417,8.583,5.179,3.996,0.621,0.252,0.176,0.39,2.165,1.217,1.891,3.484,0.072,0.299,5.558,5.586,0.666,6.748,6.397,0.082,0.005,0.072,1.589,3.053,1.063,1.474,1.783,5.752,4.654,2.888,2.137,1.162,2.341,5.44,12.084,4.355,0.515,3.263,2.975
"2095-09",2.919,2.806,3.089,0.827,1.613,3.994,3.849,8.289,3.36,4.039,1.53,0.101,0.399,1.949,1.167,2.704,2.951,1.499,0.466,0.387,0.817,7.831,6.161,3.645,0.96,0.184,0.159,0.358,2.717,1.003,2.244,3.874,0.214,0.695,3.206,3.044,0.634,6.888,6.672,0.066,0.009,0.044,1.364,2.807,0.953,1.308,1.851,6.507,4.372,2.319,2.925,1.045,1.797,4.009,10.414,5.124,0.661,2.973,3.023
"2095-10",2.373,3.961,2.639,0.998,0.856,3.125,1.725,7.38,4.531,5.19,1.73,0.592,2.358,1.019,2.815,2.725,2.797,1.365,2.065,0.592,0.031,3.709,6.383,3.089,1.891,0.363,0.282,0.29,1.839,2.243,1.787,2.593,0.304,0.408,1.594,2.249,0.371,3.41,5.471,0.067,0.015,0.089,1.235,2.976,0.645,0.805,1.581,5.81,5.643,2.242,3.837,1.823,2.14,4.061,5.404,7.316,0.503,2.694,2.924
"2095-11",1.467,3.613,2.18,1.615,1.337,3.707,1.609,6.359,3.009,8.072,4.277,1.887,7.582,0.794,4.234,2.253,4.262,3.619,3.553,0.945,0.046,1.107,6.677,3.268,6.362,1.626,1.206,1.064,1.414,2.104,1.388,2.347,0.87,0.462,0.753,1.1,0.392,0.318,5.937,0.371,0.019,0.097,0.601,2.328,0.904,0.628,1.508,5.101,4.423,2.51,2.933,3.463,1.64,4.569,5.231,11.796,0.901,2.51,2.954
"2095-12",2.775,2.649,1.772,3.335,3.066,2.877,2.273,2.017,1.833,6.459,4.963,6.818,9.111,0.587,3.284,2.191,3.449,2.796,2.543,1.209,0.01,0.123,4.144,0.249,4.896,2.039,3.843,3.566,1.91,1.86,1.267,1.957,0.633,0.304,0.158,1.574,0.056,0.304,5.849,1.336,0.1,0.129,0.509,1.846,0.592,1.51,1.508,4.1,6.636,3.195,2.866,3.696,1.643,3.861,1.303,10.767,1.535,2.457,2.996
"2096-01",1.719,1.608,1.3,4.167,2.088,4.528,2.282,0.895,1.19,6.138,3.698,7.921,11.314,0.979,4.077,1.815,3.939,3.27,2.039,1.358,0.103,0.035,2.703,0.01,3.454,3.25,4.322,8.055,1.45,1.33,0.765,2.018,1.031,0.276,1.037,1.585,0.008,0.188,7.057,9.556,1.81,0.505,1.342,1.858,0.575,1.32,1.411,3.358,5.717,3.231,2.874,3.468,2.175,0.032,0.166,5.102,4.482,2.684,3.029
"2096-02",1.849,1.843,1.454,5.706,1.581,4.816,1.387,0.293,0.814,7.603,3.103,9.004,11.257,0.83,4.333,2.534,3.409,2.297,2.362,0.713,0.025,0.035,2.968,0.106,3.293,3.052,4.509,10.518,1.05,1.966,1.125,2.117,1.837,0.437,1.296,1.782,0.022,0.186,5.896,9.709,1.348,3.64,0.802,2.479,1.202,1.787,1.238,2.706,5.875,3.449,2.912,3.016,2.787,0.069,0.106,5.756,3.133,2.863,3.018
"2096-03",1.7,2.663,1.08,2.003,3.694,3.41,0.773,0.703,0.724,6.215,2.881,10.071,10.327,0.844,4.542,3.054,2.712,2.293,2.138,0.651,0.023,0.242,3.55,0.27,2.634,3.172,2.562,5.125,0.814,2.177,1.209,2.061,1.296,1.114,1.54,3.166,0.017,0.383,3.429,2.197,0.185,0.223,0.567,1.968,1.324,1.95,0.936,2.49,8.431,4.419,2.509,4.314,2.948,0.047,0.094,3.317,3.766,2.893,3.011
"2096-04",1.309,1.902,1.585,1.097,2.171,3.234,0.451,1.449,0.602,7.866,3.303,7.334,6.244,1.324,3.658,2.955,2.207,3.083,2.36,0.8,0.008,1.772,5.097,1.607,4.087,0.574,0.875,2.202,1.261,1.859,2.574,2.599,0.415,0.545,2.171,3.576,0.031,0.881,4.466,0.845,0.007,0.212,0.682,1.953,1.129,2.589,0.597,2.518,7.575,3.607,1.921,7.145,2.518,0.328,0.89,6.332,3.734,3.334,2.973
"2096-05",1.429,2.125,1.467,1.067,2.832,4.371,0.328,3.488,0.396,5.73,6.177,3.019,3.053,1.353,3.538,2.458,1.633,1.863,2.582,0.412,0.025,2.128,3.278,0.992,2.59,0.223,0.813,0.989,1.645,1.659,2.128,4.236,0.399,0.836,3.174,4.767,0.003,0.924,7.524,0.507,0.01,0.246,1.077,2.449,1.068,1.987,0.919,2.63,7.615,3.422,1.327,8.106,2.309,0.595,6.719,8.639,2.298,3.617,3.066
"2096-06",1.937,2.468,1.918,0.505,2.413,3.856,2.174,7.34,1.021,4.053,5.136,0.409,0.771,2.039,2.368,1.97,1.318,1.658,1.887,0.297,0.015,4.202,2.242,0.857,0.503,0.263,0.219,0.473,1.845,1.774,2.193,2.915,0.236,0.826,4.938,6.375,0.013,4.445,6.296,0.201,0.344,0.601,2.122,2.705,1.139,2.351,1.097,4.131,7.304,2.805,1.401,6.47,2.251,7.168,8.958,7.007,1.088,3.426,3.067
"2096-07",1.933,2.932,2.209,0.153,1.579,4.009,2.199,7.366,1.007,2.342,2.664,0.116,0.12,3.033,1.488,3.033,1.844,1.841,1.76,0.085,0.094,6.948,3.073,2.371,0.492,0.229,0.14,0.551,2.308,1.865,2.83,3.267,0.092,0.314,6.665,6.608,0.131,7.431,6.064,0.312,0.298,2.1,1.672,3.112,1.121,1.663,1.258,5.201,6.489,2.779,1.62,2.945,1.946,6.498,13.848,5.101,0.862,3.172,3.059
"2096-08",2.404,1.774,2.201,0.142,1.154,3.962,2.368,7.539,2.465,4.043,2.692,0.18,0.459,1.744,1.439,2.536,2.607,1.071,1.026,0.178,0.223,7.758,5.299,3.616,0.88,0.208,0.337,0.798,2.253,0.972,2.232,4.18,0.053,0.899,6.543,6.798,0.459,7.024,6.053,0.093,0.133,0.311,1.568,3.339,1.106,1.494,1.855,5.817,5.401,2.444,2.124,1.53,1.77,3.992,12.097,5.872,0.628,3.066,3.026
"2096-09",2.988,3.134,2.463,0.677,0.723,3.144,2.438,6.427,4.621,3.928,1.949,0.135,0.982,1.305,2.546,2.456,2.132,1.302,1.317,0.363,0.277,6.104,5.746,4.396,1.103,0.397,0.402,0.374,2.041,0.368,2.37,3.724,0.168,0.369,3.396,4.733,0.966,6.923,5.561,0.098,0.007,0.057,1.107,2.428,0.966,1.492,2.011,6.872,5.132,2.143,2.751,1.252,1.834,5.051,12.063,3.659,0.594,3.018,3.002
"2096-10",3.356,2.513,2.344,2.124,1.505,2.307,6.143,13.041,6.171,6.742,1.758,0.613,2.474,0.993,4.886,2.197,2.203,2.108,1.256,1.213,0.048,2.999,5.856,3.318,3.998,0.519,0.928,0.474,2.284,1.228,1.962,3.325,0.499,0.24,1.331,2.107,0.197,3.203,4.064,0.114,0.014,0.064,0.441,1.593,0.842,1.532,1.996,5.812,5.568,2.007,3.481,1.841,2.073,1.582,8.366,6.455,0.683,2.846,2.935
"2096-11",2.064,2.328,2.08,5.703,0.975,4.204,0.347,5.903,3.382,7.726,4.707,2.533,6.689,1.426,4.248,3.168,2.973,2.305,1.37,2.934,0.02,1.156,5.747,1.193,6.253,0.724,2.765,2.291,1.779,2.137,1.78,3.64,0.968,0.457,0.422,1.536,0.061,0.805,7.285,0.634,0.369,1.423,1.351,2.186,0.731,1.224,1.309,4.271,4.938,2.441,3.202,2.955,2.059,5.976,8.375,9.92,1.118,2.542,2.991
"2096-12",2.639,2.337,1.624,3.755,2.58,4.245,2.681,0.935,0.312,5.884,5.016,6.765,11.399,0.415,4.575,1.572,2.645,1.9,1.13,1.949,0.016,0.184,2.666,0.521,7.138,1.194,5.532,7.067,1.618,1.76,0.622,2.227,2.157,1.049,0.823,2.684,0.021,0.093,8.409,3.989,0.083,1.921,0.552,3.727,0.955,0.997,1.69,3.77,5.68,2.585,3.144,2.748,1.925,0.307,0.687,7.719,1.799,2.406,2.967
"2097-01",1.933,2.253,1.185,2.703,1.932,4.017,2.786,0.839,1.167,4.891,2.531,7.562,11.95,0.707,5.049,2.051,3.782,3.821,1.965,1.668,0.008,0.022,3.192,0.156,5.513,2.027,3.339,5.785,0.718,1.862,0.842,2.529,2.061,0.679,0.348,1.809,0.028,0.033,5.169,6.149,0.559,2.746,0.891,4.066,0.942,1.327,0.98,3.341,7.14,3.478,2.934,3.01,2.081,0.138,0.437,7.7,3.2,2.395,3.016
"2097-02",2.017,2.246,1.549,4.021,1.869,3.469,1.315,0.698,1.61,6.385,2.76,7.364,10.729,0.651,4.109,1.68,3.124,2.78,2.687,1.017,0.006,0.059,2.95,0.025,3.613,2.858,5.838,9.726,0.838,2.279,0.843,2.357,0.505,0.865,1.643,2.218,0.014,0.244,5.127,7.368,0.957,4.469,0.757,2.464,0.799,1.164,1.052,2.577,7.23,4.221,2.565,2.9,2.238,0.124,0.065,6.557,3.006,2.933,3.039
"2097-03",1.678,1.734,1.302,4.472,3.23,5.051,2.022,0.372,0.474,7.284,2.665,10.46,7.693,0.623,3.006,1.896,3.142,1.915,1.786,1.038,0.011,0.333,2.992,0.476,4.699,1.912,3.263,9.5,1.318,2.161,1.616,1.687,0.768,0.697,2.273,2.418,0.029,0.583,3.355,3.272,0.04,1.206,0.268,1.757,1.329,2.087,0.934,2.187,7.498,4.729,2.495,3.96,2.478,0.402,0.107,6.324,2.899,3.119,3.002
"2097-04",1.696,2.104,1.942,2.075,1.681,2.734,0.463,1.336,1.157,9.835,5.609,5.561,7.304,1.332,4.35,3.038,1.557,3.371,1.23,1.465,0.04,1.472,4.473,1.759,4.461,0.463,0.758,2.679,1.142,1.586,2.619,2.523,1.881,1.467,2.221,4.466,0.261,0.768,4.557,2.371,0.018,0.111,0.758,1.453,1.074,2.219,0.845,2.798,6.392,3.482,2.028,7.296,2.432,0.443,0.419,5.871,3.282,3.3,2.984
"2097-05",1.768,2.078,1.841,0.856,1.787,2.942,0.735,4.856,2.032,7.32,5.475,2.145,4.036,1.078,3.173,2.184,2.047,2.725,1.011,1.134,0.019,2.44,2.868,1.339,1.267,0.427,0.963,0.583,1.475,1.506,3.265,2.059,0.685,1.292,2.165,5.039,0.091,1.225,7.128,0.375,0.054,0.721,1.487,2.834,1.214,1.931,1.119,3.239,6.755,3.602,1.505,6.091,2.731,5.771,4.771,9.709,1.384,3.679,3.113
"2097-06",1.782,2.479,1.908,1.225,3.429,3.7,1.452,8.056,1.025,3.174,3.076,0.374,0.51,2.245,2.231,2.874,2.583,2.118,1.139,0.349,0.027,3.665,2.631,1.566,0.719,0.172,0.398,1.519,1.811,2.366,2.735,2.586,0.362,0.943,5.393,6.416,0.012,7.531,7.321,0.203,0.113,0.676,1.623,2.611,1.125,2.018,1.684,4.661,5.827,3.301,1.483,2.998,2.172,5.632,19.099,4.528,0.879,3.253,3.051
"2097-07",1.943,2.405,2.035,1.089,1.955,3.551,2.204,7.317,0.975,3.489,2.808,0.259,1.2,2.376,2.198,2.69,2.398,1.279,1.379,0.077,0.151,7.063,3.637,3.327,0.522,0.412,0.601,0.596,1.86,1.654,2.223,3.382,0.1,0.455,7.165,6.703,0.69,7.181,6.399,0.156,0.029,0.375,2.281,3.175,1.245,1.624,1.853,4.967,5.821,3.132,1.653,2.323,2.097,6.243,10.688,3.946,0.876,3.27,3.047
"2097-08",1.774,2.754,2.286,0.488,1.161,3.669,2.207,5.867,1.515,3.169,1.963,0.165,0.52,1.453,1.31,2.778,2.447,1.146,0.865,0.082,0.408,7.473,5.093,4.797,0.721,0.301,0.393,0.697,1.862,1.249,2.2,3.51,0.057,0.184,6.807,5.663,0.775,7.436,6.809,0.076,0.029,0.406,1.66,3.104,1.3,1.438,1.352,6.222,4.165,2.722,2.054,0.921,1.678,4.778,11.893,6.121,0.76,2.943,2.981
"2097-09",2.595,3.445,2.118,1.551,2.047,3.359,4.347,7.636,3.333,4.497,1.435,0.057,1.134,1.462,3.226,2.207,2.535,1.437,1.359,0.245,0.079,6.474,5.263,2.231,0.629,0.386,0.132,0.175,2.192,1.035,2.089,3.546,0.061,0.372,5.281,3.419,0.104,6.091,6.958,0.044,0.017,0.556,1.908,3.607,0.988,1.561,2.077,6.516,4.665,2.382,3.081,1.284,1.888,2.141,9.602,4.434,0.387,3.038,3.008
"2097-10",3.162,3.426,3.011,2.433,1.829,3.682,1.684,6.873,4.534,4.91,1.466,0.454,1.781,1.006,4.635,2.291,3.35,1.347,1.598,0.479,0.024,3.25,5.374,1.937,2.109,0.48,0.516,0.57,2.565,1.678,1.568,3.029,0.92,0.618,1.786,1.817,0.091,2.428,4.923,0.11,0.02,0.132,1.099,1.838,0.757,1.845,1.98,6.159,5.656,2.436,3.025,1.857,1.995,3.219,5.355,8.46,0.759,2.651,2.957
"2097-11",1.978,2.733,2.173,4.387,1.336,5.246,0.448,5.059,3.372,6.951,3.135,1.512,4.142,1.322,4.734,1.729,3.416,3.01,2.246,1.088,0.014,0.744,5.175,1.12,7.14,1.243,5.014,4.142,1.726,2.482,1.584,1.756,2.208,0.851,0.765,2.158,0.111,0.249,4.896,0.899,0.158,1.139,0.699,2.47,0.959,1.442,1.309,5.119,4.398,2.477,2.847,2.552,2.092,2.331,2.738,9.155,1.541,2.597,2.899
"2097-12",1.915,2.492,2.05,4.394,0.769,3.205,0.939,1.219,1.071,6.036,3.254,3.041,9.004,0.595,5.742,2.235,3.493,4.248,2.287,1.609,0.007,0.136,3.489,0.1,4.543,1.494,3.764,4.605,1.421,2.042,1.239,2.682,0.703,0.349,1.059,1.723,0.025,0.127,7.416,2.239,0.025,0.571,0.616,3.124,0.646,1.135,1.252,4.255,7.101,2.894,2.993,2.436,1.771,1.84,0.412,11.833,1.936,2.427,3.039
"2098-01",2.219,2.061,1.2,2.38,2.493,5.623,3.272,1.151,1.347,4.106,1.874,9.705,11.378,0.625,5.459,2.233,3.553,3.474,2.365,1.469,0.019,0.017,2.453,0.41,5.916,2.62,7.156,8.86,1.047,1.142,0.688,2.242,1.419,0.36,1.346,1.85,0.067,0.181,5.527,6.844,0.179,0.321,0.527,2.255,0.861,1.392,1.061,2.756,7.234,3.528,2.999,2.938,2.734,0.146,0.115,6.391,1.949,2.594,2.996
"2098-02",1.38,1.839,1.507,5.149,2.329,4.099,2.102,0.503,1.295,5.564,1.717,9.893,9.502,0.442,3.834,2.305,2.745,3.06,1.397,2.494,0.026,0.071,2.984,0.318,4.571,2.153,8.271,10.975,0.777,1.322,0.793,1.376,1.768,0.56,3.097,2.555,0.079,0.474,3.593,8.468,0.751,3.473,0.693,1.651,1.025,1.198,0.867,2.408,7.125,4.417,2.825,3.178,2.84,0.111,0.062,4.209,3.297,2.773,3.031
"2098-03",1.722,1.9,1.638,3.665,1.852,4.459,0.41,0.748,0.562,6.822,2.708,6.61,9.072,0.814,3.36,2.145,2.665,3.021,1.951,1.497,0.014,0.642,4.067,0.755,3.289,2.608,3.572,6.316,0.987,2.28,1.466,2.059,2.371,0.706,2.297,2.853,0.076,0.386,3.381,5.028,0.184,0.777,0.805,1.78,1.12,2.299,1.046,1.913,9.055,3.834,2.794,5.041,2.787,0.219,0.061,4.814,4.13,3.018,3.045
"2098-04",1.025,1.82,1.086,2.806,2.429,4.522,0.204,1.589,0.957,8.277,5.144,4.194,4.315,0.764,3.968,2.089,1.987,3.177,2.507,0.874,0.019,1.187,4.44,1.537,3.481,0.373,0.87,3.492,1.011,1.989,1.769,2.319,1.08,1.531,1.986,4.64,0.296,0.378,3.926,1.152,0.022,0.317,0.883,1.861,1.148,1.999,0.904,1.826,9.812,3.732,2.251,5.974,2.592,0.297,0.683,4.107,3.599,3.272,2.978
"2098-05",1.156,2.274,1.913,1.493,3.683,4.206,0.299,4.884,1.193,5.231,6.075,2.666,2.722,1.044,1.293,1.821,1.901,2.758,2.504,0.244,0.031,2.976,4.729,2.804,3.955,0.334,0.297,0.846,1.752,1.785,2.574,2.485,0.504,0.919,2.657,4.546,0.071,1.048,5.676,0.781,0.092,1.09,1.915,3.624,1.124,1.904,0.707,2.354,8.696,2.682,1.732,6.569,2.016,4.216,6.079,9.887,2.223,3.673,3.041
"2098-06",1.865,2.263,2.351,0.484,3.804,5.042,1.819,7.615,1.054,4.435,4.724,0.443,1.761,3.03,3.656,2.672,2.107,1.809,2.223,0.171,0.02,3.064,2.568,0.839,0.665,0.496,0.406,0.874,1.676,1.814,2.76,4.115,0.304,0.524,4.999,7.001,0.004,5.061,8.392,0.149,0.052,0.308,2.225,4.473,0.974,1.635,0.928,2.974,8.128,2.878,1.329,4.047,2.218,4.221,14.843,2.725,1.251,3.541,3.048
"2098-07",2.328,2.807,1.724,0.179,1.317,4.586,2.242,7.111,1.72,2.258,2.168,0.243,0.271,2.71,1.499,2.698,2.155,1.305,2.094,0.063,0.076,6.662,3.52,2.718,0.661,0.446,0.27,0.813,2.328,1.584,3.639,3.331,0.106,0.72,6.361,7.106,0.14,7.921,5.765,0.15,0.274,0.206,1.509,3.019,1.156,1.564,1.361,5.386,6.467,2.767,1.623,2.739,1.9,7.135,12.037,4.261,1.045,3.153,3.067
"2098-08",2.33,2.433,2.354,0.173,0.756,4.126,2.238,7.524,1.977,3.591,2.365,0.141,0.395,1.045,2.875,1.395,1.983,0.898,0.859,0.181,0.169,6.917,4.565,4.179,1.348,0.332,0.513,1.107,2.53,0.809,2.617,3.499,0.065,0.409,5.999,6.409,0.451,7.879,6.008,0.136,0.1,0.144,1.602,2.238,0.969,2.083,1.68,5.613,5.838,2.452,2.023,1.353,2.261,4.87,14.637,5.142,0.76,3.263,3.043
"2098-09",2.96,3.148,2.71,0.343,1.301,3.239,2.484,6.197,2.659,2.801,0.905,0.036,0.325,1.723,2.163,2.552,3.468,1.308,1.096,0.243,0.095,6.159,4.958,2.623,0.691,0.214,0.294,0.637,2.359,1.762,2.457,2.958,0.067,0.224,5.859,2.917,0.154,7.21,6.485,0.058,0.026,0.321,1.133,2.29,1.002,1.294,1.313,6.109,5.782,2.119,3.104,1.294,2.005,4.491,14.112,4.936,0.739,3.171,2.989
"2098-10",2.078,3.152,2.397,1.688,1.862,3.745,3.2,10.046,6.12,5.781,1.783,1.077,1.926,1.162,3.743,2.138,3.332,2.987,1.984,1.008,0.083,2.992,5.611,2.86,2.638,0.606,1.091,1.026,2.394,1.48,1.997,2.732,0.801,0.34,1.14,1.927,0.251,2.055,5.346,0.124,0.07,0.373,0.768,1.705,0.829,1.558,1.638,5.1,6.161,1.806,3.646,1.843,2.202,2.901,4.525,8.022,0.881,2.779,2.913
"2098-11",1.325,2.16,2.016,3.829,1.822,3.844,0.639,5.401,4.349,7.376,3.474,2.621,5.965,0.976,5.177,2.455,4.165,3.56,2.574,1.357,0.021,1.384,4.358,1.381,6.39,0.487,2.744,1.281,2.001,2.199,1.221,3.126,0.874,0.392,0.976,1.746,0.052,1.205,6.964,0.571,0.202,1.878,0.899,2.532,0.781,1.397,1.425,4.474,5.081,2.034,3.168,2.676,2.037,7.354,5.174,12.243,0.857,2.607,2.959
"2098-12",2.351,3.025,1.588,3.037,1.265,3.107,0.3,1.517,0.936,7.583,3.185,4.091,9.062,0.475,6.403,1.569,2.914,3.495,3.366,1.104,0.037,0.104,3.091,0.078,3.15,2.312,5.017,5.347,0.829,2.532,0.991,1.854,1.228,0.674,0.318,0.945,0.009,0.27,7.358,1.457,0.061,2,0.501,3.013,0.651,1.152,1.049,3.652,8.774,2.563,3.557,2.013,2.025,2.369,1.87,8.836,1.487,2.494,2.99
"2099-01",2.506,2.429,1.383,2.737,1.352,4.903,0.542,0.677,1.945,7.202,2.575,3.981,8.061,0.695,5.413,1.945,3.187,3.351,2.429,1.683,0.008,0.021,2.671,0.067,4.425,1.858,6.641,9.983,1.098,1.869,0.907,1.96,1.454,0.53,0.963,1.623,0.056,0.067,7.12,4.987,0.286,2.957,0.827,3.132,0.845,1.228,1.146,2.439,8.978,3.589,3.165,2.146,1.995,0.108,0.391,8.956,2.023,2.685,3.076
"2099-02",2.591,2.117,1.409,3.991,2.475,3.101,2.591,0.248,0.596,9.049,4.276,8.782,11.849,0.51,5.41,2.341,2.869,3.275,1.964,1.802,0.005,0.046,2.907,0.016,1.939,2.339,5.813,7.638,0.846,0.853,0.679,1.742,1.218,0.86,3.023,2.731,0.003,0.267,3.804,6.025,0.059,0.89,0.951,2.652,1.167,1.903,1.008,2.348,6.994,4.367,2.815,3.784,2.208,0.044,0.047,5.372,3.329,2.686,3.008
"2099-03",1.776,1.971,1.476,3.041,1.579,3.53,0.344,0.737,0.38,8.265,3.898,8.176,9.536,0.815,3.243,2.08,2.428,2.863,2.488,0.868,0.033,0.252,3.087,0.566,4.52,1.199,2.864,7.471,0.829,1.684,0.996,1.246,0.841,0.844,2.214,3.957,0.262,0.365,5.887,8.164,2.226,1.284,0.747,2.503,1.418,1.725,0.976,2.273,6.52,3.779,2.514,4.799,3.109,0.173,0.342,4.735,2.981,3.066,2.993
"2099-04",1.747,2.175,1.501,2.864,2.251,3.516,0.156,2.064,0.627,9.013,7.634,7.896,5.817,0.99,2.267,3.176,1.587,3.518,1.958,1.295,0.02,1.683,5.092,1.331,3.802,1.073,1.733,3.6,0.947,1.934,1.573,2.479,2.228,1.589,2.125,3.936,0.45,0.343,6.11,2.266,0.021,0.324,0.637,2.122,1.442,2.173,0.591,1.901,7.021,3.803,1.894,7.922,2.376,0.221,0.507,5.186,3.278,3.328,3.034
"2099-05",1.644,1.861,2.05,1.103,4.24,3.465,0.424,3.786,3.093,6.872,6.304,2.258,2.695,1.353,3.359,2.366,2.097,3.106,1.283,0.484,0.032,1.387,3.014,1.726,1.984,0.196,0.508,1.486,1.5,1.923,3.002,2.709,0.637,2.058,2.043,4.914,0.081,0.762,7.715,0.649,0.272,1.634,1.765,2.534,1.3,2.588,1.111,2.627,7.048,3.251,1.457,6.194,2.915,4.366,6.202,9.34,2.444,3.217,3.072
"2099-06",1.962,2.487,2.173,0.584,1.693,4.23,1.408,10.825,5.5,5.32,5.183,0.595,1.775,2.552,3.043,2.911,1.885,2.049,1.424,0.497,0.019,3.713,2.11,0.99,0.56,0.402,0.504,0.487,2.108,2.471,1.885,2.267,0.263,1.153,3.105,5.243,0.009,5.219,9.201,0.095,0.098,0.299,3.268,4.675,1.092,1.73,1.211,3.935,7.124,2.55,1.417,4.273,2.563,5.181,12.03,5.096,1.054,3.58,3.134
"2099-07",2.11,2.985,2.432,0.237,1.52,4.588,1.668,9.024,1.276,4.483,3.286,0.268,1.792,2.126,2.902,2.674,2.266,2.001,2.829,0.076,0.104,6.502,3.182,2.802,0.61,0.351,0.332,0.818,1.434,2.475,3.276,3.612,0.104,0.482,6.693,7.119,0.095,7.236,7.424,0.174,0.134,0.326,2.514,3.794,0.838,1.199,0.762,4.806,5.129,2.905,1.521,2.966,1.903,5.334,13.249,3.346,0.757,3.428,3.046
"2099-08",2.334,2.718,2.172,0.223,1.249,2.894,3.284,8.339,2.649,4.81,3.436,0.168,0.756,1.602,2.611,1.933,2.352,1.75,1.366,0.119,0.316,8.825,5.394,4.029,0.715,0.332,0.259,0.343,2.878,1.041,2.141,4.192,0.07,0.4,7.639,6.258,0.522,7.081,6.863,0.132,0.017,0.15,1.505,2.597,0.793,2.208,1.634,5.544,3.978,2.404,2.028,1.729,1.994,4.76,10.347,8.198,0.487,3.417,3.065
"2099-09",2.192,2.975,2.576,0.453,1.059,3.062,3.77,8.541,5.366,4.321,2.166,0.069,1.05,1.228,2.917,2.449,3.318,1.839,2.014,0.149,0.17,7.561,5.885,4.056,1.284,0.223,0.213,0.456,1.837,1.279,2.341,3.514,0.193,0.072,4.214,3.275,0.645,8.126,7.873,0.096,0.058,0.275,1.201,2.686,0.918,2.105,1.727,5.334,3.467,2.063,3.318,1.452,1.738,5.207,10.691,8.326,0.479,2.879,2.959
"2099-10",2.685,3.491,2.421,2.556,1.996,2.971,2.776,9.329,7.177,5.384,2.079,0.221,2.2,0.691,3.519,2.152,3.871,2.02,2.183,0.339,0.051,2.64,5.776,3.104,3.126,0.583,0.661,0.93,2.054,1.07,1.441,3.612,0.456,0.558,2.885,2.63,0.186,4.586,7.303,0.097,0.033,0.418,0.787,2.031,0.773,1.59,1.639,6.724,3.915,2.274,2.877,1.884,1.745,3.82,6.651,7.798,0.658,2.756,3.025
"2099-11",2.265,2.817,2.099,4.427,1.072,3.997,0.717,6.312,7.391,7.602,4.604,2.024,6.694,0.802,5.176,2.196,3.533,2.343,1.789,1.724,0.02,0.587,5.366,0.896,5.581,2.013,4.398,1.901,1.592,2.843,1.902,3.303,1.794,0.356,1.778,1.146,0.198,0.741,6.177,0.663,0.133,1.255,1.222,2.51,0.914,1.093,1.424,4.587,3.597,2.346,3.213,2.43,1.845,3.014,4.269,11.295,1.631,2.539,2.935
"2099-12",1.838,2.418,1.321,3.388,2.067,4.043,2.152,2.215,1.331,6.862,5.718,5.416,9.46,0.754,5.656,2.12,4.081,3.114,2.41,1.062,0.016,0.158,2.946,0.468,5.914,3.208,4.939,4.828,1.3,2.102,1.033,2.615,1.262,0.346,0.702,1.239,0.019,0.146,8.962,8.153,1.379,3.733,1.09,2.77,0.782,1.63,1.483,4.391,3.936,2.576,3.428,3.069,1.783,1.947,2.213,9.371,1.648,2.366,3.036
"2100-01",2.618,2.265,1.399,4.387,0.963,3.108,0.91,0.769,0.366,6.947,3.969,8.683,11.863,0.831,6.008,2.118,3.289,2.214,1.528,1.658,0.01,0.038,2.021,0.019,3.772,2.504,8.789,7.798,0.984,1.239,0.572,2.009,1.104,0.674,0.759,1.897,0.037,0.064,7.41,8.177,0.95,1.153,0.862,1.97,0.778,1.244,1.197,3.781,4.695,3.323,2.718,3.596,2.67,0.05,0.12,8.745,2.67,2.685,3.054
"2100-02",2.913,1.96,1.328,4.284,1.567,3.646,1.787,0.537,0.973,7.708,3.085,8.984,13.463,0.769,5.811,1.751,3.215,2.6,2.8,0.979,0.03,0.009,1.628,0.012,1.878,3.342,7.668,9.105,0.738,1.788,0.753,1.555,0.914,0.533,0.765,1.439,0.002,0.142,7.912,9.098,2.786,3.705,1.095,3.653,0.969,1.697,1.107,2.641,5.056,4.186,2.159,2.911,2.5,0.031,0.532,6.696,3.191,2.738,3.062
"2100-03",2.596,1.929,1.554,5.321,2.171,5.024,0.477,0.465,0.846,8.349,4.482,9.924,12.118,0.943,4.293,2.658,2.244,1.939,1.966,1.272,0.005,0.458,3.434,0.313,2.672,3.071,3.433,5.221,0.885,1.387,1.147,1.664,1.414,0.578,1.574,2.668,0.223,0.22,4.118,2.267,0.015,0.354,0.697,2.737,1.398,1.441,1.116,2.319,6.003,4.699,2.224,4.907,3.113,0.062,0.051,4.705,4.089,3.127,3.029
"2100-04",1.234,1.833,2,2.333,2.244,4.333,0.349,2.896,0.381,9.257,5.401,8.257,6.259,1.146,2.964,2.824,1.698,3.714,1.701,1.437,0.027,1.137,5.148,2.151,4.806,1.398,1.561,5.991,1.006,1.571,2.08,2.591,0.765,0.774,2.832,3.011,0.088,0.478,4.6,6.922,0.327,0.28,1.008,1.946,1.191,2.237,0.936,2.783,4.816,3.46,2.089,6.451,2.898,0.451,0.642,6.385,2.978,3.354,2.97
"2100-05",1.839,2.187,1.727,2.184,3.389,2.615,0.278,4.28,1.761,5.959,5.153,3.917,2.637,0.571,2.655,1.831,1.324,2.991,2.298,0.561,0.025,1.864,3.611,1.716,1.633,0.437,0.258,0.915,1.475,1.916,2.406,2.261,1.064,1.253,2.657,5.725,0.06,1.629,8.144,1.323,0.301,0.996,2.489,3.155,1.586,2.032,1.012,3.247,5.083,3.219,1.44,8.158,2.195,5.656,8.115,9.109,1.758,3.563,3.066
"2100-06",1.688,2.561,1.576,1.099,3.128,4.322,1.747,7.056,1.097,5.413,5.11,0.943,1.161,2.009,2.192,2.651,2.044,2.738,2.148,0.149,0.044,4.141,3.116,1.487,0.93,0.269,0.482,0.909,1.419,2.734,3.423,2.435,0.101,0.387,5.272,5.994,0.02,6.39,8.992,0.242,0.023,0.286,2.469,3.568,1.315,1.293,1.02,4.014,4.553,3.476,1.364,6.157,2.153,7.639,13.595,3.073,1.065,3.523,3.065
"2100-07",1.74,2.355,1.77,0.605,1.874,4.168,2.515,6.878,1.306,4.952,4.336,0.333,0.61,2.561,2.094,3.263,3.061,1.348,1.645,0.044,0.16,7.847,2.895,3.057,0.293,0.198,0.224,0.555,2.008,2.332,2.447,3.649,0.092,0.308,7.499,5.461,0.864,7.421,8.11,0.304,0.058,0.771,2.62,4.882,1.536,1.418,1.317,5.011,3.718,2.75,1.471,5.135,1.425,5.726,11.32,7.476,0.929,3.003,3.044
"2100-08",2.728,2.508,2.604,0.171,1.802,3.784,2.635,7.373,2.339,4.792,3.878,0.127,0.3,3.025,1.669,2.955,2.647,0.721,0.861,0.06,0.786,9.98,5.28,3.246,0.436,0.279,0.383,0.611,2.323,1.053,2.177,4.024,0.057,0.732,6.574,6.647,0.53,6.892,9.744,0.333,0.006,0.788,1.145,3.211,1.088,1.751,1.74,5.93,2.574,2.873,2.055,2.846,1.922,3.162,10.471,5.009,0.576,3.071,3.096
"2100-09",4.018,2.856,2.741,0.557,0.939,3.633,4.413,9.595,5.429,6.194,3.185,0.132,1.739,0.804,2.839,2.157,1.355,1.248,2.102,0.608,0.365,8.448,7.17,4.007,1.401,0.333,0.324,0.275,2.292,1.557,1.723,4.237,0.148,0.254,4.134,4.434,0.596,6.848,9.158,0.435,0.004,0.398,0.745,2.157,0.773,2.45,1.795,4.754,2.18,2.55,2.848,1.601,1.773,3.319,7.333,8.082,0.51,3.046,2.969
"2100-10",2.646,3.696,2.445,0.484,0.901,3.856,1.346,9.449,5.9,6.507,3.315,0.423,3.528,0.908,4.261,2.045,3.046,0.829,1.935,0.856,0.131,3.84,6.888,3.678,1.818,0.321,0.669,0.421,1.922,1.731,1.581,3.122,0.961,0.705,1.185,2.448,0.468,3.254,7.903,0.375,0.181,0.721,1.288,2.713,1.009,1.392,1.844,5.804,3.272,2.559,3.415,1.967,1.738,3.983,9.538,6.243,0.64,2.805,2.983
"2100-11",2.315,3.84,1.894,3.144,1.664,4.201,1.334,4.15,2.709,7.6,6.697,3.208,6.877,1.351,4.158,2.583,3.656,2.01,2.484,0.771,0.008,1.012,6.844,1.16,5.429,1.949,2.694,2.551,1.79,1.856,1.211,1.814,1.748,0.447,0.938,1.529,0.033,0.144,6.372,1.436,0.072,0.822,0.468,2.125,0.719,1.303,1.834,5.476,3.614,2.749,2.878,4.153,1.97,0.284,2.27,10.978,1.213,2.639,3.012
"2100-12",2.054,3.517,1.767,3.017,1.832,4.846,0.425,1.532,1.244,7.537,6.394,4.371,11.792,1.135,4.23,2.454,2.486,2.299,2.44,0.881,0.01,0.129,3.519,0.064,4.43,3.494,5.049,6.191,1.068,1.934,0.789,1.617,0.92,0.46,0.231,1.44,0.002,0.09,10.125,8.975,0.296,0.795,0.896,2.598,0.713,0.868,1.271,4.829,3.971,2.65,2.657,4.923,1.498,0.362,3.755,5.303,2.15,2.395,3.007
