#Dataset: CMIP6Amon_EC-Earth3_r4i1p1f1_historical
#Variable: pr
#Area: sea
#Interpolation_method: cdo remap
#Spatial_resolution: 1º
#Creation_Date: 2019-12-15
#Author: IPCC-WGI Atlas Hub (https://github.com/SantanderMetGroup/IPCC-Atlas). Santander Meteorology Group.
"date","GIC","NEC","CNA","ENA","NWN","WNA","NCA","SCA","CAR","NWS","SAM","SSA","SWS","SES","NSA","NES","NEU","CEU","EEU","MED","WAF","SAH","NEAF","CEAF","SWAF","SEAF","CAF","RAR","RFE","ESB","WSB","WCA","TIB","EAS","ARP","SAS","SEA","NAU","CAU","SAU","NZ","EAN","WAN","ARO","SPO","EPO","NPO","SAO","EAO","NAO","EIO","SIO","ARS","BOB","SOO","world"
"1850-01",73.715,27.59,113.917,156.686,25.609,125.695,56.757,24.917,41.251,67.052,NA,82.802,20.744,90.69,35.295,86.774,86.175,86.959,45.726,82.014,2.857,25.386,20.121,148.724,15.385,143.366,148.101,13.951,79.476,NA,NA,39.415,NA,105.035,13.235,11.214,263.486,288.826,76.981,32.573,91.015,55.644,42.022,13.596,118.795,161.215,93.606,62.272,75.935,99.613,220.161,60.172,10.475,34.153,74.019,93.933
"1850-02",70.019,26.128,196.426,221.232,24.612,63.52,38.68,18.308,56.316,133.905,NA,83.772,22.228,86.31,48.577,124.255,76.383,65.709,61.989,67.447,4.92,33.749,5.036,89.441,21.159,173.247,146.733,18.141,72.391,NA,NA,65.826,NA,94.052,4.374,4.833,264.683,331.833,114.143,51.179,80.645,66.309,62.615,22.754,109.974,166.385,79.931,77.859,61.668,88.687,206.916,82.563,7.545,15.993,79,94.34
"1850-03",61.389,28.232,84.728,137.54,17.788,63.466,23.231,16.958,29.864,114.983,NA,56.787,21.774,97.862,43.759,275.771,96.098,48.274,22.589,59.132,17.45,2.582,4.249,26.685,23.038,150.06,90.695,22.74,60.067,NA,NA,31.192,NA,75.694,0.316,17.126,198.444,295.797,170.719,40.737,96.403,72.466,73.118,19.613,121.85,156.492,67.164,77.19,82.351,80.891,98.43,114.266,2.295,45.033,88.756,91.46
"1850-04",48.349,22.24,10.502,106.626,18.203,94.704,5.981,12.297,17.263,69.609,NA,109.1,41.472,100.247,22.121,385.455,80.856,57.86,14.41,28.612,81.978,5.303,3.144,78.033,28.377,111.097,144.705,24.432,54.162,NA,NA,25.977,NA,70.174,6.895,3.066,212.791,212.228,100.683,35.188,106.306,78.666,66.388,15.294,120.079,151.18,64.421,95.201,146.811,78.681,117.782,117.603,2.388,38.253,89.409,94.178
"1850-05",56.672,19.998,68.441,100.885,23.139,32.644,24.066,93.047,49.802,63.594,NA,111.027,31.536,62.809,24.823,355.179,39.441,26.387,0.453,23.932,163.661,8.17,4.236,133.717,58.844,110.851,162.826,18.149,75.174,NA,NA,3.575,NA,107.505,10.327,20.567,235.001,122.291,115.165,66.304,70.852,74.934,65.398,14.586,105.962,130.087,84.662,91.567,216.521,59.933,121.591,90.943,12.563,53.542,97.074,94.343
"1850-06",52.701,41.494,84.144,91.087,18.301,34.672,61.775,256.226,130.897,107.023,NA,77.675,47.506,52.112,127.814,275.554,39.609,13.39,5.928,15.268,234.472,2.468,19.974,41.747,68.87,120.129,34.24,27.217,35.15,NA,NA,13.412,NA,196.405,0.272,73.29,232.062,76.011,52.342,102.075,123.823,64.185,67.523,24.934,97.806,92.133,139.406,75.271,223.928,64.063,152.845,52.58,67.618,101.261,88.847,95.376
"1850-07",47.538,42.871,33.946,138.751,28.017,17.814,45.703,200.918,43.321,112.144,NA,79.709,54.155,56.746,173.166,64.739,51.56,33.034,1.284,5.659,369.512,2.241,16.845,72.159,95.507,89.046,3.753,42.423,84.406,NA,NA,3.968,NA,147.948,0.745,199.79,242.13,25.147,26.205,105.804,80.759,55.412,48.642,30.603,95.115,119.859,140.752,80.369,140.834,68.821,146.142,46.701,98.311,257.762,89.878,94.817
"1850-08",60.407,59.197,51.853,106.506,44.164,16.538,77.242,179.05,49.233,131.229,NA,82.066,48.058,35.851,207.095,14.92,48.489,36.093,18.048,10.954,269.514,0.7,17.691,50.12,42.752,40.64,3.858,45.516,74.695,NA,NA,4.928,NA,206.69,1.264,176.703,237.191,14.794,38.452,83.131,77.669,66.744,56.724,35.128,92.05,123.151,152.915,64.526,82.233,77.863,170.548,34.585,71.704,249.865,88.585,94.271
"1850-09",69.671,66.766,96.655,125.605,41.203,16.054,90.61,184.83,77.316,110.875,NA,62.234,42.596,86.332,160.995,8.112,47.604,71.429,1.844,8.716,173.119,1.369,16.788,43.088,29.159,42.156,6.351,37.599,65.752,NA,NA,7.559,NA,111.89,0.408,107.89,173.587,10.095,16.883,42.464,72.467,57.078,52.921,21.52,74.068,113.61,210.996,76.954,66.911,97.864,159.043,25.495,22.103,136.564,75.939,95.065
"1850-10",78.807,47.707,78.116,101.768,46.357,55.521,133.067,228.214,64.54,156.218,NA,74.665,25.826,71.093,68.403,7.609,70.578,65.763,36.574,57.928,189.321,10.481,41.855,122.562,26.562,84.427,19.658,25.022,80.377,NA,NA,26.495,NA,145.237,1.39,125.821,173.177,4.452,13.956,42.829,52.452,56.569,50.067,18.718,74.459,103.686,159.133,65.614,74.96,98.196,258.972,35.296,124.01,252.653,79.614,91.507
"1850-11",72.984,34.088,98.621,151.346,35.256,105.789,23.707,74.193,72.116,145.385,NA,74.803,29.631,73.153,132.659,36.002,79.592,92.101,32.955,54.464,24.255,10.847,97.743,173.589,22.414,66.107,128.15,20.51,136.718,NA,NA,82.925,NA,140.986,6.002,75.075,179.205,14.018,11.243,58.391,75.859,48.34,43.485,21.752,75.606,135.019,125.26,59.672,119.883,108.696,325.011,46.726,142.319,227.139,73.913,95.185
"1850-12",73.799,24.986,131.867,145.127,39.64,172.054,50.653,25.319,53.577,101.031,NA,63.506,13.069,64.195,74.835,72.215,82.334,94.634,58.303,82.02,4.913,13.807,24.568,148.534,57.017,99.651,195.264,18.407,131.703,NA,NA,52.304,NA,114.87,3.167,75.219,264.199,119.734,49.095,56.451,86.193,44.912,33.542,18.618,85.65,188.567,109.836,65.13,96.015,97.188,156.174,64.966,14.887,241.197,71.464,94.572
"1851-01",61.673,28.626,89.96,171.534,20.934,134.186,58.695,24.469,48.111,59.89,NA,89.481,22.756,91.775,21.817,148.798,69.295,123.558,38.583,70.216,5.559,22.47,10.235,97.52,15.568,120.332,150.28,15.004,74.759,NA,NA,34.768,NA,99.19,12.811,9.151,239.707,268.388,59.859,37.094,95.944,53.803,35.883,11.481,93.582,173.545,95.42,71.817,73.9,128.08,240.397,95.243,22.807,42.312,70.403,95.861
"1851-02",61.079,16.926,88.16,150.061,14.733,79.567,41.872,15.386,52.862,42.391,NA,81.075,13.994,101.556,20.92,107.879,109.852,99.579,31.006,50.366,0.82,2.573,3.237,54.34,28.006,110.148,195.846,12.698,77.91,NA,NA,26.638,NA,113.17,0.459,7.81,221.245,314.552,183.465,62.028,97.857,78.192,50.644,8.232,110.006,158.641,72.312,81.204,46,94.534,193.799,158.322,11.827,30.317,83.135,96.184
"1851-03",68.488,26.36,66.061,115.192,19.903,84.815,9.075,11.449,20.865,91.792,NA,79.813,23.831,96.34,18.828,139.368,78.166,38.79,19.416,26.295,6.799,5.292,5.511,29.753,40.632,111.319,123.54,12.746,60.132,NA,NA,19.717,NA,84.286,0.149,8.108,239.931,316.931,181.352,52.123,97.524,82.76,67.667,7.457,130.337,159.933,65.948,100.594,41.032,73.715,113.818,114.412,7.675,54.232,88.454,94.206
"1851-04",52.945,17.65,11.422,96.089,15.999,88.995,8.342,16.932,16.559,47.202,NA,94.755,36.438,57.292,16.419,284.086,79.359,47.734,4.59,32.521,81.569,5.573,4.126,110.223,29.104,82.034,143.55,22.668,72.531,NA,NA,12.748,NA,92.252,1.037,34.059,210.484,271.662,50.942,46.351,120.362,77.229,80.076,12.417,119.435,149.512,70.033,95.133,148.019,63.035,64.685,107.558,21.458,75.994,99.023,93.862
"1851-05",50.932,15.978,23.599,112.364,24.477,32.754,2.853,35.661,19.181,32.236,NA,72.669,35.53,80.881,24.013,287.804,41.222,50.067,7.093,21.635,149.776,3.34,15.482,103.714,46.649,75.022,97.621,24.528,61.473,NA,NA,7.81,NA,103.411,0.318,88.912,235.173,104.355,49.555,83.042,101.196,68.694,77.096,16.004,115.36,137.932,80.344,97.647,208.882,66.966,162.726,83.6,32.035,226.823,95.229,97.335
"1851-06",46.448,28.317,71.941,132.752,23.171,28.683,76.204,178.673,42.679,62.804,NA,99.393,47.356,69.223,66.98,236.792,44.546,45.03,28.424,8.679,243.472,2.303,17.989,137.367,78.521,66.309,29.535,32.628,52.378,NA,NA,8.115,NA,185.682,0.119,127.11,216.193,45.396,101.263,97.031,126.788,70.559,66.321,16.36,107.499,120.546,123.449,88.824,212.493,65.828,108.066,61.775,73.975,145.902,89.887,96.714
"1851-07",43.854,47.167,127.868,118.76,30.682,14.156,57.623,185.511,40.847,79.529,NA,81.043,42.156,41.332,175.004,48.395,64.763,28.327,2.703,5.333,384.507,2.469,25.635,67.007,57.778,61.29,5.164,34.218,75.967,NA,NA,4.519,NA,136.32,0.166,209.673,209.278,12.981,35.437,103.342,118.221,68.596,53.343,33.507,99.021,105.883,164.158,61.886,134.917,76.485,211.018,46.002,104.359,208.265,89.899,96.782
"1851-08",67.27,56.252,48.961,118.03,29.285,14.007,60.817,143.575,43.933,111.513,NA,63.288,34.551,79.626,136.78,11.471,51.454,19.301,9.16,2.895,222.51,6.282,18.329,59.543,109.113,61.068,5.541,36.73,115.241,NA,NA,4.314,NA,217.877,10.035,169.221,191.905,5.406,17.728,126.113,104.939,62.504,51.693,42.853,83.428,101.525,165.151,77.868,68.04,80.235,196.23,34.261,84.635,250.136,82.819,94.296
"1851-09",79.808,54.128,105.752,111.529,44.65,33.719,129.091,241.983,65.844,128.022,NA,81.343,30.444,74.506,129.679,11.256,79.812,17.27,3.797,14.304,172.49,0.716,17.532,43.749,60.514,57.809,7.29,25.135,94.042,NA,NA,6.028,NA,190.661,0.155,135.496,221.937,6.778,18.86,82.533,73.384,62.243,56.815,32.329,75.526,105.821,177.8,69.621,54.033,83.355,184.214,28.238,49.832,231.376,85.159,94.085
"1851-10",71.21,51.677,130.372,170.102,36.718,62.326,115.168,168.813,86.967,137.949,NA,60.585,23.106,75.08,97.647,33.025,93.816,63.308,8.72,26.78,147.247,10.746,31.428,83.189,47.568,66.782,12.925,34.106,121.946,NA,NA,26.897,NA,142.225,0.913,96.298,178.035,3.77,14.293,57.194,91.476,56.541,53.899,19.174,74.057,130.726,155.936,59.244,83.419,97.183,238.808,29.973,64.696,165.605,76.165,91.947
"1851-11",73.329,34.657,247.575,123.212,31.453,138.044,79.679,50.281,53.878,111.876,NA,69.231,19.803,66.313,81.889,27.08,108.6,73.411,7.478,67.664,67.646,22.469,56.098,179.259,10.59,69.774,8.874,21.784,105.096,NA,NA,56.103,NA,99.237,29.016,80.934,198.401,7.089,26.515,53.497,109.034,52.368,46.227,11.679,77.378,135.695,138.449,64.859,88.32,104.092,270.668,42.723,85.994,184.589,72.182,93.395
"1851-12",75.796,18.689,112.133,145.684,27.892,157.884,33.65,38.607,69.176,78.027,NA,81.228,13.753,68.488,118.631,17.756,83.508,140.781,47.842,60.599,11.06,20.041,43.967,121.989,14.4,98.444,86.054,21.137,77.028,NA,NA,84.44,NA,122.893,14.545,29.862,285.34,151.336,62.721,32.437,79.498,46.258,32.019,10.504,90.005,146.563,118.733,64.066,83.255,102.562,250.368,50.994,64.467,132.806,68.272,94.747
"1852-01",69.613,24.14,108.531,119.237,36.385,80.356,52.939,80.422,51.058,51.535,NA,73.105,8.573,74.649,57.556,31.556,124.277,64.607,77.877,49.522,1.497,8.702,13.187,144.566,27.061,106.321,207.061,19.215,73.474,NA,NA,76.155,NA,100.687,5.501,4.839,251.137,299.268,65.023,32.041,88.55,50.171,53.578,14.269,128.589,193.996,102.992,72.131,55.284,94.264,230.374,78.428,17.696,17.99,72.414,96.729
"1852-02",72.592,20.086,118.997,173.624,21.886,99.576,30.415,15.539,44.573,71.533,NA,84.67,33.938,99.872,32.966,146.596,92.589,58.173,28.736,56.858,3.837,4.398,5.282,105.234,18.629,117.021,173.304,17.955,92.74,NA,NA,40.454,NA,93.599,1.233,2.346,204.563,319.335,39.453,30.276,74.588,80.438,56.425,12.711,113.519,142.006,77.439,70.233,58.009,94.784,219.133,117.615,7.894,1.762,83.688,93.045
"1852-03",64.246,24.737,48.599,125.11,28.018,37.522,18.69,14.881,28.827,121.599,NA,80.612,21.652,86.393,19.07,227.005,75.446,85.481,20.361,41.751,22.038,5.731,5.302,66.935,23.04,135.725,67.032,23.89,41.976,NA,NA,21.506,NA,86.656,12.425,2.945,234.079,399.624,101.797,49.34,96.226,83.341,60.085,17.507,121.167,154.755,72.181,76.16,50.621,102.141,100.736,102.969,3.185,32.018,90.473,94.516
"1852-04",35.534,26.858,17.804,140.769,17.918,107.874,11.302,12.13,16.915,71.855,NA,77.426,35.328,91.339,16.141,252.105,49.472,58.544,3.751,23.414,58.907,6.856,6.677,41.8,33.885,134.222,84.101,17.194,72.494,NA,NA,8.981,NA,117.917,4.854,4.158,184.542,207.839,49.966,57.958,78.178,81.822,80.262,11.798,114.028,174.961,56.945,89.127,130.586,85.978,146.578,111.198,4.744,13.04,97.663,94.264
"1852-05",36.259,30.411,141.603,103.316,17.541,19.634,10.458,37.681,31.054,78.431,NA,74.282,43.561,89.758,23.519,247.722,41.946,37.231,1.172,22.005,140.82,7.617,26.132,251.783,87.089,129.512,166.341,14.913,83.641,NA,NA,24.384,NA,82.7,9.699,10.104,212.774,118.359,27.431,60.772,88.207,76.084,63.334,14.404,104.529,138.123,71.548,96.259,169.865,64.969,171.087,72.845,11.325,39.419,92.878,94.301
"1852-06",37.278,28.804,13.793,122.005,19.845,31.585,12.151,175.5,48.922,104.73,NA,76.26,65.917,65.031,63.007,316.018,45.229,40.5,3.828,17.829,221.5,3.307,32.488,106.575,84.75,70.952,43.83,19.012,41.839,NA,NA,6.002,NA,174.078,0.14,90.547,248.509,35.107,66.37,87.521,108.61,71.74,59.229,16.389,93.448,128.851,131.232,70.73,250.413,64.477,188.614,53.427,65.675,150.814,92.589,99.53
"1852-07",39.084,40.829,24.819,119.172,36.936,14.974,65.485,217.112,53.233,133.301,NA,72.113,44.231,76.957,195.026,50.451,44.254,54.963,2.048,13.161,354.04,1.614,17.138,78.086,51.829,56.179,6.977,32.311,30.791,NA,NA,4.832,NA,158.672,0.069,118.848,234.952,21.921,34.968,81.564,106.74,69.394,60.436,21.081,89.864,144.254,159.362,73.869,154.194,73.16,154.799,46.354,52.179,209.338,86.226,96.322
"1852-08",65.89,54.393,46.34,154.704,41.643,10.787,39.861,181.621,60.437,130.177,NA,72.185,46.152,80.485,157.407,11.907,54.758,22.542,2.508,2.872,323.1,1.435,11.986,42.99,67.802,38.876,8.526,33.525,69.647,NA,NA,0.914,NA,185.442,0.026,157.256,227.987,6.578,36.535,69.935,120.468,66.009,53.32,25.576,91.451,133.023,167.351,75.271,77.518,76.419,149.526,32.352,53.011,200.316,82.956,96.579
"1852-09",74.124,52.417,117.52,149.191,57,62.852,111.831,292.162,65.027,159.991,NA,77.994,41.703,74.669,101.349,12.73,74.331,67.42,5.186,22.325,230.206,1.325,21.317,39.931,19.828,72.951,10.024,39.562,87.047,NA,NA,12.435,NA,194.363,0.198,109.198,194.238,5.736,12.803,51.626,80.616,72.869,47.5,31.148,72.623,118.655,195.715,68.065,70.697,101.114,128.903,28.483,27.358,137.194,81.12,93.748
"1852-10",75.455,42.065,93.17,146.404,33.084,45.178,86.983,235.275,126.425,131.846,NA,44.02,23.614,73.004,86.086,12.889,83.228,56.883,28.838,50.467,157.016,2.434,52.591,161.993,18.023,36.551,28.235,31.283,113.532,NA,NA,75.095,NA,143.112,0.863,88.312,196.057,6.186,16.365,36.268,50.034,58.356,56.71,21.85,77.838,128.085,172.1,63.645,84.497,101.87,268.803,26.541,67.304,199.216,81.541,94.121
"1852-11",84.937,29.635,161.058,108.761,43.536,71.831,69.984,74.55,70.133,125.219,NA,70.009,20.251,72.286,165.727,23.369,97.58,57.602,103.187,56.271,20.353,9.911,104.685,237.974,19.964,104.597,75.816,27.878,109.258,NA,NA,105.883,NA,150.084,13.516,29.693,179.163,12.441,11.561,38.385,57.314,56.611,47.308,17.624,77.047,140.251,132.847,67.45,120.238,95.215,341.629,37.49,87.992,85.721,75.114,94.787
"1852-12",85.391,23.301,160.864,195.88,30.08,76.784,66.525,33.34,60.128,107.521,NA,67.948,19.172,90.949,81.126,79.179,76.336,153.367,41.442,77.4,6.177,11.176,24.567,217.417,11.316,80.603,209.489,23.639,64.245,NA,NA,42.752,NA,122.219,16.383,11.453,236.145,59.439,46.92,29.968,58.76,43.627,41.517,23.145,86.299,182.312,122.226,54.713,91.904,106.331,215.463,53.711,15.034,54.27,66.462,93.887
"1853-01",79.467,21.072,164.845,179.837,19.596,197.676,45.188,21.067,67.777,65.467,NA,82.864,18.293,82.483,42.734,142.2,82.13,103.388,41.996,80.587,3.405,5.457,7.061,122.595,19.785,132.035,135.701,14.472,76.596,NA,NA,35.476,NA,95.007,3.022,19.84,256.068,341.96,98.619,44.877,63.826,59.115,37.228,13.26,100.889,179.103,89.781,70.975,87.202,105.101,268.636,68.567,19.437,36.511,71.33,95.594
"1853-02",50.684,22.774,133.036,140.095,25.908,146.201,31.733,18.927,35.434,94.09,NA,89.592,27.099,90.749,17.112,99.484,76.708,86.013,23.136,59.252,1.423,6.084,4.56,58.941,45.343,117.491,202.246,9.803,60.402,NA,NA,29.093,NA,82.978,1.413,4.295,220.547,391.451,180.109,49.91,73.615,65.823,45.126,11.607,130.794,180.91,77.165,79.659,52.497,110.065,181.868,112.194,4.852,6.86,79.95,96.57
"1853-03",51.57,23.387,17.788,83.973,20.958,102.614,9.7,11.175,24.033,79.739,NA,87.056,25.524,123.375,15.146,201.596,95.895,84.932,22.177,36.23,6.902,3.741,5.011,66.324,36.634,136.225,131.6,14.666,63.878,NA,NA,28.856,NA,96.702,0.171,2.638,230.073,352.874,124.116,35.1,76.786,88.011,68.323,10.806,116.966,191.084,62.07,92.431,53.145,89.417,97.546,127.934,2.437,16.812,83.547,93.458
"1853-04",45.169,20.323,42.268,99.416,18.154,70.427,12.091,12.922,21.613,67.217,NA,93.6,40.623,95.476,18.657,274.369,64.049,72.182,11.583,13.636,49.997,3.011,13.616,121.025,78.953,128.857,123.369,19.201,57.732,NA,NA,23.424,NA,85.194,2.488,12.993,201.146,144.985,81.363,38.525,50.625,75.782,61.732,16.558,125.989,217.007,56.059,102.25,115.055,77.789,131.47,88.699,9.058,44.32,86.134,93.925
"1853-05",52.699,37.467,8.902,65.54,22.494,10.816,5.656,74.305,24.17,73.985,NA,89.548,49.686,83.292,18.879,275.804,48.413,25.501,29.32,15.022,187.802,5.132,21.203,191.549,94.139,127.94,227.78,13.007,67.592,NA,NA,18.749,NA,106.509,2.784,18.453,188.845,122.577,52.179,54.273,72.506,80.726,73.536,14.322,113.527,136.533,82.239,88.537,238.522,52.267,222.743,79.397,24.997,33.971,98.9,97.41
"1853-06",40.923,34.962,98.636,118.246,50.428,36.041,33.832,168.433,18.937,76.713,NA,106.561,48.946,74.267,102.21,228.164,38.559,22.269,2.252,16.845,178.644,1.738,43.539,104.642,60.914,99.649,54.779,24.311,66.162,NA,NA,11.851,NA,166.664,0.057,157.811,222.549,11.427,94.052,69.877,142.516,64.988,61.403,14.796,102.678,121.857,127.652,78.882,231.984,65.612,178.915,47.892,135.681,255.673,95.231,97.977
"1853-07",55.174,43.956,36.391,132.213,45.831,19.575,83.099,245.319,35.569,97.463,NA,83.608,52.727,75.256,116.71,31.482,54.188,17.567,1.996,1.666,420.179,1.264,16.066,57.087,84.897,104.719,23.536,33.66,55.014,NA,NA,2.568,NA,138.882,0.334,243.917,210.39,14.125,69.861,89.794,85.165,69.686,46.369,26.573,96.165,111.477,153.134,78.164,154.505,57.383,160.656,41.661,150.637,274.776,84.732,94.084
"1853-08",67.95,58.426,29.854,159.824,31.025,9.33,42.299,176.448,55.156,107.977,NA,65.428,27.328,72.321,190.488,21.764,57.799,36.453,4.885,12.266,298.03,1.572,7.911,35.24,77.96,87.11,8.675,40.906,72.15,NA,NA,8.696,NA,189.905,0.1,214.003,220.592,5.76,29.581,94.331,104.663,61.549,54.789,23.742,85.821,110.248,184.001,65.186,89.468,88.107,69.437,33.739,95.742,295.683,84.339,95.69
"1853-09",56.828,50.2,116.973,151.038,69.624,14.974,142.564,299.345,94.501,141.198,NA,60.526,33.674,76.451,195.706,8.058,89.162,42.809,3.109,18.088,244.199,0.965,36.594,148.821,45.86,62.609,15.671,38.507,71.678,NA,NA,3.408,NA,224.143,0.134,116.659,185.43,15.252,22.545,62.664,74.424,64.278,58.494,29.361,85.322,100.025,184.529,68.528,93.255,98.493,210.244,30.349,48.997,143.718,85.662,94.581
"1853-10",87.838,48.358,137.506,167.193,44.245,50.168,41.98,160.855,107.722,129.812,NA,70.537,22.897,59.246,130.793,12.681,54.434,98.358,31.506,69.144,139.814,2.76,64.329,170.634,36.158,52.227,31.092,27.509,80.928,NA,NA,49.681,NA,97.493,0.84,139.317,191.662,9.05,11.3,34.1,83.863,42.692,56.629,17.491,83.267,108.239,161.726,59.86,96.802,104.29,194.033,28.472,80.279,218.088,81.226,91.093
"1853-11",63.916,41.137,91.358,168.448,45.75,172.081,24.211,114.776,103.136,113.876,NA,72.189,34.964,56.941,166.725,20.286,92.037,83.916,73.223,58.891,35.004,27.865,134.812,255.524,36.792,119.286,93.546,25.533,76.182,NA,NA,64.063,NA,100.383,30.143,93.524,170.733,18.77,6.739,32.269,60.474,51.851,38.813,21.662,85.159,113.125,153.628,58.869,106.076,104.055,212.665,31.698,76.427,151.906,69.954,93.411
"1853-12",75.862,24.767,143.729,147.603,32.931,109.503,46.838,48.312,54.612,122.562,NA,63.225,20.089,81.508,100.919,70.765,68.816,120.686,95.406,74.334,17.115,8.894,75.577,328.906,21.247,121.748,69.162,18.266,96.765,NA,NA,80.59,NA,138.144,6.361,51.612,235.566,162.177,68.544,37.017,61.225,45.804,36.043,15.145,91.945,163.749,112.492,57.405,114.249,94.649,262.119,39.626,117.412,123.249,68.379,96.206
"1854-01",93.523,16.591,177.91,138.731,25.985,122.447,51.145,18.976,52.622,68.547,NA,88.332,21.088,70.488,65.267,151.157,74.433,89.973,51.904,44.235,1.46,23.229,13.787,112.531,11.459,116.733,198.9,16.534,98.758,NA,NA,43.084,NA,98.337,9.895,11.96,208.979,293.087,97.563,33.954,52.134,42.944,42.619,17.309,110.704,141.327,96.234,64.804,84.954,99.869,286.218,68.589,41.206,13.882,71.516,92.631
"1854-02",75.536,21.382,92.626,137.439,29.711,41.492,24.328,23.745,51.345,76.448,NA,84.373,25.066,107.383,80.905,152.948,83.489,80.802,51.545,69.338,4.85,5.443,8.963,75.346,37.329,120.052,175.769,19.979,79.683,NA,NA,56.892,NA,140.228,2.449,5.304,245.138,316.254,143.09,26.476,68.21,68.875,52.406,22.715,117.796,146.144,78.981,87.332,42.898,91.165,182.46,119.159,8.723,8.507,76.82,95.271
"1854-03",70.9,31.419,171.359,155.582,23.016,65.718,24.568,13.817,37.929,71.789,NA,109.448,25.574,113.812,22.305,134.066,92.794,53.618,14.995,31.691,9.614,3.805,3.973,29.564,27.713,164.111,131.855,14.883,57.785,NA,NA,25.818,NA,92.441,0.296,2.796,205.327,376.499,191.789,69.032,73.018,88.496,71.539,11.539,117.377,143.001,74.136,96.37,53.408,76.76,142.441,124.368,5.313,13.143,91.797,94.384
"1854-04",60.537,25.176,47.8,132.312,20.509,68.516,16.172,34.619,39.084,56.574,NA,94.412,35.349,103.448,26.694,293.032,70.225,63.913,8.608,26.7,57.63,4.704,2.251,126.481,22.743,79.963,123.591,26.763,64.212,NA,NA,13.956,NA,101.66,0.052,25.456,228.343,318.292,91.106,54.638,52.166,87.221,57.984,13.872,129.357,133.323,65.259,91.245,135.322,70.105,95.065,116.694,2.691,65.403,95.332,95.615
"1854-05",46.301,38.18,96.472,108.872,17.05,36.019,14.373,68.893,22.66,55.187,NA,82.827,44.011,48.36,27.04,359.609,39.164,71.236,3.519,19.613,124.549,4.314,4.237,209.02,15.861,63.735,65.908,14.63,44.392,NA,NA,9.16,NA,90.765,1.335,33.232,262.269,160.1,49.708,81.199,108.755,77.168,59.693,15.773,114.635,125.944,93.495,77.361,209.306,61.375,97.489,88.136,2.617,157.361,89.949,94.679
"1854-06",45.014,36.613,63.713,140.474,23.913,17.769,41.94,162.177,37.058,81.016,NA,80.425,68.257,84.004,83.989,304.201,34.382,8.574,16.178,2.612,217.055,0.815,10.379,62.056,103.095,105.008,20.765,22.041,56.577,NA,NA,8.638,NA,203.084,0.115,70.936,253.004,15.403,55.119,98.373,114.103,79.949,62.221,23.618,114.368,120.305,130.795,85.483,220.367,64.922,129.004,63.831,32.079,91.522,84.16,98.038
"1854-07",62.707,42.898,92.05,135.801,43.269,28.228,105.815,281.296,49.532,112.481,NA,85.629,44.47,56.735,177.248,96.867,43.216,32.098,4.192,2.806,283.681,2.406,21.918,75.372,85.114,69.776,2.1,38.995,42.148,NA,NA,0.929,NA,160.902,0.132,186.28,218.316,16.549,40.459,74.005,81.912,72.173,58.132,38.037,94.551,121.868,162.204,74.686,119.368,58.84,137.466,38.217,85.926,194.047,93.342,93.853
"1854-08",54.511,59.623,71.321,107.081,34.019,46.086,43.34,128.093,49.299,113.987,NA,62.391,35.687,61.708,168.834,17.515,46.641,48.589,0.941,5.578,186.668,3.242,19.048,51.946,39.436,46.6,4.101,43.948,68.934,NA,NA,1.806,NA,158.599,1.89,136.198,199.005,6.544,37.287,93.604,111.545,71.844,56.272,32.847,88.242,105.627,167.433,62.788,64.144,74.627,217.792,36.355,59.059,227.052,87.394,94.536
"1854-09",65.531,55.59,259.199,171.785,58.352,14.975,90.353,155.625,68.374,102.678,NA,45.959,15.956,54.918,103.404,17.902,68.342,68.606,2.98,10.416,167.687,2.443,18.943,46.771,58.846,69.339,5.763,35.776,71.301,NA,NA,7.073,NA,237.489,0.167,111.9,212.526,5.248,26.256,57.784,105.004,62.393,57.71,11.583,82.262,96.554,179.301,61.47,49.061,100.678,131.698,29.063,53.328,222.12,85.317,93.168
"1854-10",75.369,43.572,151.185,143.659,51.858,49.277,120.528,207.053,100.891,128.114,NA,72.935,28.214,65.082,70.935,18.961,62.519,64.074,17.786,40.092,152.823,2.264,18.118,126.364,40.868,83.881,14.139,22.237,105.074,NA,NA,25.724,NA,163.082,1.916,65.134,164.398,6.667,16.576,55.403,91.474,60.756,45.088,22.349,78.114,138.39,172.042,66.141,67.912,106.303,243.31,31.727,35.312,122.915,78.323,93.798
"1854-11",80.576,38.344,162.885,141.837,33.114,91.755,104.948,66.905,64.616,137.557,NA,85.18,21.698,79.52,134.863,33.61,77.547,113.216,115.5,50.934,44.567,17.477,92.347,121.779,14.143,75.635,19.861,12.076,123.934,NA,NA,148.819,NA,137.444,25.159,22.712,153.861,10.947,26.362,39.792,82.405,47.015,43.423,11.509,79.046,120.275,145.961,69.367,112.787,108.985,313.12,47.011,95.469,45.657,74.991,93.357
"1854-12",77.149,26.984,142.917,130.048,31.854,148.98,86.711,40.14,47.463,139.731,NA,84.222,10.849,72.426,92.705,37.618,61.771,108.808,42.979,85.223,5.245,9.82,11.111,84.963,13.779,101.64,167.278,14.017,108.69,NA,NA,46.233,NA,140.171,5.665,20.9,261.388,58.862,29.652,44.113,75.296,45.651,52.439,16.209,86.193,180.774,117.623,64.298,62.744,102.635,246.921,69.606,12.721,148.709,67.146,95.737
"1855-01",64.184,13.943,168.977,123.829,36.046,263.307,55.524,27.098,54.682,66.587,NA,89.777,19.452,111.55,37.939,121.68,81.544,94.319,31.627,61.149,1.341,8.994,9.467,61.024,23.702,139.258,211.696,11.197,72.922,NA,NA,59.578,NA,140.288,6.808,8.543,248.193,308.493,57.605,38.889,77.85,53.79,49.232,12.488,97.977,147.321,96.308,76.667,46.826,105.557,244.072,103.85,16.896,35.251,75.116,96.296
"1855-02",80.665,23.527,116.846,190.016,28.327,169.319,19.922,21.287,61.121,68.64,NA,53.979,17.121,83.7,35.932,62.512,72.119,78.901,16.4,54.593,1.634,3.646,2.286,34.14,30.553,135.752,139.368,10.96,72.665,NA,NA,46.406,NA,80.86,0.662,13.506,264.828,386.833,125.313,49.007,80.072,67.091,60.542,8.916,122.924,160.473,81.316,83.37,35.66,80.942,177.049,86.273,10.958,76.877,83.237,94.739
"1855-03",71.842,23.033,131.628,111.729,20.232,107.516,38.134,15.526,33.435,86.296,NA,55.994,16.898,114.48,27.508,120.77,84.19,38.034,69.358,34.549,8.538,2.843,2.551,26.841,20.081,150.184,109.617,11.837,57.287,NA,NA,50.588,NA,88.966,0.128,1.832,213.026,436.446,204.224,37.71,63.944,81.988,82.427,16.199,128.154,170.944,74.994,95.946,48.982,74.542,88.867,130.497,4.237,4.428,88.585,95.474
"1855-04",54.731,26.375,31.622,108.024,16.902,30.138,6.63,20.901,19.934,67.614,NA,94.629,35.949,51.588,13.981,260.736,52.94,43.928,9.027,15.897,36.918,2.758,7.962,60.402,57.63,148.846,123.938,13.086,64.342,NA,NA,10.787,NA,84.369,0.642,3.556,173.251,230.622,117.409,42.49,89.125,81.583,75.103,12.073,122.702,200.97,74.522,100.013,96.489,69.657,57.906,76.571,3.459,15.116,95.344,93.304
"1855-05",36.502,31.298,43.205,113.219,19.714,30.27,4.008,49.548,34.377,67.414,NA,97.646,90.249,93.194,12.766,195.195,53.643,31.513,9.369,14.393,192.225,3.55,5.32,139.537,55.8,47.776,128.011,12.511,69.469,NA,NA,9.813,NA,133.016,0.306,3.795,167.448,57.572,39.452,51.789,70.044,87.044,68.872,6.641,113.868,167.898,83.425,95.665,221.275,75.626,158.632,91.563,3.801,32.707,88.186,96.412
"1855-06",42.999,40.181,81.56,104.032,20.392,14.348,47.778,226.687,47.286,109.971,NA,67.874,41.401,39.802,71.56,133.517,36.348,20.691,0.504,7.717,229.95,1.916,14.859,72.957,54.404,103.036,41.788,21.442,101.9,NA,NA,12.026,NA,151.966,0.129,155.216,223.865,10.486,63.932,94.499,121.511,75.679,53.885,14.514,116.001,163.733,128.323,58.635,202.622,54.207,174.576,48.46,111.022,234.65,92.95,98.959
"1855-07",53.389,43.691,32.274,159.225,39.765,11.151,79.017,329.085,39.266,144.248,NA,98.496,63.303,47.568,197.901,25.697,38.943,9.552,2.442,3.958,348.932,1.06,14.796,51.467,57.486,89.943,15.25,37.4,58.914,NA,NA,2.699,NA,228.395,0.038,137.772,161.538,21.82,61.781,67.026,84.109,73.76,60.395,27.581,91.098,155.514,175.879,75.366,157.927,60.788,125.694,44.56,38.658,159.774,83.091,95.654
"1855-08",59.443,53.519,74.219,154.357,43.39,15.583,64.717,173.316,48.464,151.457,NA,86.147,48.735,76.626,99.562,8.353,46.122,28.167,5.224,5.754,382.602,1.84,31.093,81.705,106.639,74.767,11.927,37.748,85.231,NA,NA,2.388,NA,174.48,0.147,153.859,182.294,5.75,43.059,80.972,97.701,65.456,53.941,31.375,79.357,169.217,145.119,78.369,92.983,91.952,128.471,36.05,45.651,280.816,84.283,95.198
"1855-09",79.204,50.558,159.144,155.106,41.136,11.458,132.338,230.96,114.517,138.473,NA,87.209,21.306,73.671,81.227,10.535,89.691,38.735,23.651,15.749,300.258,2.457,74.036,140.119,26.312,45.085,13.733,43.034,81.327,NA,NA,13.722,NA,159.145,0.427,161.982,132.698,3.353,12.325,83.437,77.454,60.999,46.25,31.601,72.521,127.06,189.528,63.298,75.107,118.262,93.35,27.662,80.045,230.243,82.089,94.072
"1855-10",77.4,51.27,92.442,133.364,33.839,76.47,72.877,254.894,136.557,148.281,NA,50.774,30.011,72.142,68.03,14.678,59.595,73.258,47.516,72.799,245.938,20.229,89.86,267.891,41.337,76.43,26.395,28.363,104.486,NA,NA,46.428,NA,160.936,7.119,119.739,199.124,11.21,10.521,51.437,65.752,64.553,52.588,26.867,73.193,127.957,144.928,54.767,84.02,139.418,83.418,28.764,82.425,206.868,78.756,92.176
"1855-11",88.628,38.353,172.278,138.571,39.908,140.466,85.798,127.042,83.474,129.977,NA,67.101,23.332,83.793,90.98,25.037,89.016,62.353,102.765,94.632,86.705,8.523,205.522,191.952,23.076,90.986,110.239,20.53,80.91,NA,NA,141.8,NA,95.59,12.062,116.806,167.909,17.359,37.439,37.947,89.393,55.382,50.569,13.685,73.513,138.75,145.073,61.753,108.67,106.277,136.982,51.038,97.789,219.992,68.78,90.091
"1855-12",68.027,18.784,104.935,105.676,23.589,190.886,45.201,53.739,80.895,91.379,NA,72.576,26.276,79.781,135.612,105.192,91.976,88.14,105.878,62.166,5.273,9.028,189.868,336.536,18.668,114.281,177.038,19.713,123.007,NA,NA,79.792,NA,122.64,24.34,17.24,217.666,139.947,48.657,42.053,77.586,44.023,38.261,14.815,85.307,164.433,106.128,71.684,106.763,95.085,161.054,55.701,41.042,39.856,68.782,92.256
"1856-01",68.671,13.017,207.42,137.349,31.169,99.425,57.502,41.416,62.367,87.951,NA,85.508,17.141,66.471,71.856,75.19,115.199,115.018,17.369,55.266,0.535,9.033,37.357,263.721,26.093,157.875,276.734,19.405,89.758,NA,NA,28.381,NA,98.314,8.946,15.262,231.553,273.906,66.276,37.28,86.247,47.945,38.684,11.889,101.844,189.963,89.893,62.723,51.218,95.569,266.21,76.949,39.012,27.168,77.111,97.752
"1856-02",61.356,14.834,139.311,156.782,19.332,104.866,42.666,17.418,33.15,65.684,NA,86.097,24.426,95.176,28.279,79.578,81.416,127.615,65.492,52.845,1.36,2.46,6.87,98.492,36.619,143.282,134.766,11.185,69.438,NA,NA,85.324,NA,83.526,1.048,2.38,225.421,316.062,98.932,40.293,61.821,56.168,50.554,10.073,117.583,165.123,83.177,96.771,46.768,93.476,184.81,103.316,7.266,5.413,85.844,94.876
"1856-03",71.625,15.327,75.844,119.452,16.009,78.713,8.927,11.146,23.231,45.233,NA,79.869,23.57,103.941,22.225,106.823,90.798,45.591,35.597,19.37,3.285,3.072,8.67,70.463,35.725,116.506,140.293,14.788,65.881,NA,NA,33.969,NA,80.37,0.833,5.249,237.866,283.503,74.917,44.054,67.919,94.811,74.72,12.639,107.826,190.672,63.124,106.038,34.297,72.193,158.042,142.555,4.074,13.074,90.295,94.457
"1856-04",42.921,26.825,70.963,121.064,27.196,29.153,12.822,26.702,45.029,46.048,NA,95.92,28.342,110.085,13.278,246.205,55.74,39.762,15.029,19.541,26.826,3.065,1.777,105.531,70.887,129.701,94.494,18.1,49.067,NA,NA,27.41,NA,97.337,0.043,4.311,231.324,254.129,66.617,49.461,62.603,80.748,60.452,12.718,121.767,164.83,66.468,99.318,85.945,63.77,164.558,107.981,3.584,60.578,99.223,95.547
"1856-05",48.629,27.744,52.386,117.315,18,25.07,10.075,84.69,20.639,37.986,NA,121.265,61.789,57.497,16.45,319.894,30.604,37.932,9.925,17.63,192.162,3.907,25.114,182.603,40.297,91.247,75.522,13.422,54.812,NA,NA,20.976,NA,99.47,1.136,25.952,234.433,87.942,49.564,65.622,103.056,78.276,65.998,13.208,116.726,122.5,95.174,84.976,212.35,77.333,94.523,84.069,6.422,82.031,93.978,95.442
"1856-06",36.478,35.725,66.645,107.936,23.259,20.761,34.175,202.339,50.278,78.701,NA,105.16,45.771,66.21,116.196,180.814,31.406,24.561,3.958,11.391,210.953,2.036,39.395,202.545,72.214,85.066,8.299,22.626,66.661,NA,NA,3.559,NA,155.755,0.355,22.87,203.917,11.248,62.632,83.106,119.888,81.732,59.081,14.664,105.017,114.615,141.485,74.21,244.838,64.689,206.4,57.424,40.129,33.395,95.924,97.959
"1856-07",49.351,39.361,16.368,123.474,21.119,66.105,26.714,144.905,39.022,105.051,NA,65.91,53.744,61.307,173.028,55.405,38.461,25.108,0.114,3.061,322.399,2.335,23.117,68.332,76.997,76.249,5.486,42.204,39.901,NA,NA,0.2,NA,172.284,0.059,153.184,223.914,8.144,32.908,111.132,87.561,69.6,52.314,27.872,99.954,119.896,159.202,71.304,150.639,70.653,151.047,36.18,97.031,281.464,84.783,97.915
"1856-08",64.664,51.282,78.685,143.272,38.416,19.423,73.086,196.541,45.652,109.953,NA,61.81,40.326,71.151,162.616,12.943,64.623,22.19,13.102,2.968,353.554,0.52,14.256,46.762,43.722,55.717,9.895,48.074,71.454,NA,NA,6.794,NA,152.897,0.018,165.836,190.243,5.8,23.67,90.022,84.729,69.413,57.859,36.658,85.465,117.663,193.561,74.379,88.266,86.82,112.953,33.332,75.773,207.017,85.086,96.201
"1856-09",59.183,54.673,276.647,184.571,51.583,57.539,170.707,307.938,117.492,135.665,NA,48.478,22.841,94.34,143.55,8.284,69.791,53.166,44.758,15.721,223.402,1.226,67.524,104.009,46.49,62.15,9.521,31.581,114.405,NA,NA,8.682,NA,213.235,0.393,95.802,166.142,3.505,25.553,59.732,73.605,61.417,60.64,34.148,77.569,108.599,197.138,77.867,69.444,87.356,132.987,28.817,28.784,108.843,83.054,94.059
"1856-10",65.821,61.025,263.184,132.86,43.739,97.117,108.095,160.696,107.81,122.53,NA,77.139,22.494,51.72,62.267,11.591,79.7,87.078,4.728,40.02,159.54,2.191,44.807,152.86,41.167,90.826,27.098,28.066,98.652,NA,NA,10.349,NA,120.47,0.073,157.018,172.748,4.48,7.836,27.083,72.193,62.521,48.131,19.546,78.702,117.745,160.952,59.574,85.287,108.238,225.821,36.27,72.73,294.169,76.119,93.065
"1856-11",73.485,45.051,160.847,112.317,27.628,174.313,49.828,69.325,62.298,144.435,NA,70.672,12.445,62.634,114.678,24.514,85.985,81.9,52.812,63.155,40.827,9.064,71.86,202.341,29.518,72.259,100.746,22.77,113.521,NA,NA,108.908,NA,135.826,2.122,40.814,141.307,19.422,12.078,35.008,75.998,50.224,47.688,12.848,79.385,130.391,144.197,61.157,109.447,99.899,306.965,40.313,44.291,206.671,75.621,91.886
"1856-12",93.317,25.741,283.083,159.02,27.564,165.522,48.886,35.975,68.31,121.801,NA,64.693,15.798,65.384,77.335,33.276,92.083,104.358,116.475,60.214,3.473,25.118,27.25,153.916,24.775,114.036,185.422,13.182,75.949,NA,NA,64.168,NA,122.17,6.665,18.244,213.61,70.613,26.693,39.039,95.464,42.4,39.065,11.411,90.329,190.493,114.124,61.184,66.673,102.726,276.168,57.122,30.971,72.626,69.513,97.263
"1857-01",75.667,18.896,148.17,146.981,29.487,169.927,98.48,18.454,46.411,73.214,NA,85.311,11.465,88.215,39.292,90.091,89.914,88.929,39.748,57.164,0.592,10.741,20.855,102.008,17.584,130.812,223.819,16.868,71.77,NA,NA,49.531,NA,112.528,8.335,4.197,213.749,326.716,61.995,28.624,92.339,52.263,42.756,11.326,97.402,190.758,98.771,68.961,58.498,105.613,224.597,83.355,9.251,5.006,77.232,96.543
"1857-02",89.948,17.549,247.359,153.728,32.227,128.336,51.904,20.053,40.212,68.535,NA,87.096,31.501,95.713,34.157,123.257,103.249,65.402,37.088,33.429,2.504,13.153,7.282,76.223,17.177,118.427,195.174,17.101,50.026,NA,NA,31.36,NA,79.804,8.671,1.238,226.825,301.3,56.159,43.681,51.89,70.997,74.515,14.631,109.96,199.949,83.032,82.908,45.272,90.873,173.801,140.148,5.706,4.135,83.795,97.247
"1857-03",80.404,24.047,20.619,100.931,16.267,85.088,10.559,9.673,25.305,136.19,NA,97.106,24.192,80.332,33.26,112.896,81.217,25.479,62.561,23.328,6.638,1.908,3.842,53.064,34.555,106.84,121.752,13.196,53.561,NA,NA,36.591,NA,92.409,0.083,1.154,196.273,294.228,142.929,59.636,92.349,83.737,79.205,20.574,118.589,174.811,66.493,116.011,35.074,69.683,142.81,123.563,1.294,3.36,90.503,94.304
"1857-04",46.462,23.368,37.057,95.521,22.016,75.012,8.601,16.184,17.826,101.737,NA,80.981,43.281,65.029,15.955,266.366,68.833,74.666,7.729,31.657,61.321,4.145,1.411,144.263,14.584,79.816,108.453,20.449,67.711,NA,NA,11.117,NA,107.532,0.055,10.609,204.258,330.935,85.471,48.031,111.71,83.422,73.45,14.421,126.313,187.756,55.825,94.355,115.275,82.047,99.04,102.868,4.945,56.957,93.386,94.853
"1857-05",44.314,37.034,14.124,43.921,21.152,34.489,5.878,50.654,21.369,65.826,NA,83.892,57.347,73.267,37.547,211.366,38.997,22.539,8.6,9.72,133.561,3.145,10.684,179.529,30.616,77.306,120.712,16.077,84.385,NA,NA,12.312,NA,133.437,0.272,69.534,242.106,73.775,45.696,46.884,64.909,81.964,54.655,12.549,119.944,159.155,78.644,97.221,207.269,56.3,132.375,75.771,16.723,139.204,96.115,96.22
"1857-06",42.964,42.085,24.016,140.833,28.557,8.212,10.949,190.204,103.402,98.824,NA,84.798,90.574,67.758,91.903,281.396,38.4,36.212,5.265,7.905,222.737,1.633,24.584,189.519,70.77,77.486,10.347,30.421,54.844,NA,NA,11.834,NA,196.904,0.342,31.23,204.303,12.008,78.702,92.062,95.602,71.483,63.404,16.135,105.711,129.792,126.228,75.598,232.984,54.711,146.355,55.446,60.554,34.109,87.792,96.426
"1857-07",55.782,52.655,127.474,110.359,33.282,6.589,77.034,263.914,61.595,117.771,NA,80.711,48.342,68.591,167.53,74.027,62.448,26.903,0.669,9.417,302.598,2.051,20.075,87.477,78.469,58.623,2.95,52.894,60.438,NA,NA,2.835,NA,134.17,0.252,209.504,206.198,22.946,103.876,85.956,77.901,72.082,54.352,32.017,89.496,130.104,145.374,74.243,149.66,67.807,234.836,45.79,139.017,211.9,85.167,96.35
"1857-08",59.027,58.297,132.387,108.86,46.341,21.083,79.312,199.883,63.349,116.859,NA,82.604,33.273,61.516,150.252,19.507,48.28,38.689,0.777,6.523,301.4,2.113,13.935,51.528,62.047,77.332,5.583,48.479,76.344,NA,NA,2.171,NA,166.1,0.337,179.562,211.067,10.351,42.735,94.363,101.094,66.994,53.095,31.24,84.84,106.813,178.614,60.869,72.977,76.851,178.043,31.611,79.562,252.483,87.335,94.87
"1857-09",62.149,66.907,311.038,187.428,39.23,10.839,213.989,332.758,98.225,142.705,NA,75.733,38.307,58.64,123.679,9.912,66.26,78.054,7.66,17.732,172.391,0.662,13.491,44.276,28.347,42.485,9.144,30.611,86.905,NA,NA,7.301,NA,175.705,0.13,152.535,210.914,4.54,24.618,58.75,88.256,57.126,52.782,28.921,82.576,97.325,185.488,68.795,69.63,103.616,157.531,26.521,52.693,286.215,87.651,93.968
"1857-10",77.173,53.506,105.056,102.402,45.262,108.009,76.791,190.017,119.227,134.248,NA,63.094,30.128,62.77,99.876,11.855,68.158,56.524,13.525,67.371,171.696,2.162,74.859,178.307,22.735,66.402,21.018,23.143,112.049,NA,NA,54.651,NA,144.212,0.61,119.079,170.196,8.271,16.864,39.14,53.443,44.499,49.706,17.044,81.144,95.979,157.944,67.057,95.646,106.975,277.398,26.019,50.222,206.228,79.38,93.401
"1857-11",59.056,56.231,108.443,126.59,40.566,160.459,31.233,103.131,91.829,127.335,NA,69.68,29.325,58.586,131.257,16.334,85.719,108.991,61.465,59.584,44.502,6.321,115.016,137.16,13.438,54.34,107.029,21.622,115.272,NA,NA,70.528,NA,111.915,2.463,105.695,216.086,50.848,46.331,21.332,65.219,41.166,41.195,12.411,84.355,114.703,139.177,64.428,114.719,95.674,284.321,37.284,141.165,229.89,65.274,92.045
"1857-12",72.684,40.253,123.759,168.262,28.699,81.305,49.17,62.729,64.073,90.183,NA,86.513,26.665,71.57,81.965,92.265,81.911,149.947,39.056,67.988,3.29,16.458,25.678,201.017,24.51,134.903,255.012,11.667,90.694,NA,NA,70.246,NA,134.58,11.052,32.811,266.242,148.28,13.766,35.985,77.068,43.299,34.408,10.191,88.744,142.846,115.896,71.592,97.377,106.575,275.75,48.82,35.054,65.573,71.641,97.296
"1858-01",72.914,21.156,62.578,163.33,30.574,72.255,19.94,26.86,55.131,58.029,NA,75.889,24.912,119.054,60.239,123.845,91.38,89.361,33.367,69.375,1.317,6.652,7.148,119.497,30.845,83.649,235.644,21.81,87.065,NA,NA,38.238,NA,106.199,16.695,11.659,265.119,282.795,142.755,30.154,47.747,48.753,38.666,17.402,104.68,148.214,99.218,79.942,72.16,92.372,258.889,77.31,25.523,32.164,76.208,97.343
"1858-02",80.066,23.082,35.421,117.224,28.87,101.251,21.775,13.394,38.933,61.356,NA,96.326,31.303,71.644,34.396,100.052,112.489,60.806,25.889,33.761,2.018,3.344,6.904,37.979,33.739,140.791,212.043,19.364,67.587,NA,NA,29.419,NA,100.8,2.772,5.951,270.447,385.404,75.675,38.712,72.671,62.931,49.207,17.787,129.309,145.866,78.274,75.416,54.361,93.827,184.864,120.137,11.215,22.691,81.283,95.225
"1858-03",65.188,20.882,161.134,130.616,24.8,85.654,35.711,14.974,33.213,69.77,NA,76.159,19.165,101.49,22.873,134.607,93.416,67.582,5.515,53.129,17.136,2.302,3.535,40.153,37.913,139.787,81.867,25.81,43.837,NA,NA,21.456,NA,102.484,2.095,4.035,182.484,296.205,69.787,57.55,82.024,86.908,78.533,13.614,115.557,123.031,75.668,112.017,81.561,77.676,109.17,128.361,2.985,21.299,92.055,94.03
"1858-04",53.191,25.309,72.447,116.214,20.972,27.569,10.531,16.032,24.694,74.613,NA,92.482,33.853,107.817,17.552,211.964,66.177,62.448,27.339,33.345,64.646,3.396,5.442,107.49,50.112,96.498,137.194,13.941,80.952,NA,NA,18.725,NA,92.093,0.277,14.327,227.03,227.882,87.633,70.902,61.279,92.777,70.085,15.684,120.806,129.392,72.775,99.931,145.791,68.693,131.605,109.479,2.808,103.445,97.095,95.918
"1858-05",48.635,27.095,77.446,83.538,14.697,41.762,19.805,74.804,38.743,48.116,NA,73.981,33.891,56.691,34.008,232.886,41.881,58.076,5.399,20.692,198.087,5.52,17.398,201.668,69.119,117.889,194.064,11.438,84.457,NA,NA,6.571,NA,96.353,3.194,17.446,200.451,146.607,166.61,81.885,83.297,81.212,70.298,8.444,118.578,111.176,89.783,82.218,228.365,60.007,101.95,64.501,15.57,87.559,98.984,94.874
"1858-06",35.852,33.488,126.698,134.143,22.663,13.838,67.496,268.236,52.434,95.654,NA,68.063,34.589,81.829,78.57,213.187,49.119,11.394,6.714,10.554,179.407,1.896,26.994,66.724,109.058,86.891,56.913,28.802,70.252,NA,NA,6.647,NA,192.536,0.076,159.664,257.381,77.399,47.746,140.42,105.203,68.618,57.948,14.318,96.204,104.006,140.158,86.715,205.857,60.503,136.613,51.44,88.507,221.463,87.477,96.601
"1858-07",57.885,41.162,44.765,129.227,40.847,13.948,51.162,152.706,34.863,115.945,NA,87.791,56.873,44.9,154.158,32.015,48.944,42.053,2.504,7.263,376.536,2.008,15.116,60.664,84.418,80.725,18.324,31.949,100.289,NA,NA,0.29,NA,134.023,0.295,224.4,254.528,29.727,77.372,101.596,85.422,72.891,48.807,25.949,93.489,111.555,156.18,79.539,147.508,64.589,147.55,44.271,95.839,287.806,84.195,95.151
"1858-08",51.395,52.11,97.234,121.226,39.954,16.969,82.264,159.56,60.701,128.737,NA,68.019,35.521,78.071,153.37,12.137,60.312,34.542,1.415,3.055,324.262,1.379,14.103,50.45,61.299,61.53,11.814,35.324,55.788,NA,NA,4.911,NA,232.825,0.152,165.727,201.951,8.86,36.505,126.811,122.499,63.808,59.625,22.085,80.324,99.89,177.444,75.088,89.962,64.656,126.982,33.934,80.552,189.757,84.173,95.148
"1858-09",68.587,56.018,130.663,104.046,30.786,10.69,107.431,208.299,78.388,139.682,NA,69.888,24.666,73.521,137.409,10.61,60.407,17.771,21.701,22.089,242.645,1.131,13.586,31.235,118.181,73.519,13.015,39.699,82.863,NA,NA,20.078,NA,222.429,0.513,103.582,184.929,6.604,14.07,110.025,122.257,55.681,52.31,30.587,73.661,93.054,194.067,65.652,73.89,86.655,172.277,31.864,18.995,114.82,85.888,94.593
"1858-10",74.901,41.395,141.216,129.11,34.896,28.992,80.566,185.555,125.828,142.086,NA,66.643,22.706,114.496,116.728,24.987,79.887,78.755,24.664,24.362,112.779,9.913,95.608,113.855,41.282,64.707,18.498,24.358,86.29,NA,NA,35.924,NA,141.108,13.813,155.834,203.549,19.549,13.585,50.327,88.655,63.565,57.336,16.428,66.957,98.31,162.394,75.436,87.895,96.075,286.404,31.501,107.673,261.108,78.754,93.822
"1858-11",82.657,47.973,190.764,140.384,34.05,80.83,108.458,76.084,59.506,129.101,NA,58.714,17.449,70.194,112.627,26.528,90.914,86.153,32.558,65.21,42.815,6.529,49.496,45.271,23.51,79.498,53.536,20.825,99.296,NA,NA,61.264,NA,112.358,1.984,85.937,270.782,32.777,19.917,35.045,86.456,57.9,46.872,23.256,78.779,137.051,136.57,63.363,105.783,94.531,236.421,50.79,69.538,252.524,71.622,93.75
"1858-12",81.885,37.451,93.805,114.395,22.707,166.834,62.803,48.026,63.52,103.622,NA,86.376,20.358,86.553,127.45,40.403,106.507,82.982,61.471,76.218,7.005,9.353,20.24,65.517,15.782,95.757,115.615,18.462,90.345,NA,NA,106.933,NA,115.805,6.393,43.702,272.206,182.16,24.981,37.624,65.402,45.964,38.426,9.328,101.133,172.512,109.327,60.76,84.723,90.588,184.619,66.035,65.075,121.188,69.872,93.376
"1859-01",68.784,16.036,150.433,130.325,26.905,125.877,50.809,33.126,54.776,65.736,NA,84.26,15.039,79.531,66.175,87.378,111.906,86.24,78.31,61.796,1.526,15.38,11.201,104.763,20.967,106.262,164.947,20.421,71.749,NA,NA,69.13,NA,135.726,6.302,7.2,242.054,326.623,84.276,16.354,57.325,56.927,42.701,16.273,118.115,182.927,93.672,66.902,81.404,93.555,242.372,119.492,21.576,13.118,71.147,96.82
"1859-02",77.205,32.979,53.128,131.477,25.443,96.868,16.924,10.633,35.418,39.173,NA,92.501,17.906,99.588,56.689,131.651,100.207,92.182,47.832,32.129,2.163,12.023,6.445,19.251,17.075,107.324,176.175,19.009,95.69,NA,NA,27.382,NA,102.327,3.489,6.616,240.178,428.409,48.346,20.501,60.701,64.778,72.601,11.219,127.105,163.965,77.652,70.431,51.828,102.737,150.265,132.907,4.067,17.26,82.894,94.702
"1859-03",51.436,15.281,127.721,136.748,14.387,75.043,24.657,14.957,33.089,58.129,NA,72.804,28.351,104.63,52.995,162.993,74.763,100.071,35.6,45.895,11.564,3.585,4.864,50.887,27.294,105.134,134.367,8.581,65.045,NA,NA,22.306,NA,96.557,0.469,1.693,179.304,308.686,138.606,46.669,45.016,79.177,73.039,11.53,123.529,148.617,72.395,81.969,55.825,86.891,114.698,100.601,1.528,8.116,84.123,89.161
"1859-04",50.567,16.593,20.241,109.671,23.456,46.03,3.175,10.214,18.123,66.602,NA,77.468,24.593,113.955,16.599,309.033,65.208,44.933,18.109,34.819,92.31,3.978,7.346,106.401,35.388,114.422,144.969,19.797,65.844,NA,NA,32.668,NA,113.99,1.476,5.111,180.577,233.19,131.448,41.562,79.908,94.198,70.347,13.592,108.088,160.779,68.616,85.298,149.073,83.331,93.368,111.876,6.065,19.888,95.966,93.839
"1859-05",44.557,29.255,42.915,83.458,19.97,31.62,10.326,27.75,20.007,55.444,NA,82.446,52.9,98.223,27.825,278.594,54.986,49.31,12.304,15.981,141.284,4.303,19.368,169.044,89.192,75.713,117.667,17.755,44.175,NA,NA,17.13,NA,163.73,0.305,12.68,265.013,135.965,62.523,58.285,104.718,74.072,64.887,9.333,115.572,147.242,77.209,94.925,201.131,62.583,110.891,65.03,15.746,109.652,95.872,97.003
"1859-06",45.926,33.978,21.372,123.656,30.27,15.039,50.963,274.11,69.227,101.63,NA,107.169,71.279,83.115,130.238,259.026,48.869,28.533,7.392,8.118,261.927,2.057,16.892,99.824,61.154,86.897,24.452,21.268,90.584,NA,NA,9.357,NA,168.725,0.117,154.033,254.199,37.829,54.755,122.053,94.893,59.076,55.512,9.618,108.632,133.537,129.841,81.082,204.69,58.681,113.493,53.61,73.652,211.789,90.025,96.612
"1859-07",41.538,51.231,50.543,102.459,33.772,8.761,84.488,238.254,77.751,115.392,NA,66.549,64.486,77.806,194.824,51.191,54.087,24.318,0.285,2.67,337.916,2.438,22.235,73.035,60.359,99.498,7.115,49.2,79.157,NA,NA,0.54,NA,141.149,0.116,174.69,202.052,19.117,61.462,107.086,91.341,67.625,55.485,27.951,92.47,159.402,147.035,69.816,94.918,70.431,158.919,41.826,64.477,183.515,86.18,97.57
"1859-08",57.374,47.34,34.087,150.789,40.943,7.578,48.122,163.785,50.861,127.097,NA,93.118,36.404,60.541,163.053,19.21,68.143,38.647,0.881,8.322,283.64,3.126,18.492,77.884,89.327,76.013,6.774,49.298,61.272,NA,NA,3.625,NA,176.167,3.462,159.993,198.199,6.311,31.241,97.619,101.542,67.047,46.423,32.634,81.165,134.165,178.592,67.529,55.074,79.645,155.504,34.924,72.118,240.011,88.542,96.286
"1859-09",79.711,42.099,80.945,164.571,53.717,35.126,80.143,222.758,104.407,129.629,NA,78.896,28.92,67.079,102.824,6.386,88.725,30.915,14.066,10.011,187.551,1.131,21.253,39.793,16.513,25.969,7.61,51.522,101.215,NA,NA,11.418,NA,211.918,0.079,102.162,201.368,3.068,12.304,83.298,98.303,57.609,43.292,34.365,76.753,137.789,180.611,63.542,61.157,102.196,162.843,26.472,32.68,146.41,84.783,95.788
"1859-10",52.935,54.105,181.603,126.406,41.548,72.024,139.714,198.633,104.246,129.962,NA,72.211,22.989,81.919,102.189,12.069,77.207,107.894,19.824,28.096,178.135,10.198,62.78,152.958,62.309,66.694,16.265,38.569,122.223,NA,NA,25.466,NA,77.511,9.304,93.302,150.871,5.406,10.173,36.243,75.716,58.142,43.703,21.805,73.555,144.215,163.422,68.439,70.803,110.51,219.118,36.083,81.527,175.635,78.925,94.436
"1859-11",72.242,44.871,120.109,157.747,26.111,115.987,83.926,113.923,96.118,136.91,NA,74.726,21.562,86.191,121.181,10.953,78.8,87.781,111.552,51.065,35.556,10.106,87.552,225.235,27.212,57.797,75.353,17.027,96.956,NA,NA,108.017,NA,137.75,14.417,76.462,183.665,15.177,18.692,49.646,63.613,41.158,46.356,13.706,79.895,153.484,132.731,66.883,90.571,110.505,276.791,39.341,109.651,170.499,72.79,93.686
"1859-12",76.463,29.03,175.92,184.922,21.201,137.642,69.234,45.832,81.95,96.082,NA,79.144,19.4,103.319,56.78,28.57,100.071,117.44,74.824,75.533,5.678,6.733,35.605,175.476,24.503,88.417,94.066,13.416,117.505,NA,NA,72.879,NA,104.761,4.635,33.094,179.322,49.728,58.583,31.253,69.882,30.705,33.651,8.833,90.905,160.265,106.331,62.428,58.963,104.511,363.328,55.293,85.815,83.274,68.803,94.462
"1860-01",79.31,16.233,144.083,184.936,32.103,195.177,92.5,52.142,99.046,65.498,NA,70.401,9.631,89.985,39.278,33.843,97.946,108.751,70.324,50.362,0.669,9.131,15.256,97.913,20.521,143.578,215.069,14.126,76.048,NA,NA,85.801,NA,108.695,22.894,16.038,218.5,289.789,68.34,43.273,52.767,58.78,41.943,13.762,108.382,212.078,83.725,64.52,53.339,117.866,203.144,73.745,17.83,15.693,74.66,95.799
"1860-02",80.957,24.587,211.667,198.236,19.936,40.856,46.862,18.57,43.985,65.162,NA,76.503,19.506,135.209,24.032,69.59,99.493,60.296,45.825,52.096,1.124,3.557,6.001,45.74,26.483,94.721,150.211,10.54,65.34,NA,NA,20.346,NA,87.612,1.265,35.425,195.628,195.333,67.312,30.408,46.697,73.021,75.951,10.692,106.596,198.365,79.895,104.079,36.12,98.881,220.609,130.667,9.866,41.168,82.982,95.294
"1860-03",62.405,18.801,72.544,172.78,27.882,86.45,23.362,15.227,36.859,61.736,NA,96.695,28.375,97.913,28.252,117.829,81.002,68.424,53.957,37.185,6.889,1.513,7.144,59.343,26.814,124.745,154.38,15.187,66.588,NA,NA,26.578,NA,81.589,0.287,5.631,224.155,444.54,105.304,47.663,78.149,87.714,59.267,12.891,122.061,201.618,63.329,97.235,51.002,74.432,100.647,114.233,5.728,29.722,91.698,95.517
"1860-04",55.534,21.006,55.604,124.859,12.126,71.272,10.519,14.234,23.649,42.983,NA,98.832,65.054,90.872,24.361,305.482,73.559,18.927,13.094,38.169,90.047,14.725,25.586,131.471,25.809,130.11,197.213,22.534,60.564,NA,NA,35.551,NA,64.606,8.83,4.489,161.386,186.508,49.705,52.228,73.799,88.008,74.331,19.499,120.997,205.1,55.899,96.26,147.931,70.057,100.989,98.391,8.613,14.287,88.008,93.47
"1860-05",36.88,24.808,93.749,100.38,16.01,45.03,15.355,50.185,17.249,52.901,NA,100.731,80.544,53.603,20.498,300.825,34.906,59.051,1.855,25.324,137.418,3.183,11.172,183.646,21.392,155.667,157.8,11.643,67.682,NA,NA,16.952,NA,157.256,1.354,6.287,191.333,30.202,53.411,79.157,126.8,82.472,53.136,7.401,116.072,186.226,66.773,86.741,192.256,68.179,123.103,71.569,2.692,54.637,88.385,94.245
"1860-06",44.571,38.245,57.534,119.896,18.939,14.728,48.887,264.378,46.441,103.396,NA,116.927,46.716,67.278,80.562,200.856,37.442,45.43,0.654,17.238,260.354,3.98,36.244,181.055,109.848,86.407,45.198,26.674,61.277,NA,NA,5.661,NA,191.423,0.389,18.85,181.966,13.371,60.347,100.636,109.403,74.926,46.04,22.713,97.967,171.755,131.423,72.401,264.137,63.072,124.62,80.197,38.278,22.709,92.289,99.837
"1860-07",53.017,48.088,38.046,152.252,22.696,15.679,52.074,225.072,56.994,110.967,NA,96.829,89.333,49.255,173.282,19.615,40.194,34.311,1.549,6.04,331.628,2.096,18.726,92.981,54.175,49.679,5.411,31.033,68.519,NA,NA,1.624,NA,138.613,0.166,169.105,163.785,13.638,73.826,89.587,72.819,62.065,46.743,22.026,93.254,150.164,150.685,74.047,146.552,66.953,196.774,50.317,164.029,258.504,84.116,96.332
"1860-08",44.161,45.329,108.491,165.891,40.655,18.452,137.71,205.16,52.33,122.715,NA,65.348,51.66,64.952,141.951,10.958,78.936,19.98,1.107,2.491,332.703,0.859,27.854,138.676,71.001,41.734,7.058,58.363,59.824,NA,NA,5.892,NA,188.472,0.075,189.349,175.979,8.469,25.84,98.814,108.411,68.956,49.481,42.858,83.826,131.236,185.564,72.73,72.982,85,135.106,36.113,71.623,319.826,86.849,97.468
"1860-09",65.431,57.803,99.756,132.878,49.709,51.212,75.854,212.708,95.078,134.569,NA,95.175,25.441,60.77,58.652,8.593,66.632,50.586,8.597,26.289,256.615,2.111,61.175,162.367,35.656,21.377,10.996,41.698,103.743,NA,NA,3.614,NA,186.829,0.141,101.11,157.233,3.01,9.709,70.969,75.662,58.286,53.24,32.617,73.482,135.383,178.199,62.393,64.506,94.644,169.834,23.366,44.373,244.75,88.295,94.941
"1860-10",78.3,56.632,70.484,186.962,36.913,92.074,60.784,231.294,148.256,138.491,NA,65.829,19.119,72.441,31.897,7.803,58.431,104.259,48.047,61.978,185.011,25.36,151.913,252.136,52.759,80.152,23.762,22.548,113.573,NA,NA,101.042,NA,100.703,18.977,83.737,173.685,5.621,5.463,45.817,78.289,49.617,59.192,16.364,74.495,122.435,160.554,72.55,69.448,122.253,121.863,32.967,95.025,126.081,79.502,92.064
"1860-11",75.325,34.827,126.455,138.692,25.803,220.139,62.424,99.306,104.279,114.033,NA,78.461,22.306,78.815,98.924,29.187,61.323,87.152,55.203,80.629,71.122,22.965,152.372,224.781,31.721,95.572,101.308,24.927,97.707,NA,NA,65.312,NA,92.643,38.446,58.727,216.44,23.036,4.496,36.4,63.201,54.83,38.767,16.795,81.277,126.27,145.426,51.772,113.378,116.208,129.419,39.79,150.481,153.76,71.372,92.167
"1860-12",62.095,23.65,90.819,183.683,32.775,156.683,70.926,50.522,52.759,119.355,NA,80.747,22.629,73.033,73.044,80.863,78.584,145.986,35.416,62.953,8.324,19.314,170.376,322.532,13.087,135.18,191.089,14.947,101.685,NA,NA,36.93,NA,90.543,7.061,58.623,214.425,95.047,21.063,42.431,66.915,52.7,41.277,10.651,80.538,170.018,113.324,65.725,96.026,115.631,244.628,47.486,119.105,121.867,71.078,95.417
"1861-01",68.039,14.143,124.675,98.063,34.929,170.516,37.759,24.881,50.746,75.162,NA,79.917,18.149,94.341,39.926,108.996,80.358,108.685,29.806,71.822,0.314,4.771,9.116,149.028,18.582,142.241,232.535,10.28,94.061,NA,NA,33.304,NA,86.366,8.531,49.701,251.729,258.696,113.994,31.733,80.925,50.786,59.642,8.482,101.272,173.932,99.601,71.598,60.327,99.253,271.112,55.204,59.444,84.529,73.875,96.299
"1861-02",73.793,20.592,217.304,132,24.673,113.595,33.748,16.673,37.647,61.478,NA,84.574,21.358,95.257,39.715,116.794,74.621,103.697,27.797,50.813,1.163,5.001,5.342,74.445,33.644,147.145,240.619,7.532,70.766,NA,NA,30.818,NA,85.488,1.852,6.611,195.499,308.234,90.834,63.31,63.349,65.753,67.544,6.089,115.459,155.558,84.011,93.229,51.613,83.883,196.805,98.87,14.8,13.386,86.827,94.044
"1861-03",73.076,21.888,59.418,125.695,24.39,120.846,9.057,10.761,22.982,51.005,NA,86.204,24.642,91.141,25.216,143.746,51.068,66.006,20.458,33.861,19.3,2.419,9.631,63.73,51.363,122.491,70.195,9.543,83.325,NA,NA,18.291,NA,84.252,3.538,5.091,211.481,301.426,111.326,40.88,60.741,75.383,85.169,10.098,123.504,164.927,75.57,104.283,63.238,86.443,108.291,112.739,7.28,12.777,87.203,93.326
"1861-04",47.595,19.722,68.878,125.558,20.659,43.439,10.535,29.449,21.689,51.65,NA,93.515,37.774,87.344,18.715,171.4,51.07,51.041,9.158,19.027,58.307,6.388,48.54,191.836,41.169,95.871,107.419,18.8,58.753,NA,NA,7.915,NA,77.097,7.499,12.511,170.197,211.999,43.988,50.191,92.036,89.967,79.434,12.408,109.778,165.772,74.145,84.348,139.427,72.914,149.579,92.764,27.63,23.37,100.22,94.178
"1861-05",34.003,21.269,39.525,98.164,15.944,49.347,5.099,82.526,24.599,68.624,NA,104.249,48.795,50.859,16.731,332.322,37.582,88.361,1.383,20.629,142.091,1.992,70.6,328.996,23.333,70.175,56.862,18.208,56.79,NA,NA,2.556,NA,104.627,2.588,60.46,191.074,99.378,100.152,57.647,114.774,75.074,72.228,8.653,116.208,120.325,93.885,76.789,200.613,78.508,235.984,79.148,28.973,95.47,95.285,96.363
"1861-06",42.922,43.852,64.63,151.958,21.255,27.103,24.827,258.201,77.377,108.277,NA,89.412,66.52,70.861,101.53,316.626,41.764,25.98,5.231,6.507,228.662,1.468,12.884,85.06,169.143,116.599,22.827,26.744,58.466,NA,NA,4.766,NA,185.066,0.115,60.029,232.026,20.058,36.263,131.436,122.69,66.292,63.198,13.176,102.177,116.585,146.006,66.804,245.834,71.856,119.051,49.171,45.399,115.981,92.273,98.266
"1861-07",42.318,50.63,24.932,147.319,24.073,20.512,29.243,168.017,50.369,105.869,NA,75.006,40.125,51.54,180.03,43.063,51.555,22.053,14.129,3.262,371.834,1.458,14.585,79.703,38.664,66.774,5.902,35.533,70.923,NA,NA,4.221,NA,136.163,0.081,228.35,224.659,10.41,68.453,90.021,110.909,71.534,66.987,25.273,100.478,122.675,156.613,69.516,139.581,62.524,125.069,45.599,141.475,270.652,82.492,94.515
"1861-08",61.597,53.929,34.842,137.961,61.035,11.715,97.591,243.33,48.803,122.537,NA,53.614,44.053,74.858,168.285,9.778,38.406,54.629,7.301,11.188,284.289,1.848,11.682,49.59,61.615,56.477,5.878,30.532,87.129,NA,NA,3.999,NA,240.1,0.039,158.501,171.237,5.628,37.619,89.28,104.869,62.828,66.308,19.842,96.466,92.99,175.857,73.193,75.309,94.28,174.472,39.208,64.402,217.07,82.082,95.11
"1861-09",67.45,47.555,84.877,130.404,45.435,47.522,56.56,233.722,90.121,132.383,NA,54.362,38.46,71.869,107.779,8.88,76.542,24.864,6.792,7.368,232.833,0.875,24.396,81.079,33.125,68.683,5.519,36.343,85.558,NA,NA,13.296,NA,174.423,0.253,119.186,216.14,8.473,18.025,56.995,67.873,65.778,56.991,22.747,82.28,100.52,175.016,70.866,61.688,97.3,159.344,28.857,37.445,187.011,80.559,92.054
"1861-10",80.275,41.422,100.101,131.727,37.214,109.809,106.377,186.039,132.569,130.364,NA,72.463,23.975,67.065,46.376,7.979,71.797,75.934,15.178,66.435,168.165,8.131,70.704,126.446,27.348,50.614,13.77,23.469,98.867,NA,NA,55.006,NA,91.769,5.055,90.605,173.774,3.749,20.193,30.081,90.316,54.843,57.532,20.875,84.089,98.404,165.698,58.531,68.13,128.181,264.832,29.584,64.568,212.478,76.903,95.215
"1861-11",92.267,46.862,61.995,106.061,32.944,165.169,32.752,121.359,77.515,129.945,NA,72.776,22.603,59.263,86.388,17.329,83.58,94.631,18.274,90.438,72.685,5.904,132.492,259.526,51.063,65.527,69.968,20.763,89.444,NA,NA,80.27,NA,106.864,2.007,101.826,174.12,14.342,14.194,40.916,42.725,42.399,49.72,17.899,84.191,131.663,138.755,73.616,78.285,101.684,299.295,26.871,107.565,175.606,74.168,93.809
"1861-12",68.702,19.667,234.728,139.227,38.857,114.241,93.598,52.559,75.505,107.394,NA,80.523,20.736,71.42,125.645,77.838,93.169,72.93,84.525,81.295,5.761,19.708,12.694,84.374,13.437,115.734,158.965,17.524,96.672,NA,NA,78.845,NA,138.192,8.278,69.931,237.132,38.963,23.247,38.966,92.858,41.306,44.952,20.815,85.478,147.626,123.159,63.17,96.63,107.351,270.639,70.674,93.479,188.791,69.407,97.354
"1862-01",75.42,23.177,169.044,166.917,28.315,81.883,55.995,31.47,58.036,77.516,NA,52.483,19.179,107.587,57.342,94.488,71.387,112.944,44.822,73.909,1.536,14.988,11.582,111.447,17.935,104.97,269.123,19.568,78.313,NA,NA,65.36,NA,70.392,14.338,28.205,294.191,330.741,52.115,41.379,90.845,40.661,53.391,14.491,103.026,172.8,97.525,63.145,47.876,103.081,160.249,70.719,6.7,74.806,70.922,93.259
"1862-02",64.326,21.333,46.702,150.817,28.092,111.518,26.331,18.679,45.647,69.031,NA,108.229,35.454,64.915,34.371,124.273,76.758,91.002,62.803,50.313,2.402,13.988,10.04,71.496,28.14,170.045,163.919,11.78,81.179,NA,NA,62.653,NA,101.705,5.786,3.15,222.441,282.373,94.512,23.296,45.308,73.697,49.628,11.149,132.05,159,81.315,76.514,34.841,105.149,160.437,100.793,5.303,4.433,80.926,94.573
"1862-03",56.371,36.395,55.521,100.437,18.054,83.488,18.881,19.252,36.879,63.332,NA,83.618,31.974,113.484,25.667,199.989,78.194,78.884,31.942,41.113,10.971,3.025,2.858,47.584,39.399,114.224,52.961,11.674,67.956,NA,NA,23.357,NA,78.199,0.158,10.991,173.421,254.068,143.535,32.775,80.955,80.566,71.714,7.314,111.293,157.854,74.127,85.435,53.167,79.476,118.814,137.819,2.301,40.857,84.617,89.746
"1862-04",53.521,30.531,76.573,74.718,25.121,48.967,15.328,24.562,35.198,67.446,NA,68.419,22.691,77.218,13.874,252.091,56.739,69.562,18.947,22.636,72.102,2.663,7.046,104.773,128.205,116.058,121.298,15.225,75.784,NA,NA,25.448,NA,98.152,0.773,7.821,215.513,299.942,94.489,74.101,88.689,87.857,70.922,12.564,105.901,174.937,65.349,110.432,116.74,67.702,115.888,118.333,6.572,13.573,97.714,95.127
"1862-05",35.144,23.644,29.266,116.851,20.165,26.897,10.618,48.405,41.25,60.761,NA,54.819,50.353,85.095,28.893,229.357,44.96,33.524,27.35,18.705,171.66,2.743,25.587,160.74,58.786,86.416,166.157,16.404,73.042,NA,NA,15.635,NA,119.112,0.648,31.219,214.391,148.095,93.498,66.94,90.33,82.229,72.922,13.088,116.583,141.159,76.844,92.061,213.31,69.402,193.594,77.546,19.205,103.826,93.375,97.23
"1862-06",27.848,35.936,19.869,135.538,18.877,7.218,35.552,223.868,26.014,97.085,NA,91.188,44.607,74.436,64.54,214.93,32.099,36.741,6.59,7.779,224.192,2.383,19.598,60.256,87.133,96.961,41.263,21.898,73.947,NA,NA,6.942,NA,191.059,0.237,111.094,251.39,22.645,49.493,110.981,112.48,63.451,61.322,15.519,104.828,137.154,130.005,85.389,240.754,64.512,102.827,57.472,35.948,203.924,85.944,97.131
"1862-07",60.718,50.304,109.619,127.637,28.828,11.757,95.103,242.719,39.254,128.733,NA,90.695,59.016,41.282,201.34,38.97,43.769,16.51,1.617,2.938,381.745,1.907,24.848,85.202,70.1,75.749,10.034,37.783,35.265,NA,NA,1.534,NA,141.868,0.03,198.413,253.748,31.305,49.67,80.793,101.538,69.199,55.633,21.937,89.852,126.584,163.139,71.767,155.576,66.396,144.946,38.893,112.619,209.26,85.271,94.704
"1862-08",58.885,50.413,49.78,141.427,41.592,15.873,41.367,173.934,42.415,121.822,NA,62.421,45.652,65.315,199.626,13.76,47.015,31.327,4.966,3.168,361.161,0.727,13.35,55.01,79.683,55.13,8.705,31.182,74.876,NA,NA,1.888,NA,169.496,0.017,144.416,216.964,9.185,41.053,63.623,78.343,64.912,56.474,28.5,98.575,124.829,188.06,70.478,94.216,83.292,131.738,35.106,41.213,219.249,81.493,96.882
"1862-09",55.474,66.212,155.083,213.764,43.162,22.942,104.925,250.829,70.242,130.406,NA,51.494,23.119,94.303,111.867,18.193,69.439,42.904,0.215,11.737,243.282,1.282,47.369,111.119,28.676,62.56,9.083,32.506,118.274,NA,NA,1.372,NA,183.62,0.209,70.456,146.187,5.17,14.078,76.074,71.823,61.315,61.402,26.933,77.117,111.696,189.215,64.95,67.77,99.403,146.98,29.649,23.964,109.515,78.874,93.633
"1862-10",77.1,42.261,228.331,127.52,41.618,71.013,157.85,164.894,70.037,156.196,NA,50.014,31.04,75.216,78.344,13.469,68.536,70.614,26.872,63.511,232.188,6.738,107.681,190.737,24.026,63.604,21.878,32.39,97.717,NA,NA,66.516,NA,147.513,7.652,106.189,146.425,4.94,24.046,36.864,64.9,60.201,57.726,27.403,70.623,114.139,150.784,64.98,88.061,106.297,272.087,33.342,158.773,157.339,81.094,92.575
"1862-11",66.836,46.26,136.385,119.117,47.898,93.281,70.219,72.289,90.563,126.647,NA,76.719,15.274,71.534,119.263,20.068,90.413,118.617,43.915,64.121,36.388,6.33,108.333,217.606,52.336,94.82,51.908,21.715,82.239,NA,NA,110.274,NA,150.44,4.833,124.063,188.281,20.438,35.414,39.767,69.378,47.916,38.286,16.801,73.86,134.293,144.428,62.969,117.294,103.38,289.096,31.03,188.18,190.463,76.954,96.1
"1862-12",57.747,24.648,167.628,139.926,30.263,103.674,69.679,41.933,64.352,111.615,NA,66.289,17.085,72.115,92.707,43.103,103.061,95.218,43.783,60.346,7.726,10.325,71.331,276.704,16.058,103.474,132.646,14.751,110.43,NA,NA,50.829,NA,133.065,16.52,33.983,232.925,113.534,31.642,40.678,115.853,39,44.644,11.898,80.809,172.22,112.234,69.117,96.572,99.709,294.214,50.595,63.083,68.653,70.26,95.356
"1863-01",87.605,28.307,159.989,140.023,30.705,122.831,51.16,27.536,50.384,78.028,NA,66.194,18.073,95.277,57.064,66.549,120.947,67.829,84.329,44.231,1.095,9.39,14.706,113.462,26.317,114.601,210.298,15.088,63.366,NA,NA,71.413,NA,91.624,8.403,13.863,251.091,309.622,66.745,22.371,69.73,54.945,48.649,13.689,110.144,188.457,93.204,67.082,52.215,92.675,273.993,83.347,57.516,25.056,78.199,96.593
"1863-02",90.006,26.884,120.041,125.266,28.042,23.681,78.098,26.009,44.689,55.385,NA,83.894,25.979,95.797,51.775,160.836,85.314,60.14,34.522,50.401,1.119,3.954,3.391,64.05,27.914,156.152,203.674,13.595,59.484,NA,NA,40.761,NA,91.397,0.757,15.478,219.747,355.352,226.318,37.292,108.83,73.283,57.309,14.55,130.5,153.321,82.546,69.694,59.336,91.388,196.913,94.191,3.151,10.07,82.384,95.937
"1863-03",77.267,25.139,101.153,163.45,18.228,115.307,21.751,12.271,38.241,112.239,NA,99.164,23.952,81.156,28.654,158.94,86.112,49.625,5.526,41.742,5.543,2.556,4.359,44.107,27.297,119.61,122.682,16.032,68.048,NA,NA,18.121,NA,76.463,0.632,16.088,188.115,295.376,63.09,21.96,74.553,81.607,63.505,16.025,139.288,169.74,72.177,75.979,55.494,98.274,106.23,121.503,8.795,12.859,91.745,93.054
"1863-04",48.042,30.917,39.119,119.265,13.307,114.809,14.79,14.802,40.228,74.458,NA,59.316,40.883,119.536,19.954,301.43,57.346,43.96,10.469,25.617,54.083,9.674,16.727,152.645,41.545,113.578,100.076,17.101,45.326,NA,NA,11.054,NA,119.702,2.834,1.852,172.743,214.025,52.793,70.101,109.574,88.803,78.725,14.391,111.867,176.731,59.221,87.463,107.806,80.031,154.213,109.768,1.06,2.792,89.897,94.966
"1863-05",54.114,26.985,59.46,80.185,15.333,35.079,12.743,37.664,37.697,78.427,NA,86.718,38.117,63.394,21.899,383.18,41.883,32.447,37.636,26.149,119.147,1.976,29.033,135.664,30.29,79.991,119.804,16.526,59.317,NA,NA,24.456,NA,122.605,0.216,51.882,262.531,78.063,45.73,65.915,73.452,78.02,65.281,11.141,110.446,185.732,56.196,76.894,215.853,56.848,147.543,84.315,7.475,124.66,95.492,94.951
"1863-06",55.307,35.277,81.771,139.238,29.568,17.88,29.767,186.799,79.122,91.534,NA,119.655,83.948,66.397,93.542,269.485,36.895,16.805,1.368,8.51,187.169,1.769,35.212,133.898,65.593,138.522,12.536,21.214,70.269,NA,NA,3.447,NA,189.366,0.198,85.614,245.667,22.296,60.124,106.023,127.199,68.455,61.677,9.515,104.955,137.598,106.047,82.045,226.235,71.846,107.452,65.504,42.194,108.57,82.572,96.189
"1863-07",64.646,46.299,94.565,194.278,13.442,11.858,61.599,221.175,83.316,110.799,NA,81.931,91.35,71.869,199.319,63.643,33.374,21.858,2.552,3.924,322,2.356,34.263,77.027,116.738,54.475,4.511,36.447,59.776,NA,NA,4.468,NA,113.355,0.13,222.432,210.775,8.183,23.98,106.324,125.99,64.65,49.469,26.846,95.706,154.736,127.83,81.478,125.339,58.709,176.412,40.385,179.226,268.618,85.176,97.324
"1863-08",52.194,53.134,84.28,119.92,38.48,9.513,54.07,181.868,35.521,128.354,NA,72.916,40.185,79.049,172.875,13.434,57.046,57.471,4.182,6.698,205.036,1.235,13.839,54.946,29.308,63.733,3.57,34.309,84.828,NA,NA,2.805,NA,200.402,0.023,204.874,178.947,4.903,31.866,75.318,79.723,63.633,61.247,29.258,89.2,140.717,191.005,77.85,56.839,77.832,106.191,34.16,77.822,247.201,80.643,94.646
"1863-09",68.356,53.069,172.028,120.516,56.772,31.551,97.486,166.627,65.412,125.23,NA,62.391,30.356,73.213,79.036,10.522,45.428,33.519,1.267,18.61,203.088,1.786,32.267,80.885,39.901,78.736,10.131,37.254,100.094,NA,NA,1.283,NA,243.445,0.337,90.806,145.261,6.237,16.956,67.626,68.605,66.53,54.269,21.804,85.983,142.108,191.726,65.276,47.809,85.016,146.642,29.257,19.608,136.372,80.199,95.576
"1863-10",52.323,54.192,47.439,140.599,47.444,91.951,75.206,207.046,104.382,148.841,NA,74.003,40.407,76.393,100.06,11.906,70.381,109.147,37.758,50.416,144.297,25.497,157.75,245.458,37.828,73.54,22.55,39.276,80.726,NA,NA,46.39,NA,143.66,22.851,101.355,108.516,7.322,10.24,41.854,61.79,65.495,54.764,18.007,80.718,123.119,160.042,62.327,79.135,120.762,232.04,29.419,99.615,165.28,80.09,92.473
"1863-11",51.522,38.94,173.723,145.033,40.656,166.143,69.453,104.909,56.714,130.573,NA,80.97,30.667,69.781,106.233,12.782,56.614,127.005,43.7,83.35,27.921,24.115,195.062,362.361,58.795,94.933,73.418,19.377,102.132,NA,NA,53.188,NA,88.187,26.48,69.598,138.356,14.5,18.088,32.309,49.003,46.362,44.168,17.859,83.677,149.876,131.754,67.724,90.471,118.941,204.94,35.514,99.281,223.304,71.205,91.02
"1863-12",62.607,35.546,123.601,131.604,23.939,133.873,91.593,43.438,44.601,99.722,NA,74.756,18.808,86.275,41.59,94.668,61.211,138.929,41.299,81.267,6.689,9.615,84.874,274.984,66.335,126.861,97.407,13.535,81.665,NA,NA,28.493,NA,136.827,11.461,77.747,185.357,169.955,20.225,20.563,61.416,45.217,43.516,7.07,81.944,166.676,117.632,63.478,78.203,101.342,171.233,63.633,104.332,124.7,68.526,92.175
"1864-01",66.971,24.986,124.194,150.727,24.056,169.327,31.863,27.327,70.662,69.722,NA,85.053,16.111,60.452,62.373,141.657,60.159,89.392,67.309,52.173,3.613,16.373,44.289,207.089,22.555,120.052,196.179,11.956,76.446,NA,NA,83.138,NA,108.194,10.6,7.57,195.41,280.624,60.129,31.669,59.818,60.031,50.009,12.073,105.98,195.505,99.695,64.267,76.422,104.159,224.46,97.457,31.959,22.809,76.616,96.674
"1864-02",95.683,22.453,170.644,126.833,19.265,14.52,25.446,16.491,44.665,56.696,NA,88.525,27.887,81.018,32.949,140.572,78.11,27.615,132.825,38.009,1.002,1.803,4.688,52.117,29.65,115.315,229.557,9.343,73.424,NA,NA,61.124,NA,127.002,1.018,2.063,198.947,320.992,38.648,47.725,54.167,67.626,60.668,10.467,109.926,195.123,78.178,85.743,48.828,79.499,219.589,150.382,5.619,4.777,79.047,95.423
"1864-03",70.905,17.032,96.8,135.905,19.86,79.176,20.859,17.5,40.969,61.081,NA,70.437,25.75,102.168,28.4,129.885,86.036,65.784,33.689,46.079,11.703,5.284,12.056,43.264,34.294,95.593,129.044,19.997,68.593,NA,NA,41.546,NA,86.729,0.316,5.495,182.51,236.431,80.35,38.628,97.991,90.369,63.231,23.901,111.381,190.945,66.711,111.429,50.709,78.331,138.113,128.413,9.09,7.29,90.473,92.89
"1864-04",38.79,21.995,36.463,118.229,14.885,85.447,8.924,14.665,19.312,40.627,NA,104.341,28.885,69.036,20.119,260.409,48.335,103.379,13.535,27.678,71.356,4.406,1.79,157.64,20.618,67.646,162.458,11.072,76.571,NA,NA,22.02,NA,103.36,0.307,11.725,154.545,242.323,71.037,41.39,113.326,82.729,73.072,9.945,118.459,168.15,62.738,102.086,146.79,76.5,109.758,115.213,8.627,42.893,98.597,94.442
"1864-05",44.907,29.982,12.813,108.083,14.772,48.762,8.42,42.49,14.826,41.18,NA,96.896,33.919,92.43,18.867,223.372,42.095,62.068,3.333,19.708,132.136,3.101,21.452,109.391,93.236,105.324,77.484,15.26,53.374,NA,NA,12.517,NA,140.139,0.15,24.68,221.518,82.044,50.496,81.85,86.554,87.815,67.029,9.465,110.05,158.723,84.816,101.75,193.948,62.048,161.516,95.524,8.619,59.915,99.458,99.002
"1864-06",53.769,51.64,40.184,120.375,21.488,14.829,57.916,238.391,33.019,77.319,NA,81.833,69.474,73.118,70.459,256.518,30.439,51.47,5.047,10.803,239.986,2.777,15.962,129.248,84.442,86.632,37.525,30.239,37.054,NA,NA,7.399,NA,206.249,0.255,132.913,237.066,34.174,82.779,108.116,122.261,73.69,69.256,18.449,100.225,120.951,121.919,79.994,227.228,63.881,161.482,56.71,114.005,161.862,94.178,96.981
"1864-07",78.81,48.313,55.037,117.914,29.464,28.568,53.993,192.422,38.354,115.113,NA,97.84,53.675,63.613,193.926,69.097,43.036,18.785,3.519,7.172,345.889,1.954,16.697,48.232,68.689,54.508,8.381,40.396,77.217,NA,NA,4.386,NA,162.343,0.009,222.381,252.843,23.565,48.302,97.386,116.143,73.154,48.178,30.434,96.653,125.517,158.231,73.991,132.168,58.056,118.585,47.588,114.725,255.232,83.242,94.77
"1864-08",50.597,54.917,52.484,133.544,47.452,13.305,53.613,157.32,36.052,116.403,NA,85.781,54.967,66.928,188.893,15.107,56.877,57.202,0.694,7.037,300.666,1.844,12.065,45.429,53.705,51.931,6.608,41.237,82.674,NA,NA,3.037,NA,203.293,0.166,148.351,198.554,9.779,38.183,98.05,96.336,66.25,52.953,34.862,84.206,104.169,173.67,70.401,75.995,87.343,127.14,39.453,52.645,171.701,85.266,94.619
"1864-09",79.149,54.293,219.063,144.765,53.725,55.039,125.236,201.424,72.081,113.008,NA,81.706,33.875,65.92,140.333,11.776,58.034,46.956,0.396,22.684,231.407,1.126,36.336,70.211,48.171,70.37,12.135,42.642,92.785,NA,NA,2.514,NA,168.643,0.188,89.864,197.393,8.265,34.375,42.933,84.038,63.569,53.163,35.72,86.046,90.117,196.465,62.099,75.172,111.394,187.584,27.228,33.396,127.946,82.983,96.56
"1864-10",63.084,31.457,106.054,157.126,49.693,91.27,166.831,207.896,101.34,124.127,NA,36.262,18.018,67.126,118.866,20.755,67.6,61.778,26.776,51.924,152.063,4.328,25.559,102.402,14.03,46.67,18.112,28.593,82.673,NA,NA,40.273,NA,112.951,2.405,95.234,174.368,8.928,20.471,25.483,66.611,58.605,67.294,20.451,78.499,90.423,168.791,60.763,87.443,114.249,269.348,32.84,60.449,200.417,81.296,90.042
"1864-11",62.229,32.493,131.822,120.96,40.2,186.026,48.883,77.052,54.969,113.029,NA,70.684,18.928,66.641,146.18,20.036,92.147,170.53,41.601,80.235,28.993,5.779,70.375,181.513,64.153,107.668,81.282,21.537,107.679,NA,NA,46.472,NA,146.917,5.35,103.079,237.557,14.189,7.95,36.028,64.589,49.86,39.285,14.747,79.817,103.133,129.422,73.245,112.611,102.479,316.63,38.097,75.971,212.838,78.603,93.945
"1864-12",81.098,29.301,143.931,172.466,28.154,152.191,44.557,37.931,60.675,104.403,NA,81.298,20.629,115.048,69.145,65.399,77.545,97.295,79.543,66.75,5.064,16.851,24.069,114.279,32.381,101.015,105.144,17.959,109.605,NA,NA,63.214,NA,122.63,4.453,78.162,315.568,188.867,55.02,30.137,88.921,42.84,38.305,12.67,85.267,142.996,113.617,67.807,94.076,100.356,194.852,49.833,54.72,198.363,70.487,95.615
"1865-01",80.644,26.783,174.087,177.385,20.848,109.883,42.102,20.351,55.57,70.747,NA,83.373,23.935,73.78,72.164,77.759,74.393,92.582,63.8,63.921,3.845,11.281,20.671,120.859,51.902,146.296,189.036,11.517,87.429,NA,NA,50.947,NA,124.498,6.449,5.601,250.735,337.753,185.868,27.082,85.238,52.329,46.742,11.746,110.692,156.971,95.527,69.834,77.223,95.266,229.862,72.014,11.804,20.619,73.648,95.275
"1865-02",75.89,28.759,130.962,146.295,22.941,126.189,35.48,17.139,50.954,126.497,NA,76.458,28.554,87.415,42.603,138.675,63.126,59.637,57.39,71.995,2.56,6.176,6.319,14.068,22.778,136.319,183.516,19.916,74.078,NA,NA,46.332,NA,107.194,2.443,2.886,214.88,357.335,55.931,31.831,68.551,74.74,62.014,18.427,126.795,149.185,77.222,75.417,50.949,103.155,139.151,175.37,6.541,5.888,81.734,96.838
"1865-03",47.369,20.185,172.148,138.21,28.653,114.197,38.664,17.689,50.162,122.639,NA,70.85,34.48,130.084,30.635,165.928,52.374,73.76,19.07,36.985,6.085,2.138,2.107,23.73,24.343,124.444,101.539,14.366,80.249,NA,NA,10.664,NA,98.594,0.071,3.463,197.869,317.451,100.447,24.555,51.066,78.62,84.203,10.171,118.963,158.605,71.526,93.521,37.288,94.826,115.26,132.149,2.7,23.867,82.5,94.086
"1865-04",47.474,29.836,63.482,74.726,19.345,42.369,12.739,14.409,33.521,93.399,NA,66.451,30.867,89.136,28.404,313.994,47.414,47.187,1.617,20.429,45.062,3.56,2.953,52.907,53.14,104.996,120.224,14.064,68.935,NA,NA,5.421,NA,93.75,0.944,6.634,227.981,294.738,51.323,46.822,70.666,85.58,73.592,6.95,113.035,165.565,64.847,101.259,121.062,61.926,95.24,105.46,2.54,35.247,94.972,93.175
"1865-05",37.083,34.441,56.086,71.946,26.496,28.59,6.745,48.521,16.96,74.736,NA,80.222,47.605,78.442,22.558,344.804,37.27,34.392,19.704,11.426,176.94,1.858,18.133,102.078,80.686,71.225,115.418,16.555,56.903,NA,NA,11.796,NA,127.465,0.683,32.377,255.356,218.022,72.601,55.634,105.486,82.114,64.835,12.134,110.51,138.419,89.041,78.38,229.919,59.761,57.429,83.116,41.321,42.173,92.777,96.156
"1865-06",34.75,29.129,95.083,106.054,17.074,25.127,22.487,181.885,41.923,97.14,NA,91.387,56.278,78.073,102.014,306.583,47.901,42.052,2.346,7.734,232.957,3.518,9.735,43.199,137.483,92.548,22.733,28.661,85.8,NA,NA,2.71,NA,132.334,0.328,92.775,243.958,18.567,29.317,121.644,95.868,70.102,42.021,20.808,108.141,140.878,120.17,89.107,237.735,64.118,135.34,75.046,48.125,173.982,93.645,99.453
"1865-07",38.974,41.723,22.342,142.37,27.814,18.057,34.751,205.463,39.905,129.34,NA,92.098,66.262,55.763,251.514,57.549,48.232,17.666,4.029,2.992,356.045,2.153,10.011,40.689,86.259,71.075,6.278,30.617,76.541,NA,NA,7.166,NA,163.444,0.047,149.817,244.506,14.503,43.282,110.042,93.831,66.597,55.817,32.102,92.268,132.233,156.276,64.954,144.617,81.555,163.371,52.252,57.644,233.773,87.544,97.933
"1865-08",74.395,57.028,50.762,182.322,45.493,18.201,64.259,212.651,46.106,110.268,NA,68.897,31.185,87.904,196.925,15.389,62.755,28.644,1.214,8.257,256.05,0.858,9.098,36.398,74.031,43.742,6.302,38.815,71.791,NA,NA,9.46,NA,175.243,0.035,148.421,207.017,8.713,13.68,109.117,93.411,60.196,61.363,29.638,79.003,160.129,174.67,77.265,74.341,80.218,127.598,35.512,35.083,191.881,86.105,96.316
"1865-09",69.735,57.331,139.702,139.623,41.921,28.93,127.798,222.278,66.963,124.801,NA,64.946,39.648,122.755,129.092,12.752,36.838,41.426,7.955,24.956,237.924,1.565,27.521,78.752,42.743,54.063,10.5,34.063,86.393,NA,NA,7.035,NA,140.597,0.22,77.549,187.851,4.686,13.712,69.751,85.024,69.666,53.412,23.128,78.109,108.337,196.526,65.157,61.188,100.681,175.909,27.32,38.482,143.18,80.83,95.403
"1865-10",70.109,62.784,59.593,114.589,29.201,85.713,93.446,267.615,108.909,161.937,NA,58.119,27.867,96.184,67.053,17.051,48.604,132.222,18.27,64.592,132.397,14.167,54.206,151.374,15.478,46.468,26.441,23.45,92.644,NA,NA,27.805,NA,71.271,11.689,111.643,172.332,6.376,27.411,45.134,83.267,49.684,61.136,20.858,71.961,118.862,152.758,68.799,73.578,129.889,264.137,25.506,59.107,239.804,73.096,90.614
"1865-11",85.206,35.571,168.033,106.762,30.129,140.938,51.126,76.489,85.231,144.68,NA,73.545,17.816,84.15,104.13,16.465,63.961,58.028,67.265,91.051,53.94,11.68,45.491,127.025,31.639,87.519,87.62,20.796,130.517,NA,NA,52.192,NA,102.861,6.48,103.343,192.429,62.204,20.858,33.889,80.868,43.235,45.595,21.094,83.881,152.305,126.101,57.034,104.522,93.513,275.227,39.317,109.626,215.345,75.853,94.724
"1865-12",62.995,22.352,95.947,140.01,32.162,133.457,55.493,43.782,72.821,109.266,NA,77.281,18.239,57.431,62.583,66,68.637,146.539,38.041,62.259,7.143,6.484,24.951,212.447,24.001,118.854,110.592,22.524,100.65,NA,NA,84.495,NA,134.757,6.404,39.382,200.34,165.084,25.517,28.801,68.557,36.636,38.139,18.49,95.201,209.469,106.271,57.219,77.008,92.03,267.893,41.204,39.253,211.597,70.452,94.9
"1866-01",84.093,22.84,216.293,162.948,18.173,145.354,71.211,33.563,43.748,73.979,NA,83.053,21.551,95.321,32.931,78.304,64.01,56.265,43.821,61.026,2.506,7.718,13.447,91.423,12.307,120.579,196.292,17.602,49.968,NA,NA,51.074,NA,109.047,6.461,16.938,205.194,169.901,83.724,36.329,77.182,49.972,39.57,13.546,108.442,191.98,92.209,67.451,65.253,97.06,239.832,90.861,28.148,27.43,70.217,92.812
"1866-02",74.173,20,163.506,131.454,33.169,111.535,35.569,18.721,39.716,102.416,NA,111.109,32.186,82.339,29.161,87.422,68.34,78.464,54.484,48.301,1.57,4.322,7.79,56.456,20.021,136.059,200.232,11.397,64.704,NA,NA,47.827,NA,108.87,1.968,16.391,244.297,237.537,55.806,40.274,73.181,65.216,54.479,7.856,116.637,172.811,76.168,85.637,52.494,88.542,229.448,109.528,26.311,49.948,80.518,95.876
"1866-03",72.161,27.364,108.259,117.568,17.775,72.165,25.795,11.578,37.774,142.66,NA,92.688,24.188,93.806,21.715,150.173,65.536,47.246,66.645,18.49,4.037,0.963,2.329,43.341,30.338,67.996,134.605,12.064,49.97,NA,NA,44.004,NA,108.786,0.095,4.883,240.11,383.289,113.224,47.68,94.662,85.002,60.575,11.395,121.132,177.467,56.86,84.001,42.813,81.401,144.773,134.092,3.322,6.719,92.026,94.208
"1866-04",49.014,26.191,129.08,146.582,16.917,58.71,30.855,19.639,31.906,48.161,NA,122.156,30.94,61.441,27.195,269.125,41.446,44.87,17.067,24.367,69.753,6.395,19.808,90.885,36.767,135.12,156.346,17.03,65.617,NA,NA,11.956,NA,78.296,4.007,14.256,206.971,209.861,74.875,60.379,105.463,83.904,74.016,7.472,117.439,176.703,65.492,86.294,160.018,63.318,88.072,86.266,13.879,30.654,96.952,92.365
"1866-05",46.374,33.99,18.586,83.523,11.194,24.098,4.792,53.051,34.622,63.956,NA,109.384,68.333,63.411,34.815,295.927,32.243,52.243,0.661,8.495,135.044,1.524,4.72,123.601,49.703,96.982,143.848,18.814,69.375,NA,NA,6.461,NA,128.485,0.459,22.193,220.439,71.34,44.865,82.407,91.141,88.201,53.192,17.027,117.389,151.989,73.54,83.242,216.874,49.962,130.096,79.447,12.293,102.197,91.609,93.782
"1866-06",42.867,37.683,10.536,78.918,20.085,36.392,17.046,179.135,19.88,81.299,NA,131.168,53.684,80.055,125.848,253.101,51.953,14.214,2.764,9.781,302.388,2.148,45.109,102.525,160.457,104.139,48.786,25.136,65.595,NA,NA,4.093,NA,155.377,0.119,42.82,228.171,25.755,57.62,103.983,102.168,79.015,34.249,20.398,108.468,139.398,115.489,77.048,207.853,63.189,172.242,70.411,51.729,90.225,90.453,98.109
"1866-07",61.106,42.305,43.931,115.563,26.208,20.262,76.142,212.389,50.77,109.434,NA,70.29,65.737,70.699,190.804,52.537,44.064,13.875,0.692,3.543,357.583,0.881,11.236,76.565,77.896,98.565,9.471,35.106,81.7,NA,NA,7.007,NA,169.34,0.037,180.133,186.236,6.747,34.288,142.215,129.684,78.03,50.508,32.435,92.004,140.562,166.762,74.665,125.516,77.779,137.051,52.814,58.714,260.998,84.429,98.869
"1866-08",49.652,64.104,95.697,120.051,35.812,28.051,122.529,254.461,75.087,131.14,NA,76.459,27.479,65.026,141.763,11.803,63.008,44.395,1.444,9.679,274.366,1.891,19.144,71.19,37.81,48.951,6.177,33.583,89.643,NA,NA,1.374,NA,139.865,0.46,131.664,185.465,6.701,25.539,94.364,82.925,71.769,60.978,17.401,84.078,138.068,182.168,70.277,63.613,94.113,143.461,35.54,53.284,152.204,87.792,94.767
"1866-09",67.903,59.613,82.443,165.708,29.092,10.933,92.9,180.259,102.586,110.258,NA,79.219,21.451,60.103,62.462,7.844,64.645,63.33,26.032,14.936,210.814,1.282,34.104,60.128,49.996,81.562,9.28,35.916,70.734,NA,NA,15.405,NA,232.108,0.333,79.197,164.583,3.27,21.286,68.372,92.718,60.916,55.049,19.457,77.188,146.198,187.087,73.913,58.834,104.804,129.506,34.667,18.725,101.611,80.165,95.656
"1866-10",73.517,45.862,75.01,165.318,35.449,126.501,86.776,220.533,133.113,142.926,NA,71.392,21.924,52.61,110.417,9.488,85.19,47.917,26.17,64.114,187.626,3.703,144.564,239.573,32.954,38.032,21.622,30.716,87.733,NA,NA,29.694,NA,115.118,2.576,101.715,111.544,5.619,30.434,29.544,75.296,55.301,49.788,25.651,76.682,127.895,153.632,66.061,66.735,114.393,239.656,39.959,140.918,140.246,77.583,91.826
"1866-11",44.546,47.745,294.817,185.907,26.826,83.068,117.851,84.94,50.201,110.109,NA,76.513,27.085,76.031,70.897,14.505,62.732,176.032,44.34,60.867,47.554,12.805,198.019,306.855,33.265,86.052,88.533,27.729,87.372,NA,NA,72.617,NA,125.277,20.865,56.564,154.415,16.577,13.33,53.058,73.102,47.718,48.445,17.422,75.158,156.42,138.347,64.682,90.617,108.667,252.069,41.876,181.204,99.11,76.426,92.875
"1866-12",83.773,31.049,361.484,145.043,36.137,127.795,94.651,41.275,67.737,86.219,NA,78.918,19.866,66.686,135.114,30.286,66.178,75.2,74.539,43.118,3.454,27.95,152.135,377.086,11.965,107.752,160.712,13.502,83.055,NA,NA,76.772,NA,139.932,10.494,3.806,210.158,165.45,68.456,37.194,46.252,45.794,42.522,11.883,87.019,202.6,105.848,58.492,76.556,102.541,203.164,59.939,50.04,22.627,73.506,95.187
"1867-01",86.685,27.897,162.954,168.54,24.282,71.496,93.274,24.334,36.907,77.897,NA,81.468,16.414,90.589,52.791,63.972,72.224,69.334,46.006,66.871,1.215,14.551,31.16,198.564,25.293,125.624,211.227,19.284,76.352,NA,NA,50.123,NA,114.742,3.99,9.482,198.192,271.046,135.102,34.407,83.828,55.56,56.031,18.421,107.895,221.627,90.025,72.408,60.525,97.919,259.761,75.578,22.469,21.516,73.617,96.158
"1867-02",79.015,23.087,159.199,177.434,22.124,169.439,61.368,16.67,45.7,44.96,NA,93.962,18.286,83.272,25.452,90.719,53.715,53.642,29.132,84.023,2.247,3.095,5.775,93.482,50.37,130.94,183.664,11.704,54.842,NA,NA,51.723,NA,86.54,2.19,3.284,210.21,294.482,29.127,21.202,45.564,67.905,65.419,12.566,124.042,210.162,74.191,79.85,41.455,98.329,193.842,97.737,5.116,4.278,83.98,95.612
"1867-03",74.855,20.682,196.642,109.346,26.322,88.397,32.04,9.824,19.155,94.224,NA,87.877,20.424,111.055,27.834,157.385,60.923,55.805,24.316,38.436,11.445,3.554,4.195,52.676,34.991,117.618,120.652,11.332,65.982,NA,NA,21.864,NA,116.376,0.121,1.875,193.798,355.795,77.186,44.17,60.241,95.862,55.544,11.246,125.437,180.814,65.951,81.871,63.847,70.649,147.185,123.473,2.284,3.549,93.258,94.788
"1867-04",51.866,30.559,40.488,99.382,21.873,43.106,13.531,13.053,15.512,41.463,NA,68.27,21.316,82.536,24.083,325.354,53.263,44.614,8.143,27.14,84.353,1.911,3.262,109.271,17.207,80.407,191.828,5.937,61.482,NA,NA,29.601,NA,92.985,0.158,13.405,203.521,304.38,125.882,28.995,96.943,93.121,66.187,6.462,110.444,195.999,58.135,90.886,157.39,67.373,97.177,85.399,12.884,57.922,90.205,92.527
"1867-05",46.184,26.215,22.285,92.109,13.494,14.363,4.95,38.366,23.109,42.767,NA,101.387,50.459,64.439,27.424,285.879,32.723,55.244,18.684,19.403,168.916,3.311,4.414,252.444,46.747,84.771,174.986,17.855,87.638,NA,NA,28.553,NA,143.65,0.757,11.004,193.48,103.122,54.858,74.749,107.179,77.198,59.663,7.273,112.467,141.422,76.438,84.391,211.798,71.04,131.135,78.788,7.341,69.478,90.396,94.112
"1867-06",47.804,43.67,43.02,131.969,23.145,11.535,18.929,202.058,37.912,70.917,NA,75.322,52.225,76.946,90.269,180.438,45.758,19.429,3.885,6.643,183.051,2.014,21.27,205.678,50.375,101.356,66.996,17.626,73.872,NA,NA,18.778,NA,175.722,0.194,90.808,232.969,14.147,39.582,96.903,134.51,71.998,63.716,11.675,108.623,128.786,132.359,70.584,216.514,67.106,201.416,51.535,86.483,117.483,90.161,98.828
"1867-07",48.719,43.192,54.514,166.645,31.812,11.035,51.622,197.831,35.51,119.216,NA,110.182,60.453,70.6,175.403,42.18,39.485,42.021,0.349,6.729,380.331,2.055,14.545,45.909,62.997,67.214,13.937,36.568,58.761,NA,NA,2.018,NA,182.171,0.059,178.573,233.547,9.053,51.463,105.862,105.617,74.363,59.256,25.42,102.389,107.38,169.488,73.266,146.231,71.179,101.734,46.527,82.465,208.339,84.548,96.24
"1867-08",73.481,51.619,98.658,137.205,47.692,13.36,77.094,173.398,62.779,95.133,NA,84.194,33.336,77.476,128.237,13.245,46.546,19.202,46.064,5.047,396.999,2.995,19.468,47.101,106.318,81.703,15.729,38.749,76.089,NA,NA,17.781,NA,146.186,0.246,161.89,223.536,10.75,9.361,104.766,79.408,67.878,45.981,38.309,84.54,131.922,173.521,67.426,86.091,71.245,118.473,33.597,76.066,210.621,87.817,96.84
"1867-09",46.012,49.149,99.709,107.851,38.099,6.061,111.906,230.472,89.234,133.667,NA,69.703,26.971,53.441,150.858,10.917,65.615,99.664,11.877,20.355,242.386,1.089,29.672,63.843,72.618,53.235,12.697,34.108,73.45,NA,NA,3.164,NA,259.032,0.301,109.086,177.047,4.984,35.303,77.962,72.332,69.593,60.148,26.098,86.552,101.521,176.685,65.985,82.714,87.316,115.143,31.36,45.712,202.558,83.247,91.968
"1867-10",78.956,45.137,95.511,177.014,47.314,56.285,95.352,178.321,104.942,141.942,NA,48.206,25.808,66.93,123.951,7.507,78.879,69.107,3.425,50.411,163.121,2.405,46.195,157.291,40.437,79.306,22.817,30.019,110.706,NA,NA,8.996,NA,118.141,0.566,93.542,158.431,5.129,19.158,42.12,87.061,45.873,60.428,24.491,75.719,119.232,171.446,66.557,92.457,104.49,276.547,31.133,117.898,123.515,74.024,94.446
"1867-11",53.522,44.318,155.488,114.109,48.808,124.32,80.288,86.621,68.175,118.533,NA,84.023,32.392,78.763,123.829,23.079,67.833,150.945,32.349,50.678,23.147,14.561,86.273,151.852,25.136,59.643,95.877,16.892,84.317,NA,NA,48.647,NA,125.022,14.934,126.69,182.562,17.909,19.446,34.692,83.205,51.451,48.224,12.099,81.851,131.015,145.379,63.334,86.168,102.33,255.361,39.753,125.675,269.228,70.262,92.436
"1867-12",84.397,26.238,186.861,129.683,38.709,122.87,147.812,66.497,74.609,78.645,NA,72.14,20.636,82.558,136.217,73.883,70.702,43.674,46.717,74.664,10.876,28.393,42.16,172.989,12.615,100.38,121.856,20.136,107.728,NA,NA,87.243,NA,130.409,20.828,16.205,200.663,100.711,13.617,39.4,81.734,45.22,39.533,21.198,86.774,143.544,121.664,66.83,89.165,102.591,314.31,66.204,43.979,40.892,69.032,95.272
"1868-01",85.544,25.858,125.287,131.968,33.555,201.465,59.242,48.674,56.36,89.855,NA,89.88,21.587,74.856,50.976,111.48,86.462,69.759,64.518,60.311,0.831,8.119,13.552,148.87,21.137,148.737,236.832,12.274,66.44,NA,NA,58.536,NA,114.396,4.346,3.87,236.164,291.57,32.11,29.928,59.497,52.739,58.034,7.345,99.658,158.02,106.079,69.498,72.587,88.916,274.095,88.668,15.453,4.288,75.129,95.747
"1868-02",58.558,22.941,124.201,169.686,23.424,112.135,29.577,17.915,35.71,87.028,NA,87.562,23.902,102.674,47.705,184.181,73.401,80.23,44.867,60.481,2.681,18.019,5.196,75.167,31.177,121.976,138.402,16.076,66.257,NA,NA,51.629,NA,113.782,1.165,5.771,249.26,348.613,135.102,41.522,51.88,71.653,56.994,13.411,114.49,157.827,85.728,92.802,44.849,91.776,193.271,93.998,14.087,6.463,82.724,93.836
"1868-03",59.201,23.13,91.604,143.548,22.743,109.652,12.976,13.133,29.681,88.719,NA,80.802,15.701,98.123,25.477,247.385,66.834,48.204,23.795,21.462,6.54,1.783,2.212,65.809,51,102.781,178.316,12.41,46.901,NA,NA,24.568,NA,89.58,0.102,8.247,202.205,287.382,117.639,86.599,86.235,86.137,71.575,13.018,118.729,155.833,67.315,96.364,40.305,80.09,144.33,137.773,2.486,54.018,98.006,95.587
"1868-04",62.932,26.288,10.934,91.063,26.175,76.439,4.085,21.237,34.412,59.044,NA,79.272,44.027,97.056,23.039,331.865,46.824,37.442,60.511,26.606,51.615,3.048,1.382,132.041,48.478,98.353,114.011,19.151,62.165,NA,NA,45.174,NA,97.843,0.052,13.524,215.415,260.446,87.269,57.391,91.339,89.413,71.802,17.349,115.948,152.994,68.4,100.377,120.776,64.496,98.87,116.707,7.186,58.06,96.938,95.863
"1868-05",49.032,28.75,38.065,73.193,17.544,19.057,4.668,38.256,19.427,50.257,NA,118.599,45.345,74.5,26.334,322.923,31.6,42.109,16.466,19.177,183.45,5.194,11.298,205.609,31.738,70.115,128.757,14.136,72.676,NA,NA,9.641,NA,130.881,0.109,30.637,230.832,149.538,55.464,110.544,94.959,78.147,53.761,15.435,113.718,137.738,81.5,87.233,232.436,62.269,90.43,67.018,7.241,117.242,95.468,95.431
"1868-06",49.535,37.238,56.77,131.183,22.087,4.125,50.953,238.404,70.188,76.841,NA,91.598,45.188,68.974,77.249,221.346,48.687,9.073,6.034,3.801,201.648,1.411,20.258,87.357,69.712,81.667,32.196,26.552,64.082,NA,NA,4.142,NA,213.001,0.062,77.649,253.852,91.228,50.953,94.712,122.826,71.235,65.432,23.484,101.675,105.709,138.69,80.507,246.504,63.459,101.982,62.564,43.803,157.624,90.875,97.851
"1868-07",45.076,41.501,191.007,142.722,34.391,8.235,137.469,239.332,31.198,110.982,NA,92.38,70.216,51.217,175.704,77.201,70.742,22.444,3.061,1.954,307.83,1.273,35.907,69.98,76.402,71.818,6.698,21.573,66.936,NA,NA,1.936,NA,119.048,0.025,211.315,242.967,15.438,36.19,78.238,88.58,64.472,56.74,21.53,98.007,102.404,167.444,76.023,192.416,64.215,114.735,42.533,104.558,201.232,91.026,96.698
"1868-08",59.234,55.218,98.322,123.738,46.413,15.44,107.417,176.679,41.034,125.592,NA,79.707,39.467,64.412,158.546,12.038,58.734,14.04,3.456,2.591,314.407,2.081,21.712,71.444,52.258,63.922,4.893,38.21,89.137,NA,NA,3.836,NA,207.756,0.065,159.203,217.554,13.793,26.467,81.695,90.597,69.735,45.471,35.24,89.774,126.498,169.761,69.861,83.335,79.308,121.641,36.167,86.653,200.888,85.12,93.694
"1868-09",69.876,51.376,86.283,145.042,38.725,18.436,100.623,196.166,91.646,134.321,NA,52.642,21.375,72.046,91.001,11.581,66.145,60.658,6.651,26.108,240.366,1.366,20.879,46.542,51.125,44.842,7.179,28.723,86.71,NA,NA,14.01,NA,148.546,0.245,141.659,157.168,4.995,17.695,60.043,104.659,65.559,58.799,25.189,83.564,99.325,184.439,62.498,63.22,103.612,166.444,27.785,72.46,206.478,85.811,93.275
"1868-10",79.536,50.41,42.129,115.974,28.779,71.473,80.785,174.639,117.717,122.116,NA,58.783,23.471,82.131,69.166,8.331,75.97,57.338,9.473,61.265,160.508,8.798,63.197,117.523,31.729,74.925,14.44,28.563,82.712,NA,NA,25.476,NA,102.238,1.481,123.847,199.606,8.043,22.747,52.635,104.326,55.472,52.014,21.208,73.485,119.827,148.12,63.471,66.139,118.273,251.245,32.813,64.909,231.089,79.485,92.652
"1868-11",84.964,27.406,190.6,178.868,29.041,177.481,53.279,85.669,103.699,124.017,NA,83.524,25.436,66.497,156.368,14.551,108.105,41.032,54.677,60.883,77.295,12.739,96.879,241.416,50.127,85.946,41.264,25.445,85.018,NA,NA,80.831,NA,115.378,6.004,35.633,201.744,10.937,27.388,27.296,65.63,51.453,47.464,16.103,78.916,133.196,146.737,67.787,99.556,94.964,273.366,32.223,63.27,74.007,69.4,93.001
"1868-12",82.208,28.866,109.927,156.477,38.686,94.724,36.15,38.921,50.012,119.887,NA,86.904,25.452,67.057,149.449,33.207,104.828,95.507,118.788,53.979,4.38,11.67,43.152,165.861,15.698,76.38,183.941,12.894,78.132,NA,NA,94.051,NA,128.835,4.103,3.073,262.986,121.808,37.36,43.306,72.14,37.073,34.753,7.647,92.05,179.228,105.38,71.341,79.917,100.701,314.276,48.357,9.168,26.198,73.606,97.186
"1869-01",73.576,25.186,153.422,172.118,13.616,135.008,69.9,19.856,40.004,61.616,NA,90.397,26.524,71.081,50.146,48.944,90.685,87.393,27.832,66.776,0.629,12.855,18.277,131.164,19.859,107.414,235.32,16.234,76.54,NA,NA,27.116,NA,72.813,6.214,7.64,207.501,331.445,96.522,39.233,91.902,40.136,37.907,15.944,116.535,168.956,99.086,76.639,55.649,94.63,189.649,82.934,9.235,10.337,71.942,94.038
"1869-02",77.435,20.415,106.702,126.717,18.437,144.453,33.69,10.381,36.399,78.544,NA,70.769,16.286,111.879,47.362,91.112,101.145,26.554,29.684,46.345,3.559,21.799,11.045,66.66,44.38,157.263,148.944,18.526,54.302,NA,NA,30.139,NA,108.392,2.872,5.223,200.604,301.92,101.103,34.862,79.688,67.251,64.408,12.474,112.926,171.525,84.262,100.063,34.092,87.304,199.51,103.045,9.751,24.216,80.908,94.945
"1869-03",72.848,19.762,68.135,169.653,19.019,99.713,11.038,11.085,37.688,81.482,NA,104.042,23.858,101.193,38.716,163.658,54.941,72.248,35.914,34.219,10.333,3.818,3.49,70.908,28.402,132.484,101.181,9.845,72.46,NA,NA,15.414,NA,73.29,0.134,1.344,212.836,282.817,99.196,74.769,74.77,86.698,69.683,14.752,112.088,177.9,67.424,123.546,45.171,77.864,149.068,97.959,2.172,14.282,95.452,95.039
"1869-04",53.277,28.819,21.64,84.379,15.814,87.699,4.265,10.59,20.741,69.925,NA,88.625,34.977,75.883,23.573,207.902,48.801,29.814,20.52,30.156,71.861,10.018,3.45,123.686,67.264,157.209,121.063,12.858,74.955,NA,NA,10.545,NA,70.79,9.514,34.271,202.61,204.062,102.046,37.485,93.757,83.163,73.113,12.143,142.21,161.685,65.293,87.262,160.905,71.07,96.549,80.002,16.202,137.504,97.546,95.677
"1869-05",51.033,29.204,16.437,45.804,22.637,25.129,5.833,46.882,23.511,50.495,NA,100.833,64.047,49.087,35.949,206.57,37.167,47.634,5.592,30.418,117.811,5.501,28.702,239.315,36.441,123.32,175.373,23.699,71.337,NA,NA,18.383,NA,99.279,4.285,7.096,204.575,72.266,69.987,57.127,92.875,72.73,66.965,15.618,118.635,134.241,84.018,91.932,201.849,56.492,167.162,69.187,6.325,29.766,94.183,94.432
"1869-06",43.924,39.334,91.922,120.209,15.355,23.043,23.816,178.829,30.028,66.193,NA,112.068,39.934,62.715,58.076,369.2,25.68,58.248,6.516,13.669,197.725,2.08,30.034,102.036,59.999,115.298,57.32,28.516,58.069,NA,NA,10.64,NA,164.637,0.184,120.485,214.987,12.531,67.6,103.622,144.944,79.42,54.061,24.03,107.343,126.82,126.286,79.182,236.309,67.325,149.049,57.503,79.447,169.731,87.147,96.634
"1869-07",56.295,44.209,97.113,136.404,33.714,12.972,38.436,169.198,32.422,103.446,NA,115.247,45.846,83.224,151.559,71.613,29.747,13.688,3.794,4.518,321.339,1.376,15.037,74.449,77.048,81.773,11.042,23.162,68.77,NA,NA,3.106,NA,168.6,0.216,189.215,215.854,13.183,26.549,104.883,79.898,64.339,53.315,27.006,87.584,135.933,164.341,80.958,174.132,46.351,158.755,44.741,86.237,249.476,89.842,96.128
"1869-08",53.067,41.866,107.022,106.691,47.077,14.459,92.161,195.451,45.877,106.207,NA,56.004,31.431,58.18,171.257,17.413,64.911,21.274,8.681,5.94,352.182,1.272,14.622,51.601,40.708,41.473,9.086,40.189,77.954,NA,NA,7.947,NA,143.27,0.172,197.079,186.281,10.286,36.665,75.722,104.692,70.464,64.414,39.363,87.137,106.745,174.442,72.42,84.695,71.119,186.564,30.043,95.178,278.222,88.958,94.563
"1869-09",58.458,66.21,78.876,105.891,57.27,31.753,142.9,233.908,67.048,161.32,NA,81.161,36.577,60.318,160.707,11.946,62.191,64.213,21.787,13.662,201.492,1.869,52.744,123.614,38.47,41.832,11.883,23.961,79.11,NA,NA,11.3,NA,198.683,0.41,85.034,186.844,3.984,20.922,102.668,86.652,61.549,45.176,20.927,73.776,102.726,189.117,62.509,75.071,95.021,154.344,29.646,30.037,148.521,82.629,93.684
"1869-10",64.371,54.753,242.956,182.511,33.268,70.691,102.712,248.34,97.43,122.076,NA,78.956,28.54,81.659,122.105,15.561,79.615,114.183,15.495,38.982,151.745,5.899,106.341,278.536,56.499,112.897,19.139,20.265,74.319,NA,NA,33.312,NA,106.202,4.835,111.634,144.287,8.407,16.495,29.055,75.7,67.993,51.487,15.539,78.323,100.187,161.375,59.514,77.137,104.81,221.01,32.562,127.926,146.591,76.769,89.639
"1869-11",86.365,44.239,184.244,117.249,34.29,177.217,77.514,87.048,82.156,118.624,NA,75.939,26.796,58.846,158.999,16.501,87.325,89.324,47.053,81.908,46.549,10.667,220.909,334.168,55.236,77.798,63.919,25.448,84.362,NA,NA,66.075,NA,160.788,16.106,46.441,199.678,19.822,21.815,35.375,93.737,44.829,42.05,14.186,79.362,128.574,146.258,60.655,125.089,94.653,168.644,33.223,85.597,199.411,72.081,92.711
"1869-12",81.442,26.923,229.267,126.872,34.195,88.537,64.448,37.763,59.524,98.41,NA,69.917,15.345,62.609,145.34,24.05,87.658,53.503,68.85,45.218,5.721,5.829,106.728,317.358,18.253,105.319,190.223,14.194,86.405,NA,NA,67.392,NA,109.494,6.68,10.775,242.125,196.996,45.217,24.808,53.399,41.37,46.109,13.242,96.002,167.529,115.53,64.52,95.896,78.367,258.866,53.173,18.223,48.739,70.944,94.927
"1870-01",71.521,26.607,92.002,167.066,27.874,90.604,42.639,31.36,53.841,42.009,NA,78.665,21.558,89.78,60.976,130.85,86.411,70.266,74.139,53.157,0.742,7.946,8.556,120.758,26.94,130.004,160.744,12.264,69.994,NA,NA,51.952,NA,114.253,7.227,44.067,210.914,270.402,123.617,27.938,80.778,53.269,37.39,10.538,108.742,182.507,99.6,73.401,73.443,103.082,261.436,83.825,32.473,49.388,73.971,96.601
"1870-02",66.837,27.635,95.337,207.185,18.468,77.416,29.157,23.317,76.207,48.091,NA,83.286,33.253,82.951,71.121,97.757,75.707,145.698,17.138,47.967,2.677,4.247,5.318,93.087,25.499,132.015,203.395,16.041,71.049,NA,NA,25.896,NA,95.601,4.861,9.477,207.66,326.864,104.596,25.245,44.134,69.355,66.238,7.596,120.659,184.767,83.31,80.219,47.052,106.866,197.53,89.43,8.585,12.574,78.848,94.332
"1870-03",76.302,30.779,59.229,117.818,17.535,99.923,7.964,12.089,40.624,114.722,NA,119.175,21.737,96.432,34.153,195.418,68.172,41.547,26.377,32.586,10.669,4.296,3.814,49.576,19.423,125.07,100.138,17.202,60.987,NA,NA,30.255,NA,78.016,0.923,2.135,197.676,315.152,99.353,58.586,77.188,92.291,75.775,17.445,121.407,168.291,75.231,81.986,53.581,85.357,113.258,121.834,3.453,4.164,94.031,94.166
"1870-04",48.685,26.514,26.075,86.63,18.457,51.65,6.565,25.231,34.327,63.246,NA,73.626,38.682,91.24,23.549,328.177,47.302,32.26,25.653,21.736,64.053,3.23,14.35,79.035,29.99,112.129,142.155,14.347,61.374,NA,NA,28.856,NA,58.135,0.629,9.9,156.481,217.19,51.384,50.202,75.365,83.932,75.863,12.256,111.159,159.397,76.482,98.618,122.882,62.258,86.183,112.9,8.63,20.724,90.278,89.933
"1870-05",42.709,24.848,8.409,80.589,16.438,53.401,2.986,48.91,23.192,69.925,NA,104.291,60.91,66.126,22.76,329.16,40.75,46.654,10.904,16.405,189.499,2.521,16.794,145.329,81.594,127.296,153.303,12.144,61.234,NA,NA,20.07,NA,126.973,0.697,29.143,181.874,126.203,39.712,51.866,93.005,86.054,49.727,10.669,107.341,144.55,80.233,84.608,224.174,67.975,173.939,84.881,10.599,115.039,88.271,95.496
"1870-06",49.001,34.975,39.65,116.727,20.399,28.47,32.591,219.802,73.7,111.699,NA,91.8,53.464,49.547,110.555,186.755,38.757,22.662,9.305,15.08,273.204,2.613,21.454,249.31,77.983,104.669,90.068,17.286,64.928,NA,NA,10.501,NA,176.829,0.211,106.378,200.392,31.327,60.66,96.927,96.811,78.957,59.06,11.214,107.793,125.144,116.374,66.172,227.51,58.902,133.047,66.947,61.012,179.217,93.345,98.189
"1870-07",58.436,47.774,40.057,133.622,42.605,14.088,33.468,169.957,55.445,107.545,NA,73.835,38.67,65.703,191.037,29.918,46.968,21.472,2.039,3.219,262.595,2.4,26.236,67.531,50.573,74.864,10.388,41.578,70.306,NA,NA,3.434,NA,137.919,0.171,195.716,219.188,9.62,61.726,85.733,88.405,70.535,62.464,36.428,97.968,146.036,147.992,65.993,160.13,68.633,180.856,44.646,97.343,296.718,82.842,97.311
"1870-08",58.405,53.694,129.886,162.293,27.995,25.695,67.734,183.798,61.858,124.621,NA,72.49,39.211,84.853,139.34,11.891,56.012,18.028,3.045,3.471,402.557,1.588,27.094,76.795,20.377,33.614,11.213,30.134,89.63,NA,NA,5.38,NA,155.361,0.064,175.987,182.52,6.245,42.838,70.91,87.012,69.338,52.004,29.358,92.1,104.789,171.657,84.209,79.853,89.805,193.628,34.195,73.848,245.016,82.143,95.539
"1870-09",88.109,53.372,191.533,176.707,44.886,62.733,92.975,240.07,69.568,132.159,NA,54.828,30.205,62.335,118.738,6.7,62.151,31.568,4.353,14.733,268.865,2.075,23.484,123.196,42.469,45.3,13.455,36.585,68.409,NA,NA,6.03,NA,237.613,0.24,105.122,205.214,6.078,16.347,63.98,70.595,60.088,55.98,29.019,79.777,101.96,178.652,70.23,76.625,93.806,190.905,26.949,46.177,197.226,83.882,93.978
"1870-10",76.447,36.319,205.878,157.834,50.668,70.746,150.589,191.351,75.889,137.139,NA,69.274,23.534,80.171,69.373,10.643,72.259,102.756,49.279,59.856,163.56,51.754,118.249,298.484,38.391,39.363,29.973,26.482,85.694,NA,NA,82.625,NA,88.432,63.607,40.481,140.59,7.522,6.146,44.115,89.052,46.273,40.952,16.403,78.243,118.323,184.597,67.502,85.004,108.836,234.056,26.177,51.597,65.678,78.239,92.52
"1870-11",66.546,41.758,64.682,150.479,33.241,149.934,41.952,78.024,70.921,137.541,NA,95.715,34.374,74.626,133.204,30.538,79.197,72.044,85.517,76.233,46.607,9.581,201.96,306.46,29.721,71.619,179.585,19.657,96.405,NA,NA,100.889,NA,95.017,18.237,68.511,166.345,20.385,17.319,51.178,65.044,62.295,38.906,17.119,84.964,142.106,144.505,64.666,120.597,100.021,194.598,41.115,58.801,126.501,72.326,93.365
"1870-12",85.579,17.092,104.789,119.462,40.302,141.522,55.151,32.237,40.743,108.592,NA,79.38,21.655,77.81,53.358,139.709,88.961,47.171,92.233,66.242,5.277,14.297,116.939,342.859,52.666,122.292,228.492,15.235,64.191,NA,NA,96.796,NA,107.091,11.9,4.972,227.933,245.663,44.639,24.745,38.977,41.605,35.737,10.745,88.461,165.775,117.053,61.75,114.836,98.111,203.397,45.927,10.069,41.693,71.745,95.04
"1871-01",83.835,16.747,125.656,142.521,33.116,60.385,68.082,39.421,69.411,66.4,NA,96.065,15.882,76.861,65.487,144.938,68.031,105.521,47.44,71.044,2.931,8.104,19.92,219.378,15.923,149.521,178.29,21.064,75.117,NA,NA,92.004,NA,121.807,6.433,2.146,208.865,217.582,88.476,27.628,48.547,54.64,49.956,17.079,98.312,194.466,95.798,66.918,78.35,96.012,268.642,57.941,9.751,8.305,78.905,96.172
"1871-02",79.301,30.521,212.021,162.015,21.138,89.824,49.487,16.425,49.015,49.044,NA,67.417,16.2,92.799,33.783,132.47,67.651,55.067,22.431,40.635,6.775,27.243,6.587,132.636,13.144,116.973,145.798,20.294,56.004,NA,NA,27.263,NA,99.909,0.778,5.536,167.726,241.979,59.97,39.205,90.135,66.991,62.62,14.347,137.063,182.93,78.991,69.958,72.818,100.885,258.765,75.465,8.136,22.424,83.92,94.587
"1871-03",57.166,17.286,88.939,152.964,15.802,91.26,26.375,11.671,30.179,81.3,NA,60.522,24.317,130.512,22.42,190.444,62.865,105.155,33.763,39.7,10.547,4.581,7.374,47.497,34.786,162.557,133.082,11.955,82.023,NA,NA,27.133,NA,73.116,0.222,2.88,147.328,250.16,72.559,35.459,83.532,80.543,83.832,8.304,107.918,157.016,70.722,100.882,64.143,106.957,149.27,108.162,2.593,13.041,86.62,92.358
"1871-04",63.199,16.302,53.02,112.838,22.431,48.223,16.378,14.051,28.165,41.15,NA,76.277,46.533,78.668,14.714,325.176,40.317,32.569,32.713,13.894,37.191,2.898,2.331,150.092,36.4,66.222,142.962,13.655,60.243,NA,NA,23.982,NA,77.359,0.044,12.84,234.611,275.893,92.302,35.167,132.522,64.791,74.956,9.639,114.872,174.916,62.879,93.629,125.972,65.509,98.615,116.109,2.987,44.998,89.673,93.778
"1871-05",41.464,24.966,76.31,144.34,15.458,37.106,19.457,35.713,41.062,60.776,NA,95.878,60.675,63.429,16.727,248.257,33.852,58.972,48.16,12.629,141.599,2.931,7.218,157.011,85.062,86.937,168.548,15.41,61.517,NA,NA,48.268,NA,97.099,4.707,3.558,264.28,43.116,68.273,70.644,79.479,77.638,61.094,10.362,117.319,175.886,76.029,85.077,196.485,72.477,151.474,81.444,2.004,51.446,92.53,97.534
"1871-06",35.356,33.374,72.297,163.016,38.025,43.408,21.923,225.776,34.071,104.324,NA,69.319,63.954,71.234,64.514,250.392,35.983,38.018,32.088,10.526,248.438,2.98,33.262,188.221,33.149,63.008,22.409,15.171,90.205,NA,NA,19.845,NA,181.544,0.268,20.619,184.46,19.392,22.561,122.578,114.796,67.886,53.4,16.104,104.939,158.483,135.206,75.841,231.781,59.723,80.858,64.698,46.235,34.617,89.481,97.419
"1871-07",44.559,36.522,43.587,140.117,19.404,12.074,58.671,245.692,51.375,121.196,NA,72.704,63.021,87.224,179.985,21.858,53.75,29.135,3.683,3.991,432.851,2.96,31.752,74.032,89.572,115.692,8.734,34.261,62.865,NA,NA,4.104,NA,168.574,0.135,228.408,210.858,37.691,76.829,86.932,98.31,63.584,45.496,26.705,94.57,141.295,149.613,82.85,116.203,60.179,133.316,45.309,131.571,258.778,83.416,95.731
"1871-08",68.222,44.149,54.899,123.998,30.104,15.184,94.536,196.26,54.023,121.578,NA,86.847,57.658,79.856,169.11,19.834,45.185,58.15,0.717,4.244,280.084,1.283,19.266,55.535,93.153,51.667,4.895,42.76,77.73,NA,NA,3.496,NA,122.524,0.05,197.059,180.096,9.271,40.929,61.806,73.588,64.717,54.322,21.699,93.617,128.79,195.999,69.279,69.121,93.247,99.237,34.811,113.644,243.638,79.631,96.861
"1871-09",67.8,61.556,178.583,175.972,49.329,59.379,105.762,254.026,111.5,144.742,NA,40,45.748,85.273,104.686,9.64,49.827,70.103,9.88,21.78,264.59,7.439,39.639,81.337,47.364,75.597,8.623,34.721,71.924,NA,NA,16.314,NA,216.896,0.402,60.16,169.52,5.408,19.91,60.396,70.976,69.566,48.906,31.272,75.413,129.242,176.153,74.521,57.164,102.098,169.479,30.157,56.63,148.915,75.565,93.525
"1871-10",87.473,44.691,187.535,127.865,39.389,89.004,128.655,175.366,108.315,151.229,NA,63.013,20.139,76.839,63.792,8.586,65.667,68.564,33.366,68.667,155.829,1.686,87.806,223.525,50.952,94.491,21.421,23.764,108.222,NA,NA,36.847,NA,104.539,1.449,92.71,114.28,3.451,16.471,40.336,62.382,56.874,42.818,17.058,79.05,131.595,173.996,75.467,66.772,98.247,195.669,30.361,123.373,109.215,83.103,93.601
"1871-11",68.912,36,278.245,141.326,47.44,138.715,71.803,143.993,82.475,125.465,NA,81.765,29.447,54.131,84.947,21.277,65.456,102.621,20.414,57.895,50.507,6.447,143.414,330.068,15.193,78.68,39.591,16.307,98.605,NA,NA,45.363,NA,92.666,12.088,115.758,181.786,26.533,13.205,35.246,73.967,61.615,38.175,16.624,87.713,152.186,143.002,59.534,90.167,106.906,183.626,28.593,140.529,300.473,71.583,93.814
"1871-12",68.492,24.642,157.033,151.853,31.676,158.103,49.197,43.284,70.347,80.067,NA,77.342,20.796,79.394,74.834,53.751,90.775,90.27,51.363,34.098,3.471,19.33,189.149,334.153,14.148,95.18,172.68,26.328,74.346,NA,NA,76.028,NA,142.042,32.594,31.056,184.851,72.805,41.697,39.758,59.34,43.631,28.691,13.321,83.681,193.853,105.448,67.67,91.761,94.754,196.086,49.525,50.495,50.964,67.929,92.062
"1872-01",79.121,17.281,165.807,158.892,31.955,64.305,39.686,24.49,45.219,50.065,NA,88.434,23.667,88.308,41.238,97.755,86.695,138.717,40.016,45.196,0.754,11.667,60.722,291.413,37.54,142.114,194.723,17.625,56.236,NA,NA,36.454,NA,91.666,9.564,11.318,209.805,187.5,38.217,47.338,70.761,47.609,37.241,10.354,97.037,196.026,92.501,81.909,64.584,107.245,269.615,74.682,21.45,12.238,77.303,97.264
"1872-02",71.97,16.353,109.694,138.201,23.523,17.284,20.479,16.661,38.623,42.493,NA,78.692,22.198,130.739,31.472,102.388,77.689,89.651,26.715,49.979,2.904,14.746,8.638,117.754,36.47,174.646,105.289,15.537,51.653,NA,NA,36.179,NA,80.098,1.381,3.672,235.987,396.846,85.757,43.029,66.852,69.306,63.418,18.272,113.578,183.43,72.043,130.192,50.433,93.918,231.675,95.716,8.148,3.497,90.351,100.282
"1872-03",69.386,16.942,52.999,135.234,19.612,27.301,13.456,9.963,26.358,53.23,NA,79.617,30.473,72.819,22.7,105.716,51.22,125.548,11.686,61.378,16.922,2.418,3.537,58.255,30.898,142.732,90.266,11.131,59.836,NA,NA,15.655,NA,80.436,0.075,2.222,208.742,321.187,104.214,37.128,79.096,81.687,73.444,6.736,126.553,164.9,64.93,89.76,64.392,94.842,138.184,117.264,5.2,3.247,87.395,93.568
"1872-04",42.108,11.725,69.841,112.475,16.556,57.903,6.184,18.838,16.913,48.299,NA,85.398,51.925,93.313,15.763,178.312,45.632,64.409,37.935,23.699,61.647,1.088,14.759,126.131,22.764,102.37,137.319,13.235,66.757,NA,NA,34.876,NA,104.901,1.008,9.244,158.095,172.796,91.285,53.851,70.722,85.998,66.555,10.922,127.974,178.528,65.864,92.164,107.421,78.477,138.924,112.815,6.241,9.709,91.724,93.942
"1872-05",43.024,26.852,42.866,99.885,20.69,33.719,3.613,42.039,15.823,50.297,NA,87.574,22.262,78.552,16.105,213.086,30.061,37.141,40.347,16.479,177.005,2.263,13.043,121.174,46.589,57.336,107.807,9.013,61.138,NA,NA,15.902,NA,111.075,0.157,13.169,252.203,108.108,40.801,61.651,74.164,67.835,72.994,11.996,108.857,140.145,83.729,89.398,212.213,67.936,214.77,85.77,18.625,72.849,98.683,97.133
"1872-06",44.216,24.292,67.167,144.837,22.229,13.567,26.389,168.36,22.291,76.739,NA,90.148,72.234,64.691,48.548,251.605,39.718,11.021,6.269,5.743,265.604,1.889,34.285,180.246,75.624,102.025,54.098,17.855,79.994,NA,NA,10.25,NA,161.241,0.225,104.514,258.513,18.41,49.679,109.286,90.841,74.221,51.019,18.846,104.14,109.942,124.871,83.172,253.537,71.149,91.906,62.185,35.366,99.963,89.793,96.818
"1872-07",59.074,52.904,60.159,111.236,24.986,13.559,53.633,204.057,32.079,86.183,NA,97.343,49.643,64.887,135.535,56.889,36.997,24.113,1.025,3.982,290.01,1.83,24.82,81.05,71.275,80.899,27.838,39.536,66.353,NA,NA,1.093,NA,177.26,0.065,252.138,195.126,7.88,48.271,107.199,93.502,69.595,52.595,23.389,104.623,107.05,157.291,76.46,163.679,63.671,154.469,43.782,155.45,250.457,89.707,96.222
"1872-08",61.568,50.924,76.526,134.164,40.278,10.98,51.252,156.475,49.347,131.791,NA,72.016,46.779,79.066,88.691,11.31,51.688,44.932,2.061,7.993,380.404,1.241,25.453,56.018,73.145,49.472,7.849,40.449,67.848,NA,NA,1.326,NA,187.758,0.125,187.427,205.729,12.528,30.208,81.225,73.237,56.67,53.261,28.806,84.502,112.557,158.594,76.695,78.067,77.651,167.349,39.212,116.639,235.965,85.408,94.846
"1872-09",84.913,53.238,243.436,209.527,38.068,86.134,128.351,233.649,142.528,125.076,NA,73.704,31.18,82.375,115.467,9.433,64.557,30.64,28.292,10.855,229.934,1.865,43.358,115.684,60.409,61.753,7.827,31.117,94.058,NA,NA,20.141,NA,184.097,1.28,102.125,175.831,4.383,27.147,72.273,84.609,68.034,52.055,27.784,84.993,92.281,182.658,73.619,66.461,89.656,217.473,31.199,24.805,114.229,85.068,95.958
"1872-10",81.612,43.865,275.664,167.609,36.99,112.913,123.335,231.756,99.976,122.023,NA,62.443,28.194,77.671,80.475,10.479,90.918,73.081,5.301,53.981,130.046,8.366,79.057,133.075,44.378,62.469,17.754,22.805,103.638,NA,NA,14.481,NA,181.998,4.28,111.038,180.314,7.939,17.721,40.241,80.07,60.661,45.419,20.776,74.97,95.089,175.03,69.002,87.455,113.022,249.435,30.147,86.62,230.551,79.084,95.051
"1872-11",45.669,35.283,138.993,138.755,40.56,131.038,20.873,72.565,87.696,132.4,NA,76.273,35.662,60.704,83.859,23.923,87.519,164.659,26.917,63.171,21.56,9.101,65.405,190.728,19.111,88.812,120.539,16.792,90.504,NA,NA,46.4,NA,138.124,9.05,94.03,174.801,18.151,29.467,26.627,45.053,49.939,53.159,14.892,79.479,102.357,152.331,67.729,86.106,94.137,321.565,42.443,153.546,180.961,71.626,92.959
"1872-12",60.782,18.438,116.649,143.857,30.137,182.699,30.998,35.368,81.461,114.512,NA,66.186,21.841,71.838,68.535,60.092,86.25,154.161,41.467,57.35,1.334,8.472,8.2,94.923,17.285,139.16,198.203,13.641,98.387,NA,NA,51.863,NA,138.752,6.529,60.277,280.945,186.356,64.031,55.829,70.224,37.672,37.441,9.904,88.937,146.111,118.386,66.741,72.354,113.55,205.583,62.146,85.184,144.052,71.947,98.065
"1873-01",56.585,21.509,53.874,116.75,32.745,140.915,26.134,22.38,47.347,76.957,NA,85.463,17.126,79.055,40.421,78.097,80.123,150.258,28.135,53.76,1.485,7.649,6.41,83.716,15.531,102.338,240.676,13.909,76.773,NA,NA,38.286,NA,101.512,13.539,19.625,258.358,337.898,164.685,49.788,75.901,59.866,26.563,10.084,118.785,176.384,98.845,68.97,56.516,88.804,241.434,58.967,31.592,91.953,75.563,96.435
"1873-02",70.695,18.163,128.622,132.226,32.75,161.243,35.121,13.221,41.668,56.596,NA,69.355,19.036,106.746,23.322,88.063,73.3,95.474,7.706,49.999,1.873,4.219,3.22,58.299,24.733,116.742,242.062,17.727,59.495,NA,NA,26.214,NA,77.472,2.873,9.48,210.669,335.237,154.305,43.152,56.583,83.874,64.5,12.096,150.718,162.288,87.85,72.961,57.242,98.589,138.64,87.7,10.512,39.023,85.478,94.606
"1873-03",57.466,14.175,127.674,120.868,19.528,116.679,19.859,15.285,29.292,66.368,NA,65.391,20.657,100.949,17.283,157.505,74.691,47.765,20.577,39.834,19.132,4.589,4.06,29.414,26.428,155.959,94.693,12.269,96.668,NA,NA,35.592,NA,104.67,3.376,5.498,178.823,183.709,109.351,53.657,72.436,91.058,80.733,9.987,112.382,172.299,76.192,86.486,64.034,95.892,85.873,104.274,6.187,13.734,90.682,92.109
"1873-04",40.761,29.287,69.771,98.42,12.593,52.905,6.147,15.395,29.66,57.522,NA,91.798,41.012,92.069,17.955,224.673,69.933,69.029,11.317,19.18,65.114,1.753,9.94,86.288,55.218,116.059,99.337,11.738,61.167,NA,NA,36.374,NA,72.208,0.16,14.619,173.127,183.312,124.369,63.583,86.898,93.064,82.829,10.733,128.942,189.516,64.518,97.679,120.148,73.673,142.484,103.192,19.545,35.031,93.963,96.273
"1873-05",39.83,30.605,25.09,100.231,24.729,55.162,12.457,61.172,32.186,57.551,NA,73.306,62.132,78.898,15.019,213.409,41.499,57.308,12.894,23.641,167.422,3.663,7.057,161.62,60.804,96.249,132.317,15.262,72.89,NA,NA,12.052,NA,108.135,0.205,25.8,210.162,113.111,72.124,62.666,66.615,82.692,70.387,9.013,109.716,170.56,79.03,88.788,212.148,67.033,143.058,83.333,14.555,98.639,99.106,98.072
"1873-06",42.519,42.071,116.405,120.012,20.632,10.75,37.659,174.446,68.912,113.883,NA,100.56,56.705,86.225,52.135,231.215,47.34,23.463,9.553,5.659,231.894,2.34,24.54,118.924,76.643,122.065,88.209,30.633,60.439,NA,NA,7.031,NA,194.074,0.254,67.164,200.825,11.096,91.097,92.752,106.737,75.909,53.923,16.73,100.444,138.849,115.071,88.425,211.092,70.585,152.038,65.084,111.508,58.732,88.072,96.403
"1873-07",56.365,42.868,43.714,71.291,22.629,12.148,29.203,161.404,38.56,136.825,NA,93.289,56.408,79.312,147.864,35.178,45.147,17.728,4.4,2.974,335.245,3.017,15.011,53.248,72.728,35.42,5.219,40.776,58.654,NA,NA,5.275,NA,162.208,0.085,152.771,242.611,12.533,48.778,101.49,101.804,59.474,60.878,29.888,90.363,131.702,160.618,88.317,130.136,67.274,200.772,42.569,89.417,201.019,88.089,99.055
"1873-08",59.393,47.46,43.21,114.606,40.915,34.649,65.274,188.847,63.15,129.859,NA,74.083,41.504,71.585,116.761,11.67,36.922,26.955,0.184,6.722,324.745,2.135,16.447,61.676,66.591,34.421,8.263,35.949,61.81,NA,NA,0.482,NA,182.803,0.948,98.707,199.385,6.595,22.561,86.088,96.628,63.139,52.926,25.273,90.705,124.899,175.633,69.404,75.132,89.174,184.822,30.831,26.879,172.173,85.494,96.393
"1873-09",71.264,50.817,144.7,150.379,60.12,19.4,130.772,279.988,138.964,139.002,NA,87.749,31.664,81.063,109.811,8.616,74.956,67.044,5.597,16.304,253.844,2.841,27.887,70.161,64.07,44.957,13.783,38.129,88.089,NA,NA,10.137,NA,163.438,3.298,151.145,149.481,3.24,20.294,59.851,83.359,60.767,51.833,27.015,76.159,103.548,201.594,74.056,68.27,103.297,169.843,27.015,43.384,193.633,86.917,96.452
"1873-10",69.986,46.789,87.657,108.083,45.525,74.558,84.896,179.243,121.707,135.841,NA,80.506,21.446,63.492,52.322,9.3,88.948,90.59,54.432,41.625,173.823,7.094,122.25,246.334,37.013,90.033,20.581,32.129,70.12,NA,NA,74.788,NA,97.852,5.545,124.725,158.986,8.06,27.861,45.879,55.453,51.353,51.542,17.831,69.922,103.932,151.439,60.907,73.189,115.429,305.001,31.784,141.218,211.855,75.815,90.559
"1873-11",74.609,40.412,157.213,155.815,34.226,151.114,65.481,79.564,57.744,108.842,NA,95.217,16.001,85.974,101.293,14.282,92.308,97.737,82.337,67.314,15.96,23.864,87.41,170.249,35.251,101.408,59.735,23.556,109.946,NA,NA,102.641,NA,157.393,24.611,55.928,177.743,16.494,63.011,51.517,79.759,54.948,39.451,14.182,74.519,126.044,139.995,70.506,94.347,119.725,323.456,42.584,132.664,137.113,67.406,93.63
"1873-12",69.587,23.112,116.782,154.358,28.345,128.695,47.93,48.602,63.641,106.469,NA,60.669,15.303,80.872,103.031,40.722,116.3,81.246,55.845,62.699,6.056,11.661,34.697,169.793,20.305,93.971,110.636,21.573,87.532,NA,NA,97.621,NA,104.577,16.351,31.97,285.823,187.47,44.153,48.097,88.27,35.459,41.958,19.309,98.371,163.369,112.601,64.252,83.817,88.722,179.599,52.315,19.278,202.32,71.29,93.988
"1874-01",77.863,20.493,87.081,164.562,19.632,128.413,30.069,18.913,35.058,61.202,NA,77.295,19.986,71.669,58.774,55.195,96.731,69.518,35.116,70.388,0.558,7.197,16.326,141.609,23.339,135.847,195.103,19.831,75.576,NA,NA,54.045,NA,113.212,6.616,9.48,227.889,277.791,155.402,33.574,102.792,46.237,54.754,16.052,87.96,175.855,102.334,70.412,62.331,88.7,236.834,99.688,18.069,38.606,73.953,96.941
"1874-02",77.534,10.718,111.907,139.141,18.909,67.544,21.151,15.698,45.184,65.458,NA,86.083,33.02,114.759,26.694,96.091,76.185,111.371,114.008,60.112,1.602,9.111,5.031,14.463,20.85,112.035,209.686,12.113,80.254,NA,NA,68.924,NA,113.492,1.528,3.786,249.568,359.924,133.445,43.888,41.186,67.415,53.576,13.33,120.899,164.422,85.06,86.448,35.523,97.582,143.494,147.618,6.708,11.434,80.818,96.464
"1874-03",69.404,18.078,150.604,110.792,13.229,66.832,27.896,17.265,36.276,46.219,NA,77.61,21.08,93.043,19.961,113.467,78.666,83.451,29.252,41.302,3.683,2.244,1.541,23.175,41.16,136.692,135.931,13.628,85.483,NA,NA,32.438,NA,109.946,0.077,6.093,199.891,357.533,143.857,40.489,73.053,90.447,75.037,9.812,133.336,171.331,74.185,95.15,33.006,74.584,107.059,128.294,1.728,17.807,91.83,94.482
"1874-04",46.249,13.917,62.333,124.091,27.198,88.641,12.324,22.981,13.788,61.825,NA,89.837,39.122,137.117,13.794,301.349,72.983,41.073,19.671,14.819,43.87,3.732,2.089,136.367,39.381,106.076,63.979,19.439,56.004,NA,NA,30.081,NA,88.226,0.268,0.72,168.402,203.532,100.769,44.155,71.8,82.749,65.754,12.757,115.716,175.386,71.629,101.235,75.587,75.666,110.925,92.61,0.49,13.757,87.585,91.566
"1874-05",47.274,26.207,34.152,97.116,18.915,32.149,4.156,55.54,20.777,57.765,NA,69.111,64.985,58.824,29.763,314.052,34.394,27.182,8.385,11.607,154.37,4.402,8.078,167.656,84.698,105.872,135.322,22.86,61.068,NA,NA,11.209,NA,140.17,0.589,9.902,245.776,121.324,40.966,65.279,76.885,82.485,57.859,13.099,111.685,153.273,86.092,90.918,200.73,59.1,156.034,65.22,4.562,113.874,99.687,97.409
"1874-06",42.131,44.963,23.094,66.086,16.762,17.257,26.737,201.227,30.007,111.067,NA,96.192,50.017,99.76,69.424,284.378,35.256,44.132,0.171,10.641,228.817,0.806,10.92,85.092,107.695,107.231,44.469,20.91,71.887,NA,NA,0.638,NA,207.065,0.272,50.223,236.331,32.328,88.147,76.591,107.559,63.211,64.213,22.024,110.932,135.526,142.636,76.305,220.897,55.7,105.268,49.845,20.898,124.387,92.599,97.357
"1874-07",54.644,43.242,131.897,144.137,42.123,30.959,75.787,236.301,72.824,128.738,NA,97.822,50.501,54.648,198.517,112.63,47.775,21.404,0.953,6.509,388.38,0.695,31.788,74.57,51.299,95.078,7.63,25.241,82.524,NA,NA,0.504,NA,160.782,0.043,122.051,205.978,15.099,45.481,100.327,67.843,78.201,51.413,30.951,89.808,156.821,142.174,69.181,159.201,69.565,155.152,50.113,80.184,166.611,88.003,96.974
"1874-08",62.619,59.737,35.789,131.106,28.364,17.556,46.685,172.406,74.775,124.359,NA,71.785,43.21,51.237,179.872,17.906,41.994,29.109,2.171,2.969,303.629,2.286,21.289,58.706,32.203,54.015,4.864,36.845,73.145,NA,NA,2.281,NA,182.193,1.638,182.805,200.549,8.286,45.121,87.606,92.851,66.655,64.452,29.071,82.929,132.804,168.349,69.198,75.469,86.086,142.179,42.826,92.919,272.185,82.515,96.334
"1874-09",81.818,55.819,100.794,95.181,46.209,62.984,145.53,225.093,79.026,145.873,NA,55.166,39.776,80.395,85.232,16.445,62.891,40.829,17.023,8.983,247.585,4.462,25.967,61.677,56.928,38.252,13.121,32.104,94.565,NA,NA,16.287,NA,173.464,0.124,131.844,174.388,3.111,21.364,87.831,92.896,62.327,58.842,27.8,69.827,113.065,191.074,69.812,61.914,103.753,191.905,30.693,25.684,176.388,84.172,95.509
"1874-10",73.419,42.666,105.34,157.52,36.788,94.262,64.254,243.723,124.304,134.777,NA,61.938,36.022,79.014,80.258,18.39,92.343,76.762,33.421,63.157,172.902,3.882,48.276,231.929,32.546,70.978,31.603,37.696,83.957,NA,NA,76.732,NA,123.096,1.04,71.439,166.823,5.07,9.764,59.733,87.907,53.472,54.188,30.503,74.007,117.654,167.082,60.791,87.413,118.098,226.655,31.361,19.221,163.801,78.439,94.431
"1874-11",64.549,67.636,137.944,126.964,30.223,96.118,44.213,112.449,90.798,111.463,NA,73.144,24.375,63.031,84.547,20.325,71.886,172.949,63.596,55.713,24.261,6.957,18.768,108.239,24.095,69.471,87.632,15.771,85.809,NA,NA,47.208,NA,118.812,8.179,148.317,198.267,14.465,16.724,47.258,62.585,48.112,50.609,8.705,79.303,139.457,129.177,62.528,90.288,113.824,299.171,38.215,128.431,262.925,75.432,93.848
"1874-12",71.68,28.439,123.422,189.173,38.953,114.153,95.703,49.94,67.851,110.722,NA,75.064,16.797,72.21,75.421,44.199,101.315,105.904,54.2,87.191,4.36,12.108,14.3,123.478,25.171,105.343,170.24,23.432,91.418,NA,NA,56.207,NA,146.799,7.356,35.097,273.284,102.157,18.539,42.279,68.273,36.443,28.732,19.355,80.329,168.24,114.679,65.608,73.267,111.013,281.485,67.291,51.861,145.112,67.129,97.73
"1875-01",63.041,19.173,186.322,221.297,22.548,127.516,69.941,18.595,47.846,82.68,NA,109.423,16.66,64.738,21.696,70.227,84.445,96.996,65.963,52.406,1.378,9.455,11.727,52.956,20.452,143.294,233.12,16.2,95.97,NA,NA,45.83,NA,85.922,5.116,14.955,276.073,366.849,99.082,46.786,75.032,44.046,36.311,9.053,108.104,188.768,90.4,73.102,53.285,125.73,194.469,89.784,16.106,71.117,72.535,98.803
"1875-02",56.066,16.258,71.493,112.938,20.077,135.863,20.612,15.693,34.865,103.566,NA,92.763,26.61,78.48,24.979,130.864,72.484,78.02,52.923,44.441,1.398,19.486,4.41,34.172,29.733,151.366,148.885,14.352,79.537,NA,NA,38.18,NA,116.665,1.031,4.901,215.374,318.524,87.273,31.401,38.629,69.399,64.68,13.355,101.04,185.278,73.586,88.165,61.492,86.688,161.531,152.629,10.213,22.684,87.301,95.963
"1875-03",67.558,27.134,26.957,102.055,22.739,81.687,11.935,13.407,34.112,102.394,NA,70.443,15.075,87.538,18.425,123.653,81.373,53.286,11.345,46.325,10.152,4.226,2.815,30.207,32.011,98.165,134.5,12.734,90.153,NA,NA,18.705,NA,94.097,0.153,4.362,230.021,310.968,170.417,51.55,83.607,93.349,74.476,13.394,121.652,180.294,67.57,90.904,53.479,69.036,144.387,145.89,6.574,16.992,89.726,94.868
"1875-04",42.257,32.141,140.14,127.147,22.63,36.136,24.529,15.857,20.906,65.126,NA,77.028,38.405,112.734,16.916,201.317,52.561,68.787,4.776,30.876,73.615,7.943,28.957,122.493,65.455,102.742,155.96,21.42,48.221,NA,NA,24.381,NA,104.457,6.942,8.78,156.864,230.624,77.175,53.222,90.968,93.715,72.856,13.27,124.125,165.173,62.28,103.995,152.301,76.148,107.173,83.879,11.3,19.031,89.496,92.814
"1875-05",36.358,32.877,22.11,98.282,28.642,48.33,6.472,103.105,35.609,76.581,NA,91.249,40.074,84.501,16.048,283.814,40.906,59.782,5.582,11.533,112.367,1.174,24.246,144.554,45.886,90.416,105.566,20.949,52.637,NA,NA,9.239,NA,140.678,0.069,41.182,250.082,154.013,72.499,90.327,94.201,83.394,64.614,14.549,100.978,148.304,87.796,100.541,189.066,62.18,138.558,75.781,31.408,110.045,90.504,96.135
"1875-06",50.852,42.413,20.832,97.868,23.474,12.207,32.121,161.898,34.545,97.158,NA,103.998,64.184,67.528,51.14,235.126,31.835,37.981,1.766,10.524,216.764,1.546,25.459,169.13,64.732,71.323,84.107,27.707,72.062,NA,NA,6.358,NA,138.425,0.127,115.203,281.926,34.83,62.077,88.538,109.586,68.466,61.977,20.233,102.027,138.462,121.024,72.847,227.158,64.413,82.708,51.898,62.398,215.656,91.529,97.277
"1875-07",55.417,44.966,28.391,178.211,42.089,11.159,44.99,197.816,34.433,134.608,NA,87.481,49.195,52.993,152.346,62.629,55.981,17.984,4.736,4.247,302.387,2.053,19.519,68.549,38.764,44.228,9.785,45.268,89.601,NA,NA,6.653,NA,177.889,0.004,177.828,210.379,16.03,46.994,98.567,124.447,69.138,54.865,25.774,88.883,131.882,177.003,76.394,147.015,58.29,94.197,43.745,86.345,182.988,84.463,95.796
"1875-08",66.137,60.03,77.562,134.957,41.476,16.178,60.314,155.032,40.878,119.601,NA,87.054,53.586,73.802,147.482,16.541,30.935,34.025,3.649,6.763,397.825,1.982,13.981,49.396,71.797,38.478,15.484,38.966,68.829,NA,NA,7.027,NA,156.746,0.413,165.488,196.779,7.829,50.084,53.173,57.711,64.416,38.444,30.825,90.561,136.454,154.993,77.131,82.591,82.341,201.723,37.303,93.922,170.139,81.493,94.796
"1875-09",68.333,52.899,97.238,120.846,44.326,32.996,109.104,212.222,65.682,122.867,NA,67.235,33.418,49.43,143.194,14.134,57.363,55.741,19.192,24.868,216.827,2.234,37.951,60.46,32.18,52.567,22.026,26.183,74.725,NA,NA,8.557,NA,188.984,0.27,163.14,177.558,6.178,20.844,64.932,83.415,60.638,46.115,16.309,77.307,122.333,192.092,58.147,80.705,88.479,119.238,30.202,59.21,233.923,86.086,93.495
"1875-10",79.755,41.473,122.936,144.36,32.616,63.259,136.35,251.46,140.149,142.364,NA,62.833,27.661,68.783,102.587,25.438,84.377,63.817,28.184,51.377,144.429,5.546,76.523,230.74,30.807,44.428,32.519,35.822,119.762,NA,NA,32.39,NA,112.989,1.514,103.201,173.487,7.571,5.609,48.132,53.865,64.078,60.308,20.576,77.557,96.348,165.37,59.843,94.159,111.84,260.286,30.791,84.454,166.25,84.044,93.438
"1875-11",55.304,34.567,29.873,89.549,41.667,120.513,16.111,76.581,111.443,126.31,NA,62.249,19.972,70.887,104.913,44.26,63.99,115.066,84.086,66.331,47.038,9.963,69.175,159.93,25.483,81.296,62.242,17.112,139.861,NA,NA,96.712,NA,161.146,2.466,104.045,187.045,25.666,24.802,38.494,66.609,53.423,55.74,16.357,80.234,111.829,135.974,57.934,120.47,97.64,296.209,39.349,169.865,223.398,70.207,91.691
"1875-12",75.519,36.281,185.526,113.268,32.221,126.522,72.031,69.873,59.693,83.275,NA,75.018,19.056,80.693,91.528,42.224,62.596,84.881,41.335,75.857,3.363,7.865,32.446,174.159,14.807,88.372,175.411,11.032,94.842,NA,NA,45.942,NA,140.306,3.184,35.716,229.777,102.777,52.961,48.883,90.471,45.548,45.141,10.048,93.221,157.851,134.065,58.364,75.544,91.451,248.818,64.722,59.857,147.663,64.755,95.202
"1876-01",77.617,8.473,113.305,127.877,27.441,117.017,26.362,27.368,37.207,57.708,NA,79.774,13.857,61.004,55.808,100.071,88.709,93.077,52.459,49.563,1.561,5.961,10.617,103.913,38.248,133.837,236.155,10.119,71.343,NA,NA,47.365,NA,118.398,2.733,6.18,254.37,417.977,87.596,36.668,52.457,47.771,35.795,6.906,107.109,173.266,93.087,74.791,76.267,87.821,302.474,77.523,18.481,42.925,75.804,95.036
"1876-02",50.414,23.722,110.391,157.579,18.972,108.898,37.8,15.711,34.58,67.973,NA,94.106,19.617,64.31,21.359,76.007,75.869,147.747,27.738,40.498,1.703,2.613,4.768,27.834,24.505,117.091,135.968,10.13,86.417,NA,NA,34.131,NA,125.356,0.52,1.664,215.496,342.678,108.508,27.646,64.879,82.088,57.449,9.811,131.876,176.099,74.757,89.24,32.819,107.565,136.233,131.346,7.435,5.209,86.339,94.718
"1876-03",55.933,20.552,55.181,112.068,18.564,94.988,11.182,12.934,33.657,58.221,NA,51.127,27.22,120.254,20.087,155.31,59.936,73.804,41.609,28.802,9.111,3.347,1.963,25.25,54.848,106.98,89.648,9.542,85.496,NA,NA,27.136,NA,114.166,0.079,3.654,211.665,247.567,94.43,46.584,80.276,85.171,82.096,8.858,108.864,200.058,64.592,107.983,34.885,80.016,126.315,135.517,3.306,44.96,83.717,93.825
"1876-04",51.293,30.574,67.383,83.878,21.829,48.17,12.66,17.561,25.445,54.275,NA,101.725,27.588,70.757,14.824,231.104,56.428,62.244,25.819,27.348,71.071,2.012,0.627,121.316,55.34,69.661,68.789,12.693,65.405,NA,NA,9.974,NA,130.659,0.168,4.599,218.818,279.755,133.321,49.101,106.761,82.086,84.161,11.808,114.614,151.493,68.429,95.73,114.352,64.828,100.562,105.089,3.083,54.183,99.915,94.917
"1876-05",39.053,28.61,42.69,109.569,17.076,54.648,24.661,91.359,36.04,59.105,NA,87.27,32.805,80.776,15.553,254.493,42.724,82.055,1.166,11.883,137.319,3.404,2.285,98.937,125.341,92.647,77.313,18.61,71.787,NA,NA,9.694,NA,119.35,1.169,33.502,244.31,160.686,46.681,76.791,111.919,71.9,62.906,5.774,108.427,142.312,85.892,96.458,212.622,66.658,121.474,79.433,18.717,90.586,92.966,96.028
"1876-06",54.186,42.367,50.815,156.416,27.314,24.913,20.384,234.303,75.281,111.734,NA,113.822,69.925,46.365,102.691,290.107,43.82,23.359,0.614,6.391,274.14,1.429,21.438,129.806,88.632,73.091,34.964,31.667,56.962,NA,NA,0.346,NA,203.08,0.206,101.686,262.339,67.639,61.898,80.162,124.717,68.937,54.976,19.592,108.45,124.434,119.585,69.572,245.198,59.839,124.547,52.745,63.213,167.683,96.181,96.557
"1876-07",65.619,45.37,72.582,130.562,38.755,13.341,71.69,197.96,32.207,116.493,NA,94.785,69.851,92.404,200.205,61.301,40.801,35.409,0.875,4.529,300.333,2.004,12.957,54.136,53.212,94.174,4.077,28.228,71.928,NA,NA,1.622,NA,169.203,0.042,206.733,222.014,11.758,33.089,132.497,109.663,69.168,43.516,29.739,95.568,148.002,155.606,68.459,135.64,68.551,92.938,45.345,82.339,235.265,82.755,95.207
"1876-08",69.04,53.243,119.173,176.101,37.55,13.564,46.745,155.897,48.733,130.806,NA,74.762,33.778,51.483,154.483,11.83,50.506,31.347,0.113,6.054,315.9,1.563,14.984,56.185,39.966,42.177,5.336,31.723,100.508,NA,NA,1.081,NA,194.251,0.017,151.504,236.74,10.505,24.395,66.865,78.84,69.946,57.141,29.774,84.725,147.173,154.594,69.668,74.596,83.812,145.04,34.808,67.524,242.196,85.901,94.87
"1876-09",67.232,66.773,71.566,165.827,51.92,4.684,122.985,296.503,96.833,143.19,NA,58.675,39.932,68.522,146.657,10.358,65.871,30.459,15.217,5.204,216.697,0.49,38.535,60.808,33.038,41.698,8.882,35.297,82.791,NA,NA,13.759,NA,283.488,0.234,123.152,171.008,5.1,11.453,67.303,88.491,62.66,57.61,31.043,78.451,117.625,194.302,71.166,78.021,89.966,157.107,34.94,35.383,173.052,79.61,94.224
"1876-10",76.789,46.67,96.506,131.193,43.221,102.492,81.548,150.939,93.573,134.67,NA,41.656,31.844,75.271,98.329,9.016,69.624,42.368,6.528,44.689,170.596,1.655,50.595,180.221,39.267,79.043,26.764,32.204,94.566,NA,NA,34.02,NA,160.587,0.454,129.801,154.218,5.078,17.617,35.335,67.512,64.473,54.171,19.676,81.553,126.207,150.534,58.321,78.138,103.664,216.495,32.142,117.396,214.472,75.613,93.256
"1876-11",70.926,36.406,186.801,193.584,38.662,74.637,61.171,70.558,82.095,129.627,NA,62.514,14.945,84.286,139.864,23.837,103.293,138.93,62.902,55.663,35.311,9.254,168.62,349.021,33.052,48.091,112.924,13.922,81.94,NA,NA,78.964,NA,149.874,2.828,71.123,126.23,14.549,15.075,30.769,74.978,39.977,37.523,11.028,75.157,151.256,142.721,65.955,104.432,109.278,273.989,37.417,166.97,147.24,75.777,95.31
"1876-12",69.948,25.632,152.843,163.722,25.947,173.144,60.11,35.312,64.162,113.875,NA,94.592,28.132,65.076,77.797,68.476,107.072,104.552,27.624,82.614,3.533,11.821,72.944,294.849,13.279,106.183,181.645,18.891,75.552,NA,NA,59.545,NA,106.134,14.607,21.056,185.279,69.563,24.624,38.254,92.003,39.857,32.881,14.704,86.486,178.583,110.066,68.412,80.575,109.3,321.714,48.803,30.196,48.191,67.761,95.381
"1877-01",76.7,19.04,136.925,161.236,24.734,194.308,50.707,27.168,50.376,81.405,NA,91.341,27.554,69.431,34.011,144.62,110.247,88.269,30.108,64.67,1.457,15.759,16.87,184.341,57.866,130.946,201.34,16.8,75.92,NA,NA,43.208,NA,105.869,5.905,2.691,253.16,355.613,135.415,38.6,65.555,53.556,44.22,14.579,94.117,189.249,86.36,79.453,67.399,88.282,285.293,57.639,8.533,12.621,74.891,97.152
"1877-02",59.759,14.773,86.877,122.918,27.581,147.423,16.547,13.651,33.411,84.701,NA,93.489,21.015,78.274,34.313,101.701,89.131,44.708,54.103,50.135,1.624,12.603,5.478,72.839,22.726,142.124,149.206,9.949,57.974,NA,NA,45.295,NA,104.281,1.426,1.866,218.85,278.514,85.818,43.567,57.636,72.447,65.837,19.756,111.799,173.447,71.933,124.363,42.996,97.25,231.499,95.947,3.657,13.676,87.41,97.048
"1877-03",56.858,18.557,94.265,132.373,27.939,110.71,15.002,10.227,23.248,72.363,NA,69.244,11.71,70.269,20.741,133.544,97.044,62.01,5.012,44.453,7.664,2.681,3.389,48.932,57.327,123.265,129.437,15.822,75.444,NA,NA,16.383,NA,108.881,0.202,9.831,235.424,275.788,103.923,34.491,81.552,84.287,62.204,12.33,120.768,178.678,61.277,100.406,36.743,82.747,153.111,143.888,3.962,25.175,92.052,95.333
"1877-04",60.482,26.107,20.869,95.374,21.914,41.233,5.948,12.674,21.416,43.765,NA,92.022,24.79,62.505,23.721,325.358,76.972,56.115,1.665,25.615,49.048,5.357,5.536,103.741,106.652,99.839,152.831,11.914,41.407,NA,NA,3.606,NA,81.362,5.295,2.223,230.952,184.07,68.834,51.309,118.402,87.03,60.098,9.635,121.996,173.607,65.95,99.51,142.212,72.305,84.745,107.282,2.826,13.091,93.199,94.567
"1877-05",33.176,20.078,74.807,68.605,19.638,38.748,11.574,40.699,23.848,39.563,NA,106.112,38.545,61.112,21.93,348.954,38.001,43.757,5.342,20.188,131.769,2.886,5.54,152.371,44.942,99.75,149.357,12.422,74.863,NA,NA,22.58,NA,149.689,1.103,10.608,250.793,155.049,29.019,74.461,80.123,78.469,70.017,8.693,123.532,124.463,91.066,85.039,204.143,55.717,136.597,75.065,3.058,64.834,99.285,95.834
"1877-06",44.199,31.848,50.504,115.26,17.202,18.083,28.266,249.634,69.023,89.998,NA,71.123,32.54,60.487,47.204,217.3,42.4,23.507,1.001,15.767,231.183,3.603,28.799,214.313,68.728,83.64,45.215,26.196,63.313,NA,NA,2.869,NA,150.819,0.099,33.712,217.689,14.864,64.036,89.423,112.177,63.293,65.403,19.883,107.412,111.11,132.321,70.103,259.778,68.413,157.941,68.677,43.351,33.326,92.772,96.638
"1877-07",55.83,45.452,57.151,132.063,37.944,17.534,29.673,149.675,52.687,88.707,NA,96.647,50.955,48.608,159.441,65.616,46.866,24.805,3.13,4.693,294.341,1.992,17.757,61.878,59.929,70.479,9.626,21.01,83.63,NA,NA,3.523,NA,145.121,0.122,243.016,216.756,10.226,58.208,97.577,103.665,66.888,60.312,24.715,94.882,138.408,150.917,67.995,162.909,64.098,137.848,43.877,137.817,284.446,88.256,96.742
"1877-08",64.277,44.906,68.198,109.279,36.789,40.826,94.369,256.646,62.845,135.83,NA,60.333,73.11,65.197,170.247,15.261,62.161,34.576,8.022,5.091,322.259,0.773,17.007,72.474,46.129,78.051,10.576,42.076,113.105,NA,NA,6.071,NA,218.481,0.03,130.427,179.818,5.645,49.712,81.176,109.556,69.47,64.048,39.641,84.526,100.765,200.002,70.669,96.218,66.312,120.52,38.583,44.863,163.915,77.87,93.859
"1877-09",61.241,44.087,209.401,133.631,38.288,58.009,108.084,229.296,97.303,126.523,NA,37.93,35.123,73.752,102.217,7.006,79.089,46.493,20.573,20.886,214.628,1.127,31.943,85.502,32.158,21.726,13.573,35.474,81.564,NA,NA,16.981,NA,172.302,0.366,181.457,229.548,9.518,11.502,44.196,59.128,57.037,55.58,26.921,78.181,112.315,182.035,71.942,74.703,101.24,146.384,24.31,83.477,247.429,82.722,95.041
"1877-10",62.991,41.223,140.902,133.286,43.036,131.251,82.651,275.265,115.089,137.247,NA,63.036,28.056,79.175,60.725,12.369,94.196,44.843,1.246,60.081,215.313,14.161,93.029,263.238,28.468,59.497,28.011,31.901,121.05,NA,NA,36.8,NA,156.337,10.582,46.542,120.956,6.588,7.205,49.815,87.928,62.863,39.676,24.248,73.765,113.479,163.287,66.923,91.589,108.164,228.983,25.541,42.702,84.282,83.745,93.924
"1877-11",67.336,40.859,47.083,113.618,28.279,166.598,42.41,97.543,69.02,140.767,NA,93.199,25.294,80.489,132.692,35.148,80.693,149.861,46.194,56.406,58.972,8.098,101.645,258.458,46.252,93.219,51.321,16.985,107.943,NA,NA,84.815,NA,119.072,8.244,96.17,138.63,28.155,16.004,26.636,57.298,46.05,42.043,7.895,82.854,117.477,130.84,69.549,110.482,115.513,304.596,29.074,135.849,164.801,74.105,92.173
"1877-12",68.104,26.863,129.736,101.145,29.797,184.127,33.692,53.688,79.418,126.989,NA,79.216,24.597,86.82,105.86,45.973,87.787,89.739,82.687,39.973,4.204,17.3,67.274,238.697,11.303,98.404,237.672,20.026,78.871,NA,NA,63.771,NA,122.309,6.083,41.154,251.037,72.333,8.858,51.889,69.53,45.903,30.662,12.46,85.553,162.848,106.987,69.17,71.627,109.758,328.759,64.3,56.07,218.468,69.177,98.035
"1878-01",73.924,28.453,139.501,123.594,24.621,90.274,27.843,21.837,39.668,88.714,NA,93.689,22.72,77.303,39.845,73.052,64.006,100.092,29.6,87.512,4.392,14.147,10.164,77.661,14.407,115.005,161.241,10.927,88.074,NA,NA,54.859,NA,123.031,5.976,12.25,278.159,322.085,94.118,42.24,48.305,43.076,45.761,9.982,99.624,179.985,94.011,64.419,51.748,88.911,228.695,72.985,25.258,26.407,77.011,94.271
"1878-02",45.9,26.458,129.147,180.28,18.926,84.474,17.043,16.312,39.862,60.243,NA,78.923,24.902,93.733,23.893,104.774,70.854,93.069,83.578,48.462,2.903,9.715,4.03,40.859,39.482,128.464,169.179,11.284,77.722,NA,NA,82.822,NA,121.072,0.717,2.467,236.98,315.351,147.509,37.615,59.257,67.064,74.117,8.409,123.17,183.943,77.655,90.036,50.361,114.939,145.744,94.773,3.157,26.888,83.887,95.16
"1878-03",59.302,19.054,136.329,144.275,16.351,61.259,18.9,11.295,22.955,118.44,NA,56.035,22.622,83.5,28.158,95.673,86.784,72.878,32.323,34.601,7.469,1.871,2.353,32.977,51.529,180.459,164.35,12.763,74.275,NA,NA,36.748,NA,102.944,0.114,5.76,229.491,326.182,141.959,48.043,70.359,73.859,72.328,8.707,110.595,179.474,60.545,88.781,60.174,84.142,113.038,118.389,4.928,15.282,91.398,94.321
"1878-04",45.21,29.245,88.501,98.365,27.321,67.348,10.571,20.389,25.377,79.125,NA,78.707,24.702,68.575,24.578,296.197,56.079,43.635,7.498,20.745,50.083,3.742,2.162,117.674,29.355,127.806,90.027,19.001,64.456,NA,NA,14.471,NA,95.227,0.065,40.074,221.878,265.663,103.326,58.482,53.481,79.6,73.539,15.196,130.698,164.106,56.198,83.983,122.071,64.611,114.679,92.876,28.981,142.523,98.308,94.321
"1878-05",44.189,26.739,75.638,115.442,16.847,62.316,10.888,47.126,35.345,48.567,NA,113.933,44.062,69.955,18.395,324.83,55.438,39.127,11.555,20.701,208.453,21.58,21.831,179.241,48.322,99.698,88.791,21.438,54.391,NA,NA,6.264,NA,129.449,27.955,13.193,195.803,153.225,79.608,72.03,118.557,81.556,67.525,19.015,114.865,159.922,76.019,68.598,224.223,57.874,121.585,77.917,10.336,49.509,95.025,95.15
"1878-06",52.571,46.884,27.608,141.987,33.615,28.266,11.883,191.167,75.312,83.556,NA,87.781,30.281,81.056,89.567,251.904,32.948,32.95,5.675,15.973,228.589,2.738,9.06,58.558,103.097,74.149,21.854,19.981,88.234,NA,NA,18.343,NA,144.754,0.12,99.911,265.549,13.077,47.867,115.228,155.945,76.194,67.812,12.49,105.649,158.143,107.888,75.357,207.719,70.47,109.685,51.351,47.646,156.853,92.066,97.513
"1878-07",47.857,51.407,35.802,126.53,24.589,22.232,51.131,204.287,41.556,106.667,NA,78.106,48.68,50.017,141.337,39.55,46.956,34.51,0.273,4.956,393.259,2.415,8.111,24.373,86.724,124.661,9.025,44.67,63.902,NA,NA,2.238,NA,183.177,0.06,175.771,216.829,16.403,21.823,131.167,97.651,65.323,45.121,33.748,95.627,146.862,161.615,63.869,133.481,66.687,91.829,50.15,88.21,223.424,86.984,97.532
"1878-08",39.91,39.806,63.189,168.772,51.713,11.422,64.52,162.024,41.095,139.473,NA,85.032,44.735,81.213,162.864,11.535,70.525,39.439,1.775,2.831,236.251,3.419,10.791,37.056,128.436,102.233,5.847,36.76,66.303,NA,NA,5.113,NA,231.772,3.327,159.411,215.03,5.734,23.486,71.475,103.555,61.965,40.594,32.183,85.748,138.88,167.348,87.196,65.862,91.106,118.365,39.539,48.057,223.388,81.15,96.168
"1878-09",66.819,49.044,152.568,167.52,38.356,54.031,84.368,160.866,78.774,114.22,NA,58.502,34.673,77.504,72.254,9.508,73.16,36.302,8.044,17.168,266.831,1.84,20.944,97.286,23.539,26.863,11.383,41.592,108.764,NA,NA,9.74,NA,151.828,0.265,114.049,234.603,8.184,9.318,32.026,66.89,57.46,63.142,33.601,74.576,155.135,153.932,76.946,55.982,103.628,206.245,29.696,59.738,204.906,83.531,96.646
"1878-10",82.482,46.396,76.586,92.626,28.237,28.675,128.46,190.878,99.444,129.51,NA,63.381,16.671,74.568,93.464,13.055,71.258,39.566,2.586,50.172,172.879,8.626,75.641,205.727,49.927,62.872,15.654,31.579,95.579,NA,NA,10.825,NA,110.186,50.945,34.868,108.909,4.859,11.894,40.034,83.678,57.478,54.379,22.196,72.044,141.76,176.154,60.003,69.195,96.798,238.102,33.42,41.396,61.183,78.321,92.56
"1878-11",48.029,27.255,115.763,207.528,51.178,83.513,56.395,158.102,103.659,134.689,NA,53.159,25.303,73.299,95.502,15.305,84.799,154.957,42.21,67.235,45.493,22.61,199.976,288.236,20.872,57.787,54.244,19.17,111.507,NA,NA,38.06,NA,113.392,34.424,63.219,136.966,9.94,12.235,49.937,43.866,41.343,47.122,11.57,74.573,137.314,132.401,66.471,103.869,110.938,387.298,38.402,158.28,110.496,73.138,93.626
"1878-12",63.591,14.551,157.83,147.574,35.814,184.409,92.311,46.668,78.168,116.85,NA,68.948,12.525,61.734,44.256,48.665,74.276,104.918,46.124,63.448,4.223,11.175,32.646,228.902,50.369,89.456,252.076,17.542,87.185,NA,NA,80.925,NA,107.431,38.463,54.11,173.613,93.537,16.642,51.629,79.216,39.123,29.557,18.862,87.695,201.957,109.038,69.852,82.712,109.857,245.557,52.199,87.261,46.489,70.274,95.31
"1879-01",70.387,21.034,138.825,164.018,38.704,61.356,37.772,21.61,52.023,57.806,NA,90.728,16.596,87.962,26.993,96.855,70.275,120.558,72.885,45.3,0.76,8.677,22.123,233.536,20.967,143.737,200.536,20.184,59.01,NA,NA,80.893,NA,111.901,9.567,2.224,223.866,269.785,50.469,21.37,69.794,51.143,54.145,18.367,106.642,208.011,87.91,73.681,64.988,102.549,268.933,59.366,9.973,13.621,75.281,97.374
"1879-02",71.255,16.158,249.254,134.509,31.781,124.873,71.095,16.698,49.457,71.936,NA,72.143,26.75,99.2,19.233,102.24,114.804,37.604,50.922,59.008,3.213,7.325,4.811,59.172,32.744,110.568,204.421,13.6,63.948,NA,NA,53.731,NA,88.126,0.955,1.327,212.885,371.346,61.678,39.985,58.219,68.516,60.455,14.906,132.327,187.482,68.647,77.085,49.683,96.289,191.685,111.986,2.365,10.024,82.725,96.686
"1879-03",49.874,16.863,108.236,165.34,23.604,66.465,23.917,7.367,30.701,86.233,NA,98.883,25.582,122.728,17.944,129.752,74.62,52.345,44.667,31.708,5.668,4.66,2.345,68.009,63.095,94.752,131.666,10.738,60.364,NA,NA,32.821,NA,102.572,1.333,6.022,201.464,223.346,51.061,42.082,76.711,85.702,76.422,12.901,111.708,212.761,63.536,104.948,44.575,84.488,128.86,122.934,2.366,8.242,87.093,94.648
"1879-04",62.151,24.583,155.467,90.597,19.075,48.167,23.481,9.764,19.85,58.228,NA,104.106,33.492,90.994,21.105,286.869,68.135,33.272,9.319,27.409,72.085,2.421,2.624,87.015,37.709,110.776,104.617,21.458,65.612,NA,NA,26.689,NA,106.128,0.086,3.302,209.558,317.03,112.289,76.367,101.561,80.161,64.104,19.269,124.935,177.433,58.749,85.886,144.55,60.083,84.97,117.55,1.738,65.547,91.201,97.299
"1879-05",34.244,33.762,40.495,95.424,15.688,23.62,10.712,37.8,17.507,59.514,NA,92.765,50.684,80.661,21.333,292.111,43.347,75.05,19.386,20.632,114.241,3.647,13.111,181.884,23.645,64.107,137.725,14.236,75.201,NA,NA,14.478,NA,140.063,2.686,7.897,233.99,69.442,48.682,71.86,99.984,75.883,77.543,10.317,114.191,183.238,67.35,89.771,198.085,68.782,116.815,100.062,3.969,40.834,97.273,96.436
"1879-06",41.973,36.482,126.493,113.632,16.999,18.006,25.518,170.59,57.672,80.448,NA,62.006,78.759,63.993,61.2,313.737,32.291,45.842,6.014,11.877,226.109,2.402,14.903,140.86,89.55,115.82,38.13,26.75,78.723,NA,NA,7.605,NA,168.776,0.198,25.884,193.042,36.479,53.186,69.666,101.429,64.514,71.184,14.78,107.604,149.476,110.28,76.303,227.691,66.623,133.465,76.902,27.602,55.657,84.524,95.864
"1879-07",54.784,53.707,14.53,129.31,45.737,13.656,24.621,192.337,39.515,105.843,NA,99.373,42.105,85.536,202.046,99.211,35.152,21.832,0.1,3.365,281.234,0.986,18.657,79.746,68.482,60.753,5.67,46.824,40.197,NA,NA,0.598,NA,218.368,0.032,176.306,221.354,14.923,46.313,101.272,109.327,74.763,58.563,30.477,94.178,136.904,150.122,76.325,140.19,66.904,171.951,42.773,98.685,275.702,85.063,96.979
"1879-08",48.655,53.408,126.921,137.411,51.932,7.927,93.831,212.916,52.842,108.553,NA,57.121,54.483,99.701,175.253,16.497,51.695,49.771,20.595,4.152,271.6,1.43,18.09,50.304,100.741,92.044,4.321,37.544,75.146,NA,NA,8.086,NA,210.701,0.158,171.12,169.151,2.801,27.492,111.804,109.291,57.688,48.277,34.014,83.817,118.45,187.094,78.035,49.195,78.498,131.147,35.119,89.287,233.475,80.751,95.301
"1879-09",75.711,60.185,168.117,141.266,37.144,30.854,109.602,227.957,101.253,114.061,NA,73.072,19.664,63.392,118.125,17.555,56.134,55.916,14.194,8.423,209.817,0.927,21.771,41.652,27.405,50.78,8.003,37.431,87.857,NA,NA,16.613,NA,203.314,0.172,176.407,198.071,3.655,8.805,73.168,85.176,65.668,53.975,28.619,78.068,126.998,176.154,60.111,58.374,100.443,158.509,37.029,111.033,241.854,86.436,94.817
"1879-10",38.449,43.138,264.145,197.979,35.324,104.22,107.42,186.41,105.116,135.879,NA,57.964,24.223,98.664,120.848,22.067,77.459,111.254,7.617,40.819,95.062,7.626,33.18,121.197,48.327,48.477,11.369,30.026,103.697,NA,NA,26.971,NA,127.615,4.627,120.744,179.299,6.641,6.995,46.668,94.852,58.475,50.473,12.615,75.624,133.547,163.87,69.146,76.812,107.913,188.59,28.292,65.968,160.941,82.842,94.233
"1879-11",58.559,37.327,164.715,125.516,26.259,41.733,56.176,83.963,53.268,125.489,NA,73.454,26.422,75.498,142.646,20.556,71.597,186.424,32.431,64.053,24.166,11.525,150.201,216.603,15.745,70.184,102.141,14.322,122.02,NA,NA,49.286,NA,132.511,9.321,57.067,126.261,27.181,17.385,47.473,93.044,45.902,39.147,9.591,80.428,135.125,139.057,67.385,82.225,97.349,328.181,45.521,207.417,105.485,69.351,92.683
"1879-12",51.218,44.759,139.582,114.869,24.348,126.104,60.153,36.017,41.826,91.318,NA,71.293,20.277,95.78,73.186,60,80.237,141.555,48.183,77.918,2.432,9.616,30.984,196.327,23.683,82.626,122.443,15.76,108.474,NA,NA,58.082,NA,144.884,12.705,16.791,247.749,169.349,37.45,48.84,101.068,44.625,30.64,13.187,87.903,158.039,109.808,75.487,73.518,108.907,260.408,56.503,42.591,32.627,67.676,93.8
"1880-01",61.264,20.572,144.464,132.781,28.829,134.384,39.963,28.935,35.136,56.202,NA,92.884,13.526,82.837,70.282,106.463,92.361,90.037,33.289,57.605,1.689,7.587,15.063,95.06,15.765,139.948,115.496,15.586,78.5,NA,NA,49.029,NA,131.88,7.15,4.269,219.536,253.828,60.614,23.055,65.869,59.714,51.428,12.58,106.766,161.357,104.914,65.482,63.064,92.936,312.22,87.58,24.037,21.812,77.903,97.38
"1880-02",68.991,23.554,161.643,103.392,30.427,85.419,44.788,24.638,36.398,68.741,NA,95.201,23.94,84.169,62.896,120.826,110.734,41.428,94.957,27.135,1.456,1.889,5.304,41.132,20.086,100.557,170.392,15.725,61.955,NA,NA,48.957,NA,110.956,1.199,2.564,232.21,431.902,92.459,63.902,72.985,70.853,62.353,15.403,131.107,158.788,85.863,79.35,51.788,82.547,172.092,103.289,4.481,36.923,80.54,94.174
"1880-03",53.338,33.544,118.661,143.066,22.838,50.781,57.689,14.272,34.034,97.447,NA,106.327,31.789,115.416,19.75,169.759,73.877,58.754,19.63,39.564,11.088,7.051,8.69,76.281,23.553,101.826,115.599,15.249,59.594,NA,NA,17.274,NA,92.711,0.628,3.237,147.322,241.843,140.51,77.265,97.031,87.897,68.569,13.448,117.757,160.041,81.741,85.418,73.272,93.52,111.991,114.889,4.961,4.71,88.953,92.627
"1880-04",43.385,23.91,167.469,116.184,19.803,68.526,7.974,32.879,16.087,83.904,NA,93.738,38.068,139.91,20.323,293.871,59.886,47.674,5.573,20.748,60.561,7.243,5.808,101.845,62.321,111.48,130.31,16.742,65.071,NA,NA,12.509,NA,110.992,6.511,14.975,175.83,262.683,65.418,52.372,108.94,100.145,75.706,11.762,106.024,179.105,78.539,87.537,103.298,65.189,132.449,119.914,16.532,15.741,90.79,94.912
"1880-05",34.681,19.601,58.775,131.765,14.9,82.028,13.017,53.823,39.54,72.519,NA,92.14,47.059,91.422,17.858,377.02,39.267,34.032,7.342,11.027,154.456,4.311,24.397,140.651,53.315,115.031,96.663,21.606,41.695,NA,NA,8.093,NA,143.799,2.379,9.493,260.716,139.702,70.689,54.412,82.022,85.058,76.384,12.257,102.72,174.08,83.208,86.496,195.561,71.139,73.189,74.858,16.923,20.754,94.471,95.063
"1880-06",55.271,44.414,5.781,74.433,21.674,32.2,18.219,179.889,38.28,130.154,NA,104.796,64.999,76.526,88.684,352.406,27.409,37.898,1.686,11.527,281.277,3.018,73.723,155.019,75.809,63.452,9.868,22.037,59.719,NA,NA,4.236,NA,167.939,0.199,44.877,201.444,26.685,126.546,96.381,92.813,72.821,63.579,15.48,103.852,146.795,115.84,81.104,201.733,64.823,223.071,60.787,139.413,40.918,89.261,97.494
"1880-07",49.361,52.953,10.323,138.352,23.776,17.61,51.523,210.375,50.278,131.865,NA,70.26,35.136,76.783,208.664,71.687,39.848,51.211,2.504,5.091,230.775,2.675,12.644,44.731,59.613,47.66,4.233,26.223,66.621,NA,NA,4.076,NA,150.55,0.082,229.758,243.143,29.682,57.771,90.556,115.629,69.447,57.821,32.225,83.941,135.794,151.818,76.846,131.393,68.701,147.84,40.351,123.25,348.874,85.088,95.972
"1880-08",52.692,60.698,75.279,168.712,48.257,28.309,55.596,199.022,66.929,135.436,NA,71.507,49.357,96.774,182.56,19.122,60.346,23.632,2.204,1.748,206.161,2.619,17.096,48.539,61.913,53.374,5.744,37.323,88.356,NA,NA,3.87,NA,185.055,0.379,171.24,222.088,14.205,31.838,86.927,91.309,66.774,52.109,31.026,91.656,128.167,185.985,76.954,61.013,80.487,97.054,32.131,77.761,252.227,85.075,96.55
"1880-09",63.439,52.932,59.33,133.602,38.272,39.171,88.472,232.125,87.657,156.282,NA,68.99,33.01,74.863,109.815,12.05,46.244,72.621,10.614,17.154,178.942,2.786,58.297,95.274,27.165,61.918,5.13,36.761,89.767,NA,NA,14.471,NA,254.807,0.443,81.881,154.85,3.292,17.069,72.422,101.187,64.157,54.845,23.814,83.084,132.047,191.581,68.095,49.176,108.515,169.644,28.861,25.046,116.787,82.545,96.445
"1880-10",57.324,43.999,173.015,135.494,25.176,101.195,104.499,190.721,99.131,146.796,NA,70.222,38.559,77.793,52.698,12.29,65.787,104.997,11.681,56.498,145.874,2.447,55.85,110.842,45.699,53.943,10.879,30.997,126.504,NA,NA,29.538,NA,98.924,0.872,129.212,137.445,5.393,16.055,33.821,63.055,61.65,52.388,24.221,77.897,136.249,155.318,62.421,62.966,119.823,242.169,28.035,54.98,267.338,78.976,92.975
"1880-11",77.338,31.565,132.636,112.128,25.03,151.543,101.12,107.788,67.427,158.43,NA,54.975,24.66,85.428,128.864,13.872,65.284,114.007,57.767,74.084,28.025,9.056,116.683,345.089,10.857,57.836,57.283,9.76,105.248,NA,NA,92.863,NA,155.526,9.448,87.303,135.047,3.641,12.595,57.251,106.637,42.422,36.945,15.857,81.533,162.406,140.071,69.011,82.375,97.656,308.781,29.404,77.447,266.597,68.968,94.324
"1880-12",62.433,21.361,88.532,100.645,43.348,182.026,48.494,45.5,85.517,114.908,NA,66.425,18.778,74.756,96.114,30.518,89.242,120.834,95.026,53.597,2.908,13.167,133.587,335.895,17.166,111.524,221.877,14.324,96.576,NA,NA,63.524,NA,125.035,21.748,18.537,153.22,65.19,16.403,37.117,75.609,39.754,36.85,12.187,87.232,176.269,108.004,63.462,81.299,100.297,328.381,53.199,69.775,61.811,68.059,95.05
"1881-01",77.185,18.638,97.885,150.031,21.257,102.989,35.668,29.596,59.85,61.035,NA,80.11,13.02,73.231,66.177,77.167,95.883,90.006,27.943,63.403,0.874,11.767,31.454,144.285,22.772,151.122,174.535,15.542,67.124,NA,NA,52.478,NA,115.172,12.535,20.437,244.007,320.73,88.364,31.232,78.063,48.756,55.895,12.425,110.332,172.173,92.346,68.204,55.275,89.263,205.983,70.783,25.649,48.502,72.935,94.653
"1881-02",65.071,10.895,118.941,179.811,14.49,133.667,53.246,20.233,36.521,89.004,NA,86.31,26.062,81.853,50.131,83.014,82.804,102.777,29.534,73.698,2.983,8.055,8.226,59.753,26.765,136.836,153.907,17.918,66.307,NA,NA,43.439,NA,93.225,3.687,13.421,222.07,321.768,111.266,31.169,77.49,79.329,63.602,15.534,130.912,159.779,82.954,89.317,39.296,102.233,166.774,100.178,11.303,28.985,84.281,95.482
"1881-03",63.838,18.538,101.156,145.296,21.939,84.051,29.466,18.548,40.632,144.507,NA,92.364,40.443,96.711,25.487,148.079,70.445,25.804,31.076,35.838,6.008,9.596,7.379,41.623,42.925,159.027,60.452,19.385,71.982,NA,NA,80.27,NA,103.577,0.591,14.739,182.318,240.27,62.844,40.52,73.514,82.063,77.639,19.591,128.317,164.881,57.953,110.976,46.808,84.861,157.453,109.742,3.507,24.033,88.502,94.864
"1881-04",46.198,27.695,51.105,127.245,21.743,52.794,8.925,14.495,17.082,91.215,NA,68.867,32.865,81.05,19.428,204.035,60.708,63.107,34.105,21.706,52.775,2.344,29.184,95.72,28.625,91.785,149.832,25.427,70.913,NA,NA,45.214,NA,90.617,0.295,5.389,158.408,204.099,65.16,65.197,58.766,97.046,65.041,15.866,112.244,156.322,63.649,101.518,118.224,77.273,122.927,142.279,13.327,7.028,92.511,94.83
"1881-05",52.772,30.093,25.819,68.179,11.446,46.381,3.322,34.233,20.561,65.691,NA,99.882,43.292,110.515,15.685,272.619,36.214,70.844,6.005,24.803,165.18,3.167,7.032,182.794,41.34,76.009,82.212,19.625,53.444,NA,NA,21.688,NA,128.961,0.397,6.354,272.006,71.788,43.226,65.105,80.006,83.428,64.844,13.917,105.676,167.43,71.26,99.076,198.703,53.208,157.116,103.136,5.325,54.961,90.16,96.187
"1881-06",47.924,27.552,17.087,90.471,16.245,32.11,25.323,224.735,48.32,90.079,NA,103.163,89.246,47.297,76.691,190.478,35.546,45.969,7.291,16.917,237.822,4.057,26.21,142.22,72.995,76.052,7.527,28.318,45.876,NA,NA,8.236,NA,197.855,1.464,148.633,268.001,45.693,108.199,95.168,102.131,73.276,58.002,12.422,96.445,114.891,126.297,78.428,222.698,61.009,121.757,59.055,77.785,161.96,82.363,95.087
"1881-07",45.586,47.182,77.727,136.644,54.014,32.752,46.384,230.063,37.735,97.401,NA,83.172,48.859,44.525,173.035,92.431,33.073,36.514,2.921,11.351,307.068,1.24,12.557,29.504,123.972,173.662,2.322,27.598,96.674,NA,NA,3.04,NA,167.873,0.449,274.523,208.9,10.625,73.679,108.151,116.024,73.111,65.256,24.581,98.908,116.955,150.484,65.163,208.626,60.051,55.041,63.841,113.427,264.745,82.95,94.409
"1881-08",62.282,46.808,82.397,112.969,47.418,21.598,69.337,190.353,47.645,117.818,NA,82.7,42.832,68.306,157.843,15.317,42.915,21.759,1.666,11.324,253.549,1.908,20.85,50.747,59.238,99.048,6.419,36.096,74.827,NA,NA,1.768,NA,216.395,0.08,183.392,169.158,3.724,26.216,91.469,104.062,66.434,42.611,38.416,89.147,106.267,195.647,73.475,99.868,73.199,82.621,41.791,94.231,251.197,81.508,96.37
"1881-09",69.953,51.574,43.471,133.674,44.853,25.901,63.961,246.901,75.715,141.794,NA,85.848,29.354,77.291,143.95,8.008,58.993,24.171,14.324,16.354,222.658,1.05,32.804,93.248,60.066,45.201,6.143,36.999,88.94,NA,NA,17.179,NA,210,0.404,96.641,165.218,2.845,15.947,84.64,96.086,57.329,36.805,31.254,79.152,122.279,183.662,70.267,62.906,93.914,190.828,26.841,25.653,136.799,80.613,93.69
"1881-10",59.06,49.34,112.928,131.437,49.918,64.55,83.217,144.08,63.006,136.391,NA,81.488,23.531,42.39,93.962,14.41,102.081,56.628,51.17,27.101,161.298,3.923,126.527,159.198,33.425,76.836,13.108,35.023,96.178,NA,NA,120.663,NA,96.841,9.032,116.919,126.122,3.421,16.652,54.382,82.135,56.321,37.353,22.159,78.263,134.564,158.985,57.988,81.084,88.397,254.657,40.138,101.183,186.327,77.745,92.658
"1881-11",60.888,36.068,248.594,133.058,38.466,82.913,75.467,62.789,67.336,123.598,NA,75.029,19.278,75.979,164.375,35.012,96.257,107.687,73.607,39.861,33.541,45.096,199.708,248.356,15.111,99.143,34.034,25.185,96.868,NA,NA,110.745,NA,97.283,59.565,20.439,139.064,14.704,17.093,22.439,61.37,53.327,36.752,14.957,79.784,139.571,138.912,65.163,101.788,99.332,280.284,46.334,65.096,68.554,72.415,91.355
"1881-12",69.278,25.385,125.912,190.026,26.788,150.524,55.968,30.172,61.88,100.662,NA,76.45,21.269,65.245,96.429,35.467,98.777,132.583,34.869,67.51,2.35,20.321,55.256,289.86,10.632,119.433,128.51,18.097,95.823,NA,NA,23.38,NA,138.042,16.18,42.849,186.137,64.052,38.238,42.958,87.293,49.213,34.356,10.68,86.195,163.059,115.689,56.324,81.924,116.55,333.324,75.395,59.755,62.829,70.648,96.725
"1882-01",71.094,19.683,185.526,160.737,34.259,127.621,84.623,30.682,48.031,85.849,NA,93.037,22.286,55.413,47.024,45.632,112.618,71.489,59.183,68.194,1.573,5.66,9.142,70.583,13.482,108.548,137.051,12.663,71.118,NA,NA,44.648,NA,85.28,2.337,18.267,257.461,323.69,89.059,41.928,78,53.17,32.021,11.617,90.187,182.824,94.007,73.488,59.627,94.756,252.755,88.14,37.934,90.009,76.74,95.707
"1882-02",61.419,21.222,118.251,132.644,34.914,90.393,40.744,19.327,44.798,138.15,NA,76.226,19.538,116.402,19.819,59.436,88.604,106.774,30.077,58.199,1.481,3.488,6.045,56.826,23.752,131.254,165.339,18.935,57.874,NA,NA,27.025,NA,82.041,0.534,21.982,233.019,375.605,151.887,21.006,55.312,65.821,56.1,13.915,119.144,164.468,81.36,73.457,37.832,111.121,215.759,107.482,35.761,42.637,80.109,97.171
"1882-03",61.583,29.487,91.407,141.202,22.745,108.975,22.408,16.559,41.04,153.603,NA,99.759,45.777,107.347,28.358,97.481,59.057,100.051,30.776,45.836,8.143,4.925,3.022,67.92,48.633,128.141,127.158,15.187,64.925,NA,NA,33.971,NA,80.831,0.531,2.862,204.913,266.716,153.274,30.873,82.631,84.41,62.61,12.55,133.715,165.007,66.494,105.191,43.232,85.052,164.759,105.952,4.385,13.333,87.685,94.025
"1882-04",49.325,16.011,38.636,102.468,21.742,112.757,11.314,29.021,25.873,100.855,NA,104.221,30.909,72.438,18.203,212.375,46.994,46.719,13.409,28.273,93.702,3.579,8.526,89.421,51.842,103.671,157.721,14.048,67.152,NA,NA,19.858,NA,71.289,1.294,7.676,190.429,202.95,78.195,34.576,68.797,79.555,72.664,15.047,114.291,167.197,67.727,109.717,148.436,79.746,79.127,104.409,8.185,42.588,98.175,93.754
"1882-05",43.885,29.478,81.957,128.856,23.614,12.457,21.435,31.641,20.609,77.641,NA,101.303,47.2,33.367,22.765,289.83,51.482,41.599,25.803,15.785,108.516,2.717,8.079,149.702,46.001,117.325,144.647,15.922,73.283,NA,NA,24.567,NA,127.9,0.15,38.866,238.501,52.083,81.141,78.264,122.152,78.362,59.941,12.034,123.892,128.306,78.782,87.789,161.928,64.308,151.95,77.145,16.215,134.549,96.079,95.046
"1882-06",27.018,37.378,105.027,126.49,19.058,14.999,23.04,232.222,46.263,97.904,NA,90.544,52.64,80.939,59.728,344.721,36.274,41.048,0.324,3.781,225.197,0.67,16.987,150.383,120.993,115.202,56.32,16.024,77.168,NA,NA,2.949,NA,217.215,0.153,62.776,200.146,24.299,58.84,87.369,111.115,80.032,59.336,11.66,103.822,124.893,138.98,71.098,210.282,63.396,121.93,59.08,34.024,75.298,86.383,96.453
"1882-07",44.044,45.718,78.761,116.256,21.925,17.583,28.739,159.254,41.832,100.577,NA,85.391,75.366,67.148,138.238,75.854,40.649,20.94,1.594,5.394,385.874,2.542,19.523,94.191,42.664,48.145,25.773,41.105,64.673,NA,NA,2.233,NA,112.94,0.123,218.416,181.915,11.234,81.113,73.679,106.922,70.581,53.361,31.501,100.222,117.141,147.991,75.532,167.118,54.342,202.507,54.479,173.547,230.834,79.292,94.653
"1882-08",55.674,51.196,45.214,132.977,34.9,18.835,49.349,169.861,51.266,110.165,NA,86.321,63.547,73.297,120.579,10.171,59.181,16.637,2.129,5.15,309.897,1.122,24.613,99.07,48.308,43.509,6.3,39.886,84.732,NA,NA,1.17,NA,213.316,0.797,167.322,202.732,4.494,25.441,97.85,94.762,62.336,55.063,37.116,90.133,109.374,172.225,83.237,81.764,87.776,215.747,34.373,99.31,281.653,76.757,96.623
"1882-09",83.305,41.996,197.986,157.288,53.354,59.081,126.293,263.182,97.67,141.025,NA,65.718,27.37,68.695,106.199,8.997,55.256,27.954,17.093,24.2,226.373,1.614,29.997,102.646,59.718,68.99,8.773,43.379,61.864,NA,NA,18.293,NA,116.39,0.301,102.49,173.989,2.731,7.669,116.843,104.449,54.416,53.404,26.152,72.87,105.339,210.055,64.053,58.105,104.451,123.154,29.639,28.18,145.404,81.272,95.34
"1882-10",67.659,44.256,56.284,103.061,38.59,109.352,66.852,192.198,142.097,139.988,NA,69.354,32.597,87.544,47.908,7.64,77.316,68.741,28.632,48.681,169.089,33.696,156.291,276.941,29.652,41.139,18.516,35.989,101.36,NA,NA,25.345,NA,70.447,35.89,64.539,116.77,8.848,4.24,39.496,76.204,57.808,49.262,17.576,76.527,123.14,166.551,75.218,76.879,110.599,245.448,32.652,61.129,124.477,81.339,93.098
"1882-11",55.506,23.8,175.77,108.126,49.665,105.82,110.013,148.566,104.278,138.657,NA,86.13,26.26,58.599,104.551,21.407,70.843,131.784,34.152,66.561,27.488,8.969,212.128,371.737,35.667,76.729,145.687,21.613,114.948,NA,NA,65.641,NA,93.55,10.56,67.575,134.037,15.821,14.703,37.534,72.544,60.152,39.299,15.47,88.225,129.735,138.288,60.495,117.426,111.24,207.028,32.296,117.406,137.818,74.788,92.067
"1882-12",66.411,32.018,98.681,143.592,35.094,152.018,43.186,41.587,53.593,111.322,NA,64.23,13.879,89.651,53.568,110.82,73.643,149.201,51.471,79.729,4.734,10.09,136.82,327.307,20.636,132.783,229.177,12.985,93.512,NA,NA,55.823,NA,99.322,9.521,27.085,226.111,189.769,104.786,25.287,71.488,47.92,39.755,10.219,81.57,157.663,117.936,67.578,77.091,97.047,235.965,48.512,93.57,78.471,68.946,94.524
"1883-01",56.586,13.697,135.116,149.144,28.004,195.977,43.489,24.445,57.131,81.383,NA,92.444,22.803,74.883,41.021,72.358,98.135,118.505,37.39,59.137,1.072,7.967,32.467,243.782,25.671,129.271,199.173,12.272,75.476,NA,NA,47.601,NA,95.305,33.443,11.576,226.607,272.014,106.861,35.898,61.034,58.519,38.852,12.661,108.96,203.234,89.63,86.039,61.879,98.184,284.557,50.302,27.668,42.161,73.457,96.551
"1883-02",71.682,22.655,109.699,130.087,29.801,129.701,34.227,18.388,51.992,60.439,NA,72.988,12.531,96.933,24.93,99.333,85.168,57.361,40.388,27.202,2.511,2.959,6.498,79.203,28.624,154.177,226.563,15.035,62.056,NA,NA,45.276,NA,101.535,2.746,6.035,201.452,259.571,54.105,30.447,111.131,76.387,63.282,10.391,114.671,168.309,78.603,99.46,36.024,87.183,211.567,90.704,6.337,4.218,80.433,93.357
"1883-03",62.347,12.833,98.629,125.606,27.579,107.941,27.2,17.115,31.369,77.702,NA,56.026,19.641,113.815,16.157,187.099,75.224,59.427,3.713,38.271,10.733,4.532,4.978,47.401,47.204,123.506,109.531,14.475,62.806,NA,NA,10.304,NA,79.115,0.476,1.696,252.35,400.645,121.575,34.85,99.27,79.949,82.107,11.238,109.708,175.138,71.748,96.444,38.437,79.694,133.806,112.169,2.653,4.327,89.469,94.468
"1883-04",42.991,19.186,22.585,133.994,15.089,65.837,7.58,14.38,28.367,41.855,NA,85.223,33.743,72.656,19.734,278.126,51.555,54.137,28.366,27.721,83.369,1.321,28.28,70.634,67.826,145.76,222.687,18.369,27.419,NA,NA,23.063,NA,83.682,0.833,6.838,156.965,226.156,62.088,41.758,85.18,93.877,82.808,12.883,127.883,147.255,66.054,94.579,160.554,80.165,81.29,98.468,12.471,14.924,95.84,92.27
"1883-05",37.89,28.355,85.176,85.648,23.945,33.595,17,59.463,18.214,66.804,NA,73.745,40.156,79.578,26.384,255.309,33.375,37.358,34.237,9.075,145.812,2.107,3.9,192.668,39.838,112.546,122.516,14.159,79.871,NA,NA,37.836,NA,93.333,0.125,18.613,249.987,125.738,72.281,85.657,116.62,76.695,71.58,14.609,105.76,125.974,80.661,87.982,213.64,59.951,126.016,81.096,6.774,118.72,91.86,94.197
"1883-06",51.314,37.566,63.629,140.638,23.538,12.98,46.853,169.322,33.143,96.857,NA,81.565,71.107,51.248,84.082,130.371,35.469,30.481,9.043,10.627,245.903,0.966,11.654,103.19,111.889,122.666,65.478,26.994,50.438,NA,NA,14.31,NA,151.358,0.368,87.578,238.65,15.905,50.263,77.571,111.433,80.076,58.745,21.016,109.321,114.386,145.349,70.57,254.065,59.208,147.684,67.186,51.155,117.416,91.401,99.719
"1883-07",56.501,43.642,19.596,106.709,21.168,20.399,90.445,275.553,29.108,124.974,NA,102.625,55.376,41.548,181.829,41.427,39.836,18.149,0.587,2.544,357.701,1.748,17.994,68.118,53.672,48.658,8.727,35.49,55.763,NA,NA,0.173,NA,158.837,0.011,205.64,218.62,21.666,49.867,96.263,118.077,67.128,62.28,33.634,99.474,106.8,170.91,66.679,157.542,69.189,134.501,39.655,114.446,236.998,91.128,96.022
"1883-08",58.136,40.093,158.599,129.663,32.205,22.157,58.62,183.913,65.965,114.774,NA,73.211,46.842,64.938,150.115,8.683,59.314,13.847,5.703,1.633,335.18,1.703,11.303,45.262,44.021,42.54,8.684,27.892,88.583,NA,NA,3.911,NA,154.564,0.027,205.643,210.224,7.91,13.845,95.965,86.215,57.47,40.238,23.853,88.337,111.584,175.569,69.874,82.988,91.451,175.29,31.955,91.086,203.988,84.806,96.49
"1883-09",55.674,58.079,141.434,199.766,49.991,39.691,128.898,243.291,133.364,106.746,NA,78.438,28.016,86.655,89.289,6.035,55.058,52.588,6.685,14.372,221.094,0.782,37.133,80.862,61.507,46.951,11.035,36.899,105.432,NA,NA,5.984,NA,196.172,0.234,93.164,193.783,2.87,8.774,92.756,84.097,51.333,57.313,23.536,83.196,101.89,204.117,78.919,68.645,99.713,168.684,24.04,38.269,133.929,87.221,96.656
"1883-10",54.974,38.429,89.682,119.035,37.65,69.337,98.949,273.947,134.928,131.493,NA,43.686,34.088,85.349,77.354,15.82,84.586,60.533,53.003,61.144,180.571,7.106,68.377,202.505,14.233,44.264,45.208,28.947,89.914,NA,NA,42.198,NA,114.886,1.777,55.696,155.691,6.15,10.461,42.958,82.177,64.124,53.493,19.354,80.163,116.394,154.454,61.478,75.224,119.956,254.951,30.403,67.371,150.978,77.092,93.429
"1883-11",48.693,33.231,106.068,151.738,36.238,51.069,75.498,147.733,95.933,111.124,NA,54.824,17.39,84.486,90.954,18.015,62.421,132.143,65.822,71.787,30.165,16.826,58.015,101.407,50.765,92.22,61.332,13.626,100.853,NA,NA,78.076,NA,121.748,15.518,162.404,157.53,22.607,47.946,28.374,77.972,59.148,57.74,8.492,82.261,132.767,151.583,66.157,92.081,112.944,295.066,49.821,146.03,284.935,71.023,93.804
"1883-12",57.786,16.633,183.333,141.275,30.16,89.232,60.041,36.414,57.539,102.096,NA,78.968,18.2,86.313,111.674,69.087,84.059,81.39,106.197,51.305,1.918,11.614,30.831,120.562,19.307,133.709,196.427,12.677,83.328,NA,NA,82.441,NA,81.423,20.231,58.645,217.251,248.393,49.988,23.662,71.985,45.795,38.551,8.858,95.595,168.816,120.809,62.628,82.753,98.759,180.839,74.913,65.536,73.95,66.612,93.077
"1884-01",68.67,20.748,127.984,113.137,31.53,112.071,107.418,38.101,60.406,82.444,NA,89.23,16.785,78.071,48.017,109.748,112.851,81.523,28.851,76.995,0.624,9.421,20.453,145.31,23.846,143.651,202.842,18.438,73.424,NA,NA,50.868,NA,91.141,4.421,11.681,229.957,286.126,69.712,16.165,66.059,53.053,42.583,13.737,103.335,163.194,98.033,73.779,66.739,97.373,285.028,82.58,20.144,29.241,71.805,96.342
"1884-02",59.337,20.808,129.507,134.493,24.02,116.965,53.532,20.711,49.134,50.07,NA,109.55,29.285,64.768,25.335,71.131,66.57,109.117,34.678,50.184,1.344,8.514,7.837,72.962,26.661,134.045,165.802,10.62,48.165,NA,NA,25.305,NA,82.595,5.388,2.664,203.251,356.997,88.028,38.293,67.539,69.544,53.714,9.763,113.77,161.826,95.003,73.767,43.351,105.553,188.01,127.06,8.52,2.855,81.943,95.909
"1884-03",65.066,25.309,82.545,128.285,18.778,69.749,21.986,14.203,32.056,85.072,NA,68.19,31.505,100.693,26.645,104.635,62.336,34.821,30.12,34.643,7.147,3.622,5.572,50.289,47.873,122.733,126.843,13.78,70.846,NA,NA,30.527,NA,81.398,0.608,3.038,158.834,346.709,143.62,42.286,64.695,89.974,69.393,12.389,134.188,156.398,76.917,83.059,45.324,66.341,138.936,117.335,5.889,2.429,83.344,92.06
"1884-04",44.391,20.578,124.312,134.14,24.118,51.157,21.259,21.136,30.631,45.451,NA,82.716,50.713,117.381,15.439,256.632,38.901,64.579,7.125,26.56,62.341,7.114,44.081,97.479,72.822,120.032,178.034,14.513,31.219,NA,NA,14.38,NA,75.796,7.742,5.116,155.624,206.025,56.806,41.812,80.46,79.906,86.696,8.31,116.947,183.733,66.958,95.1,116.086,75.066,70.496,109.192,6.094,10.25,89.452,91.722
"1884-05",33.013,28.494,43.486,105.208,17.762,34.945,16.727,32.955,21.818,48.335,NA,89.205,58.565,72.322,19.542,216.499,54.759,42.728,5.08,13.932,146.746,10.563,24.047,166.938,60.784,112.923,132.171,23.687,48.401,NA,NA,10.351,NA,104.914,3.967,9.722,148.549,58.8,54.394,69.215,65.31,84.585,60.928,17.393,112.558,133.326,75.493,100.869,204.914,66.377,198.077,103.375,8.738,26.613,92.133,94.599
"1884-06",36.912,29.587,43.913,103.873,20.349,35.179,21.055,194.055,53.267,113.863,NA,78.037,81.147,85.405,122.187,267.223,28.478,22.894,5.879,12.892,173.197,2.413,18.788,154.964,62.336,107.067,26.908,21.855,74.807,NA,NA,11.329,NA,177.623,0.134,39.163,179.562,23.381,98.476,130.438,118.285,67.691,63.349,19.624,94.813,175.479,121.769,83.492,223.589,59.523,137.871,55.848,39.08,163.562,86.773,97.801
"1884-07",45.653,35.63,106.652,140.921,27.814,10.182,56.985,236.644,60.576,130.711,NA,82.565,63.422,79.919,200.493,48.969,50.39,24.24,6.155,8.097,355.267,1.698,38.338,152.438,51.275,55.256,6.788,35.46,77.46,NA,NA,2.907,NA,184.149,0.1,120.684,164.159,16.427,62.79,80.721,87.756,66.559,56.671,29.798,94.429,155.815,148.424,69.437,115.922,80.205,203.398,41.424,103.162,146.7,88.448,97.052
"1884-08",58.909,53.565,95.56,123.944,28.109,60.173,74.343,218.712,74.204,135.5,NA,77.374,36.002,86.143,158.123,10.357,45.62,37.022,10.759,4.108,289.061,0.96,18.129,52.25,70.522,75.04,5.318,40.392,47.416,NA,NA,4.184,NA,160.861,0.063,157.81,200.835,2.209,44.784,105.21,103.541,63.364,59.168,18.178,78.518,142.18,169.365,90.521,70.749,92.108,122.915,38.773,58.501,261.69,85.07,96.161
"1884-09",79.383,46.985,227.393,145.019,32.935,45.395,131.718,265.255,103.057,145.936,NA,71.736,58.466,80.823,74.058,12.245,72.321,26.67,21.979,22.436,278.834,2.189,68.806,150.382,27.322,67.691,10.958,43.514,71.17,NA,NA,14.219,NA,203.979,0.632,117.36,167.797,3.587,20.26,68.722,101.907,63.874,57.613,24.791,77.475,143.803,159.216,72.538,58.731,92.508,148.583,28.672,25.25,103.214,77.631,93.935
"1884-10",76.33,34.3,98.226,138.752,39.802,63.093,104.969,216.893,93.051,135.56,NA,80.526,27.219,61.841,93.355,17.128,64.008,74.635,7.072,32.69,146.936,10.301,118.49,256.594,49.489,72.865,17.972,23.546,87.042,NA,NA,20.407,NA,144.337,7.914,87.36,124.158,4.499,12,56.056,75.141,51.648,54.873,24.89,72.478,115.755,167.97,72.657,71.963,112.333,229.112,27.274,129.865,96.667,79.635,92.88
"1884-11",61.133,32.358,96.519,140.998,38.485,58.982,61.426,119.641,125.139,123.055,NA,49.704,29.374,78.447,175.487,22.401,56.223,140.24,25.691,60.967,62.991,13.938,239.384,304.528,58.662,97.076,54.764,20.49,114.814,NA,NA,33.498,NA,142.959,14.533,67.342,204.274,45.193,36.538,36.322,83.433,51.424,44.942,13.417,73.025,137.916,131.224,63.482,121.564,96.758,183.652,34.705,169.768,169.723,68.223,91.517
"1884-12",76.144,24.789,60.908,120.246,25.001,136.701,35.339,39.502,50.193,97.707,NA,88.383,17.017,73.895,143.057,39.697,68.942,84.134,69.312,94.837,5.851,5.027,122.081,312.787,15.988,132.347,169.06,10.483,94.46,NA,NA,86.212,NA,124.943,3.438,53.11,212.187,187.642,61.886,33.396,57.173,38.355,46.443,11.722,86.662,171.906,114.432,69.114,88.862,87.493,201.962,40.924,85.407,151.884,72.394,92.892
"1885-01",66.969,13.768,77.065,166.962,40.099,94.126,19.019,27.167,51.199,65.606,NA,77.245,18.699,80.382,76.596,116.572,98.911,103.382,56.282,59.769,0.442,5.938,53.642,214.405,14.127,129.323,176.102,16.352,76.503,NA,NA,51.942,NA,134.383,4.529,14.81,247.458,264.939,69.526,39.69,79.801,60.624,43.293,10.733,99.087,171.962,86.487,65.672,67.84,96.758,301.662,60.852,38.853,79.909,73.037,95.255
"1885-02",47.914,15.942,162.776,164.587,29.325,39.206,36.83,16.643,28.899,66.273,NA,107.528,20.658,92.034,25.889,100.934,71.176,98.69,67.939,53.883,1.409,6.881,5.406,58.806,33.795,94.949,157.397,15.983,57.378,NA,NA,40.921,NA,116.52,1.272,11.092,235.829,333.202,156.048,44.424,71.475,69.591,71.099,15.547,128.155,165.367,72.141,75.918,41.033,106.427,195.256,118.859,23.271,37.171,83.168,95.531
"1885-03",43.295,21.757,136.248,136.722,26.294,92.666,18.759,10.803,23.716,52.173,NA,87.037,31.068,84.331,15.396,124.454,73.344,81.412,11.979,30.867,5.543,2.237,5.985,56.488,28.994,107.7,129.725,13.504,58.827,NA,NA,15.714,NA,113.086,0.293,5.271,209.911,262.37,150.406,65.737,76.072,84.034,70.509,12.446,114.845,168.703,63.887,93.757,36.347,84.327,169.261,119.067,7.309,16.11,87.625,92.565
"1885-04",44.327,29.024,64.489,79.934,13.12,75.516,10.801,11.024,22.949,21.164,NA,72.9,31.752,84.555,14.252,292.396,62.989,50.186,11.072,18.48,46.35,2.913,5.454,155.064,31.713,94.313,118.584,19.423,50.124,NA,NA,28.789,NA,88.227,0.115,16.704,190.784,239.49,50.244,47.009,71.868,85.693,63.987,12.783,125.585,146.93,59.565,98.211,106.652,78.463,121.895,108.039,1.1,53.02,90.761,91.742
"1885-05",32.124,21.632,11.059,71.045,15.502,18.332,4.889,47.125,20.685,40.022,NA,93.912,57.307,67.289,15.449,314.564,51.313,49.449,3.983,19.17,157.188,7.533,4.047,157.985,32.984,115.879,111.396,20.577,56.52,NA,NA,24.122,NA,87.066,0.579,11.963,247.689,104.951,57.17,107.9,65.618,78.004,71.99,17.948,120.642,142.059,87.335,92.479,220.217,59.26,124.402,75.27,13.117,55.643,92.397,95.629
"1885-06",51.186,32.115,42.932,126.078,33,18.445,21.812,195.133,83.034,75.498,NA,66.019,64.095,60.979,68.644,229.706,40.451,13.564,3.305,13.477,251.287,1.1,31.254,122.34,145.062,69.208,89.046,30.621,82.964,NA,NA,16.269,NA,208.204,0.122,82.985,213.521,44.355,54.757,115.891,118.41,76.782,61.423,15.147,103.308,104.275,130.618,70.866,227.569,59.889,137.436,67.119,112.096,77.786,85.798,95.521
"1885-07",52.378,46.417,35.2,168.259,33.419,10.159,34.116,188.909,43.799,111.955,NA,92.174,49.429,56.756,155.06,64.946,49.773,23.384,2.714,4.845,319.495,2.485,14.727,42.969,81.922,100.902,13.025,28.364,70.749,NA,NA,1.584,NA,152.813,0.047,194.013,197.192,16.917,58.565,100.838,125.346,66.328,52.814,21.38,94.143,112.16,156.59,72.6,182.918,54.05,184.678,50.346,94.169,225.769,86.731,94.638
"1885-08",55.965,53.178,75.762,125.599,30.212,29.694,63.23,215.538,61.452,130.936,NA,83.936,41.09,63.667,198.803,16.063,52.465,44.482,0.814,7.107,352.615,1.292,11.892,65.999,44.525,40.948,10.974,31.489,85.569,NA,NA,1.694,NA,193.533,0.137,165.815,201.643,11.233,43.828,77.393,106.289,75.442,57.239,22.46,86.879,91.355,163.612,70.871,94.685,78.856,239.379,38.786,66.085,210.565,83.618,92.961
"1885-09",75.118,49.239,123.477,163.484,35.416,15.194,72.72,220.898,99.648,131.744,NA,52.817,26.114,76.139,143.818,7.143,59.202,70.473,4.236,22.631,265.592,1.877,11.942,52.799,36.294,75.558,14.103,33.558,90.93,NA,NA,5.875,NA,186.173,0.11,174.17,250.286,9.002,18.479,71.328,104.364,64.714,68.122,20.183,79.785,87.92,160.461,64.238,72.343,94.181,193.98,28.918,71.969,268.15,82.627,92.715
"1885-10",62.358,36.472,146.303,165.211,42.33,99.197,127.028,219.248,118.39,123.047,NA,58.865,24.052,83.612,83.894,18.319,76.695,67.192,40.265,33.592,147.903,2.536,26.424,53.611,73.518,77.71,32.477,31.766,108.516,NA,NA,39.319,NA,143.513,0.582,103.751,206.25,15.004,9.525,57.658,80.799,57.772,53.038,16.086,78.499,77.919,175.811,67.362,96.181,107.908,269.738,38.032,49.065,188.6,77.37,94.363
"1885-11",48.812,26.021,139.437,140.195,38.022,154.738,60.09,74.357,61.258,122.3,NA,45.621,13.065,73.67,111.17,32.327,73.615,156.299,25.19,46.031,40.114,7.529,31.75,75.078,21.967,92.994,34.685,23.325,99.999,NA,NA,32.226,NA,126.79,6.14,95.554,264.678,23.703,42.111,35.305,98.172,57.567,50.615,14.296,82.953,115.134,146.554,68.583,106.011,98.361,184.465,54.855,45.893,118.705,70.62,91.789
"1885-12",72.557,17.461,193.357,168.418,32.005,160.242,44.694,46.504,68.73,89.043,NA,72.736,25.939,93.171,137.059,46.216,67.021,105.697,85.499,82.925,6.742,8.911,41.745,146.361,13.242,143.562,96.872,11.819,101.981,NA,NA,56.56,NA,96.267,7.401,70.472,297.902,207.017,62.934,38.534,82.141,49.596,36.993,10.863,89.597,128.03,120.289,67.561,88.937,93.553,207.807,65.368,34.408,206.543,69.259,94.721
"1886-01",74.618,18.72,118.69,112.851,33.236,109.353,52.63,26.895,34.154,98.267,NA,77.942,20.853,84.237,72.6,59.543,69.991,71.773,103.436,54.723,0.939,10.422,7.92,77.204,29.476,138.562,160.177,10.396,74.502,NA,NA,45.154,NA,90.308,6.368,25.505,287.749,311.979,116.348,46.482,86.163,60.208,45.117,8.582,121.093,135.373,100.833,61.784,54.684,93.69,219.101,51.019,57.077,70.423,70.855,93.283
"1886-02",66.488,15.965,80.399,130.468,25.193,48.439,25.859,11.719,27.507,73.225,NA,97.581,20.302,102.816,56.887,91.966,44.774,116.072,53.737,60.26,1.915,5.866,7.758,65.591,36.35,148.776,162.578,9.043,71.985,NA,NA,54.444,NA,82.784,3.635,8.004,186.771,335.367,49.164,16.879,108.558,63.244,42.444,9.301,138.386,133.253,88.023,90.365,38.751,90.528,169.519,101.861,14.203,17.04,82.588,92.681
"1886-03",60.718,17.808,42.967,106.232,19.768,85.528,9.353,11.467,40.383,123.926,NA,41.372,16.744,84.533,50.917,128.592,44.04,69.079,33.611,44.929,16.9,8.778,3.091,49.808,47.169,141.054,83.06,12.56,64.673,NA,NA,41.934,NA,92.249,0.347,1.887,214.388,266.483,149.716,54.715,80.451,87.74,74.753,10.159,126.186,144.053,77.704,90.911,46.258,72.468,151.128,88.44,3.082,6.721,83.399,90.854
"1886-04",47.638,25.132,84.731,143.576,16.685,88.22,11.79,16.079,31.582,40.999,NA,92.187,42.337,68.328,29.849,221.226,43.197,45.486,10.276,42.688,60.738,6.948,3.991,82.531,44.393,80.68,166.648,12.781,73.225,NA,NA,14.901,NA,95.414,0.922,3.347,193.636,170.843,95.832,61.489,69.314,80.003,60.657,11.682,128.171,134.864,73.749,90.18,137.242,65.386,78.658,136.127,2.014,6.414,88.088,92.15
"1886-05",37.447,31.751,10.682,62.015,17.36,44.021,3.949,35.234,30.796,41.113,NA,83.685,71.137,37.288,26.306,262.453,34.32,38.611,11.565,15.906,118.48,1.575,14.92,138.048,19.046,69.435,102.386,14.94,91.537,NA,NA,14.338,NA,129.509,0.085,70.28,235.654,99.631,65.652,69.139,82.486,82.752,69.119,12.341,124.193,134.395,89.225,75.436,166.541,56.107,125.703,107.5,32.57,129.915,88.463,94.477
"1886-06",47.502,38.168,13.962,87.998,19.597,17.431,24.642,167.327,21.139,84.265,NA,73.848,75.739,85.519,79.504,313.999,33.423,32.417,0.408,10.438,213.465,1.693,20.499,113.128,38.042,48.012,20.681,25.42,63.433,NA,NA,2.375,NA,199.674,0.086,135.714,235.032,31.568,99.835,80.592,100.643,71.922,69.126,13.556,106.225,106.083,130.878,81.754,219.647,48.485,119.496,61.897,81.885,157.282,89.444,93.932
"1886-07",40.933,56.603,90.494,135.851,36.604,7.655,70.867,184.313,30.9,98.875,NA,92.31,43.778,67.308,148.197,72.669,41.907,28.245,5.103,4.838,361.111,1.192,16.247,61.494,89.747,74.7,8.409,39.939,76.361,NA,NA,4.565,NA,151.572,0.044,157.899,216.396,21.466,62.722,98.272,98.029,69.941,48.084,29.845,102.773,107.794,173.251,75.701,150.953,66.626,123.803,42.007,75.669,176.712,83.478,96.681
"1886-08",59.95,50.039,44.204,155.242,38.347,6.48,95.223,190.072,49.077,140.57,NA,82.298,46.93,68.086,159.306,19.267,59.581,23.48,4.805,3.759,308.568,0.682,17.263,43.754,61.93,71.223,7.046,38.11,65.775,NA,NA,4.283,NA,149.751,0.023,176.688,181.848,8.906,21.915,111.191,82.426,67.373,55.89,22.429,74.879,130.238,187.188,72.068,92.833,91.929,117.422,37.414,61.768,167.177,88.352,96.238
"1886-09",59.043,43.098,135.763,133.549,33.941,11.463,82.662,223.982,118.907,130.312,NA,66.14,34.959,64.492,105.193,12.591,64.942,81.088,9.163,16.838,209.351,0.597,41.453,105.415,48.365,58.894,9.506,31.688,77.757,NA,NA,9.494,NA,136.282,0.255,68.004,190.083,4.695,20.405,72.915,93.654,72.656,54.267,19.235,69.459,139.313,169.935,65.443,69.201,88.874,160.215,24.722,14.632,85.064,82.548,90.931
"1886-10",76.877,50.238,125.143,111.548,31.066,106.846,75.063,154.33,105.423,137.078,NA,83.115,17.246,73.911,74.597,19.167,65.365,65.315,27.498,60.248,160.755,1.834,39.711,148.998,45.616,63.991,16.75,32.345,112.434,NA,NA,45.311,NA,138.42,0.583,96.691,137.493,20.603,11.886,43.604,74.397,61.672,35.965,24.254,72.321,142.935,150.458,64.761,77.335,100.261,247.315,33.699,117.77,164.576,76.931,92.39
"1886-11",71.744,36.411,130.039,132.43,25.86,76.844,92.812,66.446,65.563,140.812,NA,79.748,20.693,72.251,93.464,11.206,80.644,86.755,66.774,64.832,92.618,10.872,37.677,140.837,18.693,58.706,68.751,23.437,93.048,NA,NA,48.715,NA,139.533,6.931,117.247,174.686,20.281,12.463,43.312,69.537,47.757,41.922,15.722,76.954,171.377,133.154,61.126,90.424,106.022,271.387,43.55,226.31,183.871,70.861,94.224
"1886-12",65.882,25.432,158.174,175.3,30.572,162.603,44.387,39.432,76.545,106.001,NA,60.883,13.913,71.669,78.548,75.504,63.317,60.168,57.228,55.469,1.017,8.775,12.08,75.011,24.372,85.788,186.624,18.175,86.711,NA,NA,39.76,NA,124.155,6.645,52.809,225.138,168.124,46.667,34.434,91.828,46.298,40.842,10.219,75.192,192.397,96.715,65.438,78.205,100.826,250.316,78.818,53.716,136.5,72.405,93.574
"1887-01",63,14.732,172.514,91.161,25.677,143.194,81.206,19.946,45.266,72.596,NA,65.41,8.727,80.148,52.926,78.275,77.278,44.609,72.602,41.595,0.449,5.885,10.876,94.931,25.143,110.784,152.936,18.008,79.474,NA,NA,64.009,NA,113.761,5.992,13.368,270.634,260.901,166.562,28.085,98.534,57.998,52.222,13.016,103.3,186.162,94.446,70.235,67.361,80.348,279.77,76.652,16.223,59.075,69.894,93.713
"1887-02",51.226,24.974,137.419,190.288,26.545,117.125,51.23,20.991,43.326,39.876,NA,77.913,24.023,73.233,35.293,58.194,81.463,61.999,29.867,53.966,0.748,6.077,8.385,60.289,22.043,122.342,225.105,12.829,56.977,NA,NA,35.205,NA,114.891,6.042,10.586,138.676,254.38,86.623,23.573,71.899,66.404,66.385,13.117,134.326,185.561,75.122,64.72,59.531,97.622,155.075,148.154,4.801,2.278,84.433,94.091
"1887-03",58.571,14.769,67.386,121.445,25.55,94.302,24.668,16.516,42.763,56.615,NA,64.436,28.096,125.128,21.419,122.241,69.603,29.053,19.769,29.477,9.191,9.531,4.481,69.274,17.38,83.498,101.041,13.289,54.588,NA,NA,33.408,NA,109.714,1.279,0.799,221.686,283.332,81.245,55.665,79.92,82.187,71.383,16.969,103.656,219.821,61.112,94.57,47.944,81.074,130.849,149.741,1.988,1.672,88.67,95.675
"1887-04",57.704,22.904,93.982,90.873,15.058,78.428,23.417,11.8,42.987,31.27,NA,86.175,39.983,65.786,32.781,167.994,34.162,42.188,22.968,28.25,43.811,2.348,5.643,64.169,32.168,75.113,124.804,12.735,56.609,NA,NA,14.086,NA,82.396,0.063,3.468,216.395,264.242,68.631,58.717,84.842,79.577,70.988,8.315,115.411,207.42,60.569,96.082,114.146,54.977,93.987,105.734,2.074,11.08,90.365,92.106
"1887-05",38.109,28.395,34.734,114.426,19.102,25.324,7.318,47.818,34.633,59.417,NA,81.761,40.274,67.243,34.395,208.643,40.42,15.693,13.347,17.136,118.553,4.603,5.421,110.992,63.506,122.801,119.216,28.681,44.831,NA,NA,12.094,NA,113.268,0.338,6.54,195.346,36.515,50.697,82.317,115.809,82.296,69.998,18.763,111.369,186.935,66.235,94.784,198.23,51.747,107.967,88.046,2.83,35.25,96.617,96.07
"1887-06",37.58,40.821,36.98,100.403,16.884,35.929,21.996,201.325,27.437,101.679,NA,87.131,51.689,65.637,71.842,257.83,41.01,26.701,0.558,10.186,234.422,2.58,26.452,272.387,108.271,77.306,74.004,23.062,48.803,NA,NA,2.308,NA,149.229,0.301,22.714,198.422,39.948,109.435,98.345,97.68,80.097,59.622,12.765,94.578,163.938,110.007,71.425,263.657,55.676,170.077,63.519,30.77,80.582,88.483,96.854
"1887-07",50.729,39.425,16.477,112.805,26.218,18.079,39.832,201.643,33.038,103.652,NA,90.21,50.116,47.266,228.003,45.63,62.37,16.485,1.815,1.995,254.468,1.587,18.92,55.91,95.014,102.074,7.135,33.718,63.369,NA,NA,1.195,NA,163.094,0.037,214.815,234.951,13.573,60.528,110.352,122.456,75.557,52.028,36.765,97.737,154.221,152.567,82.05,158.325,69.08,110.396,40.864,138.108,264.073,81.96,97.207
"1887-08",63.936,48.537,84.784,151.16,28.667,11.67,61.797,180.289,56.154,114.948,NA,72.106,55.659,110.788,148.891,10.928,55.654,32.706,0.882,2.165,330.947,0.834,12.736,47.249,58.326,64.616,6.028,42.704,79.194,NA,NA,10.695,NA,202.195,0.081,117.901,208.653,4.919,28.219,117.884,105.757,64.077,51.253,36.565,83.411,149.222,152.065,93.592,71.891,84.761,144.587,29.251,51.346,184.392,82.005,96.071
"1887-09",60.528,54.815,126.225,170.004,51.586,41.959,136.788,245.797,104.226,141.442,NA,54.595,25.028,75.914,94.312,10.131,59.083,67.396,5.379,18.798,218.24,2.1,53.249,78.743,49.505,49.442,9.516,34.146,80.429,NA,NA,13.286,NA,163.491,0.399,57.954,152.065,2.002,11.731,77.637,85.519,62.348,52.84,30.713,71.798,125.604,186.444,71.766,64.322,111.779,165.455,33.354,39.099,99.124,81.591,95.056
"1887-10",57.729,43.696,98.067,142.895,43.974,92.774,108.053,189.324,105.767,135.26,NA,72.798,26.543,65.208,83.621,11.082,60.465,60.646,43.207,63.383,237.985,13.515,101.866,258.609,75.137,45.214,15.889,33.734,75.34,NA,NA,54.533,NA,150.103,4.574,75.211,125.687,4.919,13.847,46.112,81.236,59.502,57.016,19.77,73.184,118.977,166.131,62.553,80.177,116.061,206.365,29.421,50.561,245.042,77.841,93.417
"1887-11",65.336,35.324,232.08,124.928,42.862,98.87,91.758,73.637,65.024,143.354,NA,65.739,28.22,45.203,120.278,19.698,83.973,70.605,66.519,51.832,38.102,16.212,124.301,244.384,22.15,76.262,78.796,21.331,107.022,NA,NA,72.881,NA,133.821,14.355,92.701,221.552,36.941,26.809,28.192,107.029,47.197,42.488,16.415,75.146,154.828,118.468,55.971,102.846,89.795,231.356,36.256,149.34,232.623,66.588,90.988
"1887-12",56.612,25.053,197.048,157.482,26.546,154.736,77.329,35.446,55.639,86.971,NA,65.055,14.778,87.737,83.054,59.036,64.636,97.005,34.434,69.066,4.474,8.304,77.575,364.935,24.924,79.907,213.554,12.378,90.655,NA,NA,41.501,NA,157.897,8.422,33.518,189.285,138.732,41.002,49.03,72.264,43.95,45.254,13.858,89.524,170.515,114.84,58.906,82.402,108.29,241.669,50.685,56.306,62.204,70.808,93.513
"1888-01",44.702,25.452,129.639,159.703,27.712,154.001,61.433,21.569,39.107,68.984,NA,92.259,21.057,77.023,24.234,99.157,65.405,108.097,39.194,70.567,0.91,11.133,10.73,67.212,22.242,142.917,225.196,14.489,65.03,NA,NA,48.091,NA,141.168,5.769,6.23,208.054,257.096,51.619,27.715,64.213,51.204,38.993,11.862,100.468,168.496,95.317,78.694,47.136,107.578,260.36,113.14,34.658,11.077,74.379,97.29
"1888-02",54.771,15.386,93.909,150.874,26.15,208.178,28.338,13.666,45.975,55.599,NA,80.588,22.872,98.627,31.279,86.779,68.174,54.591,31.605,44.544,1.972,11.022,7.823,22.34,42.278,130.496,175.331,11.72,60.772,NA,NA,44.961,NA,95.222,1.459,3.772,229.99,331.874,132.265,46.6,71.405,66.284,65.404,11.273,123.326,159.422,77.004,107.014,50.149,91.395,200.782,123.305,11.334,9.984,83.979,97.526
"1888-03",50.992,17.484,46.744,179.168,25.38,110.77,15.955,10.174,30.284,76.674,NA,76.203,19.789,119.967,21.779,86.667,67.291,76.519,24.716,34.075,9.822,6.835,11.06,34.301,32.672,85.454,137.211,18.111,64.282,NA,NA,34.593,NA,75.351,0.814,11.932,176.749,273.584,59.81,33.299,80.536,80.134,69.684,17.397,125.552,175.185,72.007,98.003,58.176,85.945,119.407,118.402,16.308,30.893,91.619,93.244
"1888-04",52.394,26.986,51.49,96.777,16.634,105.475,15.313,10.854,18.796,33.639,NA,95.286,58.61,69.924,21.711,161.587,37.794,39.929,4.009,43.04,82.856,14.667,23.074,109.047,64.933,88.154,243.488,12.779,43.585,NA,NA,7.453,NA,83.229,4.273,4.799,165.376,256.989,74.85,34.621,82.371,85.714,74.704,13.301,126.199,175.468,58.697,96.659,174.092,66.01,132.82,100.609,5.898,6.397,96.944,93.736
"1888-05",48.013,18.56,103.975,88.881,18.139,15.273,33.087,58.343,28.686,53.644,NA,110.506,67.117,73.349,18.452,305.14,34.99,22.178,1.497,24.536,100.138,3.809,51.503,190.442,38.493,89.424,69.32,21.518,72.198,NA,NA,13.461,NA,115.85,0.312,28.581,183.359,60.005,43.923,74.522,76.526,81.742,68.758,13.759,115.894,145.906,77.646,81.231,151.308,62.706,242.87,103.053,21.738,83.143,95.291,94.883
"1888-06",43.497,44.269,19.76,105.943,16.953,10.377,41.222,207.293,32.394,96.924,NA,96.346,46.4,83.627,71.359,337.394,37.852,33.321,7.734,8.255,193.529,2.051,9.4,89.294,42.064,40.164,12.721,23.734,64.773,NA,NA,11.742,NA,215.561,0.173,137.89,219.977,17.245,66.5,106.074,87.859,74.834,67.353,12.852,98.865,133.498,121.878,76.011,198.784,61.245,138.299,71.396,100.324,209.084,92.348,96.285
"1888-07",59.872,49.28,39.567,148.101,35.087,20.256,36.375,187.028,32.938,128.531,NA,85.418,62.842,83.519,161.412,56.194,38.944,15.661,2.348,2.238,326.55,1.29,12.768,51.13,54.628,59.536,14.344,42.069,63.891,NA,NA,3.874,NA,179.278,0.029,132.772,222.414,10.3,47.549,113.276,109.857,63.761,55.844,32.241,97.689,139.5,151.485,78.061,138.038,52.957,139.716,41.784,37.311,200.76,81.996,95.229
"1888-08",69.403,44.688,136.658,185.564,45.54,26.72,54.65,152.241,46.637,123.789,NA,83.09,30.553,40.266,146.323,14.614,55.495,32.637,8.229,2.901,332.999,0.991,25.919,69.905,53.87,40.895,9.368,38.183,73.228,NA,NA,2.209,NA,184.895,0.029,118.112,185.616,4.19,30.393,66.77,91.377,74.02,53.31,25.491,87.246,138.703,166.354,72.703,88.415,87.008,114.896,34.289,47.373,131.711,87.353,94.251
"1888-09",72.168,52.064,84.404,183.812,41.174,55.625,127.959,228.349,95.135,121.798,NA,55.86,35.663,73.629,167.949,7.795,53.542,31.724,2.43,11.869,198.054,0.698,28.201,57.642,89.037,72.39,10.899,38.778,58.194,NA,NA,5.227,NA,206.029,0.325,84.253,198.334,5.642,20.057,43.063,54.667,64.753,47.8,34.168,77.216,126.538,193.26,71.165,79.989,98.053,153.98,27.124,27.636,136.093,83.25,95.231
"1888-10",59.762,41.338,104.048,124.998,60.348,104.274,95.39,170.407,87.42,138.321,NA,54.108,27.737,98.719,116.236,28.275,58.166,81.948,55.963,53.302,167.773,1.021,98.352,267.523,36.999,41.17,22.074,20.256,105.693,NA,NA,43.292,NA,147.242,0.191,34.851,138.812,2.583,9.111,49.137,81.999,60.672,51.554,23.133,72.145,119.021,181.25,65.446,87.701,105.051,233.695,26.696,13.077,97.909,72.089,93.693
"1888-11",69.355,33.41,91.207,209.502,22.619,108.314,90.924,94.387,91.792,128.612,NA,74.318,21.247,102.449,119.729,22.894,94.451,55.557,72.773,55.943,18.574,12.593,63.641,166.84,19.064,79.796,69.831,21.83,93.297,NA,NA,61.094,NA,122.964,2.183,81.698,224.945,14.155,7.973,36.126,68.204,46.807,42.88,18.159,80.446,139.591,127.803,70.455,106.276,108.798,307.377,34.695,133.492,241.804,74.638,95.097
"1888-12",70.844,30.882,89.87,162.874,32.219,139.699,47.376,39.283,53.005,131.781,NA,68.935,22.393,72.585,56.776,58.203,72.1,118.236,39.816,78.83,5.824,15.922,15.635,149.801,15.103,120.504,174.487,14.31,80.669,NA,NA,45.077,NA,100.89,2.955,35.801,242.309,102.643,58.024,27.238,72.167,40.982,38.353,11.261,84.717,201.838,112.483,64.913,81.4,105.39,255.293,55.716,35.095,119.548,66.614,96.092
"1889-01",63.389,23.666,158.569,105.45,27.152,176.97,72.1,34.575,33.384,62.23,NA,69.055,18.815,63.602,62.563,108.515,66.069,101.218,33.342,69.503,1.533,8.614,11.548,147.827,17.95,175.481,160.558,7.433,76.082,NA,NA,32.469,NA,109.881,4.146,7.369,185.636,252.738,167.118,26.767,58.315,54.781,57.015,7.782,112.449,173.452,94.758,57.737,64.182,101.067,257.254,70.874,26.563,9.141,75.927,93.2
"1889-02",47.647,20.418,105.6,127.416,26.187,116.243,52.309,29.949,40.501,65.566,NA,60.899,18.263,89.901,49.906,119.217,76.595,62.753,19.524,51.148,1.501,1.787,3.195,39.527,36.749,115.799,192.536,13.76,58.148,NA,NA,30.8,NA,99.808,0.353,5.466,214.367,324.33,81.056,26.978,54.853,79.202,60.723,13.098,114.351,194.018,78.312,73.057,52.069,82.614,166.305,133.668,5.255,15.132,82.374,93.565
"1889-03",43.221,20.179,84.315,128.752,14.411,44.387,19.829,12.575,35.582,77.572,NA,93.813,19.676,72.676,30.123,168.531,64.72,104.017,17.892,29.416,7.845,1.992,1.156,30.603,42.298,121.036,65.666,10.01,79.022,NA,NA,15.09,NA,90.635,0.201,7.869,198.091,375.989,168.641,63.194,65.27,74.876,63.108,13.233,132.61,181.829,72.658,87.118,39.162,79.593,154.631,112.629,6.565,89.662,91.881,94.221
"1889-04",52.859,20.865,78.115,96.198,16.389,54.883,11.832,10.417,38.199,24.482,NA,83.794,16.111,87.904,22.078,274.171,34.507,37.631,8.633,22.86,77.193,2.405,3.568,62.607,19.848,109.842,150.593,10.255,68.099,NA,NA,23.896,NA,85.436,0.294,13.205,184.547,164.748,47.874,46.326,81.002,90.395,86.772,8.001,115.029,202.407,61.346,70.742,145.513,87.272,105.736,127.291,6.866,79.957,98.824,94.514
"1889-05",32.181,28.662,41.028,81.171,17.367,18.806,8.519,64.941,18.619,65.396,NA,86.82,58.094,70.493,29.796,260.033,39.322,70.299,3.81,16.922,135.736,2.297,9.813,117.849,37.636,69.812,87.323,21.174,72.899,NA,NA,18.184,NA,131.497,0.556,8.614,230.613,60.507,79.28,65.303,101.725,79.372,74.592,11.481,111.78,142.866,74.141,81.494,202.386,66.067,155.167,112.9,8.943,50.907,95.508,95.573
"1889-06",41.746,31.619,64.001,98.554,20.121,14.967,27.566,217.805,119.423,73.575,NA,60.098,50.711,47.551,138.618,270.551,45.587,24.081,1.872,9.083,240.028,2.239,9.364,93.672,56.933,60.933,10.356,23.872,72.828,NA,NA,3.78,NA,173.932,0.138,130.596,264.665,42.149,59.813,106.159,98.713,75.587,63.464,15.352,90.019,128.322,132.357,74.725,239.583,56.967,96.54,58.148,51.091,258.238,93.371,96.895
"1889-07",54.216,49.579,120.064,138.13,22.328,14.862,47.587,207.894,87.841,105.11,NA,51.839,73.297,98.075,175.303,68.095,46.116,26.403,4.757,5.515,376.813,1.736,15.938,74.457,60.237,55.227,3.26,30.841,52.496,NA,NA,1.952,NA,168.992,0.103,132.894,235.756,14.177,34.127,115.489,82.608,72.19,53.228,21.508,84.487,135.056,143.567,76.811,108.68,86.568,152.474,43.987,68.452,173.648,83.564,96.01
"1889-08",59.85,51.242,45.492,152.423,57.896,23.542,40.277,156.14,73.691,112.817,NA,68.446,59.925,72.597,147.516,14.54,43.563,23.155,1.942,5.473,258.873,1.556,10.676,43.602,63.663,64.21,6.054,38.961,67.752,NA,NA,1.983,NA,138.145,1.157,139.305,233.605,8.15,16.256,86.103,91.873,63.641,52.303,28.854,73.846,136.147,175.816,74.833,68.656,87.219,118.897,32.752,54.071,205.38,84.806,94.397
"1889-09",58.051,57.016,165.795,172.529,48.325,39.001,163.14,264.037,130.405,159.673,NA,36.876,43.678,88.434,106.055,11.934,54.234,52.311,27.281,13.641,207.997,1.55,10.125,36.221,21.426,39.795,8.812,30.611,122.95,NA,NA,18.011,NA,194.533,0.273,144.073,209.308,3.566,22.51,66.178,98.113,61.077,49.615,30.271,72.943,101.065,189.095,69.66,63.129,106.147,120.956,31.456,53.761,204.214,74.686,92.884
"1889-10",62.494,50.577,96.898,90.575,45.066,61.725,55.976,159.388,127.758,135.743,NA,66.503,28.22,121.095,77.386,18.775,68.891,88.284,16.502,58.148,194.66,4.675,90.487,114.658,32.314,65.612,16.2,30.602,93.767,NA,NA,27.573,NA,128.807,4.996,87.509,195.58,6.35,13.053,68.329,79.265,61.505,47.229,15.122,70.799,122.373,144.897,62.007,75.632,104.924,275.756,29.267,107.141,179.094,77.391,93.627
"1889-11",38.639,27.567,138.549,158.191,21.574,114.902,42.369,75.222,60.739,125.721,NA,47.206,17.54,86.092,134.159,38.497,72.164,128.093,70.782,61.531,33.659,16.142,53.529,103.303,14.392,63.457,35.456,23.587,122.075,NA,NA,73.207,NA,176.042,13.253,45.842,216.318,23.137,24.648,55.3,64.351,57.154,41.76,15.028,75.384,125.836,124.984,77.481,98.447,119.493,295.857,53.018,71.341,123.55,68.949,93.22
"1889-12",62.34,22.626,120.877,147.151,33.534,218.046,62.313,43.352,47.48,88.499,NA,93.34,24.576,112.601,65.043,41.638,62.604,88.643,89.552,62.356,4.803,22.213,19.703,93.531,18.501,109.9,123.77,15.752,76.335,NA,NA,103.635,NA,112.41,12.734,42.488,271.613,153.926,28.879,55.231,116.991,38.819,39.141,11.556,80.854,139.119,121.459,63.663,80.995,102.019,230.346,81.125,12.097,162.658,70.131,95.111
"1890-01",81.474,13.189,148.796,149.479,35.552,81.731,63.087,30.683,57.239,64.91,NA,82.392,16.365,67.262,55.288,95.909,52.53,112.207,106.308,48.325,0.837,13.489,11.65,91.219,24.436,104.106,235.796,12.78,87.611,NA,NA,45.941,NA,96.77,4.71,25.061,301.565,274.239,105.855,48.531,95.968,50.026,47.867,8.74,112.711,166.224,93.139,72.951,68.772,98.204,213.015,84.021,36.659,97.213,75.584,95.061
"1890-02",71.247,15.552,191.806,180.913,30.867,72.686,51.295,21.086,42.803,98.379,NA,94.16,29.452,108.677,49.059,80.983,52.434,115.843,29.886,50.56,2.031,8.38,6.628,68.43,37.867,133.284,136.621,10.438,67.242,NA,NA,19.957,NA,86.707,9.815,3.234,216.111,299.88,146.655,31.638,87.635,82.553,57.996,6.215,129.245,145.299,84.992,96.931,29.191,98.556,154.84,114.646,8.13,2.656,80.634,94.337
"1890-03",68.049,18.193,39.984,104.448,33.545,105.254,19.695,7.074,17.873,117.109,NA,106.038,27.751,123.501,16.964,141.185,59.404,41.611,29.421,28.975,4.398,0.656,1.506,67.794,42.765,84.513,88.531,16.369,77.097,NA,NA,17.225,NA,75.012,0.043,53.379,233.757,277.408,160.604,49.712,108.983,89.639,79.337,11.512,110.764,161.078,66.211,116.61,38.735,75.943,193.658,86.921,18.59,154.084,86.389,92.939
"1890-04",52.922,25.201,70.296,166.224,17.322,61.228,26.522,22.456,31.657,103.607,NA,115.588,48.871,90.722,19.56,277.587,54.091,39.283,14.056,29.04,63.392,3.011,4.838,123.542,38.726,81.716,142.393,21.831,39.868,NA,NA,19.042,NA,86.67,0.224,20.721,187.959,279.522,124.727,42.699,68.99,91.841,62.268,13.681,137.476,148.788,59.09,91.664,101.459,65.879,67.673,98.739,6.562,96.598,90.084,92.598
"1890-05",60.052,22.086,75.366,89.754,17.222,65.951,6.242,30.924,25.247,82.397,NA,97.807,55.529,45.022,34.778,268.135,27.498,30.732,12.71,17.324,142.202,12.799,10.763,167.598,65.623,131.218,185.168,21.169,73.72,NA,NA,18.87,NA,146.194,9.85,17.754,218.107,97.408,72.193,61.327,113.551,79.817,68.175,12.084,118.608,138.956,69.927,94.292,242.006,59.762,120.168,68.366,11.325,72.993,94.616,96.237
"1890-06",35.678,41.285,73.788,99.709,19.176,25.025,33.116,132.544,44.239,85.648,NA,60.706,50.757,86.148,61.728,160.994,42.358,43.299,0.656,5.275,226.193,3.321,43.804,162.504,91.562,109.935,97.179,24.213,55.159,NA,NA,1.076,NA,143.111,0.638,59.152,232.077,26.852,46.648,107.948,114.047,69.373,62.755,11.346,110.914,152.292,113.65,95.912,222.194,66.325,145.253,45.791,62.162,25.445,87.006,98.422
"1890-07",44.009,48.786,70.934,108.665,35.034,8.162,63.466,246.212,46.432,133.041,NA,83.631,42.513,73.866,148.941,83.502,41.67,22.958,0.157,1.87,333.832,2.867,15.287,54.312,65.481,101.935,12.036,35.677,63.728,NA,NA,0.204,NA,141.883,0.023,201.542,228.772,11.521,32.791,84.872,103.424,73.761,55.663,28.008,83.909,130.536,155.066,79.889,156.719,56.577,126.246,47.288,111.083,238.113,87.807,92.753
"1890-08",57.03,47.959,84.713,123.283,51.401,15.073,60.748,214.725,44.301,129.127,NA,79.563,57.052,77.592,172.163,16.163,47.126,23.495,6.941,6.466,365.604,0.78,17.239,55.252,42.642,71.411,16.442,36.865,59.929,NA,NA,7.068,NA,144.862,0.151,222.402,196.264,9.093,36.635,102.596,103.596,61.725,59.294,24.028,83.568,121.895,168.057,69.652,110.957,76.065,146.145,38.172,124.444,267.639,81.899,94.775
"1890-09",90.155,55.125,287.186,130.646,54.357,63.552,107.28,177.831,83.707,110.573,NA,65.938,31.09,62.603,138.71,10.761,56.255,19.188,36.654,14.271,216.83,1.328,33.288,53.687,37.389,52.71,13.124,39.67,100.73,NA,NA,23.433,NA,155.279,2.4,208.618,155.76,2.875,17.65,79.66,102.596,64.127,57.868,30.858,77.94,122.218,186.649,71.435,85.286,88.219,147.195,32.796,99.18,232.43,79.828,94.906
"1890-10",50.27,33.135,262.277,137.237,37.472,133.855,141.47,273.287,94.45,147.927,NA,80.148,34.329,70.251,115.263,15.233,70.858,111.799,19.548,63.634,143.373,8.3,84.336,243.92,31.217,56.62,22.36,30.798,101.802,NA,NA,51.02,NA,82.239,13.717,63.425,131.818,1.769,10.342,42.347,98.003,65.48,59.467,22.724,72.676,123.816,171.525,70.942,86.127,106.254,229.391,33.65,41.273,126.584,72.815,92.717
"1890-11",67.607,36.987,176.688,166.411,31.693,125.524,80.238,84.634,75.307,125.38,NA,55.111,18.213,91.06,89.388,22.832,83.253,103.354,42.535,68.849,55.856,6.287,59.964,232.99,28.798,62.687,113.216,12.55,113.302,NA,NA,58.515,NA,124.335,10.426,95.259,226.287,20.396,8.146,47.181,78.293,41.091,44.222,15.833,78.961,161.951,137.887,69.839,86.497,113.355,218.801,33.601,91.388,258.677,71.763,95.356
"1890-12",76.103,27.849,106.072,164.298,45.323,81.03,108.44,56.656,58.885,80.359,NA,93.349,22.04,77.905,33.192,84.325,83.015,87.248,32.083,78.002,15.511,8.877,21.908,239.866,11.348,106.082,145.053,22.568,82.907,NA,NA,45.295,NA,103.707,10.667,22.862,156.66,96.196,37.717,44.55,102.587,36.876,29.116,12.52,85.899,184.916,117.578,65.121,80.874,115.757,288.321,67.394,45.179,34.538,65.888,95.179
"1891-01",89.276,25.739,127.05,154.795,20.655,98.18,30.892,18.395,38.582,63.201,NA,91.06,22.807,97.188,35.523,169.157,66.514,68.018,52.353,65.097,5.073,45.199,10.036,104.134,21.694,104.917,195.002,17.293,54.072,NA,NA,116.621,NA,104.93,4.763,3.675,241.91,409.391,91.067,28.152,61.596,44.435,39.519,13.978,108.201,171.934,93.521,76.205,82.196,100.657,275.178,80.655,19.475,6.265,71.395,96.127
"1891-02",71.262,20.703,118.212,130.53,18.147,161.16,33.106,10.72,33.905,113.518,NA,81.098,15.23,87.143,34.016,139.334,47.893,50.804,94.754,46.666,2.26,10.734,4.787,54.914,26.394,125.868,237.858,12.672,53.911,NA,NA,47.318,NA,92.153,5.608,1.856,203.016,358.891,182.056,39.786,93.258,73.67,66.767,10.27,118.345,170.67,78.15,84.426,68.352,90.753,166.941,138.151,3.088,5.775,82.655,95.898
"1891-03",55.395,20.647,56.736,98.113,25.679,98.882,17.7,10.063,23.043,102.974,NA,75.542,23.971,120.311,19.628,118.805,58.152,60.828,18.832,32.4,9.856,1.971,3.593,33.531,30.253,88.357,139.421,15.108,41.227,NA,NA,20.598,NA,68.359,0.336,2.073,187.8,238.076,83.939,24.435,78.12,84.495,81.51,12.586,128.717,172.257,73.597,103.038,50.588,73.416,151.638,152.941,2.97,12.306,91.286,94.693
"1891-04",48.038,26.035,48.932,146.13,18.643,59.965,10.85,13.809,23.071,76.914,NA,91.579,27.973,95.981,20.505,238.496,39.012,31.696,13.441,25.95,77.991,10.187,8.623,110.613,30.571,64.53,97.004,17.397,52.777,NA,NA,28.924,NA,73.275,3.965,5.834,210.688,225.619,51.966,53.189,87.817,81.41,69.356,15.381,111.893,182.999,60.626,97.75,141.176,69.451,89.26,135.829,4.077,16.28,94.091,94.395
"1891-05",40.375,28.114,21.353,66.936,17.163,37.444,8.248,51.336,21.738,50.987,NA,68.486,38.827,63.506,18.976,253.839,36.026,54.299,22.637,17.839,127.273,1.466,24.26,113.083,97.301,92.858,119.838,14.407,61.076,NA,NA,19.402,NA,106.109,0.13,24.107,253.771,132.12,51.038,87.816,88.08,80.598,68.525,8.519,112.91,153.736,75.091,96.516,181.236,57.403,166.634,71.606,6.919,104.965,94.563,95.623
"1891-06",40.115,31.055,20.627,100.942,25.092,42.451,29.071,154.459,26.537,76.898,NA,80.842,70.527,63.884,70.066,305.379,38.789,51.98,0.063,8.845,218.941,3.936,12.376,77.47,74.972,75.93,12.627,18.504,66.634,NA,NA,1.026,NA,186.879,0.086,116.476,231.282,13.665,39.164,90.137,126.51,75.598,59.7,15.33,104.414,123.224,139.013,72.446,245.007,61.981,98.459,67.756,45.176,186.08,86.195,97.48
"1891-07",60.917,42.356,40.549,113.088,14.707,22.288,48.24,224.217,53.18,107.069,NA,94.501,80.249,51.867,167.387,83.157,56.538,16.934,0.184,4.055,348.82,2.698,21.692,90.705,66.457,55.581,6.512,31.533,58.818,NA,NA,3.135,NA,147.458,0.219,128.681,213.4,10.556,43.206,79.455,113.425,76.285,51.568,29.923,103.373,130.643,144.741,66.532,160.163,61.023,214.773,44.263,102.113,168.536,86.793,95.992
"1891-08",50.129,47.689,64.987,118.758,44.1,37.253,47.881,164.795,52.805,113.43,NA,64.876,40.996,51.877,170.389,11.163,56.277,44.642,0.554,8.508,264.036,1.86,16.101,80.685,20.183,32.546,5.194,34.297,65.508,NA,NA,0.684,NA,141.757,0.068,177.393,195.658,9.672,29.49,67.353,92.309,65.84,63.039,25.751,93.774,115.244,188.83,64.645,79,83.466,185.983,37.584,59.397,211.313,90.953,97.881
"1891-09",85.84,56.398,54.003,133.714,44.05,41.356,102.237,261.14,94.258,108.586,NA,82.968,33.9,76.636,149.817,11.749,61.72,48.436,10.322,12.127,193.131,0.86,18.084,35.774,54.233,76.679,10.306,37.65,80.037,NA,NA,9.684,NA,157.414,0.199,132.013,185.764,1.919,25.279,65.666,105.217,66.617,49.881,35.017,79.169,96.172,195.888,60.103,73.747,103.773,141.122,28.572,43.818,181.854,79.237,92.876
"1891-10",75.452,41.515,336.294,178.719,58.492,88.07,128.414,273.093,160.38,121.773,NA,70.81,24.499,83.078,103.39,10.334,78.319,59.048,5.927,63.228,142.491,2.632,52.142,194.341,76.266,80.584,14.322,30.6,67.906,NA,NA,15.48,NA,103.081,0.953,108.882,167.602,6.114,13.942,49.068,54.359,58.531,56.727,19.113,79.422,96.745,175.787,67.087,74.052,104.771,261.335,37.491,72.311,168.018,81.087,94.66
"1891-11",49.276,27.499,171.911,180.781,43.489,77.102,90.169,105.246,88.473,121.035,NA,62.418,18.078,67.739,97.06,31.36,52.166,119.654,31.538,61.394,40.315,9.618,40.915,164.171,10.147,88.292,36.612,12.504,102.293,NA,NA,32.508,NA,90.497,8.295,104.538,123.938,15.773,8.33,34.926,55.58,49.796,45.439,7.529,84.824,153.821,136.953,57.415,100.472,101.02,310.374,36.429,178.465,165.555,72.582,92.293
"1891-12",80.528,28.728,223.8,137.932,34.515,126.708,60.652,40.155,66.167,117.189,NA,70.371,19.701,78.008,57.305,85.411,48.482,92.591,72.356,95.314,5.155,8.583,49.96,142.241,25.071,92.041,128.543,11.796,73.503,NA,NA,66.756,NA,94.254,4.245,36.437,207.559,78.287,13.817,29.796,75.391,44.18,32.436,8.067,89.619,171.919,115.892,71.855,92.053,92.027,287.498,69.267,95.129,128.077,66.369,94.2
"1892-01",57.84,29.896,44.702,142.777,23.297,129.365,21.326,25.713,40.442,70.509,NA,65.455,22.261,103.144,27.023,79.785,64.542,90.483,39.038,70.354,0.827,15.12,9.16,88.52,31.284,121.87,215.031,8.531,85.532,NA,NA,31.25,NA,88.884,11.029,20.504,258.616,375.418,125.979,43.911,66.624,47.778,46.37,6.21,108.932,182.561,98.089,81.307,38.746,95.803,193.461,100.69,12.038,44.365,76.238,97.462
"1892-02",50.142,15.711,181.818,192.481,22.751,213.846,55.419,22.683,48.845,72.831,NA,85.63,20.595,99.878,26.109,98.873,37.965,129.91,29.124,42.065,2.699,4.905,3.532,37.624,35.18,133.136,146.83,10.329,49.632,NA,NA,34.135,NA,67.237,2.029,6.021,195.753,304.651,55.383,25.377,76.625,81.03,69.975,7.966,132.216,175.011,82.55,79.129,32.371,94.295,160.193,121.598,12.281,9.072,84.259,95.217
"1892-03",71.831,19.536,155.31,66.906,26.129,82.937,32.323,13.368,33.212,89.283,NA,76.531,34.403,94.299,35.759,162.929,39.246,61.211,36.552,39.624,15.911,0.909,2.839,38.372,30.613,141.789,100.956,12.086,82.374,NA,NA,29.479,NA,89.584,0.103,1.559,206.76,297.963,129.414,48.842,128.822,86.237,95.914,8.373,116.564,199.49,67.081,82.121,56.491,59.031,148.309,147.622,2.648,8.714,82.079,94.412
"1892-04",61.755,20.233,9.105,73.323,20.493,82.432,2.918,10.597,19.767,34.473,NA,64.983,23.491,98.524,16.9,321.575,32.408,31.936,13.146,26.685,58.793,7.846,6.05,108.337,40.314,90.134,134.717,11.386,76.691,NA,NA,10.692,NA,73.051,3.967,16.357,196.191,159.791,105.735,56.733,73.976,93.886,78.585,7.847,123.42,187.638,60.829,91.474,134.745,62.689,125.627,89.334,11.075,34.685,94.13,91.706
"1892-05",47.642,29.951,43.763,81.586,23.407,14.121,3.875,38.95,25.639,44.854,NA,96.668,70.216,73.639,23.651,230.14,33.875,27.643,8.429,21.118,166.244,3.843,12.225,128.753,124.992,112.937,134.898,23.008,52.099,NA,NA,8.109,NA,91.386,0.382,44.405,250.263,98.356,77.852,50.946,93.042,90.719,64.308,12.191,113.141,136.29,71.43,97.053,215.008,58.354,165.664,72.061,16.856,169.919,86.203,93.203
"1892-06",45.244,34.185,132.207,131.822,22.342,26.621,52.705,219.517,66.432,79.104,NA,91.891,68.918,50.222,107.533,256.487,27.619,21.168,11.576,7.462,219.691,2.228,20.937,72.95,64.811,112.623,15.062,22.471,74.622,NA,NA,3.72,NA,182.506,0.088,147.193,218.476,41.022,120.531,99.736,119.205,74.557,47.342,14.882,110.289,105.204,127.259,79.958,236.498,66.609,115.369,65.353,121.513,205.816,85.228,96.195
"1892-07",41.967,39.739,15.501,133.098,34.715,24.798,55.001,289.275,89.272,112.003,NA,69.718,69.777,74.928,230.385,82.697,38.952,23.746,8.197,3.118,362.795,2.247,29.12,53.791,47.201,92.561,8.795,35.071,77.296,NA,NA,4.809,NA,146.244,0.102,222.937,226.506,20.249,40.23,100.926,94.506,70.532,62.112,22.709,97.09,113.671,134.581,74.881,174.011,94.609,150.575,52.146,121.021,196.187,84.468,95.983
"1892-08",46.583,43.337,76.982,140.09,59.012,12.282,56.651,173.552,71.428,98.389,NA,55.023,35.247,91.948,120.159,14.752,47.297,17.668,1.06,4.583,305.556,1.23,13.289,47.832,52.629,47.927,5.367,34.398,59.032,NA,NA,2.024,NA,171.929,0.014,175.793,202.33,5.729,23.969,92.489,114.896,74.586,61.172,23.772,92.893,103.81,180.379,64.012,71.607,90.168,123.855,36.169,75.73,225.196,81.721,94.488
"1892-09",65.759,59.904,138.998,200.723,22.256,29.76,134.591,281.405,160.186,118.898,NA,71.034,29.279,97.229,108.328,17.572,57.734,53.161,0.45,16.246,202.334,1.064,31.449,66.565,87.575,75.651,7.449,28.664,79.717,NA,NA,4.828,NA,153.553,0.266,56.754,177.145,2.821,19.644,79.475,96.176,66.07,53.881,24.476,77.945,87.701,186.719,72.995,63.919,108.087,182.154,32.56,17.869,64.769,84.549,92.825
"1892-10",43.993,39.631,30.857,124.055,37.125,61.444,34.872,178.778,155.676,121.497,NA,74.277,28.82,76.29,133.912,10.435,44.684,131.734,17.084,52.196,173.788,4.862,78.002,126.023,39.438,74.525,13.417,25.126,104.022,NA,NA,48.52,NA,120.514,2.728,111.37,187.675,9.091,28.818,39.199,84.744,55.209,63.551,19.08,79.006,89.466,143.042,68.474,79.878,116.663,309.879,35.596,169.538,205.582,77.723,93.128
"1892-11",73.684,34.606,177.437,114.025,29.944,108.466,51.882,81.704,64.918,130.499,NA,71.82,14.81,83.065,131.602,22.152,53.072,105.383,36.401,78.768,41.501,5.009,9.711,121.726,13.373,65.819,23.151,19.373,124.102,NA,NA,53.916,NA,133.322,4.084,155.609,240.98,17.216,12.346,36.823,94.118,56.086,47.182,14.995,80.158,137.619,131.357,63.797,92.484,90.338,228.398,43.52,92.739,291.312,70.547,91.29
"1892-12",72.178,21.161,125.215,91.413,33.374,63.452,74.447,60.099,95.703,122.631,NA,74.317,13.506,74.023,163.765,40.739,78.016,91.03,47.503,59.917,5.268,8.989,10.759,134.832,33.013,101.099,113.847,21.962,81.092,NA,NA,84.911,NA,121.062,6.047,56.99,265.136,173.232,24.985,33.469,84.242,50.933,40.648,15.788,104.222,154.097,115.139,67.056,74.369,85.891,199.752,55.048,31.393,114.221,69.149,93.136
"1893-01",54.291,24.921,152.862,199.884,17.189,110.301,59.052,61.68,80.036,110.495,NA,80.593,21.527,68.276,67.84,54.757,42.867,139.039,29.187,72.987,1.878,27.29,5.812,70.594,42.99,149.772,162.493,13.372,75.225,NA,NA,28.952,NA,91.289,5.936,25.899,260.056,378.384,124.967,34.415,64.276,53.576,49.8,14.182,119.373,155.916,98.554,68.96,49.939,113.285,197.626,79.483,20.867,79.256,70.484,95.795
"1893-02",61.43,12.603,99.305,117.075,29.961,208.025,34.284,15.883,43.017,205.853,NA,58.508,27.025,84.405,22.579,74.862,68.96,57.066,44.954,42.721,3.45,3.827,4.788,67.246,34.458,142.406,184.805,9.568,72.151,NA,NA,31.165,NA,87.335,5.673,7.818,177.594,269.23,138.222,35.093,52.289,66.887,79.306,10.848,117.809,151.459,84.172,101.059,55.307,93.438,185.75,100.948,8.859,12.703,83.716,95.674
"1893-03",66.881,19.204,17.232,71.158,19.589,99.753,24.303,10.556,18.39,67.29,NA,89.957,31.181,105.856,22.578,117.933,62.873,63.536,21.878,40.506,9.405,2.102,2.161,88.632,29.513,111.615,75.975,13.378,74.477,NA,NA,17.473,NA,66.29,0.313,7.892,273.171,349.807,151.876,55.995,66.087,72.274,71.925,9.969,122.753,160.47,70.125,109.429,37.604,73.934,182.404,91.34,5.292,9.857,85.281,94.205
"1893-04",44.449,21.279,64.818,110.881,21.512,75.747,22.523,16.239,22.387,49.419,NA,99.559,34.86,81.322,15.388,245.441,28.25,62.183,16.428,32.25,66.028,4.835,6.493,102.542,25.029,134.452,121.537,9.183,77.339,NA,NA,17.36,NA,71.25,0.093,4.111,199.413,313.527,114.547,63.627,85.69,80.173,61.62,9.257,123.674,151.043,65.878,87.167,129.021,81.469,71.329,88.342,4.657,7,94.826,90.953
"1893-05",53.213,21.904,71.411,128.6,15.034,31.4,13.359,58.975,49.029,60.309,NA,70.348,55.24,47.124,30.974,254.317,27.045,45.533,4.308,14.571,120.272,5.092,19.707,146.852,84.989,124.377,183.073,17.248,64.945,NA,NA,7.604,NA,106.575,1.09,26.358,233.314,83.595,47.222,62.856,101.787,79.727,72.878,11.357,109.681,136.962,84.895,83.468,174.296,67.112,122.997,78.822,21.889,85.282,92.093,94.718
"1893-06",33.737,31.636,32.895,94.682,18.239,32.225,20.859,244.327,80.824,112.631,NA,83.056,35.224,55.888,83.086,275.868,39.096,13.198,18.441,8.151,216.562,2.41,20.435,122.228,93.115,120.316,31.552,17.469,66.695,NA,NA,11.098,NA,159.593,0.164,65.315,230.255,31.849,74.57,68.178,112.962,66.488,62.806,19.973,101.846,137.811,128.632,83.774,196.918,59.964,197.177,54.616,75.955,127.524,92.397,96.819
"1893-07",60.259,48.124,137.974,144.766,40.423,14.195,70.396,215.392,56.383,126.807,NA,96.609,62.594,62.682,210.803,55.59,28.769,27.314,0.006,5.61,336.272,1.774,13.56,52.717,32.159,62.557,3.564,31.923,84.699,NA,NA,0.125,NA,152.915,0.02,171.465,240.982,8.103,58.824,65.446,110.476,75.207,60.885,25.295,95.617,147.944,142.325,79.849,125.834,63.167,173.096,51.497,75.695,234.552,83.825,96.611
"1893-08",66.5,62.305,103.756,113.369,28.777,38.354,73.292,171.185,46.774,127.978,NA,94.125,30.894,57.853,118.606,21.808,35.794,39.848,1.711,6.131,299.661,0.752,10.395,57.288,45.969,78.871,3.426,35.018,63.426,NA,NA,4.335,NA,205.926,0.023,128.286,204.894,5.343,26.561,62.961,97.954,71.076,56.223,22.318,81.555,164.151,174.804,69.695,72.487,76.451,116.801,37.373,26.445,186.598,88.203,95.406
"1893-09",71.461,44.954,154.326,150.511,34.631,19.072,124.27,236.008,102.561,134.389,NA,68.699,39.387,67.654,139.019,15.333,72.711,39.903,1.5,14.27,202.513,1.269,38.379,119.588,37.33,50.964,9.454,35.421,64.771,NA,NA,3.654,NA,158.234,0.509,104.154,141.345,2.819,15.28,59.385,78.851,71.128,61.477,27.183,80.017,149.648,177.396,70.505,78.766,92.363,166.591,30.059,33.07,183.466,81.269,93.643
"1893-10",81.639,44.474,87.4,120.879,33.282,70.885,63.883,230.322,102.744,146.401,NA,61.571,30.64,66.844,89.641,10.346,73.804,77.404,46.693,90.394,173.506,3.315,91.854,233.581,37.995,74.948,18.63,28.715,90.847,NA,NA,43.617,NA,121.881,12.36,100.246,140.197,6.257,8.605,58.362,78.685,49.153,58.652,21.078,73.088,143.924,158.269,68.018,78.855,100.506,148.802,37.771,127.084,193.451,73.954,91.504
"1893-11",78.433,29.274,126.041,204.012,22.856,72.2,60.205,102.255,81.499,143.705,NA,77.93,32.07,80.753,107.77,24.96,56.078,133.539,96.5,77.859,58.593,8.57,190.707,313.851,16.785,53.392,99.363,17.25,109.104,NA,NA,91.626,NA,113.243,7.775,68.165,151.545,10.444,18.539,27.433,76.447,58.724,39.791,7.416,80.559,173.165,128.396,65.372,109.932,126.197,185.062,42.655,83.088,195.699,73.116,92.77
"1893-12",58.407,25.918,109.777,183.375,29.846,115.004,43.402,24.43,45.716,119.159,NA,68.07,17.092,81.248,37.471,103.427,49.457,130.28,91.887,68.936,3.302,13.301,149.07,386.28,12.719,114.44,196.886,6.935,107.783,NA,NA,74.947,NA,112.196,9.476,53.77,176.25,147.355,25.39,23.11,62.312,45.375,46.443,6.188,87.89,201.109,99.002,62.431,98.564,119.323,202.801,44.386,76.74,142.87,73.998,93.77
"1894-01",82.3,16.488,135.737,107.942,28.289,52.944,97.828,19.489,30.559,52.099,NA,70.699,18.296,110.217,30.019,125.534,66.962,108.705,89.459,51.879,1.069,6.073,101.323,231.689,30.471,145.377,284.565,12.567,72.969,NA,NA,57.638,NA,101.845,5.052,22.017,193.36,229.49,80.521,30.673,71.671,55.523,48.127,11.943,91.089,240.903,86.8,75.611,62.945,89.189,231.788,70.756,44.137,54.182,72.819,94.081
"1894-02",64.637,15.153,197.177,167.048,15.544,89.354,67.581,16.872,40.686,37.628,NA,82.087,18.887,95.582,15.491,59.147,61.787,98.631,34.341,36.748,0.365,3.837,12.621,141.159,22.412,162.621,163.037,20.465,71.287,NA,NA,49.113,NA,106.834,3.528,9.604,195.018,343.809,46.62,34.676,69.434,68.835,64.27,13.438,104.721,217.993,69.599,85.107,50.777,103.056,208.964,110.11,9.346,8.448,83.017,96.732
"1894-03",69.236,16.798,112.928,138.874,15.605,68.739,17.409,11.724,25.443,79.01,NA,97.869,28.792,101.989,21.786,103.549,57.116,78.993,25.71,22.557,11.554,2.549,5.963,104.733,40.039,112.503,99.676,11.371,51.645,NA,NA,31.042,NA,85.73,0.32,1.755,206.017,273.941,72.767,47.73,63.607,76.441,78.783,13.264,115.862,207.494,54.044,110.47,48.895,95.918,163.15,126.876,2.273,3.023,94.996,96.678
"1894-04",67.455,26.571,33.505,103.782,17.5,62.356,7.84,14.789,30.492,62.737,NA,97.837,28.823,87.97,17.58,268.444,47.415,27.207,4.201,24.024,32.712,2.53,4.457,124.481,21.7,82.72,83.094,13.629,43.603,NA,NA,24.001,NA,93.498,0.004,16.46,204.793,222.208,37.384,39.58,90.61,90.913,76.936,11.286,115.579,197.123,55.159,96.011,106.535,67.684,135.939,133.704,5.807,51.661,94.777,96.189
"1894-05",49.922,22.684,79.948,66.175,14.466,52.507,13.309,48.418,21.275,46.356,NA,78.56,64.554,67.075,14.514,311.722,33.211,36.452,15.655,18.825,160.781,3.13,46.68,152.989,109.717,131.518,97.205,12.127,48.568,NA,NA,16.345,NA,117.804,3.816,41.15,240.78,133.834,43.181,61.034,88.317,89.801,57.988,10.271,108.851,156.707,71.049,83.627,212.353,47.47,89.09,91.4,7.282,157.119,88.806,94.366
"1894-06",55.821,38.494,13.471,96.371,19.366,25.409,32.266,259.149,37.02,88.114,NA,111.449,56.259,58.288,87.638,352.509,37.492,11.658,1.328,8.433,207.636,2.276,46.54,238.781,59.14,84.439,16.751,30.926,49.955,NA,NA,2.465,NA,191.415,0.976,114.848,239.203,51.312,78.388,72.375,120.043,79.317,66.283,24.745,100.067,114.891,128.333,73.969,250.711,50.15,127.915,56.987,55.575,186.225,86.51,95.944
"1894-07",48.149,40.364,47.537,104.431,37.552,30.364,22.399,158.648,25.88,106.531,NA,90.284,60.366,57.395,204.559,108.45,44.444,22.58,6.369,5.447,305.218,0.842,11.977,61.324,74.354,76.029,4.705,47.599,43.156,NA,NA,3.516,NA,125.426,0.124,193.266,188.789,18.015,86.978,116.084,125.069,68.666,51.653,33.063,98.762,99.991,140.471,71.332,150.783,66.725,230.773,56.667,117.961,219.781,85.965,94.896
"1894-08",60.055,66.072,109.204,115.768,35.97,18.892,57.737,167.098,63.206,113.805,NA,90.573,27.569,41.74,166.49,17.532,41.772,25.846,0.769,2.319,255.046,0.858,15.975,64.189,26.262,53.979,4.511,40.963,66.644,NA,NA,1.376,NA,178.531,0.162,202.118,247.114,14.872,25.187,79.147,86.98,61.217,54.903,29.079,96.516,91.805,151.105,65.592,83.847,81.208,169.367,41.844,92.971,293.251,86.119,93.842
"1894-09",57.191,43.916,146.486,109.073,47.726,16.375,86.95,299.035,112.718,121.074,NA,67.743,33.968,92.886,208.1,14.16,65.392,45.965,50.058,7.345,192.454,0.47,11.991,63.974,23.951,31.45,7.139,42.728,80.589,NA,NA,29.726,NA,265.732,0.118,161.425,189.541,6.343,23.866,94.112,107.002,57.61,44.449,32.46,85.062,79.716,195.543,79.01,57.273,79.075,138.95,28.259,55.998,228.588,76.401,92.973
"1894-10",79.031,40.069,167.88,87.869,34.284,34.747,119.66,224.122,101.172,122.98,NA,58.995,26.199,83.467,188.566,20.163,85.651,34.855,62.116,32.601,112.116,5.894,57.895,85.341,33.431,37.74,24.924,23.477,69.768,NA,NA,80.965,NA,126.922,11.24,104.756,208.578,19.382,13.441,50.673,66.579,57.026,49.545,26.502,81.578,95.577,164.435,61.234,90.65,83.342,318.414,33.614,85.674,166.103,80.601,92.44
"1894-11",85.558,27.804,188.674,149.37,23.985,124.006,44.126,51.951,52.196,105.24,NA,53.881,16.414,79.822,182.544,52.549,78.343,71.575,86.582,66.354,9.82,9.059,83.311,159.1,40.605,76.791,88.558,17.049,98.651,NA,NA,91.168,NA,148.91,5.635,27.834,227.914,32.558,35.667,52.059,76.623,43.244,46.232,14.248,84.85,105.266,135.715,66.182,97.577,90.011,252.118,35.709,27.567,136.398,72.99,91.307
"1894-12",73.455,26.165,109.312,123.014,45.427,68.591,73.843,28.245,37.989,88.455,NA,70.342,17.846,91.898,86.902,28.227,87.046,89.896,59.603,77.144,6.025,14.309,28.497,193.957,28.811,93.405,184.266,21.345,99.613,NA,NA,67.823,NA,127.744,4.455,30.748,289.596,221.8,89.826,31.668,64.57,47.287,39.386,18.515,97.348,132.298,121.249,70.481,85.545,94.87,249.823,42.181,46.747,97.139,71.245,96.205
"1895-01",82.094,18.654,191.138,122.861,29.485,89.13,60.598,32.337,48.709,47.971,NA,107.829,19.45,81.937,58.341,124.84,96.974,42.595,79.807,70.756,8.453,16.772,14.422,125.984,18.352,109.785,234.564,15.861,73.806,NA,NA,121.401,NA,143.952,4.54,16.84,281.36,341.375,151.193,46.926,92.22,53.16,28.101,18.747,124.674,132.809,102.597,77.632,79.132,82.058,185.533,71.74,18.502,80.79,74.904,94.751
"1895-02",62.222,18.955,82.059,115.884,26.529,131.706,30.894,16,38.361,73.667,NA,80.056,17.806,119.328,35.221,125.882,70.956,81.085,47.203,39.885,1.029,11.352,6.338,28.128,31.616,141.867,155.239,18.241,71.905,NA,NA,38.289,NA,115.473,0.737,8.98,168.256,249.888,139.412,36.746,68.965,73.148,50.513,11.937,118.9,120.944,80.645,104.655,61.313,76.186,179.093,132.143,12.229,37.281,78.68,91.872
"1895-03",53.245,22.337,150.013,112.603,18.514,68.915,30.558,16.441,30.184,113.764,NA,91.111,32.665,89.934,22.387,174.626,37.599,123.579,30.433,59.628,6.855,12.288,2.823,35.939,54.266,156.292,118.121,12.441,64.579,NA,NA,18.149,NA,114.322,0.055,28.745,196.861,310.96,170.064,22.64,99.264,79.222,60.334,10.609,121.04,119.885,76.683,95.626,41.832,83.805,130.395,96.392,16.403,109.704,90.273,92.563
"1895-04",48.814,21.534,102.628,110.295,21.477,78.809,6.778,22.737,15.692,59.918,NA,68.216,30.83,103.884,15.95,318.377,46.854,51.127,8.103,35.026,23.114,2.574,1.095,125.955,30.289,101.702,78.051,9.568,64.612,NA,NA,7.105,NA,88.829,0.006,13.925,186.136,327.936,107.586,31.872,85.497,78.582,79.623,7.284,122.509,125.463,72.206,92.354,87.764,82.611,107.402,111.38,10.135,70.074,100.155,94.609
"1895-05",44.98,30.699,41.155,94.856,18.717,34.469,7.845,72.555,33.276,71.023,NA,86.175,29.43,52.253,23.4,303.101,28.836,60.102,10.301,19.224,173.798,2.367,16.835,201.002,43.891,97.01,116.207,14.985,81.573,NA,NA,14.939,NA,143.122,0.127,31.02,204.784,224.534,65.501,73.206,84.883,78.702,86.94,9.738,119.814,114.606,90.73,76.524,221.221,56.007,95.45,88.704,9.169,129.266,101.989,95.712
"1895-06",41.737,37.462,128.36,118.119,23.996,15.462,65.131,274.325,54.137,104.326,NA,64.168,30.04,69.886,76.259,340.804,45.321,18.577,1.258,8.009,207.671,1.797,12.125,55.184,47.252,76.88,4.703,23.694,48.876,NA,NA,1.561,NA,173.331,0.089,105.56,234.888,72.966,44.839,145.239,100.475,65.527,71.078,12.332,107.924,99.632,136.039,79.642,218.982,64.493,123.32,63.487,45.656,176.627,92.898,95.68
"1895-07",56.844,45.54,41.681,97.456,17.413,17.559,50.617,201.786,32.201,133.11,NA,98.135,33.003,60.485,194.075,67.846,43.325,17.823,0.316,4.191,288.835,2.377,9.107,38.36,63.491,71.287,1.898,35.805,66.187,NA,NA,0.305,NA,170.193,0.166,162.406,249.13,27.044,35.39,91.558,110.828,68.119,49.204,21.549,99.705,108.682,158.528,76.63,121.756,60.007,150.258,53.001,67.136,206.765,91.784,93.782
"1895-08",68.89,45.74,54.747,91.454,30.45,10.204,48.285,138.876,42.169,134.082,NA,62.669,47.593,48.037,171.634,26.376,59.77,40.363,19.648,6.95,241.179,1.152,8.525,40.61,87.022,84.621,4.09,48.508,45.717,NA,NA,6.184,NA,168.502,0.137,139.96,276.586,17.024,23.524,86.945,96.809,69.151,37.755,33.946,85.967,109.039,148.74,63.509,56.876,86.86,159.062,45.893,68.865,209.965,83.979,93.665
"1895-09",70.744,53.095,117.38,152.18,39.39,28.013,154.556,228.178,81.548,150.341,NA,61.787,29.16,91.278,148.851,18.97,48.766,33.497,7.547,17.257,150.648,0.901,6.56,28.221,32.734,25.836,7.913,32.21,75.765,NA,NA,10.377,NA,221.069,0.194,181.332,224.388,17.966,47.703,78.874,104.567,71.135,53.749,26.639,80.792,97.546,175.063,66.203,64.953,91.796,114.523,37.829,65.321,208.488,81.631,91.607
"1895-10",72.774,44.627,243.33,176.961,44.008,64.413,77.663,166.303,100.048,124.578,NA,66.077,26.683,83.605,104.892,40.857,68.444,30.628,39.924,42.296,126.119,7.012,12.687,49.812,24.122,47.454,22.044,31.562,69.415,NA,NA,43.272,NA,84.149,0.239,186.386,242.529,22.958,28.662,64.329,106.543,68.723,49.567,21.174,67.666,92.757,160.036,65.983,83.395,115.492,214.846,33.78,29.429,280.451,76.193,92.544
"1895-11",68.108,35.403,210.581,83.605,36.817,53.042,96.221,96.513,66.428,119.811,NA,70.66,23.852,78.548,135.966,16.886,82.622,93.432,72.156,64.975,39.337,16.379,45.075,87.181,36.668,72.229,86.592,22.741,98.174,NA,NA,115.364,NA,115.026,12.984,76.237,274.699,76.569,23.29,38.148,76.916,52.124,45.892,21.984,86.325,131.056,144.364,68.199,105.731,90.217,182.389,53.193,79.749,222.16,71.568,94.023
"1895-12",61.16,19.994,144.479,129.595,26.685,57.586,47.414,32.847,48.433,84.681,NA,83.256,24.177,68.157,121.721,76.981,60.419,144.512,30.628,75.539,3.243,34.611,39.06,145.516,16.267,117.231,216.966,20.036,83.145,NA,NA,57.298,NA,153.874,39.248,3.915,250.799,246.774,55.735,33.808,64.276,46.236,42.221,17.22,100.81,169.061,108.816,56.853,95.054,97.195,206.251,46.491,11.175,19.532,69.959,93.066
"1896-01",65.063,9.439,101.419,161.807,26.623,30.961,47.638,29.831,77.092,50.836,NA,97.07,21.871,80.306,58.479,134.737,84.261,109.123,21.626,68.497,1.382,6.927,11.249,56.86,25.039,173.492,255.797,14.782,74.372,NA,NA,34.13,NA,101.894,9.92,31.125,281.62,288.048,103.736,26.689,79.453,50.215,40.111,15.863,122.971,140.772,90.853,72.689,67.542,99.92,259.858,81.947,16.087,128.392,75.946,96.856
"1896-02",69.804,13.598,140.394,107.079,24.804,83.132,61.369,20.363,31.842,94.628,NA,93.738,20.058,94.143,62.317,92.476,50.936,112.888,50.889,58.022,2.879,5.329,9.381,41.088,30.976,112.406,180.711,15.906,77.991,NA,NA,60.798,NA,102.443,4.055,3.666,219.414,368.409,96.423,44.217,107.463,72.573,64.595,18.072,145.572,126.754,89.674,86.669,46.061,82.573,146.2,114.965,9.615,4.206,80.602,93.071
"1896-03",44.935,20.665,105.455,108.774,21.737,85.017,20.363,9.561,25.259,113.744,NA,84.411,36.824,99.169,27.892,176.129,68.995,81.921,5.352,38.638,11.577,1.889,6.948,66.473,30.833,142.637,139.338,17.439,76.542,NA,NA,20.992,NA,99.068,9.38,6.618,214.816,259.138,122.949,32.635,81.977,83.75,77.937,7.525,126.881,134.986,78.273,107.862,50.63,75.495,106.177,89.887,3.644,5.784,91.47,92.897
"1896-04",49.597,19.781,107.282,134.761,20.064,67.885,13.541,13.892,29.869,58.359,NA,83.612,25.958,80.15,19.34,279.005,58.313,58.357,17.683,26.975,54.269,5.436,6.655,100.903,28.749,94.554,85.725,14.87,58.518,NA,NA,27.679,NA,101.985,0.284,3.015,199.807,231.414,112.619,66.556,98.426,102.175,80.178,13.659,115.746,134.912,69.085,108.306,119.444,70.146,140.975,116.685,2.036,27.399,92.882,92.27
"1896-05",37.732,27.276,46.184,103.698,21.609,42.612,20.427,38.628,17.948,33.419,NA,88.598,32.869,55.045,22.001,348.025,25.294,59.507,5.396,30.962,158.861,4.929,19.99,78.753,45.826,100.929,117.355,16.032,40.806,NA,NA,17.112,NA,154.537,0.547,22.928,241.855,109.459,62.155,98.007,131.108,85.321,66.881,8.752,103.446,113.755,82.181,83.726,226.852,63.468,119.009,89.034,6.859,90.997,90.132,95.28
"1896-06",35.621,34.786,11.7,143.521,20.918,36.17,10.436,123.622,22.47,61.549,NA,92.864,73.864,59.278,111.358,154.315,53.269,54.544,2.536,11.427,164.724,3.474,25.01,51.164,109.594,87.85,25.999,21.207,80.781,NA,NA,1.682,NA,191.108,0.06,157.858,256.371,28.388,52.765,94.946,139.147,69.044,66.209,17.024,114.282,101.699,122.07,82.25,219.4,63.58,122.296,57.817,63.969,198.16,91.583,97.973
"1896-07",43.235,38.21,43.315,159.708,46.023,11.095,49.366,220.583,36.788,120.984,NA,87.437,64.591,77.286,126.171,65.76,57.728,15.088,3.401,4.787,337.816,2.143,26.941,83.896,50.671,75.1,10.678,37.299,60.78,NA,NA,4.14,NA,106.693,0.138,177.924,204.924,43.873,98.175,94.548,116.719,67.406,61.836,25.466,90.059,95.765,161.488,86.549,163.564,59.243,157.381,52.264,108.311,211.421,87.961,93.842
"1896-08",63.606,57.847,105.684,184.556,35.69,8.143,52.097,161.842,53.223,112.02,NA,83.883,42.768,56.905,158.204,17.815,46.793,23.16,6.947,2.84,289.441,0.813,10.94,32.174,75.625,65.824,7.697,39.858,95.998,NA,NA,11.941,NA,180.625,0.19,255.401,202.461,6.731,28.217,97.06,103.633,63.143,56.862,35.443,96.031,110.693,181.536,59.805,89.977,69.124,112.75,37.295,136.758,265.702,86.619,96.003
"1896-09",60.548,36.644,168.789,158.532,53.281,75.632,153.605,239.189,114.481,123.697,NA,71.379,22.871,67.139,133.161,18.49,62.721,25.37,27.998,40.719,229.832,3.14,60.431,55.504,34.303,45.461,10.761,35.129,87.853,NA,NA,20.269,NA,203.984,0.394,64.351,182.324,4.385,27.343,73.133,99.461,57.936,61.284,28.119,73.023,86.757,192.41,63.94,71.293,100.445,182.359,28.79,34.419,92.48,82.26,93.531
"1896-10",71.04,42.137,135.609,143.162,52.116,107.936,72.506,253.047,101.908,137.253,NA,57.084,18.026,74.168,45.853,15.243,62.161,84.984,6.41,54.811,196.83,7.603,52.942,145.291,20.648,71.105,14.092,31.035,78.393,NA,NA,57.339,NA,121.061,4.458,54.698,217.197,13.645,18.478,30.399,56.205,67.939,55.102,21.183,73.867,86.904,152.227,65.484,72.625,111.486,266.323,30.86,27.672,167.998,76.029,90.553
"1896-11",60.439,29.3,133.306,173.354,31.415,129.409,36.193,62.816,63.436,141.351,NA,84.829,25.725,78.939,122.807,30.794,80.827,76.199,42.765,73.037,45.586,5.12,39.315,163.301,30.551,54.651,45.126,16.443,122.484,NA,NA,61.705,NA,144.944,1.421,100.046,214.815,19.123,18.376,29.822,78.655,53.576,39.458,14.869,83.585,146.798,140.263,64.713,118.347,93.442,236.174,41.982,54.799,200.176,72.818,93.586
"1896-12",58.594,16.555,108.879,143.933,38.882,135.943,49.088,35.659,62.937,117.719,NA,67.123,34.778,70.397,86.864,60.643,76.595,97.497,89.148,64.324,6.78,8.984,26.727,180.894,18.506,83.71,117.02,12.887,82.014,NA,NA,98.545,NA,187.583,3.365,26.066,212.527,64.909,18.181,40.122,77.676,42.149,44.215,14.384,86.131,157.603,121.027,63.719,109.915,101.929,324.174,80.89,47.724,89.946,71.027,97.412
"1897-01",59.246,22.206,190.724,145.462,27.23,104.243,56.693,28.982,65.107,63.284,NA,70.702,20.818,75.438,27.317,77.326,80.344,93.298,23.401,57.512,0.639,7.183,7.477,71.955,26.154,117.979,243.474,20.171,70.535,NA,NA,22.913,NA,88.602,3.693,18.415,298.005,392.94,130.705,34.621,87.453,52.158,51.175,12.408,108.423,157.383,94.544,84.379,64.265,102.276,228.613,78.578,9.746,89.795,71.969,96.106
"1897-02",62.537,23.329,106.526,155.438,21.533,137.377,65.56,16.411,38.351,49.993,NA,84.231,19.225,97.198,22.784,87.516,63.397,102.143,56.099,52.689,1.36,6.498,3.667,33.232,59.026,126.32,165.04,8.564,81.066,NA,NA,40.949,NA,83.111,1.372,6.341,213.377,241.306,156.26,29.997,111.717,66.206,76.235,11.63,129.143,141.271,85.368,112.04,31.484,104.191,135.591,126.392,5.583,10.111,81.676,94.388
"1897-03",73.972,24.9,105.172,172.234,22.058,66.244,12.361,11.986,28.942,89.037,NA,60.45,26.775,79.804,22.217,172.114,59.678,58.108,41.293,48.855,14.108,5.318,1.082,27.07,31.491,123.91,57.459,10.872,51.406,NA,NA,41.935,NA,77.544,0.069,3.075,198.691,261.878,178.226,44.79,79.072,80.171,77.961,10.203,100.073,167.852,71.152,102.335,45.975,81.778,142.546,142.654,2.301,15.048,89.991,94.021
"1897-04",50.109,26.426,19.032,92.991,20.61,75.569,8.938,15.025,20.632,59.014,NA,119.388,47.8,89.356,21.096,277.225,57.914,41.007,11.293,27.101,82.947,6.75,2.138,164.016,32.096,79.624,189.199,14.087,83.056,NA,NA,29.424,NA,88.6,5.129,44.065,196.39,316.804,114.166,55.049,93.77,92.328,82.641,9.701,123.113,171.821,76.239,93.023,147.128,61.235,79.592,79.633,7.317,109.609,98.192,94.191
"1897-05",45.224,31.264,15.123,76.099,20.942,13.749,5.251,67.279,22.068,55.479,NA,85.032,61.412,63.537,22.325,303.787,30.698,48.919,11.11,22.484,94.33,2.568,31.918,149.759,51.156,99.245,92.457,10.81,60.541,NA,NA,11.142,NA,114.032,0.473,22.003,270.806,69.495,35.211,59.992,96.491,83.559,67.881,7.985,115.175,151.526,78.972,96.163,188.857,56.084,128.069,70.168,11.343,82.978,94.873,94.551
"1897-06",44.332,30.108,33.89,147.597,26.61,19.399,22.273,202.379,54.446,96.628,NA,110.374,65.461,75.077,42.802,203.705,31.404,29.183,3.33,4.476,225.434,3.381,33.378,185.787,51.022,65.909,39.472,23.644,53.24,NA,NA,3.151,NA,176.38,0.178,30.397,209.533,23.168,66.693,68.493,137.835,74.024,62.296,11.299,106.024,137.069,112.273,86.641,226.23,74.523,153.219,71.063,61.392,33.674,83.933,96.309
"1897-07",55.674,55.2,51.33,141.871,34.498,17.805,58.041,199.232,69.71,117.459,NA,102.778,43.371,60.19,150.247,57.595,46.799,36.699,2.899,4.053,305.973,1.502,17.499,86.461,68.502,83.714,6.16,46.295,44.725,NA,NA,24.011,NA,163.37,0.159,166.319,205.277,10.177,41.226,60.215,85.458,77.974,59.481,23.411,93.178,167.508,140.838,75.611,163.626,62.954,143.625,47.071,74.282,211.441,87.864,97.102
"1897-08",58.213,51.309,66.666,117.392,30.271,21.449,75.278,205.945,51.333,155.851,NA,77.674,37.387,66.54,188.529,13.709,66.23,35.139,34.34,9.531,350.313,1.804,13.806,54.617,75.821,74.087,5.826,41.725,100.429,NA,NA,7.425,NA,163.779,0.056,165.741,168.957,9.172,24.036,87.17,95.384,61.837,51.898,39.844,78.193,150.483,190.608,69.712,99.027,72.69,118.505,35.644,70.711,230.618,82.301,96.339
"1897-09",73.604,54.456,71.63,150.479,47.848,25.515,57.028,165.461,85.425,137.663,NA,70.43,31.364,60.778,115.06,12.56,56.289,65.038,28.059,24.88,267.747,2.465,48.617,93.006,66.821,48.34,11.402,28.474,56.317,NA,NA,23.793,NA,168.079,0.4,139.137,162.576,4.738,11.335,66.743,72.912,61.128,49.93,23.004,70.902,154.327,170.346,59.601,77.497,90.95,121.439,32.026,27.833,187.329,84.82,92.864
"1897-10",62.876,32.521,137.947,142.91,41.672,65.568,156.656,214.814,73.12,144.982,NA,55.82,31.885,72.426,99.763,8.824,87.173,72.059,24.321,33.885,201.428,3.199,149.915,251.36,55.036,48.89,15.905,33.813,105.199,NA,NA,48.631,NA,138.692,3.623,81.288,150.963,3.079,12.676,40.638,62.32,67.353,44.548,18.609,72.961,139.167,164.824,67.141,87.329,99.611,159.896,40.24,73.828,185.428,78.816,92.933
"1897-11",70.258,29.057,137.196,124.155,41.183,163.705,90.86,128.696,109.025,129.392,NA,78.971,29.603,53.801,125.233,10.1,66.18,96.587,54.773,81.619,85.504,17.894,196.247,282.957,18.504,68.883,92.669,17.555,111.417,NA,NA,62.932,NA,154.187,19.226,57.662,170.825,29.528,18.819,33.495,72.652,50.365,42.555,16.216,73.707,141.687,135.139,69.952,104.537,93.813,156.594,39.108,109.874,142.318,75.867,90.699
"1897-12",69.864,24.112,277.154,161.337,23.826,167.708,72.131,58.891,88.825,103.323,NA,75.343,15.19,59.92,62.63,83.323,94.68,58.475,42.755,80.682,6.818,7.402,94.789,335.657,18.58,84.937,204.922,16.055,89.594,NA,NA,39.768,NA,108.907,3.957,76.819,234.807,169.997,40.612,18.207,81.69,36.309,37.842,11.019,82.755,196.755,111.683,65.308,105.802,102.85,207,41.874,92.195,183.502,68.723,96.369
"1898-01",58.103,19.887,132.551,161.772,23.349,217.955,65.794,35.705,52.535,80.311,NA,77.156,16.215,102.288,18.118,84.665,67.23,87.734,96.838,42.596,0.639,9.411,61.309,242.132,17.331,158.001,218.014,13.85,74.297,NA,NA,57.05,NA,114.135,13.018,9.516,211.132,219.114,104.568,24.217,72.871,53.499,50.146,6.833,92.464,203.541,92.489,71.275,45.163,111.27,256.892,67.33,15.062,53.29,75.746,96.125
"1898-02",78.047,23.503,127.748,137.876,28.217,145.825,35.51,18.554,42.112,54.209,NA,83.721,17.09,72.996,22.226,72.074,84.755,63.395,16.756,64.763,2.444,5.059,9.703,122.869,38.263,138.483,264.759,20.858,51.9,NA,NA,58.122,NA,93.99,3.307,12.102,163.911,264.959,23.362,34.637,57.258,78.278,65.667,8.838,129.301,196.622,72.708,80.857,57.521,84.6,232.44,92.407,14.652,9.128,81.234,95.896
"1898-03",58.252,16.498,165.58,112.699,18.506,104.248,11.441,11.003,27.138,43.8,NA,60.265,24.142,112.808,21.064,105.274,43.587,98.285,11.256,34.747,12.132,2.414,1.831,35.069,25.428,121.417,87.612,14.114,67.092,NA,NA,42.74,NA,101.52,0.197,2.063,237.536,381.714,93.408,49.59,58.479,82.605,81.712,8.854,104.143,197.769,64.181,94.452,42.635,79.215,176.856,137.41,1.725,6.719,93.584,95.838
"1898-04",59.281,22.597,117.805,134.858,13.239,38.608,15.237,14.17,35.018,34.253,NA,92.093,46.888,76.206,20.525,291.692,38.433,45.277,32.649,32.442,47.219,5.783,6.694,95.971,35.46,117.548,135.138,8.545,61.573,NA,NA,19.419,NA,89.706,4.147,3.786,143.836,188.282,77.523,62.218,75.676,101.963,77.811,10.507,127.035,176.504,57.773,93.712,146.576,67.044,89.081,99.249,2.117,6.326,91.655,91.44
"1898-05",31.032,20.133,53.404,101.344,15.147,22.72,7.386,56.594,43.359,55.192,NA,70.977,59.765,77.883,11.154,276.444,21.48,60.617,3.322,19.941,139.272,2.411,1.088,125.279,63.287,140.993,173.326,12.904,77.445,NA,NA,11.974,NA,114.663,0.419,36.97,196.288,61.715,90.83,93.597,110.709,82.907,56.806,9.247,108.282,162.62,74.38,78.539,217.484,76.669,143.286,99.989,11.031,121.492,90.496,96.618
"1898-06",43.626,28.755,21.833,85.862,27.699,16.212,31.103,214.829,38.353,97.046,NA,69.381,74.659,80.537,73.963,246.627,41.464,31.141,10.512,7.899,190.731,3.269,17.824,153.174,61.489,107.194,58.72,13.701,87.696,NA,NA,18.368,NA,201.072,0.149,67.341,253.205,21.66,50.308,77.269,103.364,79.109,65.491,19.844,103.182,131.048,123.41,84.894,259.229,57.763,140.235,67.085,42.816,146.855,89.727,98.038
"1898-07",59.746,42.761,85.509,128.486,20.669,14.172,80.838,269.986,76.115,108.786,NA,89.607,30.925,59.154,215.59,30.092,51.481,27.297,2.826,4.682,378.382,1.678,21.629,67.578,47.439,66.354,16.545,31.202,64.876,NA,NA,2.495,NA,193.558,0.052,146.567,222.422,15.848,49.673,84.362,112.09,72.862,66.922,25.341,91.605,120.348,165.39,67.315,150.809,58.454,134.892,54.433,55.698,170.829,90.284,96.417
"1898-08",59.13,49.699,84.819,96.109,50.185,32.674,120.397,253.333,46.387,119.93,NA,70.391,48.535,72.474,156.449,14.892,47.224,29.075,1.292,2.335,289.573,0.939,11.41,36.714,83.109,64.826,9.655,23.932,92.899,NA,NA,0.59,NA,162.723,0.005,171.821,229.968,8.369,26.13,116.217,117.717,64.099,54.57,28.148,78.759,121.18,172.738,74.649,80.101,77.864,117.907,36.271,77.027,207.697,80.427,93.78
"1898-09",65.995,62.733,211.959,139.119,34.123,36.931,85.301,182.249,93.817,119.277,NA,58.051,39.706,68.354,157.861,8.393,73.128,59.498,7.125,9.455,210.68,1.636,28.807,83.458,19.991,35.407,9.862,45.634,67.522,NA,NA,13.383,NA,167.996,0.382,111.787,208.014,8.757,21.944,73.281,102.197,64.41,63.593,37.378,78.709,125.211,193.896,67.096,70.917,91.169,124.395,36.372,25.729,178.293,77.208,94.058
"1898-10",74.271,70.911,38.679,97.937,41.794,69.374,77.816,196.891,132.064,143.659,NA,69.549,27.805,53.683,88.349,28.427,83.271,73.349,47.4,58.331,204.075,4.09,70.849,164.007,45.425,49.954,16.049,30.712,92.583,NA,NA,48.634,NA,120.233,1.651,62.028,168.617,11.289,15.291,33.257,69.34,66.136,37.327,22.246,79.697,119.766,156.105,65.501,76.668,104.791,281.249,30.774,84.803,123.273,82.801,94.215
"1898-11",93.378,34.969,197.76,171.545,47.718,75.636,86.593,89.781,52.046,141.339,NA,57.096,15.856,57.798,143.85,19.749,68.223,120.838,61.496,80.425,62.766,5.535,38.262,123.396,16.59,67.668,65.619,13.075,87.316,NA,NA,43.493,NA,99.823,3.947,110.237,166.283,15.798,14.708,50.449,88.384,48.555,44.461,11.505,80.462,142.611,145.793,60.921,102.127,102.38,290.75,44.575,120.112,192.248,74.313,93.991
"1898-12",70.18,43.773,93.206,151.257,21.152,155.621,42.718,30.561,44.715,77.022,NA,70.712,15.407,92.832,80.325,55.558,79.186,90.543,75.49,96.322,5.293,18.86,30.389,192.12,13.611,91.108,147.384,18.763,101.159,NA,NA,72.826,NA,87.247,5.99,30.792,246.74,146.337,14.261,37.347,66.876,38.992,35.546,14.712,82.726,163.252,103.736,66.048,81.586,102.392,262.763,91.101,44.28,163.28,66.857,94.301
"1899-01",79.838,26.123,250.369,118.53,33.8,102.482,81.917,30.949,33.912,69.029,NA,82.539,22.871,66.26,44.172,110.443,68.526,66.279,58.781,73.338,3.113,6.904,6.121,79.252,20.599,139.317,167.207,15.57,71.78,NA,NA,43.499,NA,81.964,2.587,9.726,238.203,365.705,138.738,30.969,88.17,53.682,35.932,14.419,128.861,178.682,99.493,67.431,65.51,88.855,203.701,68.043,23.026,26.829,73.75,95.401
"1899-02",82.424,17.079,288.177,230.871,22.254,97.335,88.065,28.235,71.034,36.942,NA,66.918,27.956,76.609,24.714,118.399,96.461,78.581,58.223,38.915,1.577,3.467,4.629,41.1,15.709,102.108,151.093,13.845,49.77,NA,NA,35.27,NA,101.471,6.747,18.25,166.539,260.524,46.273,28.301,49.575,67.204,59.105,9.582,129.021,188.119,72.182,74.035,45.722,106.253,158.361,122.063,5.557,11.182,81.417,93.225
"1899-03",64.804,16.795,72.457,116.723,31.396,84.115,34.137,10.974,29.141,93.754,NA,85.8,21.275,116.296,16.291,157.376,67.428,58.67,71.406,40.34,4.547,1.216,2.84,59.926,70.13,112.852,143.639,16.854,61.849,NA,NA,56.01,NA,70.312,0.13,1.838,206.169,288.064,70.194,44.149,46.834,86.338,64.082,14.103,119.538,184.804,66.766,84.515,41.454,93.797,149.079,136.298,2.384,3.59,89.896,94.467
"1899-04",55.122,26.516,119.565,136.371,25.571,75.187,14.4,28.275,43.938,67.315,NA,89.426,40.279,115.32,24.703,274.206,65.513,38.295,11.556,18.109,19.787,2.051,1.323,78.772,15.994,123.621,113.368,20.178,55.333,NA,NA,15.673,NA,79.47,0.055,1.261,213.165,287.405,127.08,38.947,81.491,85.565,73.769,15.209,111.566,191.256,61.58,105.582,71.67,64.431,101.384,106.704,0.665,2.659,92.324,94.501
"1899-05",37.781,31.374,15.496,102.823,13.599,39.927,4.352,45.304,51.807,81.019,NA,94.797,49.582,66.22,29.821,382.042,51.571,39.475,6.983,24.439,149.833,4.969,5.215,151.757,44.708,132.373,107.447,24.119,37.02,NA,NA,12.644,NA,95.075,5.482,4.297,196.277,90.825,60.113,70.936,119.745,79.319,67.988,15.533,109.939,179.497,71.225,81.145,227.567,68.294,94.976,78.795,1.981,27.739,89.737,95.559
"1899-06",48.031,37.549,120.352,110.702,19.15,56.265,33.338,210.038,88.1,104.471,NA,96.281,69.386,81.734,63.991,225.601,37.766,41.133,2.86,18.122,174.357,1.644,38.872,190.299,89.922,74.146,86.741,23.611,37.722,NA,NA,8.601,NA,193.948,0.553,19.348,230.513,16.895,51.307,79.373,84.558,65.109,49.829,19.386,104.197,151.983,114.749,88.113,229.703,62.656,111.569,60.806,23.337,28.208,83.567,98.066
"1899-07",50.864,43.081,183.379,115.182,24.203,10.105,47.942,169.095,39.299,137.069,NA,73.581,61.981,60.226,190.321,43.005,39.89,39.548,2.221,8.766,314.539,2.644,26.75,93.297,24.604,44.663,22.485,32.68,65.28,NA,NA,1.405,NA,165.032,0.041,147.644,228.714,11.28,55.406,108.716,93.633,74.215,46.924,32.385,90.731,173.875,133.221,74.64,189.294,62.885,121.12,48.955,79.384,237.253,85.604,96.631
"1899-08",69.916,48.194,46.638,168.446,31.45,30.408,74.933,203.138,62.163,142.974,NA,69.47,45.391,80.821,148.664,15.41,69.742,16.878,1.152,5.557,356.174,1.34,30.227,101.66,79.964,63.187,9.377,39.495,75.876,NA,NA,0.634,NA,207.169,0.165,189.477,230.918,13.875,22.639,101.796,90.148,67.85,46.1,27.124,77.671,141.545,150.591,76.302,77.089,82.896,98.057,37.096,95.397,296.044,84.788,94.422
"1899-09",62.536,60.384,131.738,180.766,30.246,13.981,83.407,171.262,92.384,125.744,NA,79.008,32.762,67.265,137.699,11.131,73.851,81.305,13.13,17.188,229.288,2.286,59.931,107.641,34.216,68.804,8.82,46.071,85.745,NA,NA,19.593,NA,191.17,0.28,158.552,182.999,2.651,11.308,94.44,85.971,63.91,44.163,30.187,76.742,145.298,179.408,71.015,70.424,105.52,130.684,30.367,94.759,247.797,82.665,97.674
"1899-10",72.834,56.584,87.526,136.371,46.788,139.004,78.969,169.371,96.069,135.989,NA,53.785,22.337,77.383,52.415,10.794,82.36,59.625,14.672,46.158,172.04,17.266,110.509,252.769,32.161,38.754,31.936,31.522,88.401,NA,NA,60.82,NA,109.347,14.58,58.115,115.839,5.687,13.921,37.744,67.221,62.865,54.893,13.607,73.572,160.68,161.11,60.761,67.955,117.561,170.299,37.722,37.92,158.16,79.861,92.696
"1899-11",66.168,35.252,252.052,115.298,38.351,135.267,133.946,163.457,70.385,110.984,NA,64.816,28.51,76.317,142.106,32.312,82.257,115.786,33.194,67.838,60.639,26.518,235.546,253.478,29.591,93.064,50.531,16.885,104.646,NA,NA,49.593,NA,145.244,45.87,48.572,134.078,27.405,20.703,29.221,85.564,61.246,48.307,21.907,79.443,124.91,148.882,63.141,106.27,98.638,185.555,49.841,128.039,106.648,66.782,89.619
"1899-12",63.237,26.356,48.451,153.073,33.36,255.843,36.799,42.569,81.917,129.526,NA,74.42,10.907,96.063,79.587,66.915,83.448,94.429,30.668,72.756,12.003,12.662,146.133,351.857,18.882,106.727,125.925,19.628,87.584,NA,NA,44.719,NA,131.752,5.6,35.648,227.395,122.26,8.473,48.343,81.672,39.191,40.186,15.445,93.337,192.257,106.803,69.096,78.1,109.535,132.361,57.701,46.04,125.655,68.709,95.35
"1900-01",59.223,21.354,85.883,140.412,28.406,210.617,28.791,18.501,38.886,77.461,NA,101.931,13.419,80.995,37.006,72.27,107.36,98.323,38.384,60.161,1.019,9.362,19.09,249.751,23.256,101.474,243.709,15.866,73.979,NA,NA,65.37,NA,105.809,5.815,24.546,237.828,225.067,29.419,39.624,60.523,51.546,42.533,12.308,112.897,195.3,81.86,81.485,67.352,100.96,297.179,60.486,27.606,99.755,75.302,97.278
"1900-02",58.067,14.699,86.044,156.202,28.893,81.782,15.026,14.819,43.025,105.145,NA,83.068,36.059,108.334,30.621,88.04,100.073,83.781,23.451,44.278,2.891,8.276,5.433,136.052,24.731,146.414,189.631,20.186,65.098,NA,NA,28.873,NA,78.601,3.194,3.391,232.621,280.302,152.629,38.583,59.639,69.524,59.808,12.28,107.915,172.705,71.736,83.506,60.012,85.867,259.725,99.269,8.426,9.021,84.312,96.05
"1900-03",60.826,21.374,71.469,79.785,17.639,75.833,7.62,12.271,39.68,86.569,NA,95.986,31.201,93.991,31.267,142.453,94.273,70.636,30.536,25.622,6.64,3.787,3.965,28.37,52.677,130.092,215.405,13.955,62.823,NA,NA,31.553,NA,115.588,0.086,11.889,234.148,324.12,76.77,20.707,68.447,83.218,74.776,10.42,141.152,168.586,60.903,109.979,49.217,69.335,108.403,158.321,8.619,13.319,86.547,96.452
"1900-04",57.97,25.41,28.453,109.519,26.925,68.953,9.108,28.746,41.892,62.528,NA,80.26,18.29,81.522,22.108,309.683,47.738,36.573,8.371,27.85,45.073,3.205,2.374,49.149,62.168,142.542,92.72,20.895,64.254,NA,NA,39.59,NA,107.885,0.724,12.709,194.351,237.194,46.018,46.786,67.801,86.783,78.278,13.842,120.394,142.41,63.688,96.769,127.408,67.188,78.783,148.995,18.433,39.661,90.656,93.665
"1900-05",32.676,20.317,39.681,113.554,9.946,25.837,26.397,54.651,61.041,41.298,NA,77.979,46.925,73.109,25.217,297.608,49.893,48.6,13.487,23.705,181.045,2.961,14.759,155.659,62.241,102.166,162.266,11.157,93.905,NA,NA,15.728,NA,102.233,0.768,38.567,223.961,106.642,54.75,84.767,83.403,87.12,60.691,10.655,108.089,141.885,75.724,87.106,220.655,65.658,121.771,87.936,9.956,166.64,93.271,96.4
"1900-06",41.212,29.695,46.444,91.87,20.298,22.012,26.179,152.213,27.041,89.715,NA,99.515,54.367,45.668,84.894,393.599,31.392,42.929,4.486,9.789,215.243,1.703,18.017,219.956,50.056,55.493,22.072,26.956,42.7,NA,NA,2.187,NA,199.632,0.132,83.528,234.524,44.072,57.85,94.34,124.052,64.686,53.934,22.607,102.673,112.941,148.724,73.727,235.631,54.313,106.271,61.759,44.975,100.634,90.454,97.172
"1900-07",54.707,35.257,81.089,94.884,19.678,14.811,99.311,291.615,57.693,95.503,NA,81.088,55.766,65.752,214.636,47.066,24.402,37.23,1.612,8.714,355.211,1.676,18.98,100.633,63.598,40.146,8.237,33.358,71.089,NA,NA,1.012,NA,151.117,0.139,165.628,244.363,17.453,24.565,72.994,82.495,56.495,66.302,32.003,96.195,123.801,157.482,68.717,119.384,60.754,127.27,54.332,86.055,252.439,92.025,95.983
"1900-08",61.122,50.514,74.774,113.141,42.256,27.331,48.215,153.246,50.236,105.709,NA,70.882,53.277,56.808,187.661,18.69,42.407,12.364,3.856,2.442,299.554,1.104,19.824,39.259,73.208,45.685,8.216,39.408,63.925,NA,NA,7.988,NA,195.185,0.047,202.86,203.635,7.38,48.569,67.467,118.736,61.322,64.154,29.094,90.932,108.448,179.271,67.91,76.272,68.813,161.894,40.037,99.411,260.948,87.159,95.747
"1900-09",70.62,51.49,160.556,116.306,33.263,53.544,127.702,180.366,45.364,120.624,NA,77.824,32.627,55.95,142.892,13.667,73.782,61.978,8.758,13.264,202.351,1.745,35.609,78.248,39.972,28.938,9.491,39.291,70.028,NA,NA,11.631,NA,207.703,0.24,144.208,227.154,17.114,16.248,54.619,91.181,62.121,63.43,33.159,84.129,112.198,168.138,61.828,62.895,92.209,178.604,26.675,69.921,224.001,90.137,94.302
"1900-10",63.146,43.149,77.82,165.986,49.695,93.749,53.694,200.77,123.927,146.177,NA,63.949,27.88,57.723,53.279,21.094,59.654,84.886,2.331,43.579,143.292,4.144,29.797,120.62,44.843,48.851,27.6,28.618,118.315,NA,NA,6.707,NA,73.918,0.54,118.941,208.255,22.394,31.663,30.561,73.609,58.344,46.787,22.084,74.761,116.617,182.749,61.089,74.875,123.874,209.797,36.489,72.114,182.596,82.152,94.845
"1900-11",71.373,31.486,160.384,108.004,52.269,156.74,64.988,76.402,50.335,134.235,NA,65.061,21.003,69.24,109.757,20.262,84.67,75.612,5.762,64.323,35.548,5.285,44.333,117.825,50.93,118.614,70.209,15.098,95.193,NA,NA,53.072,NA,109.644,5.492,71.912,219.172,34.219,15.57,32.345,55.361,52.988,56.453,18.136,83.201,126.534,153.756,64.601,108.574,95.743,304.401,38.944,63.616,200.476,75.077,95.204
"1900-12",61.422,18.126,90.397,130.984,34.286,134.148,67.124,34.54,42.741,85.256,NA,68.554,12.233,72.393,75.805,36.777,117.06,68.56,51.648,74.876,7.01,8.363,18.555,113.094,52.025,109.532,179.127,21.732,67.974,NA,NA,68.629,NA,100.535,7.23,36.769,240.011,231.079,61.97,34.408,87.65,44.323,41.979,16.861,90.044,153.017,128.355,63.64,83.738,96.776,209.989,53.199,67.666,75.022,70.997,95.694
"1901-01",63.302,34.35,115.05,113.487,31.006,175.911,88.986,27.086,52.075,75.177,NA,86.969,27.56,86.891,42.496,99.823,99.19,89.489,22.436,63.004,1.872,12.996,13.871,134.617,18.543,101.278,198.676,18.556,61.498,NA,NA,48.418,NA,98.982,15.297,7.322,218.777,227.243,49.426,42.714,104.207,52.917,37.556,20.78,133.586,138.024,110.056,69.689,65.326,96.249,252.448,67.116,10.983,9.943,73.942,93.46
"1901-02",57.16,14.262,65.802,146.048,24.301,166.835,15.431,17.197,36.887,108.915,NA,73.738,18.52,81.469,29.932,154.775,57.146,91.841,68.607,61.322,6.556,5.832,7.879,61.563,30.227,128.352,159.416,14.755,79.891,NA,NA,53.431,NA,73.538,1.22,2.432,202.407,257.467,125.496,22.73,99.984,63.197,63.892,10.603,111.473,157.024,85.966,85.375,52.193,98.639,183.005,109.817,7.565,3.966,80.085,91.714
"1901-03",41.351,22.165,95.773,136.438,27.721,120.815,26.958,12.767,31.8,71.526,NA,65.269,22.122,114.21,19.593,182.887,69.47,93.811,43.449,34.766,3.733,5.293,4.987,58.616,25.238,196.835,143.32,13.931,68.656,NA,NA,61.536,NA,92.035,2.374,1.727,186.299,378.694,217.023,39.881,77.709,81.916,68.465,14.55,125.134,155.714,75.906,83.132,46.888,86.972,142.949,104.188,2.677,16.586,86.935,94.722
"1901-04",32.933,20.165,38.145,144.384,18.067,103.616,13.803,16.31,20.903,49.386,NA,126.838,31.383,91.864,16.942,255.394,64.864,33.349,17.096,16.403,49.353,2.451,2.67,106.352,37.74,122.947,150.888,17.134,90.202,NA,NA,17.689,NA,91.707,1.389,6.36,220.803,177.987,89.634,52.145,110.128,88.317,61.61,10.676,124.964,171.423,71.391,98.701,103.249,81.407,109.473,95.676,3.459,39.316,93.921,94.259
"1901-05",29.761,29.826,64.678,91.594,17.667,27.575,8.156,30.205,16.631,76.537,NA,117.54,34.695,64.366,16.643,329.491,49.372,65.133,0.369,24.229,169.3,3.777,15.071,174.768,47.319,78.311,140.421,9.63,78.947,NA,NA,15.587,NA,84.065,2.394,14.87,237.751,86.832,46.875,72.215,108.292,80.48,66.624,9.627,109.454,144.535,80.464,77.457,215.433,67.612,137.979,67.019,12.829,68.702,99.068,95.299
"1901-06",46.768,36.992,21.953,96.725,19.887,29.079,13.668,143.859,35.541,119.062,NA,63.366,76.306,93.253,81.437,270.755,44.208,31.018,3.661,11.124,240.801,2.684,17.263,147.167,71.006,60.318,9.645,30.565,50.813,NA,NA,10.97,NA,220.27,0.296,20.592,229.354,37.166,51.799,65.367,101.736,61.189,55.879,12.477,99.604,149.737,134.763,90.304,227.99,58.69,128.822,54.102,29.471,68.907,82.682,97.043
"1901-07",61.842,34.448,63.937,101.059,27.091,21.525,77.337,320.082,105.01,134.3,NA,90.893,49.85,88.809,224.796,35.677,50.482,33.114,2.1,5.872,385.497,1.401,11.739,81.198,105.659,96.181,6.039,35.794,74.03,NA,NA,1.948,NA,109.487,0.06,161.3,186.558,9.756,41.341,117.274,111.083,70.217,68.601,19.475,85.383,132.38,135.242,87.87,119.616,73.634,172.659,56.034,96.652,241.172,89.509,95.414
"1901-08",60.732,48.179,90.882,120.118,37.638,11.238,59.108,154.477,58.755,110.787,NA,76.785,40.291,78.139,106.171,14.352,50.871,8.59,5.009,1.714,256.205,1.253,15.44,51.741,56.783,64.821,4.587,41.973,87.453,NA,NA,6.812,NA,181.135,0.028,180.254,182.389,3.063,25.474,114.263,133.088,66.673,48.39,29.441,89.554,137.181,180.421,65.172,62.943,90.868,97.738,37.84,80.615,286.456,83.643,97.312
"1901-09",66.34,42.932,107.503,137.571,41.381,16.512,106.72,252.398,133.56,136.55,NA,72.184,26.976,92.612,95.18,10.318,59.558,35.66,16.568,15.138,205.045,0.827,38.662,107.977,60.655,31.137,6.419,28.728,73.01,NA,NA,10.756,NA,158.544,0.869,246.944,174.11,4.305,12.876,48.347,77.217,68.144,58.942,23.61,82.652,134.25,177.013,74.396,57.394,97.93,137.932,24.754,120.603,252.634,84.969,94.105
"1901-10",57.089,36.462,180.785,163.984,35.394,78.753,134.28,230.536,105.696,150.566,NA,58.307,33.479,59.941,79.857,8.053,86.201,94.871,61.222,76.98,157.891,4.984,78.173,238.318,30.979,115.865,13.01,28.17,78.436,NA,NA,65.163,NA,106.843,11.036,154.551,139.777,8.198,11.764,29.605,61.119,61.794,55.888,22.551,76.433,123.812,175.538,61.708,76.743,122.671,155.67,36.862,75.384,217.887,76.943,93.233
"1901-11",65.667,26.321,97.822,111.894,51.313,81.519,60.17,108.137,108.139,136.201,NA,73.297,18.601,55.72,84.266,8.827,72.066,75.817,32.932,100.135,98.142,9.05,213.79,281.476,27.183,120.581,26.602,21.9,114.11,NA,NA,75.354,NA,127.068,6.427,78.545,172.827,20.486,6,28.529,40.863,51.956,46.755,17.088,81.465,147.575,137.324,63.636,104.115,111.429,169.693,41.605,155.677,131.407,79.58,94.162
"1901-12",77.404,21.547,114.858,153.967,29.591,100.516,21.506,40.169,65.992,103.571,NA,75.182,27.26,69.219,81.247,29.912,124.907,65.714,38.675,76.083,14.119,13.158,173.776,411.182,11.524,111.885,201.76,17.479,96.405,NA,NA,70.538,NA,103.288,6.319,14.675,184.971,130.977,49.139,33.335,64.232,38.474,42.138,14.911,89.649,178.839,107.14,64.038,86.077,99.37,265.854,57.846,46.384,48.992,71.061,96.248
"1902-01",68.745,23.833,83.353,138.264,34.668,90.804,55.438,25.706,70.223,71.517,NA,81.389,10.99,68.601,45.919,54.361,121.77,101.546,35.782,68.736,0.364,6.089,15.023,130.881,24.801,154.556,222.751,15.868,64.358,NA,NA,39.112,NA,97.054,3.367,43.445,211.032,182.472,40.433,47.063,104.659,53.418,52.386,12.797,96.321,221.46,86.738,69.583,61.148,104.083,241.179,91.377,33.81,51.29,75.943,96.543
"1902-02",64.267,13.436,135.638,126.706,16.806,165.197,60.384,18.687,46.332,65.696,NA,77.89,27.547,66.059,17.762,59.855,73.501,81.241,33.733,71.728,2.968,15.678,5.225,100.919,37.192,119.469,136.783,15.032,63.645,NA,NA,38.186,NA,94.498,1.683,25.566,202.702,254.236,44.313,31.696,67.068,73.397,45.754,9.932,117.865,201.757,72.481,82.362,48.912,115.382,257.757,78.072,15.078,16.793,82.655,95.093
"1902-03",58.953,26.501,118.294,137.107,24.836,123.339,31.585,12.741,43.641,77.373,NA,106.684,19.118,140.677,24.058,107.412,61.415,63.017,39.235,30.515,9.467,1.885,2.124,66.936,36.183,120.27,124.826,11.018,107.969,NA,NA,44.594,NA,93.509,0.198,1.204,223.712,382.24,184.996,42.403,75.934,78.48,68.275,14.062,117.119,198.958,68.454,99.441,43.098,72.381,159.947,96.961,1.773,19.316,95.339,95.581
"1902-04",44.965,18.387,128.687,116.149,19.711,26.587,30.324,22.576,57.168,66.713,NA,78.437,27.075,117.511,24.748,250.881,70.231,35.028,17.585,14.259,51.894,1.854,9.933,94.502,67.923,136.923,154.452,16.231,70.156,NA,NA,25.404,NA,97.144,2.904,3.486,135.804,241.363,157.494,30.049,82.701,85.047,76.487,13.565,113.122,182.822,55.828,90.175,149.578,71.834,81.184,97.733,6.994,10.869,96.891,90.871
"1902-05",45.965,27.263,8.486,91.269,28.382,66.469,5.791,50.564,47.086,66.716,NA,72.411,16.424,98.848,18.556,180.91,35.871,42.332,2.987,24.985,147.365,3.499,35.206,219.932,55.773,114.689,238.055,16.264,67.093,NA,NA,16.133,NA,139.032,5.047,14.869,205.536,185.398,82.277,49.608,82.312,78.382,74.063,17.682,108.261,157.091,77.254,83.736,171.289,56.749,150.723,95.475,12.487,67.477,93.725,96.677
"1902-06",34.788,37.518,42.137,125.765,17.649,21.737,38.025,215.204,54.123,89.877,NA,80.686,57.012,75.077,105.182,292.087,35.451,29.986,5.384,12.04,258.428,1.538,20.612,202.757,56.786,100.162,28.758,18.787,80.05,NA,NA,10.077,NA,165.76,0.097,65.963,272.551,50.649,82.128,99.392,100.832,71.51,65.104,15.216,105.731,114.646,107.867,83.148,215.282,69.95,118.048,65.683,70.972,110.274,92.597,96.199
"1902-07",46.863,46.102,30.923,130.486,22.248,10.059,36.415,239.446,68.278,96.667,NA,84.398,50.735,77.409,186.255,37.067,39.241,33.251,0.584,5.793,458.69,1.418,15.206,89.708,42.881,81.673,11.989,33.062,75.4,NA,NA,2.042,NA,164.788,0.022,192.225,258.766,13.45,73.528,88.844,120.863,69.348,55.484,18.267,94.9,115.001,149.651,70.474,133.767,75.228,173.351,47.446,105.258,264.573,88.343,96.985
"1902-08",53.938,55.808,85.401,175.882,36.441,20.849,52.834,180.944,54.325,117.506,NA,64.611,44.639,96.042,116.213,11.615,70.134,22.754,2.834,3.956,358.504,0.636,20.993,62.075,46.492,34.481,10.419,42.315,70.031,NA,NA,3.459,NA,157.105,0.072,203.182,211.199,5.928,25.047,90.545,92.694,63.313,51.958,33.663,89.953,93.653,162.485,76.304,83.845,87.41,211.797,30.889,113.824,268.192,85.032,95.007
"1902-09",70.498,60.998,191.902,125.889,41.778,33.49,149.914,219.502,109.432,118.238,NA,60.44,35.38,64.384,78.97,8.719,86.566,51.836,13.34,22.133,228.232,1.023,28.204,64.457,27.669,35.951,12.126,41.84,47.418,NA,NA,9.599,NA,206.337,0.088,164.934,191.267,11.435,29.513,82.668,83.211,63.783,62.009,31.12,79.434,81.437,183.792,62.98,79.174,94.459,213.914,27.914,62.97,211.58,85.033,93.581
"1902-10",67.078,45.384,125.552,176.606,33.504,69.782,117.57,198.226,111.543,147.856,NA,42.205,23.46,67.386,34.601,6.121,91.24,105.114,56.338,46.407,104.878,10.091,18.958,104.478,23.338,69.335,24.278,36.769,81.617,NA,NA,53.62,NA,181.75,2.726,117.954,221.149,9.603,34.256,43.096,77.899,55.409,68.675,25.754,84.679,88.227,170.705,58.117,87.799,117.339,232.186,28.436,40.348,190.646,80.815,94.797
"1902-11",59.862,39.55,62.681,97.501,31.911,146.58,33.476,72.148,74.914,118.881,NA,63.248,19.232,89.548,45.334,33.156,76.439,109.852,31.46,79.115,23.578,9.478,111.342,196.72,32.189,116.048,77.689,22.126,109.058,NA,NA,60.896,NA,140.374,10.35,31.021,221.62,30.316,46.689,39.458,50.849,48.379,50.135,20.634,87.28,99.115,142.108,67.104,89.373,109.706,287.422,32.838,74.542,122.805,73.339,95.079
"1902-12",54.839,19.185,61.576,96.46,32.312,124.877,76.985,36.745,42.684,76.075,NA,69.343,13.898,71.044,45.383,95.627,103.991,101.321,23.167,65.212,3.205,7.749,15.959,187.993,33.334,113.214,194.268,18.017,92.167,NA,NA,21.293,NA,109.432,4.679,79.946,260.851,109.291,64.958,27.799,60.61,42.015,45.339,13.859,101.285,123.904,118.86,68.143,102.323,96.613,313.193,41.226,96.194,200.268,69.598,95.532
"1903-01",63.38,29.001,133.877,160.494,28.159,172.767,30.043,22.762,58.468,60.536,NA,93.397,34.677,67.714,32.181,143.109,73.236,119.967,43.818,65.274,0.971,12.415,12.602,97.277,12.613,150.576,202.773,10.919,83.307,NA,NA,33.404,NA,109.342,4.421,25.927,257.333,398.762,107.096,35.172,69.219,45.089,44.16,11.04,129.218,98.746,105.008,58.31,67.808,104.791,236.585,50.829,36.65,112.504,72.937,95.496
"1903-02",59.633,17.656,59.747,91.954,29.615,122.979,31.351,17.993,39.536,148.772,NA,86.706,34.333,78.215,38.478,111.471,56.615,70.163,44.351,58.131,3.09,22.104,9.233,28.255,42.913,156.897,194.449,11.413,73.865,NA,NA,73.734,NA,107.555,5.384,5.736,156.94,204.018,119.447,17.427,80.089,67.202,61.336,12.956,117.987,107.136,97.16,90.48,68.927,84.239,141.256,101.122,10.487,32.997,79.231,91.274
"1903-03",46.253,14.153,36.608,84.411,22.978,119.744,11.649,9.904,25.393,133.312,NA,86.526,48.047,108.426,24.231,113.281,82.54,97.931,21.171,34.67,3.383,1.726,3.685,40.874,53.35,163.811,182.139,14.264,74.781,NA,NA,20.153,NA,91.783,0.45,6.616,215.259,324.879,87.823,44.308,58.938,86.518,62.177,10.311,126.963,127.978,76.463,101.498,35.681,76.574,164.324,128.468,2.328,41.04,90.075,97.016
"1903-04",56.742,22.348,138.943,101.845,26.926,46.879,27.309,27.302,41.384,94.251,NA,107.109,29.815,87.491,21.518,257.718,73.623,17.98,31.48,26.87,31.951,2.152,1.26,83.394,26.069,108.137,94.591,19.624,67.392,NA,NA,45.873,NA,90.4,0.03,3.269,200.098,220.703,50.574,66.308,67.895,84.902,68.976,13.473,124.622,111.308,78.943,94.991,86.532,65.714,104.973,126.942,1.421,31.637,91.185,92.528
"1903-05",38.464,24.476,52.007,94.277,26.108,101.99,5.853,31.1,23.761,58.918,NA,108.553,63.38,95.575,21.458,248.684,45.667,26.926,29.264,17.373,164.498,3.205,4.326,122.671,81.551,93.392,146.586,17.15,65.57,NA,NA,12.411,NA,122.972,0.728,6.515,221.264,129.499,102.659,85.899,100.327,69.536,60.264,12.702,119.407,116.113,82.134,96.829,208.788,63.076,126.532,81.332,7.01,53.314,91.791,96.198
"1903-06",24.832,25.208,51.449,164.232,23.346,26.115,17.868,204.287,68.379,108.92,NA,74.209,73.85,54.685,52.77,150.914,45.553,29.759,3.384,8.04,196.217,2.03,29.326,119.103,66.545,124.909,35.692,29.55,35.511,NA,NA,12.958,NA,189.956,0.236,109.264,227.511,39.101,90.23,95.681,118.576,72.864,65.369,13.861,114.04,90.298,120.476,81.599,227.883,73.898,114.997,64.15,77.18,147.904,86.104,95.351
"1903-07",45.747,38.935,176.975,122.504,30.128,21.108,49.121,176.666,47.47,143.162,NA,83.313,56.342,88.566,152.447,20.77,57.23,39.509,0.059,5.743,322.162,1.704,12.668,40.681,89.564,97.489,9.337,37.838,65.141,NA,NA,1.697,NA,205.389,0.06,175.214,203.506,47.195,60.114,147.372,120.849,64.026,58.099,33.653,92.991,103.188,141.266,82.509,187.667,63.831,85.323,56.318,101.9,253.511,82.987,95.688
"1903-08",60.02,54.563,46.133,108.407,36.425,14.735,54.198,174.547,45.826,138.026,NA,66.277,38.992,83.434,131.473,9.701,54.719,21.275,2.799,4.34,364.052,0.912,21.037,57.779,60.139,65.169,9.271,44.404,69,NA,NA,2.151,NA,180.306,0.388,133.113,230.137,10.063,35.047,113.72,110.647,64.872,58.034,34.605,84.874,92.748,191.228,69.828,94.192,75.57,128.357,39.003,68.356,184.998,84.057,95.885
"1903-09",68.718,54.997,140.866,198.208,44.644,34.769,139.836,329.712,115.38,145.378,NA,71.605,42.901,64.658,98.251,12.641,75.842,61.127,5.31,24.916,255.813,1.727,41.379,73.576,22.248,42.771,13.197,36.158,76.777,NA,NA,3.456,NA,186.178,0.507,113.736,187.669,11.64,26.743,65.079,94.602,64.478,47.571,16.397,76.704,103.918,162.456,69.125,69.386,98.623,188.222,33.271,83.175,156.886,81.877,91.407
"1903-10",73.709,50.407,94.796,155.777,44.884,67.752,37.957,151.994,144.416,149.16,NA,41.464,27.032,90.847,97.271,15.802,62.105,55.01,29.64,68.813,218.02,3.82,51.333,126.276,46.22,41.236,23.089,22.353,94.119,NA,NA,61.043,NA,127.532,1.245,178.245,216.825,21.025,26.765,52.791,63.33,58.461,59.688,16.378,79.651,99.831,140.283,56.796,86.628,105.581,255.771,38.785,63.102,296.51,76.739,93.144
"1903-11",65.08,46.617,137.992,138.516,37.497,65.01,68.136,75.57,89.041,120.657,NA,49.865,10.864,74.932,125.05,15.627,66.37,117.228,23.267,82.763,41.648,31.265,131.072,185.113,19.764,55.484,88.638,7.668,116.207,NA,NA,27.469,NA,141.317,33.846,50.755,203.867,18.815,16.256,51.153,74.729,48.957,44.119,12.822,77.795,139.949,147.024,62.157,93.403,98.185,246.837,36.451,81.921,106.655,76.927,94.018
"1903-12",52.355,25.652,126.501,149.541,38.371,85.88,83.714,57.825,67.253,121.777,NA,70.298,20.871,69.197,112.342,83.52,85.005,130.433,43.587,55.798,4.503,11.089,20.605,169.104,9.266,85.179,145.703,19.701,87.827,NA,NA,36.786,NA,98.768,8.038,49.78,269.15,85.092,18.183,23.028,63.133,42.028,40.215,15.21,85.129,196.921,113.852,58.096,110.488,101.882,275.389,60.925,85.469,124.083,72.077,96.315
"1904-01",61.237,21.666,109.955,208.27,16.952,60.646,38.48,29.971,62.397,60.417,NA,76.256,17.943,87.678,57.756,176.817,81.704,81.303,13.843,46.538,1.112,21.303,10.882,101.761,32.802,140.326,241.066,16.918,85.185,NA,NA,27.798,NA,117.642,6.844,8.285,284.608,342.987,131.843,27.838,103.847,50.457,51.295,15.773,109.737,194.763,85.206,72.127,88.312,92.18,215.785,62.195,16.456,48.936,75.284,96.513
"1904-02",60.491,14.986,141.466,158.196,22.895,71.811,28.534,24.287,50.278,91.503,NA,74.02,16.659,102.969,39.062,99.938,86.195,73.938,28.237,48.664,0.867,13.437,8.227,57.392,45.836,136.437,220.222,20.064,68.981,NA,NA,77.847,NA,115.893,5.401,1.509,218.675,311.67,189.466,27.748,112.05,77.869,57.689,18.44,120.401,147.89,75.622,105.971,46.221,80.237,163.519,127.67,6.61,6.318,76.446,92.913
"1904-03",55.523,20.792,46.99,112.839,24.003,117.996,13.068,16.624,40.056,50.335,NA,76.531,29.168,106.988,29.592,122.086,87.613,48.772,31.063,41.487,16.63,0.945,4.622,49.905,45.281,116.239,84.166,22.119,85.634,NA,NA,59.982,NA,95.023,0.058,12.835,222.899,301.187,196.415,21.36,100.628,84.785,81.46,17.549,127.335,143.922,76.341,112.308,42.122,70.069,133.192,128.401,18.528,25.007,92.332,95.89
"1904-04",42.29,21.579,33.131,90.935,25.495,81.194,9.927,13.104,16.538,42.578,NA,89.423,16.198,100.729,14.128,253.542,62.349,42.21,11.076,8.643,33.272,0.516,1.941,62.219,30.003,92.694,85.175,15.958,80.271,NA,NA,16.961,NA,85.349,0.092,10.84,186.688,267.303,81.534,62.299,82.567,95.488,75.772,15.08,131.2,150.889,71.392,90.082,101.589,68.09,86.616,136.463,5.897,73.405,99.868,95.611
"1904-05",38.047,38.46,22.925,76.495,16.434,13.893,5.434,31.66,17.242,29.676,NA,86.651,42.698,71.568,15.234,306.675,41.407,14.191,1.79,8.25,132.076,3.686,7.381,174.816,122.354,120.356,131.19,16.408,73.992,NA,NA,6.092,NA,93.679,0.111,66.209,249.664,166.11,32.567,101.68,138.102,74.688,55.843,14.762,109.894,136.077,83.336,88.668,214.881,59.106,95.971,75.069,7.232,159.618,89.847,94.953
"1904-06",33.915,26.343,49.351,98.033,21.315,13.251,42.3,200.003,31.473,73.938,NA,110.291,74.381,96.364,33.152,184.874,47.162,43.11,14.236,11.727,287.981,2.03,55.815,68.541,78.016,110.244,25.354,24.203,46.757,NA,NA,6.075,NA,110.315,0.18,72.979,219.426,40.486,39.939,125.926,67.503,69.895,57.065,14.138,109.331,110.966,136.113,77.518,228.883,66.502,116.358,71.207,64.284,78.418,89.78,96.707
"1904-07",48.022,43.143,162.604,123.88,49.588,18.034,77.77,216.861,79.086,110.161,NA,79.962,47.741,79.848,187.971,116.476,42.016,12.51,2.474,2.228,249.843,2.018,14.402,69.361,60.134,68.702,2.053,36.833,78.51,NA,NA,1.84,NA,190.713,0.033,149.847,181.764,7.259,73.859,109.947,106.552,65.076,59.802,24.748,99.797,98.839,162.589,77.931,156.724,59.843,186.484,54.731,54.872,207.786,84.546,95.746
"1904-08",48.345,43.317,26.652,121.046,31.708,16.905,73.56,185.382,54.375,105.773,NA,94.163,36.666,39.246,139.033,17.335,63.954,36.019,2.789,5.138,298.406,1.323,11.381,59.195,28.202,56.357,4.804,35.057,106.562,NA,NA,6.765,NA,165.305,0.23,183.747,201.033,5.286,32.825,106.251,109.417,75.67,44.785,21.531,86.995,98.548,177.383,57.374,72.703,81.799,173.164,38.196,81.045,268.793,84.089,93.02
"1904-09",66.535,45.01,109.642,140.843,50.64,82.818,89.457,180.49,92.238,111.263,NA,71.263,21.378,76.965,65.425,17.806,68.467,42.735,15.218,14.859,178.737,2.486,18.295,67.652,21.576,56.478,8.562,37.967,90.029,NA,NA,18.481,NA,224.019,0.481,120.922,167.009,4.11,50.04,68.372,101.648,65.419,60.04,23.434,78.434,104.265,185.905,61.849,58.504,97.937,154.975,29.847,41.356,147.935,86.919,93.515
"1904-10",69.107,37.183,77.077,116.845,48.73,52.251,64.482,206.358,117.055,121.044,NA,69.259,29.557,80.526,83.271,19.803,78.48,91.991,35.854,56.628,128.105,1.439,48.358,114.572,47.474,56.724,13.015,36.299,73.575,NA,NA,35.872,NA,105.378,0.232,153.597,214.605,5.095,10.414,62.657,82.527,60.625,45.561,21.172,68.965,112.584,158.706,78.777,65.24,113.894,316.803,31.254,70.731,221.606,76.405,94.236
"1904-11",82.084,34.438,116.81,118.637,32.933,96.106,35.963,70.611,72.879,125.234,NA,84.353,14.93,66.409,70.762,14.185,88.973,66.553,35.012,68.979,31.938,9.851,43.813,88.902,57.123,84.121,88.013,20.097,77.27,NA,NA,40.111,NA,113.279,2.894,112.178,227.235,9.691,10.393,46.918,55.112,51.536,50.378,17.943,80.412,161.502,140.154,67.131,89.761,106.151,188.454,39.712,105.823,266.931,75.786,93.848
"1904-12",56.741,34.945,100.09,105.122,30.491,152.655,34.701,37.655,47.024,96.799,NA,82.164,23.341,76.139,85.951,27.649,70.543,116.31,42.295,77.591,5.264,6.901,19.761,191.426,29.301,89.08,180.089,16.656,97.158,NA,NA,66.33,NA,136.773,5.228,41.177,194.101,50.094,32.886,29.634,43.865,44.741,37.915,14.198,88.226,164.494,108.06,69.527,66.6,94.477,365.263,59.668,84.406,162.067,69.884,94.843
"1905-01",48.971,17.544,105.072,140.709,26.344,154.309,34.011,16.584,44.86,75.74,NA,82.44,13.493,73.208,43.408,85.506,74.074,97.461,51.811,65.309,1.149,5.33,5.575,23.405,23.296,161.771,209.943,14.89,70.962,NA,NA,65.977,NA,111.84,1.627,23.895,268.522,357.6,98.604,36.635,118.481,50.045,47.324,15.284,119.822,165.308,93.198,72.613,70.463,96.408,172.194,90.636,39.657,93.609,78.102,97.064
"1905-02",41.211,14.284,178.113,124.941,18.603,191.131,45.055,19.257,34.844,142.709,NA,84.55,34.095,97.584,20.991,73.861,84.482,102.187,19.668,49.166,1.937,1.887,3.712,36.924,42.148,117.66,135.933,13.077,71.435,NA,NA,22.164,NA,93.399,0.393,6.867,222.955,347.441,123.945,39.054,61.341,77.486,67.682,9.686,129.637,140.966,81.277,106.971,29.315,108.314,161.541,102.211,7.873,37.271,81.212,94.169
"1905-03",62.639,16.67,95.178,120.845,20.665,83.912,17.09,12.095,25.887,161.892,NA,68.143,27.404,78.382,21.338,158.324,63.409,82.911,32.742,48.935,8.506,3.5,2.991,43.428,28.574,112.928,132.225,11.29,61.378,NA,NA,27.219,NA,72.783,0.043,22.739,212.3,288.135,122.685,43.647,88.675,88.26,87.646,10.085,124.61,154.433,65.647,93.336,56.741,88.768,115.972,107.167,4.45,52.925,88.872,91.701
"1905-04",40.624,16.148,32.939,121.795,22.514,60.558,6.812,12.813,30.568,88.762,NA,85.714,33.977,104.811,17.549,282.499,47.058,73.869,10.117,30.054,49.36,2.023,4.445,20.84,35.667,115.497,65.016,10.198,73.366,NA,NA,16.91,NA,82.228,0.07,13.041,189.946,248.623,57.487,60.256,60.321,92.598,78.974,9.361,123.571,144.446,72.474,104.775,110.816,64.568,98.353,141.841,9.182,49.907,93.173,94.135
"1905-05",41.244,23.032,51.858,85.166,18.509,33.912,7.737,40.412,20.58,51.518,NA,84.232,73.957,58.916,20.569,277.382,45.317,28.67,1.151,17.526,183.189,6.51,16.228,155.337,44.858,75.823,70.19,21.039,53.354,NA,NA,2.066,NA,89.593,0.272,51.992,242.636,90.346,97.581,57.676,82.155,71.117,64.908,8.832,114.067,137.129,76.071,85.89,215.587,53.879,159.57,77.097,17.982,135.573,90.204,94.087
"1905-06",48.092,27.299,84.252,144.51,23.429,6.854,28.625,174.603,34.509,71.834,NA,78.115,47.751,71.856,92.054,238.796,35.319,32.286,11.755,21.269,214.571,3.388,10.143,122.8,91.461,49.762,21.361,23.929,63.23,NA,NA,6.361,NA,157.639,0.453,194.662,229.28,9.825,58.672,80.639,107.875,80.277,56.658,17.491,111.143,113.47,125.045,75.383,228.827,60.954,116.929,49.261,85.346,245.497,93.51,95.574
"1905-07",51.923,40.352,82.721,95.047,27.144,9.749,89.108,236.268,34.702,101.732,NA,59.095,50.272,71.339,208.968,105.746,55.563,24.987,2.365,3.001,281.073,2.715,12.43,46.225,78.707,84.516,6.175,32.413,73.142,NA,NA,2.177,NA,155.167,0.042,169.772,208.244,8.599,35.846,106.516,130.282,64.448,56.283,21.15,102.97,106.017,165.271,79.516,154.987,63.166,171.139,40.486,89.765,225.681,84.886,96.197
"1905-08",56.794,55.526,72.416,108.692,34.012,16.252,118.261,236.44,59.468,125.025,NA,60.919,55.811,64.561,167.125,14.264,50.751,26.217,0.697,5.632,270.979,2.156,18.064,44.141,55.379,154.946,4.555,52.515,80.013,NA,NA,1.21,NA,192.367,0.062,85.88,135.512,7.098,17.546,120.624,121.884,60.819,57.946,35.178,86.335,106.313,198.187,69.414,72.382,78.741,148.635,38.966,11.923,82.619,81.521,94.808
"1905-09",76.256,49.436,108.002,121.901,35.727,88.852,87.954,228.017,81.613,139.594,NA,66.588,25.254,91.416,127.365,9.205,61.222,29.158,25.216,12.226,210.185,0.886,46.855,90.464,44.571,54.415,7.889,46.937,56.482,NA,NA,15.852,NA,166.838,0.15,140.763,166.309,4.039,4.787,66.773,75.123,66.143,48.676,30.333,81.715,120.015,167.014,79.394,57.567,84.088,185.006,30.11,28.27,162.62,86.175,91.988
"1905-10",76.73,45.589,292.288,172.164,47.685,42.078,147.308,179.468,73.652,132.006,NA,64.312,21.928,89.166,95.223,13.479,71.118,59.47,22.777,60.01,160.672,4.533,52.044,219.716,35.514,71.507,21.205,26.684,92.817,NA,NA,36.45,NA,133.958,2.799,156.088,181.995,3.039,11.135,45.134,93.193,57.226,49.621,18.091,73.037,128.871,163.824,62.837,81.464,98.823,212.709,30.725,54.446,335.98,80.341,94.01
"1905-11",70.444,32.724,80.074,146.1,43.256,86.021,94.983,72.313,73.779,128.69,NA,61.45,14.926,72.781,119.444,35.258,76.884,109.367,37.56,52.865,45.207,9.014,165.154,296.304,24.573,70.785,30.045,21.408,99.427,NA,NA,41.147,NA,120.603,22.653,33.866,161.737,13.783,26.11,41.926,97.455,53.994,48.529,13.72,77.952,123.277,137.542,66.453,105.083,113.605,289.373,45.628,128.225,123.007,66.521,92.999
"1905-12",64.342,37.301,167.832,176.814,30.81,100.483,85.252,39.026,51.742,88.364,NA,72.547,21.457,78.442,70.217,26.409,54.638,79.569,50.242,82.474,7.118,36.387,38.471,253.996,33.198,103.608,156.679,12.621,104.645,NA,NA,69.958,NA,92.409,3.493,19.509,196.564,94.487,17.958,41.449,90.655,37.548,38.49,13.385,95.803,181.827,116.276,63.411,88.434,101.709,332.535,54.969,65.078,30.115,73.334,96.753
"1906-01",71.855,18.58,102.436,148.102,22.967,158.655,42.284,23.189,46.064,66.955,NA,93.557,21.879,91.212,32.932,78.463,43.741,124.858,34.629,70.756,1.094,5.434,10.904,84.175,18.774,154.981,229.204,15.116,83.428,NA,NA,53.565,NA,96.762,5.234,3.136,238.779,242.807,96.857,33.384,63.678,48.393,51.447,15.24,105.313,184.047,100.467,72.65,49.189,103.841,238.097,59.413,10.847,9.814,74.225,93.975
"1906-02",41.943,20.637,91.876,103.724,21.751,165.43,33.447,16.189,38.811,45.542,NA,82.45,16.51,116.173,35.933,122.024,69.956,81.929,23.861,43.958,0.33,2.743,10.19,63.577,36.555,197.359,164.941,11.531,76.972,NA,NA,27.939,NA,108.382,2.805,17.358,186.648,349.186,110.315,42.904,78.287,74.344,52.774,9.477,118.254,174.213,83.826,88.79,53.624,86.709,157.823,112.647,8.636,17.478,86.476,95.877
"1906-03",58.819,24.184,75.521,152.915,16.414,90.276,12.676,12.131,34.218,48.377,NA,92.927,29.73,118.284,24.809,89.495,50.111,34.648,29.29,32.805,6.638,1.847,2.305,52.376,36.774,119.408,145.343,12.188,60.614,NA,NA,30.876,NA,74.789,0.063,13.557,229.007,311.215,102.395,51.859,96.634,84.747,58.906,12.003,111.93,176.616,65.137,99.294,47.488,74.317,165.665,124.669,11.62,27.892,87.097,93.967
"1906-04",44.208,20.239,85.827,164.475,19.102,106.267,14.609,29.355,30.252,69.892,NA,90.545,49.485,75.06,15.977,210.905,44.824,55.25,8.658,30.866,31.032,2.046,3.202,108.586,50.42,108.64,77.408,11.811,62.419,NA,NA,18.523,NA,83.77,0.09,12.15,181.276,273.673,71.662,60.252,67.696,92.715,70.608,11.941,125.037,175.685,71.102,97.266,89.228,75.866,123.603,94.331,4.576,38.287,87.717,94.33
"1906-05",41.821,24.967,9.955,87.286,8.813,71.41,4.348,51.57,19.42,74.412,NA,105.102,63.464,61.857,21.127,362.719,33.033,29.389,3.693,20.929,152.994,2.724,11.339,137.476,49.081,59.038,94.825,13.403,47.214,NA,NA,7.846,NA,121.97,0.66,8.194,254.601,126.483,59.64,59.063,129.622,90.799,54.758,11.028,121.787,155.288,80,91.347,200.1,64.639,87.703,92.022,8.559,52.37,89.269,94.834
"1906-06",43.729,36.528,42.972,154.479,21.618,17.892,15.443,169.819,77.58,93.636,NA,101.065,71.188,78.081,49.393,324.121,43.469,25.588,7.327,9.979,226.972,2.441,42.425,174.049,114.027,147.128,17.35,30.947,35.933,NA,NA,10.091,NA,106.46,0.252,42.325,238.958,22.869,50.02,94.679,88.307,77.438,61.802,27.86,105.673,124.246,115.955,80.623,233.801,54.596,80.292,70.538,36.779,108.421,85.236,94.233
"1906-07",48.531,37.638,65.631,122.293,14.937,13.58,40.088,222.633,54.3,115.087,NA,59.738,38.921,89.034,191.596,80.41,38.056,16.76,1.088,4.946,288.758,1.445,25.894,88.334,44.478,74.002,1.622,37.065,52.028,NA,NA,0.613,NA,191.552,0.076,222.975,207.129,9.259,63.025,113.138,86.347,76.33,55.607,37.465,97.772,145.338,170.846,74.18,141.357,70.212,113.182,49.122,113.297,259.112,84.541,98.098
"1906-08",79.145,52.751,95.672,144.98,29.154,36.727,60.817,194.566,81.037,123.837,NA,63.791,42.112,68.351,173.884,19.697,41.707,23.343,4.693,3.302,220.402,1.514,14.788,43.331,54.749,63.848,5.18,28.92,63.574,NA,NA,9.252,NA,143.939,0.132,178.323,198.497,6.109,22.76,92.538,71.734,58.756,55.611,24.129,86.167,144.52,161.67,73.342,72.554,80.914,132.883,35.683,84.95,265.869,86.239,95.22
"1906-09",72.593,46.453,187.522,149.515,35.694,28.666,144.078,220.721,111.036,147.112,NA,64.506,33.957,64.537,129.16,15.138,49.31,59.816,0.935,24.99,178.082,1.516,25.819,59.423,33.745,43.304,8.808,27.656,62.514,NA,NA,4.392,NA,210.93,0.358,191.633,188.256,11.973,21.932,72.685,92.418,74.989,60.19,24.55,77.299,122.165,168.999,57.825,58.952,100.559,159.278,37.386,80.311,230.124,83.813,93.822
"1906-10",71.78,42.012,106.246,131.905,50.598,88.454,47.616,169.54,101.545,130.286,NA,53.438,25.17,83.073,88.272,18.176,59.255,115.591,38.289,54.363,111.464,2.682,50.989,89.526,55.191,69.446,15.066,27.309,88.142,NA,NA,66.976,NA,121.186,0.193,125.424,183.441,5.512,16.897,50.147,75.325,63.377,63.128,22.176,80.449,107.514,152.002,62.978,83.018,103.007,261.324,32.033,103.453,183.425,80.333,90.771
"1906-11",49.689,34.446,113.49,106.012,31.338,119.191,62.327,64.172,60.422,126.458,NA,47.578,14.101,77.346,111.873,14.584,81.898,141.244,76.773,89.477,51.934,7.483,30.433,136.027,13.102,64.85,27.948,21.836,129.03,NA,NA,87.182,NA,150.395,5.302,90.452,214.676,18.92,47.82,52.659,99.977,55.898,52.395,20.011,78.761,128.619,128.011,61.94,96.296,97.925,276.701,38.879,154.802,189.374,74.495,93.067
"1906-12",82.536,31.062,57.082,137.336,31.467,99.867,48.645,42.733,55.618,91.013,NA,77.554,21.747,77.73,63.177,49.939,73.672,79.261,30.13,67.827,9.73,33.705,48.516,176.787,15.45,111.477,143.683,13.642,85.155,NA,NA,53.955,NA,92.151,16.834,37.754,220.205,144.621,32.253,38.321,74.652,42.783,40.38,9.93,98.214,163.383,135.118,64.386,80.193,98.733,195.79,59.033,52.163,70.342,72.229,95.09
"1907-01",94.691,15.987,118.747,115.376,30.775,67.765,59.288,20.322,27.743,45.101,NA,84.274,25.299,69.238,50.172,89.107,84.863,87.276,42.922,66.196,0.999,7.85,9.869,125.455,14.628,116.709,221.682,14.499,78.336,NA,NA,47.291,NA,123.183,10.277,8.754,213.109,190.285,56.727,35.988,102.114,50.665,41.395,11.626,121.877,183.386,103.82,66.153,44.371,103.647,252.832,69.642,10.245,27.364,73.938,94.98
"1907-02",86.922,14.353,174.906,127.632,21.579,193.178,55.964,30.631,60.31,79.204,NA,100.351,29.933,107.184,39.796,65.108,83.697,53.069,26.412,64.651,4.752,25.534,7.156,80.174,35.224,167.395,132.239,14.625,103.094,NA,NA,31.078,NA,103.701,10.266,2.71,214.529,276.617,58.85,29.035,89.963,73.759,59.423,14.542,116.93,167.844,80.776,93.409,32.868,94.757,222.709,87.971,3.632,18.085,84.97,95.662
"1907-03",68.285,16.689,51.155,149.908,19.602,124.883,7.842,10.336,30.445,125.649,NA,52.44,26.851,81.352,23.606,94.506,49.294,74.193,29.239,55.257,13.108,5.646,2.324,48.741,30.188,145.914,127.948,13.252,56.595,NA,NA,15.352,NA,94.463,0.189,2.95,217.205,237.785,94.571,38.287,100.405,81.276,72.19,11.954,114.502,183.405,63.956,92.189,61.742,87.288,136.948,104.538,3.347,16.352,86.853,94.095
"1907-04",50.791,23.064,31.305,102.162,23.326,94.512,3.512,18.577,17.471,88.573,NA,95.013,25.71,97.509,17.701,188.918,67.701,41.16,16.001,24.537,79.117,3.69,4.309,110.548,47.373,90.692,169.772,12.919,45.232,NA,NA,38.251,NA,83.496,0.356,7.588,215.598,246.366,73.898,46.448,97.412,85.489,76.045,7.437,112.244,185.403,56.766,102.785,143.33,61.082,107.637,87.773,3.006,60.719,96.306,94.838
"1907-05",36.025,25.24,82.856,53.396,21.649,45.689,6.962,52.782,15.219,90.295,NA,111.194,45.848,92.206,16.2,287.314,53.859,52.052,16.155,16.035,131.269,2.488,28.661,138.662,72.258,105.843,164.054,27.201,39.382,NA,NA,11.86,NA,124.554,0.169,26.016,241.832,165.04,35.131,65.879,80.554,80.568,64.874,17.599,111.883,164.775,73.153,83.4,183.25,62.363,123.779,74.377,36.055,64.579,99.98,96.455
"1907-06",54.868,37.991,104.351,152.364,16.407,42.428,33.581,181.257,73.423,95.51,NA,111.62,63.46,63.99,55.678,279.916,26.677,51.991,3.215,12.175,233.902,3.647,15.326,163.321,119.192,103.039,75.021,24.784,43.827,NA,NA,4.458,NA,158.959,0.186,35.363,214.622,17.588,50.378,110.881,121.411,79.182,58.174,19.438,108.901,137.516,115.277,73.738,222.299,75.412,136.53,63.854,64.309,40.177,91.435,97.19
"1907-07",55,41.375,119.935,103.904,20.827,20.837,71.63,220.653,33.028,122.594,NA,100.335,58.255,68.704,142.94,89.775,35.238,51.474,0.324,11.399,262.876,3.321,15.636,48.625,107.243,99.426,7.605,39.527,56.026,NA,NA,2.109,NA,208.349,0.021,198.358,229.538,13.398,47.496,102.41,98.792,75.168,44.351,27.421,100.893,141.811,141.8,75.28,174.891,62.819,112.137,44.404,89.852,255.797,83.422,95.779
"1907-08",59.929,60.19,58.66,119.405,43.879,6.665,51.322,175.872,58.93,121.842,NA,74.09,45.504,73.696,172.485,14.423,50.047,21.216,2.414,3.526,293.53,1.338,28.483,60.516,53.166,101.422,6.175,31.162,67.028,NA,NA,2.879,NA,148.319,0.087,181.183,212.714,27.616,43.198,102.253,89.759,72.096,55.991,28.793,83.324,114.977,159.018,81.97,85.047,79.218,112.634,42.054,107.677,240.006,82.974,93.073
"1907-09",70.192,56.349,382.02,202.329,49.791,13.028,78.27,150.208,96.845,112.901,NA,73.08,31.045,81.467,133.23,9.434,58.658,62.082,1.78,14.069,191.38,1.883,42.689,74.933,37.818,56.498,6.046,32.005,95.93,NA,NA,1.67,NA,178.365,0.057,100.195,198.369,5.263,22.464,37.43,78.58,77.102,50.339,19.887,81.152,110.296,185.743,71.112,72.513,96.117,190.836,29.124,55.335,143.443,82.055,96.068
"1907-10",78.582,37.733,86.238,148.251,43.294,108.449,102.522,243.511,104.585,124.102,NA,58.498,32.016,55.169,160.548,31.339,63.203,80.015,22.592,28.338,184.155,2.133,106.572,213.204,22.547,46.895,13.208,24.863,101.126,NA,NA,55.925,NA,153.549,0.975,90.906,167.191,4.901,16.407,29.678,78.771,60.268,53.557,21.065,75.288,111.273,171.324,62.341,82.294,98.044,220.339,30.042,96.278,171.924,76.856,89.619
"1907-11",70.813,36.742,112.652,162.982,41.64,109.82,39.393,99.497,73.095,131.199,NA,72.513,26.062,76.146,133.829,14.055,79.955,112.287,62.317,66.109,30.747,4.584,189.349,299.605,25.539,94.949,139.656,21.125,104.667,NA,NA,65.347,NA,128.028,5.547,86.592,168.19,17.798,15.043,37.345,83.533,57.214,44.22,13.248,84.92,127.126,150.357,63.242,100.557,95.548,285.714,36.859,155.788,222.22,71.301,95.248
"1907-12",74.187,17.334,85.162,152.054,27.724,125.867,37.711,44.765,67.571,107.377,NA,80.14,12.176,79.17,58.618,41.682,64.414,115.673,45.584,76.636,1.626,9.103,14.339,145.213,15.148,104.817,199.244,16.608,90.489,NA,NA,51.179,NA,115.594,6.229,90.737,205.201,141.804,84.419,40.426,63.242,42.677,39.623,12.64,84.972,153.849,105.24,61.739,74.612,104.543,289.412,70.14,103.085,150.074,69.553,92.94
"1908-01",89.326,28.488,181.975,118.779,27.365,186.341,40.622,25.85,50.384,72.385,NA,81.889,18.41,86.27,36.351,79.283,99.721,44.728,63.246,72.231,1.417,6.153,11.419,85.409,18.377,106.487,208.379,13.096,98.709,NA,NA,55.956,NA,123.093,3.093,30.775,276.769,311.939,93.597,29.056,88.397,56.153,39.571,8.288,107.255,167.254,96.991,64.496,65.187,81.122,259.696,110.402,59.345,56.838,72.325,95.658
"1908-02",79.842,17.492,163.783,119.982,18.949,146.542,25.082,15.695,49.334,70.705,NA,107.154,23.988,83.182,34.387,118.546,72.128,77.65,34.282,56.709,2.324,6.936,6.525,28.384,34.578,123.364,186.926,7.893,67.069,NA,NA,35.124,NA,107.434,1.523,4.478,235.93,326.217,131.244,25.626,79.45,74.434,52.987,14.761,111.93,165.128,75.139,99.263,52.108,74.394,139.153,186.204,7.217,14.24,78.045,96.141
"1908-03",69.056,19.299,32.529,133.551,21.344,78.718,7.311,9.329,24.608,57.648,NA,91.319,23.083,133.295,20.105,147.958,83.854,53.91,25.002,29.3,4.193,1.764,1.379,29.235,38.431,120.406,119.429,18.213,64.821,NA,NA,28.684,NA,104.403,0.032,7.728,198.732,406.729,224.438,45.032,78.317,84.058,57.942,17.435,130.575,162.489,69.097,105.879,35.761,70.396,112.879,139.6,2.236,10.581,96.067,97.019
"1908-04",58.827,27.509,61.377,107.63,21.751,87.404,18.886,32.19,32.643,52.502,NA,65.89,29.013,97.935,17.786,278.645,71.888,38.059,10.405,16.439,24.576,6.908,0.969,77.057,26.632,110.708,96.021,12.253,50.458,NA,NA,15.385,NA,91.302,0.104,16.955,235.384,246.056,62.213,49.56,69.954,83.247,70.392,10.916,121.175,169.683,69.635,101.261,93.537,68.03,102.714,69.022,11.339,75.296,95.904,92.948
"1908-05",64.931,32.97,41.83,97.356,14.082,40.042,11.376,134.94,55.101,80.306,NA,108.224,54.123,72.171,16.143,319.942,33.362,44.83,12.247,21.012,145.748,4.568,3.257,147.105,112.618,131.635,93.627,14.514,52.572,NA,NA,22.543,NA,133.904,0.268,22.93,230.711,88.677,74.341,62.818,71.997,90.089,54.016,9.042,117.559,145.441,87.055,84.629,227.682,63.156,155.502,73.206,22.992,69.397,90.812,96.891
"1908-06",38.978,39.06,76.162,93.435,25.25,13.655,40.136,201.443,22.967,107.445,NA,60.824,77.635,64.667,54.654,258.738,42.014,44.703,3.889,6.842,189.692,2.94,27.32,46.549,68.435,138.104,7.528,17.817,58.792,NA,NA,6.717,NA,179.738,0.184,123.306,278.652,33.074,48.716,106.403,105.672,94.653,54.286,12.91,104.329,124.265,127.608,75.347,245.514,57.126,107.698,56.492,58.619,174.469,86.737,96.075
"1908-07",52.53,46.08,49.614,117.687,26.234,17.55,27.938,155.946,34.173,110.617,NA,96.932,57.466,37.753,164.368,94.131,49.499,11.55,8.568,3.921,324.791,3.326,20.601,107.7,57.611,65.973,6.287,32.953,55.251,NA,NA,2.853,NA,145.186,0.518,127.518,233.011,12.316,60.936,63.762,98.267,78.394,40.554,33.726,102.796,140.336,142.542,72.275,142.079,70.38,186.282,40.023,60.845,211.589,80.945,95.802
"1908-08",69.109,55.643,74.617,141.152,45.425,14.047,77.454,210.438,49.713,133.064,NA,77.331,35.655,69.946,201.455,13.512,52.331,27.22,0.679,7.807,246.785,1.711,14.315,50.886,32.573,46.661,4.431,41.701,96.083,NA,NA,1.586,NA,157.514,0.854,170.726,216.058,5.745,27.901,96.306,95.391,78.182,45.694,29.147,85.824,127.017,171.801,71.989,73.543,83.497,189.509,35.477,71.41,253.737,84.742,95.745
"1908-09",80.338,51.354,93.349,120.702,37.354,7.836,77.404,201.916,81.056,122.204,NA,75.056,28.673,72.285,154.999,21.961,64.654,35.966,2.683,19.452,207.565,2.125,16.751,50.975,40.391,80.375,6.118,33.623,70.588,NA,NA,3.948,NA,144.379,0.43,90.493,217.445,5.527,31.461,48.762,75.759,75.047,59.267,22.801,84.787,115.122,184.281,62.026,58.378,93.506,154.948,31.742,24.751,158.426,84.878,93.822
"1908-10",83.635,49.821,97.271,139.322,56.39,67.971,101.927,207.985,116.171,122.569,NA,54.135,23.286,72.602,131.073,21.132,84.598,71.198,39.064,67.398,174.375,3.872,14.985,154.706,51.165,72.31,16.085,26.903,111.905,NA,NA,57.378,NA,160.868,5.485,47.263,168.2,7.429,23.109,57.55,86.847,63.318,53.133,15.956,76.114,111.668,151.471,63.331,63.745,105.859,250.317,29.359,17.213,182.208,74.54,91.643
"1908-11",79.956,44.402,223.05,139.079,43.918,99.676,96.622,85.245,68.892,126.289,NA,76.427,16.348,75.523,99.688,9.402,96.376,81.957,26.26,81.772,40.364,10.202,8.75,63.078,15.021,70.032,56.118,14.298,123.969,NA,NA,24.609,NA,122.312,1.047,170.298,215.834,13.324,20.875,56.328,78.359,41.68,46.255,12.813,75.061,121.231,139.679,71.985,93.892,111.003,246.688,51.436,104.387,299.065,73.6,95.013
"1908-12",65.858,33.012,243.916,192.193,28.536,174.886,60.874,43.522,65.998,108.417,NA,81.53,19.48,75.783,80.424,25.596,88.391,111.458,31.836,74.679,4.72,6.07,9.431,78.859,20.747,124.836,202.584,12.426,95.753,NA,NA,30.602,NA,123.356,3.936,95.335,278.431,142.14,49.795,23.209,66.528,43.312,37.932,13.627,88.79,153.198,113.537,70.065,66.193,96.865,231.21,73.195,99.919,207.992,70.83,95.893
"1909-01",55.748,37.668,57.82,172.779,19.483,176.723,68.599,26.304,58.623,57.314,NA,75.302,18.311,80.646,28.084,99.1,78.705,88.275,52.46,68.626,4.028,20.492,12.239,86.623,19.248,138.423,167.568,13.164,66.79,NA,NA,82.001,NA,128.806,7.802,4.918,248.36,353.692,60.836,22.981,65.353,51.294,47.048,11.204,103.745,170.01,101.582,71.853,46.32,110.635,201.29,63.655,10.304,16.006,70.272,93.664
"1909-02",77.843,24.211,135.582,132.066,26.942,166.269,29.266,17.747,41.397,101.92,NA,78.486,19.346,78.388,23.928,89.902,115.829,45.283,53.568,20.88,1.453,4.151,6.457,91.415,24.921,145.704,183.222,16.805,70.458,NA,NA,36.401,NA,89.887,2.717,1.978,256.188,355.175,132.594,61.444,95.305,74.094,66.003,13.211,114.459,192.608,79.846,75.397,40.006,90.709,176.766,102.933,8.845,3.357,86.125,96.889
"1909-03",51.552,14.552,156.478,153.863,19.072,133.073,53.083,13.717,44.62,104.039,NA,97.489,24.484,105.336,26.784,112.468,59.802,62.337,57.32,31.312,4.201,1.743,3.906,60.708,37.686,109.882,155.596,12.078,50.375,NA,NA,37.142,NA,72.121,0.25,2.937,152.903,390.508,224.6,59.867,81.331,92.409,67.696,15.723,133.631,169.86,69.264,106.223,47.796,72.031,102.028,120.841,3.608,2.509,92.642,93.67
"1909-04",56.653,22.536,13.937,94.745,21.79,61.969,12.331,10.625,17.107,66.42,NA,88.389,32.822,82.964,18.802,201.42,54.104,57.57,18.046,28.226,61.113,7.08,13.921,109.171,43.047,94.018,163.955,12.58,66.241,NA,NA,17.79,NA,75.908,11.459,2.831,166.99,105.647,91.689,40.146,97.861,94.322,75.071,10.931,129.827,205.456,59.678,104.518,122.337,79.287,114.803,84.527,1.908,7.716,90.691,93.917
"1909-05",52.152,26.353,16.154,88.346,25.162,56.869,5.884,62.518,26.765,60.934,NA,126.937,68.605,51.965,17.526,191.341,65.815,28.239,14.265,16.293,131.56,2.211,13.651,168.151,126.501,146.215,94.088,30.185,74.138,NA,NA,23.406,NA,94.098,0.162,23.884,192.863,40.53,38.234,100.167,96.028,75.015,50.35,22.02,106.722,155.241,78.507,92.443,185.165,62.629,146.46,85.229,3.115,103.507,88.921,95.443
"1909-06",49.693,27.2,43.13,144.42,15.135,22.342,43.829,172.458,38.597,102.455,NA,85.31,51.37,60,56.661,194.295,30.579,42.093,17.668,15.601,226.703,4.832,18.87,130.551,64.145,86.45,32.383,24.196,78.368,NA,NA,23.929,NA,203.721,0.053,119.401,230.853,11.878,45.405,88.07,108.654,79.967,64.835,17.505,102.612,166.393,114.166,73.686,262.097,58.648,136.141,47.594,60.376,219.27,96.295,97.682
"1909-07",55.649,41.252,22.398,98.728,20.608,20.991,57.527,204.416,30.382,120.474,NA,86.057,53.764,61.872,156.883,43.808,41.642,25.92,1.277,6.844,364.362,1.743,30.337,136.816,66.727,75.2,5.766,38.355,71.061,NA,NA,2.589,NA,152.603,0.036,179.18,170.461,10.822,48.529,105.595,116.934,81.159,53.831,24.271,98.418,143.598,175.029,71.366,167.467,60.92,149.067,41.019,74.739,206.81,86.627,96.225
"1909-08",58.943,43.978,42.772,121.842,47.104,22.72,31.101,167.532,41.514,118.195,NA,75.914,33.142,56.483,177.892,13.32,49.788,25.764,7.992,3.506,320.591,2.088,15.177,48.268,60.08,51.488,6.548,35.757,74.335,NA,NA,4.504,NA,171.205,0.05,141.568,182.106,4.747,19.423,112.982,87.759,66.487,66.72,31.6,80.148,154.502,182.84,68.576,93.302,76.39,134.381,30.668,52.228,235.239,89.933,96.62
"1909-09",78.502,51.242,71.325,185.58,39.839,62.859,60.324,242.122,116.963,124.756,NA,66.709,48.738,72.241,108.984,17.976,48.049,66.811,19.447,27.743,235.148,3.31,66.975,159.451,48.626,44.373,9.789,45.515,72.38,NA,NA,37.844,NA,127.19,3.341,78.713,119.157,6.031,11.545,66.521,77.014,54.09,46.923,27.026,81.668,122.509,179.338,65.572,62.725,115.296,108.059,28.591,48.012,205.079,88.561,93.509
"1909-10",75.397,53.334,113.839,134.822,36.37,53.398,97.691,186.108,90.593,128.383,NA,51.15,28.104,69.972,97.475,10.696,49.773,63.425,41.614,73.923,209.934,8.734,99.973,209.802,35.627,77.809,27.377,21.734,89.562,NA,NA,64.61,NA,105.693,6.948,184.468,87.004,11.267,7.237,47.113,59.397,60.075,49.826,15.137,82.399,140.841,156.985,74.2,71.71,112.949,108.208,45.26,131.12,244.177,73.493,90.362
"1909-11",76.76,31.804,142.085,147.622,38.194,135.283,100.629,87.292,73.991,131.926,NA,61.128,21.555,83.804,117.173,16.495,70.461,77.649,76.623,34.441,99.378,16.757,232.123,307.673,47.022,94.931,47.271,18.196,100.627,NA,NA,48.875,NA,143.721,9.433,86.216,195.198,58.947,11.38,40.924,66.027,48.029,44.593,15.14,74.251,156.072,142.496,67.198,104.954,95.847,135.838,36.397,98.218,171.43,70.921,92.197
"1909-12",66.917,28.572,183.081,144.298,39.107,171.448,78.394,32.287,47.556,125.61,NA,85.388,19.959,92.626,90.07,65.133,80.176,108.041,103.127,69.428,2.01,8.6,140.982,335.608,18.557,97.648,205.069,17.935,89.288,NA,NA,104.034,NA,93.472,9.185,62.858,163.005,146.738,26.588,26.695,73.299,43.248,38.738,13.886,91.382,197.826,100.344,71.678,79.087,102.969,184.468,52.954,50.182,154.825,68.238,93.4
"1910-01",84.509,27.572,123.546,121.591,35.673,93.426,36.629,21.246,53.758,69.55,NA,91.979,19.576,91.836,39.396,89.694,71.837,107.162,47.127,55.817,2.38,8.805,78.732,333.1,12.973,131.57,170.097,10.242,68.698,NA,NA,41.556,NA,93.596,4.809,11.023,206.014,320.576,53.092,28.479,87.896,44.771,54.522,9.325,95.756,237.44,82.458,78.222,53.354,94.499,201.275,74.325,31.15,14.786,70.428,94.399
"1910-02",81.712,28.02,79.641,129.603,20.415,153.449,49.736,16.931,35.335,125.264,NA,96.158,24.92,68.884,27.77,100.558,66.482,28.382,84.465,42.687,5.365,9.272,8.818,104.124,32.38,150.303,168.581,16.949,46.71,NA,NA,50.373,NA,108.69,1.292,19.844,174.983,259.133,42.81,27.696,50.738,73.058,54.11,14.202,96.022,200.644,65.072,93.148,53.874,93.339,209.413,136.287,10.897,19.747,85.172,95.137
"1910-03",73.149,22.015,116.02,145.539,19.87,97.317,24.206,12.881,35.222,127.681,NA,68.945,26.638,102.318,25.969,122.478,74.263,74.347,10.354,33.399,9.529,6.716,7.153,84.941,28.886,158.741,91.081,19.115,75.778,NA,NA,14.763,NA,98.221,1.333,5.627,206.403,328.622,62.241,44.451,44.3,82.569,77.28,19.533,115.432,185.326,65.83,91.414,65.553,78.128,170.441,122.712,7.35,3.589,93.671,95.655
"1910-04",44.16,25.856,53.17,145.965,20.979,45.551,16.291,12.033,17.205,68.601,NA,77.937,38.687,109.134,11.497,164.353,50.718,67.397,9.031,25.313,47.658,2.058,2.652,90.38,37.569,117.403,95.925,18.584,47.627,NA,NA,28.02,NA,94.081,0.544,6.358,167.65,114.58,65.423,75.262,94.9,91.924,72.612,16.16,120.505,208.281,55.621,96.259,119.232,84.679,117.438,117.926,5.355,21.996,90.321,94.924
"1910-05",48.595,28.291,79.928,95.688,7.82,27.493,18.294,38.292,34.911,50.513,NA,120.644,40.994,57.8,17.314,273.776,31.29,54.593,17.924,32.307,152.312,9.027,10.387,229.764,104.144,143.875,206.955,17.255,56.497,NA,NA,18.552,NA,103.522,6.954,4.447,201.398,94.064,27.877,69.377,97.088,91.567,54.76,7.114,116.762,176.522,68.081,80.343,209.972,64.128,149.387,76.511,3.632,19.119,96.964,96.824
"1910-06",37.2,45.56,67.8,108.133,22.435,18.267,32.26,172.958,28.651,71.836,NA,73.518,54.74,86.517,41.884,279.849,35.538,40.727,46.75,9.351,146.396,2.521,25.094,200.349,53.695,65.057,89.051,23.211,80.785,NA,NA,21.046,NA,176.029,0.116,83.349,227.406,28.303,29.052,98.151,87.677,84.818,53.203,16.172,100.876,129.851,131.949,78.335,222.483,51.077,183.135,54.371,94.505,114.527,90.646,97.929
"1910-07",51.263,37.991,23.685,116.218,35.031,21.045,43.5,149.91,22.612,114.312,NA,72.271,54.146,73.922,119.903,71.345,40.647,20.637,4.434,2.778,345.329,2.76,23.864,165.508,128.872,50.515,17.538,36.652,73.945,NA,NA,1.373,NA,168.814,0.012,203.67,206.967,11.264,45.799,72.18,87.746,62.627,69.301,30.924,95.313,108.864,149.139,75.328,150.065,55.851,153.286,47.937,78.902,305.91,89.63,94.946
"1910-08",66.465,54.105,59.647,135.363,21.759,9.265,39.954,127.315,36.743,100.541,NA,82.056,51.075,63.572,153.641,12.373,62.543,18.682,0.413,4.799,305.119,1.84,18.665,64.212,47.072,49.641,14.186,40.814,69.614,NA,NA,1.613,NA,166.845,0.101,177.389,206.497,10.154,46.75,70.088,82.186,69.78,47.645,36.664,90.787,87.449,152.747,78.461,114.651,76.615,177.398,38.411,88.305,291.51,84.945,94.413
"1910-09",64.832,43.907,156.443,145.05,70.24,65.879,79.961,292.353,72.743,107.762,NA,72.812,29.182,61.665,181.055,9.07,69.69,26.948,26.8,9.23,226.021,0.572,32.361,44.24,77.214,75.387,13.193,34.821,95.692,NA,NA,19.072,NA,209.176,0.149,157.597,178.615,3.701,33.666,80.382,113.734,62.053,58.91,25.032,75.888,84.988,180.46,66.797,82.376,89.736,186.793,32.785,49.087,259.385,84.94,92.391
"1910-10",73.309,44.065,200.111,113.509,50.161,92.21,121.851,192.61,94.65,146.157,NA,58.143,29.234,80.161,122.676,11.899,86.704,39.728,53.427,47.302,196.114,1.787,32.025,81.526,39.792,72.889,31.235,28.133,96.202,NA,NA,67.416,NA,157.186,0.289,141.801,216.745,10.746,21.663,56.127,75.91,53.492,62.231,27.357,76.412,80.33,149.484,68.452,90.885,93.928,234.612,44.317,48.907,216.578,74.556,92.864
"1910-11",72.199,37.033,212.509,117.864,31.583,177.608,58.549,96.695,44.923,107.579,NA,80.203,24.89,88.722,95.38,34.456,91.686,79.084,43.446,65.036,28.673,3.472,28.041,55.792,30.785,74.377,66.394,16.346,113.478,NA,NA,35.331,NA,124.306,1.42,117.157,263.375,28.248,39.4,38.406,62.485,44.713,47.274,11.389,81.399,122.286,137.994,66.375,106.753,97.702,208.625,53.799,53.94,261.386,71.394,93.256
"1910-12",84.675,28.13,66.043,115.616,45.268,116.127,57.409,42.2,44.31,116.608,NA,63.88,19.943,82.194,126.654,56.192,88.527,84.923,98.671,74.375,10.312,8.093,66.833,167.379,11.355,112.793,105.706,19.032,96.251,NA,NA,80.216,NA,122.505,4.759,21.14,253.3,165.435,71.168,31.187,82.932,44.292,35.597,18.38,97.404,137.326,129.272,62.505,105.223,94.242,257.719,50.133,46.493,76.243,70.175,96.421
"1911-01",73.909,19.837,147.816,114.925,32.559,116.036,25.965,23.256,48.27,71.415,NA,82.896,20.703,69.663,50.49,98.534,107.114,103.676,22.196,68.631,0.798,9.931,18.706,145.017,16.411,132.219,267.058,15.013,62.03,NA,NA,40.022,NA,90.966,4,16.534,274.244,301.308,111.778,48.219,72.395,50.016,55.661,13.294,106.759,135.428,95.878,63.298,59.649,94.975,269.962,64.567,35.033,84.051,74.976,93.528
"1911-02",72.468,13.759,84.562,141.747,24.058,132.803,37.973,13.809,31.641,58.521,NA,80.45,18.111,101.476,40.828,146.384,119.747,37.665,99.277,35.964,4.149,21.215,8.557,47.391,33.012,197.455,204.912,11.755,68.988,NA,NA,55.398,NA,90.096,5.08,5.081,200.211,259.095,144.952,20.037,127.469,74.728,49.775,9.965,127.206,139.624,83.309,74.47,51.102,89.688,149.363,113.283,12.881,15.769,76.607,91.212
"1911-03",61.366,20.632,50.654,108.022,24.035,112.992,16.228,12.028,34.198,90.981,NA,85.655,32.005,97.484,18.832,97.166,84.535,79.556,44.672,31.2,16.246,2.145,4.212,38.786,52.965,112.184,89.011,17.296,89.654,NA,NA,21.703,NA,96.948,0.039,13.562,201.805,231.736,113.851,27.775,89.584,88.589,75.338,10.189,124.456,141.363,78.318,106.089,34.614,80.341,142.558,131.354,8.409,47.923,91.435,95.82
"1911-04",43.34,28.87,63.159,80.147,20.906,24.173,6.527,15.636,20.897,51.672,NA,87.981,32.978,90.019,18.584,289.023,44.522,49.881,4.242,16.811,35.843,2.467,0.882,72.16,68.546,91.047,64.582,21.33,61.503,NA,NA,16.791,NA,131.712,0.153,22.728,231.314,307.301,98.196,42.386,81.114,100.939,70.431,13.878,129.606,148.395,66.585,102.266,87.021,60.833,111.127,104.948,13.065,116.898,91.175,93.71
"1911-05",46.081,27.289,78.898,89.22,13.291,57.005,10.076,71.255,40.345,65.311,NA,95.599,69.79,98.152,12.566,317.636,40.72,52.429,3.412,11.245,149.258,3.404,7.567,133.528,49.506,131.624,104.473,14.104,90.9,NA,NA,8.464,NA,126.376,0.067,11.426,226.348,190.445,41.574,69.806,98.503,87.5,63.649,8.699,113.248,123.357,81.51,95.75,196.132,48.203,84.307,81.091,10.912,46.132,88.985,95.056
"1911-06",42.896,31.371,47.697,94.296,15.648,50.282,39.892,208.884,40.013,107.703,NA,86.191,54.784,61.899,44.217,180.258,31.441,19.463,2.27,11.701,220.61,1.936,25.002,131.753,55.945,71.414,63.763,22.119,46.484,NA,NA,3.735,NA,172.316,0.095,88.621,232.504,41.65,75.376,97.199,124.563,76.815,64.063,21.305,116.167,114.647,132.108,72.755,229.285,56.886,133.466,64.686,23.549,118.937,86.89,96.632
"1911-07",53,46.653,93.644,111.006,27.77,6.19,39.637,152.485,49.14,147.927,NA,87.915,72.541,79.78,133.641,59.865,44.807,16.114,13.318,4.897,343.876,1.478,31.013,57.981,67.625,95.081,15.524,44.477,43.093,NA,NA,9.434,NA,155.294,0.97,176.731,229.753,27.639,84.122,83.448,110.567,68.422,44.832,41.915,97.702,103.618,123.167,86.542,161.802,54.893,142.316,57.381,115.161,265.225,80.792,93.64
"1911-08",53.607,46.7,29.915,121.341,37.805,18.727,33.877,129.442,42.304,115.393,NA,72.376,50.086,65.947,88.671,12.653,58.654,32.343,2.247,5.246,369.687,2.833,22.031,72.979,51.448,43.553,11.104,35.668,68.43,NA,NA,2.304,NA,203.382,3.715,184.674,229.915,8.238,31.613,82.196,65.47,54.293,49.868,33.418,90.484,108.357,159.885,64.341,115.935,92.648,150.863,33.607,81.677,237.571,85.172,95.786
"1911-09",82.275,57.957,280.711,147.127,32.268,49.102,138.961,212.667,90.718,126.436,NA,52.459,36.092,73.091,114.474,5.793,70.837,43.425,35.097,26.149,231.934,2.506,21.191,47.919,36.579,61.201,15.017,41.733,75.113,NA,NA,11.662,NA,167.257,0.411,89.147,199.625,9.547,24.073,58.328,68.287,63.588,48.51,31.588,86.275,97.476,183.665,75.479,81.935,95.255,171.342,31.836,31.112,123.981,78.907,93.624
"1911-10",82.107,52.317,68.705,165.233,32.699,64.726,134.52,237.911,170.002,133.992,NA,55.136,25.17,69.804,87.17,11.76,76.227,105.826,4.357,67.68,186.797,2.95,23.197,134.232,53.139,106.299,30.844,23.102,103.875,NA,NA,31.621,NA,150.464,0.414,99.48,172.199,4.392,20.822,48.266,70.492,64.742,58.258,18.664,71.398,94.63,170.567,57.703,85.53,101.394,210.954,39.618,69.722,184.028,76.658,93.057
"1911-11",60.543,35.637,84.703,74.953,31.055,117.955,45.286,86.477,64.461,114.683,NA,73.63,17.99,80.95,100.806,20.503,86.373,76.185,43.023,68.862,34.108,2.719,69.598,176.253,16.102,40.477,95.466,24.705,98.84,NA,NA,46.176,NA,139.966,1.559,107.262,222.693,38.497,43.341,55.878,92.018,57.461,50.162,21.093,79.831,122.245,143.247,71.646,95.858,91.043,292.303,36.753,168.518,259.768,74.951,96.855
"1911-12",91.132,26.243,149.002,151.194,25.705,138.318,55.345,34.593,64.136,83.771,NA,76.517,18.548,69.195,30.296,65.482,87.774,28.179,94.384,72.047,3.521,14.252,16.182,110.434,15.707,89.727,229.982,15.188,67.387,NA,NA,91.158,NA,135.583,9.591,40.946,264.277,100.605,37.573,33.536,83.129,33.904,44.13,14.816,98.607,173.262,115.672,71.05,87.061,107.492,177.905,50.263,32.173,157.541,69.046,96.147
"1912-01",81.68,22.401,228.906,150.481,27.159,152.157,44.282,23.19,45.21,51.562,NA,75.734,17.316,83.901,31.275,97.154,84.449,54.043,67.351,56.488,2.496,7.884,10.913,92.174,22.128,151.019,212.212,12.584,69.735,NA,NA,37.096,NA,108.172,4.307,3.365,281.431,349.575,101.323,30.648,39.481,58.096,55.457,9.354,103.328,178.078,88.848,69.28,71.093,96.949,258.957,103.357,6.78,25.539,76.783,98.542
"1912-02",74.268,24.54,101.103,120.347,23.465,133.287,28.16,18.598,36.004,60.586,NA,91.937,19.564,83.974,31.16,76.667,96.048,50.006,39.218,42.581,1.452,4.852,6.855,68.811,36.099,115.591,207.227,14.306,87.904,NA,NA,19.438,NA,121.871,3.152,7.693,258.665,374.436,147.328,40.789,94.93,56.857,66.865,12.448,133.647,160.874,76.507,75.7,51.051,79.282,184.575,66.605,9.48,36.477,85.777,92.843
"1912-03",61.112,18.406,150.273,134.685,18.883,98.247,30.735,14.863,32.214,57.832,NA,75.689,25.026,107.314,22.946,175.707,91.726,45.057,22.467,34.703,11.888,2.24,5.074,82.123,13.779,135.693,170.228,11.996,58.247,NA,NA,35.956,NA,77.91,0.275,3.343,182.724,277.943,86.226,39.305,67.31,80.109,65.54,11.413,137.258,203.952,66.191,102.224,57.171,77.405,130.032,105.368,5.368,4.107,83.272,92.99
"1912-04",52.988,30.379,35.164,68.793,24.855,77.904,6.399,13.631,22.025,69.583,NA,62.596,29.785,62.497,18.56,302.823,66.184,42.942,49.218,14.438,32.518,2.657,5.705,92.1,39.228,93.079,80.063,16.892,56.842,NA,NA,31.864,NA,78.286,0.248,2.505,207.796,277.846,96.82,35.48,83.607,90.678,79.874,9.619,112.072,192.926,59.348,86.422,100.505,63.901,108.522,122.554,2.053,23.159,96.352,93.377
"1912-05",49.299,35.879,12.623,63.822,18.975,17.276,10.885,32.274,26.155,49.127,NA,85.832,61.539,64.957,29.35,361.341,40.403,19.888,3.363,9.326,122.81,3.907,5.863,174.319,51.33,84.756,60.767,21.202,71.35,NA,NA,12.003,NA,87.699,0.177,25.868,230.932,138.394,27.7,62.392,80.85,82.684,58.978,21.672,105.474,164.267,79.034,88.675,206.699,56.098,108.348,82.848,5.018,65.803,92.389,94.235
"1912-06",33.855,36.312,68.455,100.921,14.966,22.057,13.982,152.94,28.757,85.404,NA,90.123,59.736,50.81,77.207,262.341,50.12,46.159,17.071,8.348,269.634,1.815,71.154,162.481,86.426,62.214,6.473,32.1,42.935,NA,NA,6.233,NA,163.681,0.335,77.508,238.104,26.538,67.318,108.644,126.886,70.697,54.35,17.25,94.753,141.382,117.25,78.075,183.182,56.886,143.596,55.78,87.887,123.972,84.073,94.525
"1912-07",46.301,36.832,137.525,140.001,27.921,21.871,76.021,260.762,48.463,118.832,NA,82.891,48.914,80.139,201.966,59.928,65.565,10.906,1.396,2.668,328.487,1.327,27.918,65.011,94.506,75.726,2.966,33.381,77.603,NA,NA,1.524,NA,196.412,0.001,202.998,224.242,25.405,79.743,97.733,112.927,64.233,61.091,28.369,92.878,124.928,157.785,81.747,96.557,64.376,161.334,43.173,81.657,196.701,83.437,94.746
"1912-08",73.29,56.489,144.691,134.14,37.637,54.118,58.722,206.154,61.274,124.188,NA,94.887,46.212,58.313,170.565,22.529,33.485,17.494,1.866,9.204,195.1,1.821,7.053,27.385,66.042,85.067,4.791,42.316,82.484,NA,NA,3.789,NA,102.314,0.146,215.147,213.443,4.911,25.89,100.146,119.646,71.67,38.561,32.901,82.617,121.865,185.48,64.975,69.997,81.93,98.832,44.061,75.724,259.759,87.633,96.043
"1912-09",77.835,58.258,214.779,122.065,25.511,88.629,129.289,275.93,116.406,137.19,NA,74.983,51.33,67.805,75.425,23.865,52.83,24.044,4.622,33.161,180.102,2.563,37.813,54.144,17.727,48.888,8.23,42.352,84.954,NA,NA,15.214,NA,179.009,0.28,36.92,195.076,6.793,16.498,73.665,103.999,72.417,54.963,24.534,79.545,105.853,189.156,69.197,45.723,102.979,171.042,30.042,41.207,68.562,79.069,94.209
"1912-10",67.351,48.288,145.402,140.06,35.553,94.624,65.856,266.355,118.676,130.009,NA,65.752,32.31,84.909,95.38,14.854,60.12,111.757,77.892,68.802,159.097,4.203,48.476,94.351,22.264,51.458,11.509,31.595,80.365,NA,NA,111.517,NA,92.097,0.664,111.155,186.474,13.285,18.34,53.311,72.681,43.708,39.803,27.138,73.745,110.49,148.044,65.411,68.572,122.643,314.578,26.549,59.798,216.667,78.294,92.144
"1912-11",68.352,26.522,178.964,86.426,37.359,68.472,56.359,61.148,64.951,124.058,NA,56.912,14.928,67.981,61.498,26.225,78.062,69.075,14.386,53.015,25.634,13.228,51.696,111.123,52.342,52.561,46.47,25.763,126.394,NA,NA,48.53,NA,119.636,11.396,88.414,259.936,40.433,14.821,51.797,82.496,45.104,45.398,15.534,77.856,140.764,142.683,66.416,96.868,100.248,168.284,42.713,93.378,172.622,74.676,94.935
"1912-12",83.289,22.116,161.186,165.406,27.479,72.314,124.286,77.59,87.951,86.524,NA,84.081,20.047,73.518,62.213,94.741,69.885,105.043,74.534,95.001,20.871,16.157,89.281,256.894,20.137,106.3,110.667,16.378,69.375,NA,NA,76.48,NA,127.317,32.397,18.901,209.204,197.382,33.238,41.628,73.164,34.623,47.47,15.224,80.332,186.713,123.942,63.558,91.539,112.002,200.536,48.634,24.947,17.046,69.862,95.64
"1913-01",84.74,19.218,146.71,127.772,29.904,128.414,57.936,33.321,75.446,89.378,NA,81.488,23.178,73.285,41.8,103.549,66.96,107.22,55.055,87.036,3.724,8.158,12.044,68.161,30.684,166.693,202.626,9.157,67.303,NA,NA,53.669,NA,111.31,3.489,11.25,253.55,212.541,113.241,37.534,100.913,58.762,42.028,12.879,97.119,178.013,93.463,68.025,54.472,93.035,228.21,109.473,8.119,49.272,72.082,96.113
"1913-02",78.251,16.277,91.248,161.652,26.514,127.424,27.303,21.715,57.711,91.635,NA,90.007,28.191,109.291,26.793,96.899,88.735,90.863,30.033,40.476,3.806,15.615,11.064,81.152,51.482,91.144,159.186,11.866,82.578,NA,NA,20.144,NA,81.132,4.947,5.316,231.348,345.157,136.641,26.939,65.561,65.613,57.559,10.702,122.031,202.123,86.797,85.569,46.096,110.702,193.176,84.33,9.219,9.187,83.265,97.094
"1913-03",61.376,20.32,85.359,143.602,20.673,100.968,12.475,9.093,24.84,122.588,NA,102.747,30.956,79.807,27.514,100.139,92.2,49.186,46.336,17.993,7.442,8.699,4.813,98.767,39.642,105.041,154.462,13.815,64.225,NA,NA,32.622,NA,92.486,2.329,1.032,181.876,283.869,110.006,61.97,84.611,89.067,72.516,9.539,115.982,186.488,59.859,120.558,50.038,84.719,151.655,132.796,1.538,5.957,89.438,96.584
"1913-04",48.339,28.627,95.477,141.104,16.619,61.276,19.089,18.114,49.095,104.699,NA,138.468,36.231,52.246,18.54,240.562,60.385,59.646,5.233,16.833,26.066,1.532,7.266,79.882,16.356,75.91,107.613,13.572,52.481,NA,NA,12.1,NA,86.677,0.131,3.237,226.749,306.865,57.957,56.281,104.676,75.276,66.665,14.478,131.042,186.003,53.253,106.664,70.728,75.814,102.749,112.855,2.059,8.578,94.863,96.137
"1913-05",52.178,21.601,53.975,78.52,20.069,61.832,17.282,54.771,47.199,59.919,NA,96.167,55.179,77.944,19.751,342.295,29.746,35.818,0.768,15.858,152.783,4.77,18.568,205.478,59.92,90.352,136.499,13.584,37.485,NA,NA,3.956,NA,103.125,5.293,7.541,208.542,103.852,46.423,57.49,81.682,74.43,50.72,7.898,118.032,165.205,71.171,110.567,196.866,67.939,106.64,72.115,1.46,30.198,94.088,95.323
"1913-06",45.246,33.908,17.903,90.336,27.319,27.975,20.439,184.29,37.337,97.152,NA,85.025,67.401,57.399,39.521,195.469,46.694,59.573,12.458,14.103,180.836,3.037,29.227,99.816,94.152,79.894,28.116,24.251,46.821,NA,NA,13.147,NA,155.878,0.094,112.034,280.631,27.192,74.572,87.681,124.087,72.838,81.786,19.194,114.806,139.084,116.696,75.219,224.332,53.198,139.951,56.765,42.554,252.239,92.247,99.085
"1913-07",63.111,58.173,101.807,119.438,50,17.704,42.539,164.603,31.758,113.661,NA,94.884,56.147,54.143,115.63,86.494,32.336,23.287,2.248,4.438,301.724,2.277,11.71,40.185,118.423,98.892,10.616,25,43.392,NA,NA,1.342,NA,161.232,0.06,188.96,232.219,16.982,29.129,86.289,114.012,67.667,46.587,26.743,91.373,142.631,148.728,66.123,185.525,55.144,84.675,44.428,84.868,275.313,88.783,94.693
"1913-08",46.66,51.187,36.829,138.018,44.726,10.747,35.663,136.383,29.662,117.207,NA,98.811,41.361,68.075,184.424,59.81,66.259,38.738,3.756,3.011,314.978,1.045,17.607,49.107,52.739,62.305,9.372,37.416,76.882,NA,NA,2.162,NA,203.449,0.107,163.154,228.29,8.777,27.941,83.686,99.696,64.64,64.775,33.373,90.89,120.861,149.276,72.841,121.658,81.532,158.283,39.438,67.563,204.142,85.898,94.83
"1913-09",73.638,55.326,218.766,119.777,44.122,50.99,54.99,168.628,63.174,120.368,NA,79.793,28.548,57.084,222.319,14.88,71.499,40.739,6.818,18.439,249.407,0.465,33.452,46.777,47.202,65.584,8.138,38.534,79.549,NA,NA,5.429,NA,200.623,0.075,145.211,202.516,8.564,34.003,75.304,103.419,70.4,48.376,25.146,77.662,103.916,165.643,57.362,78.297,80.986,142.465,30.915,62.42,210.91,81.929,91.505
"1913-10",79.312,46.961,172.374,107.812,37.631,148.94,124.798,224.138,109.878,126.498,NA,47.11,26.426,67.538,117.337,19.928,67.509,60.427,21.845,37.872,171.771,4.552,52.962,93.679,41.44,61.387,13.549,26.781,112.667,NA,NA,12.421,NA,138.198,0.278,118.268,229.177,6.323,11.644,71.118,78.894,48.341,53.768,16.334,79.185,96.948,160.104,64.989,77.409,111.235,227.941,29.098,46.773,211.852,75.833,93.493
"1913-11",74.773,35.649,143.625,120.686,30.869,124.17,85.502,105.415,84.035,131.764,NA,85.219,22.272,94.51,170.556,29.813,109.904,91.822,14.366,84.883,57.462,6.053,129.214,306.55,32.898,66.41,47.853,13.241,101.615,NA,NA,57.598,NA,88.137,4.171,55.182,166.698,23.032,10.86,35.533,89.751,47.326,43.621,7.56,84.641,131.363,152.373,65.367,93.375,106.31,275.06,30.117,47.984,103.577,70.79,95.52
"1913-12",80.602,22.077,205.722,185.704,33.371,110.528,64.214,38.797,61.257,94.076,NA,80.163,15.116,76.928,75.203,64.962,101.179,65.487,83.676,47.504,7.374,7.025,44.426,209.042,19.393,103.965,102.648,13.871,94.633,NA,NA,66.066,NA,112.162,11.713,37.405,200.212,185.363,12.609,35.638,70.929,39.218,31.288,10.837,91.373,142.44,127.641,68.904,92.275,92.019,255.332,60.509,54.631,81.077,70.996,94.498
"1914-01",82.908,17.189,96.062,165.238,27.469,197.389,54.086,27.073,53.342,62.061,NA,84.255,18.273,73.711,64.068,110.404,107.058,55.587,44.099,48.984,1.386,7.136,10.952,84.462,52.153,129.39,208.607,20.529,59.743,NA,NA,55.168,NA,89.121,5.465,13.442,247.898,330.713,110.724,21.752,105.112,62.033,39.039,13.801,116.01,148.61,106.795,69.124,61.636,98.799,236.212,100.114,16.206,22.104,75.222,96.696
"1914-02",57.121,18.005,219.197,145.811,21.621,206.488,55.305,14.642,54.382,127.878,NA,73.222,18.857,97.894,55.838,111.903,64.448,78.01,52.668,41.351,2.202,15.589,6.532,23.667,37.606,140.774,138.851,17.211,57.97,NA,NA,44.97,NA,111.338,8.266,3.784,187.489,310.476,154.709,30.533,52.606,76.35,53.85,18.039,118.633,156.471,81.983,102.489,50.327,87.57,172.408,123.485,2.921,9.918,81.746,94.007
"1914-03",66.575,21.127,68.911,121.757,22.116,93.23,8.786,10.152,38.986,114.886,NA,81.365,25.701,121.693,20.293,122.894,68.645,87.982,31.125,36.705,7.435,1.376,1.693,36.5,43.416,92.282,51.89,12.54,44.062,NA,NA,20.611,NA,93.421,0.039,21.879,225.025,328.461,194.429,67.067,57.672,80.118,73.169,12.922,116.476,169.628,70.921,98.515,33.91,67.111,137.483,136.628,14.916,80.114,90.899,96.583
"1914-04",45.2,27.146,150.367,131.744,20.506,114.332,24.826,30.809,81.369,62.526,NA,114.851,32.883,79.792,22.04,324.421,53.794,72.819,18.385,21.736,52.753,5.721,2.038,108.35,67.06,98.124,74.336,10.832,51.384,NA,NA,15.875,NA,69.216,0.109,6.075,197.645,319.496,51.654,33.949,93.942,86.692,74.797,9.392,129.253,146.805,71.06,86.992,101.805,69.835,70.966,96.827,2.942,50.252,94.91,92.484
"1914-05",33.583,22.616,49.143,104.022,16.496,66.651,10.276,44.137,25.18,77.353,NA,84.416,55.493,86.923,18.507,314.42,54.016,52.385,13.254,14.968,134.559,2.652,4.013,188.328,74.179,115.592,93.259,16.568,56.423,NA,NA,18.604,NA,113.104,0.102,5.436,271.999,164.771,46.621,72.766,90.982,74.729,54.4,11.389,110.232,155.828,82.714,94.333,218.566,66.437,76.665,86.686,3.247,33.327,91.65,96.611
"1914-06",43.562,47.373,36.486,97.287,23.096,17.262,22.954,181.142,39.482,107.118,NA,86.076,79.989,51.127,115.333,216.853,43.906,32.577,7.098,5.455,197.465,1.39,21.835,208.428,57.879,55.438,23.803,20.396,93.643,NA,NA,8.098,NA,170.971,0.176,75.545,244.008,53.456,52.33,78.386,122.835,74.537,61.912,15.874,107.765,126.042,143.895,82.312,247.857,54.924,103.901,52.081,44.85,74.765,84.567,97.26
"1914-07",57.713,57.022,237.907,134.047,19.024,16.86,83.09,210.06,47.136,111.11,NA,97.788,53.788,70.025,220.489,41.635,38.088,29.281,0.578,2.252,286.241,1.415,20.135,61.252,24.3,73.626,4.84,44,55.444,NA,NA,0.666,NA,169.805,0.104,66.215,228.597,13.478,27.075,90.98,93.526,67.944,47.438,27.708,99.331,111.385,169.252,78.743,183.456,65.857,120.172,38.037,57.522,118.585,87.563,96.819
"1914-08",63.743,62.121,92.926,128.725,42.736,14.329,75.112,185.097,83.649,126.808,NA,70.651,31.819,56.699,137.093,10.496,41.765,31.599,0.445,6.512,361.918,2.02,15.117,53.829,30.129,50.518,8.203,24.155,89.908,NA,NA,2.114,NA,168.26,0.092,187.362,216.906,10.618,9.701,70.589,103.419,60.234,62.022,26,88.572,132.133,167.322,70.886,68.862,86.229,80.403,35.946,86.629,236.943,89.259,94.513
"1914-09",69.313,43.95,210.918,118.099,46.378,23.142,85.049,167.009,106.942,121.722,NA,73.847,32.879,51.517,128.429,6.595,58.891,60.49,7.966,21.274,239.317,0.744,29.566,46.142,56.216,78.536,12.003,38.231,86.707,NA,NA,8.672,NA,141.856,0.171,140.192,181.435,2.844,7.465,47.834,79.839,58.825,56.21,27.509,80.075,129.274,183.026,70.69,70.953,108.039,114.414,27.517,90.176,246.123,81.678,94.389
"1914-10",78.876,43.668,147.089,109.809,44.859,82.107,142.748,236.317,85.988,140.197,NA,74.63,26.588,82.499,121.192,11.021,80.411,64.218,8.419,72.962,194.838,3.321,77.226,220.51,55.549,70.271,18.788,25.295,114.825,NA,NA,28.056,NA,168.184,0.801,64.172,135.704,3.17,8.485,41.153,61.737,57.122,46.062,28.451,79.889,118.315,168.545,72.053,76.459,108.565,209.367,38.212,59.842,108.327,75.09,92.794
"1914-11",67.611,45.743,186.048,131.979,32.394,145.711,75.942,71.553,85.721,127.304,NA,57.147,26.031,74.135,134.658,12.45,73.708,88.468,57.274,57.241,33.955,4.525,226.756,374.25,28.204,74.799,62.645,22.83,130.087,NA,NA,107.683,NA,121.51,2.2,63.305,156.377,8.941,15.819,29.877,90.216,55.353,49.887,17.388,79.343,152.412,136.742,59.307,106.114,99.298,200.633,43.206,74.584,168.728,74.655,93.09
"1914-12",68.592,28.11,106.296,106.016,29.614,152.346,43.431,28.701,49.471,139.627,NA,74.114,19.51,73.293,104.909,38.454,75.071,112.608,48.609,59.555,5.44,7.988,118.586,270.612,20.096,136.443,153.926,16.726,76.022,NA,NA,32.91,NA,119.773,8.308,22.639,160.249,132.88,18.778,31.215,50.027,50.845,36.561,9.022,95.531,180.401,113.042,59.293,85.653,98.866,218.396,71.755,70.037,50.795,69.873,94.629
"1915-01",83.503,26.681,114.06,142.868,35.265,105.033,46.713,25.781,42.58,73.107,NA,86.582,28.084,99.999,46.806,73.446,77.483,100.686,34.832,63.329,2.439,10.188,27.677,154.697,15.704,124.775,157.415,13.741,67.114,NA,NA,19.764,NA,123.087,6.888,20.472,226.909,224.493,50.518,34.056,99.338,52.208,31.343,15.243,103.092,216.979,96.495,69.665,59.712,96.191,216.24,102.674,35.611,29.58,73.941,97.924
"1915-02",74.86,28.723,111.691,133.253,19.062,110.024,46.988,15.186,45.977,98.282,NA,93.422,26.785,88.013,31.435,109.116,98.707,34.09,20.505,58.61,2.739,14.564,5.953,49.686,15.073,76.337,169.447,18.298,56.962,NA,NA,52.739,NA,101.89,0.821,2.319,188.03,400.685,123.024,26.226,44.964,64.992,58.558,13.613,122.686,169.307,77.005,79.727,45.117,88.945,197.021,144.165,7.787,3.245,88.338,95.223
"1915-03",51.361,25.303,120.894,157.039,17.528,61.024,40.328,14.647,38.981,109.281,NA,79.923,29.749,97.529,32.781,110.338,66.029,83.638,41.789,44.357,9.006,8.071,3.322,32.451,15.761,94.166,98.019,8.301,64.894,NA,NA,29.16,NA,88.842,0.575,1.431,181.311,326.806,107.195,57.988,93.577,80.602,84.425,7.308,120.461,181.556,75.268,105.665,61.949,81.398,86.851,139.113,3.556,2.199,88.54,92.597
"1915-04",42.706,18.993,47.339,124.926,7.82,100.753,8.986,11.301,23.315,82.198,NA,77.723,43.877,74.798,15.407,138.268,41.161,74.578,4.68,28.946,78.856,3.359,8.184,149.39,53.294,124.086,91.292,9.589,73.598,NA,NA,5.993,NA,86.267,2.163,1.498,164.294,129.224,69.873,51.156,90.233,87.779,74.833,8.637,122.737,168.873,63.874,101.369,131.642,81.792,138.641,74.6,1.302,7.403,92.709,93.061
"1915-05",38.046,28.449,13.812,82.819,14.981,45.739,8.099,45.674,21.369,54.441,NA,72.432,55.699,59.966,24.465,207.844,43.863,35.367,5.349,15.184,143.906,5.108,6.443,167.378,52.875,102.171,145.383,13.407,67.693,NA,NA,20.148,NA,132.902,2.263,8.482,245.526,61.789,93.731,87.603,110.502,90.805,62.27,10.209,119.64,175.045,73.161,88.158,198.868,51.472,106.293,81.433,7.78,39.615,91.055,96.182
"1915-06",49.531,43.266,58.624,88.771,21.269,33.54,24.761,222.565,45.934,87.813,NA,84.096,50.103,83.248,67.929,226.793,51.687,28.672,0.859,17.196,216.657,0.898,15.148,224.653,60.773,111.814,113.541,36.264,72.299,NA,NA,1.856,NA,160.776,0.129,31.839,218.962,32.145,24.527,94.132,80.533,75.369,48.36,29.751,103.36,148.992,149.653,74.002,201.38,58.318,71.943,67.055,38.788,29.425,92.755,98.82
"1915-07",38.762,38.861,5.215,113.695,23.775,23.097,46.545,176.96,34.56,117.416,NA,87.956,66.058,61.645,164.576,52.916,42.145,32.206,2.136,7.84,346.772,1.41,20.524,90.416,74.221,41.837,14.289,39.301,101.317,NA,NA,2.051,NA,139.131,0.066,143.551,218.881,10.102,70.232,85.41,108.9,64.972,58.55,30.076,90.71,137.083,146.157,79.755,163.797,75.434,188.266,42.503,96.481,189.138,88.067,95.072
"1915-08",58.106,56.931,67.044,173.058,44.168,16.855,54.792,131.541,49.196,106.803,NA,66.989,55.557,78.508,164.256,13.344,62.676,22.796,3.144,4.153,339.563,1.152,21.095,56.992,26.793,37.98,6.734,45.574,74.79,NA,NA,3.464,NA,185.59,0.008,145.079,222.565,19,44.336,73.497,113.118,66.145,55.622,30.644,89.785,136.286,157.54,80.267,80.762,73.723,199.767,34.29,57.458,247.517,81.341,96.427
"1915-09",80.336,56.014,123.129,182.5,47.407,47.836,128.047,258.434,89.933,124.841,NA,75.471,22.726,67.867,85.279,9.749,65.061,50.178,4.559,12.217,244.915,0.952,40.887,93.079,46.877,66.064,7.686,35.252,109.901,NA,NA,13.45,NA,165.708,0.246,65.994,129.329,8.859,10.005,59.767,84.819,66.453,41.494,24.593,79.542,107.634,214.25,67.689,61.872,111.999,137.191,27.061,14.916,63.08,79.779,94.757
"1915-10",72.977,53.683,219.149,115.107,49.343,73.549,82.805,198.583,86.884,127.883,NA,66.224,30.328,73.403,70.485,9.067,61.512,51.626,33.947,62.406,214.034,4.798,36.421,118.859,20.27,71.385,17.681,28.648,68.429,NA,NA,41.477,NA,132.144,0.339,152.238,167.941,11.111,20.685,40.879,73.124,61.006,61.095,26.321,73.506,133.887,143.663,61.479,69.621,99.429,271.237,34.331,67.166,292.925,76.061,91.812
"1915-11",58.222,28.525,186.954,156.106,33.908,123.843,102.89,149.862,83.032,131.713,NA,60.634,21.506,105.987,129.749,23.614,77.97,122.293,27.613,83.198,53.963,7.549,31.377,100.054,42.043,97.923,38.663,22.713,90.161,NA,NA,57.339,NA,122.67,5.501,128.702,188.903,14.782,27.04,27.247,84.37,55.575,49.328,20.372,75.901,132.327,143.276,60.325,109.716,104.009,241.599,40.231,121.319,316.67,75.884,93.533
"1915-12",101.629,34.334,117.413,185.643,19.356,178.164,55.921,41.089,59.68,95.969,NA,79.84,22.597,79.073,65.079,47.568,79.827,92.168,105.396,68.592,2.73,11.857,55.767,222.202,17.405,125.998,192.487,12.623,96.953,NA,NA,104.982,NA,108.36,5.365,12.745,221.973,150.026,21.319,34.084,81.836,35.877,28.17,15.91,85.723,157.665,114.36,71.573,89.992,110.364,212.28,52.536,46.759,70.184,71.714,94.813
"1916-01",85.601,26.026,178.254,150.396,26.595,226.298,71.702,24.868,60.876,63.811,NA,63.065,18.576,89.134,35.5,87.043,91.976,85.185,45.085,75.824,0.733,8.522,10.694,115.855,40.237,148.105,182.278,9.73,75.954,NA,NA,46.006,NA,93.231,4.982,3.712,213.227,293.236,49.151,24.395,66.831,46.034,42.945,17.066,107.31,162.421,99.117,72.106,64.497,96.968,284.539,98.638,20.088,7.251,76.734,97.892
"1916-02",76.284,13.152,125.644,148.031,25.678,249.534,33.439,13.111,41.461,83.456,NA,82.138,25.851,83.271,35.536,86.081,101.151,81.141,46.022,56.139,1.146,5.278,6.405,51.162,43.07,112.344,161.459,21.756,60.558,NA,NA,37.86,NA,67.245,1.017,2.846,209.084,273.365,97.745,34.664,108.342,70.215,54.956,15.548,113.643,158.28,84.636,75.146,54.209,95.647,195.038,125.123,6.642,4.597,79.233,94.302
"1916-03",72.063,16.038,94.273,136.888,12.004,137.759,32.854,11.42,31.865,106.273,NA,110.863,29.574,95.502,34.538,143.092,77.615,38.893,34.745,28.436,5.493,3.038,2.987,38.949,63.246,101.807,174.421,11.965,75.516,NA,NA,19.602,NA,53.766,0.26,8.414,203.972,379.386,77.516,27.761,70.31,88.41,80.065,10.527,127.011,165.462,77.508,82.1,54.578,69.977,91.774,118.05,1.758,15.147,90.272,93.775
"1916-04",46.405,21.678,46.444,128.465,20.349,86.243,16.088,13.578,21.303,113.161,NA,86.769,36.085,73.345,17.969,210.804,41.596,65.252,20.357,32.684,82.543,5.459,8.318,97.052,21.732,130.716,143.376,15.42,52.277,NA,NA,32.635,NA,71.097,0.942,1.118,153.514,185.821,46.303,29.437,52.193,79.534,63.5,22.193,126.181,162.078,74.231,87.028,151.18,82.652,134.53,102.975,0.741,1.579,93.55,92.8
"1916-05",43.163,24.325,115.027,95.558,15.044,42.32,8.798,59.735,17.542,85.059,NA,78.897,57.352,72.591,17.953,326.933,41.953,43.243,8.813,14.86,121.039,5.79,12.279,207.124,53.507,93.433,71.859,16.682,70.071,NA,NA,18.8,NA,85.252,2.157,14.247,206.687,77.279,67.836,68.486,106.821,84.937,67.82,12.032,109.902,165.45,80.165,77.278,186.106,65.267,215.21,87.12,18.551,46.595,97.828,96.938
"1916-06",59.377,45.202,10.877,106.655,22.522,11.405,8.164,146.132,47.227,103.925,NA,76.916,58.671,58.1,113.972,284.02,34.825,32.738,17.781,8.353,262.713,2.064,16.454,68.493,61.746,64.209,14.582,20.853,61.545,NA,NA,30.219,NA,215.967,0.091,154.197,247.666,15.503,70.563,81.567,93.103,75.051,64.274,10.189,103.238,179.118,110.911,74.658,183.736,65.415,159.399,51.165,73.765,284.857,93.18,99.102
"1916-07",49.918,45.526,45.013,141.698,32.845,42.424,54.173,223.807,34.842,144.842,NA,58.162,63.635,78.013,171.291,48.152,44.071,37.608,3,3.753,307.059,2.328,23.531,65.065,65.934,102.147,3.675,42.287,68.527,NA,NA,2.249,NA,184.343,0.019,149.03,180.682,13.399,54.727,88.101,91.765,71.858,52.107,28.698,100.179,161.096,183.039,85.18,110.926,61.351,124.425,36.404,52.84,169.556,79.882,96.557
"1916-08",71.221,60.194,84.764,129.152,29.332,10.288,26.141,123.92,37.998,128.578,NA,97.153,35.541,65.71,169.16,12.871,49.523,47.508,2.197,5.885,298.374,2.11,33.14,73.919,68.028,75.143,3.526,40.565,69.643,NA,NA,4.763,NA,132.232,0.05,160.778,164.254,5.68,21.453,83.184,109.005,63.431,49.15,22.847,90.28,145.057,174.018,75.855,70.759,84.447,83.039,34.688,50.562,210.677,82.971,93.923
"1916-09",66.234,65.393,120.664,197.095,32.887,54.327,113.345,252.353,116.342,144.42,NA,64.624,38.756,94.116,108.443,14.344,71.13,47.125,0.598,21.307,213.996,2.319,47.671,128.571,63.265,96.342,5.244,42.34,90.503,NA,NA,3.072,NA,149.287,1.105,121.24,117.038,2.993,18.229,54.511,75.324,62.379,56.01,37.947,76.71,139.423,179.654,71.875,53.529,99.835,79.101,29.732,50.549,229.612,81.113,94.229
"1916-10",65.634,50.082,192.636,125.697,31.599,29.673,74.851,182.254,84.983,156.029,NA,52.644,43.712,78.371,99.871,14.252,62.086,138.737,16.934,64.186,163.393,6.418,121.437,246.025,23.129,52.686,19.313,31.126,103.49,NA,NA,34.797,NA,74.63,8.966,105.972,67.456,3.36,7.597,42.516,61.937,59.651,44.454,18.05,84.668,158.249,156.994,69.081,69.603,99.566,105.771,40.735,154.005,150.446,77.335,89.934
"1916-11",80.958,34.92,257.1,139.274,42.597,92.728,136.804,103.326,36.652,143.005,NA,79.739,21.761,66.997,104.579,36.661,70.739,71.271,20.181,73.654,67.733,18.319,214.138,241.096,23.539,113.394,63.649,19.486,110.311,NA,NA,60.399,NA,102.053,17.573,142.364,114.149,10.133,13.246,34.681,63.402,46.98,39.424,14.525,85.429,145.173,134.544,65.048,117.521,95.993,128.111,42.797,186.165,238.343,72.072,90.05
"1916-12",70.405,27.036,148.147,174.077,27.75,230.634,90.867,28.488,52.655,130.7,NA,75.316,23.733,114.954,70.147,51.525,75.457,116.623,33.281,86.416,5.368,8.383,178.055,201.531,25.196,141.514,119.717,13.69,79.094,NA,NA,38.832,NA,111.863,14.531,66.542,162.74,113.139,15.273,33.636,38.26,49.29,41.773,14.357,83.497,254.027,91.272,71.885,67.898,103.167,136.523,52.07,82.48,180.863,72.714,95.501
"1917-01",61.146,29.773,137.211,181.062,17.891,175.717,82.197,20.813,52.276,98.686,NA,86.347,18.932,90.48,19.683,61.167,91.574,119.331,45.474,52.021,0.869,13.339,94.629,317.741,28.273,185.119,133.45,12.595,79.658,NA,NA,30.5,NA,99.981,17.259,26.431,155.359,191.584,82.382,33.62,69.903,58.904,47.166,10.97,103.672,269.273,67.671,72.69,44.774,121.525,130.019,52.408,38.112,65.742,76.149,94.595
"1917-02",73.032,22.604,170.239,128.948,20.768,213.199,84.947,19.858,62.07,77.304,NA,92.192,18.397,107.292,12.21,72.118,80.076,53.625,42.388,56.236,2.234,5.379,27.91,222.32,26.882,111.886,212.349,11.334,68.482,NA,NA,61.6,NA,99.796,10.442,7.078,160.039,256.892,78.327,43.308,80.612,69.722,61.476,12.27,98.947,247.889,61.425,95.375,39.795,122.953,158.86,79.95,8.63,14.197,81.222,94.365
"1917-03",78.373,19.524,135.928,184.52,19.031,192.484,25.666,18.129,42.111,117.455,NA,87.684,18.162,104.424,17.256,119.114,78.138,23.729,45.097,21.777,7.011,1.154,5.464,94.903,28.698,116.81,144.789,14.463,41.15,NA,NA,33.71,NA,106.645,0.723,5.274,168.101,229.848,149.233,25.395,75.917,89.888,86.695,10.006,102.39,246.987,53.466,94.163,38.7,105.265,172.516,129.576,1.726,5.434,94.444,96.861
"1917-04",54.302,30.552,175.978,116.456,15.366,121.69,24.731,22.831,32.277,131.287,NA,70.513,25.787,82.174,19.594,220.914,75.473,50.633,6.684,27.853,36.837,7.14,8.438,171.969,39.524,117.588,123.932,19.026,61.124,NA,NA,16.568,NA,116.813,9.367,5.325,115.415,166.409,132.544,62.422,64.924,76.627,85.964,12.004,106.993,247.103,47.604,91.475,88.377,84.596,143.43,114.5,1.532,6.465,99.79,96.935
"1917-05",64.63,30.407,34.048,95.684,15.321,47.107,6.046,36.772,36.146,149.228,NA,80.275,21.058,103.115,50.369,372.466,28.271,49.963,13.576,27.76,157.919,12.925,116.03,333.393,86.635,97.102,75.768,21.918,48.131,NA,NA,20.309,NA,117.022,13.004,11.609,161.562,65.077,75.293,65.536,112,86.106,85.658,9.736,84.948,230.677,42.797,83.855,228.532,57.18,220.86,103.116,9.426,29.586,101.137,99.027
"1917-06",42.675,47.136,8.715,95.881,27.769,13.074,8.365,205.026,104.427,159.724,NA,101.061,45.939,90.016,175.006,200.534,38.922,34.575,8.969,19.525,292.092,2.991,31.108,77.971,103.282,89.447,3.473,30.681,62.316,NA,NA,11.234,NA,184.819,0.158,41.372,213.1,24.853,54.539,117.135,96.055,84.274,56.871,21.432,90.995,203.847,74.602,81.84,165.36,56.962,205.929,71.269,40.949,87.963,92.696,98.777
"1917-07",50.126,55.676,58.009,106.139,25.817,27.998,60.963,272.316,95.93,165.047,NA,88.057,65.066,84.198,218.235,53.191,31.931,36.733,7.648,21.64,313.778,1.312,18.336,59.665,48.631,63.632,5.114,33.057,47.902,NA,NA,3.909,NA,221.719,0.079,176.259,245.531,22.598,60.688,79.645,141.776,72.483,47.683,24.467,93.366,156.975,135.178,68.999,95.642,76.518,113.915,47.14,102.005,258.633,89.063,96.976
"1917-08",39.695,42.675,25.968,106.264,40.827,28.426,54.521,238.643,69.979,152.083,NA,67.093,42.461,71.407,137.342,20.466,55.104,60.492,7.779,5.061,228.745,0.877,14.185,55.568,43.679,47.978,4.634,40.919,79.697,NA,NA,2.952,NA,149.905,0.062,189.736,234.766,37.476,77.568,77.506,108.068,56.995,48.948,35.809,83.779,102.496,182.597,78.667,44.804,89.612,160.099,39.415,125.833,251.998,86.052,95.562
"1917-09",65.291,50.488,139.665,143.349,36.816,23.102,99.993,219.963,104.76,137.843,NA,67.926,20.504,77.087,66.268,11.955,58.936,23.719,5.274,12.045,159.988,0.636,29.038,74.552,21.445,37.99,4.171,31.068,77.603,NA,NA,10.515,NA,197.887,0.217,104.706,218.589,7.823,9.047,82.052,80.458,65.868,54.925,22.584,76.879,90.804,188.58,64.115,48.596,104.126,158.412,35.747,49.239,146.948,82.864,94.075
"1917-10",72.928,50.957,107.821,159.488,62.214,66.335,45.476,223.353,165.491,119.277,NA,83.226,23.617,73.765,87.089,30.152,64.054,85.737,17.778,36.92,146.395,3.098,41.753,69.005,36.046,54.57,14.949,38.463,65.584,NA,NA,27.203,NA,126.691,0.109,172.176,193.012,17.466,9.715,54.806,87.316,55.54,50.384,22.212,74.155,67.696,168.443,69.112,65.683,117.634,325.911,35.248,129.933,249.865,77.186,94.583
"1917-11",73.555,48.57,161.545,150.961,45.051,80.137,80.51,131.065,92.516,125.307,NA,81.45,25.027,66.934,101.288,27.865,93.522,126.477,22.752,76.524,24.086,7.039,17.138,132.167,24.127,79.446,51.655,20.391,96.043,NA,NA,27.801,NA,105.114,3.778,149.455,223.129,41.425,42.821,41.919,82.884,49.088,30.073,16.909,87.318,95.785,164.924,58.115,106.533,88.898,227.691,45.049,114.591,232.705,76.39,94.608
"1917-12",80.955,44.784,131.305,131.221,33.837,113.294,37.046,49.42,75.469,95.825,NA,82.163,23.205,88.583,116.852,52.717,72.995,82.246,37.296,68.465,7.991,11.923,15.659,112.642,17.016,78.111,137.045,16.786,105.553,NA,NA,38.566,NA,114.684,19.478,47.05,268.549,196.789,58.304,39.096,69.712,40.22,36.126,12.36,101.7,110.101,121.766,65.871,107.011,91.905,244.565,51.986,53.688,122.811,71.533,94.813
"1918-01",86.231,30.829,36.432,122.97,33.824,134.518,28.459,33.102,48.722,43.341,NA,81.716,23.788,80.835,85.203,105.269,96.46,43.607,54.147,66.497,5.614,10.47,7.533,138.99,14.595,127.222,129.294,14.557,102.606,NA,NA,61.693,NA,86.076,2.758,29.113,291.73,280.296,127.239,37.857,74.41,49.601,42.098,18.731,111.002,120.609,99.701,62.677,80.299,95.259,253.645,50.755,23.784,112.695,73.901,93.069
"1918-02",77.48,20.483,205.018,173.626,21.972,118.309,110.065,24.14,69.579,131.729,NA,89.867,27.698,92.079,50.189,150.244,121.13,46.429,34.252,54.415,4.399,22.203,6.711,85.863,37.779,131.239,243,13.652,69.271,NA,NA,46.4,NA,63.226,10.26,28.424,154.151,305.395,109.658,21.357,58.561,78.066,60.548,14.391,133.777,95.146,97.241,76.065,72.412,95.672,167.248,80.068,4.618,18.164,86.755,91.348
"1918-03",65.343,22.025,59.933,116.841,18.202,93.047,10.245,17.039,36.543,114.064,NA,87.837,33.694,98.623,28.45,200.316,85.871,67.64,8.345,35.167,8.253,2.969,2.753,22.3,35.835,163.164,138.887,15.272,69.461,NA,NA,27.624,NA,105.828,0.14,3.864,188.128,213.371,181.8,44.077,77.031,74.391,78.122,16.216,114.801,136.202,77.679,89.845,48.246,84.485,155.422,153.551,1.555,6.997,90.22,95.549
"1918-04",56.749,29.65,96.6,114.843,20.906,58.419,6.969,30.882,26.838,85.259,NA,78.179,25.991,82.809,29.637,324.567,58.739,18.457,16.907,19.774,57.767,2.639,4.67,67.219,36.635,83.748,90.322,20.167,84.673,NA,NA,27.912,NA,79.541,0.021,12.383,227.159,328.583,211.712,50.867,83.868,86.242,70.311,13.228,122.428,134.272,72.724,80.493,116.745,62.754,92.905,125.799,2.538,127.044,102.561,96.152
"1918-05",41.303,25.253,23.34,69.519,21.957,40.259,5.606,41.311,21.631,68.366,NA,114.978,46.518,66.443,36.916,244.45,35.603,64.277,5.999,27.919,160.922,3.607,7.129,124.823,94.835,152.876,199.833,13.872,48.183,NA,NA,12.914,NA,133.802,1.02,49.879,233.429,158.222,66.126,99.463,94.289,79.461,43.932,7.993,115.021,118.374,86.371,94.636,217.427,60.37,84.101,80.327,11.757,110.193,89.89,95.372
"1918-06",62.734,41.423,45.669,115.927,30.597,31.631,22.942,197.425,68.049,96.347,NA,89.955,58.274,52.731,113.151,231.859,27.689,24.77,3.561,12.77,247.836,2.578,33.927,61.578,89.927,172.807,81.574,21.256,44.309,NA,NA,5.92,NA,198.876,0.093,110.62,244.967,129.895,28.087,74.853,108.323,78.825,63.953,17.003,107.619,90.487,134.579,81.132,224.432,62.494,109.38,61.827,38.201,95.802,90.399,95.976
"1918-07",35.519,42.323,65.649,108.806,28.683,11.598,48.93,230.58,38.658,126.594,NA,94.721,79.33,51.151,181.379,75.576,41.503,20.259,3.721,2.087,364.68,2.249,20.191,81.629,112.27,96.632,22.749,35.847,68.851,NA,NA,3.599,NA,110.076,0.135,170.613,187.703,36.273,89.864,56.147,100.996,72.898,56.336,27.804,105.06,95.167,165.992,74.511,177.454,63.762,179.998,47.765,108.433,147.94,84.762,95.718
"1918-08",57.451,47.454,85.283,131.211,41.716,20.457,64.817,170.762,58.982,129.846,NA,78.018,56.438,51.859,151.977,18.732,50.896,35.249,2.051,5.209,356.467,1.324,18.017,55.54,21.18,34.728,17.089,39.62,93.552,NA,NA,2.46,NA,222.632,0.035,161.248,209.995,9.531,44.601,79.424,111.555,72.604,58.884,28.818,92.985,93.74,162.666,60.627,94.233,70.722,199.381,39.375,86.32,250.241,86.693,94.989
"1918-09",82.229,60.147,230.573,163.713,51.863,41.638,159.815,199.728,58.117,124.803,NA,86.617,41.616,57.711,129.374,11.953,53.551,33.204,14.988,15.667,218.017,0.646,22.636,56.83,51.973,42.056,20.355,38.958,97.839,NA,NA,13.527,NA,213.798,1.884,154.394,187.053,17.167,37.787,41.166,85.511,64.182,58.495,31.656,82.657,87.607,166.392,70.261,87.857,87.335,203.838,27.554,80.865,224.207,89.043,93.622
"1918-10",71.572,46.757,125.314,142.771,50.996,96.555,96.697,187.022,89.178,134.785,NA,47.14,23.908,72.549,148.151,9.493,74.28,93.24,6.268,29.989,144.613,4.556,23.082,113.645,25.935,61.116,25.213,29.567,85.44,NA,NA,8.461,NA,127.954,1.463,184.016,188.091,10.595,8.799,29.509,60.288,51.611,57.911,13.899,83.449,92.695,163.525,57.745,102.396,96.934,238.472,26.785,104.191,288.565,78.013,90.89
"1918-11",53.619,46.971,76.31,142.925,29.256,181.087,45.235,86.539,70.257,122.865,NA,61.607,17.322,77.642,118.826,17.887,70.044,103.888,66.885,45.362,25.122,11.497,50.077,138.995,29.207,76.105,67.774,23.454,122.585,NA,NA,66.15,NA,93.23,4.572,115.176,234.137,18.199,22.112,38.057,87.642,38.668,55.947,16.467,79.617,110.052,137.351,70.6,94.643,92.856,290.898,35.64,62.391,315.416,73.676,93.694
"1918-12",80.681,32.912,128.378,141.867,28.309,112.518,69.133,41.609,52.822,113.537,NA,77.36,27.416,69.27,92.415,60.745,52.944,135.719,37.256,85.073,4.759,8.034,9.915,114.566,14.137,112.253,180.126,8.445,111.077,NA,NA,52.741,NA,118.839,3.969,43.955,237.035,58.678,46.807,29.22,68.609,48.146,42.755,7.986,95.301,172.319,117.689,67.028,75.802,97.626,273.985,71.614,97.957,62.801,66.862,95.181
"1919-01",60.224,19.635,167.103,150.353,23.19,115.585,73.458,31.802,59.825,52.729,NA,83.683,15.943,64.341,56.781,174.599,51.264,138.357,76.418,70.494,1.846,4.971,7.13,83.176,22.601,129.146,166.269,14.856,80.233,NA,NA,65.483,NA,107.15,7.026,6.837,265.115,342.056,130.663,26.089,81.559,55.88,44.048,12.679,99.785,146.15,104.621,61.305,66.741,108.627,225.177,92.824,16.828,11.94,75.534,95.616
"1919-02",62.411,14.943,165.85,118.488,19.444,188.089,63.442,8.133,36.878,82.492,NA,94.818,30.845,94.252,39.975,125.123,85.86,65.269,46.961,51.964,0.903,1.649,4.867,36.591,31.61,141.643,196.968,14.049,73.546,NA,NA,62.042,NA,90.96,0.737,4.817,191.093,375.262,112.129,19.058,72.46,69.765,56.341,11.242,134.542,116.799,87.633,76.923,40.482,75.263,152.97,108.751,5.661,14.67,80.071,91.441
"1919-03",59.852,28.334,73.781,131.284,31.03,106.358,17.301,15.996,35.755,106.944,NA,88.847,26.909,89.717,29.814,221.628,82.117,61.456,37.537,44.38,15.469,2.726,2.923,58.788,45.804,141.162,109.827,18.803,64.338,NA,NA,35.873,NA,69.375,0.281,15.419,255.407,256.11,111.522,45.523,110.574,87.217,70.351,13.932,117.499,158.988,78.224,98.875,61.905,91.938,168.741,91.737,11.114,45.071,88.653,96.239
"1919-04",52.095,24.263,20.884,98.245,22.018,80.003,11.171,10.902,28.764,29.203,NA,91.59,38.207,74.095,23.295,319.504,53.403,54.881,43.315,45.272,100.043,5.51,8.513,63.935,30.812,124.83,180.251,19.218,66.826,NA,NA,14.719,NA,101.183,3.841,5.091,184.595,291.056,57.069,65.171,90.727,82.013,60.75,15.125,122.333,140.425,67.926,99.857,165.211,62.705,75.473,125.505,5.481,5.963,91.15,93.771
"1919-05",59.993,28.467,76.285,98.907,16.87,51.516,20.833,39.412,23.172,35.935,NA,83.558,53.403,82.924,29.279,252.007,47.152,27.728,6.092,18.961,124.329,4.261,8.902,92.675,26.37,101.147,135.722,23.494,76.004,NA,NA,15.387,NA,97.484,0.763,60.202,238.232,104.493,31.408,84.204,87.792,79.716,68.906,16.752,118.274,133.469,78.977,86.597,222.514,53.503,183.647,78.955,45.034,175.836,89.529,95.064
"1919-06",42.561,31.632,149.595,174.701,24.495,17.438,63.32,281.202,82.015,91.172,NA,100.594,62.019,77.086,157.906,260.909,42.984,30.928,5.489,9.034,205.797,1.505,10.218,44.44,150.425,109.474,26.75,16.537,91.073,NA,NA,7.967,NA,162.478,0.351,97.449,209.049,47.724,57.448,121.86,107.959,80.327,48.003,18.294,101.767,114.844,140.113,73.823,224.209,63.936,89.822,62.164,95.577,121.963,85.538,97.543
"1919-07",61.681,55.812,89.826,129.095,28.752,9.283,50.346,177.944,59.869,106.584,NA,78.038,54.635,59.83,201.368,56.225,54.732,11.939,1.413,1.165,361.418,0.743,11.175,33.229,91.228,112.203,6.359,27.743,100.387,NA,NA,2.289,NA,190.595,0.061,164.563,232.295,10.201,29.061,106.501,103.006,70.458,53.722,24.724,98.017,156.332,158.746,76.253,124.436,60.513,104.002,46.014,65.311,151.407,82.084,97.955
"1919-08",61.527,52.745,59.805,128.884,33.913,10.136,85.857,211.683,57.478,140.973,NA,80.976,48.726,49.013,173.09,12.473,38.781,49.642,3.004,5.48,274.469,0.921,17.03,61.03,25.482,35.775,3.748,37.756,64.21,NA,NA,2.477,NA,184.75,0.03,186.931,163.148,15.933,38.632,45.078,90.112,66.681,50.757,30.99,83.23,123.314,200.304,70.115,80.92,85.403,85.404,33.429,81.53,193.94,80.22,92.643
"1919-09",48.942,57.132,173.113,147.892,41.321,27.439,102.117,246.517,108.045,156.782,NA,84.466,72.908,62.783,140.716,8.539,70.375,35.474,0.839,21.106,240.65,0.911,64.855,148.03,22.18,51.339,7.18,33.017,68.371,NA,NA,4.957,NA,147.767,0.226,73.53,186.983,5.202,14.335,52.116,86.317,69.327,43.587,31.64,80.06,130.159,178.068,69.231,67.127,88.806,183.129,33.299,25.335,78.708,76,92.877
"1919-10",53.252,40.45,109.472,137.973,26.625,143.335,97.834,197.206,131.443,134.336,NA,76.695,37.662,87.681,111.355,20.086,86.92,139.363,11.773,54.655,184.444,18.705,148.557,180.031,57.512,111.38,21.037,29.494,83.293,NA,NA,32.88,NA,162.153,44.572,48.614,162.103,5.457,20.729,45.836,70.459,63.183,49.461,21.447,74.828,104.306,146.074,72.793,66.996,106.476,215.571,31.258,83.22,149.039,80.393,91.377
"1919-11",74.286,36.857,105.936,96.977,35.644,106.627,63.048,62.996,50.773,131.598,NA,56.98,22.693,96.118,101.677,12.775,96.05,99.589,71.092,65.831,28.809,5.682,129.401,275.483,31.271,82.615,122.55,29.46,83.765,NA,NA,94.134,NA,110.739,12.352,82.128,141.236,16.692,15.017,29.072,95.734,49.305,45.326,17.444,81.262,157.523,139.947,72.05,95.003,100.714,252.218,34.555,99.861,166.491,73.025,95.062
"1919-12",83.72,31.316,187.264,172.767,30.371,143.889,42.655,31.395,62.696,111.12,NA,83.375,30.316,76.202,61.711,87.096,83.414,125.8,87.678,79.486,5.303,16.436,85.18,314.897,26.561,112.051,211.006,18.372,79.266,NA,NA,105.34,NA,110.588,8.529,16.536,181.685,141.316,24.692,29.804,68.277,38.753,35.444,14.68,101.296,210.912,108.416,64.906,99.027,107.717,194.31,65.702,46.263,38.023,68.278,96.555
"1920-01",75.453,20.975,159.581,163.537,23.833,148.742,88.949,20.703,45.11,47.954,NA,83.73,27.409,77.36,37.003,122.746,100.108,123.334,77.155,56.294,0.419,8.488,12.723,145.738,22.742,101.842,282.26,10.33,80.923,NA,NA,51.611,NA,100.497,3.751,9.813,212.239,269.837,107.173,41.684,62.095,47.823,53.662,6.527,91.711,197.328,87.214,61.276,62.657,105.203,247.281,115.887,11.507,11.715,72.753,94.004
"1920-02",72.525,22.905,181.751,176.678,16.632,134.545,40.971,9.782,31.298,62.806,NA,79.572,14.698,111.965,24.693,125.592,63.173,99.071,35.421,72.685,0.382,2.672,3.169,22.853,46.431,138.743,161.272,16.132,64.609,NA,NA,16.207,NA,89.071,1.151,6.926,215.086,359.282,178.489,15.948,103.587,78.646,58.074,12.386,111.487,203.871,73.85,79.935,39.66,96.032,145.124,148.803,7.27,4.767,79.918,95.874
"1920-03",42.351,19.322,117.823,121.235,12.598,103.455,23.479,9.659,17.865,54.558,NA,92.689,26.591,92.641,13.883,118.159,87.605,91.739,24.685,36.187,5.781,1.587,4.049,55.875,22.837,131.384,134.384,12.984,60.545,NA,NA,27.589,NA,70.384,0.699,7.948,246.873,274.436,147.938,26.867,52.777,93.933,59.659,11.927,137.456,213.132,59.758,87.537,34.659,88.824,122.302,80.068,2.329,29.939,85.97,93.199
"1920-04",57.514,22.977,95.861,102.289,15.766,71.184,25.815,13.075,23.746,44.139,NA,95.921,42.555,89.359,12.708,241.956,44.505,52.821,8.039,35.657,77.306,7.118,24.945,139.295,39.452,95.206,147.196,10.266,44.059,NA,NA,6.384,NA,91.319,10.364,3.324,142.055,270.156,72.124,32.59,57.49,94.646,67.98,9.951,124.554,163.889,66.161,91.965,150.127,85.354,117.47,103.723,3.942,5.781,94.196,94.417
"1920-05",35.502,35.565,8.507,87.009,20.283,77.692,3.314,63.01,20.907,47.034,NA,97.375,70.762,77.024,28.823,369.826,38.872,33.05,10.623,28.668,156.299,3.53,26.37,198.027,79.26,76.42,154.186,13.122,42.869,NA,NA,11.208,NA,108.755,1.446,4.987,234.251,55.286,47.327,89.568,72.5,73.831,64.632,9.686,111.693,180.339,74.793,78.866,184.118,55.514,194.881,91.357,2.366,68.488,92.073,97.343
"1920-06",50.252,29.971,111.37,102.474,24.202,37.118,29.245,214.1,60.74,95.299,NA,70.093,75.883,101.265,140.863,204.547,27.451,56.96,8.544,12,302.079,2.477,34.431,164.593,47.564,78.766,40.457,22.192,41.128,NA,NA,16.5,NA,138.366,0.197,122.607,223.993,13.686,37.677,103.021,112.187,72.859,66.81,15.616,102.788,175.668,130.52,86.09,177.388,62.618,130.508,59.769,61.677,124.69,94.359,98.662
"1920-07",55.234,48.265,143.363,105.681,17.606,17.618,68.182,220.416,55.348,102.835,NA,77.957,70.57,65.552,235.887,43.452,46.945,25.366,5.478,4.975,305.251,2.826,18.852,69.212,88.499,65.584,4.175,33.849,87.692,NA,NA,3.908,NA,143.967,0.023,179.211,202.208,10.329,30.666,90.95,98.052,70.307,47.853,28.667,93.184,162.775,157.501,72.124,94.503,59.577,185.223,41.158,81.139,240.528,85.698,97.495
"1920-08",64.61,49.929,59.127,97.772,37.9,27.294,71.333,259.117,56.66,125.429,NA,81.597,52.658,79.19,166.991,15.155,41.881,34.825,2.479,3.644,232.982,1.596,15.513,47.724,49.996,71.538,5.881,36.707,57.26,NA,NA,9.592,NA,186.733,0.026,157.745,187.016,7.251,31.638,68.946,84.63,59.816,59.513,30.162,91.111,120.897,180.69,87.217,67.011,84.847,146.394,35.776,90.279,242.378,82.858,93.815
"1920-09",52.952,56.673,187.471,191.002,33.04,35.399,79.723,188.081,101.749,120.478,NA,65.318,47.055,86.954,119.071,8.07,70.374,55.999,0.738,10.026,166.484,1.017,59.989,141.35,79.914,50.588,4.833,38.223,76.926,NA,NA,3.538,NA,188.404,0.281,91.859,198.161,5.958,12.909,50.045,77.779,59.273,58.397,30.104,82.207,128.068,163.206,67.5,60.66,94.852,186.716,29.374,35.403,179.397,90.003,95.761
"1920-10",63.512,48.378,214.762,135.082,45.916,57.874,131.845,164.285,83.576,137.351,NA,63.196,32.772,73.648,111.844,14.886,75.675,105.783,46.908,33.637,123.187,4.902,39.044,159.781,45.794,69.397,14.548,33.128,96.543,NA,NA,42.003,NA,133.54,1.916,118.047,181.629,8.218,12.613,34.814,62.981,53.562,57.642,26.303,74.819,124.654,157.761,67.418,85.873,100.055,236.451,31.539,48.615,272.357,83.2,93.894
"1920-11",67.376,32.324,103.126,138.21,35.89,110.491,68.097,76.334,60.088,145.815,NA,65.81,15.732,67.387,117.403,16.283,81.828,152.258,34.002,67.089,49.354,8.917,104.118,280.795,17.953,78.561,25.498,25.15,98.887,NA,NA,68.016,NA,140.925,5.43,64.06,167.3,15.485,8.287,47.79,72.591,54.923,45.735,14.998,80.796,142.831,136.142,61.472,105.75,100.102,264.071,41.758,89.425,181.135,72.445,93.087
"1920-12",81.272,23.983,102.974,136.653,43.748,110.225,43.733,46.351,87.222,104.687,NA,73.051,23.496,73.066,78.363,28.659,106.887,75.57,32.212,80.294,1.286,11.911,19.167,156.948,19.169,125.651,192.56,20.647,73.1,NA,NA,38.203,NA,91.61,5.221,63.791,216.624,60.442,40.946,24.218,107.404,41.11,30.124,13.342,82.864,170.268,104.914,74.418,82.368,109.265,299.671,67.726,101.063,124.488,70.555,97.167
"1921-01",91.36,20.053,179.653,107.685,38.102,153.617,86.666,23.175,42.335,76.382,NA,86.84,11.225,114.829,17.475,61.145,106.324,59.991,53.08,54.754,0.549,10.197,15.404,82.63,27.565,98.228,212.096,14.742,61.865,NA,NA,60.796,NA,79.076,7.887,7.02,269.609,366.853,98.805,29.833,72.926,49.736,47.602,10.479,99.59,188.167,104.914,73.815,59.235,98.15,229.436,63.566,10.954,55.198,78.167,97.112
"1921-02",73.069,19.071,30.645,121.124,31.058,72.154,27.135,14.809,42.749,55.694,NA,95.95,25.214,97.407,29.086,89.265,81.116,110.333,9.84,58.179,0.929,9.167,4.794,40.94,23.994,170.442,175.363,14.211,63.876,NA,NA,14.222,NA,74.004,4.261,3.313,204.59,289.979,120.23,19.261,57.427,62.864,70.706,9.859,126.423,145.049,91.184,82.412,44.858,99.547,176.123,102.849,9.244,5.034,81.307,94.004
"1921-03",47.769,34.507,134.087,98.155,17.404,105.414,25.614,15.974,23.103,118.998,NA,69.207,22.092,120.96,20.686,121.495,79.999,87.361,12.457,35.971,10.864,5.887,2.869,51.885,45.249,126.596,109.236,12.266,88.398,NA,NA,12.302,NA,83.129,0.117,4.593,235.109,308.766,128.982,46.426,83.177,83.493,63.241,8.359,114.009,195.002,68.493,104.689,47.473,72.048,129.87,121.808,5.29,10.128,92.74,94.583
"1921-04",62.236,19.295,11.284,70.146,25.778,91.21,2.475,12.195,28.637,57.629,NA,90.151,36.821,94.288,17.728,162.982,70.452,36.476,11.671,23.37,82.71,7.018,4.123,78.736,54.232,141.952,154.084,18.144,78.61,NA,NA,15.96,NA,51.35,0.124,18.668,210.363,322.542,44.31,42.219,71.509,89.397,80.711,10.735,123.86,175.816,65.411,89.858,159.148,59.477,92.46,89.152,16.346,100.943,97.112,93.835
"1921-05",50.003,24.579,24.373,80.964,18.486,26.431,5.117,35.419,22.564,46.723,NA,118.102,36.573,95.753,18.818,168.112,44.557,34.642,3.873,25.312,167.152,3.076,15.861,117.553,88.634,106.243,208.915,16.268,65.261,NA,NA,11.975,NA,139.767,1.004,47.777,226.634,84.559,34.193,73.222,108.545,86.557,63.456,13.621,116.778,125.499,77.897,91.117,192.781,60.575,177.035,81.479,47.963,114.145,95.385,95.434
"1921-06",38.777,35.9,5.889,115.139,31.63,14.4,40.404,185.288,29.384,71.138,NA,98.999,42.684,57.153,73.224,276.597,35.737,37.735,4.323,15.703,199.33,2.835,16.924,79.687,58.728,105.238,63.944,24.513,41.791,NA,NA,5.126,NA,136.394,0.051,248.532,209.516,41.536,79.444,111.532,131.691,76.239,54.336,11.764,105.526,116.691,128.588,77.03,224.391,65.795,63.236,62.855,88.132,312.235,93.83,95.822
"1921-07",56.71,54.86,13.228,143.146,30.972,5.623,45.269,227.851,40.857,102.844,NA,62.394,54.517,70.409,158.669,70.179,51.825,20.684,1.549,3.418,415.27,2.415,21.321,61.686,60.679,102.096,10.829,48.551,32.447,NA,NA,3.192,NA,206.389,0.01,148.579,205.229,14.315,49.086,124.851,105.135,70.634,60.352,28.769,100.374,119.706,162.971,77.79,148.338,63.854,124.38,53.975,86.175,154.568,86.99,97.179
"1921-08",70.606,67.275,119.291,134.413,38.435,15.56,65.845,194.937,55.343,119.659,NA,84.217,33.001,59.891,156.78,12.991,55.53,19.008,1.228,3.022,276.311,2.833,27.685,62.809,48.267,60.767,5.234,51.5,70.674,NA,NA,4.798,NA,170.36,1.77,195.716,196.266,6.528,18.439,92.669,118.094,64.257,43.863,28.572,83.335,103.733,186.442,77.338,76.046,69.596,108.636,33.318,108.137,251.974,87.488,94.206
"1921-09",73,51.41,56.688,86.18,35.427,7.733,50.917,199.902,69.322,130.276,NA,82.456,32.919,87.377,166.688,24.457,71.395,13.932,5.668,22.688,189.195,1.445,22.242,70.896,47.817,58.514,4.891,45.63,95.849,NA,NA,8.537,NA,184.135,0.264,118.223,166.039,3.295,8.197,92.924,99.184,60.761,49.471,35.501,80.359,132.646,175.801,70.639,60.501,84.862,138.394,33.045,53.465,144.371,84.756,93.936
"1921-10",52.333,43.285,105.126,174.623,38.213,70.59,111.129,223.11,134.035,145.1,NA,70.767,27.303,63.721,98.958,13.677,92.557,81.882,7.711,51.592,167.839,5.396,165.757,232.979,29.609,68.49,18.312,36.521,96.055,NA,NA,36.6,NA,98.046,3.035,91.346,119.469,5.572,9.424,31.108,62.056,62.363,45.922,18.453,83.756,112.137,164.618,68.177,68.27,107.725,322.469,34.719,94.186,127.137,80.056,93.487
"1921-11",64.123,32.816,45.114,159.495,55.962,130.994,36.149,69.043,87.153,131.184,NA,86.284,31.361,58.248,136.086,28.222,89.956,92.419,88.924,44.376,24.118,13.924,91.066,205.495,19.259,70.655,83.724,23.669,142.48,NA,NA,109.527,NA,130.727,13.098,64.825,195.685,24.449,26.811,45.509,53.633,53.351,48.856,18.314,81.217,132.327,127.395,68.283,104.421,112.299,261.446,48.968,100.721,167.108,73.61,93.475
"1921-12",74.015,28.66,294.18,195.911,34.741,123.077,104.862,47.816,66.22,111.251,NA,76.591,14.928,65.786,54.785,59.89,67.746,90.423,28.57,66.266,3.913,18.056,41.049,129.71,18.258,111.595,203.879,18.583,88.047,NA,NA,45.162,NA,117.709,11.225,31.629,212.317,56.658,13.273,39.826,63.836,48.642,24.152,17.193,83.475,153.865,115.831,69.64,69.693,106.69,313.105,109.123,84.737,91.896,73.276,96.816
"1922-01",60.884,23.895,109.241,142.792,32.35,148.342,42.928,20.034,41.529,79.691,NA,89.151,18.767,96.271,21.987,92.258,77.57,117.8,12.652,58.219,1.203,11.69,10.827,75.28,14.965,71.933,151.753,13.069,86.445,NA,NA,37.132,NA,129.899,8.446,17.633,277.91,289.361,76.045,38.681,76.823,51.23,43.997,11.284,95.313,194.606,93.824,71.965,55.922,109.688,207.186,98.384,27.7,54.418,75.635,97.131
"1922-02",70.61,10.688,237.004,131.285,30.89,43.717,60.304,16.38,31.802,45.727,NA,98.496,23.119,115.862,20.281,109.548,68.275,49.994,59.857,49.172,2.28,4.552,5.179,28.355,24.566,110.039,196.826,8.659,87.473,NA,NA,54.44,NA,114.874,3.558,2.59,242.158,289.031,101.126,30.993,103.783,80.867,59.964,9.167,119.38,186.221,76.015,94.268,48.72,84.491,152.374,112.163,3.958,7.57,79.281,92.806
"1922-03",64.642,19.593,47.057,77.481,25.767,95.469,25.461,10.541,17.157,66.563,NA,101.484,34.037,74.648,19.885,103.409,89.887,66.113,17.808,31.417,5.856,0.782,1.958,41.115,37.812,124.804,122.364,12.828,65.922,NA,NA,34.471,NA,86.415,0.019,3.31,225.345,381.589,144.106,28.419,66.845,73.819,74.347,14.372,112.02,204.009,66.022,110.902,31.098,69.078,124.424,107.51,2.348,29.874,86.85,94.487
"1922-04",51.97,28.469,116.237,73.534,24.606,38.047,10.549,21.253,33.406,55.187,NA,87.538,48.482,66.619,17.507,188.188,91.443,61.641,7.153,19.82,53.342,1.568,5.766,115.926,30.064,111.958,117.713,22.216,65.706,NA,NA,15.936,NA,85.028,0.331,22.575,193.758,333.528,129.604,39.424,53.663,81.45,72.604,13.46,130.307,175.15,67.627,100.162,105.636,68.078,104.703,97.11,19.902,56.274,95.529,95.474
"1922-05",35.07,17.97,111.081,101.536,12.948,16.825,22.728,50.673,20.001,55.599,NA,75.358,57.396,88.546,23.82,181.804,54.91,57.775,27.667,7.951,216.655,2.124,9.233,134.006,46.017,105.472,180.539,18.351,59.773,NA,NA,26.006,NA,195.276,0.469,9.881,224.791,81.46,73.68,86.022,89.913,77.811,71.454,10.722,122.773,121.881,81.545,99.631,224.273,59.944,127.128,89.403,4.405,38.311,89.504,96.027
"1922-06",59.929,36.237,53.552,131.008,28.836,30.804,24.95,191.362,24.096,67.287,NA,90.723,51.122,77.981,96.839,230.636,32.621,29.858,5.113,14.312,170.677,1.442,23.259,57.21,76.506,108.139,91.085,23.25,49.959,NA,NA,7.769,NA,165.733,0.157,150.593,248.546,31.794,44.965,103.226,112.252,75.099,54.664,21.895,107.938,108.683,138.679,70.811,200.78,62.022,125.711,59.719,99.684,230.194,93.433,96.923
"1922-07",42.104,55.278,80.538,109.508,37.871,14.268,76.392,204.178,30.683,114.276,NA,88.814,49.433,39.015,145.711,60.851,45.118,27.873,8.831,3.048,359.51,2.289,17.389,47.052,79.674,93.027,18.799,33.291,55.964,NA,NA,4.058,NA,202.95,0.025,149.074,241.054,14.872,21.741,120.261,98.194,66.506,45.572,26.479,88.797,114.916,164.367,65.529,190.906,55.088,127.703,39.398,55.632,186.023,93.251,95.946
"1922-08",47.904,48.312,37.562,105.746,40.695,34.752,57.49,148.686,31.917,117.218,NA,83.312,48.197,64.373,146.767,12.468,68.106,22.717,0.1,3.139,381.098,3.988,12.659,35.672,118.792,104.48,9.984,37.558,58.8,NA,NA,2.948,NA,177.647,1.615,171.309,212.496,8.405,22.59,78.33,107.56,62.618,44.483,31.799,84.646,97.378,173.816,74.726,110.757,79.429,93.695,44.932,62.756,188.789,82.817,93.584
"1922-09",77.699,49.372,165.222,157.968,42.436,46.711,112.405,219.738,96.602,107.462,NA,66.015,37.221,73.088,156.622,9.869,63.636,46.655,17.882,31.193,271.627,2.032,72.077,122.455,58.305,58.463,13.696,41.536,83.338,NA,NA,14.884,NA,139.977,0.268,89.117,188.237,4.981,18.775,43.815,67.558,67.338,61.071,24.607,88.532,99.05,184.157,71.515,97.777,96.973,213.136,28.698,37.648,158.784,81.681,94.753
"1922-10",81.455,49.256,71.708,120.831,43.043,115.373,80.206,140.772,110.609,133.249,NA,61.36,19.559,61.775,129.942,8.479,90.45,59.433,37.566,53.825,164.993,3.972,119.785,189.678,15.501,45.137,24.297,30.627,81.097,NA,NA,40.97,NA,125.535,1.185,73.421,167.883,5.962,22.233,47.157,54.503,57.018,62.568,20.062,83.097,104.151,151.883,61.359,83.296,113.979,245.556,35.209,65.768,221.289,84.29,93.305
"1922-11",59.93,30.148,182.304,169.217,30.107,132.232,75.911,91.783,105.137,104.873,NA,77.738,30.54,88.862,104.874,27.298,105.435,71.994,59.578,38.052,39.856,9.395,105.59,211.843,36.84,62.211,138.117,23.177,92.95,NA,NA,86.451,NA,149.451,11.964,103.903,189.344,14.918,22.559,40.29,71.454,45.726,51.754,16.452,82.973,117.41,138.865,69.382,103.859,89.211,301.293,39.966,156.917,251.128,75.237,94.788
"1922-12",82.092,20.998,169.957,136.639,32.021,155.92,42.029,31.644,50.298,118.418,NA,84.808,22.552,70.211,93.22,66.107,106.788,59.388,81.988,67.227,2.893,6.91,36.668,161.077,21.461,100.665,195.002,15.781,77.825,NA,NA,71.651,NA,158.556,4.204,14.944,251.08,178.606,65.752,44.866,93.235,39.778,34.784,14.818,87.777,153.014,120.165,66.337,87.71,91.771,243.906,60.69,25.868,36.448,66.788,95.607
"1923-01",83.414,18.3,67.936,107.765,24.516,96.275,49.865,14.154,32.653,62.884,NA,99.861,10.695,79.886,33.617,93.35,126.03,39.049,171.765,42.667,0.734,6.123,11.776,84.714,17.535,138.709,243.958,16.939,79.247,NA,NA,95.449,NA,99.094,2.605,14.933,282.812,303.347,65.357,27.506,92.957,52.493,43.708,15.527,113.535,180.564,93.133,68.678,61.573,88.061,243.878,97.938,15.625,27.714,74.528,97.806
"1923-02",78.466,18.12,105.703,142.337,14.836,154.581,37.672,25.539,55.483,115.043,NA,78.726,25.202,118.882,29.679,113.502,124.265,41.525,32.52,59.003,3.928,5.772,4.111,59.393,23.805,130.711,181.005,14.493,64.653,NA,NA,24.822,NA,72.507,1.831,5.186,193.351,303.34,178.545,24.85,96.326,66.572,53.906,13.443,128.057,136.675,85.412,98.284,61.897,90.968,166.36,86.735,4.152,10.065,81.136,93.3
"1923-03",72.742,12.37,39.61,94.294,19.792,73.863,11.569,12.94,42.674,105.861,NA,74.862,18.8,103.967,23.41,135.043,91.103,32.764,52.545,23.704,12.376,4.637,3.113,39.374,40.152,107.996,154.706,12.129,51.42,NA,NA,35.369,NA,100.972,0.241,1.508,185.489,273.166,108.483,69.504,68.798,88.325,55.972,15.939,125.03,156.17,78.621,114.739,64.756,72.59,105.173,145.202,2.669,5.101,85.808,95.544
"1923-04",56.351,26.863,64.248,105.13,27.898,24.304,14.751,16.753,27.212,88.079,NA,101.615,46.694,102.13,15.185,278.973,67.262,34.245,20.702,8.753,40.904,0.945,1.637,90.254,34.266,99.664,132.838,25.642,89.08,NA,NA,33.116,NA,87.795,0.063,6.235,263.6,241.132,137.296,62.082,73.063,84.263,59.724,19.869,129.434,152.824,70.251,85.42,117.631,66.159,100.384,121.802,1.298,19.091,87.275,95.47
"1923-05",48.048,25.678,28.586,80.597,14.468,58.485,5.371,36.844,25.941,43.418,NA,86.261,54.977,71.516,16.073,331.704,48.779,69.025,8.962,15.21,129.652,5.331,2.053,114.384,35.476,87.548,123.283,23.763,64.674,NA,NA,10.087,NA,112.495,0.416,18.294,269.357,129.342,52.888,58.493,117.491,81.055,62.748,16.424,116.13,126.999,77.066,100.563,216.996,62.803,96.877,88.437,2.471,111.424,87.331,94.263
"1923-06",45.314,41.614,52.27,76.826,24.768,21.437,55.469,212.304,39.957,70.029,NA,94.805,60.419,66.517,63.158,207.331,45.137,12.641,4.516,6.488,211.022,4.189,50.397,176.999,86.571,65.997,46.906,32.304,38.556,NA,NA,8.355,NA,174.814,0.349,149.429,245.781,14.417,48.082,77.367,103.653,86.142,59.872,23.455,111.094,118.897,121.443,75.95,229.681,52.268,123.705,68.615,54.91,153.498,91.945,97.032
"1923-07",50.713,47.718,59.697,142.44,27.669,25.741,33.111,182.947,26.199,114.626,NA,85.815,86.624,68.648,182.347,41.907,51.189,12.531,1.683,3.448,269.294,1.564,23.041,51.658,44.419,58.174,7.459,34.649,93.406,NA,NA,2.769,NA,135.612,0.021,153.348,254.331,9.275,37.066,108.953,126.233,62.846,53.23,30.439,99.472,150.308,151.305,84.479,161.841,70.2,149.838,42.15,62.933,224.303,83.132,97.869
"1923-08",66.54,59.15,44.455,119.614,51.695,16.386,53.812,159.932,33.556,115.565,NA,79.903,29.489,74.752,175.596,12.087,53.428,33.755,2.539,4.187,354.26,1.494,23.888,58.726,43.617,58.866,7.263,25.809,71.226,NA,NA,3.69,NA,141.777,0.132,158.34,211.202,8.369,17.252,93.961,86.306,64.264,57.179,29.966,82.076,120.191,187.836,69.652,78.604,64.931,120.928,35.817,78.451,260.164,86.883,93.945
"1923-09",63.052,49.992,115.389,151.552,51.937,66.379,66.798,134.523,84.467,118.476,NA,46.782,26.457,66.722,108.525,10.275,57.949,40.361,8.339,9.278,196.25,2.135,47.849,107.2,16.198,33.402,9.555,35.846,104.702,NA,NA,10.138,NA,164.816,0.77,137.173,179.528,8.503,19.688,88.645,92.098,66.556,65.267,25.831,78.359,142.383,186.941,59.974,69.16,92.586,134.072,26.497,57.612,184.136,81.185,95.675
"1923-10",62.031,43.818,230.162,138.522,51.526,112.16,73.2,266.271,104.229,138.578,NA,59.357,33.451,67.429,99.37,6.741,86.368,45.261,33.659,54.524,137.908,2.871,83.05,219.833,24.582,38.978,28.857,38.802,102.028,NA,NA,31.414,NA,124.084,0.856,103.551,120.121,15.435,20.26,35.666,84.298,55.151,53.077,28.609,76.438,146.065,176.729,64.256,80.815,83.06,210.359,24.432,70.746,136.395,78.523,91.777
"1923-11",69.256,24.96,69.588,120.377,31.375,132.016,68.951,122.318,75.806,147.373,NA,67.19,27.413,101.076,129.743,23.113,56.332,162.37,58.931,58.292,31.614,5.326,188.521,362.028,25.743,57.93,78.108,19.704,107.718,NA,NA,78.373,NA,136.899,3.091,102.728,124.027,27.885,20.993,37.149,80.373,47.616,41.132,15.105,77.543,135.183,144.06,70.215,106.368,99.388,263.395,33.175,202.842,188.533,71.2,91.827
"1923-12",78.322,25.258,100.009,141.277,22.27,175.214,57.612,58.773,97.851,130.619,NA,60.338,24.302,71.833,59.24,74.94,110.655,91.837,43.132,59.78,4.775,14.317,86.223,363.863,15.94,106.343,272.257,22.682,98.053,NA,NA,70.694,NA,144.2,14.258,25.999,170.707,74.283,23.303,31.085,87.366,44.395,40.149,17.058,82.03,192.368,102.086,64.792,79.812,97.397,292.341,60.63,50.313,79.69,71.296,96.576
"1924-01",74.907,24.486,220.176,133.54,35.688,172.509,57.499,18.913,51.197,92.301,NA,86.13,18.376,79.579,24.283,81.77,99.051,92.341,60.841,79.601,0.782,5.163,6.637,47.425,21.476,124.283,200.834,13.729,76.028,NA,NA,36.46,NA,97.194,2.423,25.636,228.29,344.501,118.273,30.763,68.282,58.445,48.595,19.546,97.974,210.323,86.84,80.893,47.175,100.943,271.604,96.156,28.558,40.105,74.136,97.736
"1924-02",73.315,19.571,61.939,102.753,23.767,205.456,24.171,13.239,33.462,129.705,NA,85.602,23.704,104.538,26.005,87.636,90.877,82.616,29.752,40.852,0.55,2.175,5.36,25.701,23.307,143.965,257.317,12.451,69.051,NA,NA,39.452,NA,93.669,1.307,6.901,209.066,335.794,56.18,66.546,67.205,76.522,59.721,11.036,113.306,171.726,79.471,88.023,53.714,97.684,149.893,150.08,5.798,13.086,86.162,96.084
"1924-03",54.743,28.752,138.201,168.328,20.368,153.671,31.263,9.811,36.803,89.611,NA,91.886,30.77,108.886,15.42,118.187,80.605,63.526,6.481,25.287,5.133,2.212,3.707,54.49,27.136,121.724,109.707,13.001,59.201,NA,NA,16.873,NA,88.755,0.173,8.767,236.057,249.157,58.123,33.046,82.775,88.929,66.897,18.688,122.11,177.669,64.734,84.007,44.133,85.995,151.45,118.075,4.213,21.433,91.041,95.424
"1924-04",63.796,22.516,40.675,60.829,22.641,101.875,9.547,8.197,16.498,72.583,NA,104.82,49.501,82.845,22.91,248.973,56.61,41.717,4.01,32.539,92.268,3.431,4.648,98.75,86.49,114.129,163.257,16.93,65.962,NA,NA,17.991,NA,82.723,0.46,2.445,218.298,263.932,45.988,35.679,105.713,78.95,65.51,13.682,123.239,176.673,61.492,97.082,167.61,61.008,101.506,83.826,1.435,22.414,93.11,94.603
"1924-05",56.127,21.397,42.888,72.195,12.378,51.43,8.469,44.418,21.089,43.924,NA,104.763,100.37,85.288,24.635,353.583,31.142,42.809,0.484,18.984,121.766,3.692,6.189,177.12,63.595,85.393,98.822,15.012,43.003,NA,NA,5.723,NA,103.923,0.428,3.685,209.285,86.358,111.735,58.465,119.405,71.867,65.033,7.725,123.464,151.619,76.093,81.577,216.401,63.859,106.383,87.093,2.118,49.227,90.435,96.082
"1924-06",57.274,35.136,53.154,166.751,24.085,38.989,16.509,230.451,86.632,79.352,NA,100.689,65.459,61.205,62.879,192.083,37.019,23.149,0.796,18.081,248.634,3.076,30.162,146.525,115.448,131.867,82.038,22.17,53.98,NA,NA,3.524,NA,165.222,0.218,39.321,207.274,32.351,88.979,80.612,104.588,76.96,67.472,19.705,108.36,128.486,131.127,71.857,277.708,57.406,221.547,64.388,54.328,43.312,93.538,100.403
"1924-07",51.838,45.724,40.374,93.127,40.308,34.388,46.754,218.625,27.624,109.316,NA,95.58,32.769,76.505,178.07,41.339,62.395,24.7,0.733,5.964,262.527,0.916,19.214,49.508,67.858,64.38,5.289,23.889,72.315,NA,NA,2.874,NA,139.636,0.102,175.676,223.771,8.941,35.378,126.691,114.712,70.281,54.063,27.583,100.648,115.763,171.901,76.959,140.894,64.732,127.167,40.035,90.426,279.741,88.266,97.757
"1924-08",72.457,48.969,110.551,130.626,46.158,8.819,96.052,183.97,56.895,103.46,NA,78.042,41.488,75.992,131.788,13.231,43.649,31.528,3.771,4.289,356.323,1.348,11.246,52.103,40.962,49.219,10.364,45.491,87.216,NA,NA,2.156,NA,151.116,0.023,159.581,192.814,7.16,23.41,106.192,106.778,67.632,59.151,39.072,86.533,98.441,176.938,61.687,79.053,70.801,173.727,36.695,80.897,251.601,85.141,93.281
"1924-09",72.525,52.778,175.144,172.269,33.248,12.54,115.355,251.249,108.492,121.582,NA,65.536,35.779,62.766,128.996,10.14,92.75,44.533,6.101,10.63,202.894,1.6,17.039,43.596,17.746,70.954,15.192,37.349,72.957,NA,NA,7.531,NA,206.366,0.188,107.93,194.035,6.098,26.275,67.844,95.12,61.326,52.802,37.924,82.233,80.597,190.053,65.509,69.355,90.847,163.28,32.362,33.327,182.846,74.962,93.34
"1924-10",54.126,47.094,101.421,118.618,69.927,57.963,109.207,226.059,111.037,126.194,NA,65.013,40.461,71.281,85.027,14.011,84.067,70.754,18.358,57.548,156.573,9.305,104.078,154.258,32.636,62.213,21.855,28.648,106.002,NA,NA,45.408,NA,96.682,0.526,71.046,142.958,3.708,11.915,50.642,65.112,65.732,48.134,31.379,84.267,86.041,166.757,71.24,77.842,99.68,283.089,34.886,54.905,179.034,79.902,94.069
"1924-11",81.48,41.608,139.138,91.954,37.904,110.254,69.198,114.119,62.491,136.845,NA,57.94,26.92,62.521,153.565,24.041,84.151,107.98,35.424,70.412,18.506,7.552,8.21,107.3,16.036,79.887,115.011,25.353,94.283,NA,NA,33.808,NA,115.783,4.962,130.541,203.542,14.399,32.667,45.446,101.782,44.428,43.073,27.931,80.254,110.612,145.336,58.793,98.377,94.597,259.186,51.046,68.622,261.418,69.152,92.652
"1924-12",78.322,35.367,78.617,95.555,34.69,151.284,48.769,35.661,35.071,96.36,NA,79.442,11.599,103.13,67.399,93.9,92.294,56.136,86.673,61.214,1.879,11.636,19.586,133.023,28.373,126.983,220.005,20.033,90.329,NA,NA,114.655,NA,127.088,7.794,33.217,232.195,174.944,75.128,23.545,89.843,41.18,47.139,15.748,98.052,142.837,130.22,64.103,74.934,95.367,240.153,65.582,48.94,96.708,70.365,95.952
"1925-01",89.687,17.886,184.68,135.089,25.549,82.56,57.441,27.781,38.894,56.674,NA,64.203,20.721,74.868,62.657,135.298,97.598,79.308,44.214,54.596,1.351,2.942,11.848,73.746,27.033,150.936,250.431,16.373,83.694,NA,NA,43.131,NA,87.416,2.108,9.972,266.227,282.755,65.085,40.789,80.751,48.431,61.756,17.153,122.456,140.07,101.052,64.448,67.583,83.932,227.296,100.141,13.577,29.145,75.145,94.632
"1925-02",68.712,22.7,123.678,115.316,22.788,114.47,43.135,12.907,25.478,171.137,NA,92.498,23.186,73.29,40.491,121.481,96.15,109.542,20.519,35.466,0.832,3.115,5.769,26.693,26.338,112.273,161.421,12.764,77.687,NA,NA,14.407,NA,82.792,0.61,18.074,230.768,344.903,171.958,32.61,93.24,79.336,69.066,13.632,134.963,150.024,91.93,76.974,40.709,79.798,165.346,111.872,12.433,51.783,84.948,94.768
"1925-03",58.495,23.076,65.809,99.634,19.332,117.25,14.87,9.495,22.28,147.34,NA,104.109,44.394,110.482,70.301,178.711,60.546,75.605,5.498,27.416,11.11,2.568,2.803,37.612,34.691,128.243,102.073,11.489,76.257,NA,NA,15.091,NA,89.926,0.211,14.427,183.363,242.498,50.123,42.178,103.856,71.125,76.539,17.205,120.554,134.762,77.178,89.125,46.697,75.141,166.332,111.978,15.349,39.911,88.541,92.68
"1925-04",60.331,25.235,45.619,93.075,15.868,72.728,10.92,15.346,27.551,99.813,NA,70.679,37.941,75.596,24.626,248.811,72.935,40.27,5.814,23.84,86.362,5.174,5.097,81.959,38.397,118.244,151.121,18.662,93.802,NA,NA,11.258,NA,93.549,0.051,12.604,203.132,214.693,150.92,46.4,101.658,78.336,67.083,10.341,120.13,151.697,70.118,100.879,163.329,56.398,148.436,110.427,7.144,65.645,95.715,95.791
"1925-05",35.62,29.796,9.681,89.139,15.743,50.515,1.758,39.37,21.468,74.203,NA,99.98,43.785,56.068,22.158,202.828,47.672,55.073,7.939,19.629,159.212,2.319,14.263,198.007,60.945,78.097,210.016,20.69,45.055,NA,NA,10.387,NA,131.359,0.347,5.517,258.73,145.721,30.984,59.428,85.257,77.098,72.05,17.456,109.925,133.268,73.95,90.802,207.323,60.593,133.972,80.411,5.896,108.784,96.549,95.506
"1925-06",47.553,30.469,15.332,124.218,12.172,28.226,18.352,184.315,47.198,113.077,NA,99.709,83.294,63.648,113.562,251.173,35.378,17.306,6.576,6.695,203.694,1.862,10.303,47.666,59.111,95.104,70.159,17.302,78.951,NA,NA,4.71,NA,180.943,0.253,58.094,250.883,54.597,65.7,120.833,117.162,66.49,62.268,19.182,108.062,127.26,136.483,73.925,244.049,54.176,69.589,60.41,39.023,144.71,86.818,96.057
"1925-07",33.404,32.983,73.467,112.915,26.279,12.607,63.906,253.113,67.224,120.853,NA,84.409,59.647,66.878,167.039,47.327,58.026,37.452,1.062,6.478,411.753,1.519,15.912,127.436,66.05,110.324,18.005,41.346,49.835,NA,NA,1.271,NA,191.905,0.113,177.382,249.807,14.117,36.775,99.955,110.466,72.485,46.707,34.005,98.453,106.594,151.638,79.035,151.436,67.128,91.84,52.954,69.943,156.113,82.878,94.996
"1925-08",64.329,51.468,92.672,115.738,38.922,31.764,101.208,205.683,82.792,125.85,NA,67.997,36.91,66.832,142.003,13.37,50.747,14.537,2.302,3.029,338.782,1.242,27.524,77.253,29.48,59.233,9.559,45.197,49.036,NA,NA,4.144,NA,147.996,0.082,195.552,204.996,18.497,60.134,68.569,93.393,61.712,59.209,32.873,82.992,100.371,167.853,77.693,83.778,79.559,151.284,42.9,142.532,243.883,81.052,94.042
"1925-09",78.952,53.06,161.85,142.115,43.494,30.977,107.288,291.052,122.215,128.522,NA,41.627,32.073,114.214,117.272,14.599,72.001,49.652,8.509,10.742,234.067,0.593,41.33,77.62,20.824,48.069,8.724,42.279,67.142,NA,NA,12.281,NA,159.911,0.212,100.546,200,3.841,13.882,82.883,98.371,65.108,51.433,21.031,72.707,108.18,196.334,68.415,68.8,98.942,141.063,27.652,36.558,148.386,79.591,95.223
"1925-10",70.514,58.091,177.124,161.98,28.049,90.708,65.866,185.425,129.372,143.96,NA,55.158,30.556,62.551,51.116,14.575,95.131,60.067,8.418,49.44,196.476,5.034,50.653,235.597,64.629,80.374,18.222,35.105,96.078,NA,NA,31.479,NA,107.512,0.12,81.901,187.509,8.787,15.966,49.362,90.469,61.757,51.066,22.089,73.109,123.999,147.335,57.462,76.255,107.234,246.193,33.977,82.755,91.575,79.355,93.441
"1925-11",55.758,31.218,72.375,141.493,39.318,148.631,63.889,168.152,68.97,123.745,NA,78.401,22.971,91.585,89.518,17.813,111.616,108.564,111.356,54.513,64.082,5.79,90.172,179.716,38.498,70.85,30.472,25.002,111.632,NA,NA,88.54,NA,84.934,3.1,133.008,210.627,47.697,24.251,33.389,84.234,49.157,48.153,15.515,78.098,126.997,145.17,65.263,97.303,110.629,293.267,37.257,99.858,345.72,72.813,94.118
"1925-12",85.029,31.866,115.629,117.085,28.533,132.976,37.702,43.013,68.717,101.305,NA,92.66,21.696,77.01,68.872,39.536,87.703,68.304,81.178,65.626,6.218,6.95,16.576,129.462,12.292,109.015,151.821,16.772,120.171,NA,NA,84.132,NA,117.787,5.457,54.143,266.077,239.829,70.918,25.964,81.738,42.583,37.674,17.55,101.039,157.493,114.363,64.742,74.816,84.122,237.855,50.166,72.648,182.161,68.822,94.99
"1926-01",69.408,22.674,115.3,190.818,31.23,119.445,22.503,31.52,70.937,76.913,NA,85.59,19.682,76.084,40.091,83.143,86.174,126.933,43.914,74.36,1.843,7.281,6.023,86.701,25.641,136.075,257.216,15.106,76.881,NA,NA,45.064,NA,113.284,5.714,37.732,280.094,347.922,57.247,22.33,57.224,55.364,45.283,11.858,111.619,200.647,84.507,64.507,49.828,99.811,248.566,76.535,24.991,136.585,74.303,97.24
"1926-02",68.643,27.551,67.645,104.504,30.507,103.068,26.879,12.981,32.001,63.26,NA,82.403,18.836,77.507,25.616,62.622,87.865,111.34,9.465,58.172,1.094,3.625,3.677,41.002,45.273,114.077,99.384,11.506,70.612,NA,NA,23.31,NA,108.921,0.854,11.25,299.865,298.29,101.937,46.206,52.767,69.678,66.654,11.581,116.32,185.804,69.707,96.925,40.312,77.882,208.936,107.93,13.47,43.035,86.299,95.678
"1926-03",64.046,27.428,103.854,151.121,30.628,93.834,19.171,14,43.06,85.044,NA,103.221,33.408,84.694,18.903,101.365,61.531,114.863,17.797,40.166,8.309,1.522,3.066,50.845,31.141,149.571,87.911,15.731,72.893,NA,NA,35.49,NA,97.646,0.097,11.932,243.527,289.329,141.931,36.743,107.638,86.32,63.295,13.435,137.616,174.768,62.174,88.621,42.032,80.281,126.914,96.6,4.549,82.613,86.768,94.101
"1926-04",51.179,21.473,27.834,67.778,21.601,84.716,2.554,16.101,22.002,54.631,NA,84.084,23.088,98.65,18.491,254.956,57.858,34.76,14.443,14.488,28.677,1.055,2.485,121.126,54.906,128.174,131.213,18.061,53.577,NA,NA,22.692,NA,123.981,0.023,4.792,238.923,332.3,133.59,46.15,73.577,90.539,67.854,13.158,111.875,172.08,63.269,101.121,87.936,55.516,84.528,90.553,1.272,46.214,99.088,93.525
"1926-05",35.791,28.078,16.805,88.781,19.509,24.195,12.261,63.642,31.506,64.094,NA,94.521,48.002,82.372,17.155,335.596,50.857,33.58,19.469,14.636,126.436,2.969,10.601,185.88,52.456,110.398,93.285,16.497,101.653,NA,NA,14.836,NA,146.165,0.226,5.346,260.222,269.049,55.65,73.337,126.738,79.494,61.417,12.295,112.515,152.517,80.509,87.122,191.534,57.87,89.342,78.203,5.855,26.898,93.903,96.013
"1926-06",46.178,34.2,56.244,87.034,20.058,38.412,17.865,188.981,47.137,86.152,NA,87.816,53.22,68.751,40.008,191.14,43.847,32.454,2.153,7.41,298.949,2.39,11.747,96.533,62.433,135.86,8.191,24.422,77.63,NA,NA,11.652,NA,228.533,0.265,56.155,269.919,70.635,19.153,138.963,109.359,73.356,45.438,16.177,101.604,125.906,113.076,67.697,242.649,61.061,96.222,60.763,67.456,57.877,83.337,95.022
"1926-07",56.404,54.177,14.42,96.696,28.885,6.588,29.465,172.603,28.642,107.352,NA,87.925,57.907,71.942,142.526,112.785,34.734,24.334,1.066,2.507,284.166,2.38,22.563,54.867,74.752,114.538,4.459,19.876,83.289,NA,NA,1.404,NA,183.345,0.098,220.109,241.24,18.077,36.657,111.186,94.314,72.905,52.557,25.404,95.703,123.889,164.092,75.314,178.376,62.98,85.59,44.769,123.927,264.838,86.909,96.226
"1926-08",59.128,51.633,95.198,111.108,32.766,33.804,34.138,151.866,54.128,127.531,NA,63.579,45.873,53.805,124.105,13.542,57.126,29.247,1.991,1.711,299.765,2.153,18.566,47.812,81.905,44.74,6.176,38.922,68.021,NA,NA,2.376,NA,194.61,1.34,171.858,243.534,13.623,20.295,89.662,97.398,65.331,51.636,35.663,78.373,118.681,143.057,74.533,83.782,77.446,163.896,33.514,129.165,260.654,85.465,93.265
"1926-09",64.579,60.861,67.28,109.543,55.539,38.309,101.156,272.71,95.258,118.57,NA,71.852,38.502,97.669,168.275,10.003,57.598,77.492,22.935,19.129,202.751,1.228,31.497,53.842,34.687,22.43,11.106,43.057,87.03,NA,NA,23.298,NA,189.849,0.209,208.752,212.794,14.721,29.963,49.912,84.825,65.237,71.586,28.769,82.534,81.977,173.582,88.796,63.727,97.959,230.342,26.776,144.322,265.97,88.006,93.841
"1926-10",81.854,55.459,212.927,117.658,61.407,58.67,87.165,175.95,113.061,120.478,NA,60.687,19.444,70.718,89.426,27.398,83.127,57.591,37.427,46.48,167.147,3.081,35.652,112.334,57.384,68.401,14.757,38.528,71.496,NA,NA,15.008,NA,234.982,3.727,111.372,235.246,7.872,29.341,34.285,82.748,56.162,64.303,25.784,86.985,99.353,165.437,65.462,70.335,85.161,171.72,28.802,61.468,161.199,77.484,93.289
"1926-11",79.289,34.901,158.652,163.431,34.946,114.744,111.574,95.937,91.221,123.768,NA,64.3,27.419,67.685,159.172,16.736,85.494,123.094,17.852,58.056,58.329,14.175,108.844,160.611,61.434,109.666,39.96,23.831,104.097,NA,NA,40.131,NA,134.301,4.251,31.992,176.334,36.188,29.716,34.219,62.549,61.384,45.342,12.882,83.099,105.338,154.631,60.198,91.655,111.158,316.942,60.743,143.088,128.7,67.494,94.548
"1926-12",73.465,22.813,133.427,143.06,35.091,86.593,61.967,74.199,84.615,126.418,NA,65.916,19.67,70.615,130.863,47.606,87.502,140.087,55.276,65.332,2.404,4.81,20.186,119.165,17.518,99.968,161.851,14.657,91.362,NA,NA,33.581,NA,132.963,2.504,60.497,258.083,126.237,50.529,42.52,59.677,43.684,39.763,10.254,91.803,145.315,114.048,71.507,68.7,98.969,248.126,120.798,81.506,202.667,68.457,97.013
"1927-01",86.704,25.352,161.358,99.056,32.255,114.212,35.33,26.767,43.14,102.804,NA,85.004,19.291,64.973,32.32,62.33,98.934,65.287,71.194,56.673,0.486,4.738,7.978,50.724,28.138,152.732,217.226,15.564,86.206,NA,NA,40.727,NA,130.089,4.93,18.713,308.837,371.446,58.203,21.84,81.631,55.79,38.629,15.311,114.243,141.767,97.992,63.513,50.599,85.872,255.166,94.533,10.865,140.097,75.789,97.764
"1927-02",106.999,21.973,145.275,136.812,28.685,85.181,35.871,12.433,26.199,86.791,NA,73.013,21.974,81.506,31.821,90.944,94.921,47.31,37.201,60.516,0.905,2.237,4.482,21.801,23.912,128.146,136.511,21.949,71.117,NA,NA,45.708,NA,88.411,0.903,15.06,237.777,419.148,157.221,50.801,69.646,70.954,69.114,23.716,119.63,138.792,79.245,93.556,30.52,84.843,161.745,145.103,14.752,76.799,80.798,96.571
"1927-03",62.13,19.358,67.85,141.316,23.496,127.335,21.762,21.695,49.53,51.315,NA,78.204,16.214,119.782,18.956,116.406,87.001,58.529,30.139,17.469,4.441,0.908,5.489,26.657,28.778,133.692,86.725,12.453,95.326,NA,NA,40.147,NA,110.184,0.124,3.733,194.733,271.324,121.607,37.049,86.627,85.315,78.785,17.263,119.508,140.424,70.073,107.441,31.034,67.74,96.776,134.537,4.333,13.349,84.791,91.885
"1927-04",51.627,17.914,88.447,148.039,22.865,79.995,16.274,22.121,43.064,44.735,NA,69.774,59.999,102.944,12.665,245.385,82.206,38.241,4.373,21.886,38.361,1.531,3.823,49.443,29.954,114.341,94.429,24.48,79.13,NA,NA,14.534,NA,101.283,0.35,10.003,234.15,308.927,91.947,45.674,74.062,71.516,72.074,14.007,145.111,153.627,65.537,101.129,87.391,65.947,69.256,97.144,6.735,36.287,90.843,95.781
"1927-05",45.361,29.948,51.046,83.769,13.094,26.516,10.732,54.433,28.79,57.518,NA,75.936,42.588,64.032,20.213,243.434,41.056,31.806,6.448,5.446,155.953,1.178,8.29,197.819,19.503,62.657,93.383,19.71,74.924,NA,NA,11.508,NA,94.605,0.118,67.849,224.889,121.054,37.467,70.476,83.282,76.457,64.753,10.393,114.652,143.796,79.869,98.134,214.61,49.027,134.17,84.55,29.928,215.887,91.211,93.142
"1927-06",52.268,49.947,35.53,102.644,18.427,33.613,19.032,141.369,44.004,106.078,NA,88.912,61.728,61.572,121.749,221.527,35.778,21.152,4.127,4.079,231.397,1.549,18.748,137.267,54.975,81.729,13.249,29.881,49.266,NA,NA,8.448,NA,199.61,0.183,23.969,227.013,27.752,58.076,97.032,103.62,72.186,61.035,19.9,107.395,130.021,105.691,80.051,255.975,57.99,161.106,56.824,21.121,51.576,95.105,96.864
"1927-07",41.07,51.349,22.709,136.884,32.037,7.528,81.084,243.968,79.912,119.918,NA,85.626,51.339,55.425,183.281,71.673,38.479,21.003,2.42,4.289,287.123,1.978,14.059,57.161,53.421,53.452,5.009,26.746,67.155,NA,NA,1.521,NA,151.543,0.151,138.869,220.393,17.552,55.279,86.438,88.516,76.461,58.252,27.462,88.766,173.34,136.594,72.173,172.6,76.222,193.213,47.614,85.73,238.581,85.588,98.306
"1927-08",64.257,51.665,107.755,148.965,38.222,26.503,75.878,182.779,59.664,132.976,NA,75.861,43.154,54.37,122.549,12.514,51.576,30.285,5.324,3.823,317.825,0.681,11.2,44.899,48.898,48.559,4.541,28.87,76.9,NA,NA,5.142,NA,232.574,0.028,158.259,181.209,5.251,19.899,84.692,87.509,60.476,57.949,29.401,81.814,147.57,182.012,67.499,74.283,79.966,134.411,32.414,49.745,213.974,88.247,96.205
"1927-09",82.59,56.578,97.549,157.978,42.925,4.973,106.927,239.241,75.92,139.661,NA,58.106,23.822,89.581,69.12,10.833,77.803,63.859,15.22,13.17,164.808,0.927,27.373,103.167,62.041,54.109,6.313,45.38,79.011,NA,NA,6.523,NA,137.408,0.283,63.213,150.816,5.265,12.239,59.534,61.282,74.86,49.766,36.744,78.497,142.481,198.14,75.942,51.479,101.771,161.508,36.765,22.72,138.966,82.191,96.643
"1927-10",56.929,37.008,107.734,144.087,46.732,102.498,99.757,156.235,81.044,142.995,NA,76.037,22.933,67.477,40.407,12.076,92.236,81.556,16.496,44.666,151.319,2.864,85.592,171.633,26.002,69.847,8.968,37.303,89.42,NA,NA,30.512,NA,110.266,2.746,122.358,157.768,13.742,17.036,34.672,51.056,65.87,52.013,24.67,68.521,134.298,142.98,63.087,58.541,114.968,253.828,35.22,149.121,163.612,79.137,91.843
"1927-11",71.626,35.249,171.675,147.167,35.323,158.647,134.398,182.36,83.937,128.888,NA,56.671,25.443,86.19,80.793,13.105,101.802,65.211,78.881,63.278,52.837,4.469,88.319,243.642,45.087,56.571,59.276,32.632,85.533,NA,NA,62.612,NA,92.131,22.74,106.211,197.439,9.535,13.664,58.724,76.31,41.976,48.639,19.198,71.551,135.624,151.492,69.634,91.281,111.261,255.817,34.521,56.677,318.095,73.252,95.209
"1927-12",71.126,34.008,136.497,161.235,32.803,167.826,65.794,58.641,67.109,106.47,NA,62.269,14.396,87.644,64.363,28.117,99.916,92.803,31.181,69.761,1.59,10.502,17.055,241.988,18.085,94.619,224.569,26.377,86.622,NA,NA,67.555,NA,126.666,9.895,56.622,225.305,97.116,25.387,25.896,67.722,39.798,43.019,18.683,87.955,239.514,103.984,66.746,70.739,101.654,267.284,46.201,49.944,167.004,69.373,97.762
"1928-01",84.218,40.203,181.192,161.159,26.999,146.522,65.81,27.348,50.613,80.19,NA,92.784,13.921,87.499,35.804,81.524,79.718,46.751,58.226,69.677,2.338,13.984,13.632,152.893,14.98,128.263,223.516,13.45,77.419,NA,NA,88.36,NA,119.863,9.351,4.731,171.075,176.305,57.413,21.925,91.335,50.515,46.632,15.989,103.524,209.122,83.953,63.175,70.162,99.207,263.327,106.419,9.414,8.927,73.838,95.005
"1928-02",51.004,26.163,82.817,123.979,22.955,179.914,72.394,34.114,71.842,44.843,NA,72.192,20.237,79.811,11.998,69.452,66.302,92.879,39.511,72.775,2.869,3.594,7.902,67.806,15.686,99.286,39.738,11.986,76.64,NA,NA,15.979,NA,102.715,2.166,3.795,201.8,357.039,110.222,30.185,72.113,70.458,59.324,8.981,130.734,212.546,78.068,74.155,35.087,119.707,170.791,103.609,9.827,6.452,86.994,97.056
"1928-03",51.258,24.059,117.828,181.408,17.071,133.777,42.82,19.426,33.871,46.529,NA,62.248,20.935,98.652,9.549,133.081,90.95,80.978,43.433,48.087,12.701,2.799,14.753,86.412,18.383,137.748,130.132,18.51,80.602,NA,NA,34.447,NA,74.648,3.598,5.556,169.127,266.51,60.799,56.295,64.249,85.649,80.873,14.028,94.743,222.242,62.674,85.288,46.376,107.127,144.789,125.241,5.247,8.4,91.132,93.975
"1928-04",67.088,19.24,86.757,137.262,21.666,47.944,10.766,14.64,22.948,73.368,NA,87.52,48.625,58.523,15.908,291.443,37.918,59.908,27.071,26.365,56.312,7.448,52.373,201.285,66.422,84.153,200.555,12.264,55.324,NA,NA,14.546,NA,74.375,8.12,2.743,131.32,100.826,93.926,78.945,76.486,84.414,81.033,13.555,102.74,255.995,47.355,81.264,132.693,77.051,112.189,111.097,2.087,3.079,93.102,95.43
"1928-05",52.691,30.743,73.012,100.79,17.88,61.843,10.353,38.631,56.933,72.716,NA,114.429,58.663,72.985,18.409,409.557,34.309,30.692,1.71,19.831,128.07,7.803,34.534,221.327,38.418,74.279,69.912,13.119,65.839,NA,NA,29.381,NA,88.105,11.454,22.543,133.738,36.537,68.681,59.284,86.658,88.074,62.319,12.452,97.939,242.032,56.81,78.531,213.111,58.047,177.204,107.536,13.345,14.208,88.722,95.932
"1928-06",45.056,35.98,63.546,114.255,22.403,35.95,11.039,124.877,66.601,110.246,NA,58.923,83.646,76.89,114.253,155.077,36.347,23.813,1.048,9.192,275.057,2.746,14.245,97.074,66.275,104.622,5.58,24.161,37.079,NA,NA,8.491,NA,164.803,0.16,77.674,132.898,20.575,90.125,97.182,55.296,72.458,69.154,19.267,86.959,239.936,84.345,85.917,171.678,65.446,272.418,66.479,88.492,196.02,90.253,100.443
"1928-07",61.341,58.167,108.941,116.852,35.098,16.683,49.334,239.388,80.172,142.854,NA,74.414,68.352,50.327,254.91,18.089,49.973,36.694,0.401,17.577,273.874,1.471,20.673,85.621,36.895,52.975,3.082,34.943,57.485,NA,NA,1.185,NA,212.697,0.061,109.369,159.969,9.679,42.907,123.586,105.582,64.89,59.828,29.366,91.005,241.896,141.167,78.182,95.472,73.89,156.284,40.525,77.391,245.591,88.738,102.249
"1928-08",59.918,54.749,74.38,147.147,37.578,10.429,61.88,237.901,72.907,143.478,NA,92.56,48.666,68.216,133.433,9.055,67.152,44.632,4.431,9.791,226.94,0.743,6.853,28.592,85.161,80.733,5.492,35.056,112.394,NA,NA,1.319,NA,117.743,0.095,163.687,184.492,4.645,48.989,89.716,98.469,65.856,53.499,28.193,72.313,180.116,155.054,84.915,55.308,93.596,179.152,37.126,61.809,276.936,80.504,94.892
"1928-09",44.682,49.383,111.102,151.447,40.971,42.654,101.898,291.332,100.256,165.635,NA,65.178,34.731,99.792,71.598,12.191,81.359,55.059,0.932,7.412,197.267,1.331,34.684,80.123,77.847,92.188,8.091,42.506,77.977,NA,NA,4.417,NA,209.118,0.275,111.281,142.938,6.077,20.46,74.247,99.198,63.32,46.05,30.191,68.324,137.23,176.936,72.976,53.036,103.672,177.614,40.6,40.985,200.327,80.789,95.316
"1928-10",86.365,62.325,110.286,106.857,53.434,52.481,46.645,145.34,130.008,128.289,NA,61.523,32.404,80.985,43.232,11.571,77.837,56.432,28.922,54.358,131.108,15.892,109.592,244.088,32.924,50.086,12.418,30.405,91.646,NA,NA,28.007,NA,163.824,3.266,30.019,180.051,5.192,14.912,46.294,70.213,59.215,66.783,28.947,74.543,164.537,155.214,67.701,57.96,111.316,200.119,27.776,52.411,121.486,77.733,96.155
"1928-11",69.876,35.567,151.241,136.492,38.661,74.906,63.384,123.913,86.045,137.097,NA,67.496,12.826,72.759,79.103,8.119,76.211,147.862,43.698,73.5,43.492,9.83,170.876,266.36,17.201,90.324,28.883,15.787,114.465,NA,NA,60.609,NA,83.347,10.139,69.243,136.41,26.062,8.179,48.251,48.765,48.628,45.076,11.08,82.243,144.075,141.019,70.839,99.518,109.224,328.571,39.1,163.654,170.524,75.398,95.507
"1928-12",73.079,37.622,166.91,123.722,41.047,141.594,47.386,45.163,62.861,110.204,NA,73.842,16.897,71.334,62.903,19.337,71.678,141.549,42.751,77.643,3.253,6.94,23.922,193.537,16.772,99.223,154.104,13.437,114.55,NA,NA,51.837,NA,114.469,4.641,71.587,246.569,77.866,21.078,29.269,56.329,47.294,47.387,12.959,91.712,212.825,107.645,54.784,53.886,102.038,226.537,70.7,144.513,171.041,70.126,96.635
"1929-01",58.592,25.319,188.173,188.898,22.479,195.337,77.776,48.795,63.603,65.684,NA,79.236,21.103,82.948,19.339,69.77,74.131,89.59,28.933,59.196,1.162,19.742,9.511,153.803,17.458,137.435,187.688,15.621,81.372,NA,NA,53.656,NA,140.711,13.806,24.838,186.929,281.799,68.662,30.859,69.569,55.054,37.842,15.885,102.455,157.768,97.027,73.506,40.285,117.258,216.141,77.245,30.829,44.359,75.408,94.729
"1929-02",75.371,19.657,258.659,153.992,32.453,143.367,67.53,19.211,54.656,51.888,NA,81.188,23.041,108.079,34.784,67.054,90.076,103.094,29.055,42.135,1.369,3.012,5.791,94.393,52.449,171.433,144.85,12.644,50.901,NA,NA,32.057,NA,105.957,1.741,11.383,200.743,164.132,100.717,40.698,70.322,72.108,63.162,11.015,104.39,176.771,79.321,98.687,41.45,83.026,239.211,106.336,9.748,22.732,81.539,95.089
"1929-03",65.27,24.806,69.963,82.169,28.515,82.673,9.284,12.862,43.399,50.882,NA,117.294,35.057,61.412,14.814,110.265,73.148,74.686,58.803,31.034,4.521,0.516,2.917,85.188,40.971,98.62,107.507,13.582,83.442,NA,NA,24.941,NA,113.79,0.047,26.938,263.917,416.701,86.684,64.953,110.883,85.053,58.02,12.784,123.618,175.046,61.341,114.372,25.841,83.797,130.415,127.317,5.94,89.308,89.486,97.363
"1929-04",52.394,17.463,37.756,95.974,20.814,50.962,4.087,13.858,21.808,30.243,NA,87.233,22.973,99.97,16.626,229.756,88.85,29.393,13.771,20.113,34.677,2.399,6.397,91.568,40.484,161.495,116.218,18.838,39.696,NA,NA,15.798,NA,88.459,0.668,31.327,218.351,309.633,140.971,45.041,89.506,94.791,74.051,16.49,116.566,160.774,63.948,94.687,116.939,73.389,110.099,101.527,9.155,104.299,94.537,94.817
"1929-05",46.979,37.629,27.335,102.62,20.521,35.814,7.012,71.475,18.677,30.856,NA,77.725,62.329,74.036,17.357,283.085,41.778,29.425,21.763,14.575,154.699,2.255,3.653,215.475,97.467,116.548,142.773,18.843,66.328,NA,NA,11.403,NA,149.024,0.506,18.35,289.252,93.082,50.169,47.401,100.952,85.123,67.366,14.098,125.397,126.947,85.436,82.836,227.094,63.879,103.596,64.163,17.62,78.278,97.951,97.132
"1929-06",39.928,41.319,83.551,113.85,22.536,41.926,47.122,183.768,39.347,78.038,NA,83.053,60.234,68.723,38.965,210.511,46.891,25.987,0.046,7.695,292.052,2.066,28.696,216.642,51.315,69.087,44.976,40.179,45.302,NA,NA,0.531,NA,144.027,0.308,31.133,195.983,30.541,65.637,113.86,117.94,72.61,57.677,26.419,101.774,111.585,134.42,81.089,244.813,61.965,188.12,63.237,63.363,32.299,82.596,96.117
"1929-07",60.112,48.185,54.36,94.955,35.372,9.884,66.75,277.347,70.334,105.04,NA,85.406,76.835,60.655,174.495,82.426,38.914,45.059,1.416,16.003,407.323,1.744,14.034,71.916,78.32,76.392,10.855,45.606,33.577,NA,NA,2.499,NA,153.184,0.098,198.546,188.213,32.092,57.099,118.549,115.294,61.825,57.279,34.259,102.267,88.247,163.207,77.388,189.667,70.871,157.116,43.221,125.487,251.563,84.489,95.838
"1929-08",59.514,51.808,100.648,131.952,49.197,25.082,52.924,190.997,50.963,114.999,NA,69.557,37.393,80.951,180.996,15.594,54.202,21.779,6.878,2.81,379.867,0.991,17.205,54.952,88.786,50.829,8.439,37.227,50.497,NA,NA,9.147,NA,154.299,0.911,229.813,202.943,15.581,39.543,84.094,102.708,74.526,66.371,31.273,87.267,73.119,174.666,77.873,94.301,83.946,169.219,32.374,119.459,317.713,88.409,97.048
"1929-09",56.398,49.051,207.027,190.332,65.441,60.422,147.69,229.379,113.374,132.172,NA,80.872,24.136,53.782,128.404,13.882,65.786,81.776,12.783,14.085,245.681,1.064,47.228,103.643,66.12,41.046,13.321,35.784,81.976,NA,NA,10.108,NA,257.984,0.137,81.12,206.112,16.887,13.4,72.505,68.837,59.393,50.455,26.118,82.124,64.802,187.942,68.246,75.958,104.996,244.176,26.11,43.149,149.034,89.978,96.498
"1929-10",82.246,50.652,103.056,142.321,55.468,46.857,64.524,272.57,135.324,137.247,NA,66.537,20.181,63.006,89.487,8.73,63.996,62.892,16.439,51.113,129.497,6.941,76.195,115,14.977,65.162,34.824,31.003,107.654,NA,NA,44.971,NA,119.907,1.22,77.394,168.81,10.334,20.965,48.193,73.575,64.009,47.031,21.253,81.985,69.25,161.549,64.633,73.194,100.255,254.729,34.517,103.389,132.391,76.97,88.159
"1929-11",82.945,39.272,26.42,70.033,38.902,127.012,48.023,106.44,114.311,114.975,NA,67.014,23.541,91.424,136.963,58.072,81.882,131.209,91.563,71.169,49.88,7.176,16.93,106.947,37.085,89.751,55.689,21.243,115.273,NA,NA,105.493,NA,142.82,5.396,188.602,183.6,31.083,47.131,38.229,64.769,52.665,40.806,14.986,84.059,95.664,151.258,66.969,112.392,98.843,258.6,55.952,110.995,265.051,71.577,94.894
"1929-12",95.776,22.385,120.539,120.863,34.117,112.209,47.78,44.643,74.654,92.162,NA,75.054,27.513,61.6,119.921,108.111,97.137,101.242,36.12,51.696,4.133,8.724,66.224,249.816,19.269,98.716,205.015,21.205,113.077,NA,NA,69.584,NA,130.442,4.357,34.702,217.416,230.64,42.922,33.186,73.092,39.085,45.06,14.329,94.544,113.821,115.608,64.893,103.531,88.992,289.238,50.973,89.595,115.593,71.162,95.766
"1930-01",85.935,31.252,142.125,112.42,34.008,147.44,42.811,19.86,34.797,79.466,NA,95.915,17.43,73.313,47.983,113.755,116.118,67.284,103.531,52.793,0.707,4.752,11.785,62.563,24.443,141.961,243.82,18.003,77.612,NA,NA,62.175,NA,108.902,1.279,23.84,261.709,288.72,47.132,44.03,65.926,44.38,43.673,15.522,104.656,121.873,100.048,77.09,74.479,80.285,232.619,118.497,23.188,98.3,74.102,96.491
"1930-02",84.127,27.082,95.354,126.423,20.514,126.336,16.872,16.942,40.898,111.017,NA,64.066,25.464,135.205,29.871,130.831,78.813,85.567,31.946,45.561,1.598,4.183,5.173,21.363,32.163,117.321,183.28,14.149,82.807,NA,NA,19.809,NA,85.435,0.531,59.205,190.989,272.792,102.431,32.705,90.219,72.69,64.475,11.54,117.865,112.003,80.266,89.974,50.841,93.254,163.536,159.852,54.234,132.651,81.761,95.55
"1930-03",84.897,26.665,24.447,102.974,20.29,86.815,12.963,11.153,30.154,110.291,NA,72.405,26.581,77.809,21.473,154.816,79.743,52.259,56.521,50.649,15.321,4.269,5.315,46.264,29.748,95.379,68.327,17.175,81.679,NA,NA,69.898,NA,117.581,0.086,3.844,200.232,287.839,121.908,80.131,76.307,78.599,70.163,15.66,111.471,141.018,74.863,92.392,64.04,71.458,169.318,124.451,5.372,20.418,93.68,94.818
"1930-04",43.269,25.338,41.577,102.163,21.728,62.913,7.331,17.364,22.28,34.699,NA,91.308,22.406,83.677,23.581,316.182,89.968,32.918,6.65,23.878,59.997,3.613,1.369,136.608,83.59,90.505,106.102,22.712,50.382,NA,NA,1.957,NA,99.981,0.024,9.678,202.846,368.803,168.554,70.683,92.993,75.493,71.599,13.084,131.095,108.59,69.692,85.61,129.32,61.389,75.921,76.981,6.955,35.45,97.789,91.608
"1930-05",46.817,28.152,26.632,115.356,13.286,30.66,8.235,63.659,21.98,39.22,NA,72.714,26.527,77.545,27.937,236.999,53.157,56.993,11.252,21.388,140.175,3.374,30.596,207.15,71.006,131.005,187.552,11.719,74.813,NA,NA,10.876,NA,125.532,1.174,38.691,219.679,160.518,90.614,89.879,74.657,78.568,75.005,8.435,118.165,111.316,89.615,90.37,207.354,63.606,136.66,64.733,21.219,69.323,98.798,97.912
"1930-06",52.968,43.533,59.111,117.879,33.345,11.637,37.575,207.437,37,85.785,NA,82.296,60.126,61.626,86.707,289.585,41.709,60.372,1.73,18.456,186.821,1.777,9.279,71.739,43.356,44.043,37.232,13.278,83.916,NA,NA,2.187,NA,216.826,0.098,137.435,222.2,80.594,139.091,86.382,93.938,79.4,62.538,13.916,111.328,93.6,134.168,71.944,213.269,65.468,136.34,67.048,99.109,217.147,89.862,95.845
"1930-07",50.401,57.788,119.275,109.089,47.676,6.161,42.458,191.48,46.805,113.061,NA,102.411,49.809,66.026,188.148,38.61,55.25,25.298,0.736,2.756,392.067,2.415,11.29,44.283,118.203,82.915,23.474,35.436,72.582,NA,NA,0.398,NA,203.848,0.093,138.113,227.869,16.644,33.811,137.881,106.974,57.044,53.592,27.625,98.958,98.831,176.441,70.512,135.176,71.516,158.731,52.221,29.139,189.753,87.29,97.392
"1930-08",57.289,48.444,49.986,91.627,56.935,5.895,56.093,173.66,31.651,128.287,NA,88.36,32.721,65.936,130.592,16.381,69.832,25.204,6.037,2.371,340.044,1.836,11.451,64.149,53.507,63.137,5.277,44.457,101.854,NA,NA,4.308,NA,158.728,0.095,193.824,231.791,9.376,21.903,72.754,80.915,75.375,49.038,43.884,90.37,93.247,180.158,67.926,84.633,72.692,163.496,39.606,102.869,220.336,89.156,95.511
"1930-09",78.424,55.564,131.542,123.723,41.052,35.702,84.262,164.964,60.344,132.062,NA,58.927,39.823,66.445,133.462,11.109,84.086,10.828,12.803,23.458,219.465,0.785,17.889,46.144,57.484,50.265,9.697,44.983,104.844,NA,NA,18.702,NA,189.177,0.183,134.153,211.747,13.555,37.867,62.375,77.632,67.806,55.1,32.372,80.322,91.273,167.341,65.35,82.419,97.88,158.211,35.683,68.52,190.322,76.595,91.848
"1930-10",77.468,50.083,30.733,123.775,49.777,53.064,59.212,170.406,107.656,130.393,NA,62.755,15.322,68.112,74.623,8.652,93.95,77.754,50.623,55.521,221.27,6.79,19.827,76.026,54.148,90.359,17.153,24.898,103.702,NA,NA,56.253,NA,122.78,0.215,166.798,219.661,15.048,21.318,50.526,76.954,51.493,40.795,21.612,83.843,99.709,166.461,64.116,77.453,108.654,256.993,38.029,60.905,259.16,78.483,95.439
"1930-11",78.907,39.021,129.811,104.912,38.389,108.009,85.533,75.016,69.535,115.463,NA,72.411,23.723,76.25,106.085,23.353,109.658,69.925,45.747,70.73,53.386,3.89,38.041,57.589,39.21,73.286,24.309,28.307,82.845,NA,NA,58.502,NA,110.387,1.19,103.293,251.702,27.474,30.696,40.652,116.869,45.936,43.907,17.599,83.251,135.172,147.654,65.761,106.631,95.78,184.805,46.623,86.548,190.737,67.154,94.243
"1930-12",80.687,21.888,117.957,120.356,28.741,161.431,42.836,47.852,64.81,92.316,NA,73.358,11.896,81.904,111.786,74.509,90.972,110.477,112.465,54.365,8.409,5.893,22.245,63.373,15.212,104.844,66.21,15.648,83.861,NA,NA,101.459,NA,89.493,10.995,43.138,213.237,113.996,32.258,37.536,77.334,38.086,40.2,12.7,86.726,155.601,122.123,61.469,99.035,106.914,253.304,72.777,91.737,67.179,73.531,94.763
"1931-01",79.223,27.044,97.844,129.729,28.344,206.397,61.219,24.578,34.878,55.257,NA,97.349,22.227,90.811,33.722,90.295,98.086,94.699,37.834,65.965,1.001,6.276,10.509,108.104,27.109,150.251,193.118,17.56,77.518,NA,NA,41.04,NA,88.189,4.874,10.558,288.468,380.477,89.892,36.18,81.44,57.39,40.842,18.142,101.767,159.837,99.409,63.048,66.523,101.926,229.409,79.468,13.285,56.241,73.902,97.592
"1931-02",66.677,19.159,180.116,107.12,20.271,94.875,46.763,17.108,24.189,82.481,NA,84.088,22.889,82.147,34.247,100.4,68.918,82.648,27.863,48.554,0.597,5.933,4.797,11.099,25.294,115.101,174.78,16.951,88.88,NA,NA,30.142,NA,87.795,1.039,2.799,238.739,364.764,101.066,35.856,87.791,63.462,64.428,14.473,119.839,160.856,76.784,103.227,53.718,93.236,131.308,148.663,6.857,6.085,83.455,95.779
"1931-03",67.241,26.909,128.662,153.389,27.255,86.943,18.286,12.869,31.69,100.255,NA,92.388,22.895,118.883,22.904,141.124,84.884,62.207,30.748,37.149,11.236,6.094,1.912,35.503,51.083,97.348,114.262,12.908,75.3,NA,NA,18.731,NA,87.463,0.529,22.757,210.516,297.255,111.81,52.626,79.545,83.287,81.193,10.838,127.52,171.244,67.331,100.665,46.451,82.352,154.1,144.754,4.883,62.569,91.135,95.931
"1931-04",55.218,26.926,6.707,95.013,17.927,62.076,10.335,17.255,39.386,58.019,NA,97.043,19.017,92.595,15.862,142.919,47.623,47.405,9.744,17.436,74.599,1.911,4.944,52.643,35.6,119.566,122.779,8.38,76.417,NA,NA,5.243,NA,96.939,0.072,24.094,232.421,234.244,81.009,51.602,64.373,79.096,76.138,7.831,123.143,163.976,66.414,96.748,154.089,69.366,71.007,115.704,15.559,68.9,98.209,95.69
"1931-05",46.947,33.355,136.729,84.576,20.856,23.365,20.396,54.745,20.602,48.724,NA,102.347,56.267,64.783,27.101,281.018,40.833,64.039,9.369,20.247,142.277,3.893,18.577,173.338,43.437,102.27,217.849,19.881,81.262,NA,NA,13.343,NA,174.686,1.079,15.181,255.776,145.539,58.584,60.576,83.212,80.715,64.79,10.741,121.957,108.791,89.185,93.077,179.515,60.732,127.281,65.272,13.711,71.692,89.495,95.564
"1931-06",42.082,37.308,58.487,116.312,17.456,15.498,19.659,143.392,19.541,96.152,NA,88.316,69.433,83.946,53.806,272.754,32.872,43.791,18.193,7.375,185.238,1.328,12.695,65.35,18.827,58.921,43.799,21.575,41.067,NA,NA,9.873,NA,206.605,0.158,160.78,230.839,20.524,86.779,73.923,131.261,65.286,72.787,16.762,110.338,122.064,127.818,78.215,171.821,60.21,148.267,54.819,77.635,185.35,94.829,95.723
"1931-07",55.129,40.236,177.302,100.046,28.302,5.611,125.43,230.843,22.022,92.17,NA,79.821,60.604,64.388,197.863,68.61,48.969,21.478,1.843,4.747,335.64,1.49,14.567,52.32,97.372,108.161,18.221,24.661,97.723,NA,NA,1.874,NA,150.474,0.019,225.126,222.554,6.808,46.208,97.554,91.638,68.194,56.677,26.281,106.889,120.424,171.929,70.103,143.423,66.494,128.85,42.297,74.525,240.496,83.514,97.211
"1931-08",74.151,55.87,30.651,166.908,47.245,12.457,56.373,162.777,42.85,116.542,NA,67.888,59.146,70.295,137.136,14.053,66.371,17.338,1.137,5.154,320.882,0.761,14.287,50.95,43.35,43.185,9.028,59.687,82.404,NA,NA,1.437,NA,183.247,0.063,135.351,185.439,6.812,37.297,71.003,93.774,68.236,61.874,29.822,85.003,132.693,191.08,80.322,100.578,79.75,159.182,30.574,32.542,207.411,82.197,97.714
"1931-09",79.906,50.336,124.691,127.525,45.101,16.317,61.572,135.479,50.041,146.025,NA,59.798,26.338,55.274,131.933,7.831,81.676,36.041,14.486,13.074,251.628,0.963,19.651,94.401,25.928,50.013,10.012,42.063,92.094,NA,NA,14.109,NA,215.555,0.314,95.58,141.158,8.831,15.369,29.873,42.566,74.373,59.223,32.624,83.003,154.732,173.431,60.884,79.695,92.888,146.676,32.328,31.014,158.113,81.119,94.323
"1931-10",84.476,40.758,220.641,156.574,49.077,105.576,124.604,224.126,142.822,131.913,NA,53.292,27.366,81.512,97.56,9.789,80.522,60.938,26.581,45.624,203.871,7.05,81.993,177.746,82.676,49.273,16.419,33.636,106.939,NA,NA,37.826,NA,104.459,22.569,126.583,131.118,4.912,5.683,34.034,55.327,58.205,53.887,27.389,70.377,128.811,165.11,71.772,86.698,104.122,199.161,31.367,113.349,253.189,81.693,94.08
"1931-11",72.305,57.289,196.37,144.567,40.931,111.349,53.188,94.147,63.42,149.578,NA,51.203,14.945,74.465,159.242,19.7,106.437,106.229,42.179,89.71,56.961,7.011,233.428,344.512,50.478,67.315,31.929,27.348,89.877,NA,NA,47.67,NA,100.395,20.29,108.316,151.839,11.063,20.278,51.12,77.411,45.148,62.974,19.376,75.505,152.246,133.302,65.28,75.203,88.108,240.657,49.625,139.027,234.93,73.849,92.974
"1931-12",83.711,34.703,177.12,177.426,25.604,119.016,77.159,48.249,80.168,114.974,NA,71.961,16.323,89.484,104.631,40.475,107.133,59.39,190.601,56.254,3.54,7.304,65.085,177.848,21.156,102.892,109.551,16.62,85.4,NA,NA,85.777,NA,121.627,4.573,32.391,183.307,130.753,19.291,27.264,90.092,44.68,43.709,16.688,84.229,207.443,101.365,60.587,74.959,108.376,252.419,91.691,49.858,56.462,66.461,94.571
"1932-01",91.8,28.371,189.134,167.132,28.249,169.731,58.65,22.676,58.832,100.62,NA,84.831,17.796,91.657,38.652,67.99,104.139,43.767,71.747,49.907,1.802,15.85,10.117,51.316,23.075,94.585,127.616,7.317,65.107,NA,NA,36.612,NA,117.89,2.143,11.415,239.253,282.733,35.662,38.446,74.551,60.756,50.073,13.827,100.069,217.549,86.6,74.418,53.141,98.107,246.349,126.663,26.513,18.972,77.651,99.961
"1932-02",70.215,22.54,160.018,182.216,25.002,101.616,80.745,26.911,68.638,50.058,NA,76.408,30.805,92.024,15.498,57.554,79.358,62.236,27.128,42.977,1.326,5.915,5.986,66.288,27.462,118.715,171.133,14.566,66.65,NA,NA,30.187,NA,103.847,2.794,5.376,211.132,400.078,150.534,42.417,43.874,67.654,58.739,15.778,123.148,228.878,73.639,86.708,30.733,98.811,160.392,119.067,3.236,6.044,80.056,98.561
"1932-03",73.841,34.956,111.029,161.467,17.893,54.664,69.34,26.76,64.825,116.52,NA,81.119,35.094,122.423,21.638,99.386,68.806,52.34,35.593,46.537,13.419,2.892,2.86,79.222,39.4,91.15,161.851,14.76,67.299,NA,NA,38.486,NA,94.081,1.173,1.858,156.266,162.885,109.641,59.102,58.923,88.376,78.964,22.253,119.542,209.443,66.791,96.738,62.238,80.194,150.952,122.409,1.743,5.597,92.933,95
"1932-04",44.617,26.507,143.507,109.669,17.557,81.03,30.993,14.691,29.037,110.697,NA,91.125,33.144,77.204,21.598,240.811,47.806,68.868,11.703,36.975,53.391,4.23,5.826,53.872,23.992,159.605,118.926,13.289,44.042,NA,NA,20.752,NA,103.186,3.27,4.667,157.472,82.852,40.779,29.064,95.876,77.206,66.192,11.138,108.937,223.654,55.681,85.483,138.131,74.341,123.948,135.885,1.634,2.254,90.29,95.468
"1932-05",58.515,28.814,21.687,84.057,17.311,27.559,10.687,47.1,57.013,92.53,NA,84.635,75.682,96.658,20.801,285.758,29.621,38.65,12.407,30.962,161.258,4.882,51.861,263.624,60.774,73.366,124.598,13.408,65.055,NA,NA,34.128,NA,135.413,2.351,16.617,199.484,38.736,61.021,65.451,110.476,97.211,72.2,11.868,102.959,224.346,57.819,86.78,212.108,66.233,181.713,75.931,15.781,88.729,91.359,98.951
"1932-06",57.213,58.141,80.716,133.062,22.694,42.859,30.717,165.181,89.354,108.476,NA,87.9,68.856,81.936,95.277,249.045,32.967,17.48,5.323,21.311,235.785,2.96,59.788,223.283,52.458,45.359,29.332,24.567,67.084,NA,NA,4.438,NA,191.996,0.081,84.312,174.344,12.798,92.306,83.244,111.469,85.76,65.055,16.56,102.548,178.87,109.487,89.216,229.72,61.755,174.42,66.327,76.983,55.083,87.678,99.689
"1932-07",60.014,45.336,104.488,139.616,37.446,7.022,92.579,274.158,41.093,129.522,NA,95.176,34.67,49.882,200.209,52.894,38.548,17.021,2.217,1.881,312.74,3.3,15.708,85.029,59.495,54.734,8.559,18.48,81.737,NA,NA,2.224,NA,91.282,0.122,207.678,183.789,11.86,41.541,99.114,90.53,68.128,56.027,25.442,92.097,147.672,178.562,69.327,146.485,57.325,194.914,45.699,98.145,321.821,93.471,98.874
"1932-08",70.959,62.35,105.654,100.252,31.467,17.825,113.684,247.626,58.239,135.902,NA,49.641,31.709,84.48,171.877,14.68,67.277,14.616,2.723,4.321,309.808,1.273,14.342,68.462,24.196,50.461,6.639,37.836,109.066,NA,NA,2.588,NA,222.977,0.042,165.786,159.995,3.864,28.369,138.647,122.092,55.926,59.671,33.462,77.354,118.692,197.903,73.72,84.574,69.751,201.103,32.715,62.637,183.305,83.309,95.064
"1932-09",78.919,42.987,153.023,134.945,41.008,23.553,53.242,195.405,87.371,121.067,NA,83.142,32.021,75.581,152.316,7.126,80.368,58.626,10.301,15.913,220.72,1.28,29.34,85.621,14.018,36.889,9.461,45.15,93.574,NA,NA,17.366,NA,211.336,0.134,178.413,203.425,2.935,12.555,94.747,94.983,62.433,59.209,24.887,77.165,117.967,172.907,64.693,74.845,92.635,169.633,25.942,36.759,273.987,82.899,95.585
"1932-10",66.977,49.027,149.997,160.208,43.052,101.803,82.143,269.359,149.705,136.966,NA,63.529,29.044,65.528,71.011,8.525,63.016,60.854,5.896,43.545,144.55,12.235,123.722,231.458,28.69,59.532,19.074,24.922,86.671,NA,NA,19.76,NA,110.803,9.616,90.61,117.865,4.39,12.644,36.961,82.653,61.505,55.955,25.98,76.234,103.434,175.073,63.649,77.265,111.764,265.687,33.675,84.112,105.816,79,92.348
"1932-11",69.097,39.895,201.216,167.12,30.149,131.415,79.029,83.034,63.733,130.825,NA,61.789,17.451,70.752,60.614,35.68,104.034,100.861,93.26,52.31,32.282,15.625,85.813,187.812,17.763,71.349,81.432,17.517,105.234,NA,NA,68.452,NA,144.848,8.696,97.018,244.277,12.803,47.807,37.558,80.242,50.841,43.885,18.885,80.428,113.734,140.727,67.721,92.852,100.144,270.877,40.345,146.875,220.381,67.298,93.131
"1932-12",74.773,30.549,44.303,84.527,38.117,162.548,53.033,32.362,37.942,66.802,NA,72.215,24.914,88.721,64.24,120.358,122.912,78.756,56.383,62.023,6.479,11.367,112.254,379.689,34.409,113.48,225.814,18.516,92.366,NA,NA,70.688,NA,123.797,16.564,11.798,201.091,81.221,41.331,38.3,66.475,40.704,37.92,19.424,88.163,136.879,127.509,66.913,99.862,97.317,288.844,49.278,22.566,23.836,66.935,95.192
"1933-01",89.949,35.305,95.967,124.152,28.742,79.096,56.18,25.016,73.976,68.166,NA,93.944,15.073,86.834,84.471,101.942,82.19,89.852,20.961,67.529,1.464,13.098,9.338,124.807,20.029,132.604,224.388,19.295,90.273,NA,NA,26.671,NA,90.48,2.69,20.727,252.115,347.23,99.163,32.394,100.552,54.823,35.869,20.527,114.383,126.645,110.387,78.699,47.79,87.072,281.567,71.735,14.89,49.724,72.317,95.968
"1933-02",89.011,26.3,105.961,91.636,20.251,99.237,44.111,19.409,48.273,153.358,NA,63.851,29.449,80.541,68.58,127.627,94.197,78.479,20.314,34.284,2.134,6.981,6.037,63.653,41.615,130.475,120.173,18.996,65.472,NA,NA,25.29,NA,118.86,11.431,8.68,161.838,270.097,71.116,26.058,91.566,68.557,65.894,19.861,113.453,120.967,87.804,100.114,44.596,82.712,194.982,128.73,14.439,9.555,82.655,94.072
"1933-03",86.81,16.704,115.772,114.756,21.232,81.495,11.505,12.569,27.588,85.959,NA,63.498,39.916,76.386,31.601,106.937,81.398,50.738,20.523,35.466,18.501,1.343,9.445,72.47,54.273,109.917,139.091,20.844,86.327,NA,NA,42.98,NA,84.257,0.063,6.494,205.598,296.398,96.136,40.639,82.384,85.236,81.353,18.81,125.57,138.148,71.359,104.62,73.09,86.551,181.073,113.271,12.964,19.15,90.236,95.767
"1933-04",60.281,24.292,42.693,116.62,15.614,83.391,9.539,10.787,16.847,54.245,NA,104.822,29.384,63.078,19.977,279.09,51.242,48.576,7.921,25.883,73.358,5.229,5.505,111.925,38.167,104.605,73.006,11.092,63.359,NA,NA,21.388,NA,109.105,4.024,4.203,186.495,318.885,70.219,55.21,94.886,83.085,72.429,16.199,123.516,120.313,73.945,95.903,132.142,61.971,97.807,105.214,4.107,32.797,94.838,92.026
"1933-05",51.397,25.745,8.454,84.656,21.203,35.616,5.563,30.36,21.208,32.696,NA,71.261,24.853,81.922,21.074,229.176,51.202,45.575,7.729,25.941,144.879,4.014,3.476,125.246,26.132,103.6,197.65,17.095,67.335,NA,NA,38.088,NA,125.872,2.173,24.518,224.668,189.012,87.846,58.018,101.61,75.022,77.984,10.279,116.91,104.372,80.814,91.139,214.052,66.322,177.29,88.545,12.408,90.022,102.715,98.171
"1933-06",51.374,30.987,57.852,96.726,22.833,27.908,38.013,231.418,41.041,66.051,NA,95.706,26.514,66.676,79.695,283.527,39.555,39.998,1.694,10.281,185.132,1.879,23.561,105.219,121.766,94.756,68.321,31.442,66.671,NA,NA,6.967,NA,192.181,0.086,125.733,240.067,38.678,76.99,99.767,108.458,85.484,62.733,20.78,110.333,98.883,135.605,73.416,241.998,59.307,103.495,63.453,42.292,164.447,97.55,98.575
"1933-07",59.365,34.28,3.949,125.553,34.504,25.274,58.582,213.16,25.002,92.62,NA,106.065,44.441,37.302,126.291,50.15,41.082,30.489,12.738,4.465,329.857,1.722,17.084,54.777,76.116,57.07,24.736,32.737,76.698,NA,NA,4.067,NA,115.657,0.034,217.72,239.443,34.536,71.142,76.203,78.979,74.903,61.951,25.303,105.953,90.638,152.5,64.685,181.542,77.431,125.037,46.318,127.395,233.39,87.546,94.766
"1933-08",71.777,50.026,27.121,114.647,55.305,25.163,33.22,132.472,37.803,137.833,NA,87.142,50.519,82.484,110.161,13.46,60.99,39.729,1.019,3.832,362.8,0.901,28.881,44.103,64.432,35.277,12.435,31.008,56.558,NA,NA,5.862,NA,176.115,0.216,204.711,204.012,4.111,22.751,99.069,96.803,54.135,54.674,34.243,95.295,97.911,175.947,75.583,111.077,75.557,136.419,33.397,92.124,249.005,84.445,96.725
"1933-09",77.841,54.175,129.825,120.367,40.288,81.966,86.359,225.67,64.04,127.417,NA,67.85,40.292,85.422,154.75,10.349,66.675,50.984,7.5,7.164,243.116,1.246,41.388,51.665,54.754,23.161,17.99,43.802,67.883,NA,NA,4.933,NA,209.988,0.107,164.889,199.067,7.162,13.843,41.318,61.431,52.275,42.49,27.483,81.319,98.289,173.497,70.588,88.707,82.867,193.864,24.957,71.585,229.52,82.986,93.853
"1933-10",78.206,49.764,158.801,173.122,29.754,76.545,82.462,203.164,93.814,138.707,NA,72.11,22.93,78.777,103.282,12.62,89.132,84.008,57.294,31.023,158.324,3.955,84.437,179.686,42.274,49.283,29.751,26.679,120.566,NA,NA,56.318,NA,129.916,1.075,62.142,205.838,5.538,7.167,51.097,75.309,60.288,58.917,28.598,76.614,93.078,169.643,68.405,92.191,103.118,271.265,27.292,69.831,143.947,75.575,93.346
"1933-11",76.297,37.101,149.115,106.859,32.432,141.355,78.406,74.752,58.747,107.853,NA,86.553,22.353,60.412,109.145,37.654,83.651,132.629,76.874,62.846,25.917,4.313,49.703,158.105,30.058,55.161,124.045,17.857,110.901,NA,NA,108.377,NA,132.556,2.534,31.115,221.959,25.244,23.887,53.537,65.119,41.904,36.672,19.802,85.51,126.742,133.39,57.585,110.312,98.345,256.19,47.748,17.265,131.53,75.73,92.688
"1933-12",74.369,33.412,203.03,155.185,28.373,187.968,102.387,46.12,46.026,105.43,NA,62.355,25.025,92.478,61.022,119.653,95.008,93.706,67.915,59.968,6.658,16.971,22.691,94.156,16.866,86.924,151.501,19.738,77.206,NA,NA,71.214,NA,157.588,9.974,15.598,204.698,70.805,37.738,21.598,82.443,40.623,44.488,20.642,93.908,156.515,123.8,65.951,111.53,106.052,276.6,78.457,31.131,44.501,67.758,97.58
"1934-01",78.433,36.377,77.07,149.506,29.982,115.013,38.881,36.446,58.826,80.555,NA,83.171,15.269,87.541,35.731,91.516,85.951,126.61,30.776,58.725,2.222,7.058,10.031,92.051,16.411,151.756,229.682,12.622,85.955,NA,NA,16.77,NA,98.302,7.914,6.587,294.789,368.085,88.568,37.474,99.251,58.213,41.775,12.341,110.055,189.424,96.143,66.823,45.973,106.552,203.807,68.349,20.482,28.929,71.979,97.684
"1934-02",67.004,15.679,151.11,153.876,25.282,100.851,41.439,17.167,40.996,69.997,NA,94.559,24.879,90.117,19.986,84.592,78.671,127.602,10.016,47.001,1.866,3.085,5.449,48.355,23.54,142.064,169.802,13.952,56.937,NA,NA,17.069,NA,96.96,1.041,14.15,219.755,336.31,40.983,36.712,74.234,70.593,67.73,14.835,119.31,217.73,77.661,74.698,31.632,108.502,162.776,85.897,10.395,15.712,83.918,95.316
"1934-03",64.574,34.767,82.949,140.204,28.694,81.768,26.22,9.907,23.755,132.084,NA,95.56,28.746,123.983,21.77,183.621,71.616,50.416,50.304,36.274,17.413,10.614,6.668,70.446,32.625,130.073,131.445,14.185,88.163,NA,NA,50.275,NA,77.248,0.576,3.226,182.727,274.106,63.035,38.942,65.682,90.395,61.95,18.308,116.782,210.311,61.846,88.865,73.147,82.373,125.748,114.374,4.924,6.051,93.952,95.427
"1934-04",59.124,29.808,53.134,112.74,22.875,57.526,7.932,13.902,21.24,85.515,NA,80.155,43.896,110.925,13.774,280.573,67.312,67.826,22.513,35.489,76.666,3.304,11.582,118.997,28.154,145.093,148.093,16.776,47.179,NA,NA,25.387,NA,94.208,2.13,7.457,187.2,141.178,26.74,53.131,56.758,87.542,71.221,12.802,109.716,216.636,54.71,99.026,124.261,79.223,131.258,99.583,5.651,25.766,92.052,94.578
"1934-05",36.649,22.626,67.463,85.211,24.661,19.962,11.714,36.237,25.999,70.555,NA,86.551,79.86,83.803,11.746,237.436,46.806,70.561,7.314,19.114,183.831,2.747,46.745,195.815,68.903,45.532,186.677,11.003,83.499,NA,NA,6.827,NA,102.539,0.485,26.458,198.848,53.984,35.376,69.272,97.2,83.245,78.456,15.561,101.288,194.84,69.093,88.45,194.83,65.501,191.348,89.244,30.895,44.605,94.468,95.754
"1934-06",47.424,42.601,43.177,115.882,19.33,12.395,8.945,153.296,23.822,99.038,NA,85.16,62.473,70.745,71.341,249.374,43.148,28.921,19.386,13.858,211.047,1.304,18.36,45.977,49.116,74.65,28.208,19.071,61.184,NA,NA,15.92,NA,154.291,0.19,82.728,246.634,11.129,52.542,107.505,99.616,72.293,72.72,20.529,103.732,162.249,113.682,79.364,183.653,65.154,141.326,58.007,72.457,154.973,89.016,97.996
"1934-07",68.634,50.439,64.557,98.912,23.886,47.664,57.768,213.589,32.963,113.304,NA,80.897,44.323,89.064,172.583,44.339,28.448,45.042,1.733,12.761,434.553,1.37,13.991,44.222,127.689,100.7,9.855,28.028,53.454,NA,NA,2.276,NA,178.925,0.047,83.061,203.893,5.039,38.736,147.795,136.219,57.421,58.806,22.844,89.48,144.848,164.183,84.295,120.042,75.69,108.586,45.116,53.501,108.875,82.992,97.449
"1934-08",63.531,53.66,58.163,120.382,38.021,30.188,76.359,197.604,51.649,114.488,NA,93.225,46.899,61.922,105.212,11.957,47.87,48.155,2.243,6.869,348.94,0.773,10.506,35.481,101.692,46.081,6.93,52.778,54.114,NA,NA,4.308,NA,190.801,0.051,247.703,179.211,12.286,26.575,93.265,96.856,64.302,48.214,31.447,79.981,146.06,174.529,65.069,72.929,86.914,82.086,36.694,119.874,263.349,88.322,95.381
"1934-09",76.754,72.35,129.315,149.006,44.376,32.924,106.791,223.513,87.541,154.939,NA,60.609,47.816,80.214,90.245,9.327,79.53,65.368,8.566,15.271,239.203,1.387,42.1,60.421,39.922,38.028,10.594,35.218,52.877,NA,NA,8.619,NA,208.768,0.462,88.12,173.794,4.622,16.19,56.926,88.186,65.391,53.368,24.083,76.87,113.922,189.037,69.705,70.536,99.822,195.758,26.369,60.253,137.97,80.938,94.752
"1934-10",76.635,51.482,112.444,175.033,43.2,83.341,36.574,199.274,130.653,132.791,NA,61.357,19.353,91.547,73.81,11.193,92.293,64.419,49.369,54.175,149.345,13.769,76.074,202.961,38.691,65.764,22.847,31.696,76.326,NA,NA,45.579,NA,99.391,13.497,154.452,128.423,2.393,17.639,39.766,78.365,57.345,68.864,27.317,76.481,125.533,168.827,63.27,69.146,112.273,265.09,27.029,135.595,231.256,81.948,95.547
"1934-11",93.222,42.722,272.835,207.287,38.875,92.06,126.695,71.734,76.137,131.653,NA,84.058,20.191,67.055,88.395,29.241,94.32,132.521,50.001,64.549,56.097,8.289,103.625,210.73,41.296,70.534,74.191,22.018,91.251,NA,NA,128.8,NA,122.684,6.072,80.684,221.248,16.181,22.56,39.024,61.316,50.937,48.076,19.705,85.074,124.669,134.119,59.794,93.708,100.907,299.817,34.445,115.426,193.051,77.985,95.183
"1934-12",100.022,38.58,197.343,145.092,29.35,119.011,73.814,44.526,55.184,123.258,NA,71.195,22.071,91.928,77.463,47.454,103.709,82.143,54.146,72.586,2.3,8.405,42.668,147.102,38.424,122.833,177.874,23.348,83.678,NA,NA,64.988,NA,100.488,7.06,8.829,241.413,222.203,74.471,29.966,81.355,39.047,36.744,14.797,99.989,149.523,124.25,68.049,85.933,86.431,222.787,49.68,36.89,44.874,69.137,94.977
"1935-01",77.062,22.785,98.885,146.809,31.409,209.344,53.531,25.121,58.839,51.71,NA,82.968,16.441,70.443,29.225,152.412,100.129,94.362,24.408,59.182,5.739,14.186,8.519,135.437,22.808,141.482,158.17,26.742,58.271,NA,NA,45.768,NA,81.543,16.079,10.425,236.829,402.794,146.238,39.484,85.954,51.644,46.499,20.903,112.324,151.11,95.857,59.211,67.077,122.644,246.449,50.617,9.946,85.119,76.183,97.158
"1935-02",86.559,26.695,191.627,160.06,24.771,116.971,35.831,15.908,35.916,53.293,NA,91.096,18.711,81.744,30.758,136.849,102.712,74.174,72.591,31.291,4.723,7.181,7.723,57.256,43.707,160.776,189.415,23.122,58.162,NA,NA,80.652,NA,86.243,9.788,1.991,225.344,233.669,133.512,60.354,54.912,75.89,62.584,19.765,116.646,186.393,81.005,82.687,50.561,89.993,178.554,115.696,6.085,5.891,85.32,95.878
"1935-03",87.129,28.187,65.024,114.839,21.11,90.079,22.7,16.684,40.033,76.893,NA,90.156,20.462,86.066,26.759,154.487,81.523,49.275,34.865,20.559,20.269,5.201,3.314,43.132,34.636,119.392,97.673,21.025,68.554,NA,NA,26.602,NA,93.557,0.085,2.359,223.171,309.217,145.009,56.373,86.885,87.761,85.697,14.784,118.068,170.829,71.3,92.445,77.031,71.813,136.887,114.669,3.758,12.28,91.789,94.583
"1935-04",44.393,25.184,34.036,123.977,13.897,67.125,5.318,16.469,16.57,34.961,NA,83.498,23.758,89.943,24.332,172.349,68.953,59.987,11.338,16.843,71.763,4.932,13.191,63.707,36.258,119.922,90.453,15.086,80.999,NA,NA,25.34,NA,81.109,3.783,2.202,199.425,229.903,66.813,67.64,76.794,87.182,82.121,14.97,122.985,140.601,68.741,91.698,141.411,68.017,95.815,121.604,2.201,22.925,93.464,92.74
"1935-05",41.461,24.847,74.413,95.624,19.093,30.374,6.983,61.893,29.167,54.036,NA,91.761,37.84,82.21,14.302,325.01,38.303,52.299,24.668,28.345,202.051,7.217,30.169,219.033,35.452,107.737,118.174,15.628,61.712,NA,NA,15.792,NA,106.777,5.465,6.235,225.18,147.264,81.824,66.98,71.414,94.451,69.712,13.376,114.316,127.598,92.669,76.164,234.224,58.992,87.854,103.071,2.26,58.764,95.603,95.789
"1935-06",42.37,21.434,93.594,106.994,24.372,20.253,37.778,178.029,32.445,84.083,NA,93.769,63.093,58.649,97.862,214.706,54.148,13.433,2.818,7.919,149.737,2.076,15.364,93.84,54.615,76.707,74.334,25.81,87.17,NA,NA,3.784,NA,145.679,0.078,166.562,275.438,55.788,45.703,94.483,94.028,63.313,65.073,20.172,111.193,119.661,153.394,72.374,218.471,58.739,120.869,43.136,79.718,302.169,93.609,99.94
"1935-07",55.12,46.606,77.116,105.12,29.059,26.167,59.218,202.435,40.549,113.137,NA,76.64,64.131,65.885,174.638,48.279,58.283,21.673,1.128,2.689,361.848,1.241,12.95,54.837,30.645,99.16,12.506,27.638,76.859,NA,NA,0.53,NA,190.946,0.005,164.669,175.636,6.731,90.676,115.109,125.883,76.46,65.054,22.555,99.997,119.163,198.168,71.478,131.833,54.949,106.417,47.797,45.316,151.07,86.549,98.019
"1935-08",63.819,65.495,87.736,123.596,34.141,6.726,81.665,173.353,44.247,112.561,NA,62.464,37.958,61.122,165.971,15.48,73.191,12.164,2.265,1.7,382.736,0.87,9.852,33.333,67.393,71.171,13.642,41.343,79.055,NA,NA,5.565,NA,204.263,0.022,114.844,179.556,6.093,30.688,96.017,85.563,70.028,62.731,36.567,82.623,141.824,155.75,61.403,83.249,77.479,161.203,39.71,49.906,154.511,87.54,94.356
"1935-09",84.641,48.362,70.553,117.476,48.788,44.695,82.822,184.267,72.869,140.296,NA,61.937,34.838,61.384,123.961,10.314,54.503,47.235,10.984,27.554,178.598,1.445,16.758,41.427,23.493,66.797,12.879,40.522,84.516,NA,NA,11.018,NA,157.031,0.219,237.15,204.185,3.634,35.714,68.355,86.827,64.055,68.555,33.243,76.362,122,185.376,60.831,76.008,89.891,130.196,30.797,119.642,282.992,84.865,95.411
"1935-10",88.02,49.067,141.717,120.381,67.833,87.131,88.992,108.699,72.815,125.121,NA,85.898,20.293,58.855,75.674,18.622,77.532,42.786,12.818,29.144,123.583,1.372,32.26,79.368,19.74,37.609,27.584,30.539,106.146,NA,NA,34.263,NA,174.896,0.253,103.357,160.165,2.846,8.341,67.302,91.286,54.771,47.291,33.249,72.667,115.032,181.863,58.807,90.113,101.442,222.431,28.211,63.261,224.956,76.754,94.494
"1935-11",69.045,36.82,147.227,145.512,53.765,189.414,123.562,114.149,63.604,129.242,NA,64.463,22.86,81.686,78.654,31.28,120.451,102.293,43.041,51.919,51.891,13.706,144.605,243.675,61.064,82.684,41.423,30.299,79.424,NA,NA,51.42,NA,99.517,12.154,81.439,161.574,9.794,9.25,39.908,80.654,42.752,49.617,25.596,77.269,116.94,152.849,68.882,104.842,108.861,320.036,34.571,145.194,137.244,76.585,95.673
"1935-12",77.47,37.811,121.097,139.925,29.078,146.912,59.135,44.805,61.956,92.785,NA,59.5,15.586,63.146,51.839,82.75,107.741,107.063,62.023,86.792,6.075,21.243,48.967,267.635,29.789,119.326,106.258,23.951,82.169,NA,NA,45.727,NA,120.111,6.618,15.755,188.804,34.107,16.581,52.622,65.847,48.31,35.91,18.32,84.644,178.512,117.575,55.459,80.992,108.994,271.688,60.358,46.94,69.915,74.902,95.081
"1936-01",74.012,20.295,126.48,133.026,26.049,110.794,29.556,22.984,38.591,96.702,NA,68.94,10.368,87.468,39.859,79.519,89.026,99.793,57.323,68.661,2.311,14.38,12.167,51.516,26.582,123.194,183.888,17.391,71.215,NA,NA,45.191,NA,112.996,5.794,3.031,278.397,331.627,73.495,37.692,95.002,44.824,51.638,11.832,92.992,175.64,93.489,65.621,66.186,91.131,254.493,103.128,12.834,76.109,74.436,97.527
"1936-02",85.106,20.803,137.159,127.348,23.53,168.048,44.786,10.532,27.465,93.491,NA,99.241,28.882,77.753,22.646,128.839,97.378,40.264,69.971,39.67,2.068,5.835,5.096,56.318,33.833,124.912,174.261,12.783,68.337,NA,NA,36.175,NA,95.69,1.991,3.415,249.795,357.892,204.574,35.294,69.522,65.798,68.922,16.523,134.415,143.321,84.572,84.877,43.94,81.63,194.99,79.546,2.52,22.108,80.298,96.2
"1936-03",76.59,25.592,106.43,115.354,21.625,76.33,17.34,12.915,33.834,62.759,NA,75.837,28.441,125.712,19.431,142.188,48.982,62.452,49.245,43.527,21.7,9.014,1.883,61.236,50.077,147.643,75.56,13.188,67.471,NA,NA,34.824,NA,63.875,0.025,6.693,198.009,266.905,154.012,44.305,81.806,89.818,72.702,16.096,125.505,148.211,75.772,109.658,51.456,83.132,129.571,115.783,5.141,26.581,89.816,95.425
"1936-04",54.877,21.463,91.698,117.461,15.246,60.1,14.918,17.875,33.844,48.256,NA,88.104,28.757,70.117,18.698,158.066,50.052,80.136,4.278,34.698,84.455,5.714,5.293,166.845,39.277,118.531,153.373,11.453,79.93,NA,NA,11.042,NA,92.497,0.984,1.648,228.337,298.395,79.909,54.088,52.616,79.948,75.359,11.007,136.72,140.61,66.665,86.212,179.732,82.059,85.421,81.988,1.872,15.473,101.717,96.313
"1936-05",42.786,34.007,13.017,105.204,22.489,39.145,6.721,53.638,33.92,41.771,NA,53.144,37.94,71.856,23.023,304.093,54.366,45.611,4.724,15.536,129.478,1.107,17.365,86.484,60.228,88.657,163.256,12.209,63.404,NA,NA,12.196,NA,118.728,0.077,12.39,273.151,159.976,24.93,52.549,114.354,91.279,67.218,11.792,118.318,133.536,94.292,85.454,189.577,62.93,108.589,77.031,4.77,109.882,90.965,96.074
"1936-06",58.403,38.731,18.947,99.877,26.872,26.599,22.708,193.651,35.852,72.983,NA,89.082,54.132,45.328,68.292,266.755,40.062,23.127,2.014,6.276,253.852,2.288,15.813,122.553,138.058,85.46,84.071,24.497,55.552,NA,NA,4.57,NA,142.931,0.203,43.551,233.173,32.879,30.43,118.298,100.903,68.824,50.058,18.173,114.207,108.1,133.955,72.077,220.412,60.798,139.009,50.845,87.97,67.361,94.778,96.89
"1936-07",52.662,36.857,20.953,128.133,50.28,14.416,22.588,154.363,28.169,123.352,NA,89.12,45.474,61.678,158.97,50.152,49.862,15.148,0.777,4.07,330.575,1.8,13.149,82.855,41.744,67.961,8.864,37.847,51.859,NA,NA,2.555,NA,168.353,0.035,183.711,205.941,10.143,41.343,118.378,113.15,63.564,54.352,31.957,94.837,110.192,170.782,79.34,133.436,70.665,155.356,43.182,71.897,228.143,88.114,96.406
"1936-08",59.432,49.767,61.62,105.117,50.627,13.729,41.259,155.362,44.229,120.251,NA,73.303,54.938,53.907,158.409,13.063,59.907,24.501,0.49,2.71,321.009,0.704,9.56,41.702,50.162,63.369,6.098,53.848,86.531,NA,NA,5.121,NA,191.492,0.012,175.975,191.693,3.277,26.403,120.816,130.829,67.108,67.643,40.214,91.109,134.578,168.788,70.955,80.017,66.658,127.176,36.344,51.422,225.146,85.899,96.148
"1936-09",82.926,51.075,169.591,118.604,60.49,40.647,115.803,220.29,63.72,115.746,NA,53.804,18.383,80.856,115.567,12.12,53.97,43.848,11.037,10.481,190.21,1.23,10.37,60.217,38.454,86.958,4.535,37.108,110.097,NA,NA,6.535,NA,136.946,0.223,82.508,132.299,3.403,12.364,58.983,107.924,69.661,56.651,24.688,75.189,130.45,206.958,76.239,55.328,104.63,120.025,34.279,21.667,123.308,78.026,95.371
"1936-10",73.359,48.001,82.872,156.276,33.097,102.878,54.839,228.931,128.653,150.733,NA,63.975,33.451,59.707,74.755,9.718,89.472,78.386,54.327,57.872,211.852,16.708,22.314,177.538,48.265,54.839,22.257,29.116,79.944,NA,NA,31.082,NA,126.917,3.795,175.351,154.593,3.919,9.818,41.299,60.088,55.695,52.869,15.398,74.457,135.13,148.953,67.194,67.325,127.153,269.033,32.382,99.332,239.419,77.966,93.812
"1936-11",92.987,41.861,117.829,128.311,34.166,137.734,55.641,66.665,63.866,157.368,NA,95.223,24.095,66.743,95.783,25.573,69.337,121.609,18.635,75.899,48.156,13.389,112.486,227.399,31.758,68.8,95.251,25.784,109.648,NA,NA,55.92,NA,112.849,23.197,58.574,117.524,15.109,14.931,29.813,63.115,55.201,31.04,21.504,76.44,181.717,142.135,64.349,110.671,103.547,293.379,30.353,101.507,146.465,73.903,95.448
"1936-12",82.797,32.859,255.093,191.406,27.983,121.535,108.325,60.201,46.59,112.186,NA,72.682,26.778,81.58,53.382,30.157,115.561,135.935,51.985,57.449,5.449,10.748,53.865,197.338,13.299,110.558,189.503,23.082,84.126,NA,NA,36.944,NA,95.46,10.24,37.289,219.857,41.675,23.56,22.823,72.446,54.572,36.736,12.581,82.18,208.297,99.705,71.642,62.224,99.821,328.646,62.75,94.962,155.478,68.746,97.768
"1937-01",88.951,20.937,202.771,176.659,25.239,175.145,87.71,34.502,47.847,67.289,NA,87.274,15.442,55.326,23.864,64.034,87.439,117.621,67.424,68.323,1.045,6.495,7.995,91.046,20.388,88.509,215.083,12.594,76.825,NA,NA,63.483,NA,88.521,11.276,41.614,176.763,208.368,40.159,32.626,103.198,42.706,45.712,11.513,86.57,237.562,75.995,66.084,51.524,111.861,224.026,95.498,20.14,39.23,70.932,92.724
"1937-02",108.487,34.322,141.505,183.533,20.076,138.119,55.125,14.885,45.308,48.747,NA,97.754,17.236,94.269,16.917,95.213,85.674,53.705,43.414,60.049,3.732,9.754,6.097,65.248,18.083,103.024,194.378,12.656,72.076,NA,NA,18.503,NA,80.984,1.626,3.183,203.392,355.366,51.516,22.13,55.429,72.294,51.393,10.746,118.425,210.449,70.716,98.363,49.725,106.473,204.407,101.189,6.424,4.261,86.923,98.118
"1937-03",61.309,25.422,125.838,149.895,20.256,119.504,38.669,10.566,30.424,118.124,NA,99.03,35.642,95.712,22.373,124.259,77.517,89.244,48.925,38.578,5.881,10.085,4.03,82.241,33.179,115.678,159.902,13.504,61.839,NA,NA,59.446,NA,97.158,1.761,5.26,170.55,231.454,69.05,32.869,52.06,78.697,55.624,13.408,134.064,218.522,62.339,98.228,51.696,91.847,156.059,116.021,1.745,3.524,90.508,96.815
"1937-04",58.836,20.569,46.847,149.323,16.016,69.598,16.809,15.744,28.837,99.825,NA,74.653,28.502,105.445,10.453,258.55,49.946,34.885,29.892,14.086,39.948,0.9,2.276,118.839,58.892,110.321,140.333,12.66,45.329,NA,NA,63.788,NA,112.991,0.325,1.168,148.777,101.786,62.224,52.489,42.06,85.311,87.339,12.418,102.522,243.22,51.325,87.189,97.54,90.142,102.58,118.941,0.634,8.773,98.977,95.685
"1937-05",46.526,36.606,51.316,110.294,18.319,32.265,20.398,47.323,40.906,86.188,NA,85.72,32.829,88.596,17.891,388.294,45.612,62.102,3.614,29.87,145.56,5.153,15.48,182.437,33.876,110.772,77.539,13.892,65.587,NA,NA,10.947,NA,100.862,1.065,3.28,155.191,51.464,72.595,94.191,94.281,80.995,58.532,11.291,95.624,239.103,53.693,86.066,218.008,66.136,135.864,94.005,2.753,20.872,94.026,97.132
"1937-06",59.86,40.744,80.274,124.217,29.469,13.69,16.614,198.777,91.372,93.893,NA,125.12,47.411,71.201,164.065,255.237,44.678,9.107,15.713,9.161,259.138,2.658,18.525,131.214,41.216,65.964,3.63,28.659,62.458,NA,NA,24.744,NA,185.689,0.154,38.838,215.368,17.116,39.784,93.26,90.088,79.588,63.187,17.141,92.384,222.121,84.123,76.343,198.457,44.761,170.345,60.197,55.079,132.091,89.103,96.347
"1937-07",58.974,38.081,111.211,101.19,24.267,13.322,38.36,200.173,58.385,132.258,NA,89.579,68.271,49.862,207.276,77.537,46.464,33.072,14.36,5.14,299.649,2.41,13.053,55.14,78.133,46.126,3.754,29.231,72.345,NA,NA,12.511,NA,194.587,0.015,164.767,173.14,16.639,24.012,88.713,77.975,79.232,57.531,23.831,81.862,215.866,146.403,67.05,84.536,69.946,140.669,44.626,43.456,196.31,92.124,98.234
"1937-08",56.155,50.431,103.539,135.914,40.494,25.403,92.647,276.361,81.369,128.975,NA,70.468,49.56,92.487,190.131,19.761,57.341,28.298,3.39,1.414,252.796,0.816,8.813,56.498,74.266,60.877,4.867,42.192,62.735,NA,NA,2.596,NA,157.573,0.05,177.396,199.256,7.208,36.455,55.431,76.069,66.184,51.546,23.847,75.432,160.992,154.424,73.769,66.727,84.986,145.223,39.339,45.115,260.607,87.603,95.904
"1937-09",70.363,74.492,247.058,155.022,33.884,46.393,110.747,262.453,93.31,131.937,NA,70.701,32.644,74.779,98.071,8.764,77.632,23.479,2.308,8.709,173.636,0.929,23.943,58.949,33.053,49.777,5.912,40.107,75.289,NA,NA,4.207,NA,280.748,0.165,116.916,199.054,4.656,21.258,69.065,81.549,74.637,43.878,25.142,67.521,156.965,181.336,58.505,58.611,98.292,173.614,25.55,58.385,204.83,87.441,97.115
"1937-10",77.097,44.235,221.88,90.661,35.152,58.224,82.899,209.848,124.556,133.288,NA,64.229,20.13,75.708,58.492,9.61,85.71,82.746,44.738,51.479,153.588,4.786,60.441,128.083,53.818,81.867,15.895,32.802,85.395,NA,NA,68.513,NA,86.658,7.2,130.236,139.722,5.013,7.245,36.175,76.096,52.805,65.686,27.735,70.136,142.412,150.842,66.074,74.054,130.59,278.505,28.85,71.529,257.98,82.253,95.593
"1937-11",80.536,48.566,185.255,136.63,29.551,117.33,93.895,109.927,95.729,133.902,NA,77.886,21.265,76.465,158.952,17.674,103.066,144.69,44.42,75.098,39.656,6.784,112.102,273.461,17.388,84.923,69.263,19.23,98.487,NA,NA,90.705,NA,116.64,10.23,73.287,179.643,5.897,15.197,52.828,69.382,54.591,52.386,13.585,70.565,133.713,151.552,59.345,123.673,95.443,307.548,39.632,118.91,170.145,75.309,95.382
"1937-12",99.557,39.194,125.022,174.688,32.543,119.136,40.856,55.275,83.546,103.346,NA,68.975,14.116,86.333,80.111,70.622,94.614,120.854,66.448,54.679,5.191,9.81,32.129,195.916,14.568,95.239,172.559,21.234,81.422,NA,NA,47.765,NA,98.791,4.234,45.28,246.248,109.787,59.503,22.575,98.192,44.597,46.092,20.899,88.214,158.4,123.358,63.424,75.282,98.336,281.181,38.992,71.823,189.78,69.771,95.913
"1938-01",101.918,25.342,94.28,163.687,25.618,166.479,25.698,22.425,48.719,56.448,NA,90.894,10.61,92.268,46.357,149.941,113.245,45.539,34.358,58.177,1.263,19.315,15.229,150.647,34.663,136.973,220.919,16.29,63.555,NA,NA,34.782,NA,93.106,21.426,7.819,245.398,219.813,87.089,38.756,88.916,54.338,38.944,16.266,108.85,168.827,91.182,75.038,73.592,94.672,263.057,64.234,19.016,32.051,76.13,95.794
"1938-02",85.659,33.003,54.843,107.997,27.836,127.361,17.533,16.168,36.51,37.212,NA,89.133,18.13,97.248,27.929,125.705,117.574,59.153,51.157,46.23,0.948,2.456,6.582,54.341,40.497,195.3,216.583,18.044,103.378,NA,NA,46.198,NA,95.971,0.632,7.753,217.745,390.701,65.006,29.967,73.255,70.703,59.045,19.907,133.227,131.797,79.486,95.895,48.352,82.632,188.198,122.174,12.828,29.293,85.658,99.197
"1938-03",51.28,26.203,121.704,83.561,27.595,119.032,22.977,11.462,24.474,35.34,NA,90.033,35.235,73.004,20.755,102.271,67.447,117.325,10.978,43.203,11.091,1.482,1.76,26.067,47.05,112.88,96.842,15.841,87.648,NA,NA,16.825,NA,113.362,0.031,28.379,204.274,307.73,121.746,37.397,97.758,86.43,76.459,12.849,117.498,127.902,75.182,118.155,46.346,74.05,132.796,139.991,19.96,82.032,87.812,93.903
"1938-04",43.328,30.813,26.828,96.913,22.671,87.2,6.854,18.945,21.601,41.532,NA,103.248,40.609,84.416,16.519,264.996,75.463,75.932,8.342,29.332,66.441,2.651,5.044,111.92,47.53,112.055,116.979,19.136,73.256,NA,NA,23.358,NA,121.49,0.389,14.969,187.27,282.821,47.458,48.582,50.936,87.193,52.146,17.824,118.454,129.701,68.374,84.017,132.98,69.147,102.127,113.712,10.202,113.69,91.61,93.791
"1938-05",56.324,20.486,32.495,117.583,15.612,48.361,5.472,32.241,21.345,24.133,NA,111.115,46.064,89.864,20.813,211.444,36.556,29.732,19.638,31.852,172.445,4.73,8.667,134.762,41.872,72.607,105.918,18.962,57.673,NA,NA,30.71,NA,147.127,1.66,15.825,226.143,180.696,76.361,95.677,120.202,83.531,59.216,15.802,118.286,99.842,86.154,101.724,223.846,61.032,133.822,78.322,9.495,90.213,90.563,97.332
"1938-06",44.259,41.293,81.896,127.316,17.89,13.462,25.981,179.907,28.405,67.903,NA,113.072,39.97,63.931,77.822,237.114,34.332,24.568,11.276,10.059,166.453,1.951,16.351,88.23,52.786,76.671,38.401,20.799,72.016,NA,NA,13.912,NA,190.442,0.157,138.966,227.854,60.962,60.963,102.708,127.269,76.464,61,15.377,112.609,93.234,137.107,80.766,237.216,62.256,91.39,64.335,77.205,256.866,94.358,97.1
"1938-07",49.763,54.758,35.359,137.942,18.434,28.639,42.953,198.444,23.517,87.797,NA,76.302,54.391,54.982,175.437,96.485,53.657,19.883,1.385,4.18,372.87,1.699,13.609,56.031,57.029,58.67,14.908,33.391,63.7,NA,NA,5.563,NA,138.627,0.025,187.531,206.432,7.356,41.122,131.902,109.765,65.645,61.572,24.127,104.226,77.418,182.121,70.51,203.156,74.546,135.052,41.139,75.214,197.468,86.811,98.174
"1938-08",70.01,53.788,73.144,145.752,39.712,8.404,45.132,170.443,45.849,113.852,NA,81.371,57.703,63.094,152.899,15.201,58.305,37.684,6.951,4.192,343.503,0.668,6.906,30.155,86.667,63.791,7.713,38.498,89.605,NA,NA,3.495,NA,188.202,0.049,164.904,187.085,5.446,26.133,102.819,100.218,82.031,31.03,37.01,94.28,96.522,179.562,66.4,91.302,95.58,155.972,35.505,62.154,208.402,83.351,96.465
"1938-09",58.392,50.913,118.698,125.158,51.849,46.983,132.727,230.639,101.2,135.821,NA,71.073,31.582,93.24,143.611,9.345,88.216,42.052,4.158,16.298,264.507,1.617,18.112,48.649,35.295,52.401,12.276,50.191,101.92,NA,NA,7.369,NA,171.802,0.205,90.203,221.41,10.519,11.769,51.011,72.182,64.959,55.125,31.861,76.846,80.792,191.617,70.337,86.526,93.935,231.531,32.003,59.548,199.131,81.99,94.863
"1938-10",75.299,50.594,309.186,143.195,28.268,118.752,133.136,257.928,107.401,137.956,NA,72.969,26.77,84.749,103.707,13.742,87.261,65.395,37.538,50.49,153.559,1.528,22.559,64.866,19.941,48.761,20.234,38.85,85.538,NA,NA,37.602,NA,134.569,0.323,107.747,228.318,6.47,11.952,44.383,74.351,60.041,40.88,20.525,75.467,92.359,169.27,53.325,85.211,97.606,208.742,40.504,24.222,173.816,85.122,92.604
"1938-11",66.472,36.294,122.43,131.379,35.895,153.31,64.899,105.5,66.812,122.833,NA,64.402,33.805,85.172,105.103,27.257,115.745,114.635,77.876,40.901,32.342,11.345,34.182,45.813,12.716,50.808,123.458,26.926,121.417,NA,NA,64.28,NA,152.106,6.809,138.556,245.956,30.531,7.619,60.21,52.219,40.833,41.96,17.079,88.072,92.935,143.709,71.071,106.019,108.186,200.021,46.769,84.714,274.258,72.655,93.529
"1938-12",68.131,37.568,70.43,116.435,40.155,163.566,33.327,29.67,64.268,101.753,NA,56.603,21.984,70.293,123.95,82.758,89.316,136.267,59.204,65.24,3.488,9.701,39.762,109.153,23.2,115.89,225.301,21.808,128.708,NA,NA,59.954,NA,117.295,8.022,26.856,243.264,177.421,31.781,21.081,53.975,40.541,46.86,15.758,96.183,130.272,126.699,61.027,91.75,98.381,265.846,55.318,59.317,136.593,68.692,96.06
"1939-01",70.59,18.045,85.888,143.8,18.304,193.015,39.041,29.086,66.189,50.79,NA,77.945,12.965,92.146,36.494,139.805,113.583,79.41,45.315,59.9,0.742,4.515,9.517,95.042,27.084,158.498,229.6,20.688,94.402,NA,NA,48.754,NA,108.068,3.693,28.946,238.384,329.394,112.531,28.109,58.559,55.34,50.291,13.427,116.813,122.923,99.726,72.595,65.132,91.986,203.821,69.858,31.726,63.384,78.744,94.597
"1939-02",71.259,23.241,132.848,85.761,35.421,105.818,26.786,21.109,45.497,68.531,NA,88.748,18.753,85.297,27.701,88.933,96.104,80.166,51.9,52.983,2.37,5.412,4.219,56.583,48.497,216.416,160.946,20.204,48.927,NA,NA,53.046,NA,117.047,0.744,15.557,209.24,316.806,108.625,46.903,93.135,61.567,55.392,20.306,110.313,139.056,93.071,78.351,42.435,87.263,148.236,110.729,12.424,108.052,86.052,96.725
"1939-03",63.471,25.938,69.889,70.929,21.884,86.895,11.155,15.267,27.226,85.561,NA,87.168,23.425,101.204,15.396,149.414,86.899,75.922,12.815,30.528,4.787,4.169,3.004,25.428,34.598,146.759,143.503,12.119,66.814,NA,NA,16.107,NA,100.753,0.085,8.739,254.483,325.715,182.131,30.966,97.916,88.974,65.508,15.424,132.593,157.354,80.152,90.952,37.596,74.765,74.704,120.312,5.983,106.326,93.873,95.091
"1939-04",58.268,22.963,44.18,95.089,22.34,77.288,7.725,19.133,41.797,58.441,NA,93.482,34.403,81.67,20.037,275.109,55.954,39.148,1.6,18.511,60.641,8.098,8.319,103.202,17.398,97.161,128.454,14.566,75.826,NA,NA,2.882,NA,89.823,3.146,3.958,215.703,329.635,66.568,48.079,97.382,90.277,67.39,10.592,118.591,147.431,66.763,100.583,120.723,71.656,61.122,88.363,2.919,10.363,93.427,91.713
"1939-05",40.561,33.351,54.955,101.517,22.481,36.834,6.398,42.161,18.546,50.28,NA,93.795,47.425,57.331,22.792,192.764,47.84,59.772,14.128,30.818,118.86,8.054,9.983,150.949,28.894,120.103,178.512,19.789,72.343,NA,NA,20.99,NA,123.935,3.85,13.276,231.195,85.934,77.781,84.496,101.247,89.612,78.606,18.34,124.133,142.867,95.673,104.715,191.387,61.628,108.26,65.732,7.074,41.177,97.105,97.327
"1939-06",31.709,34.294,56.117,157.627,21.724,35.351,25.009,192.888,50.443,100.192,NA,73.779,49.958,78.758,70.766,203.355,59.025,32.973,0.684,8.408,185.125,1.907,31.411,81.109,47.922,109.633,100.99,33.988,56.115,NA,NA,2.506,NA,203.857,0.072,47.532,245.163,76.627,25.656,102.497,106.222,65.85,60.594,18.909,107.894,124.879,137.842,85.497,219.513,67.729,108.669,57.72,36.99,97.966,87.867,96.488
"1939-07",55.151,39.041,137.53,110.954,16.283,7.008,59.269,225.906,39.342,145.111,NA,89.238,83.706,76.08,134.125,40.392,32.526,12.419,1.866,1.854,383.588,1.485,17.666,73.956,107.753,68.251,10.849,22.31,85.316,NA,NA,2.703,NA,121.12,0.38,148.068,208.18,10.487,40.527,78.924,119.778,67.283,56.605,32.153,94.259,122.901,144.593,79.819,143.565,60.349,206.995,48.372,93.341,210.874,83.361,93.963
"1939-08",64.142,56.776,101.877,123.807,31.755,30.167,49.907,157.097,62.796,109.56,NA,82.885,28.406,79.069,142.929,19.088,61.38,26.123,8.014,6.254,270.918,0.457,12.432,41.562,62.319,85.516,6.209,37.131,85.137,NA,NA,6.601,NA,144.533,0.067,181.913,182.449,2.428,20.331,92.418,109.848,71.754,59.998,40.486,85.153,152.62,176.832,67.613,94.201,79.833,99.164,35.144,68.694,314.644,88.764,98.626
"1939-09",63.177,68.596,98.035,144.037,45.308,48.095,66.618,226.892,99.376,141.828,NA,85.636,43.234,65.021,78.226,11.649,87.579,35.734,19.395,19.955,270.843,0.629,25.186,91.13,36.268,35.006,9.299,44.317,57.89,NA,NA,16.076,NA,146.15,0.106,143.304,167.031,6.704,10.004,76.696,84.756,65.714,45.523,39.55,73.233,120.817,187.769,63.464,79.796,90.767,145.516,28.239,53.905,236.545,82.128,93.182
"1939-10",64.65,57.32,84.446,113.462,38.427,156.791,135.349,246.315,118.584,155.045,NA,78.515,30.01,82.487,77.524,12.449,89.74,118.26,10.242,48.674,160.117,14.431,114.292,289.243,22.377,62.578,34.69,42.415,108.693,NA,NA,77.114,NA,141.551,1.309,79.243,170.116,4.149,13.752,64.727,80.97,62.356,61.561,28.094,65.138,112.636,164.629,70.329,73.743,105.896,197.562,31.173,67.927,177.59,77.227,92.066
"1939-11",66.935,33.88,124.076,134.379,43.88,184.292,52.301,101.841,80.094,119.542,NA,76.999,20.846,82.094,118.043,37.491,94.944,85.76,28.774,63.025,43.983,4.693,169.303,319.824,12.666,75.311,71.453,37.81,106.329,NA,NA,75.845,NA,119.607,13.277,69.933,206.597,15.84,11.498,50.862,78.936,53.932,37.632,27.879,72.445,139.429,135.034,59.069,115.744,108.842,172.736,44.001,118.888,118.304,69.632,91.436
"1939-12",83.429,28.995,184.779,127.948,35.831,219.317,55.084,41.771,53.208,127.225,NA,74.13,18.612,84.094,68.455,33.739,93.009,89.061,58.682,70.629,4.239,18.736,106.472,261.673,14.963,103.152,183.235,19.829,87.457,NA,NA,58.996,NA,92.413,10.264,62.748,212.931,111.392,22.389,54.347,89.319,38.823,40.442,18.663,81.409,168.763,115.923,69.107,87.469,105.59,219.474,59.57,121.462,114.409,69.795,95.49
"1940-01",66.398,24.9,129.002,172.409,27.001,184.867,36.633,34.059,51.008,81.108,NA,81.079,13.887,79.093,32.16,94.937,86.141,128.875,81.644,57.118,1.392,5.837,31.528,157.001,16.249,147.02,186.142,12.627,84.328,NA,NA,43.878,NA,98.667,7.296,8.777,219.752,283.117,93.155,45.359,64.773,49.55,50.262,16.39,105.553,222.933,91.089,56.851,51.027,99.616,289.658,83.999,20.148,31.879,70.961,97.732
"1940-02",95.448,28.265,127.33,122.306,18.572,78.648,52.071,24.509,58.582,53.462,NA,89.432,21.562,87.084,31.947,96.635,80.557,96.665,31.254,60.904,2.129,8.203,3.486,77.775,20.382,146.693,140.505,13.216,102.48,NA,NA,28.595,NA,75.865,1.944,3.814,221.736,314.222,59.98,32.56,69.15,51.942,63.688,13.682,121.291,183.861,85.598,83.268,46.017,84.875,212.816,104.426,10.845,5.282,82.147,94.857
"1940-03",67.808,30.267,131.391,86.265,23.758,56.02,11.54,12.833,29.528,81.347,NA,85.44,22.981,96.439,25.484,119.551,66.029,100.276,51.686,37.547,4.916,0.989,4.128,33.733,27.78,140.839,140.98,12.713,80.318,NA,NA,40.03,NA,84.079,0.404,4.678,223.062,355.602,103.655,43.215,73.432,95.695,72.1,12.231,116.53,201.271,60.918,88.51,35.596,69.427,123.565,126.639,6.428,15.46,87.829,93.93
"1940-04",54.015,27.472,44.112,127.632,18.896,94.651,5.506,21.26,19.759,71.071,NA,86.752,28.758,78.781,22.658,314.666,65.541,37.121,48.936,20.051,44.514,5.146,8.737,122.647,47.969,122.275,91.291,17.152,58.338,NA,NA,44.162,NA,71.156,0.183,7.715,212.273,244.526,66.992,62.272,72.001,88.161,60.759,14.686,113.764,179.652,64.63,105.007,112.611,69.414,83.06,122.394,2.434,42.745,90.651,92.412
"1940-05",49.183,33.747,7.586,80.157,17.313,22.066,3.59,30.046,16.954,48.651,NA,101.09,52.734,77.21,25.471,332.859,50.164,37.897,5.807,37.173,157.058,6.956,27.616,238.215,83.493,72.735,82.516,19.394,34.214,NA,NA,7.393,NA,127.046,0.92,7.759,257.455,66.672,56.331,50.792,98.479,81.649,79,12.804,119.779,154.706,76.882,87.107,241.583,59.576,107.346,97.321,10.404,34.209,97.224,97.996
"1940-06",36.625,40.63,65.128,123.03,29.362,30.174,41.783,227.401,29.703,84.796,NA,73.772,46.633,56.084,60.896,320.473,47.409,25.551,8.963,10.747,189.226,2.853,23.437,71.915,89.848,79.256,10.048,24.151,56.538,NA,NA,5.266,NA,181.485,0.082,150.51,235.907,32.426,56.997,116.399,101.062,73.025,66.576,16.286,112.51,138.15,145.49,71.167,207.306,63.893,153.54,52.149,108.83,212.319,95.131,99.094
"1940-07",49.168,42.01,88.849,126.298,38.385,12.468,58.32,197.698,32.614,95.657,NA,96.03,45.395,75.357,175.64,84.7,45.256,22.137,2.308,3.063,289.519,1.201,15.433,67.593,56.611,69.207,5.794,40.238,71.751,NA,NA,6.335,NA,163.032,0.025,195.824,243.129,8.599,45.804,67.364,108.51,67.807,57.45,35.781,95.883,133.73,165.781,78.39,136.551,54.624,138.078,45.988,73.218,190.878,86.584,95.002
"1940-08",64.423,66.321,90.543,142.389,31.804,16.599,65.397,188.886,52.237,117.441,NA,76.816,48.441,59.569,154.938,15.527,47.303,32.779,0.718,2.682,319.038,0.976,11.847,53.122,45.803,75.278,7.666,37.471,79.175,NA,NA,0.864,NA,174.03,0.041,168.199,168.729,1.526,23.664,110.256,109.117,63.588,57.494,43.648,91.967,108.979,190.009,68.713,71.028,69.171,192.838,35.36,72.212,198.399,85.213,96.534
"1940-09",87.637,56.861,133.593,135.533,46.702,32.508,142.74,226.013,93.43,122.195,NA,86.43,35.953,53.33,94.722,20.288,94.775,57.381,16.342,19.467,197.001,1.615,24.348,56.054,39.762,65.951,10.627,46.074,106.765,NA,NA,17.32,NA,188.174,0.208,76.195,167.231,3.099,17.966,80.05,88.788,57.76,52.667,34.823,85.842,100.709,192.922,70.834,59.033,95.923,173.013,29.238,33.069,151.237,81.507,94.327
"1940-10",74.837,52.607,122.756,170.995,33.398,62.766,70.932,271.006,149.54,123.978,NA,66.318,27.359,74.247,84.927,13.5,85.562,93.241,85.549,52.662,177.2,3.774,71.075,96.104,37.128,72.131,17.018,30.73,75.932,NA,NA,79.384,NA,70.131,1.881,159.245,167.554,3.338,17.345,55.04,100.085,53.746,53.495,23.475,80.703,84.6,163.261,62.802,83.223,118.143,270.837,35.566,77.923,217.195,72.852,93.307
"1940-11",82.863,42.553,89.184,129.109,29.274,158.558,37.938,75.722,58.01,143.517,NA,68.798,30.279,76.407,77.954,31.864,99.001,90.166,105.522,77.379,51.971,4.995,18.411,126.462,30.277,86.073,30.85,25.821,105.618,NA,NA,94.994,NA,102.593,1.222,172.129,253.858,14.281,12.207,37.538,62.125,41.39,46.158,21.17,85.887,114.916,137.767,59.274,117.075,99.636,278.874,35.562,194.915,266.695,72.677,94.531
"1940-12",94.353,38.891,108.592,169.433,33.259,156.553,84.648,44.973,67.957,95.106,NA,78.478,21.701,76.706,50.567,143.548,79.322,97.894,67.527,78.563,8.656,16.293,24.708,171.191,19.756,118.722,114.22,26.518,95.71,NA,NA,91.158,NA,81.797,7.6,30.119,253.17,115.258,65.877,38.456,67.961,39.223,41.326,18.437,105.372,125.293,126.653,62.115,98.943,107.687,232.043,49.597,38.633,101.473,70.379,94.99
"1941-01",95.418,27.898,77.73,81.56,29.33,42.52,46.657,27.141,56.455,75.4,NA,82.904,18.852,100.922,61.389,116.096,102.143,77.184,32.403,57.259,1.8,7.121,7.605,132.855,14.84,165.89,94.294,17.709,98.92,NA,NA,34.891,NA,102.23,5.273,43.209,251.461,280.167,90.296,43.575,106.269,48.88,58.636,13.271,120.292,152.568,112.507,75.491,48.203,78.386,249.089,58.343,56.734,88.841,75.558,95.595
"1941-02",80.731,28.057,124.527,133.559,16.909,125.666,23.051,23.688,55.637,67.967,NA,82.618,22.267,111.498,62.693,144.755,69.937,103.548,41.04,56.697,1.083,5.264,4.868,78.945,27.105,172.248,228.216,19.309,71.723,NA,NA,47.372,NA,89.342,3.135,2.564,203.491,290.458,143.408,27.414,73.356,73.426,58.297,20.91,112.603,127.195,96.55,72.844,47,94.482,171.452,104.397,6.631,5.213,88.32,92.552
"1941-03",78.417,25.41,110.36,122.366,24.868,96.379,17.332,14.306,28.41,62.423,NA,80.303,22.415,98.92,25.198,172.643,65.103,51.344,49.262,38.612,8.205,2.161,2.425,59.892,22.635,128.909,92.99,13.741,78.256,NA,NA,34.176,NA,101.031,0.183,2.252,216.752,276.822,178.923,77.442,77.238,84.055,71.476,18.376,114.88,147.201,80.658,89.225,40.932,73.129,146.418,141.298,2.29,4.647,94.105,93.951
"1941-04",48.89,26.678,22.996,93.582,24.521,59.343,14.849,16.026,19.175,26.376,NA,84.82,27.307,116.691,16.523,304.323,85.176,52.146,3.106,22.894,69.711,2.489,2.298,55.531,25.05,121.973,114.847,17.361,53.258,NA,NA,7.584,NA,104.925,0.657,1.655,200.424,337.511,83.98,58.871,98.028,93.68,69.339,10.94,112.721,136.836,75.702,95.445,113.619,83.032,80.961,107.377,1.038,5.897,97.515,92.876
"1941-05",42.467,23.752,63.72,90.343,13.042,43.683,25.298,83.688,43.104,41.672,NA,86.634,39.193,72.184,19.356,339.393,43.799,12.476,7.009,18.558,157.906,5.127,11.245,211.967,92.338,87.869,170.583,20.196,73.759,NA,NA,14.164,NA,135.675,3.399,6.416,211.555,174.586,25.596,103.856,98.538,79.039,54.686,16.055,116.413,101.909,98.681,78.474,220.928,56.267,130.872,68.064,4.624,53.445,99.461,96.966
"1941-06",53.317,32.596,43.168,114.101,29.72,43.696,26.413,196.688,29.973,133.491,NA,86.693,62.116,50.079,114.415,260.52,39.838,19.773,2.073,6.422,203.864,1.05,24.251,153.61,39.14,93.98,35.207,25.911,29.472,NA,NA,7.011,NA,150.435,0.162,172.13,232.603,27.262,69.5,72.084,96.14,73.421,56.813,20.243,117.381,95.473,133.543,79.232,199.669,59.767,205.693,60.18,100.082,204.559,94.739,97.318
"1941-07",53.095,47.948,19,102.667,21.491,26.712,33.626,171.285,41.348,124.229,NA,83.251,46.059,56.181,172.809,43.038,43.002,26.017,2.259,3.355,418.617,2.953,12.334,82.457,50.849,63.588,10.511,41.636,47.196,NA,NA,2.575,NA,142.875,2.149,228.163,231.716,20.232,84.715,88.795,103.63,71.556,57.457,35.94,103.024,108.541,170.247,66.898,112.822,71.245,134.889,50.242,115.643,300.253,89.257,96.278
"1941-08",61.125,56.543,39.234,114.594,36.559,24.339,42.444,160.89,55.655,125.185,NA,65.311,42.531,69.335,112.311,17.258,52.437,60.854,1.42,4.387,349.769,1.712,14.168,50.034,61.204,81.103,10.413,38.292,90.132,NA,NA,4.615,NA,186.675,1.041,168.696,215.306,6.517,28.179,79.129,107.617,71.048,55.155,26.125,89.386,98.293,182.526,65.253,66.018,87.538,165.304,32.489,55.077,248.551,84.315,96.421
"1941-09",85.569,63.599,175.583,139.76,31.671,13.537,125.371,234.043,95.421,146.811,NA,75.421,31.933,47.628,61.893,8.84,68.201,32.293,28.973,14.571,250.522,2.542,32.656,83.781,37.754,57.98,20.524,32.887,103.145,NA,NA,20.197,NA,174.215,0.216,131.772,183.078,19.678,39.015,57.479,77.586,60.17,65.759,34.96,75.638,80.629,183.166,68.076,61.671,88.363,195.628,34.066,55.795,147.669,83.123,91.689
"1941-10",80.053,43.336,169.32,122.918,44.338,111.174,148.919,268.327,116.55,137.502,NA,65.213,25.782,72.045,39.03,15.141,90.968,62.484,13.254,63.464,170.062,6.167,22.534,164.362,33.797,64.042,30.628,29.989,73.924,NA,NA,37.525,NA,102.122,3.547,151.859,197.935,20.782,29.453,45.422,80.012,60.029,58.187,22.004,80.071,92.133,180.32,59.79,79.873,106.484,233.123,28.865,25.552,280.975,81.23,94.458
"1941-11",82.648,39.448,190.146,143.164,24.721,149.03,65.33,92.563,115.533,117.395,NA,67.129,13.964,68.483,95.869,19.775,93.952,105.787,71.025,58.482,39.618,4.649,61.85,172.848,17.831,75.753,59.388,27.765,100.331,NA,NA,46.564,NA,89.322,4.475,92.595,246.154,123.614,27.88,41.653,89.171,55.901,42.646,25.217,84.918,112.216,152.83,66.017,104.663,102.555,227.677,32.074,121.382,211.149,73.878,95.333
"1941-12",77.453,42.122,130.27,144.74,29.388,125.704,33.721,45.967,76.714,119.265,NA,79.319,23.968,89.001,58.832,80.875,84.926,144.139,21.667,84.013,8.074,5.469,27.569,167.617,12.554,114.359,170.831,18.093,112.389,NA,NA,39.42,NA,107.738,3.755,40.689,283.127,123.793,33.113,38.851,52.086,44.321,37.593,13.932,99.388,167.574,109.996,59.877,81.677,91.441,306.635,36.948,52.705,131.154,68.2,95.783
"1942-01",65.636,20.571,81.729,137.148,25.177,263.459,36.56,37.793,74.648,60.979,NA,83.535,17.987,96.934,36.303,93.713,89.018,110.044,35.797,65.401,1.162,11.323,10.203,103.062,22.42,118.767,227.276,19.855,85.902,NA,NA,31.723,NA,116.017,4.432,12.854,273.537,323.827,138.008,49.277,95.111,53.193,57.781,16.698,115.829,166.517,90.604,74.43,60.103,117.276,215.903,49.626,14.218,103.506,75.198,96.596
"1942-02",62.338,22.513,74.803,144.051,14.042,149.066,48.927,12.854,35.401,65.13,NA,70.331,12.361,77.77,20.973,212.684,108.176,84.324,48.203,46.113,4.628,4.942,11.841,89.344,22.165,196.097,166.414,17.507,65.707,NA,NA,34.942,NA,82.863,2.975,6.909,222.425,205.15,101.993,52.253,96.121,68.846,67.813,13.515,122.996,166.675,77.587,72.763,60.376,104.671,188.424,57.363,10.698,16.068,85.319,92.89
"1942-03",64.812,22.833,120.93,124.64,28.203,82.041,23.012,17.32,46.26,78.586,NA,83.689,33.086,101.098,29.635,236.206,86.068,54.916,47.342,39.593,23.656,2.374,3.47,70.574,19.521,131.262,76.836,10.829,85.034,NA,NA,52.198,NA,106.706,1.575,10.54,238.472,331.521,126.255,50.391,70.283,78.813,75.083,12.153,113.579,174.35,70.444,76,86.56,82.929,128.22,98.082,6.032,61.079,89.763,93.646
"1942-04",61.847,31.361,13.947,117.4,26.646,77.482,4.259,18.715,21.065,110.449,NA,82.612,33.043,109.528,25.471,355.422,81.149,38.273,15.184,18.366,72.347,3.467,7.278,101.524,33.555,122.466,109.617,18.375,74.635,NA,NA,24.361,NA,93.516,0.802,21.805,218.181,269.869,78.946,40.292,105.607,82.294,79.232,12.618,121.183,169.005,61.21,84.044,157.12,66.832,103.203,92.838,1.532,86.598,94.252,94.031
"1942-05",41.217,24.529,58.62,71.405,10.394,41.893,7.276,53.319,29.918,100.359,NA,68.813,46.945,81.595,27.896,316.633,60.236,24.995,5.184,18.848,167.269,4.869,25.306,253.32,17.746,107.955,103.827,28.55,64.085,NA,NA,16.975,NA,114.031,0.362,10.724,266.092,75.286,64.975,50.592,91.833,79.383,66.597,15.525,113.461,170.649,68.869,68.486,247.842,61.814,132.593,77.279,7.24,44.078,94.528,95.313
"1942-06",38.615,34.038,35.356,113.064,23.956,32.884,33.222,179.408,49.147,120.685,NA,100.039,58.538,72.872,79.71,252.909,42.124,25.607,3.044,9.105,234.147,2.614,33.216,107.633,88.649,96.771,12.782,29.744,48.286,NA,NA,5.255,NA,224.752,0.443,54.757,219.2,19.637,64.41,104.98,111.266,66.877,57.579,14.017,113.166,163.48,127.774,80.074,219.933,57.251,137.257,53.036,76.886,85.534,89.878,99.217
"1942-07",43.911,54.005,33.857,114.223,36.995,9.282,36.866,206.725,58.446,130.673,NA,62.509,65.951,77.475,187.585,34.114,44.136,43.167,0.015,4.54,301.882,2.457,12.539,63.854,70.846,63.137,3.331,43.91,81.736,NA,NA,0.235,NA,137.565,2.444,166.612,230.924,15.307,69.321,80.046,112.851,77.428,63.388,26.926,97.494,176.204,150.513,89.397,115.724,70.787,136.23,44.701,63.838,248.705,87.487,99.314
"1942-08",67.927,47.363,55.937,83.113,33.99,23.76,64.654,195.204,66.26,128.669,NA,74.446,35.507,70.228,93.974,11.064,50.269,36.726,10.494,8.68,240.399,3.056,13.821,50.92,65.849,49.572,4.82,49.014,71.176,NA,NA,9.793,NA,195.02,1.167,189.235,195.651,8.019,23.26,69.984,89.124,67.972,55.755,31.435,80.154,152.326,180.506,72.766,48.467,80.474,141.931,31.156,75.342,299.142,85.269,95.135
"1942-09",64.747,58.883,211.225,172.521,48.973,74.667,91.69,187.199,106.225,130.846,NA,76.324,42.027,72.236,57.878,8,76.487,94.648,0.641,32.947,167.046,1.689,21.803,60.268,53.497,52.274,6.545,48.434,108.218,NA,NA,2.739,NA,157.475,0.704,217.673,198.583,6.363,21.838,74.699,86.922,69.667,50.033,31.009,81.609,160.097,166.733,71.464,51.167,103.033,118.568,27.093,98.329,277.242,85.241,97.688
"1942-10",82.78,53.578,200.985,168.594,41.998,42.128,89.206,230.65,104.74,152.207,NA,66.173,22.675,60.348,34.68,6.64,69.643,58.051,26.907,56.483,178.556,10.599,113.154,253.697,44.905,85.38,19.995,38.888,102.529,NA,NA,40.944,NA,109.12,3.727,118.36,156.541,7.527,19.698,28.982,77.807,60.742,56.283,22.518,77.011,135.523,170.687,62.572,64.176,109.721,155.551,40.985,71.753,122.363,78.957,91.749
"1942-11",87.094,37.395,155.703,138.31,29.568,148.793,117.641,161.705,106.464,123.168,NA,63.999,11.656,72.994,84.702,17.59,110.804,82.236,98.243,65.579,56.044,45.478,263.953,309.134,21.697,87.461,101.629,30.587,79.021,NA,NA,78.883,NA,94.413,58.178,30.534,127.085,17.514,14.896,29.081,57.427,52.241,52.58,17.008,81.137,147.326,157.064,68.239,89.194,115.039,202.174,38.649,73.452,53.173,76.649,92.634
"1942-12",79.96,33.377,136.477,158.157,50.497,116.06,28.838,28.862,46.594,107.574,NA,67.337,14.651,93.667,83.32,64.183,95.325,97.521,87.105,59.64,6.68,14.855,186.389,336.773,26.438,131.086,138.732,21.757,80.192,NA,NA,125.697,NA,118.951,11.799,23.716,192.833,164.842,24.036,36.671,65.079,42.552,37.908,16.649,79.963,200.531,110.294,69.513,101.012,99.989,157.906,72.864,42.261,141.806,71.825,96.639
"1943-01",94.834,31.87,116.596,125.577,32.307,120.192,57.159,22.571,42.868,62.301,NA,85.967,13.085,95.844,38.985,107.508,101.393,132.643,55.113,81.957,1.503,6.529,23.801,159.728,12.707,145.17,149.959,20.113,97.164,NA,NA,29.458,NA,99.931,3.17,32.554,192.246,207.488,81.559,20.492,68.663,54.525,48.392,18.047,116.143,195.087,87.058,67.802,49.09,110.902,252.575,103.249,37.155,33.698,74.865,95.386
"1943-02",70.337,28.192,222.577,141.889,24.898,185.89,43.231,14.979,38.816,55.301,NA,53.069,14.442,119.199,25.338,71.697,119.034,76.729,48.202,59.722,0.622,3.679,6.424,61.438,22.734,106.901,220.55,25.348,58.427,NA,NA,67.339,NA,112.282,1.168,6.598,170.813,257.652,101.086,23.191,108.3,74.659,67.959,15.688,138.29,200.098,68.442,81.011,51.409,82.131,210.179,131.133,13.258,26.849,83.667,96.444
"1943-03",87.963,33.567,155.571,132.89,17.835,66.676,32.649,16.172,52.657,41.905,NA,92.631,39.373,79.463,29.214,132.3,106.051,57.736,21.452,25.811,9.873,1.871,11.135,97.571,29.224,97.93,134.467,26.417,54.909,NA,NA,29.45,NA,68.94,2.486,3.75,202.214,278.811,100.294,47.392,102.794,84.337,69.748,16.733,109.736,213.366,61.769,87.686,61.809,80.991,129.059,96.688,4.05,3.225,89.958,92.786
"1943-04",49.263,26.201,42.624,92.986,20.408,61.818,10.932,10.62,12.653,40.742,NA,65.696,31.083,56.593,15.521,214.288,92.894,54.39,6.288,29.688,41.781,3.652,5.03,111.218,33.32,110.571,136.856,12.033,69.403,NA,NA,29.066,NA,109.578,0.96,1.359,216.513,205.503,38.878,37.194,127.203,86.715,73.428,10.336,113.202,200.858,57.635,96.535,118.198,77.052,151.781,125.764,0.814,9.105,92.824,96.095
"1943-05",55.045,26.931,28.222,96.368,25.567,31.997,5.885,39.259,24.061,35.979,NA,121.33,61.134,59.723,19.986,304.245,42.791,52.224,18.98,23.298,185.94,2.523,6.087,231.954,40.124,83.16,164.537,25.373,85.013,NA,NA,14.393,NA,133.956,0.148,8.952,193.553,142.387,39.683,69.117,75.325,85.514,65.459,14.881,113.108,152.612,76.174,90.318,221.987,58.797,102.317,85.706,4.69,39.466,89.937,93.442
"1943-06",46.637,25.742,58.996,108.492,21.737,15.116,22.194,223.225,45.713,89.727,NA,74.816,58.902,57.293,92.089,279.212,46.956,12.81,3.557,8.377,229.678,4.143,30.472,253.065,70.417,57.276,27.397,23.582,68.272,NA,NA,10.162,NA,196.435,0.166,50.614,227.523,41.536,68.544,96.966,109.822,65.331,62.686,19.014,90.327,143.37,118.073,69.165,245.916,62.422,207.978,50.488,92.065,80.66,93.283,98.264
"1943-07",53.188,41.951,35.636,127.025,30.314,14.276,45.267,197.03,33.871,100.509,NA,60.946,63.728,61.866,216.932,35.6,50.395,43.861,2.143,6.299,266.332,2.414,17.955,53.459,61.407,42.002,2.312,40.481,70.482,NA,NA,5.209,NA,157.382,0.091,160.998,270.572,12.793,55.626,111.372,87.253,69.973,61.324,33.085,89.924,119.112,163.329,72.641,136.893,67.362,156.747,45.949,104.672,252.69,91.764,96.847
"1943-08",76.987,47.384,71.934,115.145,38.711,17.261,70.276,198.68,71.578,118.757,NA,57.478,51.459,57.604,134.559,14.29,49.229,24.636,4.391,2.569,327.005,1.159,11.894,46.981,82.4,54.788,6.719,31.908,92.242,NA,NA,3.366,NA,127.416,0.081,218.152,212.927,6.554,40.727,112.658,105.69,65.223,58.054,41.089,78.892,89.92,193.659,73.803,74.777,74.35,150.191,38.856,115.124,231.116,85.667,95.204
"1943-09",82.039,46.647,166.191,153.133,53.892,91.877,89.289,220.43,97.055,114.694,NA,66.402,40.289,94.13,125.239,6.811,73.929,41.601,3.133,11.282,216.217,1.625,24.036,52.901,39.126,27.341,10.594,33.654,77.259,NA,NA,4.726,NA,253.794,0.175,133.67,208.068,7.31,16.973,86.746,76.939,51.891,52.061,23.338,76.676,93.752,193.372,70.016,69.025,98.754,142.478,27.618,76.221,192.286,76.641,94.867
"1943-10",69.164,57.844,111.468,166.416,40.21,85.177,131.381,260.116,109.3,128.079,NA,70.555,25.608,80.43,86.917,18.579,98.808,108.899,28.991,53.308,145.36,3.896,55.206,150.303,19.972,44.214,24.899,34.645,86.197,NA,NA,43.385,NA,146.147,0.871,91.884,166.589,3.562,9.365,52.284,79.093,62.795,56.218,17.14,77.21,93.328,167.994,66.557,89.412,116.144,282.592,37.235,99.043,128.208,81.83,94.366
"1943-11",66.107,37.714,134.31,165.303,36.403,132.359,43.086,106.022,67.583,138.446,NA,56.757,17.35,91.481,132.965,37.133,81.729,127.658,46.927,63.648,30.627,16.063,53.811,135.907,20.378,72.526,60.634,20.682,141.086,NA,NA,37.327,NA,144.725,4.266,114.316,229.03,9.87,8.174,60.736,89.681,32.643,53.681,16.59,77.284,104.581,140.023,60.254,115.42,109.356,276.792,37.451,63.547,251.209,73.343,93.554
"1943-12",88.06,33.046,121.456,122.228,37.324,75.224,58.942,35.097,57.847,78.203,NA,76.632,18.969,72.003,80.169,95.252,99.358,72.592,127.701,78.579,6.555,14.936,28.561,145.847,26.038,117.912,172.608,12.936,80.48,NA,NA,126.258,NA,118.201,3.44,50.937,252.255,39.544,15.235,38.398,97.533,37.091,40.988,13.824,88.729,148.632,138.024,64.24,93.023,93.256,230.952,54.485,54.579,131.03,72.103,96.829
"1944-01",82.356,27.388,76.002,128.836,22.913,98.353,45.319,34.456,90.475,76.254,NA,104.161,22.063,71.404,77.547,161.085,87.406,119.36,41.303,56.959,0.906,20.176,12.437,157.439,20.026,122.902,214.9,15.472,96.436,NA,NA,49.232,NA,108.746,5.225,3.808,268.754,346.258,148.819,37.842,67.281,50.606,43.124,10.06,98.018,142.748,103.331,75.647,66.252,87.713,295.271,61.324,7.418,62.832,71.878,95.587
"1944-02",67.153,26.478,116.384,166.449,19.464,66.557,23.422,12.587,31.572,89.001,NA,84.469,20.346,101.616,29.114,122.595,72.321,89.892,9.697,73.014,7.187,24.224,6.04,70.086,31.914,120.715,155.956,14.449,73.013,NA,NA,21.022,NA,109.25,10.56,3.807,225.3,310.866,133.301,44.318,71.453,74.423,77.2,15.15,127.333,123.004,84.947,91.055,68.476,97.006,145.348,88.443,8.41,12.264,82.076,91.946
"1944-03",58.647,22.73,101.915,111.944,21.793,157.174,16.315,10.99,25.821,96.262,NA,99.461,25.503,96.615,17.644,114.021,99.723,86.331,17.9,55.454,11.444,3.701,2.81,27.669,34.818,157.079,79.742,18.088,82.414,NA,NA,20.048,NA,122.251,0.215,8.33,200.349,266.007,159.704,34.907,62.196,86.295,72.327,18.231,112.073,131.854,72.42,120.884,63.911,97.337,125.562,183.438,4.501,25.984,89.581,99.081
"1944-04",62.855,28.183,20.78,66.46,25.857,76.851,2.707,12.194,22.03,32.03,NA,95.569,38.323,71.255,14.915,114.106,78.007,74.769,12.84,32.206,77.823,5.449,3.194,118.007,35.487,67.73,171.59,22.46,78.023,NA,NA,20.857,NA,110.299,0.705,17.695,153.931,264.591,128.682,87.844,103.719,88.705,60.316,14.067,121.138,122.522,70.767,110.268,155.918,63.839,120.728,111.821,6.085,106.49,96.146,94.313
"1944-05",42.18,35.42,34.041,70.045,15.628,35.493,7.488,52.392,20.827,35.23,NA,79.598,55.614,47.014,18.496,157.44,51.059,40.422,0.224,19.421,184.196,4.953,4.883,84.804,114.551,80.142,154.665,21.705,44.902,NA,NA,6.593,NA,140.516,2.485,5.244,199.601,125.988,131.229,81.327,123.114,77.163,67.058,12.541,129.149,114.883,95.688,86.639,191.214,65.359,133.615,87.731,7.229,32.439,95.283,97.896
"1944-06",51.671,37.722,86.726,104.645,32.407,12.363,23.988,147.398,33.858,77.004,NA,95.061,51.746,78.589,66.66,229.082,49.222,33.341,1.72,5.33,260.452,2.399,10.883,61.863,101.581,100.602,77.997,34.448,72.44,NA,NA,6.94,NA,169.036,0.105,111.396,271.304,41.934,54.282,107.735,149.92,75.913,56.152,19.435,105.581,116.581,137.499,80.638,229.457,51.259,82.233,60.091,52.03,229.618,82.091,96.179
"1944-07",62.402,55.296,93.32,105.146,28.36,10.752,63.681,222.354,51.746,107.975,NA,70.412,59.834,71.021,112.439,45.724,36.341,41.519,3.346,3.007,385.209,2.044,21.298,71.926,79.38,91.825,21.774,30.334,71.251,NA,NA,2.588,NA,147.919,0.291,198.08,216.987,23.043,63.512,87.81,94.786,76.031,56.776,17.251,94.88,83.021,166.856,78.311,159.997,70.791,165.197,56.635,165.779,169.237,84.815,95.595
"1944-08",74.49,62.798,86.13,119.976,41.919,15.671,62.657,206.975,77.031,123.353,NA,76.558,44.058,45.917,184.001,14.421,69.176,34.17,0.51,3.318,274.159,2.058,40.315,79.217,27.339,37.534,7.42,51.817,92.648,NA,NA,1.915,NA,191.509,2.14,204.329,204.557,12.028,26.366,99.523,92.834,70.656,59.856,37.571,78.66,85.049,181.761,68.533,96.564,78.818,198.642,37.3,130.857,225.202,86.735,95.634
"1944-09",74.795,55.524,172.759,156.034,54.692,26.882,112.962,209.468,85.998,126.297,NA,53.006,35.13,69.643,131.282,5.555,80.409,36.564,7.404,26.821,201.558,0.773,16.626,57.514,17.714,22.186,12.7,40.89,72.587,NA,NA,13.798,NA,165.335,0.106,138.066,206.849,10.266,16.577,77.103,82.939,63.787,59.038,38.795,74.008,69.822,216.05,68.852,63.475,87.306,153.615,25.42,54.858,229.888,83.137,94.524
"1944-10",71.656,41.532,115.106,141.622,62.512,40.18,84.878,211.187,99.265,128.941,NA,67.393,20.688,83.253,88.621,6.934,84.028,80.589,11.178,35.306,131.022,2.469,31.647,128.759,20.113,70.328,38.331,25.397,111.084,NA,NA,15.623,NA,123.898,0.361,122.782,220.122,17.349,50.996,26.89,46.124,54.581,59.067,23.092,84.02,105.594,164.369,66.003,103.031,96.079,239.023,30.672,44.881,200.863,82.899,94.074
"1944-11",65.831,42.682,120.475,100.263,47.302,89.515,59.485,74.157,51.572,138.085,NA,81.98,25.082,80.271,101.116,21.667,101.134,129.591,48.594,74.829,17.24,19.61,84.195,173.126,17.926,78.688,77.077,25.207,96.87,NA,NA,46.846,NA,163.339,9.625,115.449,223.496,21.933,18.059,68.745,89.824,44.749,45.504,14.524,77.608,102.259,142.756,60.686,105.291,95.227,259.064,50.122,128.84,205.233,71.229,92.012
"1944-12",71.344,26.33,116.944,147.843,25.913,129.819,57.715,38.865,42.453,85.978,NA,85.962,29.577,80.142,101.224,78.625,88.308,142.829,47.544,89.881,5.098,10.548,8.662,65.497,11.153,98.991,127.79,14.355,112.629,NA,NA,96.022,NA,122.854,6.236,36.216,265.509,217.338,50.847,46.074,64.295,47.98,32.212,16.259,94.144,128.955,116.046,72.472,106.433,103.03,254.64,84.561,11.941,55.547,66.894,95.913
"1945-01",83.984,34.105,55.928,124.4,34.761,245.641,41.782,41.191,62.113,69.014,NA,109.211,36.685,85.225,41.633,100.376,80.183,136.516,16.121,92.205,1.57,10.855,9.399,65.759,18.321,126.278,225.467,16.558,73.653,NA,NA,27.237,NA,88.672,2.462,19.436,258.817,362.03,70.236,28.498,54.315,54.649,39.979,13.52,108.934,114.827,104.909,82.042,46.083,118.204,204.913,114.143,26.26,74.503,70.871,98.461
"1945-02",77.841,35.87,117.772,133.209,24.812,120.282,14.421,11.564,34.979,73.437,NA,94.758,16.349,114.646,29.45,102.75,110.017,22.092,97.283,41.752,1.436,3.936,5.864,30.314,29.951,101.169,101.083,19.914,54.493,NA,NA,50.168,NA,109.366,1.744,4.372,259.658,333.49,121.776,52.546,66.251,79.107,56.609,19.843,105.68,161.614,82.552,125.852,45.013,72.077,179.383,148.443,10.672,30.624,81.724,97.753
"1945-03",79.427,22.871,23.293,91.94,19.977,84.948,11.431,9.634,19.669,67.514,NA,63.074,20.32,94.459,19.996,119.676,74.937,65.406,51.532,36.722,14.804,1.183,2.731,24.573,41.613,119.746,140.422,12.162,91.774,NA,NA,17.285,NA,70.294,0.123,13.55,232.235,421.083,129.417,29.182,51.411,86.41,69.53,10.378,126.832,153.304,79.144,93.739,33.237,72.657,106.896,99.988,8.72,35.53,91.333,93.205
"1945-04",53.051,27.641,72.501,70.125,17.673,78.2,11.749,17.397,49.833,43.909,NA,80.815,44.252,125.788,14.647,229.221,63.1,68.554,10.717,19.259,69.136,13.982,22.447,146.712,33.187,93.286,146.583,14.181,74.517,NA,NA,8.724,NA,78.288,13.59,9.409,168.855,340.072,79.218,52.742,70.193,73.126,88.066,11.853,120.85,167.822,76.367,109.852,133.675,65.206,69.28,77.766,7.593,38.088,98.046,93.772
"1945-05",44.467,29.872,8.938,73.434,16.034,41.052,9.23,44.755,24.243,55.111,NA,68.815,42.21,108.048,19.801,164.838,28.037,57.724,16.985,26.557,183.635,2.644,45.251,272.123,42.723,70.1,174.136,16.946,76.454,NA,NA,23.788,NA,127.237,2.916,14.171,257.223,94.514,37.78,92.812,97.165,88.308,75.734,12.642,111.996,127.057,84.766,92.5,173.29,61.568,223.896,66.938,22.752,66.757,97.812,97.649
"1945-06",58.546,37.94,19.863,79.011,16.337,11.612,24.194,163.944,28.518,107.536,NA,88.733,73.908,67.195,110.359,240.04,36.947,21.128,0.065,13.655,232.642,1.895,10.219,53.271,97.399,120.392,32.656,24.959,79.104,NA,NA,2.887,NA,132.498,0.168,114.793,246.569,21.175,63.502,98.175,125.904,77.431,69.767,16.58,108.62,124.277,133.632,76.955,225.29,47.061,138.358,54.215,75.742,212.344,90.154,97.452
"1945-07",61.314,51.56,37.417,115.031,26.549,16.977,39.056,165.457,37.718,123.147,NA,92.748,49.902,58.175,156.78,43.039,53.384,23.754,8.083,3.671,418.173,2.008,12.807,66.927,92.289,72.079,14.517,35.475,83.762,NA,NA,5.924,NA,177.592,0.043,154.814,209.168,18.852,39.793,92.06,104.848,68.32,63.136,22.617,91.615,120.996,177.703,69.838,147.425,57.016,153.488,43.68,78.474,208.35,87.28,97.228
"1945-08",69.828,56.86,47.735,102.715,31.143,25.208,54.523,215.214,51.607,137.572,NA,87.091,45.576,76.412,155.071,15.406,55.567,31.564,0.963,7.48,294.268,1.084,15.23,47.844,94.322,58.794,6.245,46.956,55.542,NA,NA,1.777,NA,204.103,0.039,132.464,179.949,4.582,18.597,126.921,119.165,62.779,48.226,38.105,79.536,130.759,182.771,83.324,83.378,73.377,145.9,34.782,36.101,185.328,84.892,96.623
"1945-09",73.206,58.335,168.438,161.731,30.499,25.024,83.803,147.721,80.426,137.849,NA,66.624,27.022,60.588,86.079,9.383,79.516,56.744,21.476,33.942,267.331,1.702,30.224,67.164,29.312,36.116,14.325,37.043,87.407,NA,NA,66.298,NA,179.05,0.373,97.926,205.993,8.119,11.864,39.401,70.775,53.105,49.599,35.47,81.366,125.091,173.615,66.545,71.65,90.369,160.652,25.563,58.219,156.435,83.38,94.809
"1945-10",87.838,48.599,93.51,122.102,40.114,104.273,151.37,203.841,137.414,147.857,NA,58.451,30.26,96.381,56.343,9.794,94.163,87.532,3.701,61.88,177.198,5.247,57.367,205.937,20.175,58.092,37.139,43.802,106.511,NA,NA,35.541,NA,120.708,11.318,114.42,131.24,4.782,5.752,50.346,94.898,53.24,52.373,25.519,72.891,138.929,152.068,67.734,85.53,116.69,216.871,29.51,119.197,167.696,78.155,93.641
"1945-11",83.954,38.769,133.503,127.917,43.325,122.122,135.423,87.665,60.916,119.193,NA,69.903,22.647,71.549,74.938,20.766,101.994,91.437,40.294,68.384,47.506,5.958,185.539,336.767,31.608,88.819,101.358,29.734,78.958,NA,NA,78.104,NA,143.945,4.935,120.37,189.278,23.205,9.119,46.933,59.938,42.942,48.39,23.209,76.662,143.929,143.858,57.601,113.098,93.6,224.796,39.108,118.91,223.988,73.569,95.263
"1945-12",82.931,30.765,174.961,177.057,29.645,149.115,68.921,28.118,49.7,99.385,NA,80.536,24.543,53.885,52.205,82.021,76.869,126.5,84.382,76.596,3.915,9.214,73.871,301.122,16.109,111.704,213.755,15.434,91.923,NA,NA,71.678,NA,103.113,9.4,31.855,210.789,141.573,17.65,34.59,51.099,50.159,31.484,17.508,82.864,203.438,111.421,57.664,95.624,113.741,190.068,70.243,32.92,25.238,71.215,95.589
"1946-01",82.377,24.034,94.513,133.14,26.892,182.49,32.381,23.709,64.38,80.873,NA,84.477,20.704,73.316,30.751,152.833,98.509,87.5,23.947,57.71,2.75,26.688,12.882,112.645,35.496,158.23,199.953,13.233,74.272,NA,NA,56.275,NA,111.433,5.052,33.696,232.29,296.669,107.052,38.158,74.489,53.59,50.075,11.41,93.421,199.375,94.286,64.977,51.747,107.036,269.175,88.935,45.398,57.546,73.409,97.539
"1946-02",83.395,17.744,106.929,142.723,19.346,123.921,30.941,24.679,47.24,77.153,NA,86.998,22.152,93.699,28.408,125.968,118.035,106.96,51.528,40.764,0.981,4.871,5.356,59.139,25.333,146.054,177.586,16.544,60.354,NA,NA,25.524,NA,84.48,1.015,2.618,224.238,408.58,192.899,55.111,76.678,71.266,56.263,12.477,119.045,201.945,74.882,93.391,45.074,105.261,202.757,94.558,5.412,4.317,80.332,98.066
"1946-03",60.971,25.879,156.619,119.945,21.024,64.444,35.77,13.266,23.568,70.504,NA,63.234,21.52,98.267,15.322,122.936,74.562,88.427,9.586,27.266,6.275,2.274,6.011,47.058,36.896,104.995,140.166,14.268,61.485,NA,NA,14.292,NA,90.539,0.928,1.591,175.762,233.521,65.507,30.444,103.857,79.045,79.359,13.539,131.753,206.903,69.594,82.707,42.973,86.474,107.314,110.313,2.203,2.585,83.275,91.794
"1946-04",47.028,19.972,33.471,123.362,19.45,82.147,11.097,19.469,14.545,78.015,NA,95.294,42.341,92.057,11.352,307.706,68.038,63.907,14.825,25.66,53.355,3.591,12.767,171.318,36.357,110.112,118.499,18.337,54.991,NA,NA,15.142,NA,91.208,1.217,2.459,154.394,186.282,87.255,41.524,93.435,83.037,76.935,12.191,108.968,206.935,70.543,107.846,92.201,75.807,122.252,94.879,3.191,5.047,90.236,94.597
"1946-05",51.566,36.836,53.492,80.563,19.759,50.407,13.143,40.912,34.829,71.877,NA,130.81,79.681,51.131,16.023,365.42,32.123,34.481,1.487,11.552,121.965,11.553,82.475,302.152,28.162,76.517,135.958,15.089,58.244,NA,NA,14.563,NA,104.439,12.162,9.526,227.145,66.093,75.546,72.93,104.526,89.747,73.684,18.963,105.883,214.184,64.264,83.399,210.995,58.42,164.57,75.271,8.115,46.516,93.407,98.083
"1946-06",43.32,43.115,31.637,71.561,24.657,7.176,14.369,189.357,42.606,90.839,NA,80.336,61.65,75.432,72.89,174.131,39.921,13.714,2.863,10.392,255.198,1.229,21.979,167.637,102.763,83.606,19.759,32.183,64.156,NA,NA,5.108,NA,149.854,0.206,42.171,160.266,14.726,35.236,118.904,108.585,80.194,60.265,20.535,103.918,174.245,115.417,89.601,240.769,61.842,152.132,64.936,60.583,50.486,90.374,99.8
"1946-07",58.335,56.792,135.148,130.112,21.172,13.942,87.982,207.199,57.611,128.703,NA,98.285,73.461,90.072,249.457,38.158,53.415,29.982,1.855,5.615,374.71,2.351,32.464,111.691,41.725,48.643,5.351,39.689,89.951,NA,NA,2.281,NA,189.483,0.022,143.126,147.396,5.382,67.123,91.325,131.709,71.471,60.125,29.981,97.004,143.847,170.544,81.538,132.174,74.937,173.304,43.271,58.224,217.98,77.076,99.17
"1946-08",73.946,56.945,49.263,146.677,37.39,26.277,34.614,158.991,58.582,120.557,NA,86.8,54.869,73.11,140.875,10.49,69.805,32.652,2.438,4.134,328.513,1.149,23.802,73.7,17.199,29.165,6.64,46.971,67.754,NA,NA,2.006,NA,180.28,0.067,161.173,149.115,7.013,29.994,48.057,88.599,57.629,56.407,28.748,91.937,163.181,179.984,73.717,67.255,77.356,132.963,34.199,72.931,246.969,80.268,96.625
"1946-09",87.613,50.071,124.923,154.07,55.599,24.483,146.639,279.881,66.338,152.391,NA,58.392,53.179,109.086,64.775,8.329,92.913,34.258,8.75,21.329,223.936,2.485,63.769,117.569,33.712,58.226,8.236,48.979,81.548,NA,NA,8.268,NA,159.295,0.297,175.474,106.665,4.21,19.132,48.026,77.508,76.642,63.897,32.166,82.247,141.181,182.47,77.285,59.084,108.801,111.692,30.617,101.93,263.557,76.737,95.711
"1946-10",87.52,39.51,293.567,169.36,42.671,74.877,136.931,236.242,147.928,146.044,NA,75.458,46.202,79.502,59.202,9.289,91.838,53.48,36.844,81.603,217.165,7.739,89.692,262.762,22.048,39.774,45.782,43.771,120.466,NA,NA,49.506,NA,107.556,5.281,160.943,105.76,2.236,12.194,45.877,71.059,61.714,57.776,32.919,81.093,151.64,148.881,70.735,84.361,95.947,135.282,38.576,96.519,266.481,78.369,92.995
"1946-11",75.327,40.844,128.974,133.28,56.335,159.539,36.095,114.328,50.475,126.425,NA,77.302,24.002,80.389,131.886,20.616,114.212,85.505,93.124,69.059,77.552,16.916,171.717,281.757,29.956,83.765,85.578,24.51,91.242,NA,NA,103.933,NA,112.024,39.2,89.18,172.887,9.034,25.56,19.597,56.937,37.639,61.016,17.392,83.386,167.135,120.024,59.677,125.633,101.055,152.807,32.292,102.601,253.004,76.533,92.143
"1946-12",82.018,26.332,182.886,137.909,38.072,197.212,88.534,44.971,64.043,119.108,NA,68.087,19.539,54.332,103.958,74.302,97.631,151.507,80.669,99.01,9.028,8.642,192.283,312.795,37.181,131.202,177.194,13.58,116.078,NA,NA,70.101,NA,103.327,7.69,33.97,166.628,81.962,20.5,27.929,70.13,37.553,41.053,16.923,74.156,189.763,100.684,62.439,90.848,107.846,209.047,48.519,65.01,56.223,73.438,93.577
"1947-01",89.268,34.642,138.479,136.813,28.532,190.74,70.711,30.998,50.104,78.217,NA,77.689,15.225,82.895,53.889,112.829,98.648,51.709,64.65,47.621,2.726,13.176,54.782,355.331,17.128,107.048,217.413,13.038,78.93,NA,NA,51.382,NA,73.444,9.575,18.21,196.454,314.396,108.786,37.249,67.832,49.488,35.198,16.116,105.883,232.332,77.88,73.632,89.989,85.278,202.914,57.702,14.721,39.698,75.714,95.04
"1947-02",71.52,23.986,78.404,133.317,31.844,90.908,18.038,9.105,31.78,99.415,NA,94.181,24.451,79.236,34.384,93.36,102.344,57.01,49.609,39.752,2.283,8.087,12.081,129.361,38.541,190.096,244.256,24.259,89.606,NA,NA,26.563,NA,111.297,5.943,17.052,150.571,177.718,90.307,39.015,75.051,73.902,74.831,20.375,106.494,232.61,64.652,79.422,61.541,95.273,183.103,100.879,7.4,8.645,86.677,95.269
"1947-03",72.941,33.128,210.91,165.988,21.613,78.41,40.304,17.005,32.231,106.185,NA,90.554,21.962,117.424,21.657,138.768,78.988,56.989,46.236,30.543,9.773,1.999,4.998,67.895,31.187,110.309,146.976,14.843,58.339,NA,NA,58.629,NA,112.333,0.185,1.877,197.406,273.616,63.624,74.865,115.203,87.027,73.882,17.055,107.539,200.848,61.7,90.104,43.056,89.328,129.245,172.791,3.664,0.697,90.327,97.67
"1947-04",56.906,27.478,210.906,155.011,9.086,56.829,29.254,9.906,28.105,68.206,NA,79.778,27.961,92.409,14.158,298.966,68.237,68.237,3.347,16.616,35.883,4.846,18.879,168.567,22.853,96.8,133.992,18.792,65.637,NA,NA,2.464,NA,90.284,17.138,4.035,165.086,161.085,94.818,68.555,55.584,93.871,91.74,17.912,125.078,239.265,52.842,84.103,116.739,78.401,126.06,103.852,4.457,7.226,94.918,96.083
"1947-05",41.493,22.549,12.398,80.024,15.872,50.196,5.264,41.729,31.874,68.484,NA,114.687,35.331,81.767,17.444,357.291,49.404,43.601,42.163,18.817,106.064,3.723,35.973,320.936,26.283,44.103,61.278,20.676,80.275,NA,NA,42.22,NA,127.476,2.594,2.566,190.856,45.203,79.697,79.55,98.484,82.349,81.064,9.443,103.923,204.037,57.308,80.43,198.297,63.592,222.7,81.723,7.131,48.764,100.632,96.728
"1947-06",46.444,36.91,42.544,112.729,15.767,15.467,21.747,179.63,63.974,113.834,NA,87.122,36.352,80.016,135.889,263.56,36.71,29.02,26.728,8.029,241.415,1.491,16.702,107.147,96.248,80.746,2.641,20.135,72.299,NA,NA,15.734,NA,182.114,0.147,49.744,216.911,54.508,47.521,114.72,128.026,74.044,68.621,19.612,89.036,165.312,110.984,82.333,156.25,69.421,174.391,64.44,50.169,127.224,92.564,96.543
"1947-07",45.494,45.074,106.972,147.71,29.824,12.352,52.927,205.053,62.553,99.457,NA,77.889,68.181,57.323,216.562,46.54,45.636,31.455,0.903,4.368,294.8,1.673,12.415,38.041,50.6,43.134,3.443,48.724,63.521,NA,NA,1.653,NA,210.969,0.044,193.84,276.258,28.524,67.218,77.849,87.99,72.203,60.006,41.433,98.74,162.022,151.006,80.065,77.943,69.625,89.756,47.015,70.863,246.952,88.124,98.121
"1947-08",57.572,46.892,78.049,113.68,34.061,9.638,62.822,176.398,54.159,123.418,NA,76.744,38.734,65.789,144.926,31.305,50.304,33.878,5.154,10.355,222.915,3.587,15.552,64.569,28.003,63.602,4.901,31.261,80.21,NA,NA,8.909,NA,129.068,2.003,198.519,249.459,8.952,34.939,84.71,122.45,66.39,42.778,31.808,84.918,137.252,162.531,65.611,40.265,82.361,132.41,39.327,92.661,254.299,84.685,93.945
"1947-09",84.585,50.308,69.822,149.883,63.13,78.947,112.361,266.348,116.178,133.211,NA,90.198,28.202,72.459,97.739,11.095,70.299,24.289,96.01,19.9,202.845,0.795,20.946,67.23,21.749,33.796,10.983,45.313,88.623,NA,NA,54.589,NA,261.985,0.278,110.845,217.67,2.763,18.398,81.355,103.435,61.18,63.542,38.78,83.472,103.498,183.817,65.787,43.219,97.106,119.877,29.131,34.336,164.748,87.898,95.617
"1947-10",86.664,51.795,133.208,162.452,62.513,113.848,83.469,164.462,112.489,124.851,NA,68.426,28.132,74.111,56.253,10.244,95.514,60.467,50.502,45.58,180.276,7.274,82.057,108.906,26.044,44.516,32.303,46.587,94.46,NA,NA,55.765,NA,127.231,5.238,97.653,199.467,9.811,21.597,28.262,68.397,61.479,64.816,33.397,76.29,114.601,163.632,67.066,67.876,112.152,299.777,26.002,76.555,132.107,75.785,94.717
"1947-11",73.308,42.417,135.156,155.26,29.186,121.065,42.579,105.045,97.682,128.473,NA,77.753,22.501,88.353,110.665,34.305,95.458,95.186,75.658,48.337,29.565,11.339,60.114,207.256,14.316,59.777,130.006,18.59,120.08,NA,NA,59.745,NA,141.439,5.473,121.648,221.551,20.625,9.357,37.825,65.593,57.464,50.348,13.352,76.457,99.861,139.378,64.244,113.398,98.199,325.97,40.133,84.785,279.855,79.376,94.714
"1947-12",84.528,30.923,56.868,151.353,23.711,190.877,24.555,54.835,79.251,110.059,NA,82.585,25.186,78.684,104.864,63.047,121.491,99.139,39.322,74.11,1.672,14.296,10.969,95.239,36.769,85.942,252.522,19.833,79.552,NA,NA,32.139,NA,91.554,2.666,92.081,260.142,144.193,67.721,33.715,86.017,41.629,54.59,13.222,92.443,129.08,118.645,68.582,80.667,117.934,204.976,57.348,111.474,218.322,68.217,95.614
"1948-01",86.518,21.958,103.393,91.611,24.345,139.014,83.193,39.237,49.7,76.094,NA,62.515,12.092,96.246,65.477,114.88,110.155,78.636,43.15,60.186,1.877,8.198,9.377,172.915,26.02,114.093,230.598,22.19,76.679,NA,NA,52.037,NA,83.586,5.985,3.484,243.677,343.386,91.205,22.431,64.026,47.006,51.081,16.741,121.622,167.406,109.704,80.559,68.725,90.16,240.8,37.285,10.647,42.293,76.475,96.538
"1948-02",95.932,12.882,86.642,107.524,23.465,137.23,19.401,20.612,48.987,75.145,NA,73.755,18.205,91.848,45.717,157.693,93.019,56.291,54.266,39.416,0.97,2.973,5.365,61.12,37.646,159.612,176.654,18.883,75.37,NA,NA,47.292,NA,65.376,12.384,2.656,194.456,339.518,144.315,35.304,114.264,79.855,68.001,19.079,116.452,139.46,95.931,81.783,53.385,86.593,142.123,132.489,6.559,11.549,80.272,95.883
"1948-03",81.383,29.094,40.616,129.371,20.252,79.273,19.89,11.888,22.453,108.114,NA,59.449,22.623,66.751,31.259,191.1,90.255,45.647,92.977,55.178,19.209,4.924,4.068,34.522,25.107,117.443,74.678,18.794,86.87,NA,NA,58.055,NA,100.997,0.256,3.915,220.59,329.799,137.01,40.229,72.841,82.715,81.562,20.343,127.866,148.788,78.907,92.621,60.356,72.971,140.152,113.258,4.984,12.744,93.679,95.488
"1948-04",60.945,21.274,29.041,93.767,16.408,56.21,6.011,12.668,18.681,41.615,NA,93.964,44.197,99.874,19.215,247.313,55.208,82.295,23.474,29.872,71.633,2.112,4.911,135.007,31.724,107.978,190.015,16.834,73.561,NA,NA,25.981,NA,89.627,0.69,23.626,206.429,221.952,83.725,60.55,87.587,89.884,84.38,10.985,124.473,165.407,71.502,98.528,146.69,85.492,98.327,81.737,10.262,104.576,96.199,96.486
"1948-05",42.364,29.98,72.013,115.435,16.973,35.333,12.951,51.522,26.035,59.675,NA,101.039,58.762,70.397,17.886,308.249,33.717,56.076,10.037,12.957,153.565,2.328,7.919,220.419,54.355,88.01,133.633,13.93,71.335,NA,NA,33.763,NA,94.197,0.248,1.749,238.06,82.767,44.146,62.467,93.321,77.096,71.034,13.484,119.663,137.393,89.275,91.622,201.39,68.659,153.472,66.479,1.858,5.821,98.316,96.475
"1948-06",50.257,46.041,76.968,88.007,18.855,12.641,47.68,243.56,54.377,98.227,NA,74.879,54.868,78.727,59.068,198.599,47.925,51.144,5.85,11.77,198.16,1.969,10.956,45.874,77.701,144.076,54.673,28.808,45.272,NA,NA,4.43,NA,247.932,0.248,52.051,266.393,26.413,71.269,79.276,125.855,80.782,55.646,19.015,107.497,101.216,144.141,83.821,253.477,56.464,96.534,62.936,43.514,134.665,81.708,98.763
"1948-07",44.551,49.235,32.645,108.762,21.42,30.795,72.778,191.815,32.046,111.734,NA,52.495,44.307,78.51,100.779,62.126,53.803,37.266,28.23,3.993,304.11,5.662,35.022,73.725,46.663,100.709,3.932,46.033,58.239,NA,NA,3.777,NA,143.271,5.011,228.984,210.857,10.422,54.662,87.933,112.456,69.04,58.106,41.99,95.873,99.585,160.554,75.658,157.555,71.948,131.461,37.291,116.543,224.971,85.078,95.708
"1948-08",66.598,46.379,54.635,127.551,32.167,12.24,41.481,142.725,57.9,126.336,NA,95.119,40.049,43.778,158.899,17.618,59.757,33.968,0.067,2.511,331.998,3.494,13.976,39.357,71.71,63.814,9.746,54.095,73.041,NA,NA,4.521,NA,215.469,2.671,159.063,199.691,7.765,18.959,86.931,101.6,68.542,55.827,32.884,91.495,120.404,160.805,68.105,92.241,72.593,149.75,33.785,88.703,247.52,89.661,95.797
"1948-09",71.806,63.51,95.64,104.82,50.812,39.039,109.796,199.049,87.953,120.567,NA,64.716,38.014,86.945,118.113,10.79,76.201,24.707,62.816,6.48,212.881,3.542,38.539,55.419,61.307,42.2,12.643,45.797,122.305,NA,NA,46.353,NA,188.793,1.056,104.554,183.222,6.458,13.372,61.417,68.611,67.271,60.268,29.894,76.697,109.027,213.553,64.901,66.627,83.762,99.609,30.342,47.045,221.231,81.697,95.918
"1948-10",72.927,47.95,120.147,123.324,39.001,109.476,151.469,249.384,117.708,132.904,NA,48.485,26.779,109.711,66.689,11.306,90.578,79.836,16.06,58.41,189.344,4.098,107.536,231.881,30.386,56.206,27.44,44.32,82.945,NA,NA,34.465,NA,139.053,1.745,98.529,137.273,8.373,9.752,41.681,72.215,69.233,53.496,29.124,72.037,117.52,170.369,68.014,78.006,109.08,258.919,27.232,141.362,159.977,78.604,93.211
"1948-11",75.056,38.799,203.65,176.729,47.061,73.305,52.943,61.313,72.112,118.1,NA,59.688,27.481,70.433,99.107,19.376,94.6,142.283,34.725,58.303,47.138,21.134,265.963,317.599,20.297,71.291,78.317,35.691,108.553,NA,NA,38.216,NA,110.491,28.806,54.514,210.405,12.682,12.083,33.102,66.632,51.963,43.466,25.98,76.519,137.126,134.045,60.576,102.601,108.603,196.008,37.337,111.254,168.342,74.758,93.299
"1948-12",71.43,27.791,113.797,185.081,41.558,135.58,34.161,42.181,66.023,126.082,NA,63.097,22.167,81.464,90.472,38.283,90.414,170.407,36.63,66.797,5.775,20.353,83.352,272.385,29.043,114.587,187.213,19.858,93.865,NA,NA,32.179,NA,124.443,20.871,50.932,205.669,58.839,7.494,37.279,47.993,36.441,41.327,15.007,81.424,165.959,103.243,65.7,69.769,117.995,358.667,49.408,121.825,130.961,72.328,97.713
"1949-01",86.401,20.522,83.914,121.121,28.912,162.526,45.686,23.981,37.216,83.528,NA,80.465,19.969,86.411,44.874,96.789,98.786,53.238,56.628,48.283,1.131,18.036,22.382,97.028,17.909,109.128,163.332,22.936,90.071,NA,NA,45.077,NA,138.336,3.744,5.502,285.134,282.639,99.189,46.925,74.419,54.141,52.259,22.291,100.057,189.267,88.458,76.883,51.759,91.96,248.039,67.164,15.268,40.091,75.426,95.904
"1949-02",85.95,20.664,129.343,154.778,31.754,165.207,66.347,18.827,52.223,106.658,NA,128.657,22.844,77.068,23.077,56.282,97.553,53.078,31.175,60.301,1.187,2.376,10.938,78.869,23.094,142.854,209.095,17.675,67.772,NA,NA,38.257,NA,72.402,6.345,26.26,147.404,192.179,71.417,40.444,49.435,63.715,65.086,24.39,138.985,156.878,82.932,85.726,48.272,105.785,162.925,102.295,4.29,8.313,82.748,95.058
"1949-03",74.621,36.708,111.782,125.682,28.832,93.246,46.407,15.825,43.953,120.36,NA,82.703,34.824,133.353,15.229,122.636,95.248,47.59,48.047,34.422,4.531,1.353,2.203,18.147,47.866,129.444,103.224,18.625,78.857,NA,NA,41.736,NA,111.953,0.069,1.914,204.634,331.18,100.332,48.12,72.273,79.556,75.176,18.228,124.448,196.739,64.697,104.312,33.516,72.456,125.203,177.762,2.179,5.538,86.205,99.529
"1949-04",57.585,28.3,82.526,77.634,15.073,66.352,16.287,15.133,35.703,93.553,NA,109.166,40.866,89.624,16.823,251.436,56.352,48.622,5.29,25.878,59.033,2.426,6.132,93.908,33.035,98.495,152.78,16.719,76.289,NA,NA,18.221,NA,85.871,0.281,8.413,209.56,311.478,49.704,48.906,67.711,87.473,70.668,13.524,122.306,185.871,62.651,97.351,107.942,73.069,86.643,106.041,6.628,44.248,95.945,96.682
"1949-05",51.153,31.852,33.205,85.913,23.462,42.939,8.214,41.915,23.697,44.704,NA,99.749,44.649,72.406,29.77,318.924,45.697,24.045,38.676,17.565,125.427,1.347,19.619,205.198,28.478,79.421,85.696,13.71,85.012,NA,NA,53.057,NA,154.725,0.519,71.252,285.685,110.805,75.695,48.955,88.773,84.205,81.071,14.163,109.786,186.183,70.935,86.931,206.879,56.73,73.912,76.848,7.325,64.873,96.248,96.097
"1949-06",31.094,32.466,27.482,130.552,23.807,28.204,17.206,176.492,67.138,84.131,NA,78.344,82.532,85.056,101.187,291.168,38.567,48.131,1.034,8.213,280.481,1.041,16.736,186.777,101.251,92.089,7.669,27.992,77.123,NA,NA,1.054,NA,158.511,0.479,38.236,199.309,13.075,40.025,142.327,122.001,72.996,65.452,22.399,107.802,163.97,109.768,86.929,200.567,73.653,99.213,57.348,38.29,89.594,88.435,98.699
"1949-07",62.012,41.579,130.233,96.978,29.812,25.794,93.253,236.644,43.103,108.754,NA,88.283,61.22,81.661,196.814,79.002,44.262,23.528,2.738,2.779,282.27,1.016,19.744,66.48,106.775,80.953,4.257,34.257,57.61,NA,NA,3.544,NA,174.982,0.074,176.965,196.014,9.083,19.777,108.68,96.091,66.492,56.647,25.429,86.765,167.221,150.061,82.031,128.004,69.455,110.98,41.865,106.957,191.486,84.182,96.914
"1949-08",80.299,61.086,83.266,102.015,34.221,19.214,70.632,213.957,79.663,133.241,NA,83.256,54.757,51.978,153.875,20.973,56.891,31.245,1.299,5.164,187.775,0.462,17.21,45.105,77.84,70.15,4.953,33.825,110.923,NA,NA,1.761,NA,225.723,0.018,212.69,160.554,6.187,18.982,136.089,124.682,61.515,53.796,31.479,74.033,149.66,180.683,75.077,54.345,81.843,90.233,38.672,112.711,294.34,82.672,96.34
"1949-09",64.73,60.05,89.203,124.617,40.315,48.888,127.413,248.911,105.718,128.307,NA,58.636,45.965,90.058,95.553,29.987,85.298,32.345,0.699,20.915,188.882,1.423,66.379,108.36,51.921,39.111,5.326,44.832,75.91,NA,NA,2.481,NA,138.366,0.231,155.272,211.39,11.987,6.621,53.369,83.166,60.69,55.639,45.395,74.36,145.228,176.701,67.063,51.36,110.228,186.785,24.041,70.623,241.608,83.329,95.186
"1949-10",71.809,54.327,202.989,178.347,42.999,59.536,177.087,220.697,93.48,155.467,NA,59.179,22.085,64.885,49.35,10.512,67.744,91.094,35.184,49.965,152.283,3.546,74.769,219.347,28.575,84.623,10.311,48.27,84.075,NA,NA,35.272,NA,110.761,1.151,126.939,163.948,9.317,6.694,43.322,62.475,56.664,49.246,22.55,75.582,117.435,188.359,67.429,56.22,113.169,173.952,25.673,111.68,282.535,81.307,93.844
"1949-11",89.05,31.747,141.406,100.08,38.812,173.163,42.47,114.247,79.968,125.523,NA,71.54,26.747,56.199,119.839,16.27,97.136,94.738,61.812,91.743,83.084,12.39,280.84,383.723,14.448,95.442,99.624,21.98,104.851,NA,NA,127.275,NA,103.924,19.779,34.231,161.361,24.633,14.053,31.053,54.941,56.745,49.235,20.273,83.187,142.857,146.534,62.45,99.092,96.245,228.332,31.69,86.774,97.626,75.116,92.905
"1949-12",82.255,34.533,178.169,169.775,42.763,64.446,77.381,63.852,102.287,124.711,NA,72.762,16.655,76.238,129.163,31.724,79.921,129.637,92.688,63.822,5.058,8.549,202.034,369.989,20.522,106.965,185.376,19.842,105.555,NA,NA,89.167,NA,104.137,5.551,19.877,222.218,81.894,7.747,40.921,69.921,43.849,37.762,21.542,88.051,183.506,121.369,54.146,73.812,107.497,223.928,48.323,70.661,54.468,72.881,97.462
"1950-01",97.413,32.231,181.347,155.948,23.806,131.772,50.437,20.95,40.968,58.545,NA,73.682,17.757,98.285,41.866,95.283,105.357,59.13,15.3,65.682,0.647,7.213,37.349,257.931,63.284,131.902,240.421,24.686,69.815,NA,NA,43.13,NA,90.287,9.45,54.306,188.033,263.467,56.447,39.958,105.618,52.187,46.211,22.011,91.034,210.778,88.271,69.258,70.475,93.772,172.85,59.696,18.089,65.65,73.753,93.759
"1950-02",73.354,38.287,106.793,174.525,21.6,118.059,26.508,18.158,47.368,66.403,NA,93.723,32.1,84.856,44.633,89.306,75.917,95.537,14.983,52.017,2.536,17.58,7.812,105.898,53.491,165.994,124.264,16.335,78.952,NA,NA,24.895,NA,101.843,9.66,7.431,180.047,290.802,183.503,22.331,73.346,70.051,57.771,15.953,117.64,212.887,84.704,99.765,44.036,86.817,255.937,84.29,7.464,16.726,78.583,96.864
"1950-03",63.775,28.592,54.476,137.565,16.949,92.554,7.492,10.053,25.276,96.823,NA,86.02,13.935,95.096,29.412,129.975,87.26,72.868,9.024,43.002,12.841,2.412,8.434,74.611,67.917,94.744,156.209,13.874,65.738,NA,NA,12.701,NA,80.471,2.328,1.298,163.933,234.776,137.072,35.502,82.263,84.834,66.657,14.997,110.779,180.073,65.341,115.152,70.296,86.492,143.126,133.043,3.697,2.145,95.008,96.179
"1950-04",53.204,20.871,77.762,87.042,21.327,49.849,15.294,18.605,26.062,57.599,NA,86.317,24.11,89.266,21.964,278.812,83.355,30.714,25.177,22.046,30.085,1.978,2.742,181.243,31.15,84.829,129.679,27.316,78.7,NA,NA,43.599,NA,81.408,0.053,1.529,240.061,232.956,133.19,37.901,80.307,85.41,82.576,16.701,119.793,187.798,62.062,82.461,105.754,57.374,142.184,137.544,1.167,12.538,101.385,96.67
"1950-05",58.628,33.516,76.539,118.194,19.994,26.451,11.798,50.109,25.69,75.989,NA,94.574,47.673,60.664,17.516,298.655,51.038,38.055,11.898,17.224,176.737,3.889,6.188,179.33,38.735,96.9,71.209,19.108,46.517,NA,NA,10.193,NA,101.545,1.252,31.975,237.257,90.296,51.033,67.322,94.165,80.795,72.349,20.703,116.878,159.612,77.054,81.916,238.455,63.081,112.706,83.419,7.032,169.406,94.742,97.707
"1950-06",43.794,34.666,100.707,130.715,23.804,36.405,59.363,282.943,48.738,91.101,NA,92.408,68.471,74.761,58.62,219.06,44.774,48.815,0.308,10.199,246.091,2.798,51.274,285.925,92.933,104.425,8.873,27.345,52.843,NA,NA,2.701,NA,188.853,0.63,88.078,246.878,13.187,39.992,81.621,104.807,81.502,66.45,20.287,102.331,123.472,136,78.119,243.57,63.059,119.081,57.319,30.771,104.577,88.793,97.725
"1950-07",53.868,59.645,86.418,121.237,27.664,21.237,22.061,145.357,29.317,99.288,NA,97.383,61.408,55.287,205.296,41.459,46.705,42.556,4.337,7.457,243.819,2.298,36.785,84.116,52.185,56.524,3.262,38.621,65.519,NA,NA,5.03,NA,145.226,0.156,224.506,229.087,10.645,40.916,126.672,87.281,79.078,65.69,31.96,92.679,124.224,142.155,70.393,156.717,67.4,232.369,39.7,191.432,242.232,92.716,98.348
"1950-08",63.777,52.411,73.23,129.011,44.529,19.419,81.385,218.573,60.782,110.916,NA,89.833,54.13,55.262,167.495,11.974,52.347,19.5,6.726,3.232,206.27,1.561,21.219,65.961,106.639,51.193,5.58,31.124,74.426,NA,NA,8.103,NA,176.265,0.122,229.168,188.951,8.322,23.345,92.625,110.501,67.653,62.948,34.358,87.109,126.35,181.44,71.332,74.52,73.239,157.516,31.047,126.418,288.323,92.716,96.154
"1950-09",72.52,58.678,201.74,125.952,33.262,27.908,88.849,164.519,55.902,118.278,NA,63.776,25.719,54.816,74.313,8.99,98.35,38.413,7.858,11.97,194.162,1.565,32.046,80.898,41.025,32.859,6.311,39.104,90.21,NA,NA,7.38,NA,152.669,0.283,152.133,226.26,10.742,15.595,55.486,56.709,71.39,48.311,35.434,79.435,107.563,203.939,69.716,47.145,86.036,153.794,27.151,92.442,252.288,79.75,96.194
"1950-10",90.271,53.464,137.243,185.745,36.621,62.406,158.955,218.355,126.607,142.238,NA,75.858,30.773,82.057,71.974,9.741,93.143,66.102,34.912,70.985,202.791,4.714,52.185,199.103,57.096,49.514,18.528,36.177,104.648,NA,NA,80.94,NA,76.456,4.472,119.109,159.552,6.5,18.639,38.59,85.212,54.454,51.78,31.985,76.624,111.518,174.2,69.985,64.618,116.887,225.15,28.203,41.86,188.963,84.212,94.574
"1950-11",88.598,61.099,95.256,117.539,34.284,66.777,99.834,106.463,95.179,143.012,NA,79.13,20.173,68.121,108.483,18.813,85.715,70.322,54.812,68.804,39.007,5.572,114.173,162.738,16.025,85.599,67.147,29.041,88.59,NA,NA,43.898,NA,104.401,10.657,62.124,202.261,16.605,24.289,33.606,73.991,49,52.043,19.559,75.494,132.777,152.438,62.221,94.108,100.998,273.574,41.388,140.257,195.909,75.346,95.113
"1950-12",78.117,30.139,165.575,111.583,32.099,157.514,77.679,37.3,62.495,112.678,NA,77.335,24.599,64.615,87.434,55.689,105.676,122.045,30.407,65.176,6.656,10.84,13.414,140.699,41.57,134.999,108.214,32.772,81.799,NA,NA,29.316,NA,90.078,9.947,26.21,215.954,117.809,40.424,30.107,86.885,52.186,37.025,22.419,82.203,150.035,118.839,61.421,77.642,103.24,306.349,74.805,60.145,76.831,69.097,95.172
"1951-01",101.718,36.999,104.996,99.023,24.717,164.424,64.731,22.24,59.223,59.543,NA,83.622,26.422,77.589,83.037,69.468,98.224,69.366,69.442,69.473,1.348,7.413,9.958,78.82,18.02,135.836,163.018,21.152,77.573,NA,NA,87.555,NA,93.039,7.768,7.129,271.115,379.707,83.84,29.059,53.514,48.834,40.786,26.171,120.329,155.384,94.231,70.223,54.01,75.839,248.765,96.045,20.416,45.446,74.208,98.468
"1951-02",62.187,34.721,142.732,184.366,24.406,157.178,70.807,27.201,51.38,102.01,NA,95.116,20.751,77.274,28.333,54.575,122.526,106.205,20.024,53.975,2.405,4.358,3.001,63.023,16.546,111.957,171,17.128,91.087,NA,NA,10.519,NA,90.354,3.052,7.143,214.586,350.496,126.89,28.87,79.689,63.672,52.646,15.637,139.051,174.9,84.586,72.355,48.824,109.07,173.17,103.296,8.367,9.26,85.731,97.824
"1951-03",57.127,19.145,92.917,113.733,27.112,124.278,15.584,13.281,23.561,171.393,NA,51.557,33.439,105.503,20.321,152.193,71.137,109.51,43.031,36.956,9.58,2.777,4.474,53.311,37.474,196.751,125.626,20.09,66.571,NA,NA,30.153,NA,85.577,3.462,1.494,168.035,262.889,101.379,44.805,56.149,83.503,70.115,20.504,106.761,176.077,72.459,91.56,47.365,86.723,143.596,109.706,2.238,6.633,91.476,94.356
"1951-04",56.468,18.581,79.058,134.542,23.964,99.949,17.76,10.724,24.32,92.054,NA,99.378,63.358,96.876,14.493,287.631,68.729,46.013,5.092,18.328,85.997,3.366,10.231,149.688,25.87,103.843,170.41,25.649,67.693,NA,NA,6.595,NA,84.39,2.202,10.798,176.584,162.463,61.601,40.335,76.679,79.872,79.904,19.074,136.035,183.607,63.611,96.974,142.56,73.313,92.83,95.89,11.504,30.219,95.977,94.849
"1951-05",59.745,31.513,11.503,67.484,18.215,82.278,10.049,40.541,28.235,84.899,NA,70.347,42.703,73.484,19.719,312.315,67.338,15.015,4.549,24.897,107.047,2.237,27.986,327.328,77.727,82.321,216.212,20.243,44.359,NA,NA,9.431,NA,114.916,12.564,23.64,255.492,61.455,40.757,68.792,79.211,83.05,75.481,10.992,104.992,168.85,73.328,92.985,175.481,58.77,168.782,65.352,25.329,35.423,90.911,95.777
"1951-06",49.025,41.238,44.707,113.657,18.503,19.847,22.21,217.899,59.255,129.063,NA,97.613,81.593,77.597,29.479,285.076,44.576,34.549,5.058,10.18,299.435,1.966,50.204,309.92,57.66,55.75,23.071,25.477,50.121,NA,NA,12.509,NA,186.926,0.581,77.701,169.649,40.436,31.312,97.541,111.051,69.448,55.546,20.306,102.854,145.353,131.45,74.931,181.273,66.19,113.299,69.828,30.904,41.133,87.628,97.035
"1951-07",57.794,50.43,33.952,125.272,15.542,20.282,63.283,234.403,65.059,131.376,NA,68.909,79.984,62.752,140.454,87.325,59.986,25.904,4.088,5.956,393.185,1.038,16.303,78.969,135.571,55.741,7.907,37.918,84.38,NA,NA,2.702,NA,133.443,0.153,240.253,173.601,10.927,51.15,78.971,102.134,75.276,57.675,35.748,95.81,160.663,144.476,79.641,104.554,85.662,163.124,42.255,131.145,414.475,85.843,98.857
"1951-08",66.341,65.95,64.307,156.882,46.221,20.385,90.033,202.567,87.969,131.075,NA,77.997,37.817,68.506,187.857,16.811,72.6,32.453,2.021,5.397,300.938,0.602,20.544,66.361,41.992,81.344,5.546,43.165,73.978,NA,NA,1.486,NA,150.206,0.059,179.909,170.225,8.399,33.067,69.235,90.012,70.476,46.874,38.19,78.313,147.712,185.095,69.421,77.756,90.683,99.912,35.959,87.97,312.645,87.266,97.7
"1951-09",81.997,54.396,120.831,126.65,46.2,36.219,137.927,308.329,104.466,134.852,NA,38.94,49.353,93.564,110.987,12.673,77.347,65.736,9.277,22.061,235.394,3.57,98.837,158.631,29.92,61.373,9.927,53.676,55.621,NA,NA,10.696,NA,167.669,1.56,110.718,171.47,9.567,18.634,54.429,69.887,62.08,51.953,26.306,70.851,143.962,183.489,69.395,64.996,104.779,109.529,32.626,81.05,186.204,83.389,94.744
"1951-10",83.522,55.419,304.524,118.248,45.948,103.673,133.524,249.514,125.984,144.345,NA,87.545,31.95,76.161,77.821,12.801,94.357,73.562,110.054,38.385,223.839,2.201,102.296,224.695,51.069,90.297,17.943,37.684,96.12,NA,NA,76.899,NA,132.14,24.036,153.424,124.875,5.894,6.439,37.153,78.127,60.753,56.703,20.281,72.833,155.145,174.191,68.18,78.41,106.679,89.85,34.427,140.284,241.791,86.989,95.613
"1951-11",77.598,35.418,220.642,165.085,35.08,166.633,72.3,131.428,99.134,152.545,NA,61.212,13.546,67.444,96.665,25.186,85.286,98.441,23.023,63.967,52.563,22.064,205.485,206.004,8.647,71.636,117.769,30.861,112.989,NA,NA,65.997,NA,81.521,32.399,114.754,159.594,40.076,38.246,26.19,81.636,54.075,51.617,28.344,72.896,151.393,147.907,66.325,101.222,106.03,114.843,35.591,149.021,255.265,78.318,92.209
"1951-12",80.732,24.966,228.123,181.195,45.359,97.068,63.05,32.866,52.325,82.592,NA,71.273,12.405,86.452,46.042,65.306,114.93,95.589,41.819,82.894,4.339,9.002,217.176,304.415,9.261,98.01,172.413,25.634,84.897,NA,NA,53.23,NA,113.357,14.645,43.819,188.653,103.96,28.516,49.193,74.731,41.33,49.609,18.676,84.428,205.637,99.573,78.612,88.61,102.146,158.54,47.18,54.075,155.576,74.253,92.608
"1952-01",101.994,34.278,71.32,155.659,26.41,38.03,48.754,23.756,45.95,73.302,NA,83.017,23.095,112.721,25.287,75.761,95.558,100.301,93.452,50.574,1.472,19.416,86.393,361.101,23.299,121.9,219.035,23.797,76.715,NA,NA,55.553,NA,106.918,15.886,18.543,226.604,288.276,80.547,33.556,90.977,54.536,59.421,19.267,92.384,237.2,88.831,78.395,73.672,116.559,163.869,69.242,40.361,30.365,78.583,99.123
"1952-02",92.993,22.453,123.159,175.036,23.81,158.798,26.299,12.427,47.24,32.061,NA,69.076,15.771,100.521,21.07,119.733,89.811,45.628,54.62,57.305,3.927,6.345,27.539,231.71,36.318,159.153,189.932,23.679,58.517,NA,NA,89.768,NA,82.676,4.096,3.116,172.588,300.523,65.124,21.646,41.979,59.375,71.534,21.504,113.103,218.732,64.992,93.928,54.005,96.805,207.293,64.004,3.928,1.037,86.481,95.824
"1952-03",88.507,24.4,54.619,101.389,26.695,53.37,19.646,9.593,20.327,68.377,NA,76.621,22.828,90.147,22.378,135.36,68.301,49.42,29.53,34.729,22.374,7.692,9.795,97.063,44.169,144.244,113.752,19.645,60.917,NA,NA,36.049,NA,97.796,0.975,4.049,192.512,253.887,83.742,33.734,73.796,83.497,74.7,22.839,114.633,208.302,60.832,95.184,114.388,76.681,175.24,114.263,7.443,3.541,88.689,96.065
"1952-04",64.903,21.922,30.789,93.54,18.488,45.539,7.796,10.62,23.284,35.401,NA,88.894,38.818,68.986,23.391,200.061,58.762,34.973,57.726,26.575,73.107,4.259,8.227,181.082,41.253,114.495,243.118,20.773,78.144,NA,NA,39.006,NA,89.985,0.076,4.543,203.79,254.22,62.468,39.354,108.449,95.203,75.112,17.941,118.465,180.545,55.847,81.952,188.719,59.088,164.233,107.202,3.345,12.895,95.146,96.738
"1952-05",35.783,30.721,81.565,76.673,17.45,26.992,11.136,30.896,18.814,39.158,NA,89.657,51.033,91.83,16.163,333.351,63.477,23.354,29.656,9.531,122.354,2.959,13.779,170.993,49.761,82.981,133.171,21.388,60.674,NA,NA,22.915,NA,107.115,0.103,18.05,271.251,56.868,67.92,73.884,71.85,74.463,69.996,16.793,114.005,155.966,74.072,91.153,204.232,55.405,168.388,94.346,20.242,68.27,92.543,97.118
"1952-06",52.5,47.549,46.183,148.843,20.872,25.745,33.479,150.421,45.797,70.235,NA,82.792,71.682,74.977,88.515,294.879,54.386,33.073,14.831,14.923,250.892,2.664,11.199,217.22,39.145,55.481,49.965,38.827,77.985,NA,NA,1.08,NA,204.699,0.035,89.964,186.843,19.514,74.105,104.412,102.711,68.445,52.853,22.669,106.737,135.871,108.982,82.459,220.337,51.448,166.357,65.615,72.478,192.981,90.574,97.59
"1952-07",53.846,59.944,29.439,154.967,36.037,14.326,45.436,173.595,30.336,97.466,NA,90.424,19.568,55.13,182.365,50.71,49.017,34.35,8.815,2.076,294.089,2.117,13.881,78.245,59.981,62.463,3.876,45.92,97.062,NA,NA,3.957,NA,154.449,0.078,201.48,220.981,11.033,30.796,105.757,101.466,61.704,58.849,30.724,85.593,117.328,155.418,68.509,124.109,63.302,195.603,47.596,103.473,220.374,95.158,96.737
"1952-08",63.917,64.013,42.352,136.947,57.224,21.457,52.364,159.767,38.511,97.614,NA,51.958,34.772,65.846,136.766,12.777,51.055,42.14,2.237,5.3,208.086,2.433,10.705,52.584,57.638,49.936,4.738,37.235,104.692,NA,NA,1.132,NA,245.719,0.015,164.593,211.064,8.665,16.865,87.44,75.183,65.847,63.23,31.556,87.093,83.458,193.204,79.149,56.516,80.679,172.638,30.552,70.37,209.947,88.251,96.523
"1952-09",71.833,54.39,418.338,127.278,40.845,19.64,134.056,218.259,68.389,112.755,NA,85.217,49.957,52.604,128.568,10.266,66.954,78.362,12.225,12.788,169.114,1.761,16.968,84.956,25.486,34.408,9.004,29.119,91.483,NA,NA,8.929,NA,244.022,0.13,102.643,201.039,9.68,23.432,57.759,61.136,51.47,58.076,33.765,76.06,95.412,185.46,63.138,58.935,94.054,200.74,34.615,38.315,173.545,84.94,94.147
"1952-10",80.411,52.358,171.17,147.77,36.345,88.029,115.041,179.145,98.829,141.783,NA,52.818,28.504,91.728,74.082,8.655,80.339,64.601,12.765,41.059,91.363,3.069,33.421,56.993,20.737,45.505,26.218,45.592,79.644,NA,NA,44.475,NA,206.039,0.819,135.044,173.377,4.847,16.949,32.502,71.227,41.385,65.945,26.755,78.398,120.248,167.395,69.488,77.106,102.637,243.283,34.067,96.364,207.911,79.181,94.654
"1952-11",84.41,48.624,94.325,148.039,43.051,102.038,90.261,72.489,54.852,146.643,NA,80.616,31.319,102.233,110.405,28.762,74.663,83.897,24.345,54.295,43.464,12.159,45.039,185.596,16.057,65.371,78.718,20.45,107.32,NA,NA,36.809,NA,139.158,5.018,113.43,201.711,9.68,16.828,38.482,74.745,53.358,32.389,17.92,76.734,117.938,144.342,69.747,114.95,95.778,290.665,43.482,93.418,244.639,71.332,95.051
"1952-12",64.311,39.31,212.298,160.056,39.369,154.511,59.996,51.317,79.017,110.412,NA,70.354,17.059,74.343,82.983,46.993,101.721,124.467,46.621,68.221,4.498,11.038,16.854,102.783,16.559,95.621,174.08,15.386,120.931,NA,NA,62.235,NA,161.01,8.688,40.504,260.569,163.924,58.571,40.685,67.627,36.275,41.25,14.638,89.722,130.302,114.577,69.225,80.408,99.908,251.136,52.146,18.95,152.244,74.181,94.729
"1953-01",78.22,32.795,117.393,129.635,27.278,176.823,64.588,34.557,58.541,55.793,NA,58.27,19.355,107.083,39.776,154.231,93.642,125.279,25.019,66.501,1.112,8.712,15.23,115.786,22.966,123.374,266.29,19.965,72.53,NA,NA,30.314,NA,126.027,14.289,7.063,292.061,263.242,85.499,29.488,70.953,55.749,53.245,26.97,107.778,143.117,99.723,72.281,65.842,102.206,245.976,68.455,9.656,81.592,75.264,96.683
"1953-02",97.975,35.259,132.981,141.385,33.927,106.563,22.936,14.064,45.602,109.253,NA,82.035,18.364,131.114,26.262,128.05,83.594,79.16,35.049,55.123,5.203,9.666,6.593,50.182,53.517,153,143.511,11.841,76.673,NA,NA,53.249,NA,121.598,2.083,17.189,211.029,337.22,128.985,37.612,94.604,75.367,63.531,17.628,120.514,148.208,76.28,112.111,63.438,76.908,169.174,115.866,16.55,46.48,83.96,96.863
"1953-03",74.338,28.356,75.216,118.163,17.445,122.269,11.125,11.643,36.838,113.226,NA,90.944,21.051,79.381,19.876,116.892,60.558,75.824,42.551,31.572,13.123,5.777,1.94,46.431,30.786,127.697,128.668,13.104,89.651,NA,NA,32.923,NA,115.43,0.019,2.37,204.137,371.277,181.069,80.539,79.787,76.52,67.065,13.427,120.463,128.779,72.253,90.44,71.198,74.205,136.525,96.907,1.804,31.34,95.354,93.739
"1953-04",58.163,21.854,38.099,103.56,26.096,73.487,6.945,12.579,22.21,52.213,NA,87.108,29.719,79.402,19.128,152.322,81.096,85.023,9.957,28.971,101.709,11.152,12.066,108.208,37.682,123.089,191.185,16.578,45.599,NA,NA,22.001,NA,97.884,1.14,13.031,164.454,228.432,181.58,55.594,108.427,86.935,70.807,13.144,123.974,117.457,68.811,89.078,172.519,73.702,90.542,96.876,6.415,34.256,97.627,94.69
"1953-05",59.284,32.051,7.019,101.484,12.246,53.253,3.744,35.822,21.53,37.332,NA,83.963,60.454,80.155,24.301,207.057,49.461,19.944,7.917,18.828,121.138,3.296,40.821,161.015,27.569,66.887,121.842,15.964,42.669,NA,NA,5.893,NA,113.593,6.716,6.368,240.481,152.657,77.78,69.796,101.623,77.695,76.059,15.757,132.365,119.141,84.887,93.811,158.313,54.766,159.242,95.148,5.675,33.034,98.129,97.974
"1953-06",46.216,26.949,9.176,116.152,22.969,27.724,20.071,144.321,25.804,65.475,NA,104.393,68.888,59.22,30.835,282.424,40.159,65.376,8.736,20.761,254.129,2.557,14.93,73.329,98.349,108.165,66.55,16.701,46.964,NA,NA,17.499,NA,140.484,0.114,150.058,226.236,48.654,86.724,116.607,117.186,62.205,67.281,16.313,114.344,107.856,121.812,87.162,190.534,67.704,112.535,45.773,80.36,233.637,88.655,96.525
"1953-07",53.656,46.986,35.643,129.452,35.291,15.047,42.621,151.438,26.24,116.415,NA,75.533,54.224,78.608,105.888,99.226,42.149,36.653,1.19,5.175,320.9,2.749,20.02,74.336,37.828,75.653,10.537,48.095,31.19,NA,NA,1,NA,218.267,0.028,178.848,200.211,9.48,68.823,128.503,97.61,74.565,56.049,38.621,93.174,118.666,159.222,78.002,163.979,68.613,153.894,49.268,110.308,186.536,88.479,97.494
"1953-08",61.02,49.413,119.032,129.61,32.075,26.475,57.651,146.59,46.603,124.12,NA,90.971,43.783,70.444,125.5,16.281,63.066,39.239,7.435,3.429,251.688,4.118,18.97,52.827,100.322,63.179,3.897,36.482,67.453,NA,NA,10.938,NA,166.118,3.125,215.39,199.576,4.317,34.374,87.261,111.513,63.18,67.672,26.504,88.743,115.401,163,70.719,94.199,69.656,190.582,34.027,74.854,274.618,88.206,96.02
"1953-09",90.455,51.061,120.331,148.727,36.163,32.508,86.453,189.397,74.543,114.691,NA,82.913,32.133,62.782,166.121,9.409,71.082,46.05,25.08,6.812,219.268,1.335,20.234,56.927,16.741,25.673,9.124,47.171,80.984,NA,NA,14.505,NA,160.797,0.32,121.444,208.849,3.847,21.872,85.656,128.877,64.448,52.462,32.058,73.488,108.664,186.66,58.515,76.898,73.69,209.742,29.283,64.888,270.744,83.159,94.204
"1953-10",83.847,38.264,196.122,169.701,53.297,136.532,141.116,161.026,73.632,144.99,NA,65.559,13.977,67.742,102.41,13.828,88.384,35.138,46.757,44.748,156.355,1.429,31.917,72.734,29.597,64.614,17.976,33.723,101.483,NA,NA,60.083,NA,126.764,0.743,112.78,185.75,4.329,15.635,51.465,73.527,61.872,57.022,23.83,73.012,136.775,173.633,61.782,79.096,111.851,228.243,33.616,76.048,223.137,83.249,95.618
"1953-11",79.531,42.36,112.594,106.778,37.039,108.514,140.919,90.186,57.294,127.633,NA,65.499,10.669,91.583,106.867,58.85,98.846,100.444,44.306,69.271,74.308,12.911,19.229,57.343,18.14,92.667,34.76,21.423,85.415,NA,NA,53.27,NA,110.636,12.691,101.334,188.012,16.471,24.993,57.691,71.637,56.68,45.452,31.21,69.875,120.983,149.396,65.712,108.345,98.554,241.487,44.275,78.628,252.343,74.107,92.156
"1953-12",100.644,40.427,227.608,117.214,31.78,183.795,56.227,46.6,53.696,89.239,NA,76.612,18.518,85.129,81.551,46.337,101.618,46.087,132.841,90.54,8.2,11.097,39.073,134.918,19.181,125.918,86.57,14.445,85.873,NA,NA,86.731,NA,106.111,4.673,13.956,233.315,221.328,66.951,28.726,87.248,49.966,41.793,16.665,86.262,141.153,125.227,65.319,73.904,98.332,275.621,60.011,45.605,32.056,70.715,95.606
"1954-01",78.443,34.897,109.44,112.474,32.418,173.77,34.215,24.633,54.235,70.931,NA,89.979,22.737,85.894,49.29,75.766,86.356,126.185,47.254,89.415,3.144,8.328,14.861,123.652,12.698,103.721,73.909,11.833,99.148,NA,NA,43.357,NA,91.561,3.364,9.047,281.489,274.999,88.947,34.955,88.632,61.158,33.866,12.461,112.719,155.741,108.34,68.125,50.877,101.604,268.02,76.601,6.201,47.791,70.779,96.411
"1954-02",87.133,37.972,122.1,143.604,33.695,110.416,49.349,26.37,42.174,120.238,NA,75.69,22.834,85.138,45.488,116.397,90.326,82.024,10.777,51.32,3.693,10.131,4.489,52.099,13.459,170.769,198.637,20.916,70.669,NA,NA,14.988,NA,84.217,2.619,5.277,163.717,423.583,109.933,21.822,100.085,72.377,65.373,24.706,135.287,160.192,90.855,69.8,47.926,90.954,131.612,107.897,8.243,15.344,82.754,94.486
"1954-03",67.843,25.16,142.833,133.987,21.732,45.911,39.657,18.363,30.336,150.847,NA,82.101,37.222,129.943,23.129,156.541,73.15,98.487,5.648,53.994,6.89,2.828,2.844,54.92,36.19,143.579,127.228,24.257,61.253,NA,NA,25.115,NA,70.7,0.163,4.277,190.512,243.222,187.372,54.45,86.864,85.691,86.942,27.212,120.305,192.206,70.974,91.535,41.87,100.844,121.354,126.344,4.296,19.697,91.5,97.045
"1954-04",60.571,26.041,61.983,134.276,23.364,63.255,11.854,15.255,15.99,89.887,NA,88.314,38.457,107.483,13.739,279.228,47.49,70.689,13.566,31.098,47.042,2.638,4.505,126.919,55.633,111.546,146.51,14.552,78.544,NA,NA,17.907,NA,82.326,0.507,4.55,217.242,241.788,96.528,39.434,98.445,87.798,77.075,13.525,130.309,186.152,60.194,108.78,118.246,80.943,75.349,98.915,3.113,21.033,90.628,95.2
"1954-05",36.565,30.376,77.001,76.786,14.621,34.977,17.398,43.061,22.345,64.649,NA,83.173,43.589,81.782,12.978,302.706,46.647,37.279,6.431,19.636,169.274,3.558,10.859,149.203,43.408,110.495,100.93,18.649,75.391,NA,NA,6.018,NA,103.506,0.969,14.964,211.897,101.746,57.001,92.096,127.428,80.926,73.878,14.526,114.041,175.571,73.661,79.26,218.291,67.121,217.388,67.895,19.107,73.557,95.9,97.719
"1954-06",55.853,42.791,23.52,98.611,30.2,14.415,10.063,125.056,39.179,98.378,NA,111.953,49.066,69.546,90.85,288.094,62.533,37.221,1.582,12.535,250.047,1.855,61.173,104.855,62.993,76.24,13.843,17.896,71.809,NA,NA,2.309,NA,220.035,0.217,25.758,162.042,14.741,52.856,111.11,132.197,59.303,68.477,15.281,106.079,159.923,122.498,91.786,241.144,56.683,210.33,47.399,94.301,15.547,92.082,98.107
"1954-07",52.845,48.152,72.463,124.461,22.522,18.481,43.854,201.688,37.148,103.973,NA,89.505,53.489,59.535,156.084,40.956,58.751,33.427,8.04,6.961,371.357,1.62,16.382,50.313,56.985,68.623,2.087,35.414,52.081,NA,NA,8.078,NA,122.766,0.03,190.188,211.121,9.719,44.863,80.123,100.402,68.312,47.853,24.308,95.67,151.997,191.206,71.509,120.113,61.492,126.627,41.051,98.963,235.04,82.197,97.674
"1954-08",65.416,51.425,22.163,138.643,47.032,21.521,50.736,183.665,49.778,127.303,NA,98.721,67.197,55.946,140.752,21.489,48.071,36.728,4.165,3.809,278.019,0.496,18.039,54.993,47.089,52.915,6.593,50.333,52.535,NA,NA,4.185,NA,127.861,0.147,184.617,155.383,5.454,30.144,93.865,103.029,65.993,37.417,39.356,86.351,139.998,195.8,65.585,71.09,76.954,89.534,36.892,82.175,266.325,85.258,95.84
"1954-09",91.24,60.968,132.152,173.881,36.532,68.61,135.554,193.335,111.281,148.923,NA,73.742,30.785,73.01,97.513,9.805,69.251,28.24,36.61,19.113,205.352,1.014,64.926,83.184,51.724,50.622,10.067,47.74,66.2,NA,NA,23.567,NA,207.689,0.241,164.478,163.281,7.151,12.798,71.728,84.236,62.874,56.613,31.771,63,152.327,178.462,68.957,62.414,103.679,125.136,26.565,120.677,249.722,86.576,95.417
"1954-10",94.179,54.808,73.969,158.927,38.477,34.034,90.183,204.311,110.861,147.977,NA,64.854,25.682,75.665,48.739,10.023,103.994,83.687,37.015,61.798,190.386,14.487,83.01,221.554,44.629,49.911,18.67,47.906,79.039,NA,NA,42.221,NA,105.098,9.23,115.255,140.922,8.936,8.297,34.743,69.133,65.988,59.524,29.66,76.76,155.191,179.631,62.884,81.697,116.872,122.808,27.745,139.931,170.683,79.999,94.312
"1954-11",84.101,49.274,70.515,112.332,38.982,101.749,31.319,112.161,81.258,133.392,NA,79.765,20.293,83.129,100.763,20.102,98.906,117.464,43.895,75.855,45.134,40.478,303.486,221.182,40.148,77.493,43.831,34.544,104.42,NA,NA,54.194,NA,106.137,129.422,38.878,101.248,37.027,8.151,37.04,80.307,49.561,34.545,30.302,74.991,136.229,140.765,65.367,109.272,119.825,175.861,41.079,119.383,75.74,73.324,92.337
"1954-12",73.607,31.088,122.177,166.15,34.268,193.363,60.812,44.407,74.288,109.222,NA,92.967,25.673,84.258,49.032,45.503,92.018,154.599,70.088,52.497,10.263,8.134,179.001,275.28,13.768,113.487,121.701,23.801,103.824,NA,NA,57.643,NA,96.463,34.155,54.097,202.238,209.347,137.174,20.815,77.508,38.605,37.247,17.136,84.308,202.111,98.6,67.04,76.115,114.52,140.575,52.929,64.347,120.812,69.13,92.147
"1955-01",74.351,28.742,147.154,146.522,24.395,218.495,44.646,18.245,50.67,81.078,NA,78.262,25.111,95.357,27.294,57.58,118.313,64.375,90.917,55.085,0.352,15.031,64.711,301.305,18.321,133.922,241.473,18.971,83.35,NA,NA,72.711,NA,122.857,10.601,3.615,134.729,229.696,101.756,28.581,50.802,47.904,55.776,16.27,106.372,214.334,85.648,69.677,49.465,100.182,192.496,102.893,11.913,9.219,76.016,94.959
"1955-02",88.525,29.201,171.392,151.458,16.159,174.31,51.659,16.076,39.388,79.488,NA,101.206,19.966,90.743,35.3,67.57,99.767,72.213,77.606,47.453,2.879,23.467,10.738,76.861,27.726,128.82,144.006,20.154,65.693,NA,NA,38.222,NA,89.883,1.688,6.634,209.851,322.956,80.585,18.199,76.449,73.903,57.516,14.975,103.389,255.527,70.914,85.433,44.924,89.686,179.229,147.554,6.818,16.135,82.749,98.175
"1955-03",63.035,20.714,151.148,163.589,17.743,83.812,46.374,20.291,43.694,108.609,NA,92.657,27.878,104.475,16.171,136.125,80.329,91.318,28.326,46.982,6.87,6.362,7.341,79.239,23.145,113.371,131.086,18.632,64.41,NA,NA,43.819,NA,105.483,1.889,1.872,113.032,137.563,69.912,48.158,44.242,81.916,65.213,12.255,120.569,215.368,63.813,81.341,47.413,105.393,148.339,133.803,2.539,2.308,90.155,95.412
"1955-04",44.142,18.836,17.326,156.039,12.749,106.838,16.555,15.352,24.285,113.801,NA,67.794,29.132,121.148,12.321,319.684,84.13,97.387,34.017,25.534,48.303,1.841,4.753,181.681,33.12,123.615,163.967,15.606,70.302,NA,NA,26.022,NA,87.429,0.045,0.574,169.691,106.296,76.39,62.72,68.867,83.947,86.033,14.236,99.1,242.095,57.16,87.996,140.437,93.723,140.25,130.1,0.676,3.579,101.324,100.078
"1955-05",48.275,40.722,60.943,80.711,21.003,26.908,34.392,23.305,30.563,137.073,NA,83.313,41.42,70.811,24.05,362.466,57.039,69.153,6.183,29.648,182.464,2.984,2.891,250.128,41.352,114.196,69.439,17.862,63.251,NA,NA,18.655,NA,146.471,0.791,9.764,172.99,63.099,69.026,75.041,86.326,82.333,69.223,9.251,83.852,260.451,54.731,80.983,201.347,66.715,154.551,81.79,5.396,17.147,98.037,98.082
"1955-06",53.107,38.037,14.424,81.827,28.452,21.797,9.126,191.613,114.44,147.496,NA,91.549,43.788,82.175,221.507,100.923,55.044,26.409,8.805,9.61,254.58,1.757,67.933,134.781,92.911,133.103,2.855,27.975,83.655,NA,NA,21.468,NA,185.728,0.137,94.12,154.139,25.195,97.581,99.279,89.951,68.307,56.411,26.36,87.511,225.575,74.35,81.445,174.292,57.255,196.715,65.658,47.872,145.39,90.792,98.513
"1955-07",49.187,49.35,15.687,92.823,12.664,34.207,24.821,197.156,93.062,103.547,NA,95.285,48.416,83.992,217.243,29.002,40.343,48.693,3.988,6.774,223.823,2.305,17.177,41.848,122.397,76.901,4.766,31.166,73.005,NA,NA,9.973,NA,232.421,0.019,197.7,186.955,7.372,35.099,155.621,105.56,72.001,44.93,25.181,83.481,251.945,116.374,77.912,78.502,82.301,146.666,38.081,99.442,245.192,86.361,102.389
"1955-08",68.429,61.243,107.175,138.755,43.864,30.536,159.087,381.594,82.83,162.634,NA,82.586,48.091,74.456,142.058,14.294,56.728,36.456,3.041,7.302,211.077,1.524,21.495,53.054,60.592,39.642,5.095,45.561,74.387,NA,NA,2.837,NA,207.708,0.201,70.808,157.118,9.076,26.084,86.066,77.241,68.977,53.928,37.25,75.869,185.322,161.254,79.471,52.416,83.077,220.536,33.627,50.689,123.651,91.162,98.6
"1955-09",89.873,59.44,91.003,177.822,45.373,12.911,85.069,180.065,125.599,150.539,NA,54.949,40.144,109.963,61.054,16.129,63.892,25.41,32.438,17.423,176.768,1.519,35.477,56.554,46.933,41.01,6.285,24.092,81.216,NA,NA,27.304,NA,190.852,0.194,100.326,154.954,4.345,10.092,93.205,86.181,65.191,61.726,33.396,68.123,169.381,177.851,74.659,43.867,104.64,169.273,26.215,51.971,151.064,79.318,97.002
"1955-10",84.918,59.019,141.751,220.808,37.407,79.819,120.263,292.029,202.65,139.827,NA,44.614,24.975,115.959,69.155,5.711,92.12,75.128,19.849,40.315,135.883,6.165,36.621,182.249,34.737,30.817,9.648,31.452,88.296,NA,NA,28.564,NA,100.706,1.695,150.767,148.734,4.2,5.559,54.422,56.341,44.334,53.561,31.998,64.055,155.864,169.427,70.028,70.056,122.938,250.854,25.339,103.98,241.747,82.265,96.946
"1955-11",74.77,51.891,139.661,194.832,41.638,154.208,89.032,192.213,82.781,147.174,NA,75.168,18.897,77.26,60.725,13.148,70.635,152.881,10.51,67.045,42.332,6.596,80.676,201.826,24.464,70.039,48.681,21.868,91.188,NA,NA,20.435,NA,105.467,7.714,118.947,132.716,8.198,4.576,42.369,65.055,48.882,46.932,18.549,78.901,161.745,159.473,68.403,94.499,130.217,218.654,27.811,144.509,219.241,74.195,95.084
"1955-12",72.083,36.918,154.798,157.026,41.673,159.766,35.177,49.378,63.814,124.501,NA,75.417,22.403,75.418,63.56,26.147,103.545,144.978,54.586,76.943,12.052,16.036,66.609,155.627,27.805,91.609,87.271,19.829,103.451,NA,NA,36.596,NA,121.336,2.536,125.931,150.886,107.326,25.907,15.251,66.029,44.874,39.167,16.458,81.892,176.51,122.256,71.249,87.106,101.548,302.984,54.134,186.305,252.329,67.51,95.711
"1956-01",84.048,25.447,167.757,144.206,40.882,84.908,39.746,30.775,57.993,56.106,NA,67.986,17.075,107.595,28.131,90.212,99.538,144.078,63.773,37.418,1.211,19.144,16.368,124.207,14.159,117.401,196.075,19.51,75.279,NA,NA,54.035,NA,88.933,17.43,40.073,263.162,261.9,63.032,38.291,53.543,51.301,51.314,17.157,98.295,239.173,78.493,67.725,63.77,99.567,253.507,57.628,45.381,124.034,78.545,96.282
"1956-02",95.029,24.124,123.818,145.987,38.373,117.033,38.884,12.801,35.897,77.521,NA,87.753,24.962,102.06,37.018,140.234,114.702,66.613,38.552,40.95,1.706,5.859,10.109,77.739,19.497,174.472,202.359,16.709,83.685,NA,NA,49.889,NA,137.384,3.201,8.501,179.91,191.761,53.996,41.657,55.595,62.671,62.421,12.123,111.887,175.37,67.939,81.334,46.504,92.07,203.897,174.938,4.232,7.666,83.194,96.62
"1956-03",78.027,28.472,106.767,149.279,30.726,117.359,27.557,26.943,40.656,88.602,NA,68.222,27.264,103.656,19.882,181.481,61.906,58.236,15.251,34.839,12.156,6.626,6.085,56.904,43.999,122.24,107.486,11.926,92.229,NA,NA,12.987,NA,95.29,0.021,3.187,202.327,396.895,65.988,59.448,71.287,91.854,83.101,23.677,120.623,176.866,71.68,85.338,65.36,77.579,143.124,112.97,5.963,7.652,93.735,95.119
"1956-04",50.278,22.256,70.024,93.156,13.983,71.67,26.558,16.667,27.338,60.38,NA,104.85,29.269,119.961,10.93,313.163,79.892,50.761,21.757,27.9,83.79,2.884,18.85,142.523,22.028,110.681,143.942,19.866,80.991,NA,NA,30.094,NA,98.824,3.926,4.014,168.943,92.304,49.246,67.663,81.667,82.929,76.372,11.968,112.051,175.756,62.13,77.554,159.748,76.463,139.964,105.863,4.446,8.893,100.091,94.156
"1956-05",56.207,33.996,63.347,104.83,14.274,36.395,17.054,44.553,43.365,73.036,NA,107.841,46.092,82.889,25.411,321.266,41.741,28.427,6.315,11.052,144.54,2.865,30.372,122.973,49.775,59.546,60.456,14.168,48.362,NA,NA,18.382,NA,159.292,0.179,41.623,188.641,80.987,71.938,105.341,120.764,78.316,54.9,12.708,97.132,148.048,77.717,83.775,210.065,56.477,261.003,98.066,53.129,42.616,92.123,97.412
"1956-06",47.67,37.617,135.652,113.778,23.015,29.242,44.879,180.171,47.398,87.194,NA,109.258,50.705,69,103.759,272.983,40.586,29.381,18.786,8.497,226.946,2.181,16.41,60.242,54.798,89.263,18.745,24.043,64.129,NA,NA,13.674,NA,203.777,0.056,180.97,206.674,64.367,86.093,86.962,134.376,75.993,56.673,23.855,109.482,122.498,116.162,84.194,238.513,49.412,167.649,55.317,157.128,237.689,91.696,97.149
"1956-07",50.649,46.416,31.508,108.671,24.071,26.672,61.816,271.83,53.815,113.949,NA,71.101,56.687,88.25,212.003,31.31,60.469,14.909,0.766,3.582,338.887,0.893,12.542,74.988,59.244,50.863,6.347,37.831,79.034,NA,NA,1.061,NA,155.535,0.016,182.026,238.105,24.353,52.544,96.598,99.732,66.193,60.85,31.837,92.089,125.031,152.461,68.915,127.843,69.759,131.819,55.73,63.241,254.897,89.286,95.774
"1956-08",68.551,52.517,93.17,155.291,33.383,17.398,48.25,156.976,61.276,102.851,NA,45.906,40.301,74.969,200.042,11.363,60.044,38.225,0.932,9.595,339.328,1.335,10.532,44.211,67.028,61.727,4.564,40.261,103.784,NA,NA,4.044,NA,210.86,0.015,147.481,201.728,11.676,32.402,102.216,65.199,62.888,68.508,37.673,89.891,99.86,186.079,73.928,81.928,76.263,134.139,33.729,42.979,201.455,89.88,97.765
"1956-09",75.543,46.741,155.33,210.48,56.584,33.227,181.819,245.928,115.186,119.472,NA,73.998,51.223,80.535,138.903,9.079,70.231,69.637,59.381,14.996,229.809,0.726,12.371,45.452,37.124,50.219,8.696,30.36,69.924,NA,NA,38.484,NA,236.781,0.138,117.471,220.864,22.694,9.829,71.138,98.879,56.231,50.89,30.696,77.986,93.058,176.086,70.747,69.51,108.033,198.76,33.219,43.905,199.529,80.81,93.936
"1956-10",70.165,41.932,94.572,120.482,43.881,131.211,68.484,200.687,166.393,135.616,NA,52.131,24.287,81.064,62.993,10.265,80.944,128.625,90.606,37.386,144.74,27.238,111.666,81.498,24.175,67.49,22.674,41.186,86.033,NA,NA,66.124,NA,139.909,23.335,116.602,182.569,10.314,45.843,61.299,99.402,55.3,61.46,28.1,78.526,78.576,169.292,72.719,83.534,106.269,322.191,41.22,127.817,193.821,75.522,95.429
"1956-11",82.601,40.472,100.903,140.155,38.142,101.409,87.232,70.338,74.091,126.987,NA,70.01,16.277,118.984,104.252,35.243,114.802,87.353,36.453,79.944,55.064,6.744,18.043,81.567,19.381,76.455,49.963,24.91,95.552,NA,NA,56.13,NA,122.704,1.451,141.628,225.121,22.615,49.355,38.144,95.217,58.959,36.976,19.523,84.137,99.388,160.928,66.763,122.852,94.698,181.135,47.008,95.047,263.644,76.017,94.535
"1956-12",77.041,31.311,97.082,163.446,33.587,141.249,45.467,39.568,65.2,66.821,NA,76.867,21.428,92.086,80.514,109.259,102.35,42.283,99.091,60.083,17.709,43.641,27.211,150.033,59.187,85.393,116.432,22.317,100.831,NA,NA,69.704,NA,102.113,5.099,23.418,282.821,294.177,78.18,30.492,61.372,46.606,34.875,16.079,110.565,124.937,119.901,70.276,111.121,104.124,255.327,35.824,22.773,105.247,70.182,94.425
"1957-01",91.117,25.889,168.912,163.075,29.081,140.149,72.617,66.908,66.27,79.232,NA,60.356,21.371,93.506,76.592,141.484,95.353,104.262,78.569,78.869,3.06,7.815,8.51,116.612,31.581,145.327,217.645,14.112,79.271,NA,NA,78.162,NA,111.533,9.652,16.367,245.967,298.404,50.756,30.235,84.953,56.912,56.426,11.952,109.555,122.165,103.49,69.501,99.817,110.726,224.423,68.918,22.107,49.349,69.494,94.451
"1957-02",61.363,37.769,117.671,91.844,25.133,142.406,26.567,21.744,39.634,79.328,NA,76.958,15.368,105.045,44.598,165.301,78.352,122.575,54.259,65.425,3.1,2.986,3.944,54.502,31.813,182.067,156.771,8.489,120.933,NA,NA,54.491,NA,104.252,0.721,20.77,230.528,370.307,120.077,49.825,105.486,73.538,70.792,12.768,118.549,126.522,97.118,66.992,36.262,77.954,158.633,110.389,27.267,64.968,79.309,94.726
"1957-03",68.559,31.64,109.848,121.051,20.637,125.134,22.584,12.359,33.193,136.672,NA,81.561,12.824,105.055,30.345,198.691,82.651,68.49,24.583,44.87,10.25,2.6,2.965,69.151,37.995,129.504,116.098,15.718,90.831,NA,NA,26.199,NA,114.169,0.055,7.581,205.691,287.641,258.077,61.008,94.9,92.316,75.313,19.708,132.926,115.028,80.669,85.639,47.552,74.97,138.114,103.032,5.866,68.618,94.829,94.58
"1957-04",62.485,30.466,63.521,102.199,22.649,62.425,4.56,10.729,15.596,74.636,NA,97.982,46.248,109.846,18.15,271.317,74.839,51.468,0.458,32.121,87.953,14.238,38.086,97.208,34.288,170.59,160.553,19.269,52.714,NA,NA,11.895,NA,90.749,18.967,28.155,193.036,188.067,111.824,63.515,105.454,84.851,66.037,13.949,119.411,125.358,70.591,93.745,158.451,71.708,85.808,104.191,36.251,47.658,93.951,94.247
"1957-05",41.34,24.568,15.109,103.921,20.952,37.041,7.907,43.179,16.464,53.57,NA,65.768,32.539,99.583,18.739,252.993,48.459,60.712,5.491,20.979,80.101,1.999,38.841,173.254,45.579,126.677,110.863,21.663,63.856,NA,NA,32.514,NA,122.691,2.524,15.531,221.123,127.574,92.976,63.355,57.929,92.905,75.365,15.081,116.801,108.992,89.033,96.529,138.072,70.608,179.141,84.039,27.663,87.162,94.175,96.99
"1957-06",41.3,33.974,29.295,89.046,14.084,14.443,29.181,177.142,22.031,100.94,NA,87.027,85.928,80.116,61.161,193.649,46.251,46.452,3.649,12.706,270.213,2.359,16.424,124.624,70.708,100.967,89.429,23.215,66.62,NA,NA,2.326,NA,223.047,0.143,57.375,235.809,46.819,96.079,116.969,108.293,79.068,61.275,21.992,107.106,97.191,156.644,77.73,263.993,57.484,131.44,58.982,76.887,111.419,87.859,101.111
"1957-07",53.649,52.973,121.063,107.111,40.009,15.28,83.343,216.262,50.459,123.423,NA,76.643,47.901,63.904,126.495,44.806,36.189,22.705,1.895,2.661,403.067,1.394,10.603,38.862,35.027,62.04,12.455,23.261,78.482,NA,NA,5.125,NA,150.986,0.108,192.913,208.53,26.658,57.839,91.29,99.818,66.795,63.205,28.495,99.29,96.764,147.039,75.133,173.109,71.84,201.977,49.555,74.717,252.852,86.295,94.193
"1957-08",67.598,55.415,64.448,119.928,38.249,11.981,54.481,203.873,59.614,127.459,NA,85.42,48.949,61.108,134.627,14.055,47.661,32.557,4.633,1.946,322.281,0.807,10.627,40.275,54.058,52.858,11.432,24.329,75.822,NA,NA,3.519,NA,187.667,0.506,179.061,220.043,13.569,29.835,92.184,96.438,68.035,62.645,30.619,89.805,86.869,169.915,66.531,107.894,84.928,179.224,44.289,61.211,230.421,86.317,95.496
"1957-09",81.642,46.773,147.852,147.141,57.763,26.757,133.654,246.73,83.353,139.736,NA,81.575,22.406,66.495,98.906,8.811,90.274,15.874,16.644,19.888,240.046,0.988,44.736,125.213,82.051,53.825,14.592,36.918,113.016,NA,NA,11.172,NA,143.659,0.188,101.95,184.181,4.808,14.47,61.19,77.366,58.528,50.181,26.578,82.977,74.404,202.94,70.122,81.127,104.568,220.503,27.465,22.679,121.396,87.133,97.144
"1957-10",82.204,38.782,76.174,104.885,47.56,93.391,68.647,184.41,128.559,120.614,NA,53.804,34.558,69.077,141.043,9.874,73.653,63.22,46.25,57.879,135.318,3.303,26.579,67.859,19.909,57.056,18.101,30.841,83.945,NA,NA,42.602,NA,140.832,3.223,203.053,191.05,8.682,8.094,47.145,70.233,58.982,53.253,23.744,77.937,91.087,173.911,60.839,89.201,133.121,232.284,32.547,130.479,292.465,79.119,96.518
"1957-11",88.903,47.185,72.055,105.181,47.305,104.494,29.698,89.244,76.659,129.103,NA,59.012,23.96,102.605,102.457,39.438,82.641,87.387,24.089,77.206,55.352,6.406,24.6,174.244,34.42,108.636,44.187,31.71,92.02,NA,NA,97.097,NA,121.903,14.078,114.556,175.853,15.21,9.75,32.984,78.974,49.69,45.609,29.247,78.373,124.373,139.414,61.237,114.091,115.167,294.875,43.45,117.698,206.606,76.36,96.875
"1957-12",78.832,29.826,135.391,162.731,28.689,122.223,45.436,34.274,64.862,100.135,NA,65.146,12.888,79.035,83.314,84.701,95.204,73.068,93.828,53.099,3.678,23.995,39.754,165.815,22.149,79.539,158.257,20.902,91.745,NA,NA,107.165,NA,148.041,15.193,4.735,205.362,56.691,14.488,21.795,67.344,39.828,44.958,19.431,85.358,190.813,117.746,58.95,88.355,101.454,244.16,57.567,30.247,43.92,71.548,94.184
"1958-01",89.314,25.096,139.494,175.926,33.77,96.433,30.576,23.177,55.453,76.912,NA,74.552,22.737,74.971,22.532,139.39,114.432,144.563,28.933,55.776,0.85,6.79,9.262,90.476,26.736,145.528,226.146,17.249,78.676,NA,NA,35.348,NA,108.802,4.006,8.556,277.047,303.175,108.507,48.162,87.044,41.557,53.735,13.79,93.508,175.146,85.089,64.242,68.379,109.066,277.406,106.288,14.636,47.339,73.932,98.741
"1958-02",85.916,22.468,100.496,107.184,28.127,115.119,39.207,17.636,47.59,142.597,NA,90.309,35.317,75.34,21.873,82.967,96.719,71.746,16.246,59.528,1.299,4.425,6.62,45.971,28.093,100.528,194.936,20.205,79.589,NA,NA,24.383,NA,88.886,1.479,3.674,253.208,342.459,108.55,26.767,46.936,62.992,60.787,22.414,128.752,175.085,71.463,85.071,54.225,90.96,188.003,133.204,7.113,6.847,79.162,96.072
"1958-03",64.863,29.154,90.168,95.672,32.109,70.788,17.077,13.221,26.944,136.503,NA,86.997,28.877,75.037,18.018,104.338,69.79,64.479,39.848,51.493,13.065,3.304,4.201,46.034,28.521,109.34,107.153,17.628,89.18,NA,NA,43.413,NA,83.11,0.969,6.614,204.112,418.643,132.327,47.683,67.242,96.19,82.492,22.838,133.411,158.285,67.058,103.192,50.449,83.013,106.187,126.875,3.026,13.238,93.979,96.723
"1958-04",59.332,22.087,153.101,130.034,24.04,62.352,25.646,14.09,31.281,95.542,NA,71.849,32.869,87.453,11.844,228.047,64.012,46.953,27.016,27.872,62.878,11.247,9.942,139.142,36.473,111.653,146.637,18.179,67.622,NA,NA,41.202,NA,96.688,2.331,1.721,217.703,220.977,56.809,68.206,74.408,80.551,79.88,13.572,126.622,155.426,59.446,99.914,132.7,82.145,57.556,103.884,1.025,5.99,100.099,94.947
"1958-05",32.921,31.182,33.422,68.109,22.441,31.694,8.109,44.245,27.326,71.433,NA,85.553,42.877,63.808,17.349,267.687,56.887,73.709,7.576,25.847,116.334,2.689,6.67,119.436,38.668,112.431,152.186,16.722,63.847,NA,NA,24.586,NA,130.42,0.146,47.122,207.471,151.745,89.074,61.625,106.983,90.351,68.679,12.461,109.214,154.145,68.199,99.136,171.206,75.356,136.536,99.192,10.541,135.407,92.597,97.199
"1958-06",50.902,46.244,69.985,107.976,31.581,40.096,53.457,263.752,61.679,117.084,NA,91.555,49.54,53.283,66.131,231.488,35.921,39.878,2.332,16.192,188.925,1.535,13.506,101.277,67.705,100.988,34.558,30.743,21.832,NA,NA,3.685,NA,225.171,0.179,39.033,240.803,47.964,86.603,85.546,100.213,80.879,73.366,19.157,106.652,140.832,135.8,78.956,238.549,58.385,109.093,56.832,46.577,55.219,96.98,99.02
"1958-07",64.302,45.472,29.922,98.617,36.529,27.149,33.906,153.616,29.151,118.013,NA,84.532,38.656,55.927,154.5,60.518,49.012,30.569,0.192,6.5,355.475,1.988,14.478,49.004,34.195,42.849,7.2,28.119,84.517,NA,NA,0.718,NA,124.651,0.026,202.118,233.429,11.276,53.934,107.223,130.264,79.725,64.259,23.19,93.523,133.382,161.735,81.941,159.21,55.238,134.409,46.647,118.826,282.42,88.297,95.694
"1958-08",66.487,56.337,120.317,139.266,31.586,6.222,106.244,200.505,46.441,133.491,NA,78.753,39.08,93.777,146.542,15.168,60.621,60.894,3.767,9.673,307.931,4.616,10.331,28.816,87.313,115.58,5.469,29.42,86.086,NA,NA,7.079,NA,227.673,3.659,131.666,187.231,10.782,27.49,112.951,98.162,70.406,47.39,30.588,87.035,125.105,192.285,64.424,82.111,69.591,90.263,45.229,46.199,146.824,84.014,95.845
"1958-09",81.98,54.045,118.889,111.431,38.666,43.083,71.055,181.221,73.039,150.864,NA,77.764,33.585,75.983,149.664,10.467,79.244,35.317,24.776,15.903,210.668,1.795,30.47,44.534,80.294,80.866,8.09,35.291,97.376,NA,NA,19.147,NA,201.037,0.177,163.313,203.065,7.606,9.509,68.809,61.982,68.514,48.099,33.479,81.701,129.266,175.456,67.207,81.713,90.192,101.913,28.818,68.402,250.928,82.366,93.799
"1958-10",102.293,70.338,206.921,146.343,34.217,54.995,122.742,186.917,108.052,138.155,NA,73.577,25.311,76.701,80.455,19.002,82.24,76.48,65.975,53.969,123.264,4.895,92.417,155.461,47.171,71.023,11.876,33.974,70.068,NA,NA,44.057,NA,164.359,4.609,96.244,164.718,6.239,13.174,38.201,87.5,71.342,48.341,38.01,79.037,120.474,162.795,63.312,86.207,108.31,286.073,29.947,83.684,166.015,79.49,97.672
"1958-11",60.236,40.612,80.738,154.304,26.787,171.139,62.312,92.98,71.019,109.237,NA,72.861,23.918,83.176,133.885,21.796,96.429,133.874,29.207,59.221,73.005,13.273,42.184,65.981,38.303,51.863,25.469,27.584,93.251,NA,NA,34.193,NA,107.984,7.541,89.399,200.873,9.946,15.208,44.107,80.313,53.437,40.918,23.658,73.533,137.319,143.537,58.136,99.277,102.79,251.72,44.863,76.855,189.481,73.721,91.219
"1958-12",97.731,34.688,162.042,102.976,34.336,115.453,129.963,44.836,53.792,103.692,NA,90.242,15.914,80.936,92.907,22.646,77.08,111.508,98.173,93.461,16.082,6.517,82.606,251.425,28.935,115.763,78.101,21.858,101.777,NA,NA,87.194,NA,98.549,5.646,22.711,196.403,108.141,45.317,28.382,81.19,47.237,29.211,19.581,87.816,195.947,120.044,60.594,88.967,91.694,294.652,56.601,57.839,63.751,66.026,97.099
"1959-01",85.235,18.76,71.495,107.498,35.978,63.519,45.881,24.824,43.814,78.591,NA,68.178,20.58,74.623,59.783,54.232,105.726,104.352,64.686,65.487,3.307,4.896,22.42,146.079,19.281,122.403,173.688,20.828,84.769,NA,NA,70.364,NA,105.985,3.444,6.842,228.532,261.289,40.205,35.539,61.891,53.281,50.511,18.175,112.545,191.84,100.378,64.84,59.786,92.074,254.546,102.553,23.284,30.772,74.439,97.122
"1959-02",88.631,25.854,74.892,118.748,21.852,78.447,58.997,17.02,27.875,113.902,NA,90.295,20.65,113.417,30.399,72.899,108.79,71.501,54.14,33.564,2.709,2.575,6.327,56.724,22.067,90.042,185.332,15.239,70.66,NA,NA,66.815,NA,99.967,1.784,2.519,158.509,321.928,68.796,44.244,59.461,70.449,60.658,17.501,129.743,178.341,77.096,88.718,48.839,98.133,197.158,141.484,6.249,2.683,83.704,94.405
"1959-03",69.2,23.362,124.309,113.212,24.582,63.992,16.139,8.652,25.507,101.142,NA,87.844,28.65,120.101,22.838,138.362,72.22,96.359,29.831,24.007,7.752,1.595,5.467,43.75,53.258,131.008,83.213,15.692,72.7,NA,NA,20.583,NA,93.759,0.115,2.73,242.608,265.026,110.721,47.949,83.225,82.431,76.774,23.365,109.069,200.397,68.147,105.602,48.539,85.154,149.288,133.646,2.536,11.315,89.476,96.587
"1959-04",60.018,26.872,33.394,148.7,24.897,63.673,11.226,19.147,52.436,87.692,NA,96.733,35.506,74.956,17.227,273.203,58.99,49.747,11.944,19.372,43.203,1.498,4.76,132.155,32.02,77.126,130.288,8.963,84.861,NA,NA,4.778,NA,81.001,0.44,4.773,175.06,272.572,61.023,42.283,107.427,97.755,69.81,16.45,132.538,167.578,69.826,84.297,112.835,74.554,84.159,98.219,4.836,6.721,100.326,93.365
"1959-05",48.401,33.198,40.088,52.696,15.693,50.562,6.825,31.547,21.157,53.447,NA,86.328,61.045,64.413,19.94,285.292,45.81,56.938,1.068,23.526,154.681,2.456,11.84,169.743,48.898,127.132,179.777,15.854,58.375,NA,NA,6.496,NA,126.408,0.463,32.32,167.933,164.759,62.224,70.861,89.031,89.276,62.86,11.215,111.282,133.704,78.029,81.541,205.874,58.015,204.185,76.948,9.783,106.262,91.655,94.273
"1959-06",31.598,44.379,1.341,103.1,24.952,4.997,26.366,211.429,18.989,89.94,NA,74.311,56.59,74.152,69.559,334.641,39.383,25.099,2.453,7.039,227.911,1.032,21.684,111.936,73.252,74.801,26.619,23.985,41.285,NA,NA,3.639,NA,212.147,0.17,113.669,233.938,17.035,48.453,103.708,96.913,69.846,72.558,17.439,95.114,133.468,130.285,89.02,224.373,62.446,117.235,62.706,66.099,192.44,89.707,96.057
"1959-07",52.442,45.541,30.654,129.717,37.514,20.331,15.13,144.4,37.626,92.685,NA,111.458,45.439,47.311,184.72,37.853,41.542,31.471,0.756,4.987,431.638,1.638,15.693,63.231,55.751,62.94,7.042,37.443,73.551,NA,NA,2.762,NA,166.333,0.004,180.482,257.276,22.29,31.821,112.296,113.708,59.154,57.828,24.89,88.363,143.262,145.091,74.183,138.062,70.264,142.493,48.17,74.968,208.778,91.863,97.095
"1959-08",78.809,51.048,83.008,108.094,22.142,23.097,69.32,210.114,61.292,121.984,NA,70.084,37.167,62.566,162.205,13.223,53.252,20.288,0.922,3.598,279.073,0.826,21.935,62.407,28.296,38.7,4.81,40.158,85.956,NA,NA,0.793,NA,143.541,0.041,190.535,189.4,5.791,33.473,85.358,101.063,66.414,49.941,41.023,91.384,119.944,189.753,67.183,78.792,72.366,87.526,39.295,93.508,283.014,85.635,95.602
"1959-09",76.161,60.657,91.112,182.751,47.039,21.534,115.466,232.019,89.306,148.161,NA,71.169,23.652,72.511,115.218,14.558,62.886,41.015,30.84,16.212,190.555,1.662,66.833,95.116,50.447,51.267,8.125,43.332,73.597,NA,NA,14.541,NA,169.013,0.188,133.984,173.441,5.21,15.753,79.903,109.994,57.229,41.418,32.399,73.303,112.593,202.481,73.287,70.163,109.822,135.211,25.441,66.054,231.381,82.72,94.641
"1959-10",71.004,51.598,143.773,148.446,46.59,74.227,61.612,197.165,108.568,141.751,NA,64.996,26.614,83.161,126.694,14,105.357,72.939,16.873,40.743,178.404,3.759,98.733,229.915,33.765,52.237,17.18,41.121,71.818,NA,NA,35.18,NA,109.972,1.068,140.788,164.472,6.33,11.415,75.004,91.903,56.305,57.507,27.776,68.006,135.234,170.283,63.782,68.329,105.842,179.97,36.382,50.273,209.568,78.778,94.288
"1959-11",79.347,45.913,117.773,111.294,28.11,139.409,112.592,122.512,77.4,139.799,NA,76.886,19.643,78.66,120.079,11.033,89.271,83.056,118.114,45.091,57.555,15.447,189.35,285.314,33.208,86.717,75.614,24.569,117.26,NA,NA,142.962,NA,126.843,27.873,41.369,165.072,22.81,12.666,39.172,70.558,62.489,47.478,22.167,83.477,134.106,150.47,57.567,105.158,104.62,157.165,41.211,61.913,163.833,72.437,92.379
"1959-12",92.053,28.716,145.542,140.901,32.739,50.043,41.587,33.727,43.425,108.283,NA,68.913,14.478,72.395,77.14,59.145,69.351,115.763,62.497,66.486,5.842,10.728,163.355,369.334,13.739,110.2,156.016,21.469,103.269,NA,NA,87.284,NA,119.123,7.478,19.826,208.535,140.445,19.505,35.462,74.819,51.214,43.254,17.843,86.764,170.282,115.128,67.911,90.299,92.276,257.081,51.662,45.855,67.494,67.382,93.476
"1960-01",103.6,41.065,99.159,210.584,29.818,87.858,54.973,25.616,56.931,96.611,NA,77.181,16.533,72.732,39.057,96.866,113.093,126.433,49.483,85.817,4.118,14.029,45.636,195.124,14.439,97.321,224.368,15.648,76.412,NA,NA,51.841,NA,92.662,3.522,10.115,179.47,272.933,53.575,27.881,103.495,56.838,43.035,13.538,114.162,191.933,97.836,65.182,62.259,114.187,219.041,79.062,30.963,38.867,75.263,95.294
"1960-02",77.894,40.542,138.525,150.516,15.137,92.888,40.477,12.741,36.574,104.503,NA,75.207,18.663,71.298,26.297,66.506,80.328,132.964,27.855,70.035,2.192,15.727,5.155,68.015,24.334,175.351,163.858,8.068,73.493,NA,NA,10.591,NA,121.047,0.488,8.75,192.308,197.602,75.091,26.046,98.137,61.202,52.471,12.683,110.005,169.612,78.507,82.581,49.039,102.625,232.281,109.371,17.018,11.848,81.326,95.08
"1960-03",93.776,30.116,104.429,108.751,21.849,61.289,31.011,9.988,19.451,131.174,NA,69.556,40.599,128.139,24.86,186.53,110.746,27.863,46.882,22.608,5.139,1.329,4.306,66.624,24.871,111.28,106.309,21.535,81.475,NA,NA,44.332,NA,95.965,0.048,4.936,239.823,328.235,104.59,31.175,90.592,89.734,69.15,23.23,119.565,173.087,62.843,104.503,44.816,75.288,182.55,113.789,3.356,19.761,89.358,96.395
"1960-04",60.011,26.716,80.368,109.359,23.883,59.484,10.734,13.398,18.594,65.264,NA,78.937,26.23,96.556,21.734,218.005,57.285,41.39,39.241,29.042,65.487,3.092,1.412,116.445,58.05,95.308,170.904,15.336,63.491,NA,NA,40.447,NA,100.252,0.503,4.022,224.086,289.694,112.166,38.616,93.896,88.895,75.628,15.903,126.557,166.567,57.128,104.237,138.086,68.13,90.583,101.42,3.016,23.098,96.388,94.409
"1960-05",47.133,32.558,51.771,119.863,19.063,54.033,24.789,74.365,28.016,74.604,NA,103.003,35.767,67.439,22.524,292.268,58.849,71.268,36.084,19.407,127.649,1.652,9.251,185.644,51.242,93.402,154.231,21.591,58.713,NA,NA,24.184,NA,143.111,0.301,8.566,286.23,143.945,25.38,50.627,74.756,89.942,64.842,10.669,113.524,143.769,73.335,82.988,182.159,70.464,158.641,75.12,4.139,52.407,102.852,96.862
"1960-06",45.496,46.481,88.569,141.749,14.308,11.55,39.173,218.373,50.31,101.427,NA,73.573,50.636,69.627,78.648,264.481,71.48,41.505,0.66,7.117,260.983,1.112,77.715,268.573,58.779,68.536,57.827,34.802,54.696,NA,NA,1.388,NA,170.569,0.155,29.697,237.036,26.306,44.296,84.992,99.038,75.043,70.877,24.034,96.782,143.26,143.347,70.735,245.041,55.246,147.317,53.782,70.849,26.091,93.334,99.112
"1960-07",52.799,37.325,71.806,108.495,41.474,18.398,48.386,173.935,27.123,111.962,NA,87.159,69.93,69.169,179.187,50.02,45.102,40.371,1.071,13.07,361.799,1.823,14.286,57.14,92.451,53.665,11.361,40.284,68.025,NA,NA,1.06,NA,189.073,0.036,197.649,216.1,9.931,67.929,74.521,84.107,70.983,64.493,34.396,104.764,131.185,172.595,75.463,157.18,59.649,100.342,54.394,116.311,314.593,86.242,99.425
"1960-08",82.948,43.933,92.178,147.383,29.486,22.804,42.933,159.022,56.069,123.255,NA,71.225,36.95,76.434,118.516,13.584,35.734,25.48,9.202,4.892,358.16,1.7,11.945,40.714,83.634,68.455,11.034,36.981,98.546,NA,NA,9.019,NA,157.234,0.116,162.673,193.308,4.341,37.306,115.734,103.391,73.316,61.83,31.025,83.673,103.439,188.364,63.455,86.21,72.589,153.318,35.35,64.324,145.885,88.401,95.571
"1960-09",82.224,52.876,44.481,95.699,33.519,51.046,61.291,206.969,75.055,131.657,NA,84.8,33.339,52.931,143.632,10.035,72.352,54.552,5.102,21.827,198.412,1.374,13.548,29.431,52.542,75.552,9.424,38.996,88.88,NA,NA,13.283,NA,144.968,2.547,241.471,167.126,2.63,13.061,79.456,108.675,70.889,38.863,26.453,78.488,122.909,183.782,65.121,75.185,89.885,107.02,31.924,64.706,312.586,85.448,93.736
"1960-10",75.91,58.299,129.823,135.261,49.755,56.054,118.526,214.07,89.098,153.439,NA,68.714,34.949,89.344,112.794,13.579,78.471,76.201,34.983,59.818,162.292,9.177,34.23,124.824,46.208,56.613,19.702,51.061,103.314,NA,NA,26.456,NA,166.203,7.175,89.47,149.993,10.658,21.043,43.936,96.784,54.455,30.718,25.618,75.634,120.052,161.427,68.642,74.977,109.674,266.758,23.106,87.76,141.13,74.433,93.399
"1960-11",61.629,51.259,130.653,229.777,47.435,170.6,40.774,89.113,102.391,134.726,NA,65.168,27.552,62.117,149.753,19.29,78.486,114.71,101.872,59.094,54.57,6.37,44.906,143.353,21.027,71.615,57.032,25.801,139.92,NA,NA,55.738,NA,148.892,6.879,93.79,215.687,17.885,11.439,28.949,69.323,46.217,42.931,23.734,80.341,115.927,121.939,65.942,113.195,104.761,295.453,32.025,127.838,278.539,76.739,93.396
"1960-12",80.368,31.793,165.209,177.534,40.072,183.621,80.993,42.085,61.945,67.087,NA,100.477,26.106,58.296,61.59,57.72,103.766,118.678,26.077,71.881,5.077,6.078,7.357,141.274,11.875,79.417,169.174,24.574,99.351,NA,NA,39.423,NA,139.361,13.562,57.42,229.938,148.575,33.18,40.401,65.174,35.799,35.202,21.909,97.615,171.676,115.717,57.173,76.345,106.826,222.902,42.301,52.223,172.734,70.538,94.46
"1961-01",59.579,36.247,235.544,168.384,28.06,194.55,61.161,32.294,61.05,96.769,NA,81.447,16.061,76.283,26.921,108.758,91.165,84.022,48.805,50.18,2.631,4.743,12.935,115.391,19.243,137.401,188.548,18.248,76.155,NA,NA,78.049,NA,122.48,3.936,5.91,264.694,319.95,71.497,42.232,105.917,55.199,44.783,13.944,91.029,166.425,101.388,74.75,56.783,104.012,223.863,59.243,7.615,79.051,74.747,95.979
"1961-02",72.254,37.384,105.207,122.076,33.418,92.909,41.831,20.529,44.026,48.196,NA,89.945,23.638,121.554,23.457,99.923,93.267,87.249,35.31,36.443,1.541,7.994,5.494,76.027,27.126,145.416,175.904,20.611,83.937,NA,NA,19.804,NA,101.991,0.829,3.332,258.116,462.423,136.425,13.531,63.165,74.353,63.937,15.337,112.094,203.974,84.952,94.911,55.812,98.936,166.113,101.012,7.416,17.455,81.866,100.593
"1961-03",74.239,22.359,106.356,104.698,24.384,139.327,30.837,10.731,34.351,72.988,NA,78.523,23.141,114.585,19.366,137.532,77.532,69.428,17.272,35.947,6.143,1.185,2.7,73.528,43.498,127.695,111.146,21.224,65.399,NA,NA,19.129,NA,68.297,0.126,1.998,220.996,311.193,96.91,70.594,54.852,86.471,66.591,15.899,125.564,176.428,70.447,91.37,35.07,80.092,127.917,91.797,2.776,16.244,91.188,93.293
"1961-04",60.727,35.923,52.94,89.04,20.548,70.69,11.5,23.436,14.006,75.106,NA,73.465,23.317,70.796,20.961,315.691,67.402,42.788,10.842,20.046,35.683,1.725,4.631,77.499,20.858,89.57,110.67,18.796,72.704,NA,NA,9.215,NA,71.088,0.014,20.746,196.002,219.078,98.181,76.589,96.439,87.299,88.829,15.21,134.048,179.536,66.506,84.121,116.467,63.794,98.369,137.796,5.495,77.687,96.96,94.854
"1961-05",38.059,27.2,56.907,77.434,15.642,53.241,8.361,44.784,17.305,61.131,NA,82.236,27.261,85.493,20.404,318.698,41.525,39.988,12.185,15.856,134.984,1.914,6.62,71.098,88.366,149.461,118.648,9.897,53.115,NA,NA,6.673,NA,131.603,0.559,7.811,172.408,105.272,35.987,58.757,80.833,89.778,78.124,11.074,113.743,158.193,90.719,94.504,197.576,61.889,146.779,71.979,4.292,73.213,101.095,94.853
"1961-06",38.601,40.96,73.564,87.893,18.76,37.489,47.326,198.036,45.366,92.34,NA,67.918,56.274,77.087,63.34,314.291,40.56,22.863,0.158,6.794,287.201,1.787,89.275,176.161,80.054,87.444,7.893,29.066,47.108,NA,NA,0.186,NA,201.58,0.28,21.619,181,21.753,32.679,115.916,76.129,72.294,65.803,16.996,107.353,148.558,139.742,83.214,205.142,58.036,119.795,61.058,43.243,14.91,94.395,97.566
"1961-07",51.591,43.141,52.17,114.222,29.121,21.204,37.494,174.997,46.087,95.868,NA,82.831,62.992,57.192,208.269,78.774,51.362,22.501,6.759,4.646,288.869,1.219,24.977,73.012,74.641,93.442,2.383,27.847,53.449,NA,NA,7.136,NA,143.564,0.07,202.614,160.902,10.92,32.695,80.81,86.475,71.948,55.627,27.714,91.1,179.056,152.576,81.143,102.53,85.837,191.062,45.457,98.228,237.481,85.388,98.861
"1961-08",81.152,50.431,60.297,121.713,53.393,6.778,64.951,154.764,57.621,126.435,NA,84.514,46.17,45.748,100.115,19.73,46.426,30.838,0.248,4.893,212.654,1.392,21.194,45.418,55.257,46.186,4.138,38.308,55.104,NA,NA,1.454,NA,196.832,0.273,192.553,152.895,7.53,14.569,78.656,79.239,75.795,49.536,31.53,83.795,175.013,183.935,61.088,53.82,83.488,105.728,31.326,86.975,268.016,89.267,95.992
"1961-09",76.336,50.711,93.769,167.927,38.781,26.352,84.284,167.921,116.823,139.026,NA,68.377,34.151,72.128,53.773,6.577,65.051,64.823,24.096,14.645,177.308,5.648,49.311,127.817,46.419,61.795,10.171,34.118,83.866,NA,NA,21.956,NA,160.401,2.127,135.345,128.35,7.524,18.829,38.252,42.569,68.302,43.116,25.687,82.023,179.809,150.8,67.44,44.935,115.994,108.379,37.802,36.913,178.678,82.277,93.732
"1961-10",71.249,49.57,172.237,181.342,61.048,28.232,117.942,181.972,119.825,151.561,NA,59.076,35.204,77.795,76.073,8.472,80.681,139.736,42.561,42.691,174.611,4.703,140.334,298.405,68.113,80.738,21.795,30.855,113.26,NA,NA,36.29,NA,118.995,3.067,123.988,104.111,7.057,5.286,37.67,60.926,55.261,52.886,19.451,68.142,171.669,148.464,70.642,62.396,120.661,125.254,31.932,178.671,185.507,80.818,93.634
"1961-11",73.038,41.641,156.768,163.253,54.051,98.515,101.338,70.024,61.783,142.648,NA,75.762,30.196,69.05,88.182,9.122,71.652,125.248,56.171,90.173,48.851,14.608,168.953,219.406,32.471,77.843,108.315,14.476,126.446,NA,NA,75.261,NA,126.289,5.873,147.917,114.979,23.31,14.846,29.9,46.552,48.147,36.138,16.799,73.75,186.398,143.813,67.585,105.627,127.074,123.311,41.486,232.84,211.061,76.963,95.294
"1961-12",78.235,31.894,169.143,185.504,38.791,117.326,43.249,37.388,69.906,115.09,NA,88.182,26,76.153,47.44,50.483,98.635,81.112,76.222,59.336,4.385,14.845,190.161,268.504,38.053,127.393,179.285,19.312,81.882,NA,NA,78.669,NA,141.957,9.702,56.629,196.387,85.951,13.112,24.612,65.126,43.406,34.049,13.507,74.351,228.57,96.972,76.853,91.351,100.986,187.053,51.776,124.286,116.792,68.584,95.537
"1962-01",76.029,33.514,248.921,177.322,34.385,134.08,50.673,22.339,57.613,92.785,NA,70.567,15.472,79.676,20.115,61.49,94.142,97.575,52.443,38.028,1.327,8.726,60.306,200.197,33.009,141.893,224.382,15.608,69.253,NA,NA,60.641,NA,132.833,9.835,4.608,182.666,171.915,49.09,32.404,61.188,53.259,48.294,24.874,100.781,288.347,68.349,72.906,50.095,109.773,219.546,115.422,21.578,10.993,72.435,101.187
"1962-02",66.228,26.092,100.512,158.756,20.918,187.922,38.938,22.266,64.096,102.394,NA,85.88,24.467,96.089,18.829,68.998,102.037,94.177,35.088,24.114,1.361,2.684,7.222,69.05,37.187,120.964,157.897,16.649,48.378,NA,NA,11.01,NA,91.238,1.834,2.363,190.36,381.009,77.564,59.367,58.818,71.494,61.731,17.211,94.073,245.154,63.894,87.52,49.664,102.93,138.903,197.709,3.658,6.741,83.034,100.837
"1962-03",71.127,31.045,295.921,159.374,18.693,114.742,63.859,15.816,42.057,100.457,NA,49.822,22.782,122.202,15.9,100.674,83.285,75.709,40.78,32.075,4.07,8.45,2.897,43.688,32.131,112.983,200.171,13.581,64.064,NA,NA,25.653,NA,85.471,0.03,2.111,207.684,360.75,101.102,71.925,93.68,86.559,85.256,16.813,111.466,222.083,55.514,96.112,34.179,73.68,108.323,163.647,3.556,1.707,91.745,96.609
"1962-04",64.442,25.457,59.144,82.072,21.779,87.731,14.366,17.751,34.736,92.448,NA,97.584,36.083,72.903,22.275,307.706,65.772,76.434,56.819,25.6,36.089,3.189,5.233,87.927,38.091,128.327,126.326,14.798,61.016,NA,NA,55.524,NA,97.709,0.392,1.767,185.994,277.832,41.973,27.687,78.97,84.853,86.593,15.204,118.833,207.916,49.599,93.352,94.613,76.852,117.249,111.152,1.968,5.882,98.732,96.164
"1962-05",45.66,37.779,63.804,101.124,25.265,38.228,15.955,30.369,29.824,50.236,NA,98.3,42.436,97.778,24.295,363.708,35.494,37.689,16.8,22.259,160.626,3.99,5.212,176.5,69.672,113.123,114.864,18.68,49.143,NA,NA,20.934,NA,131.835,0.229,5.171,226.88,148.761,54.932,67.048,49.281,74.966,62.86,7.465,102.488,199.852,58.775,88.913,239.02,54.111,174.159,109.592,6.569,19.426,96.637,98.234
"1962-06",44.791,49.771,35.941,113.491,29.166,17.465,19.906,141.845,24.828,86.866,NA,100.027,45.187,70.43,83.426,331.541,45.854,34.803,6.22,15.151,213.414,2.538,34.306,165.478,45.726,90.784,6.881,20.306,50.723,NA,NA,20.052,NA,148.258,0.133,86.735,220.123,18.907,86.945,89.688,123.904,71.013,58.535,19.015,100.175,169.81,98.4,81.961,227.304,57.887,147.755,64.649,51.196,157.941,96.106,96.694
"1962-07",50.111,45.098,85.01,108.926,22.997,20.145,29.745,171.256,32.057,106.325,NA,118.475,73.465,81.707,224.941,48.399,50.847,45.604,4.745,6.685,251.654,1.859,21.635,58.226,71.251,36.004,4.078,34.889,38.117,NA,NA,2.669,NA,142.971,0.148,207.118,207.405,8.902,41.437,97.071,107.997,64.048,55.579,31.714,86.921,150.437,138.258,79.157,125.445,63.222,237.554,34.426,156.254,271.766,89.31,96.109
"1962-08",71.623,49.206,116.544,104.331,44.661,17.787,61.169,172.878,41.024,96.688,NA,54.895,41.309,109.036,157.175,13.83,51.715,50.851,6.288,6.875,196.213,1.152,14.107,64.283,42.832,61.243,4.917,38.462,80.744,NA,NA,6.587,NA,197.359,0.156,176.095,210.849,12.665,43.956,84.102,85.479,88.928,60.639,28.648,85.125,141.473,166.307,84.986,52.961,79.343,203.003,36.61,63.657,306.485,87.141,97.068
"1962-09",89.941,45.629,102.539,119.415,42.823,24.028,70.547,233.692,97.661,123.772,NA,73.774,36.701,72.32,133.994,7.591,68.057,29.306,48.939,16.647,147.901,1.322,26.904,56.459,36.193,38.457,6.637,38.606,68.044,NA,NA,21.31,NA,197.949,0.056,197.137,200.338,5.504,13.416,87.219,79.187,62.105,54.116,33.734,74.187,128.795,166.226,65.786,57.698,89.648,203.975,31.259,76.881,257.053,87.287,95.2
"1962-10",84.911,34.638,230.074,171.013,56.95,100.449,80.714,161.898,79.754,118.684,NA,61.234,26.751,77.203,111.18,19.459,99.082,76.225,68.607,23.124,98.487,2.387,60.083,105.391,19.207,55.336,18.155,28.053,112.172,NA,NA,46.484,NA,163.549,0.746,91.473,185.494,4.827,13.912,40.876,91.924,61.612,58.824,16.719,76.13,134.021,164.108,61.483,79.176,106.51,275.285,32.118,60.42,120.934,81.064,95.081
"1962-11",78.507,36.173,158.22,164.131,35.682,165.829,38.224,113.291,49.023,152.98,NA,65.083,16.845,78.499,101.475,12.132,83.151,122.766,35.039,71.307,44.261,23.211,157.957,271.202,24.76,84.549,59.457,23.821,102.549,NA,NA,62.533,NA,109.077,16.103,41.017,174.793,18.026,10.928,40.284,73.311,42.543,44.222,16.748,77.204,109.962,154.024,56.952,105.769,116.441,276.806,37.745,79.45,136.893,74.328,94.661
"1962-12",70.896,33.237,126.106,126.277,42.452,203.144,69.5,46.847,45.631,133.811,NA,67.954,24.867,73.907,52.658,49.033,99.21,130.824,50.497,63.776,3.922,6.338,23.098,105.156,16.686,104.302,185.075,19.449,74.638,NA,NA,36.33,NA,123.611,6.77,70.692,255.227,73.002,56.435,28.636,74.773,36.81,34.839,20.227,94.358,150.064,127.675,64.141,59.82,94.156,254.805,70.209,148.948,219.289,66.119,98.517
"1963-01",111.068,39.23,81.93,144.488,32.488,84.605,54.43,38.713,70.015,70.817,NA,78.219,24.37,86.306,49.761,104.728,96.059,80.063,55.903,59.84,1.538,5.363,12.598,77.576,30.429,190.987,230.246,18.837,86.878,NA,NA,52.534,NA,103.08,2.378,7.704,260.035,353.199,108.472,21.138,62.629,49.209,43.193,14.418,100.253,163.67,93.278,76.055,51.833,94.213,225.195,98.955,36.275,7.654,75.763,97.9
"1963-02",85.654,21.617,85.621,135.889,24.53,83.606,30.805,15.155,37.423,79.311,NA,80.715,12.532,95.5,36.678,118.647,103.368,91.508,69.871,44.357,1.814,4.242,4.31,24.803,27.929,157.147,193.582,16.652,85.882,NA,NA,49.144,NA,91.126,1.121,1.365,237.528,373.454,142.668,53.831,91.76,76.072,63.945,27.181,130.892,146.973,80.383,91.877,50.921,93.777,193.531,159.713,4.125,6.136,83.87,101.725
"1963-03",66.428,26.686,110.086,83.631,24.301,118.512,22.181,14.55,30.839,99.441,NA,85.606,27.518,119.975,31.632,113.116,81.145,55.095,59.682,42.068,12.642,4.67,1.488,26.299,42.023,92.078,63.901,12.129,89.119,NA,NA,36.643,NA,86.136,0.009,1.299,186.32,346.678,88.983,92.903,72.856,96.17,77.482,16.853,136.456,117.18,82.131,102.799,47.695,67.638,123.146,122.379,2.514,3.323,88.997,92.892
"1963-04",58.772,22.193,65.021,93.962,36.982,74.637,5.7,15.401,35.645,37.44,NA,81.02,27.461,72.7,14.537,272.575,63.855,30.678,20.42,16.188,43.93,1.213,1.404,175.787,61.262,95.476,115.138,13.127,89.632,NA,NA,11.118,NA,107,0.052,13.221,176.837,196.259,151.918,79.721,97.847,92.546,69.379,14.86,126.115,128.823,72.809,106.293,110.812,63.828,124.909,102.507,10.793,50.936,94.535,94.751
"1963-05",50.376,27.62,87.814,98.772,21.932,42.392,21.048,50.532,32.218,45.6,NA,101.706,46.345,79.284,18.323,295.714,39.158,42.115,10.258,16.099,173.761,1.997,4.464,100.239,83.459,116.196,97.141,14.724,61.587,NA,NA,14.557,NA,121.777,0.372,50.199,233.57,202.642,133.492,74.493,110.081,87.023,65.003,9.723,115.722,123.554,77.695,92.222,229.066,67.925,142.029,81.491,10.089,146.602,98.295,97.257
"1963-06",56.414,40.81,16.622,80.705,37.435,46.378,11.654,151.251,32.62,77.804,NA,96.437,49.95,45.379,88.907,212.044,35.936,44.315,1.015,11.083,267.396,1.143,15.869,77.223,88.516,119.271,14.24,34.033,53.445,NA,NA,1.982,NA,142.722,0.108,148.811,247.879,88.492,97.308,92.786,132.034,77.147,68.168,16.551,107.421,111.607,133.818,73.026,221.232,62.579,125.733,50.302,62.844,230.997,93.429,97.33
"1963-07",56.246,47.504,25.32,162.418,24.045,8.609,17.352,141.14,26.719,101.12,NA,61.418,52.459,68.094,191.105,83.167,47.292,45.233,0.201,4.251,306.029,1.84,16.956,43.086,86.881,90.997,2.707,24.281,72.12,NA,NA,0.593,NA,192.511,0.037,207.242,248.499,18.587,79.238,101.722,111.012,64.348,62.964,24.92,93.819,114.876,143.537,70.281,153.707,80.093,148.031,44.87,104.595,225.006,89.239,96.261
"1963-08",67.559,54.734,144.609,131.062,38.189,17.925,110.288,227.82,59.435,113.615,NA,75.165,33.78,50.421,143.326,14.319,69.5,21.735,3.97,5.407,243.979,5.831,16.819,44.915,14.912,37.044,4.457,43.765,96.275,NA,NA,5.832,NA,175.656,5.518,169.264,224.262,7.585,26.444,108.149,116.595,62.237,64.484,36.093,86.461,101.052,202.967,74.445,69.665,74.214,180.955,33.236,93.648,254.898,88.001,96.651
"1963-09",67.59,64.75,229.045,130.338,48.901,40.378,134.029,199.147,73.925,123.435,NA,56.068,32.527,64.008,111.272,12.307,77.668,79.347,10.833,19.546,172.666,3.445,11.164,41.31,41.685,50.814,8.953,49.757,74.564,NA,NA,16.825,NA,198.408,0.094,148.695,210.958,6.724,21.237,47.106,68.418,73.204,65.309,35.652,88.341,107.204,188.984,66.625,60.232,94.05,164.151,26.861,58.236,193.84,83.752,94.908
"1963-10",68.404,61.559,135.446,175.233,34.35,48.313,142.021,217.902,81.784,135.548,NA,70.701,20.137,65.153,41.868,8.304,90.326,118.972,54.681,51.044,156.013,6.892,80.601,129.221,25.606,66.65,24.588,36.416,86.31,NA,NA,69.529,NA,148.421,2.173,91.886,172.414,6.192,9.852,36.247,56.268,64.379,49.732,31.467,75.851,98.624,177.227,62.472,69.327,106.554,265.57,27.074,74.873,193.128,79.271,92.459
"1963-11",83.588,40.126,188.048,141.183,33.074,98.416,69.462,101.252,85.642,141.081,NA,54.464,17.138,79.81,89.958,20.749,77.08,104.687,26.085,67.164,46.355,17.562,39.028,123.66,49.677,83.629,40.266,20.754,106.417,NA,NA,33.274,NA,145.233,18.62,124.555,194.713,18.338,15.672,43.449,67.528,44.88,45.288,20.359,79.734,100.077,145.699,67.157,114.264,105.373,275.102,51.034,119.839,253.57,75.605,94.05
"1963-12",72.974,28.59,107.077,200.568,31.581,165.339,38.841,44.174,76.748,120.371,NA,76.696,14.083,86.214,61.233,46.832,87.692,131.855,79.134,76.431,8.045,44.827,35.05,83.871,12.89,112.286,133.437,27.151,72.223,NA,NA,66.824,NA,114.341,9.789,30.54,280.259,165.399,30.932,47.458,68.1,47.467,34.775,19.267,82.545,152.499,112.812,59.405,72.115,122.314,220.835,56.694,38.897,96.609,72.407,94.932
"1964-01",54.108,40.54,137.27,155.149,23.278,152.575,39.144,18.657,41.452,110.742,NA,80.133,15.44,95.418,51.681,93.019,107.19,98.78,36.688,82.837,1.064,8.427,12.826,178.668,17.548,107.16,171.17,23.452,93.969,NA,NA,25.454,NA,91.586,12.544,5.054,288.587,324.625,67.464,34.771,93.272,49.336,37.689,21.302,115.658,174.38,89.496,72.358,59.796,103.865,194.525,71.404,18.173,35.665,77.594,95.09
"1964-02",98.309,23.85,144.143,121.353,26.128,143.503,32.933,11.549,35.115,79.578,NA,83.758,17.213,88.752,36.585,99.932,109.579,40.229,81.044,48.996,2.382,6.363,6.365,59.953,21.397,156.247,216.987,16.509,68.549,NA,NA,43.812,NA,99.34,2.412,1.915,218.382,308.831,106.729,37.72,68.367,74.827,55.963,14.792,115.694,164.723,85.812,74.789,43.299,95.261,214.367,95.197,4.388,17.879,83.303,95.264
"1964-03",75.974,28.488,151.574,90.003,23.995,121.788,23.328,14.781,27.86,90.739,NA,77.253,24.033,126.907,43.858,166.661,95.618,93.48,24.9,37.19,16.278,1.994,3.536,43.708,30.853,112.294,110.373,13.701,65.338,NA,NA,24.751,NA,69.619,1.407,1.582,191.643,282.342,91.933,51.52,62.826,76.344,73.336,12.173,130.732,162.312,78.104,92.093,53.393,77.305,111.237,104.892,1.347,8.558,87.553,92.058
"1964-04",54.705,31.818,43.283,117.074,21.233,76.268,10.044,28.795,24.693,63.24,NA,84.675,38.439,96.729,28.154,321.289,66.963,46.869,16.866,16.444,57.767,2.92,17.855,114.426,40.525,94.148,128.437,16.55,103.963,NA,NA,17.474,NA,68.716,0.762,13.683,170.63,232.395,132.43,51.702,103.876,93.922,87.263,10.613,118.112,175.102,73.42,110.959,118.697,63.466,71.263,95.737,10.684,25.645,94.481,93.188
"1964-05",57.864,32.585,2.032,89.43,24.538,41.188,8.385,47.307,31.928,60.135,NA,80.011,53.793,43.617,40.294,274.271,35.389,40.996,19.259,27.852,197.417,4.166,6.96,171.138,85.929,102.108,82.941,18.43,77.411,NA,NA,17.358,NA,115.523,0.322,63.989,191.073,140.216,53.359,82.706,98.845,84.874,59.784,14.351,102.723,140.882,78.963,87.425,246.698,68.971,211.178,71.833,70.02,133.99,97.013,96.374
"1964-06",50.137,56.486,114.517,98.047,39.839,14.75,80.729,292.571,48.301,131.443,NA,120.66,66.671,49.127,154.929,182.739,28.849,45.577,1.483,16.509,231.059,1.185,21.089,44.238,96.054,99.251,34.697,27.761,58.361,NA,NA,1.81,NA,163.069,0.073,216.32,228.118,17.65,56.235,93.188,105.883,68.549,47.306,20.925,99.601,133.571,137.592,69.539,234.624,60.722,86.235,57.587,86.286,259.175,86.789,95.241
"1964-07",65.795,43.65,46.079,160.474,22.55,9.957,50.744,173.453,62.459,85.902,NA,99.44,55.374,41.723,181.419,46.703,42.705,22.306,0.986,2.475,394.591,1.949,8.844,34.159,99.471,133.025,13.262,42.006,54.661,NA,NA,4.951,NA,137.728,0.074,155.923,255.809,12.865,30.361,104.367,110.154,64.437,52.473,35.139,86.341,146.629,137.127,71.496,170.15,67.786,142.678,50.355,81.745,183.34,88.676,97.104
"1964-08",68.448,59.512,51.389,154.114,46.612,12.472,71.099,222.905,48.612,135.581,NA,68.787,53.181,57.823,153.621,10.893,64.309,13.366,2.99,1.984,359.754,0.854,19.444,51.972,60.118,76.975,8.565,48.887,71.934,NA,NA,2.311,NA,206.063,0.016,164.893,211.844,6.343,34.177,77.405,101.695,69.02,57.282,32.189,82.338,112.115,187.519,64.529,77.288,65.353,129.26,33.95,70.772,257.203,83.83,93.966
"1964-09",86.564,63.046,122.917,96.092,56.914,24.185,119.679,219.89,125.228,114.882,NA,86.2,33.852,57.669,102.12,7.476,91.07,13.259,3.804,16.693,220.447,0.412,54.883,58.462,61.374,32.398,12.567,42.592,103.628,NA,NA,6.249,NA,145.066,0.306,169.178,209.422,4.713,13.323,49.17,81.069,68.625,46.756,24.584,74.854,93.535,178.653,67.813,70.145,93.194,171.979,26.066,112.167,264.572,86.848,93.289
"1964-10",90.077,51.739,131.614,165.451,45.315,87.065,110.356,213.91,104.057,147.162,NA,61.79,20.822,78.472,55.622,6.617,81.828,111.599,2.478,52.699,172.559,3.22,72.238,231.923,34.249,48.65,21.362,27.898,78.899,NA,NA,18.266,NA,112.005,1.455,147.014,159.23,5.006,7.528,32.98,58.905,60.86,55.415,25.054,73.223,98.661,178.368,66.14,79.013,117.046,209.454,26.518,82.131,198.97,81.884,93.708
"1964-11",78.28,32.837,188.614,155.102,41.83,103.633,79.979,112.967,84.235,129.147,NA,72.356,22.622,67.166,75.65,12.233,74.464,84.702,79.336,75.825,36.556,29.236,199.878,314.316,42.493,93.34,54.93,26.894,92.96,NA,NA,64.042,NA,132.11,25.743,41.304,226.162,18.498,17.231,45.374,66.802,49.675,43.198,20.877,80.849,117.406,149.86,67.583,100.725,121.76,203.364,41.052,89.708,131.924,72.159,93.913
"1964-12",84.72,39.924,88.791,108.612,29.402,118.243,61.53,37.695,41.061,93.34,NA,87.246,25.316,66.402,101.74,42.749,93.569,114.795,62.717,75.905,10.473,8.954,65.366,254.851,12.813,68.339,108.318,20.139,111.33,NA,NA,56.595,NA,149.998,11.15,82.083,211.889,122.999,74.639,49.964,71.795,40.993,41.945,15.676,93.49,139.1,122.746,62.807,94.637,102.995,271.68,33.282,121.842,193.985,67.508,95.494
"1965-01",65.58,31.897,147.924,176.983,27.343,208.557,68.694,32.447,55.889,81.962,NA,77.939,18.341,81.996,31.676,52.114,94.665,122.106,42.977,75.696,0.953,12.687,18.886,84.833,32.38,134.978,247.763,20.114,62.706,NA,NA,46.001,NA,101.014,5.694,9.023,214.867,296.972,94.489,39.12,105.51,49.732,45.001,17.721,102.015,151.173,103.269,85.624,40.137,110.093,279.476,90.015,40.551,14.281,79.142,96.639
"1965-02",81.889,32.445,226.208,123.218,18.422,119.713,40.217,14.843,40.672,42.645,NA,98.115,13.647,115.479,27.109,90.167,69.059,148.401,10.051,64.304,3.203,9.649,8.306,113.386,30.787,181.383,63.009,11.106,75.233,NA,NA,18.97,NA,91.97,10.477,5.696,219.816,308.042,73.658,26.219,103.261,70.847,49.824,14.964,113.646,169.353,82.688,124.001,26.589,94.31,157.041,76.75,10.128,9.672,80.843,95.559
"1965-03",74.014,29.693,186.063,83.391,21.232,81.312,35.911,15.448,27.111,41.024,NA,83.877,29.824,93.068,32.341,159.156,57.166,68.317,36.541,48.738,16.773,3.6,4.147,42.956,35.609,200.708,77.915,16.268,65.877,NA,NA,45.68,NA,111.728,0.329,0.899,201.267,321.056,93.822,35.633,111.098,89.689,75.375,19.692,120.883,162.708,75.771,87.509,50.528,72.065,141.581,140.279,3.256,3.031,95.171,95.037
"1965-04",36.949,33.33,21.474,105.561,18.171,71.381,9.061,14.202,18.005,51.303,NA,75.116,46.795,66.444,22.813,272.343,85.215,101.788,4.898,29.736,72.794,3.833,6.216,135.104,32.962,97.574,168.831,22.825,72.314,NA,NA,14.984,NA,57.212,0.522,3.035,188.506,289.316,62.003,37.58,49.08,78.108,74.745,11.337,117.458,154.696,69.429,90.144,160.933,84.991,130.442,116.751,1.808,12.36,97.014,95.314
"1965-05",57.661,32.141,3.577,74.824,19.3,25.261,1.377,35.763,20.555,37.033,NA,111.263,48.003,107.541,30.621,216.036,41.553,20.735,39.348,27.232,160.143,3.882,25.678,167.29,42.851,82.022,110.468,15.84,77.943,NA,NA,21.415,NA,105.321,1.362,49.281,218.345,83.455,58.812,115.481,83.646,81.499,66.989,12.542,111.016,119.931,79.83,88.186,205.193,50.914,207.34,90.895,20.754,160.431,90.201,95.783
"1965-06",53.754,35.891,24.983,106.236,27.92,19.708,53.947,293.799,49.391,67.686,NA,82.98,41.384,71.856,148.847,167.091,49.049,62.709,4.324,16.823,210.45,0.759,11.963,124.011,120.396,114.031,47.93,18.275,84.942,NA,NA,3.844,NA,119.072,0.259,122.056,198.087,10.698,33.842,144.407,112.423,70.869,75.186,16.33,110.363,122.539,135.038,84,239.575,59.448,137.652,61.786,41.984,191.385,88.832,97.726
"1965-07",52.675,52.055,28.636,112.659,40.704,21.254,35.892,157.104,32.686,100.073,NA,99.013,48.179,44.701,166.28,31.079,41.558,40.571,1.167,5.282,390.046,2.468,15.424,68.61,36.129,90.804,22.109,32.837,83.662,NA,NA,0.773,NA,164.586,0.017,197.385,195.035,18.299,80.663,131.529,130.426,77.625,56.38,32.383,92.551,97.332,162.646,64.545,160.827,65.975,170.856,59.859,101.546,230.379,81.847,95.265
"1965-08",68.134,45.782,65.196,131.528,25.243,43.218,52.559,147.167,60.383,115.769,NA,88.404,49.278,77.451,142.338,11.308,68.694,27.841,0.75,2.572,330.001,0.92,11.854,47.08,72.983,49.45,14.434,37.408,86.722,NA,NA,4.776,NA,167.085,0.031,182.66,247.694,14.274,26.969,66.13,80.839,70.977,52.885,34.905,80.392,98.024,179.087,73.334,117.306,68.747,111.322,34.941,66.913,216.247,84.397,94.809
"1965-09",76.55,58.591,126.874,215.723,46.933,30.352,122.859,238.138,91.168,137.385,NA,55.256,35.748,100.774,137.638,11.599,56.185,32.919,0.382,13.993,201.51,2.206,21.746,101.693,28.853,40.715,16.142,46.436,76.343,NA,NA,7.885,NA,110.063,0.125,77.919,193.065,5.099,11.226,76.297,84.336,60.697,53.735,37.111,71.338,112.439,195.291,62.947,76.829,91.015,148.21,27.352,41.376,127.207,81.211,92.809
"1965-10",75.613,57.774,106.39,136.788,56.014,122.333,131.917,223.038,93.764,151.828,NA,61.134,38.237,67.816,42.99,7.775,91.471,67.844,42.15,43.199,167.432,12.464,42.174,183.387,42.047,71.842,37.826,35.625,86.953,NA,NA,87.096,NA,96.145,1.265,92.056,145.94,3.055,6.197,51.376,70.267,45.613,50.415,23.818,82.221,116.156,175.09,67.735,78.639,104.517,216.306,31.832,42.889,207.842,79.987,92.996
"1965-11",71.572,39.011,166.385,118.468,26.784,100.897,105.346,54.446,54.519,140.509,NA,86.703,23.995,78.817,105.719,20.223,97.635,99.132,29.933,81.696,38.609,9.31,112.775,213.587,33.182,59.74,80.437,21.122,116.029,NA,NA,63.987,NA,126.562,26.104,62.072,142.23,13.533,13.868,40.763,81.602,48.283,49.653,12.643,77.831,131.31,142.055,54.812,111.258,112.873,281.513,41.445,112.818,137.796,70.788,93.225
"1965-12",84.278,38.973,183.53,171.046,30.11,80.456,77.131,42.155,78.547,84.805,NA,68.554,22.232,74.777,57.262,72.559,124.304,72.012,73.747,80.634,5.434,5.56,14.557,151.726,53.187,96.778,188.777,17.808,89.788,NA,NA,69.199,NA,93.127,6.191,95.78,246.791,77.056,51.579,29.452,102.293,43.198,48.368,17.615,86.47,156.471,123.725,59.794,87.254,104.862,241.025,74.499,116.652,96.951,69.428,96.148
"1966-01",97.748,31.78,137.77,125.094,29.32,183.19,43.39,19.401,38.394,58.479,NA,82.272,20.901,98.7,30.373,132.256,96.228,59.766,44.454,69.581,4.783,11.276,13.742,149.643,15.86,147.895,158.276,16.201,82.492,NA,NA,48.042,NA,79.381,3.092,12.958,229.79,285.168,159.178,39.334,74.963,52.063,50.713,17.109,118.514,176.037,93.979,69.008,71.325,113.345,256.594,94.498,8.735,22.536,70.508,97.984
"1966-02",87.263,27.363,122.531,121.643,17.097,127.38,33.791,13.385,44.587,52.367,NA,56.793,28.875,108.604,43.995,117.041,78.221,47.809,18.461,49.669,1.208,2.627,5.101,59.789,24.119,143.269,177.725,18.343,62.117,NA,NA,31.374,NA,89.639,1.721,15.574,223.356,328.707,154.123,22.431,103.373,70.564,49.514,15.122,108.856,153.516,81.259,87.013,56.857,81.352,174.001,116.008,3.781,24.526,79.858,92.977
"1966-03",75.557,29.701,171.281,155.518,24.626,113.615,25.407,13.722,40.625,97.318,NA,98.596,22.445,123.159,34.065,123.18,79.269,46.849,29.12,47.273,8.665,4.628,3.583,58.96,24.713,97.02,143.011,14.306,63.137,NA,NA,31.308,NA,66.041,0.029,2.275,197.852,319.184,151.156,43.772,121.976,87.161,67.622,15.094,125.403,147.731,73.861,98.829,48.033,76.924,148.791,124.914,2.731,13.605,87.129,94.24
"1966-04",53.076,18.764,23.327,111.276,22.088,53.181,3.169,31.514,17.066,68.646,NA,79.161,31.5,91.573,22.001,346.551,75.63,71.287,19.668,24.795,82.8,3.768,8.838,100.618,16.226,89.186,143.256,18.736,62.895,NA,NA,23.848,NA,60.583,0.081,12.266,179.824,192.347,99.905,64.197,102.174,88.449,72.626,10.697,114.121,146.852,68.635,93.481,131.731,89.62,84.798,121.603,11.256,29.141,96.323,93.383
"1966-05",48.024,29.673,36.863,86.267,31.259,19.768,7.022,43.83,37.286,67.713,NA,93.873,37.765,53.698,35.113,162.434,39.73,32.121,4.909,15.955,162.023,1.951,18.005,154.488,67.397,80.372,153.476,19.158,59.471,NA,NA,8.299,NA,99.586,0.286,63.751,257.274,168.97,20.157,64.48,84.435,82.495,59.614,11.166,112.701,126.311,87.6,94.854,219.841,50.666,181.221,72.421,32.493,92.167,99.485,95.496
"1966-06",44.64,34.454,54.679,122.119,27.989,27.837,29.05,201.435,25.979,117.821,NA,122.507,75.502,82.478,78.055,252.448,56.844,13.864,1.234,12.394,236.751,1.675,25.477,132.568,78.632,77.565,42.633,34.038,55.213,NA,NA,2.337,NA,175.693,0.105,110.279,249.533,18.153,44.46,110.071,112.453,76.487,52.986,31.693,107.931,125.176,136.071,72.729,237.669,64.282,119.59,48.82,78.745,165.716,89.009,99.468
"1966-07",49.485,55.972,93.264,132.842,27.992,9.393,55.365,225.88,63.609,116.01,NA,91.275,41.363,59.179,189.989,57.839,36.232,28.101,2.568,2.485,369.253,1.948,21.876,48.529,82.965,81.252,9.843,30.736,84.023,NA,NA,3.349,NA,157.981,0.463,209.994,217.117,12.413,28.145,110.596,120.22,70.28,60.36,22.815,98.551,143.25,151.444,70.486,133.739,62.885,132.9,51.936,124.27,247.639,89.883,97.431
"1966-08",63.571,53.84,79.737,132.253,66.859,15.44,56.325,194.136,58.716,137.043,NA,80.608,56.513,48.204,147.56,13.261,57.816,50.805,6.363,2.599,328.91,0.887,19.229,48.987,42.602,47.832,9.111,28.524,71.664,NA,NA,6.791,NA,140.046,0.143,173.825,229.446,9.477,33.267,76.477,80.909,65.603,54.791,26.093,80.969,132.164,177.897,65.248,73.565,80.508,151.377,31.074,93.554,266.881,84.436,94.145
"1966-09",78.328,57.051,70.676,134.491,35.77,10.99,82.423,174.102,104.12,126.712,NA,65.703,31.838,69.751,104.205,9.928,68.142,68.328,40.759,12.626,211.31,1.315,35.85,86.785,61.584,56.643,9.343,36.833,93.984,NA,NA,23.891,NA,210.995,0.822,90.407,167.761,4.743,12.599,65.499,66.15,61.37,59.703,24.802,75.244,139.952,189.351,70.171,67.1,97.13,109.505,36.303,29.324,95.054,83.5,95.362
"1966-10",66.536,53.921,160.78,163.141,34.886,70.365,150.791,209.381,99.924,154.15,NA,89.306,37.49,63.343,51.065,8.072,70.736,96.218,51.073,39.39,153.254,5.016,107.175,260.816,66.388,43.102,21.943,41.629,103.712,NA,NA,78.838,NA,87.144,3.039,114.847,118.98,5.972,10.509,34.262,95.616,57.079,52.693,25.155,67.356,126.285,162.62,66.444,75.173,121.779,279.933,31.463,86.941,192.604,77.775,93.445
"1966-11",83.86,36.932,103.634,172.016,39.15,147.02,53.314,120.237,92.589,132.867,NA,61.542,26.853,85.362,112.181,12.854,73.059,104.511,96.032,66.937,40.096,12.356,127.081,170.907,24.37,60.614,53.162,19.132,73.533,NA,NA,76.661,NA,82.42,13.428,92.258,151.543,12.096,11.337,45.044,59.883,41.907,42.619,16.65,77.05,141.831,150.499,64.022,90.952,113.943,335.171,35.853,145.093,247.366,75.377,95.515
"1966-12",84.532,23.94,176.817,144.074,31.749,162.473,93.002,46.098,52.636,118.675,NA,86.732,24.044,67.698,81.746,27.665,84.541,97.12,126.77,64.187,5.123,12.154,50.302,257.793,25.965,91.551,182.002,22.39,88.725,NA,NA,68.121,NA,85.528,12.188,20.631,179.399,90.048,15.978,36.1,48.7,40.557,41.946,17.111,87.49,175.262,117.771,57.864,91.252,93.064,273.557,67.813,12.004,28.557,71.455,94.043
"1967-01",92.966,32.212,162.302,170.201,31.053,220.493,53.793,17.785,35.825,121.416,NA,86.529,15.546,57.665,41.708,48.229,86.058,93.053,76.894,96.03,4.873,10.2,8.781,129.443,21.45,134,162.555,13.236,67.894,NA,NA,42.1,NA,79.315,6.962,25.752,220.317,280.88,40.195,43.964,84.731,44.167,48.983,17.193,91.677,236.473,84.432,61.271,62.758,110.146,215.155,69.924,10.642,78.848,76.356,97.004
"1967-02",83.281,22.309,168.855,162.589,16.814,136.348,54.868,12.498,35.178,111.788,NA,68.635,13.782,70.655,19.254,133.77,125.782,133.789,14.987,51.143,11.453,5.005,7.602,50.207,12.457,150.647,159.898,20.944,70.369,NA,NA,39.9,NA,75.496,1.85,2.653,180.44,328.603,52.724,42.192,72.377,80.059,76.672,16.948,119.068,218.04,72.523,65.67,54.454,119.214,204.761,136.478,7.392,7.643,87.507,99.597
"1967-03",74.068,23.455,265.407,142.918,16.769,107.24,58.286,13.557,28.624,87.841,NA,66.203,13.029,93.288,11.946,137.085,83.681,89.785,13.878,30.669,4.956,0.799,3.24,27.599,53.727,104.013,164.79,11.48,65.252,NA,NA,39.073,NA,73.103,0.22,3.258,166.176,370.971,108.57,38.116,66.576,95.861,74.038,9.001,131.145,238.112,54.814,80.009,37.987,87.022,79.062,165.115,3.133,4.088,92.318,95.712
"1967-04",67.413,23.218,89.988,113.705,16.966,92.855,15.126,13.409,19.324,55.282,NA,82.487,53.133,113.065,14.308,247.941,76.795,68.928,18.07,33.591,51.137,5.944,47.398,126.296,40.756,102.466,131.764,9.319,63.498,NA,NA,26.26,NA,91.262,10.052,8.207,145.135,148.856,54.45,36.8,78.109,82.756,77.61,12.584,116.253,236.937,48.15,89.292,109.901,71.88,138.492,105.793,7.004,3.748,88.326,93.856
"1967-05",42.63,30.903,73.836,110.216,19.733,27.424,9.851,39.836,35.628,60.836,NA,112.727,34.302,74.554,52.292,406.138,52.191,50.016,21.12,7.67,108.749,2.036,27.464,238.711,43.172,84.745,121.301,24.326,81.149,NA,NA,21.216,NA,89.341,10.67,13.498,123.564,52.556,77.665,57.267,67.195,87.034,74.296,11.28,109.223,220.457,54.964,74.713,188.415,59.674,222.265,104.656,11.752,35.901,97.799,95.521
"1967-06",56.785,35.289,39.419,133.41,30.652,11.576,12.201,157.076,68.424,93.37,NA,94.54,70.169,60.667,179.227,259.428,24.896,39.208,7.178,11.972,249.424,2.201,21.215,85.858,60.725,71.949,4.044,21.915,48.073,NA,NA,20.026,NA,173.038,0.238,55.634,208.085,20.797,54.991,119.417,102.354,70.976,57.539,16.646,92.561,222.112,84.01,78.559,163.38,73.134,161.105,73.837,72.974,72.376,90.297,98.272
"1967-07",55.386,45.904,65.354,129.685,35.474,17.008,67.682,259.223,63.279,117.932,NA,72.858,79.543,71.721,201.553,45.538,48.544,24.004,21.005,9.213,323.955,1.566,26.516,110.506,22.835,40.786,3.081,35.554,74.114,NA,NA,9.02,NA,151.211,0.032,173.657,173.796,14.47,28.623,94.83,97.249,75.825,55.845,27.157,88.923,194.596,157.91,73.911,94.883,75.322,150.637,42.389,111.902,291.828,84.907,98.364
"1967-08",72.553,46.395,62.418,105.429,50.585,26.854,50.627,227.082,62.687,140.084,NA,70.696,52.226,64.92,168.047,13.136,61.389,17.062,2.08,6.257,215.264,2.026,11.49,41.769,50.942,59.586,5.448,48.346,64.02,NA,NA,2.998,NA,277.924,0.026,136.363,155.125,7.821,33.746,88.314,81.805,61.102,49.475,36.962,88.3,169.932,183.548,68.414,63.263,89.172,150.408,31.036,49.398,158.943,82.041,97.871
"1967-09",71.811,68.36,122.875,111.948,54.75,24.501,107.022,209.245,107.405,132.315,NA,62.181,26.84,76.033,58.542,12.087,66.527,45.645,2.789,15.549,188.061,1.368,42.574,105.754,17.481,40.691,8.511,47.853,81.129,NA,NA,7.331,NA,196.312,0.282,103.689,135.92,4.836,14.392,66.495,87.136,60.258,59.198,32.212,78.505,155.714,171.447,64.653,56.14,108.281,167.981,28.214,40.618,213.432,78.268,95.086
"1967-10",85.772,51.041,102.314,135.296,54.632,88.991,79.791,240.572,153.22,132.467,NA,54.351,51.304,92.054,68.392,10.399,93.442,49.282,125.312,46.441,120.285,4.201,75.649,285.435,49.668,55.849,25.149,34.979,127.818,NA,NA,101.252,NA,74.444,1.143,165.921,107.235,5.63,11.108,34.199,47.795,55.011,60.171,23.4,78.547,146.089,171.524,72.564,82.277,123.599,214.991,27.853,44.609,286.339,76.672,95.5
"1967-11",88.292,34.948,124.791,139.443,46.536,130.627,84.829,177.714,89.605,142.28,NA,62.516,22.704,88.568,84.981,20.307,93.808,108.684,45.169,50.668,28.177,17.977,200.764,340.253,20.535,91.33,57.477,25.037,93.214,NA,NA,66.84,NA,111.992,8.525,102.751,130.727,10.865,14.131,38.183,64.471,52.2,59.194,16.678,70.411,126.407,152.373,66.166,111.252,114.265,210.237,33.1,107.908,251.198,71.3,93.669
"1967-12",83.594,28.175,165.887,145.916,29.508,95.883,56.785,50.934,83.614,124.296,NA,82.84,16.267,67.765,143.843,44.397,106.91,146.918,30.022,69.653,9.528,15.636,190.346,386.433,23.138,85.576,104.348,23.439,96.74,NA,NA,46.786,NA,116.981,12.55,18.152,166.776,52.561,19.146,23.665,56.326,46.922,28.86,14.594,90.89,189.558,106.814,66.089,111.707,106.864,242.397,41.134,80.841,46.08,72.466,94.89
"1968-01",92.651,24.464,151.525,124.781,30.256,52.609,95.973,37.747,64.838,96.178,NA,67.003,21.104,68.522,60.807,129.077,90.579,80.39,36.556,46.685,2.734,11.27,59.876,233.656,22.123,168.594,211.85,24.342,86.761,NA,NA,46.019,NA,92.607,21.93,9.285,173.672,313.651,84.035,42.352,91.253,54.31,52.524,20.539,101.083,191.724,90.935,59.452,67.109,99.102,226.336,82.338,32.53,18.054,73.72,95.226
"1968-02",86.232,16.971,139.546,150.124,28.355,118.705,31.286,11.99,37.333,59.147,NA,83.911,21.478,92.397,28.502,110.206,89.274,56.648,27.636,41.978,4.205,2.057,4.327,84.954,31.018,100.442,191.455,16.43,76.601,NA,NA,24.059,NA,117.556,2.813,7.171,180.117,328.878,83.646,36.88,37.99,69.238,55.342,16.021,123.845,213.547,81.493,79.627,56.841,96.193,185.549,125.544,7.653,8.722,87.572,98.168
"1968-03",68.537,25.754,75.404,101.433,24.528,88.261,18.003,19.96,25.537,62.248,NA,76.659,27.324,105.436,19.553,244.198,80.425,46.619,47.835,23.074,7.373,6.406,4.449,72.797,29.171,172.411,76.995,10.275,73.652,NA,NA,31.033,NA,80.953,0.31,2.246,164.217,272.424,31.492,48.044,78.241,80.412,82.362,10.635,107.947,218.81,63.65,79.812,60.34,90.171,171.959,105.756,2.301,6.933,87.832,93.723
"1968-04",53.317,27.892,31.326,147.462,24.495,89.338,11.043,25.867,32.334,63.883,NA,57.742,33.175,106.439,16.886,329.075,60.375,57.973,49.614,20.363,58.344,1.682,5.299,115.177,33.401,108.332,86.853,8.693,68.893,NA,NA,41.988,NA,70.872,0.403,2.975,167.975,217.707,58.098,61.94,94.584,79.995,86.238,11.057,104.927,231.639,53.253,83.477,112.941,74.69,102.862,99.793,1.948,19.442,96.981,94.332
"1968-05",50.314,26.346,49.502,80.131,17.604,43.714,19.736,50.951,32.448,74.264,NA,76.302,37.756,81.766,17.055,411.868,49.645,30.428,9.712,23.668,179.311,4.699,26.404,220.272,88.089,70.686,75.244,17.186,81.109,NA,NA,11.209,NA,100.87,0.115,10.932,193.566,103.702,14.446,65.961,89.048,72.592,71.401,12.605,107.531,207.47,64.99,78.814,220.168,51.727,153.195,93.42,17.199,25.543,99.738,97.042
"1968-06",57.18,33.05,97.9,97.277,21.406,10.911,24.674,127.471,38.428,97.278,NA,74.208,58.306,86.985,104.302,268.773,32.145,25.888,0.604,23.25,207.44,3.494,18.91,101.508,89.091,114.703,5.887,21.187,71.996,NA,NA,2.637,NA,168.294,0.1,179.761,229.327,20.387,82.549,92.066,117.549,76.96,69.477,19.431,98.405,162.368,112.128,76.843,212.136,55.169,117.843,52.435,111.907,255.242,89.626,96.659
"1968-07",53,61.613,58.456,119.262,32.711,13.751,73.76,284.678,44.501,111.75,NA,86.278,49.695,66.117,227.011,48.933,45.893,38.485,2.86,6.496,298.222,1.287,23.355,107.381,97.278,53.779,4.634,24.761,76.152,NA,NA,2.285,NA,169.621,0.047,231.142,229.368,15.636,86.542,75.867,119.585,64.802,70.856,28.478,86.729,155.048,153.572,70.545,92.436,62.386,102.411,46.625,114.421,243.866,94.596,95.744
"1968-08",79.465,58.901,122.046,113.473,47.705,22.228,93.697,216.493,85.283,117.863,NA,83.208,42.915,67.523,168.095,13.353,69.93,15.511,1.452,4.714,198.251,0.737,15.551,58.763,42.706,83.069,6.986,29.745,97.793,NA,NA,0.668,NA,204.597,0.041,161.245,182.557,6.421,28.068,78.092,94.738,64.675,43.835,33.641,85.25,140.845,189.574,68.158,72.849,80.38,102.454,36.941,59.455,219.378,81.957,94.932
"1968-09",76.751,57.428,256.061,153.19,32.304,17.42,192.554,238.649,80.124,117.876,NA,48.382,29.847,94.437,113.729,15.293,81.237,67.826,36.802,17.747,208.916,1.255,33.979,66.921,73.132,56.827,9.658,29.432,99.526,NA,NA,9.116,NA,128.052,0.59,191.811,155.796,5.917,16.964,69.947,71.842,78.988,56.873,36.272,72.812,109.242,175.382,62.891,72.521,108.32,145.504,40.407,150.038,278.409,88.737,95.313
"1968-10",87.534,49.362,66.188,156.474,34.577,96.791,99.218,240.534,97.553,143.919,NA,67.347,29.416,75.819,64.439,9.465,59.604,40.91,54.367,52.355,146.751,14.083,52.812,228.093,28.264,47.944,17.946,30.835,87.047,NA,NA,44.085,NA,132.566,1.553,153.154,167.158,3.529,17.253,34.813,65.429,53.839,59.318,23.128,77.141,119.091,184.882,69.933,67.227,118.202,194.766,32.835,132.584,234.76,79.36,94.168
"1968-11",85.01,44.488,111.215,160.981,34.844,139.246,80.201,94.852,89.714,151.619,NA,67.801,22.517,83.589,74.219,25.199,79.329,97.022,24.727,91.059,33.418,18.593,186.113,252.187,23.732,114.569,43.269,28.543,99.521,NA,NA,54.729,NA,135.905,9.81,76.757,177.812,12.399,16.406,37.569,58.519,56.759,44.523,22.841,78.167,127.605,142.682,60.988,112.472,107.837,176.386,37.034,144.179,178.866,77.644,93.843
"1968-12",76.908,44.555,168.311,182.817,24.594,92.196,37.222,38.419,64.029,121.612,NA,83.378,17.07,91.714,82.219,72.363,111.452,118.946,64.905,57.599,17.189,12.114,111.894,217.368,12.362,111.961,119.011,28.368,93.031,NA,NA,55.511,NA,133.036,8.614,84.616,275.51,55.119,17.799,48.575,58.361,53.863,39.966,18.008,81.343,181.214,103.869,74.869,84.999,101.703,303.555,63.007,173.69,236.377,69.218,97.752
"1969-01",76.722,38.085,111.68,153.019,30.765,71.876,27.432,31.218,78.301,84.289,NA,67.591,19.92,78.641,59.124,98.245,78.37,144.817,29.287,64.908,2.131,9.971,10.634,119.327,14.802,134.944,174.735,13.827,88.108,NA,NA,32.73,NA,140.185,7.948,8.783,269.969,237.487,94.753,48.098,95.64,55.851,46.03,17.341,100.75,165.39,92.607,68.044,55.172,104.609,240.63,88.654,14.361,31.766,77.181,96.504
"1969-02",83.323,25,106.994,142.663,28.547,161.992,21.697,16.1,48.334,41.023,NA,69.483,14.792,90.606,26.189,117.765,89.686,64.171,22.921,30.787,1.604,4.72,7.565,58.825,44.23,107.968,183.619,19.232,77.817,NA,NA,27.792,NA,123.084,12.82,8.194,265.863,362.594,153.716,49.921,74.594,70.525,45.923,19.063,106.647,151.047,76.981,92.57,48.829,90.885,189.861,107.737,10.309,26.706,83.823,94.799
"1969-03",83.258,20.661,87.485,105.487,25.906,109.514,21.047,14.943,26.628,102.644,NA,87.755,31.946,151.733,25.671,134.477,59.99,64.823,13.099,36.425,10.715,3.572,8.405,77.097,50.48,108.423,126.555,22.265,84.726,NA,NA,12.668,NA,114.391,0.106,30.961,199.242,294.497,95.047,57.682,67.603,85.813,78.201,20.367,131.429,122.273,75.847,108.757,49.171,71.402,145.78,131.283,9.251,70.597,86.878,94.655
"1969-04",50.919,33.995,71.661,74.547,34.198,65.447,8.75,19.486,25.116,57.692,NA,77.437,41.309,83.509,20.006,354.656,62.825,66.111,21.08,26.008,24.529,3.258,9.862,106.686,35.193,106.483,108.496,16.677,77.237,NA,NA,33.722,NA,108.941,0.204,5.781,191.964,305.849,140.756,57.994,89.295,73.238,79.184,13.978,114.846,125.419,68.743,96.412,108.64,67.516,150.032,121.3,13.444,17.411,90.238,93.608
"1969-05",38.8,30.724,14.485,113.456,25.438,37.68,2.873,69.706,28.017,61.805,NA,110.12,39.682,47.833,22.092,260.418,49.198,40.099,22.475,12.864,159.422,1.857,14.782,250.684,29.421,64.906,75.135,19.023,56.211,NA,NA,24.679,NA,139.861,0.114,18.34,221.389,207.484,95.508,79.805,114.93,82.646,64.428,10.768,119.019,106.366,86.051,86.677,221.719,64.275,116.743,74.613,8.718,124.387,96.697,96.369
"1969-06",28.357,39.229,59.884,96.535,20.627,26.899,20.366,176.852,22.32,76.424,NA,105.565,84.699,68.854,59.981,190.828,38.096,24.698,10.73,8.458,211.511,2.1,14.597,87.921,95.345,81.872,17.146,16.989,70.942,NA,NA,12.964,NA,140.227,0.359,95.537,219.215,68.026,144.528,85.224,134.532,68.79,60.432,12.171,110.641,90.322,124.627,81.327,218.152,63.506,219.351,61.214,117.214,141.95,91.126,96.947
"1969-07",39.536,39.132,29.296,120.229,37.621,17.095,39.27,137.301,36.15,104.528,NA,66.379,40.983,71.016,117.533,65.631,53.775,15.071,9.949,1.906,307.136,2.094,12.145,51.541,61.444,72.824,3.791,32.492,71.269,NA,NA,4.501,NA,216.27,0.011,207.27,226.016,24.68,47.111,143.853,119.435,64.626,63.521,33.533,100.775,76.25,141.106,78.696,173.149,59.884,161.569,51.783,91.891,239.266,88.662,94.843
"1969-08",49.203,47.996,38.855,135.175,52.341,15.931,68.33,171.493,53.47,129.991,NA,91.702,42.1,49.386,117.341,13.833,53.751,22.697,1.616,7.633,347.387,0.851,10.087,46.543,39.673,57.27,8.174,32.663,92.642,NA,NA,0.722,NA,184.91,0.182,181.507,226.358,13.333,36.738,108.238,102.455,56.703,50.745,26.44,84.66,74.612,167.086,66.174,96.903,74.164,176.141,49.665,82.714,232.193,89.246,92.972
"1969-09",85.508,64.68,192.858,141,49.626,47.947,98.885,262.35,122.986,117.471,NA,67.043,38.63,71.188,187.44,15.024,71.604,44.599,9.733,18.992,222.094,0.884,7.799,29.746,69.159,51.115,11.033,30.031,81.156,NA,NA,17.061,NA,222.318,0.138,177.021,201.04,8.699,18.174,70.111,102.834,62.014,57.035,22.173,81.774,66.864,179.491,62.729,71.969,101.45,144.115,36.559,52.19,217.306,86.655,92.682
"1969-10",78.928,50.509,107.116,78.115,49.27,149.601,98.7,212.332,118.805,126.018,NA,42.499,18.913,66.372,75.692,10.86,87.943,78.128,19.763,53.794,160.894,3.536,20.437,47.186,8.394,42.645,19.266,32.944,102.469,NA,NA,13.952,NA,159.554,0.37,145.077,228.289,24.35,16.863,47.598,83.686,52.969,54.24,21.605,78.673,67.684,168.851,61.228,88.23,98.495,238.48,42.52,61.324,229.299,76.813,91.41
"1969-11",82.96,45.359,111.399,94.322,52.254,156.949,52.293,128.235,89.193,140.306,NA,50.499,10.212,85.006,160.169,23.256,89.684,68.255,57.868,63.69,36.115,7.433,7.424,36.523,14.646,80.861,115.247,21.486,97.81,NA,NA,79.149,NA,185.999,2.994,104.923,255.584,177.233,26.429,45.282,94.692,52.991,45.727,26.837,82.088,74.914,148.115,61.644,114.712,91.196,147.318,53.312,32.917,342.357,73.227,93.097
"1969-12",74.324,23.663,152.428,142.579,47.757,172.08,52.855,41.428,57.402,89.984,NA,78.421,20.414,69.602,74.786,128.239,92.295,76.035,78.083,58.378,3.428,8.818,14.805,127.615,10.858,97.814,214.222,23.146,88.447,NA,NA,77.12,NA,136.252,7.448,37.816,299.721,208.736,37.851,47.626,75.541,42.497,44.438,19.896,98.707,122.278,124.697,63.678,119.758,101.742,187.918,41.127,7.738,270.844,69.232,96.394
"1970-01",96.276,30.018,168.608,146.017,28.135,53.103,62.668,35.083,59.947,99.611,NA,79.054,21.967,93.468,53.483,157.438,81.191,84.067,120.032,50.256,1.673,6.371,16.499,77.414,23.587,163.213,221.04,17.513,75.287,NA,NA,54.23,NA,113.111,3.39,4.856,285.217,352.253,122.743,64.6,55.407,48.038,45.353,18.701,106.271,128.966,99.482,76.058,70.714,93.962,214.504,74.327,7.454,56.628,76.81,96.266
"1970-02",73.336,23.981,87.69,85.447,28.604,49.084,21.666,13.613,26.128,89.992,NA,82.179,14.358,76.936,21.511,116.084,87.52,63.033,44.316,40.877,3.02,7.495,6.417,41.06,30.423,139.833,133.404,16.683,65.028,NA,NA,35.604,NA,116.314,0.814,9.31,245.325,367.697,130.767,42.296,95.906,74.306,68.305,24.137,116.246,134.567,83.565,117.164,39.992,77.018,160.711,112.912,8.557,56.067,85.343,95.857
"1970-03",72.158,16.933,28.367,65.722,22.437,79.987,7.348,15.859,31.356,71.967,NA,91.698,23.841,34.57,24.691,111.478,66.726,74.335,17.26,44.015,15.708,1.549,2.823,62.03,25.354,117.548,106.765,16.863,79.843,NA,NA,16.209,NA,95.483,0.095,26.414,181.509,299.525,100.9,43.486,85.661,84.421,74.594,13.228,133.023,124.848,70.98,114.744,44.34,71.572,135.532,112.346,20.21,90.462,88.454,93.398
"1970-04",53.147,18.042,34.707,91.28,23.017,42.484,9.357,13.545,26.579,88.585,NA,77.295,40.592,85.916,19.016,322.752,63.163,54.109,6.52,21.406,59.882,3.834,8.124,81.455,52.025,110.812,110.573,10.482,85.162,NA,NA,8.298,NA,102.64,0.167,8.878,176.22,328.062,90.253,59.322,93.383,89.796,82.854,8.211,124.463,123.57,59.572,101.155,132.922,62.651,95.66,109.276,7.816,68.95,95.313,93.288
"1970-05",53.943,24.895,35.926,94.915,15.87,30.13,5.482,36.055,23.241,56.28,NA,73.889,57.977,48.922,19.395,320.266,50.493,14.304,4.568,20.928,205.359,8.531,30.559,208.1,72.334,116.862,212.427,13.533,72.709,NA,NA,9.339,NA,148.936,8.023,13.801,167.873,217.73,53.734,86.172,95.002,88.813,68.996,12.08,113.059,110.966,77.496,87.159,242.751,57.162,132.508,80.883,18.595,71.053,91.285,94.752
"1970-06",53.684,41.299,24.912,128.018,26.4,17.372,16.466,139.428,24.204,72.2,NA,84.951,77.81,90.514,64.26,183.181,38.962,31.561,3.994,9.921,156.388,1.33,19.614,48.634,68.296,79.549,84.365,12.563,83.994,NA,NA,10.104,NA,137.145,0.061,236.132,238.157,31.979,64.299,108.616,137.524,72.908,58.332,13.577,118.524,96.937,134.749,77.221,164.953,60.184,123.855,53.988,108.306,320.157,87.27,96.531
"1970-07",53.38,47.36,30.414,189.232,41.613,15.766,40.609,175.103,29.822,118.37,NA,97.993,62.487,54.332,148.371,30.704,43.709,19.413,4.34,3.002,379.719,3.987,18.388,60.609,53.072,68.056,22.297,32.115,87.879,NA,NA,3.106,NA,129.737,4.228,155.491,219.178,21.539,51.361,93.439,108.818,82.176,50.578,32.068,104.805,93.858,147.38,74.255,161.764,65.777,138.802,65.355,60.403,192.998,88.745,95.358
"1970-08",68.565,48.116,66.133,103.411,48.245,41.056,48.15,135.499,44.981,121.016,NA,87.857,40.953,49.881,119.602,11.73,50.551,35.599,20.536,2.65,360.407,1.836,11.135,32.69,70.038,53.306,19.949,46.625,70.467,NA,NA,7.72,NA,207.868,0.817,146.334,184.686,8.457,47.392,94.515,87.113,61.673,62.27,38.72,87.478,95.157,158.977,74.438,94.711,67.957,198.065,43.256,57.789,196.562,86.948,94.419
"1970-09",76.464,57.907,175.423,151.588,43.811,29.858,74.918,201.616,83.587,122.221,NA,55.764,27.837,80.228,116.718,9.906,89.793,50.25,2.115,19.859,250.172,0.47,12.635,39,58.762,63.027,30.324,47.508,86.422,NA,NA,4.416,NA,170.945,0.23,87.717,223.447,14.684,32.292,61.423,71.961,79.815,61.896,30.017,87.386,93.268,170.477,63.936,93.512,89.433,148.856,28.585,24.922,161.463,81.681,92.887
"1970-10",98.372,60.905,88.022,152.813,40.826,123.562,160.254,203.35,98.013,126.142,NA,55.478,39.05,65.551,100.231,13.466,54.168,108.867,56.127,58.51,139.932,8.616,55.698,187.617,41.276,46.592,47.961,30.682,86.402,NA,NA,64.936,NA,126.202,2.222,54.578,206.534,18.153,25.343,52.233,68.544,52.971,55.971,22,70.98,91.338,160.469,57.454,86.936,114.142,324.026,35.617,42.25,207.978,77.924,93.414
"1970-11",83.369,53.627,84.226,63.78,31.421,134.494,84.87,70.714,85.744,121.22,NA,80.072,22.716,57.41,182.277,13.992,83.733,92.864,29.913,74.188,42.155,6.41,40.118,79.103,94.918,91.969,87.044,15.042,111.321,NA,NA,33.622,NA,132.375,5.159,63.004,251.189,33.497,24.964,46.478,106.834,47.535,47.853,16.284,80.747,115.443,144.362,67.392,104.611,96.942,193.588,48.755,104.157,198.387,71.191,95.251
"1970-12",88.671,30.382,188.945,155.867,38.422,82.866,91.848,57.222,71.886,106.252,NA,79.712,21.744,80.185,105.254,80.64,92.33,124.318,55.07,72.274,8.438,10.11,31.971,141.266,14.55,80.659,139.288,14.97,103.904,NA,NA,69.66,NA,114.952,10.266,63.897,270.115,196.548,73.028,18.863,62.708,39.049,28.293,16.653,89.651,165.26,113.325,67.155,105.99,92.177,236.429,72.016,101.643,163.963,69.372,94.952
"1971-01",104.873,29.148,108.335,112.099,23.648,95.132,52.077,28.698,56.089,75.149,NA,88.593,15.898,73.709,54.162,169.448,87.905,85.879,56.416,63.138,1.125,5.676,8.57,64.728,21.757,151.576,220.946,15.365,97.969,NA,NA,57.065,NA,101.248,3.673,25.012,267.175,362.512,185.144,30.601,118.84,60.179,43.112,18.372,101.301,156.522,93.501,65.281,71.985,87.165,216.626,102.424,40.436,72.764,73.362,95.791
"1971-02",74.823,43.524,116.137,108.882,19.392,139.236,34.513,6.154,20.262,50.271,NA,84.917,20.506,79.859,14.259,89.607,80.749,62.329,25.859,43.068,1.359,9.542,6.257,41.122,23.015,102.653,151.794,18.168,92.377,NA,NA,21.513,NA,106.82,3.135,7.288,274.351,322.132,80.131,34.392,78.088,64.474,50.945,19.479,117.609,145.22,84.46,73.656,56.099,89.384,193.962,109.117,11.636,29.646,83.229,93.898
"1971-03",62.38,27.751,151.201,108.97,22.888,68.266,36.186,15.425,33.184,116.313,NA,63.173,27.168,113.926,11.043,139.742,48.56,65.882,47.715,50.487,13.31,10.834,4.016,36.405,34.725,124.948,98.351,12.051,61.245,NA,NA,23.943,NA,99.905,0.346,3.736,151.458,257.124,104.515,53.219,46.373,89.963,73.014,16.091,129.631,119.223,78.076,94.545,52.218,102.028,118.58,141.847,3.485,6.239,93.662,93.854
"1971-04",55.862,31.708,135.125,119.947,16.297,96.396,9.896,13.08,19.843,56.699,NA,68.72,23.172,84.382,16.604,185.816,62.31,87.701,32.64,30.402,42.625,4.1,8.514,81.514,38.764,72.992,100.281,20.611,73.82,NA,NA,18.453,NA,134.11,0.024,1.358,221.384,247.865,121.9,81.381,97.929,89.793,77.126,16.984,115.635,146.017,69.959,95.025,118.461,81.189,104.594,127.823,0.949,41.291,98.02,96.598
"1971-05",48.034,29.395,73.353,83.443,17.665,49.719,9.865,38.882,19.948,52.415,NA,74.729,40.782,85.527,13.465,217.929,41.087,63.547,13.262,24.994,156.129,2.401,56.182,155.91,42.585,51.687,97.471,14.122,54.467,NA,NA,15.949,NA,139.219,0.401,3.469,247.706,242.877,55.223,75.768,144.35,70.792,74.314,7.786,110.32,118.642,84.934,87.56,191.435,67.077,76.959,128.05,3.421,14.726,94.353,96.458
"1971-06",41.188,48.204,120.277,111.896,12.731,32.605,22.096,147.66,39.751,78.361,NA,86.934,61.512,53.056,73.524,227.546,32.375,40.757,1.253,10.988,218.356,1.438,32.74,120.945,67.43,110.934,43.832,24.933,60.288,NA,NA,5.518,NA,168.001,0.037,91.487,270.032,49.288,47.063,85.93,98.701,76.502,68.452,15.64,109.612,111.049,130.28,71.099,240.787,59.732,147.32,58.543,61.155,110.115,95.541,98.042
"1971-07",49.86,48.579,41.736,116.254,30.381,7.708,105.66,242.832,39.173,130.941,NA,101.369,64.435,60.961,134.601,31.452,32.189,15.996,3.286,2.216,279.304,1.185,13.822,30.366,108.347,91.207,3.617,31.681,75.42,NA,NA,3.409,NA,188.291,0.057,183.087,245.14,22.45,46.487,101.908,101.047,68.702,62.045,31.054,92.755,110.368,172.53,75.053,165.918,56.117,123.644,53.93,56.713,190.162,83.525,95.397
"1971-08",61.958,61.467,26.439,101.286,50.109,5.668,22.988,110.146,42.976,104.381,NA,51.899,25.281,64.968,127.887,11.138,37.516,30.999,3.252,10.521,267.532,1.866,19.356,48.342,31.028,55.795,3.678,19.573,68.631,NA,NA,1.484,NA,134.015,0.123,215.019,239.654,8.681,27.548,94.416,86.522,81.6,62.918,32.348,87.776,129.225,157.981,72.34,91.139,71.844,136.049,39.608,101.834,252.903,86.939,94.573
"1971-09",79.244,49.312,209.408,121.325,54.517,68.158,116.651,226.106,76.269,149.684,NA,84.046,27.134,81.298,151.502,21.998,60.944,34.788,11.168,19.75,220.06,1.786,9.655,33.497,41.968,43.137,9.335,42.853,87.672,NA,NA,8.854,NA,150.712,0.255,108.851,218.062,3.109,15.825,79.088,86.696,71.747,47.894,40.192,78.22,109.738,183.677,59.632,62.112,96.788,135.286,28.66,47.444,180.413,82.539,94.742
"1971-10",92.025,52.507,243.275,149.511,26.506,98.443,151.364,245.043,105.023,119.812,NA,58.551,19.024,98.598,57.04,13.567,90.423,39.83,17.276,42.836,154.004,2.711,52.492,110.86,35.634,59.04,11.885,38.31,104.9,NA,NA,36.587,NA,104.17,0.616,100.837,188.731,8.477,14.495,63.013,70.533,64.158,58.154,27.184,73.957,130.386,174.397,69.651,63.006,102.801,280.085,29.082,32.651,186.071,77.15,95.15
"1971-11",80.316,35.551,121.558,95.732,44.125,99.075,60.065,63.671,65.023,150.387,NA,59.021,28.108,74.298,99.775,15.641,103.707,68.082,130.049,73.718,45.304,2.338,24.207,116.84,34.461,88.05,59.177,27.578,113.667,NA,NA,77.092,NA,108.279,0.88,88.218,164.052,7.808,11.458,40.316,74.275,55.788,44.185,26.639,80.12,163.147,148.131,57.624,99.741,99.513,238.197,54.172,32.989,279.627,73.716,94.991
"1971-12",80.922,44.969,198.83,146.964,37.513,88.3,68.706,31.916,65.164,97.467,NA,79.488,16.18,76.701,52.533,115.592,91.535,119.168,71.454,60.265,1.992,8.576,25.738,89.956,21.68,88.884,164.89,21.833,88.43,NA,NA,68.403,NA,122.746,5.84,13.624,200.593,90.074,46.868,25.795,71.559,50.76,45.477,14.733,82.189,179.541,111.412,58.324,74.901,104.802,301.156,88.441,33.128,45.932,70.972,95.332
"1972-01",83.471,28.417,211.964,164.521,25.683,163.026,57.761,31.157,52.066,85.588,NA,72.489,16.294,78.849,19.593,109.652,108.521,65.829,63.062,43.524,2.316,12.837,12.752,97.182,13.795,85.881,211.813,15.515,64.898,NA,NA,52.096,NA,148.298,8.4,2.378,299.961,242.868,23.383,42.946,84.292,54.085,52.511,13.442,109.142,205.485,83.693,60.535,51.233,115.594,234.688,86.109,5.536,28.375,72.02,95.819
"1972-02",77.702,28.831,212.764,199.819,29.884,119.617,38.179,15.889,35.775,65.073,NA,85.056,33.459,79.432,17.457,124.757,99.468,55.476,56.003,41.349,2.471,22.289,5.828,47.1,19.521,161.561,151.166,17.929,71.381,NA,NA,34.69,NA,132.781,0.714,2.881,226.642,366.928,62.954,11.727,45.5,71.579,67.05,13.029,128.506,175.883,75.973,69.287,46.53,113.621,133.773,152.432,4.892,13.545,85.289,97.835
"1972-03",92.4,31.593,62.053,106.174,22.832,55.372,18.089,13.606,39.721,78.492,NA,93.76,23.757,84.761,21.316,152.856,105.066,26.361,61.191,24.184,3.58,2.983,3.191,36.704,62.999,141.724,159.65,27.351,50.108,NA,NA,39.586,NA,107.992,0.319,0.94,211.533,298.239,31.749,51.605,73.031,79.468,68.814,19.556,111.638,194.639,62.104,92.353,43.262,79.455,123.699,136.226,1.206,4.38,96.005,96.142
"1972-04",66.649,24.757,50.026,108.511,18.172,41.706,7.644,13.851,15.81,87.066,NA,95.801,23.236,75.53,16.351,295.235,45.348,44.627,3.9,19.534,44.98,2.578,2.136,129.169,22.616,87.228,135.681,16.492,53.653,NA,NA,16.508,NA,79.848,0.455,3.343,243.092,202.872,13.512,55.175,110.269,86.225,68.541,20,117.676,188.984,60.946,95.313,107.661,59.916,86.637,117.933,1.183,30.023,93.64,91.925
"1972-05",47.826,32.43,17.814,93.774,12.608,48.787,15.536,38.503,54.558,51.751,NA,91.378,67.232,70.626,21.867,206.45,46.979,34.958,2.675,27.268,152.545,13.215,50.826,253.928,64.096,75.152,161.497,21.775,42.485,NA,NA,8.305,NA,110.606,15.738,9.699,156.576,64.388,47.864,62.977,82.501,86.87,70.011,17.456,118.649,191.056,68.007,95.431,197.215,62.746,180.666,80.859,7.808,34.935,92.658,94.954
"1972-06",43.345,32.13,67.92,77.265,17.432,13.428,13.652,133.161,25.572,93.822,NA,96.316,45.858,72.751,112.354,264.875,35.984,44.451,11.22,17.456,213.555,1.338,41.699,124.459,68.192,60.024,21.262,26.284,78.118,NA,NA,16.513,NA,167.354,0.045,165.56,236.69,18.345,80.494,69.555,115.769,79.994,57.255,17.559,100.021,170.17,105.544,86.824,186.396,54.688,145.019,53.657,63.207,286.107,91.617,97.352
"1972-07",41.325,47.963,174.509,108.214,27.072,8.204,64.559,206.357,28.533,103.401,NA,85.996,39.301,59.217,153.494,42.059,31.535,43.798,2.112,7.552,372.851,1.173,23.341,62.195,68.468,57.186,17.114,38.08,58.619,NA,NA,5.139,NA,133.868,0.117,171.137,202.153,7.205,32.922,119.138,94.333,79.801,55.273,21.945,85.842,147.908,166.962,78.785,118.492,58.785,143.553,52.051,101.207,208.444,87.088,95.618
"1972-08",81.695,46.334,141.438,123.616,53.161,17.01,45.575,170.496,55.296,104.147,NA,54.773,31.836,62.286,159.158,14.913,44.113,37.155,1.381,3.644,254.813,0.601,10.198,36.469,41.368,35.989,10.085,33.294,67.138,NA,NA,1.785,NA,215.311,0.017,159.239,185.914,6.558,24.73,93.2,97.355,78.371,60.59,28.003,86.071,144.318,184.967,66.911,80.601,64.917,100.872,43.229,47.566,241.35,88.198,96.88
"1972-09",75.43,60.969,124.415,112.656,52.469,53.683,150.563,228.217,87.945,137.906,NA,72.662,30.746,57.48,96.294,8.982,61.112,55.821,18.781,26.627,223.286,2.135,35.748,50.337,62.632,46.937,13.008,43.924,88.198,NA,NA,26.635,NA,141.476,0.372,142.41,150.559,5.118,6.52,90.756,72.233,65.071,60.927,28.732,70.283,127.813,188.082,61.47,69.167,96.156,115.213,33.339,40.074,186.228,86.404,94.401
"1972-10",90.323,47.247,144.514,185.412,58.759,102.061,114.556,161.953,94.52,139.2,NA,38.086,22.719,64.867,68.368,7.651,83.036,77.346,55.918,58.46,151.79,6.476,50.843,144.714,31.905,65.595,18.555,48.783,68.146,NA,NA,59.957,NA,90.648,0.638,105.143,131.316,2.954,21.712,30.355,61.373,65.197,46.359,24.072,74.791,143.552,152.354,65.031,79.872,129.532,291.832,38.146,86.95,169.879,78.104,94.329
"1972-11",93.131,41.142,212.012,166.217,20.57,145.13,87.59,96.575,71.284,127.341,NA,78.735,24.5,80.758,104.551,16.406,87.557,99.859,47.225,62.564,43.693,11.206,58.733,140.834,30.445,76.407,43.493,27.379,97.287,NA,NA,28.614,NA,109.082,12.145,92.336,169.184,4.146,41.02,32.836,67.905,53.477,45.875,21.814,74.141,160.792,127.136,65.984,91.858,110.697,262.635,35.317,78.061,282.755,73.283,93.428
"1972-12",110.14,40.195,118.597,149.434,34.11,106.415,77.542,41.352,63.001,128.335,NA,76.086,11.064,106.261,56.336,59.25,108.448,89.261,67.72,73.061,2.313,8.457,18.787,156.442,38.881,103.344,146.535,23.805,98.718,NA,NA,70.527,NA,95.27,6.181,29.641,212.598,72.617,36.837,32.915,94.806,43.907,38.018,18.659,83.897,198.7,116.201,67.137,80.163,105.6,279.648,53.118,63.625,78.044,70.014,97.034
"1973-01",77.92,28.701,115.304,107.387,27.869,36.771,113.426,18.928,31.035,42.097,NA,82.475,21.904,92.885,25.566,84.26,82.252,81.325,108.412,70.102,1.712,6.21,17.52,136.664,19.876,159.835,161.851,19.57,71.461,NA,NA,70.235,NA,142.7,12.79,9.505,226.448,295.612,73.255,24.386,65.632,59.225,34.481,21.127,106.183,206.426,92.037,65.472,55.597,106.047,198.569,112.034,7.235,6.422,74.154,98.101
"1973-02",101.353,42.026,129.96,132.147,34.87,108.85,61.954,14.818,39.859,56.109,NA,81.537,27.26,77.646,56.282,126.437,103.631,77.858,55.666,23.768,2.145,6.112,8.321,31.453,16.265,102.676,174.276,13.632,74.326,NA,NA,20.138,NA,88.627,0.929,6.717,245.616,363.916,84.241,37.459,70.37,74.234,67.575,16.573,119.922,193.136,74.785,66.303,57.691,86.039,189.023,138.656,5.282,16.437,83.904,96.642
"1973-03",79.77,24.378,140.279,179.382,23.882,169.399,55.671,9.566,40.006,69.771,NA,91.137,27.532,88.393,31.446,243.967,70.995,114.757,27.291,28.576,9.198,8.449,5.194,48.643,21.712,121.305,132.773,17.281,89.56,NA,NA,23.101,NA,92.959,0.283,1.709,190.379,341.782,76.429,33.335,74.701,103.017,57.748,16.38,151.381,191.661,60.682,76.087,77.478,84.142,107.743,111.992,1.832,4.115,89.866,95.204
"1973-04",53.289,30.748,53.83,141.542,11.529,49.619,9.074,23.937,29.565,105.207,NA,99.55,33.232,121.242,24.298,311.129,48.535,99.678,0.755,21.971,56.178,3.913,23.112,133.318,61.648,157.991,107.072,9.609,65.094,NA,NA,5.905,NA,103.905,5.359,8.806,153.257,107.834,50.584,50.83,80.544,96.75,68.398,15.142,117.01,181.261,52.839,85.539,99.625,80.822,181.721,97.743,3.162,8.676,95.521,93.058
"1973-05",65.106,36.366,214.101,86.601,16.266,33.786,19.492,70.984,25.424,105.777,NA,85.82,36.967,81.702,25.707,371.493,39.8,42.197,13.443,14.487,191.585,4.372,56.935,267.089,22.534,77.717,41.619,15.974,93.47,NA,NA,13.247,NA,138.587,3.313,16.381,204.946,54.452,82.992,78.168,110.433,91.311,68.47,8.566,97.055,185.239,77.094,82.234,190.78,56.612,126.167,102.608,17.54,62.678,103.838,95.376
"1973-06",35.259,29.901,77.07,125.011,24.681,20.215,63.906,197.207,40.828,120.729,NA,98.613,88.251,79.809,118.175,275.509,35.109,39.574,7.934,11.881,259.334,2.715,15.853,117.468,91.951,73.065,7.006,25.778,80.188,NA,NA,12.603,NA,200.354,0.038,141.882,234.497,24.59,35.926,101.893,81.211,88.911,69.494,15.23,102.371,168.613,109.305,80.868,167.489,69.653,182.569,52.169,103.093,218.885,90.666,97.949
"1973-07",51.814,41.505,70.358,104.268,27.546,8.291,47.206,199.656,47.212,104.977,NA,56.105,36.208,99.458,212.755,47.879,39.825,24.337,0.977,5.923,265.241,1.134,14.704,63.041,48.75,70.408,3.529,31.568,73.851,NA,NA,1.181,NA,178.909,0.02,191.601,201.699,11.261,43.415,82.153,108.986,78.597,68.167,30.07,90.941,171.258,160.262,80.83,86.247,71.952,134.993,43.566,62.034,224.891,89.412,98.54
"1973-08",60.66,51.827,93.318,161.08,42.27,12.626,65.379,205.587,63.192,128.944,NA,78.176,47.895,70.259,122.012,20.192,60.751,31.385,2.317,1.768,249.25,1.52,20.792,70.114,73.663,24.895,5.138,35.468,79.886,NA,NA,1.582,NA,182.679,0.104,220.176,162.038,5.811,30.297,57.735,64.184,72.925,52.693,30.319,83.785,159.227,160.896,77.078,57.138,88.32,134.132,34.652,118.634,265.726,88.016,95.327
"1973-09",71.077,73.057,174.112,135.321,37.987,39.901,125.51,198.421,84.781,114.063,NA,78.183,21.885,45.088,49.013,24.551,62.826,62.084,19.567,22.495,155.433,1.357,37.427,106.333,41.854,62.107,7.04,28.149,67.749,NA,NA,12.539,NA,138.424,0.348,133.624,134.658,2.088,16.654,77.808,92.838,72.902,56.452,25.657,81.624,120.217,202.242,60.909,49.902,102.851,151.906,24.355,50.292,221.591,86.331,96.243
"1973-10",77.662,57.595,184.112,119.848,36.622,44.806,150.064,342.301,103.288,138.562,NA,57.159,24.314,73.963,58.409,11.217,89.988,106.965,2.659,50.276,131.226,11.473,97.34,257.159,49.602,97.183,18.393,36.613,89.883,NA,NA,8.382,NA,92.572,4.998,126.337,110.861,8.831,9.288,43.333,54.723,60.989,52.707,22.861,72.066,116.61,161.636,66.138,63.604,112.481,148.665,38.828,125.801,163.012,83.786,89.751
"1973-11",92.989,55.35,150.922,120.742,41.348,78.029,54.121,60.992,70.403,138.968,NA,68.102,14.738,107.298,76.606,17.052,89.508,89.772,57.062,72.069,44.732,28.596,266.483,230.619,39.457,88.3,84.065,33.17,95.253,NA,NA,111.532,NA,129.079,40.378,85.12,136.13,27.214,19.969,34.55,54.125,65.21,46.063,25.372,76.854,163.16,137.137,67.547,90.104,85.348,127.178,56.996,170.841,155.102,76.916,90.652
"1973-12",89.243,24.951,160.656,148.667,41.138,105.223,84.787,39.422,55.388,109.37,NA,63.332,17.027,75.547,108.766,51.052,89.621,108.567,50.879,64.981,14.275,20.138,192.462,384.253,22.245,121.824,142.819,19.747,90.1,NA,NA,66.857,NA,131.421,19.95,8.097,144.129,154.527,36.764,33.478,83.998,51.928,51.778,24.666,85.8,160.072,106.241,58.79,90.835,110.722,221.074,92.606,36.666,19.724,71.802,94.863
"1974-01",90.538,23.055,193.887,142.649,35.055,212.185,68.294,40.605,75.37,115.555,NA,88.658,12.8,80.479,43.648,100.246,99.413,70.455,88.045,41.548,0.848,8.893,36.435,201.416,40.102,148.358,247.206,19.376,87.459,NA,NA,63.474,NA,130.539,6.367,8.582,163.962,280.561,51.752,31.816,50.899,57.584,46.079,11.177,120.402,192.112,93.396,72.592,56.793,91.19,222.872,85.494,14.328,31.245,73.13,96.802
"1974-02",96.267,27.933,84.551,135.175,29.118,112.95,24.448,11.944,29.448,102.705,NA,90.34,31.33,112.247,24.882,77.677,114.785,70.883,64.024,23.313,1.25,8.691,6.281,59.277,26.554,128.905,161.385,18.112,66.259,NA,NA,36.231,NA,90.394,1.441,2.639,186.306,237.123,92.831,25.065,63.674,74.52,59.45,15.584,116.845,206.518,72.285,98.794,42.848,93.375,213.822,141.452,3.963,6.131,81.977,97.99
"1974-03",69.752,19.361,64.823,149.333,26.023,77.956,14.48,11.182,26.925,117.157,NA,72.049,14.16,119.79,20.775,138.828,77.103,60.296,9.123,23.835,7.534,5.978,1.897,54.593,21.279,103.351,91.285,13.138,73.23,NA,NA,13.464,NA,97.835,0.732,1.785,195.874,274.094,41.629,43.21,72.035,90.416,67.633,11.304,123.753,206.981,63.162,103.926,35.724,93.579,133.177,134.751,3.248,4.465,93.048,97.348
"1974-04",47.261,28.462,125.37,82.659,15.272,51.731,14.415,16.505,22.946,99.881,NA,83.121,40.156,113.022,10.444,220.854,50.135,76.595,23.322,27.197,52.796,1.6,5.676,133.209,12.25,82.441,154.945,13.891,73.806,NA,NA,19.905,NA,84.277,0.365,5.014,204.799,191.744,56.388,51.042,68.346,86.608,82.672,11.196,115.61,216.309,54.98,95.167,97.4,79.964,89.328,109.433,2.44,59.927,99.049,95.721
"1974-05",51.06,37.19,31.336,84.777,11.909,32.453,6.534,39.484,24.248,78.362,NA,77.613,58.518,74.275,14.482,258.831,48.046,33.009,4.159,15.121,130.894,8.956,31.795,219.157,51.87,54.28,107.137,17.16,70.364,NA,NA,10.327,NA,99.943,1.841,38.666,145.171,31.234,49.464,57.588,108.567,71.01,63.978,15.187,113.568,195.481,61.709,106.502,205.048,49.967,223.769,93.943,34.524,91.264,97.896,97.203
"1974-06",56.109,44.317,97.836,127.646,33.643,48.674,25.139,154.342,47.21,99.997,NA,87.101,55.171,77.259,40.971,324.867,34.611,30.235,4.183,9.951,229.541,1.491,7.104,58.587,85.645,89.343,2.652,16.649,69.023,NA,NA,17.882,NA,168.841,0.207,136.364,197.43,18.81,83.694,97.459,101.187,80.707,56.592,14.514,99.895,157.449,113.649,75.253,221.087,53.83,149.674,78.515,36.34,243.673,92.513,97.877
"1974-07",52.789,48.678,61.212,81.87,30.937,27.408,44.744,211.446,24.182,107.12,NA,57.347,63.438,92.151,172.138,86.609,42.597,26.798,0.257,4.455,287.721,2.326,10.398,91.873,64.737,85.485,5.024,37.642,38.837,NA,NA,0.813,NA,149.988,0.201,148.657,191.389,11.212,29.932,89.908,82.354,69.009,60.734,38.924,90.425,153.334,151.59,80.367,133.797,71.785,191.095,45.832,140.428,257.15,88.068,98.312
"1974-08",56.783,41.141,40.851,101.392,26.479,17.228,40.493,156.226,29.656,124.222,NA,83.432,23.994,74.389,161.787,16.01,74.016,33.641,2.773,1.835,222.399,3.217,15.681,55.296,50.934,50.514,5.426,60.497,63.963,NA,NA,3.431,NA,165.683,1.939,189.137,179.817,10.304,18.644,72.499,80.323,70.799,57.489,36.274,82.174,130.407,156.481,72.509,68.608,73.659,200.946,35.024,83.468,275.812,95.011,94.434
"1974-09",72.885,54.524,64.373,139.764,50.803,59.257,58.989,221.667,88.187,112.969,NA,72.021,38.493,47.122,118.199,8.52,91.371,56.634,31.723,18.529,149.543,1.296,27.242,102.426,53.027,37.555,6.871,55.084,120.519,NA,NA,22.146,NA,218.389,0.12,154.99,215.521,11.848,51.406,45.26,71.61,67.302,41.241,33.514,78.674,110.242,174.411,60.971,60.268,95.286,190.163,28.735,90.099,272.595,88.072,95.539
"1974-10",76.772,44.912,72.307,176.479,42.819,90.747,136.957,181.327,93.449,123.384,NA,41.844,10.071,74.712,114.956,24.471,71.927,109.073,13.746,56.358,135.352,8.698,17.333,93.596,20.354,54.53,14.511,32.358,88.777,NA,NA,53.794,NA,119.595,5.677,106.913,183.422,9.2,37.667,59.168,99.506,60.847,61.687,25.005,73.621,113.537,175.986,65.607,76.471,116.215,215.67,33.764,75.784,171.681,83.033,93.909
"1974-11",73.523,35.382,115.898,134.963,33.194,180.38,32.88,82.391,57.921,141.515,NA,53.468,19.371,74.88,67.596,23.053,83.162,80.857,54.96,77.282,66.046,7.04,31.328,122.427,19.16,105.16,31.385,22.246,110.791,NA,NA,65.837,NA,146.93,5.391,53.297,225.258,39.578,32.498,29.798,79.694,60.304,47.825,18.397,76.16,138.888,155.8,62.644,87.05,96.312,236.612,40.279,39.597,174.99,69.375,95.201
"1974-12",89.361,35.044,79.756,162.434,32.927,157.816,32.878,44.469,58.018,72.146,NA,77.747,15.54,65.714,67.399,30.687,95.992,129.451,42.182,57.239,4.767,13.301,62.223,223.97,27.138,92.281,104.562,21.175,68.822,NA,NA,92.783,NA,106.956,20.276,14.781,173.269,99.978,29.286,28.268,80.512,49.842,40.069,19.36,89.967,170.04,131.798,62.169,80.634,111.14,277.588,87.39,46.15,21.172,71.897,96.126
"1975-01",74.577,25.97,116.706,86.064,21.088,144.795,53.269,27.277,41.549,54.228,NA,82.402,16.222,98.608,76.131,93.771,86.963,129.267,18.016,53.126,0.848,5.659,8.735,83.914,18.531,98.426,163.658,16.541,69.828,NA,NA,24.184,NA,106.27,6.321,12.936,246.86,386.18,46.437,22.182,93.462,55.697,48.812,10.695,114.524,133.353,106.522,74.006,57.696,87.863,268.033,89.559,20.713,12.549,69.558,93.84
"1975-02",88.618,19.514,92.987,102.896,32.744,146.526,32.283,22.14,38.538,118.09,NA,98.606,40.004,110.776,51.586,89.578,105.928,65.018,6.451,47.874,1.98,5.605,5.574,61.766,26.221,164.475,127.667,18.266,73.301,NA,NA,17.209,NA,108.574,3.508,13.938,216.578,261.376,102.518,40.555,77.502,76.899,56.414,13.344,110.283,145.985,89.611,88.224,40.527,86.362,229.473,136.195,19.815,24.98,79.131,97.968
"1975-03",68.445,29.066,107.401,113.276,30.813,68.568,17.262,18.708,56.321,154.049,NA,62.713,19.907,92.535,44.45,166.063,81.307,63.287,30.2,33.281,16.38,1.679,2.92,30.388,27.14,110.859,97.388,19.796,61.503,NA,NA,48.317,NA,82.06,0.109,7.206,213.94,303.243,98.233,42.37,89.142,83.413,71.411,16.849,127.976,133.891,74.321,104.729,43.37,84.729,131.269,142.468,6.239,15.115,89.55,95.752
"1975-04",54.78,20.598,82.307,85.98,21.818,60.116,9.695,20.027,23.88,67.382,NA,114.941,50.062,66.244,20.562,358.102,68.714,43.229,4.903,24.048,77.039,3.443,3.044,86.619,82.201,143.022,138.82,19.53,63.863,NA,NA,5.358,NA,70.426,0.344,4.405,187.162,260.961,143.37,44.855,84.444,88.48,74.702,11.302,123.232,129.385,78.305,108.665,152.077,69.254,72.148,91.946,3.976,11.313,92.217,93.351
"1975-05",52.839,31.702,4.22,54.526,20.876,36.942,2.786,53.985,21.268,46.113,NA,98.134,47.92,45.952,40.758,307.52,61.035,20.447,15.43,25.69,177.522,5.154,26.447,205.11,79.993,97.153,201.589,18.556,65.087,NA,NA,19.539,NA,102.873,1.109,85.193,200.034,111.19,69.305,83.873,73.693,81.071,67.913,13.141,113.087,109.077,87.106,90.683,223.832,56.163,187.582,75.761,64.788,136.983,100.413,97.891
"1975-06",48.687,36.945,3.12,76.905,28.009,27.035,17.825,148.451,27.749,75.676,NA,115.39,27.047,42.97,154.649,150.428,45.978,52.412,6.337,10.864,201.189,2.107,12.373,71.888,56.82,70.098,22.521,21.24,44.521,NA,NA,3.059,NA,154.44,0.09,178.523,247.934,21.876,92.822,109.542,113.208,81.707,62.342,12.855,114.514,130.095,131.223,61.678,223.568,55.443,156.616,52.386,52.462,266.068,96.936,98.653
"1975-07",35.779,44.313,25.326,113.839,26.558,14.179,60.866,210.486,40.446,101.922,NA,79.55,63.866,73.296,126.864,16.011,47.275,36.189,4.879,3.93,467.709,2.144,10.165,52.338,65.375,133.366,15.822,32.799,58.164,NA,NA,1.518,NA,155.417,0.326,90.962,205.198,12.465,41.238,76.989,107.461,72.246,64.939,28.134,91.067,111.309,157.409,74.21,125.176,77.354,103.877,63.589,27.222,120.211,86.972,93.968
"1975-08",61.234,63.609,111.351,132.067,43.25,11.516,79.969,206.182,55.525,118.743,NA,89.456,41.176,64.527,131.729,13.122,55.604,49.784,4.281,5.53,326.058,1.203,9.485,30.693,116.553,85.189,11.231,37.368,95.587,NA,NA,14.621,NA,191.793,0.139,170.6,182.965,5.545,36.277,84.788,101.818,84.188,44.374,30.601,88.628,112.139,170.042,79.351,97.784,72.619,99.192,44.282,79.439,202.582,85.396,94.217
"1975-09",67.127,53.555,106.484,117.904,41.023,52.916,49.047,166.366,74.951,112.685,NA,79.714,19.413,63.181,122.091,11.873,72.373,22.751,9.428,7.796,268.4,4.232,38.316,78.628,24.141,46.562,19.086,41.438,72.719,NA,NA,17.28,NA,221.241,3.264,116.395,214.539,3.429,18.073,86.926,97.588,65.369,47.835,33.208,72.283,101.609,177.835,62.452,81.837,91.283,157.153,29.265,62.537,177.607,83.739,93.788
"1975-10",79.904,59.103,65.79,154.788,44.037,61.708,119.225,288.971,129.401,138.251,NA,44.046,23.132,76.994,75.402,11.519,98.834,65.267,36.465,41.146,134.392,10.272,63.14,131.45,37.457,59.561,31.752,40.399,102.691,NA,NA,41.793,NA,121.336,0.678,165.875,184.479,8.108,21.825,37.683,43.667,66.378,57.423,18.501,75.998,98.91,168.924,66.866,87.956,113.839,300.704,31.303,118.219,256.477,79.914,95.403
"1975-11",93.07,38.071,221.933,96.532,49.291,127.979,109.775,78.532,71.398,138.152,NA,75.218,22.258,80.443,107.94,24.391,91.2,78.63,24.508,67.01,32.156,12.064,37.671,131.23,32.946,86.954,87.854,22.336,102.364,NA,NA,52.419,NA,113.792,9.575,109.947,180.032,6.23,15.172,51.597,99.375,51.169,44.285,19.09,81.638,126.161,163.129,73.815,106.82,99.268,217.236,42.193,54.804,207.747,71.133,93.92
"1975-12",99.789,34.313,200.257,146.255,37.446,113.144,82.236,36.842,60.01,91.481,NA,77.721,26.907,77.744,109.712,71.732,98.189,79.979,108.619,74.651,8.864,11.713,65.346,193.358,19.74,116.455,157.333,21.606,120.491,NA,NA,101.221,NA,107.792,5.083,27.048,166.643,63.243,36.205,16.858,51.535,42.775,42.142,27.582,93.357,151.44,127.194,57.568,102.483,95.118,317.575,59.032,45.347,76.333,71.696,96.595
"1976-01",92.888,25.792,194.201,169.219,27.549,207.837,33.545,19.163,39.167,65.642,NA,78.623,18.778,66.725,69.385,124.054,100.504,75.487,58.61,51.716,2.153,4.649,14.237,177.342,13.065,116.316,214.459,19.332,69.153,NA,NA,39.433,NA,110.357,4.429,9.172,300.884,362.826,69.426,54.159,66.3,43.542,47.97,12.671,109.062,164.954,98.93,62.177,82.086,88.201,202.866,41.741,5.337,70.578,75.599,96.046
"1976-02",79.944,25.545,215.118,181.061,20.578,130.02,53.915,24.339,51.149,55.52,NA,83.643,28.506,67.286,31.613,107.886,94.164,38.869,22.256,46.993,4.249,4.727,6.177,50.531,24.662,106.514,214.637,14.7,75.708,NA,NA,10.917,NA,92.063,1.545,17.811,204.762,339.332,106.557,63.865,51.13,61.173,57.922,12.862,139.44,170.432,88.113,72.874,56.694,98.331,166.489,120.621,3.602,16.547,86.431,97.103
"1976-03",58.784,28.287,90.478,157.786,15.508,181.691,20.699,12.148,25.802,97.17,NA,67.766,16.506,118.577,17.539,238.034,93.459,72.182,5.611,38.373,13.267,10.253,9.134,50.664,58.109,106.986,57.503,19.851,43.004,NA,NA,10.168,NA,72.614,0.316,2.92,207.817,274.839,84.692,24.053,79.346,88.626,88.174,14.647,112.691,193.948,72.002,92.721,50.711,93.961,105.054,133.662,5.719,6.326,89.501,95.502
"1976-04",62.976,26.578,27.209,102.889,7.268,71.586,16.424,13.625,16.676,69.308,NA,84.291,35.894,71.761,18.997,258.324,89.931,30.109,5.771,33.924,93.81,5.183,38.407,155.696,24.851,110.874,195.379,17.867,54.943,NA,NA,25.455,NA,64.638,0.614,6.471,118.545,184.102,88.077,37.573,90.097,90.866,67.629,15.263,124.395,197.286,58.335,97.944,140.139,72.221,170.005,90.053,10.618,8.472,97.363,95.371
"1976-05",49.586,32.772,19.397,79.568,23.397,29.611,8.273,31.602,20.453,78.966,NA,69.727,53.229,61.886,42.469,254.02,42.406,30.64,12.001,25.458,154.838,2.265,38.555,240.625,49.869,72.497,98.034,21.868,65.149,NA,NA,19.746,NA,112.385,6.384,24.74,204.32,42.12,55.316,70.397,115.221,90.89,64.02,9.633,108.766,200.65,62.697,81.1,193.508,59.154,205.777,76.528,19.796,112.969,94.412,96.319
"1976-06",47.367,41.457,116.891,83.063,19.608,61.03,49.522,199.98,54.34,114.845,NA,107.292,51.45,52.407,163.436,183.437,63.102,22.573,0.433,6.506,272.337,2.164,26.816,144.761,49.171,58.14,33.171,29.474,44.282,NA,NA,3.13,NA,167.504,0.226,45.953,159.173,9.463,41.872,104.683,120.731,69.242,62.129,16.705,95.017,161.774,116.089,73.891,206.881,58.326,196.535,70.491,87.002,35.872,85.541,95.332
"1976-07",62.957,41.775,89.862,138.182,27.955,11.014,62.259,206.897,53.907,116.834,NA,79.67,42.3,81.917,200.274,26.359,37.129,39.764,60.732,4.337,406.636,1.565,12.414,70.726,77.826,68.933,5.815,47.688,73.127,NA,NA,11.995,NA,122.382,0.086,178.268,180.246,8.337,33.155,135.339,132.057,66.384,62.832,44.246,90.66,163,158.899,83.504,121.805,66.673,119.269,47.418,99.433,239.57,85.42,97.687
"1976-08",67.337,47.681,51.35,117.755,34.711,16.38,67.469,231.022,87.673,141.281,NA,97.178,43.609,66.909,165.409,14.525,55.415,36.923,8.249,5.903,322.309,0.571,11.022,47.638,48.886,58.009,5.751,37.13,73.211,NA,NA,3.036,NA,162.338,0.065,113.718,163.137,2.672,17.106,111.731,110.182,61.918,46.556,33.254,87.24,125.178,188.043,70.869,76.014,76.944,145.463,29.066,20.113,105.179,89.798,95.601
"1976-09",74.386,48.829,127.26,156.822,50.656,20.653,98.818,197.584,65.764,107.653,NA,79.925,26.702,55.187,62.209,7.968,70.505,78.237,21.023,21.258,258.441,1.235,27.263,94.087,53.622,82.352,8.559,35.664,73.874,NA,NA,19.131,NA,148.039,0.29,148,191.222,6.306,7.792,62.058,60.76,68.506,43.844,32.679,81.697,127.573,169.219,65.058,69.778,107.159,187.533,34.473,100.953,222.268,89.779,95.679
"1976-10",68.134,64.632,123.052,103.434,46.996,74.06,118.914,152.878,112.975,130.398,NA,60.183,24.233,78.09,49.202,10.478,77.214,97.088,12.233,41.727,138.666,13.724,65.968,210.493,19.981,41.678,27.059,25.316,83.941,NA,NA,29.516,NA,91.574,6.653,102.497,132.181,5.65,19.126,38.818,78.268,61.267,58.069,23.415,75.106,126.462,187.222,61.265,80.298,110.583,187.403,34.964,79.303,226.443,77.104,93.988
"1976-11",86.215,46.402,67.615,128.534,43.2,131.178,61.928,106.893,88.16,134.058,NA,71.711,25.005,62.284,117.993,14.451,91.475,77.997,85.107,53.976,42.246,32.964,234.629,362.284,33.222,63.239,87.165,26.633,141.59,NA,NA,87.278,NA,113.005,25.199,109.251,182.943,14.793,19.71,32.103,69.457,52.25,42.917,15.053,80.322,141.414,145.312,60.473,113.037,103.251,220.738,33.161,116.514,217.318,74.265,93.584
"1976-12",97.729,41.203,78.641,144.061,42.794,171.291,68.839,66.812,58.564,121.911,NA,76.932,18.017,64.796,67.504,37.786,129.776,76.129,30.508,65.397,8.258,16.121,137.745,296.629,18.478,80.872,206.558,24.128,75.697,NA,NA,50.133,NA,96.12,8.816,59.978,165.867,119.75,17.755,28.149,70.825,40.184,29.026,22.067,82.976,182.127,110.65,62.589,72.847,100.477,346.004,42.28,85.785,77.446,71.497,95.061
"1977-01",102.029,41.857,57.605,141.446,25.677,94.221,22.499,14.56,32.414,85.846,NA,94.072,31.728,66.333,35.503,144.376,90.138,97.43,55.999,74.271,2.121,11.683,15.445,121.271,20.921,131.915,191.196,20.517,89.06,NA,NA,68.384,NA,107.954,2.868,2.288,248.086,292.812,82.925,30.806,66.386,50.976,42.455,18.125,104.199,197.01,93.353,60.269,65.035,101.536,266.727,96.25,8.008,7.28,73.963,97.797
"1977-02",95.832,31.179,74.881,82.347,28.714,102.845,21.716,15.779,75.706,187.079,NA,75.594,33.674,91.658,65.438,134.826,73.485,71.745,40.526,55.46,5.697,25.1,4.793,35.097,18.266,139.235,172.021,19.885,67.585,NA,NA,45.231,NA,82.422,0.628,1.466,211.924,384.274,50.131,15.6,90.265,69.131,53.628,12.69,137.429,174.551,75.689,72.171,67.698,98.191,153.748,113.031,3.725,7.434,79.485,96.049
"1977-03",40.674,26.51,185.434,128.767,19.502,76.004,29.128,12.05,26.493,146.847,NA,80.749,27.819,97.654,9.864,178.917,88.198,96.145,24.432,26.709,9.969,2.175,7.059,58.878,35.493,175.718,131.504,17.649,54.487,NA,NA,47.459,NA,84.122,6.473,2.288,165.777,260.591,43.72,27.504,33.307,86.325,73.696,18.123,123.3,162.696,66.198,90.345,51.8,96.066,117.449,131.97,2.798,2.379,93.655,94.147
"1977-04",80.588,27.42,81.123,81.15,20.843,83.402,16.67,10.148,23.707,89.334,NA,96.731,42.335,82.756,17.687,210.238,73.918,43.2,17.797,21.583,38.72,1.781,3.261,113.032,49.602,91.499,130.292,25.325,55.833,NA,NA,36.635,NA,112.366,0.008,9.607,221.021,169.172,48.253,59.039,69.881,92.317,52.911,18.379,117.105,152.977,60.791,108.209,108.832,75.374,146.203,134.696,0.696,116.02,100.877,97.96
"1977-05",59.359,30.208,22.176,80.533,28.088,20.843,6.258,32.772,34.699,48.393,NA,101.617,51.766,78.107,38.269,269.246,40.795,22.813,11.667,14.322,161.338,4.62,24.842,224.513,51.742,117.609,103.396,25.866,56.81,NA,NA,9.23,NA,112.754,0.924,16.274,216.06,146.662,39.783,45.75,57.89,91.765,76.697,17.267,121.439,138.19,77.38,92.428,220.044,56.029,87.382,85.365,11.597,47.753,100.049,95.952
"1977-06",50.403,40.314,39.183,167.296,27.101,13.046,34.395,214.41,43.651,71.111,NA,73.626,43.457,63.465,129.72,176.541,47.509,20.881,1.927,12.738,211.342,2.383,48.625,176.952,68.307,93.307,37.408,28.71,65.035,NA,NA,5.597,NA,124.961,0.062,160.579,207.407,15.847,50.706,112.338,121.718,76.977,61.95,24.347,100.97,125.707,132.805,71.554,249.943,55.082,104.31,62.046,104.748,241.623,94.793,98.223
"1977-07",66.061,39.529,29.871,97,24.53,21.39,98.818,223.798,36.041,105.399,NA,107.922,38.909,60.436,122.944,30.393,42.653,20.706,1.518,4.621,310.993,2.56,33.1,130.72,74.171,90.219,5.151,27.866,77.403,NA,NA,0.797,NA,184.568,0.356,223.546,192.906,17.835,78.603,104.876,111.701,75.252,61.082,33.285,95.943,103.315,164.936,65.967,164.58,57.051,177.426,53.733,127.713,254.938,91.275,95.404
"1977-08",60.719,55.279,89.829,90.43,68.979,33.023,95.195,166.692,47.725,105.52,NA,77.381,30.293,46.802,143.481,16.538,64.036,14.475,7.987,2.109,289.27,1.267,13.19,56.086,77.936,38.401,7.368,29.031,84.59,NA,NA,1.825,NA,196.832,0.438,213.167,221.393,12.67,34.09,105.515,113.04,74.257,52.715,31.72,81.487,106.943,169.742,69.151,83.989,78.424,146.536,33.993,95.841,258.654,86.762,94.708
"1977-09",84.087,57.196,104.105,167.545,42.898,51.178,61.272,215.505,96.193,137.911,NA,49.909,25.903,72.364,100.33,6.946,91.317,40.696,3.803,18.323,244.768,0.941,26.132,66.865,53.257,61.231,8.914,42.439,80.704,NA,NA,3.724,NA,207.69,0.248,71.585,181.485,1.796,18.739,97.742,95.687,60.707,51.119,38.487,78.359,93.09,195.988,66.75,67.61,103.522,180.055,32.056,33.913,156.258,79.188,95.9
"1977-10",83.124,55.673,56.684,135.457,29.485,88.259,61.728,179.555,126.493,153.17,NA,67.247,20.497,75.776,94.05,16.104,81.28,75.292,70.764,51.948,148.07,4.572,25.199,97.787,25.299,59.273,20.02,38.416,82.358,NA,NA,58.371,NA,137.159,0.163,139.043,179.276,5.246,17.912,40.87,67.84,63.418,47.144,36.335,74.414,102.99,151.493,63.798,67.193,115.519,257.883,37.438,52.051,260.494,80.127,91.936
"1977-11",75.649,43.122,44.283,130.447,40.534,105.182,112.968,111.916,104.965,121.694,NA,62.283,14.836,62.616,176.047,31.212,92.989,100.774,47.972,52.262,44.774,9.202,40.08,172.813,27.192,54.562,69.898,25.614,109.966,NA,NA,70.487,NA,105.138,6.945,140.686,222.144,15.877,18.671,39.026,72.92,56.754,46.852,23.036,78.432,112.811,145.403,60.854,114.643,102.828,271.934,46.987,78.228,309.224,78.927,95.415
"1977-12",79.717,35.092,119.199,107.007,33.241,89.571,47.698,37.493,40.339,95.084,NA,71.958,22.995,54.696,65.107,40.539,97.401,85.863,73.734,93.91,7.142,16.502,52.285,181.37,11.729,107.322,140.23,27.023,77.067,NA,NA,93.277,NA,91.178,17.258,39.201,234.989,182.507,13.845,36.667,75.861,47.712,34.721,18.886,88.817,167.69,115.875,59.499,86.57,98.218,277.873,56.857,94.878,111.205,71.553,96.726
"1978-01",98.674,36.233,128.88,128.191,38.652,96.953,79.545,25.093,31.477,74.288,NA,116.71,23.431,84.469,27.782,97.029,109.801,49.431,97.889,65.574,1.829,12.7,15.899,132.258,20.309,131.63,223.114,22.08,67.196,NA,NA,62.453,NA,116.304,4.574,14.193,248.112,262.078,93.506,43.499,56.376,52.313,47.778,22.262,108.278,174.648,100.558,64.774,64.237,108.031,249.843,64.169,24.725,59.78,73.543,96.473
"1978-02",80.532,39.585,158.284,104.644,23.944,155.382,41.358,15.995,33.404,116.028,NA,65.735,19.08,85.987,43.388,185.165,109.662,92.795,36.15,54.623,2.559,2.346,1.807,62.009,65.583,157.629,192.563,20.013,73.634,NA,NA,20.669,NA,97.283,0.623,7.597,203.186,290.702,149.252,41.068,50.156,72.298,67.524,12.84,116.692,152.464,86.77,81.421,58.193,73.602,171.777,127.538,6.793,15.329,87.976,95.248
"1978-03",50.017,20.177,79.416,119.323,28.898,69.065,32.624,22.284,51.449,195.198,NA,105.761,41.442,99.248,18.579,206.523,81.973,85.407,10.412,43.008,11.999,2.084,2.335,75.597,22.967,142.944,110.653,12.185,69.606,NA,NA,14.862,NA,80.378,0.184,1.998,202.452,350.541,120.714,58.039,67.446,83.658,85.185,15.681,131.644,142.145,75.701,86.928,48.587,95.405,145.639,78.533,2.657,21.914,93.737,94.192
"1978-04",52.191,31.343,24.324,76.617,21.644,62.601,8.073,11.126,25.74,88.543,NA,118.896,53.335,67.508,17.248,372.25,58.086,76.35,17.811,24.565,53.816,2.259,2.504,88.954,55.21,120.478,91.731,14.687,67.876,NA,NA,12.865,NA,83.31,0.069,14.459,223.047,271.365,121.286,44.876,81.205,76.065,62.93,13.069,128.217,171.135,55.073,87.39,122.41,58.467,102.043,114.363,13.019,68.634,91.675,94.221
"1978-05",39.019,37.863,57.611,92.535,14.443,29.336,14.15,33.684,25.403,40.872,NA,91.339,26.562,63.629,20.36,328.194,31.224,61.041,14.31,14.75,147.246,2.781,11.081,68.573,37.008,101.885,53.008,12.079,88.406,NA,NA,16.292,NA,122.13,0.388,21.496,228.471,108.117,123.504,116.668,108.341,80.48,66.352,8.332,113.138,151.275,70.024,87.17,233.151,67.383,115.805,101.466,6.732,77.914,90.891,96.407
"1978-06",49.307,47.928,34.909,114.027,22.881,23.53,32.01,225.35,79.52,62.506,NA,67.602,45.255,44.013,82.296,130.278,38.262,40.257,46.759,6.969,301.974,2.266,14.172,69.284,68.375,78.687,18.557,14.044,83.658,NA,NA,26.447,NA,191.442,0.257,104.332,235.344,19.893,66.269,114.886,115.198,74.807,61.594,18.433,107.377,143.401,121.473,66.349,234.456,55.885,171.07,49.355,97.064,194.789,95.883,100.25
"1978-07",44.578,51.884,55.472,130.625,38.563,13.671,55.722,234.159,35.528,134.065,NA,88.4,53.654,58.528,190.983,47.579,47.53,33.285,5.975,6.944,371.67,1.937,15.678,53.131,80.495,95.385,7.231,34.562,69.777,NA,NA,4.822,NA,194.832,0.022,143.005,191.163,5.786,32.556,104.834,120.742,66.457,55.394,25.293,92.994,127.691,181.961,74.058,147.559,63.985,112.662,41.4,49.338,166.391,88.367,96.893
"1978-08",41.757,49.905,36.888,103.237,43.066,10.879,88.423,209.125,63.101,127.505,NA,82.22,36.157,66.668,180.17,12.529,54.625,48.602,0.997,5.749,327.783,1.892,12.477,35.877,73.78,82.777,7.111,34.069,62.841,NA,NA,7.983,NA,136.171,0.114,125.182,179.183,6.149,31.767,90.465,95.593,77.913,48.9,24.267,87.258,121.998,183.839,70.506,81.836,85.747,146.463,33.414,50.644,202.854,86.186,96.161
"1978-09",81.517,51.57,78.276,105.836,44.951,44.875,65.801,190.334,79.724,130.578,NA,73.222,33.621,84.241,103.474,8.369,72.172,20.423,21.973,27.385,198.578,1.586,14.799,46.627,53.418,50.559,9.932,35.852,63.3,NA,NA,29.968,NA,190.465,0.509,123.209,187.671,3.357,9.964,72.857,102.107,59.536,63.947,28.05,73.776,129.797,178.308,75.997,56.831,95.234,155.699,29.205,51.638,214.83,83.74,94.129
"1978-10",72.734,52.785,90.298,150.731,36.412,118.886,112.955,240.697,109.767,134.555,NA,68.764,37.936,81.522,87.625,15.137,80.812,65.398,55.388,34.268,183.541,6.95,70.222,154.228,36.45,75.125,17.096,25.727,115.622,NA,NA,88.485,NA,141.708,8.251,104.565,163.866,9.24,16.617,53.859,58.265,51.309,56.907,23.915,81.648,104.775,170.521,70.793,65.193,119.133,249.918,28.476,47.861,215.586,78.02,92.328
"1978-11",81.588,43.202,113.41,101.664,32.801,128.268,81.734,89.079,76.045,128.618,NA,78.698,19.041,53.442,94.384,14,108.699,112.172,37.018,67.475,25.616,6.926,58.905,212.946,14.419,43.307,111.3,18.587,136.442,NA,NA,32.889,NA,120.968,5.315,137.327,213.716,23.001,38.427,46.044,65.309,42.118,47.293,21.377,81.568,121.549,138.04,58.121,89.317,95.287,329.157,32.135,107.495,300.033,71.865,95.022
"1978-12",96.555,38.947,93.331,105.988,31.152,154.171,53.266,31.672,43.296,82.324,NA,83.818,15.054,61.655,107.649,106.946,101.469,94.382,14.83,70.229,6.009,10.639,31.008,175.555,23.429,80.897,214.403,22.219,92.827,NA,NA,26.001,NA,102.684,13.613,26.782,235.271,143.345,42.495,25.495,90.317,44.335,35.554,21.791,92.723,159.707,124.693,59.247,101.442,93.323,192.095,60.523,48.256,118.871,68.397,94.651
"1979-01",94.646,35.078,170.189,129.972,26.944,127.468,58.064,25.823,52.837,59.439,NA,90.675,26.413,79.996,55.902,129.925,129.394,43.096,64.275,57.617,1.968,13.105,19.175,97.324,15.182,140.791,233.922,20.386,93.055,NA,NA,57.981,NA,99.637,5.45,14.114,231.713,259.649,76.161,22.339,80.094,53.146,43.709,26.31,109.858,157.744,96.253,65.594,68.991,90.797,240.158,84.673,11.833,31.28,71.714,94.343
"1979-02",81.099,27.372,131.772,136.517,22.603,116.133,21.681,15.012,30.381,145.297,NA,86.451,21.523,102.721,37.675,78.636,83.616,92.249,36.541,53.582,1.85,2.766,4.675,54.29,28.866,141.69,161.92,13.153,76.756,NA,NA,17.475,NA,101.827,0.502,17.132,245.47,388.151,145.676,26.986,64.194,81.139,58.686,12.731,133.607,147.276,76.457,84.474,44.278,82.756,206.345,106.34,16.724,52.029,80.111,96.39
"1979-03",82.508,28.043,115.643,107.363,17.072,105.954,15.354,12.302,30.076,122.324,NA,64.635,23.015,86.122,23.486,133.944,84.103,64.799,18.034,29.742,5.157,0.831,4.116,29.161,48.328,125.421,134.671,16.975,68.419,NA,NA,32.471,NA,79.951,0.142,2.449,199.577,230.719,143.043,46.485,61.072,77.682,58.808,11.422,122.327,163.225,73.078,102.195,36.733,72.102,125.947,174.786,4.332,18.712,92.216,97.181
"1979-04",61.195,25.075,63.809,101.286,20.057,86.381,12.958,17.247,28.796,66.654,NA,109.486,31.83,94.778,18.815,315.137,50.182,61.19,12.558,24.356,37.273,1.53,0.904,67.096,24.885,95.522,102.218,9.243,89.168,NA,NA,18.6,NA,89.381,0.056,3.61,230.718,312.617,140.618,87.795,64.884,82.772,80.502,7.306,126.29,137.376,67.587,93.874,101.286,73.091,107.871,117.842,0.905,42.564,96.545,94.183
"1979-05",49.128,23.793,12.047,111.522,20.581,40.754,11.238,48.421,37.113,42.449,NA,113.59,59.207,65.931,20.141,375.163,45.977,52.454,11.552,14.367,131.737,1.165,8.733,100.543,26.919,91.786,92.488,20.322,68.334,NA,NA,12.245,NA,101.115,0.173,30.534,236.293,97.391,53.72,64.635,120.24,82.349,62.109,17.182,120.132,131.849,76.783,101.619,205.779,62.577,114.08,89.95,4.123,75.199,93.666,96.675
"1979-06",55.83,43.022,41.664,86.843,26.744,21.834,31.477,186.111,55.421,74.956,NA,84.734,93.502,63.407,67.152,265.946,53.2,12.762,3.785,8.629,217.01,1.65,18.739,72.545,67.728,96.969,11.625,33.488,49.209,NA,NA,7.612,NA,163.826,0.304,51.352,277.018,21.043,24.849,97.185,103.221,74.897,46.389,21.41,113.855,122.658,130.455,73.148,258.125,57.814,144.24,48.175,52.968,95.786,91.13,99.135
"1979-07",39.318,45.436,56.356,126.598,37.959,14.224,89.497,249.145,26.445,125.503,NA,89,39.273,73.441,132.988,102.782,35.135,31.154,1.778,3.34,308.893,1.062,19.279,57.731,74.072,77.125,4.769,41.453,69.145,NA,NA,3.173,NA,164.969,0.088,115.078,202.035,10.248,21.409,122.842,97.753,75.688,42.588,27.523,92.414,104.366,181.592,81.13,141.787,61.413,148.739,42.132,44.652,141.592,87.002,93.315
"1979-08",73.945,47.131,115.946,104.724,43.251,18.97,34.335,136.339,59.139,106.701,NA,89.082,32.812,51.73,118.146,21.653,54.305,31.249,3.276,8.711,289.979,0.46,13.464,41.18,51.683,56.348,7.503,39.796,56.225,NA,NA,2.652,NA,120.571,0.15,207.822,220.705,11.083,27.152,85.43,72.878,66.763,49.894,39.141,98.393,118.406,166.286,63.522,74.278,71.218,154.669,30.395,139.077,287.898,89.85,95.347
"1979-09",75.618,54.095,98.918,93.924,35.173,49.826,117.169,241.633,128.255,123.256,NA,80.072,21.159,57.036,140.793,9.562,99.016,38.508,11.051,10.271,174.48,1.001,23.876,38.098,25.85,58.57,8.098,36.17,105.082,NA,NA,5.92,NA,148.285,0.186,179.45,213.901,6.358,25.709,45.751,73.462,66.628,51.767,23.477,84.245,94.097,189.818,63.913,62.444,97.404,145.387,27.74,79.958,232.441,86.687,93.785
"1979-10",58.135,64.451,72.058,178.014,32.894,42.396,47.882,193.139,102.075,138.128,NA,92.403,20.87,55.028,64.866,11.31,81.287,96.238,9.641,35.816,160.182,3.44,30.955,120.438,60.47,61.38,15.018,33.416,93.49,NA,NA,7.148,NA,154.006,0.091,88.801,191.872,7.803,12.664,52.852,70.923,63.645,52.824,29.243,76.64,110.749,174.4,62.027,67.238,101.558,248.729,26.487,62.403,138.844,86.988,93.873
"1979-11",77.281,30.228,142.644,158.948,31.69,131.305,67.866,99.746,96.623,144.589,NA,71.76,18.041,69.054,120.886,38.818,114.499,134.582,21.087,64.837,38.941,2.956,102.944,139.27,38.591,76.03,47.606,25.103,112.595,NA,NA,37.681,NA,111.388,1.05,82.406,188.532,7.489,20.665,27.388,72.029,60.113,40.673,15.678,76.87,111.107,135.08,62.096,100.605,121.34,306.362,43.91,181.744,258.527,78.011,93.953
"1979-12",75.271,31.44,153.467,155.092,31.324,101.713,63.386,31.868,51.209,104.415,NA,69.402,8.23,75.922,47.437,45.473,105.522,97.584,55.36,87.56,5.8,6.856,31.423,203.903,13.262,106.842,120.244,18.311,91.592,NA,NA,95.249,NA,100.516,3.247,26.563,265.481,169.093,22.327,51.043,96.611,48.731,38.976,23.016,88.639,161.338,116.626,68.934,85.341,95.659,231.76,46.036,20.931,86.798,72.558,95.647
"1980-01",85.647,26.957,125.054,151.345,34.641,168.051,35.355,20.131,42.006,58.055,NA,75.98,23.661,90.118,35.072,104.781,108.099,53.363,35.665,79.428,1.214,16.402,10.316,109.517,19.023,138.869,236.103,23.243,80.006,NA,NA,54.388,NA,90.628,5.974,4.487,276.805,270.929,60.736,30.715,76.605,47.434,37.581,22.622,108.217,181.27,90.215,72.539,72.304,110.327,210.402,70.01,10.296,34.387,74.538,97.383
"1980-02",81.006,36.696,88.652,126.95,24.953,95.47,36.688,17.761,46.759,87.091,NA,96.539,20.85,103.758,26.213,75.052,95.307,73.219,20.772,53.592,0.651,5.077,3.894,43.398,36.783,140.712,214.188,14.46,78.074,NA,NA,52.287,NA,100.755,0.772,2.004,267.986,365.532,150.751,50.834,94.726,74.852,49.78,12.987,114.06,164.8,81.575,95.518,42.45,81.312,179.277,104.775,8.279,24.482,81.108,95.488
"1980-03",55.188,28.339,62.291,146.561,22.929,132.674,23.499,16.524,36.831,72.61,NA,89.711,16.37,100.075,15.475,154.547,81.77,102.455,71.435,20.59,14.285,5.037,6.497,86.682,25.013,122.633,108.405,18.432,65.147,NA,NA,39.817,NA,71.526,3.64,1.873,211.311,298.134,173.825,46.115,152.122,87.986,56.679,15.916,117.864,177.894,64.156,110.506,52.919,105.735,108.197,93.739,2.213,26.224,92.267,94.377
"1980-04",66.401,25.707,79.5,96.512,19.703,71.326,9.721,22.884,36.936,106.494,NA,83.932,18.556,108.374,14.553,311.015,85.154,49.939,5.39,20.352,51.418,1.07,6.436,86.998,52.461,94.772,115.697,14.285,58.801,NA,NA,11.011,NA,82.949,0.108,6.395,238.624,298.806,109.019,38.101,83.951,87.449,86.767,21.105,109.124,197.498,55.787,96.598,98.054,68.109,120.871,107.164,10.184,37.687,97.602,95.308
"1980-05",43.579,23.195,51.03,73.392,17.007,46.598,16.336,79.577,29.571,97.17,NA,84.541,35.818,66.119,26.367,256.723,65.71,35.8,15.534,6.296,163.856,1.785,29.411,203.981,64.146,51.766,153.496,15.263,78.106,NA,NA,17.184,NA,107.828,0.193,47.203,240.401,107.224,44.591,85,113.807,85.23,61.75,13.23,105.025,145.878,83.045,89.797,211.278,57.429,173.415,66.239,42.999,153.61,94.853,96.156
"1980-06",42.323,43.486,20.66,142.941,21.615,37.22,10.333,228.983,68.743,132.699,NA,89.458,64.6,59.98,97.847,234.837,31.861,24.637,12.185,14.527,268.471,1.98,7.524,49.171,138.102,140.372,28.276,22.903,60.611,NA,NA,7.248,NA,172.1,0.2,116.303,251.723,13.126,29.477,136.77,116.644,78.327,42.06,18.995,100.367,103.571,131.991,70.772,245.45,65.552,85.683,64.266,73.236,73.418,94.069,97.106
"1980-07",41.349,54.609,77.229,106.246,19.999,6.688,39.401,193.126,61.534,108.052,NA,66.325,51.912,63.62,198.904,48.732,39.698,24.725,1.211,2.486,324.537,1.361,18.69,52.633,76.319,61.027,10.884,35.806,65.219,NA,NA,0.779,NA,174.593,0.074,229.875,252.437,16.45,48.36,93.997,109.473,72.373,67.278,31.058,103.17,117.154,148.267,77.125,165.321,66.007,115.749,43.611,158.357,224.438,86.794,97.027
"1980-08",64.527,63.13,62.949,106.709,29.801,13.983,59.415,221.41,69.812,129.545,NA,62.191,32.947,57.988,107.205,12.858,55.102,64.173,20.67,6.657,361.266,1.468,17.378,56.57,32.696,33.481,8.892,31.181,74.518,NA,NA,2.75,NA,149.626,0.129,153.965,226.588,9.011,24.203,55.441,70.182,68.952,55.009,34.436,85.772,102.885,168.087,66.544,83.503,89.508,159.322,38.499,77.683,211.779,85.723,93.407
"1980-09",79.319,63.039,140.314,155.778,44.754,34.442,171.358,262.122,126.132,122.234,NA,57.436,20.928,75.795,78.834,19.872,63.053,79.685,28.663,10.74,223.89,1.432,27.188,76.987,18.068,31.341,20.725,40.638,99.027,NA,NA,7.925,NA,171.761,0.39,76.365,193.236,9.749,17.15,60.13,73.112,56.795,52.663,28.063,77.542,85.631,186.248,58.199,69.94,104.089,190.108,32.409,41.3,137.354,89.122,93.662
"1980-10",55.459,48.634,190.578,133.346,40.67,84.89,95.46,249.236,156.511,143.537,NA,66.907,30.795,83.217,66.351,10.648,76.984,106.679,26.282,44.634,128.306,2.441,25.571,85.605,37.709,56.132,33.211,32.532,89.022,NA,NA,57.231,NA,87.387,0.275,196.044,161.025,2.777,18.263,66.444,87.153,62.707,58.161,21.549,80.385,80.987,164.322,64.344,79.879,114.627,293.988,39.18,100.174,330.543,75.742,94.035
"1980-11",86.192,40.985,91.402,120.835,44.464,163.086,54.966,122.316,106.915,128.15,NA,40.261,19.544,69.43,88.452,20.129,85.323,72.364,27.754,73.086,51.048,19.938,23.734,95.392,38.338,97.352,113.099,24.754,107.202,NA,NA,67.927,NA,98.22,9.254,74.627,244.385,15.02,17.46,27.851,77.835,49.232,50.549,20.644,85.138,122.188,140.015,58.84,103.712,101.506,223.113,44.556,65.1,234.333,69.192,93.224
"1980-12",91.76,30.244,98.851,191.827,31.28,107.002,23.546,42.266,68.331,99.948,NA,71.01,25.577,89.444,59.721,97.131,84.929,100.89,40.843,85.602,3.541,13.414,32.584,141.385,23.487,95.97,153.157,18.381,95.182,NA,NA,65.075,NA,93.443,5.255,49.067,240.724,131.975,67.815,29.908,68.091,44.47,38.389,18.065,97.387,136.605,115.994,63.344,93.12,101.805,280.959,62.051,50.845,175.185,73.5,97.359
"1981-01",94.566,29.771,190.944,181.282,35.005,47.228,48.191,26.104,55.871,92.265,NA,94.591,21.58,75.564,56.906,181.608,134.175,93.966,53.556,59.161,1.704,7.167,9.329,86.049,35.009,98.226,320.393,18.168,73.304,NA,NA,41.978,NA,86.26,5.113,13.631,291.544,348.634,147.202,38.607,87.995,50.076,48.513,14.273,120.69,150.224,89.526,72.194,87.37,92.818,243.569,72.303,15.771,71.433,76.644,97.054
"1981-02",84.102,25.558,98.278,132.083,20.833,196.745,20.727,13.36,33.752,116.432,NA,77.133,20.951,104.126,22.741,76.03,88.213,86.132,28.878,57.731,0.734,4.122,4.339,30.486,25.355,142.317,200.353,11.812,71.618,NA,NA,32.207,NA,90.004,0.834,3.592,258.712,352.949,165.428,48.64,105.211,74.16,76.28,16.343,121.547,150.779,77.643,97.872,54.513,85.537,148.74,124.11,8.788,21.395,82.419,95.838
"1981-03",81.264,18.785,38.038,119.839,29.507,102.572,20.751,9.318,26.09,72.343,NA,96.765,17.931,91.647,14.938,85.591,95.954,98.467,19.136,38.441,11.194,2.171,1.668,44.983,57.396,98.868,91.021,14.361,52.328,NA,NA,21.39,NA,76.932,0.23,5.198,205.965,332.579,137.418,39.185,112.451,85.909,74.927,11.852,126.516,141.364,74.507,114.754,44.799,85.34,113.365,125.871,4.049,30.849,85.168,95.073
"1981-04",70.553,23.75,110.569,98.181,12.397,112.042,17.552,15.611,31.533,88.98,NA,94.547,74.219,107.721,20.029,152.812,71.017,42.968,16.607,33.801,91.182,2.192,11.79,68.322,65.062,76.545,144.258,14.008,45.296,NA,NA,25.267,NA,94.221,0.902,3.558,181.906,223.756,62.812,50.774,100.828,96.788,67.689,13.477,139.499,138.21,63.145,112.016,157.719,67.852,101.365,111.94,3.738,29.879,88.017,95.511
"1981-05",48.778,29.622,10.144,63.551,36.264,37.998,6.744,46.243,26.955,46.028,NA,71.603,38.499,109.924,17.756,139.215,29.42,44.783,1.028,22.982,137.058,1.655,5.733,90.301,69.282,111.409,175.063,10.401,71.768,NA,NA,10.133,NA,146.655,0.123,31.577,238.766,76.039,163.534,78.086,79.483,80.186,78.511,15.408,127.241,134.3,70.636,89.647,203.784,54.483,116.719,84.805,6.184,164.557,92.477,97.334
"1981-06",47.918,40.309,14.246,93.917,21.453,27.869,26.422,132.499,29.744,75.398,NA,91.256,39.923,30.213,49.692,210.227,54.306,26.929,3.269,8.459,193.909,1.806,30.824,212.547,88.771,79.396,92.398,37.601,78.704,NA,NA,5.619,NA,201.701,0.193,95.947,256.08,41.279,63.792,101.851,122.565,69.632,63.181,27.784,105.522,118.981,124.855,69.635,227.326,57.124,139.312,53.919,94.389,122.967,92.917,97.333
"1981-07",51.831,50.194,24.287,129.838,35.306,22.697,37.602,162.61,24.822,115.891,NA,66.637,54.696,64.165,125.686,44.585,36.713,36.463,0.678,10.701,329.971,1.57,18.935,62.493,115.016,87.437,22.772,39.477,67.006,NA,NA,1.607,NA,187.868,0.043,192.527,224.513,13.231,60.084,111.466,80.953,76.296,50.806,34.463,107.035,118.638,148.219,73.836,145.289,62.344,101.682,49.633,56.661,193.295,90.834,96.324
"1981-08",61.827,51.872,51.621,113.19,39.546,9.586,56.539,181.175,41.338,129.453,NA,100.894,37.037,75.002,93.329,11.591,70.312,37.423,0.328,9.011,348.302,2.019,12.979,52.291,62.549,47.985,19.341,43.706,64.092,NA,NA,0.158,NA,178.243,0.067,143.54,206.691,6.71,30.804,103.062,108.683,68.021,47.033,35.888,88.638,105.249,181.426,76.646,98.605,69.262,172.891,33.905,68.534,214.807,81.987,94.845
"1981-09",67.422,61.518,207.304,144.176,38.571,8.168,104.893,254.524,102.269,141.975,NA,70.626,34.621,56.254,106.791,15.445,75.601,23.99,18.192,3.803,205.24,1.045,50.242,66.672,25.925,54.847,17.657,38.713,74.448,NA,NA,21.117,NA,171.285,0.264,115.482,176.664,2.735,19.688,87.341,118.235,68.481,48.744,28.447,71.981,122.062,186.131,62.173,66.931,91.49,143.721,32.673,35.574,178.444,83.919,94.476
"1981-10",90.167,55.161,57.465,108.453,44.804,74.259,103.86,189.015,104.42,137.195,NA,65.261,23.209,74.88,36.808,18.522,68.45,51.686,102.742,52.165,170.675,14.096,108.738,211.952,32.29,73.881,19.692,26.6,91.556,NA,NA,85.611,NA,72.523,3.458,94.78,141.781,8.295,10.492,52.271,78.314,62.885,55.705,16.537,75.486,131.298,172.802,73.618,64.473,120.401,217.16,33.884,125.709,140.77,80.066,93.813
"1981-11",109.776,47.24,88.58,66.717,36.758,225.881,54.675,103.947,55.642,126.564,NA,48.763,15.52,86.177,85.232,27.431,90.601,78.649,98.157,54.107,48.933,8.965,183.532,368.095,40.098,68.485,154.282,25.567,118.499,NA,NA,71.943,NA,105.385,11.297,66.886,181.894,36.123,22.127,25.721,81.303,56.51,47.85,19.515,77.45,161.343,125.215,72.889,98.027,100.111,256.889,38.267,105.154,135.292,71.168,92.858
"1981-12",92.557,38.275,131.129,145.529,24.471,51.541,46.291,31.172,38.467,90.141,NA,84.058,20.276,85.935,34.055,99.459,77.342,116.083,108.348,55.341,3.91,10.017,137.752,379.641,19.497,118.59,261.117,21.841,94.743,NA,NA,72.288,NA,118.146,5.994,16.903,189.434,172.012,63.368,43.796,101.267,46.704,41.779,15.379,82.414,188.971,111.359,69.119,76.5,107.512,225.962,46.681,42.271,50.057,70.657,94.993
"1982-01",69.966,36.529,154.208,169.738,24.626,178.256,77.849,25.173,62.412,48.231,NA,73.855,25.274,83.506,23.167,123.651,93.884,107.731,54.904,54.059,1.305,17.795,60.716,231.632,13.327,162.566,91.412,22.686,70.637,NA,NA,82.36,NA,98.436,9.616,3.79,192.701,277.321,47.508,12.707,63.691,48.784,52.162,11.557,115.057,222.327,92.886,66.466,46.285,109.485,172.857,78.82,15.794,5.381,73.705,95.951
"1982-02",87.599,27.814,123.124,127.793,25.307,99.901,28.613,18.031,49.908,51.515,NA,64.461,25.896,105.335,26.189,85.705,98.905,76.298,29.771,43.928,3.135,10.408,11.954,106.791,27.256,135.641,186.145,23.788,66.192,NA,NA,38.741,NA,84.988,7.231,5.183,188.913,350.126,43.118,32.415,80.303,80.589,70.009,21.889,113.928,220.535,75.838,103.3,61.672,102.711,155.334,88.705,9.421,6.097,81.657,97.252
"1982-03",75.845,32.681,138.287,134.806,15.692,70.589,21.894,11.657,25.217,78.137,NA,97.977,18.836,84.903,20.741,130.004,83.728,37.153,22.627,45.315,11.489,7.273,9.072,90.574,37.822,141.021,130.85,21.432,50.136,NA,NA,41.219,NA,65.667,4.459,1.29,193.019,176.559,40.127,33.561,81.056,83.621,73.133,17.981,124.054,196.652,64.243,97.809,69.681,89.89,148.68,110.614,2.207,1.834,96.246,96.403
"1982-04",55.834,33.408,132.44,119.855,16.954,34.109,18.268,15.162,23.259,61.45,NA,100.106,47.076,76.858,10.773,177.575,45.811,78.015,14.294,42.58,50.298,1.406,3.931,129.006,21.002,112.632,147.398,12.158,75.344,NA,NA,20.171,NA,88.089,0.747,11.155,194.98,201.378,33.728,42.859,40.2,94.229,64.957,13.37,128.552,200,57.918,115.125,110.079,75.482,126.566,110.723,9.171,17.312,93.363,95.662
"1982-05",47.261,35.773,10.735,53.604,14.123,37.212,3.441,25.317,25.7,40.438,NA,74.77,41.416,107.729,18.967,232.84,40.256,45.53,34.051,16.303,164.718,2.437,49.404,214.226,77.582,77.185,141.375,18.193,52.36,NA,NA,25.079,NA,114.962,1.461,21.545,183.002,23.531,65.475,89.343,80.527,85.645,66.01,13.734,108.815,192.827,68.711,103.589,185.67,50.438,246.46,71.157,27.9,54.434,94.525,99.239
"1982-06",45.726,38.421,31.245,97.744,14.846,67.037,30.141,193.108,45.603,84.239,NA,73.494,51.727,78.495,31.721,416.004,50.784,19.768,7.178,10.027,201.231,1.282,27.459,264.979,59.706,77.936,35.245,28.445,33.586,NA,NA,6.149,NA,154.957,0.162,29.268,144.848,8.816,59.829,57.129,92.989,77.827,59.491,20.803,98.886,174.989,139.032,81.687,249.605,52.002,147.918,61.348,54.784,50.624,86.656,98.524
"1982-07",39.584,61.512,212.425,105.805,29.251,30.648,123.842,288.755,65.824,116.584,NA,54.848,64.442,80.246,166.081,60.498,54.896,19.526,11.684,5.363,373.272,1.474,14.864,71.991,58.978,90.22,3.706,42.18,48.146,NA,NA,8.867,NA,148.921,0.032,187.786,178.264,9.205,45.597,72.944,107.332,66.757,56.894,27.16,99.621,160.669,159.02,78.699,111.218,62.95,148.077,47.161,98.79,261.738,90.128,97.755
"1982-08",70.146,44.658,77.787,100.229,33.646,11.669,56.453,165.06,59.593,130.496,NA,57.537,54.798,67.997,123.209,18.828,61.536,21.654,5.616,2.891,286.304,1.396,13.513,82.256,62.696,60.555,8.045,45.792,65.961,NA,NA,2.218,NA,209.435,0.103,120.573,165.304,7.403,19.944,72.987,87.498,64.003,48.243,33.104,87.815,155.477,179.628,74.665,72.518,72.273,145.099,32.64,41.212,224.518,83.252,96.029
"1982-09",72.733,48.755,59.781,112.74,49.79,15.421,115.746,270.405,78.09,139.319,NA,69.341,29.893,70.801,99.95,14.053,76.538,68.034,9.384,23.443,240.196,1.477,49.952,136.651,36.873,37.084,10.678,44.078,80.205,NA,NA,2.738,NA,165.213,0.211,117.134,126.746,3.118,26.3,57.38,80.548,79.251,44.183,31.5,78.495,103.625,212.083,58.237,59.929,91.558,179.981,29.642,58.88,164.04,87.84,94.294
"1982-10",83.086,50.209,86.616,150.23,48.345,139.927,90.784,154.262,95.136,129.429,NA,47.764,33.203,82.649,41.568,12.046,52.7,74.501,64.944,71.392,177.383,11.58,98.997,232.573,29.128,42.778,45.16,30.532,89.425,NA,NA,119.294,NA,125.743,8.967,147.911,134.334,5.97,13.739,31.408,77.209,56.651,56.338,21.922,77.159,131.848,156.237,66.431,77.909,122.748,167.493,34.169,132.374,279.179,82.089,93.404
"1982-11",82.17,41.282,64.55,125.246,42.103,165.871,49.099,90.156,85.758,124.457,NA,61.293,20.537,81.165,79.444,15.353,84.108,113.365,64.919,72.269,45.378,10.59,174.977,333.159,23.666,62.746,58.173,26.603,123.569,NA,NA,74.496,NA,166.263,9.913,67.807,208.429,28.313,16.098,41.102,56.93,49.159,52.623,22.253,77.11,157.214,136.634,56.72,123.758,113.731,153.626,37.419,144.785,146.614,75.29,94.025
"1982-12",90.96,37.551,196.075,146.138,34.268,108.156,60.055,44.347,50.593,97.723,NA,85.161,13.639,77.381,88.732,91.582,77.697,103.2,91.125,84.584,4.163,10.458,148.783,384.506,26.838,100.492,181.52,12.558,112.18,NA,NA,113.744,NA,120.804,10.486,16.236,174.563,91.565,18.975,43.122,84.261,52.631,23.583,20.841,85.775,148.46,121.496,63.05,115.428,96.078,190.266,58.799,21.781,72.686,72.647,93.295
"1983-01",75.566,33.854,167.904,180.74,25.148,127.513,39.465,24.045,60.511,63.05,NA,83.744,21.55,63.529,36.993,102.819,89.721,127.492,34.626,67.142,2.999,12.534,43.834,271.592,24.987,153.947,250.846,18.28,76.762,NA,NA,47.172,NA,116.567,7.487,17.596,181.814,240.234,58.587,29.2,87.714,51.983,53.469,16.299,101.379,189.374,99.954,66.607,62.899,97.575,242.703,54.473,23.963,27.988,76.641,95.781
"1983-02",88.738,29.622,144.676,187.533,24.505,102.831,41.892,15.92,54.37,111.456,NA,66.675,20.191,116.101,28.485,178.702,87.417,72.261,34.416,51.479,2.828,18.659,6.933,75.301,35.163,146.386,147.925,18.843,76.528,NA,NA,31.225,NA,77.367,3.053,4.622,214.821,368.354,189.275,35.219,45.724,69.649,77.492,14.821,118.596,167.971,80.167,88.332,51.128,111.208,190.998,92.147,6.384,8.636,82.591,96.514
"1983-03",75.53,31.35,106.397,151.869,17.089,83.517,28.038,12.161,41.519,125.04,NA,92.56,26.657,117.685,22.653,173.364,80.46,81.683,50.54,45.629,11.257,5.045,3.276,42.022,54.055,119.662,164.864,10.029,90.354,NA,NA,39.14,NA,94.833,0.117,5.265,218.78,355.499,146.373,52.299,89.632,84.173,83.542,13.404,131.525,171.571,65.38,93.826,53.92,86.914,115.236,133.413,4.014,6.849,91.793,97.222
"1983-04",61.689,21.899,29.156,89.767,20.83,100.774,3.945,11.798,24.197,61.392,NA,88.86,54.245,92.951,21.177,185.704,78.038,23.942,32.395,32.252,85.264,4.32,5.817,128.372,45.092,90.112,179.886,18.451,67.068,NA,NA,26.389,NA,80.19,1.662,7.122,206.031,221.357,40.707,33.708,67.64,78.129,65.706,14.77,126.488,172.458,59.511,94.198,173.36,62.34,102.288,85.919,5.84,43.302,97.221,93.719
"1983-05",42.486,29.826,10.866,73.672,16.735,35.631,3.843,35.727,22.196,59.903,NA,104.76,75.359,51.645,18.704,286.135,54.438,72.319,3.38,18.016,69.873,5.385,19.92,327.557,51.146,72.268,97.187,20.152,49.078,NA,NA,17.642,NA,116.732,2.649,20.26,233.437,65.353,63.812,65.273,60.787,83.15,64.755,18.677,118.179,163.17,80.352,97.869,173.715,55.391,219.458,69.69,9.419,121.745,92.917,98.415
"1983-06",47.097,28.97,48.217,113.467,23.345,37.117,17.684,210.204,31.546,97.945,NA,99.268,102.433,82.247,54.156,284.215,45.758,43.531,8.483,9.136,219.845,2.457,20.78,156.893,84.117,75.897,93.29,30.528,43.404,NA,NA,11.996,NA,131.521,0.074,37.269,220.006,9.185,79.582,86.672,112.766,82.089,56.431,22.737,111.899,141.181,140.763,78.772,237.711,72.262,140.543,52.573,51.278,58.06,89.283,100.906
"1983-07",57.004,47.92,49.174,103.937,10.269,32.489,25.986,170.306,31.089,107.412,NA,87.417,51.468,72.014,121.038,52.885,34.404,19.131,2.579,3.253,363.694,3.352,25.033,102.283,104.14,60.182,9.56,37.15,49.079,NA,NA,4.624,NA,155.763,0.051,169.181,206.621,12.373,66.263,91.934,117.398,79.514,46.832,26.415,98.588,142.604,135.656,78.863,155.816,66.014,178.993,46.068,104.545,206.25,90.194,96.998
"1983-08",59.628,51.884,73.196,136.611,26.906,46.526,68.754,205.693,50.235,109.654,NA,92.489,33.788,45.44,170.47,17.336,36.354,67.466,2.954,9.892,294.889,1.455,11.716,36.259,58.533,56.359,9.66,24.585,80.164,NA,NA,3.177,NA,196.885,3.577,236.905,208.169,3.268,18.059,119.418,106.835,68.17,54.332,34.394,81.094,135,160.836,61.407,88.899,84.335,154.748,31.003,93.132,318.576,93.259,94.892
"1983-09",71.927,70.11,208.21,109.122,31.499,54.049,121.824,235.877,113.931,128.828,NA,77.909,42.565,82.806,154.584,11.488,70.869,59.314,19.827,12.452,202.909,1.574,42.303,80.131,41.073,45.761,8.841,38.452,90.849,NA,NA,17.542,NA,156.255,0.298,177.895,209.725,7.723,13.433,58.557,84.836,63.524,38.953,31.954,71.776,117.825,163.066,77.199,72.515,81.936,162.281,25.209,108.384,287.625,87.019,93.233
"1983-10",76.868,56.981,128.29,111.825,39.904,86.092,52.189,161.967,95.226,149.494,NA,73.412,25.572,77.637,71.607,8.554,88.542,58.983,108.012,23.388,131.08,8.434,172.12,134.484,32.011,60.863,20.595,36.66,94.059,NA,NA,39.196,NA,84.849,5.928,86.73,185.92,8.129,11.779,61.596,94.898,72.927,42.195,21.083,70.758,121.492,175.832,63.967,67.381,97.454,223.598,37.889,144.498,109.994,75.886,93.434
"1983-11",66.591,36.976,292.633,125.91,49.284,133.513,92.181,102.283,61.167,119.01,NA,49.199,12.29,76.156,76.727,11.426,72.057,91.374,18.735,58.492,68.122,15.45,163.259,289.661,57.751,88.329,63.3,23.629,99.488,NA,NA,43.762,NA,109.108,20.511,63.964,178.881,31.094,11.392,41.755,78.501,55.99,47.12,18.435,81.217,142.299,153.426,60.688,88.059,94.091,219.94,42.859,71.433,168.912,77.674,93.673
"1983-12",79.826,25.048,184.902,160.718,37.806,167.858,49.186,33.424,34.953,118.466,NA,61.118,11.74,64.723,56.222,92.401,97.561,97.059,64.047,59.122,5.776,13.238,66.593,258.972,19.182,147.393,130.708,19.592,97.478,NA,NA,69.041,NA,113.695,8.745,19.842,204.822,77.035,24.454,23.478,98.401,49.655,44.657,12.323,81.603,181.635,118.99,60.633,98.666,104.521,301.003,47.289,57.658,93.992,74.486,97.737
"1984-01",98.724,29.371,133.837,92.178,26.853,112.165,33.55,20.484,30.635,99.872,NA,83.82,22.816,86.975,49.747,73.492,98.096,59.684,50.674,50.373,3.669,4.725,13.731,147.719,21.209,124.913,202.088,15.543,94.715,NA,NA,30.113,NA,87.89,2.393,15.762,242.546,255.278,74.355,38.756,61.67,58.282,38.59,15.294,117.324,196.55,93.199,63.165,73.804,87.493,249.766,77.092,32.935,35.262,75.893,96.697
"1984-02",66.937,26.474,75.891,126.892,18.027,128.578,18.771,10.899,37.622,130.66,NA,68.765,15.022,97.29,31.934,113.074,75.997,95.257,33.499,49.157,1.033,10.62,5.887,33.742,34.67,150.928,179.99,17.698,82.864,NA,NA,53.528,NA,114.916,0.751,3.38,248.864,285.494,122.711,51.314,99.879,63.767,78.103,17.258,119.206,181.61,71.349,81.075,44.924,102.921,196.152,100.09,5.984,7.595,86.234,95.885
"1984-03",79.439,27.076,89.347,104.485,21.365,113.602,25.053,16.735,34.64,107.31,NA,86.303,43.724,103.362,15.255,120.048,98.49,69.499,6.968,28.576,5.157,1.892,3.441,50.57,31.809,82.152,158.174,16.271,74.38,NA,NA,32.28,NA,84.157,0.656,6.159,206.395,245.92,64.113,29.121,49.006,89.206,81.7,12.26,148.08,156.385,65.43,78.731,31.724,80.029,148.444,156.603,2.578,24.86,88.614,95.135
"1984-04",58.14,25.024,35.355,164.142,16.883,73.678,12.158,10.602,55.203,90.666,NA,92.961,64,91.831,21.343,314.642,65.124,47.676,30.108,25.358,55.89,4.969,4.001,76.374,57.533,111.17,129.276,13.353,53.013,NA,NA,26.373,NA,92.049,0.187,1.22,210.419,171.655,28.674,42.329,109.262,88.001,75.986,14.711,125.879,152.452,60.288,97.426,118.394,77.849,95.894,108.092,1.113,6.133,95.07,95.243
"1984-05",49.889,23.462,38.442,115.656,21.412,27.751,13.058,54.41,29.277,55.838,NA,105.033,43.034,72.232,18.553,256.054,56.308,24.654,26.967,14.017,105.63,2.159,5.332,207.284,73.377,108.224,134.712,22.079,63.022,NA,NA,23.256,NA,143.133,0.244,9.831,247.212,94.263,51.375,60.467,86.351,91.951,74.791,18.764,119.491,161.123,74.979,77.353,209.833,64.166,84.515,80.467,2.747,33.112,103.752,98.441
"1984-06",56.315,41.853,46.273,120.303,17.774,14.653,35.025,224.903,39.999,110.825,NA,89.109,42.814,56.623,70.299,284.819,40.89,43.017,21.466,8.645,259.699,2.591,22.674,216.827,64.489,105.839,28.225,20.215,65.035,NA,NA,10.909,NA,200.257,0.139,105.248,224.781,35.442,65.602,64.302,103.019,82.959,64.691,13.219,98.975,157.085,137.811,79.563,209.905,69.976,99.624,62.834,40.267,137.84,95.149,97.277
"1984-07",54.51,48.525,64.317,155.787,46.563,26.565,40.281,145.923,38.094,113.393,NA,56.039,53.439,75.421,166.221,49.177,41.218,15.495,1.373,3.391,329.975,1.035,30.642,86.142,36.286,62.809,5.02,38.999,53.151,NA,NA,1.615,NA,179.245,0.073,221.552,217.647,17.697,91.215,80.924,104.68,66.122,63.075,37.806,99.052,166.054,147.252,80.716,135.867,60.949,102.787,52.472,111.163,267.543,85.105,97.065
"1984-08",83.133,60.83,49.656,93.476,35.137,10.304,39.854,162.55,50.46,112.784,NA,67.241,40.916,92.383,166.01,12.445,43.265,33.324,7.585,4.121,290.96,0.904,24.496,62.949,34.815,55.73,7.269,22.591,80.348,NA,NA,3.618,NA,165.455,0.056,227.767,192.651,9.255,28.203,93.591,87.451,68.969,42.808,25.05,85.193,138.48,173.308,82.168,75.805,70.702,90.056,32.726,108.673,266.243,84.027,94.451
"1984-09",65.261,61.984,211.947,152.734,43.245,98.091,141.112,249.698,59.557,137.689,NA,59.342,28.615,74.642,110.814,14.726,69.902,26.643,21.253,32.859,191.859,3.627,29.835,98.542,51.78,50.983,10.668,36.038,76.564,NA,NA,10.04,NA,207.105,1.451,89.149,155.439,5.34,16.393,72.335,79.113,64.361,41.472,29.018,74.891,144.059,184.658,64.871,62.4,97.689,136.332,27.332,30.551,101.449,81.199,94.333
"1984-10",83.251,65.515,81.808,162.47,42.769,46.933,83.942,185.95,112.027,145.842,NA,50.638,34.381,83.633,94.239,13.851,96.564,90.866,24.718,34.83,128.033,28.535,170.739,285.08,24.308,106.479,22.954,35.697,99.253,NA,NA,57.732,NA,113,88.969,59.105,126.809,5.42,9.468,40.826,60.216,59.553,61.007,25.505,70.956,147.143,152.528,64.957,59.349,112.386,171.026,37.081,109.747,58.664,81.503,91.905
"1984-11",74.412,48.952,71.131,114.586,43.328,82.358,64.533,88.666,92.02,114.816,NA,55.882,12.99,80.249,99.815,20.187,97.593,87.352,58.216,61.671,57.565,40.859,240.04,225.454,30.39,89.711,67.817,21.576,114.558,NA,NA,56.327,NA,130.439,44.181,108.128,120.838,15.727,41.943,24.828,45.772,47.595,47.172,19.185,70.173,160.397,133.944,67.825,93.454,106.066,116.325,61.715,218.505,183.924,71.036,90.512
"1984-12",106.265,38.468,45.377,102.818,39.208,101.86,74.733,47.341,64.783,122.948,NA,82.437,19.552,65.172,142.449,54.905,111.532,104.439,61.594,87.066,6.359,7.884,154.803,327.287,28.785,113.427,175.142,22.609,127.468,NA,NA,62.206,NA,120.697,6.464,46.201,199.127,108.885,101.658,32.295,61.699,47.41,39.873,24.468,74.867,196.921,94.555,59.389,93.961,92.159,257.209,64.046,72.87,63,72.407,94.928
"1985-01",93.672,18.309,201.573,148.85,24.292,164.368,84.705,46.371,83.033,87.242,NA,65.764,15.665,85.549,33.418,131.978,79.675,89.691,46.553,85.667,1.595,10.191,16.768,165.143,13.136,114.002,200.759,16.871,84.248,NA,NA,79.379,NA,117.852,10.705,9.735,187.916,221.856,40.152,50.395,84.14,44.324,55.134,22.583,104.603,202.694,83.139,69.286,58.259,101.343,263.43,73.287,34.981,17.801,79.112,94.999
"1985-02",100.792,24.279,86.587,144.111,21.162,153.1,42.743,15.88,32.186,82.964,NA,74.45,19.298,101.761,14.119,81.265,91.737,70.283,54.845,62.857,5.052,5.236,4.313,57.267,19.223,122.516,144.106,20.351,88.811,NA,NA,35.429,NA,88.893,0.412,2.021,174.872,232.905,95.363,28.306,47.503,67.695,62.602,13.471,107.107,214.171,71.02,72.781,60.557,117.777,221.607,131.822,1.796,15.461,85.759,97.484
"1985-03",67.103,23.039,125.367,143.308,21.796,98.894,24.506,9.699,23.911,106.273,NA,94.207,31.238,118.623,12.378,122.377,112.938,59.221,18.014,37.449,18.735,2.2,2.187,88.907,37.004,65.601,109.162,20.042,75.194,NA,NA,31.735,NA,64.152,0.044,0.965,207.473,331.753,92.685,38.734,73.767,85.003,84.428,13.782,110.93,209.422,60.629,83.178,78.01,88.235,159.349,142.991,0.724,8.042,93.745,98.605
"1985-04",52.072,15.898,76.367,93.375,16.525,52.632,13.039,17.632,33.677,54.961,NA,119.031,42.109,83.999,13.817,240.456,46.553,58.753,6.594,36.096,92.583,2.808,5.41,153.446,50.276,95.032,176.325,16.579,63.927,NA,NA,19.159,NA,76.589,0.144,5.556,149.187,141.082,84.218,63.229,92.023,91.643,62.587,13.306,119.425,217.04,51.011,91.25,154.814,80.836,96.383,94.419,4.746,14.566,94.433,95.183
"1985-05",43.44,29.348,68.302,77.255,20.604,57.515,18.071,34.257,15.056,64.575,NA,79.877,43.631,93.937,14.304,307.325,34.619,48.597,10.117,20.268,137.043,3.816,36.594,233.579,48.209,95.034,164.096,14.009,87.563,NA,NA,17.124,NA,121.556,11.78,19.045,188.643,52.329,110.212,51.648,68.251,72.429,82.397,9.296,101.072,220.278,56.768,85.626,176.574,65.975,235.905,87.358,10.274,78.804,98.053,97.733
"1985-06",36.117,25.746,111.553,100.564,18.359,13.222,19.946,181.774,67.116,92.447,NA,74.511,46.145,81.386,61.586,191.351,44.851,27.876,0.856,12.379,284.138,2.051,34.197,156.954,36.607,82.328,55.612,24.722,39.587,NA,NA,4.282,NA,193.464,0.082,18.268,168.998,17.926,49.643,106.013,110.056,73.851,68.069,19.498,93.554,180.852,114.076,89.502,197.645,71.626,209.114,59.895,47.658,59.215,93.76,99.824
"1985-07",63.767,43.653,99.656,117.242,26.237,15.716,112.065,283.46,51.143,100.912,NA,58.527,52.927,66.241,203.316,48.917,39.301,35.237,1.967,9.483,315.652,1.445,11.418,46.552,45.336,47.34,7.025,42.202,48.058,NA,NA,3.356,NA,157.036,0.106,232.957,195.318,16.305,40.419,132.192,98.486,65.809,51.404,37.264,81.562,173.248,160.322,71.944,134.915,73.215,154.475,41.586,118.541,304.82,86.064,98.405
"1985-08",58.361,50.468,36.226,99.971,38.07,11.318,35.607,151.739,42.358,122.983,NA,65.723,54.072,78.628,141.04,12.406,47.064,27.699,1.152,3.288,284.117,1.916,7.647,36.175,65.125,52.566,7.24,43.587,71.648,NA,NA,3.058,NA,182.915,0.019,109.621,191.869,11.815,32.963,71.775,84.117,71.862,56.565,33.76,77.628,155.482,179.681,83.31,68.59,73.528,134.483,33.648,29.132,173.253,84.832,96.378
"1985-09",85.778,75.442,104.022,136.951,53.731,31.772,122.6,206.632,71.642,136.466,NA,73.151,46.448,80.89,91.271,6.342,70.782,32.88,30.401,14.782,202.363,0.456,20.859,78.289,28.866,25.357,14.06,34.427,76.33,NA,NA,16.257,NA,213.586,0.338,142.549,190.192,10.995,17.416,42.856,60.013,60.959,58.75,24.823,65.722,130.809,171.56,84.121,59.496,96.434,170.965,27.888,58.262,220.385,89.149,95.267
"1985-10",98.014,65.609,171.142,112.885,39.315,64.944,85.196,143.875,110.501,134.48,NA,73.729,25.491,54.623,59.55,12.282,77.1,66.603,47.664,34.417,114.971,8.254,62.099,103.021,39.197,49.817,36.975,25.873,101.705,NA,NA,95.447,NA,130.665,11.678,103.875,122.903,4.884,7.438,45.014,70.439,70.498,59.263,21.384,70.307,156.003,159.487,68.047,87.715,97.274,286.225,30.89,81.561,164.857,84.309,95.57
"1985-11",93.417,41.26,225.489,119.962,36.096,90.854,109.414,143.721,67.639,142.283,NA,78.306,15.581,69.569,102.472,23.775,83.897,86.844,87.738,70.736,47.371,6.575,78.065,123.063,31.35,70,51.458,23.15,103.717,NA,NA,64.004,NA,125.125,5.892,111.923,193.065,12.834,11.088,33.118,63.411,49.012,52.908,14.021,70.113,155.925,148.22,65.939,119.275,93.497,273.012,38.059,110.093,239.539,81.905,94.97
"1985-12",85.148,22.096,130.723,164.699,47.473,125.48,50.913,28.528,47.924,126.891,NA,71.321,14.522,98.262,61.71,131.891,82.063,133.2,82.98,41.739,4.648,7.073,36.54,123.158,12.861,70.976,197.876,16.559,106.938,NA,NA,78.618,NA,140.806,8.034,17.326,215.053,59.83,16.302,41.535,94.553,36.696,50.393,16.18,75.545,191.547,115.175,67.843,88.056,92.895,260.075,70.595,44.757,65.19,72.171,94.615
"1986-01",106.594,26.103,127.011,116.29,25.458,121.486,51.799,21.309,49.303,63.697,NA,86.282,22.786,91.047,39.156,109.578,120.334,53.478,60.752,55.152,0.716,9.24,14.001,57.399,40.811,113.866,230.76,26.348,93.327,NA,NA,80.219,NA,135.725,3.924,24.788,290.438,343.26,77.939,52.367,84.832,51.37,49.5,24.035,95.852,190.083,81.033,93.126,63.376,80.37,206.728,133.341,13.393,51.177,74.893,100.034
"1986-02",93.367,23.29,153.863,151.713,28.949,52.203,25.868,15.142,37.901,50.64,NA,101.142,37.797,87.532,25.573,99.9,77.428,57.959,82.468,65.914,4.311,9.804,3.727,74.799,30.854,109.27,163.224,13.479,71.785,NA,NA,61.807,NA,107.106,0.342,4.093,221.293,447.711,109.231,42.639,67.428,77.493,55.092,17.52,130.97,188.708,72.641,95.816,56.02,94,194.301,73.686,3.057,23.772,81.447,97.93
"1986-03",65.112,25.777,130.579,143.991,24.447,85.138,56.473,20.771,32.757,116.096,NA,82.79,29.426,96.51,15.961,116.231,67.708,69.117,28.344,38.007,10.244,8.257,5.82,57.849,22.523,153.416,75.202,10.57,83.836,NA,NA,17.478,NA,82.223,3.118,16.73,192.738,296.365,72.725,45.469,72.451,84.354,79.374,15.39,132.961,165.936,67.002,95.786,73.519,100.984,103.19,93.823,1.72,24.278,91.657,94.771
"1986-04",68.328,28.369,90.094,92.338,20.832,45.298,16.537,12.753,28.78,78.156,NA,92.178,23.327,100,22.284,125.976,70.969,45.256,8.94,28.856,57.91,2.804,6.839,115.139,38.957,89.245,252.618,14.596,81.12,NA,NA,31.324,NA,102.483,0.519,19.975,206.342,171.238,77.854,44.384,87.491,77.603,77.699,13.025,110.817,140.842,65.414,98.885,142.65,61.359,174.07,132.903,18.904,43.438,97.17,95.289
"1986-05",47.046,30.923,14.051,75.014,26.257,41.496,15.336,54.753,33.114,46.608,NA,87.139,51.788,64.51,14.88,345.226,45.908,29.974,10.536,19.25,136.514,3.709,6.658,233.203,39.261,74.17,99.524,20.68,61.433,NA,NA,13.267,NA,142.74,0.07,3.998,228.031,161.529,52.898,55.74,81.829,80.044,63.521,14.316,114.658,128.065,81.606,84.114,169.615,46.491,94.812,93.462,3.472,62.499,98.103,95.44
"1986-06",57.984,39.777,23.819,122.35,32.69,25.145,32.171,154.495,34.88,73.688,NA,80.294,40.448,59.807,52.218,277.774,46.382,17.238,6.219,8.639,182.538,3.937,25.899,108.432,64.486,60.787,76.117,31.98,62.63,NA,NA,11.72,NA,159.517,0.119,123.744,238.93,43.172,63.277,108.321,114.563,81.773,54.822,25.12,97.574,121.261,124.647,73.324,224.976,58.186,212.958,59.464,90.583,208.686,89.806,97.461
"1986-07",46.097,50.479,7.989,106.757,28.92,14.96,23.677,144.741,23.86,121.278,NA,91,77.874,55.269,144.19,60.861,55.971,19.64,1.355,1.08,307.761,1.492,11.643,38.14,94.02,56.752,8.499,45.374,62.942,NA,NA,1.231,NA,220.407,0.04,156.761,231.422,21.318,89.838,108.847,112.541,66.692,44.908,28.856,101.148,107.936,152.364,75.475,142.419,73.17,128.211,41.507,59.48,180.024,83.288,95.919
"1986-08",65.418,51.908,52.66,132.04,47.328,22.246,48.093,152.044,40.633,103.311,NA,68.554,37.642,68.409,127.96,16.656,54.668,60.316,0.624,6.293,283.805,1.326,13.777,45.896,129.996,46.518,9.372,46.342,67.843,NA,NA,2.376,NA,162.615,0.274,175.98,191.321,7.547,25.629,122.939,100.224,73.98,48.346,33.075,82.787,108.828,199.373,71.386,79.192,75.751,155.838,28.594,61.45,206.494,83.011,96.513
"1986-09",82.089,47.329,138.26,136.645,55.512,54.859,191.194,278.796,56.619,135.133,NA,88.633,33.503,66.507,91.027,9.393,82.468,31.794,10.792,23.606,209.92,2.424,28.246,73.157,41.883,40.219,12.754,45,77.78,NA,NA,10.243,NA,151.098,0.311,118.872,194.942,4.553,13.534,72.912,73.896,59.743,43.748,36.787,75.967,102.913,205.015,56.191,71.691,97.713,171.937,25.963,33.773,162.281,87.251,96.253
"1986-10",81.367,47.702,178.068,150.094,45.278,72.552,76.629,169.658,96.775,136.133,NA,39.662,16.173,65.395,72.405,8.573,67.751,98.15,38.228,44.878,145.767,2.476,45.265,103.25,37.346,75.956,40.81,35.447,102.579,NA,NA,26.778,NA,148.975,4.105,119.005,190.931,9.522,19.434,41.325,65.559,59.367,67.328,28.961,71.906,102.333,162.736,65.755,85.877,111.38,275.791,34.782,64.285,169.233,79.458,92.982
"1986-11",72.568,32.316,225.044,180.472,36.156,86.522,93.507,69.972,54.643,122.496,NA,95.201,34.665,80.967,73.821,40.057,94.626,87.886,101.893,82.175,43.675,11.182,42.759,73.738,37.509,70.725,68.335,29.659,101.019,NA,NA,103.049,NA,136.969,9.556,98.071,182.241,8.82,6.758,51.635,84.743,42.264,41.709,17.853,77.826,149.144,146.578,73.369,112.518,121.45,218.57,43.779,78.724,259.237,73.235,95.791
"1986-12",106.714,37.805,139.963,123.002,38.551,139.26,101.819,38.624,46.44,100.166,NA,68.293,16.871,77.23,62.835,62.586,100.095,76.741,60.712,68.93,5.093,12.201,31.903,119.072,21.003,111.197,160.308,28.817,90.632,NA,NA,58.042,NA,124.554,7.13,28.093,238.107,102.53,11.307,28.468,78.003,36.282,38.193,21.78,88.089,154.323,126.969,63.609,99.444,89.608,274.597,56.764,85.915,92.374,69.352,95.86
"1987-01",90.968,25.769,227.786,182.159,27.389,92.144,57.558,23.14,47.69,68.112,NA,84.529,35.529,67.362,34.295,134.401,92.83,108.217,62.079,68.536,0.918,16.098,9.611,88.461,20.319,162.997,231.556,19.674,76.347,NA,NA,34.552,NA,105.698,3.11,3.456,237.642,326.033,61.839,23.3,94.299,52.082,49.442,18.634,110.641,166.752,101.839,69.404,75.571,111.048,209.5,83.092,10.358,16.964,70.392,97.41
"1987-02",74.281,24.242,115.615,165.582,37.793,156.833,26.173,15.486,46.971,77.902,NA,108.982,39.456,85.234,20.524,104.335,96.625,79.152,14.075,67.493,1.892,14.603,4.12,34.387,47.947,113.34,152.337,24.467,62.162,NA,NA,62.679,NA,90.024,1.206,5.17,206.567,348.8,60.552,35.496,70.76,69.294,69.293,22.149,128.024,160.866,81.043,109.547,38.814,101.124,141.101,175.834,10.486,8.358,82.02,100.276
"1987-03",79.426,36.503,53.36,109.269,19.366,146.026,8.684,10.089,24.093,65.846,NA,82.467,16.374,139.209,15.719,144.596,68.089,44.24,44.555,34.915,6.052,4.91,2.745,53.392,44.101,142.69,140.28,16.58,66.03,NA,NA,19.773,NA,61.474,0.011,1.787,205.862,373.287,190.678,40.321,55.541,81.024,79.237,16.884,121.583,166.587,74.138,115.33,38.016,74.417,138.828,98.958,1.98,23.262,92.425,94.875
"1987-04",68.719,30.184,132.467,117.449,16.556,58.095,13.907,10.925,22.732,48.035,NA,95.289,36.756,69.13,18.949,272.742,60.913,46.773,0.808,29.781,45.984,4.709,1.489,75.391,51.472,93.176,114.063,13.908,69.715,NA,NA,9.752,NA,80.67,0.126,24.908,236.577,226.715,64.086,68.804,118.575,86.414,76.97,15.004,131.212,166.457,66.368,91.508,127.127,66.217,98.228,109.098,9.291,88.172,100.992,95.784
"1987-05",48.596,28.207,22.9,76.261,15.095,14.151,14.369,75.578,29.456,46.38,NA,89.701,46.959,64.967,14.277,210.289,31.606,61.034,13.965,20.367,144.814,2.255,8.133,116.969,73.272,121.389,236.282,14.229,70.044,NA,NA,33.265,NA,91.349,0.792,32.075,205.862,55.278,52.359,62.429,86.259,87.524,64.841,9.407,121.597,121.832,97.862,94.278,201.112,60.436,173.397,87.086,17.935,93.283,98.852,96.433
"1987-06",50.58,43.545,32.326,99.526,32.443,14.367,28.32,188.639,32.17,101.031,NA,80.967,76.558,55.42,67.257,209.624,42.966,34.22,14.998,8.916,189.551,0.907,28.955,64.375,93.8,156.082,35.56,22.607,47.273,NA,NA,8.889,NA,187.41,0.123,149.793,232.316,23.006,65.802,99.872,81.458,92.294,53.206,18.344,103.877,121.035,137.348,76.414,225.066,63.226,79.398,66.234,61.277,149.555,86.399,96.088
"1987-07",50.121,47.007,15.127,104.299,18.284,7.442,31.804,160.716,27.656,99.876,NA,94.319,63.748,54.873,109.113,53.585,47.037,13.837,1.355,2.879,348.076,1.396,9.997,55.094,102.076,96.687,22.525,34.838,79.389,NA,NA,1.369,NA,121.336,0.043,216.873,227.208,19.329,73.101,86.72,76.088,74.906,44.997,25.622,91.332,128.6,155.221,71.251,165.588,62.349,127.581,57.159,112.405,181.171,84.565,94.939
"1987-08",71.586,54.026,38.984,118.852,39.543,33.147,33.889,141.323,30.526,127.285,NA,95.964,57.906,56.219,162.501,16.061,70.212,23.74,3.258,5.575,352.978,0.976,14.568,39.436,46.611,73.587,11.41,46.315,69.898,NA,NA,8.487,NA,163.791,0.008,171.137,200.034,4.15,33.893,105.843,96.749,74.385,53.056,38.807,82.1,137.93,184.62,66.114,106.47,72.97,83.721,35.366,62.727,265.929,83.261,98.104
"1987-09",70.222,50.795,182.71,143.985,47.225,30.484,129.839,187.104,63.334,135.46,NA,73.074,37.083,41.809,97.147,7.972,86.813,57.553,31.788,17.103,224.418,1.17,29.878,51.385,30.919,40.739,13.907,41.021,81.816,NA,NA,16.084,NA,165.501,0.351,214.901,165.583,3.865,14.061,60.195,69.629,64.618,43.582,37.564,77.615,142.569,176.663,62.004,73.877,99.478,119.402,30.842,121.176,269.549,85.57,93.967
"1987-10",86.277,57.078,159.903,200.054,37.568,133.311,99.939,221.966,124.928,156.896,NA,54.317,29.144,93.255,69.894,8.449,99.844,90.595,6.842,39.057,174.82,18.835,161.896,260.099,17.613,51.09,29.285,32.308,95.999,NA,NA,18.919,NA,110.482,12.388,99.07,144.071,4.27,13.347,46.218,73.473,54.298,63.219,24.261,69.307,139.128,187.038,67.672,68.946,121.456,147.131,27.068,99.111,153.881,84.391,95.507
"1987-11",70.673,37.947,136.427,132.258,37.17,182.714,67.862,98.309,70.303,161.914,NA,61.167,22.713,73.75,60.621,13.582,86.182,131.345,49.424,62.708,49.747,25.671,212.157,261.133,21.308,94.809,142.192,18.737,100.316,NA,NA,36.566,NA,112.271,51.569,91.921,174.459,31.949,5.968,41.455,57.536,49.83,46.487,14.783,75.729,157.521,120.753,62.413,103.83,102.709,158.226,42.647,178.688,163.32,75.352,91.642
"1987-12",88.423,36.729,66.696,136.76,33.501,145.473,29.084,40.139,73.334,111.895,NA,75.909,16.981,101.049,63.898,62.626,87.625,116.1,43.654,76.334,6.999,11.342,131.485,383.429,18.185,95.349,219.544,26.93,119.707,NA,NA,60.077,NA,97.732,11.019,58.873,177.005,71.613,34.002,41.039,73.828,44.648,37.933,21.787,79.861,213.375,109.075,63.785,71.18,94.034,233.785,44.135,112.514,80.538,71.105,95.678
"1988-01",104.123,23.488,226.993,145.867,24.736,183.828,54.846,15.311,35.909,70.933,NA,64.13,19.611,99.553,33.647,175.721,101.836,57.973,102.867,60.804,1.57,7.297,25.056,214.212,19.361,186.244,277.56,19.848,84.549,NA,NA,91.31,NA,98.855,5.448,12.284,215.484,245.881,96.062,39.874,109.757,52.377,55.204,17.599,91.987,183.802,90.232,72.438,72.46,97.116,280.708,67.704,9.489,33.34,72.233,95.972
"1988-02",70.85,28.903,101.421,113.308,25.163,175.515,34.302,8.718,36.233,91.692,NA,85.164,27.741,108.396,15.621,64.597,92.591,93.638,54.309,50.295,1.67,2.804,6.778,69.683,25.216,85.75,138.392,13.237,85.26,NA,NA,50.094,NA,106.079,1.525,4.948,213.252,244.845,101.056,32.765,58.639,72.646,63.718,19.343,116.143,216.285,67.628,90.846,31.902,94.921,228.836,129.624,11.96,9.338,85.772,98.184
"1988-03",71.317,20.559,77.719,117.374,32.611,117.074,27.065,7.762,27.176,89.38,NA,86.654,22.05,69.116,13.33,143.585,102.93,53.041,21.093,28.594,10.995,2.195,5.602,85.764,19.292,96.428,140.97,14.641,87.675,NA,NA,35.257,NA,67.181,1.02,1.477,216.712,349.796,97.772,31.22,63.293,77.604,76.55,14.908,120.767,214.891,66.626,92.348,49.652,78.586,130.997,111.21,2.162,2.999,93.957,96.42
"1988-04",53.005,31.135,87.431,129.992,18.687,70.313,19.968,9.729,22.623,86.845,NA,59.989,29.883,82.12,14.868,301.989,63.818,51.447,9.617,31.059,63.476,18.389,8.273,131.532,36.022,108.583,169.076,20.927,54.58,NA,NA,13.818,NA,77.571,8.114,8.358,139.109,180.582,89.676,60.815,91.788,78.625,77.415,21.169,109.234,185.533,58.911,110.605,145.322,75.598,130.366,100.79,1.228,5.257,99.963,94.666
"1988-05",42.953,39.135,29.264,71.511,23.555,53.705,5.309,63.644,44.098,64.124,NA,81.907,31.261,49.95,15.943,305.603,35.021,48.849,4.764,24.524,118.195,1.461,4.577,125.05,89.926,97.13,111.13,12.393,67.389,NA,NA,26.284,NA,99.864,0.239,3.008,231.277,51.945,46.826,123.407,107.126,75.826,82.564,13.484,108.439,168.222,72.426,82.521,193.96,71.66,138.253,89.264,2.029,58.629,96.8,97.569
"1988-06",58.691,33.728,20.115,80.592,11.847,32.398,21.377,197.939,47.984,80.155,NA,84.747,44.206,48.473,102.426,197.74,38.273,41.72,28.449,7.182,273.169,2.179,72.861,159.9,144.415,130.795,54.31,33.446,73.612,NA,NA,15.585,NA,195.507,0.4,47.26,216.239,38.169,62.486,84.217,84.977,77.555,59.228,23.199,99.437,171.129,126.168,72.426,234.067,56.688,127.398,54.399,62.356,45.797,95.005,99.475
"1988-07",52.783,43.383,41.223,101.133,22.567,26.275,29.737,166.524,23.098,121.881,NA,115.331,66.438,36.742,157.658,50.055,59.333,31.167,1.729,2.775,304.298,2.414,12.546,40.392,69.028,71.068,12.228,45.045,46.494,NA,NA,1.382,NA,203.371,0.178,219.198,185.653,11.823,29.179,131.196,106.993,69.462,49.361,44.871,92.232,166.701,166.948,64.702,162.531,66.218,59.857,50.96,116.541,285.371,97.652,98.863
"1988-08",61.839,53.006,100.04,106.663,52.236,10.634,57.739,147.953,44.59,114.812,NA,71.914,33.037,44.964,109.174,17.4,53.073,35.398,2.39,2.168,289.722,1.9,29.369,63.205,30.555,63.428,9.964,47.392,54.335,NA,NA,2.591,NA,168.737,0.607,214.981,200.171,6.356,22.668,107.927,122.191,71.462,64.183,42.147,83.966,143.319,163.91,63.777,70.324,74.774,114.613,33.595,132.935,251.284,88.136,93.966
"1988-09",92.611,61.073,104.979,129.245,69.387,28.346,155.942,275.665,90.097,123.933,NA,69.266,29.26,78.925,72.779,7.682,63.751,52.883,14.29,10.877,183.575,1.225,45.534,65.389,35.682,64.364,14.572,32.665,106.726,NA,NA,7.124,NA,185.413,0.327,272.639,147.543,3.473,17.081,55.01,74.778,63.288,55.658,24.423,70.551,99.795,196.25,69.729,73.174,98.083,111.006,33.452,166.834,320.897,83.15,94.126
"1988-10",68.891,49.023,38.16,108.606,51.002,66.315,114.026,265.135,133.962,138.809,NA,67.941,23.911,72.448,52.439,9.557,101.873,112.731,12.061,58.853,205.988,4.783,93.308,252.863,58.05,72.027,33.015,36.408,87.043,NA,NA,16.008,NA,90.773,3.557,109.784,183.115,8.407,16.765,34.461,66.54,66.549,58.722,26.453,73.731,134.291,162.995,54.679,90.4,119.61,172.066,27.561,108.752,217.64,82.656,93.502
"1988-11",66.886,42.359,224.362,177.946,33.485,84.79,86.665,84.55,54.872,131.912,NA,61.287,11.771,91.451,129.971,20.297,102.922,126.888,59.69,73.03,60.453,9.481,136.001,215.048,22.843,78.757,50.41,21.206,76.813,NA,NA,18.825,NA,121.27,4.539,115.928,166.852,25.027,14.435,42.204,83.158,47.964,45.399,17.95,78.579,137.738,138.091,58.131,117.299,102.358,165.484,44.601,188.04,136.099,74.938,90.949
"1988-12",92.907,28.043,166.114,167.846,38.448,155.489,65.689,67.795,70.023,125.177,NA,84.122,15.778,60.122,78.573,97.006,88.167,76.51,97.572,83.864,6.499,14.501,82.958,274.034,28.962,116.902,150.79,24.73,93.628,NA,NA,95.895,NA,114.95,6.027,22.958,208.496,187.991,20.236,29.174,75.888,43.291,36.642,22.981,77.557,187.502,121.132,59.091,120.422,103.159,209.683,66.015,74.415,57.98,71.736,97.179
"1989-01",102.813,40.891,126.496,146.824,30.083,89.539,38.885,20.251,42.444,88.031,NA,75.7,16.56,82.899,46.509,106.031,111.816,59.728,46.278,61.91,3.239,11.8,35.223,174.884,32.926,146.316,231.492,20.448,98.923,NA,NA,58.721,NA,81.281,2.252,9.784,243.863,313.561,86.315,52.605,99.602,60.757,43.957,16.972,100.519,189.16,89.274,70.154,55.847,92.916,277.375,77.153,18.09,22.131,73.466,96.354
"1989-02",79.192,30.25,125.977,190.65,23.062,201.193,31.581,15.934,43.94,72.177,NA,104.341,14.357,77.254,19.138,147.993,117.572,59.722,31.268,35.864,1.866,18.696,5.739,36.782,48.126,116.44,202.938,19.81,39.874,NA,NA,35.718,NA,112.051,0.655,4.123,167.589,176.737,103.784,24.39,61.457,69.157,55.68,16.239,143.494,178.621,77.169,78.115,52.102,102.945,202.59,160.452,6.908,5.616,81.562,97.602
"1989-03",84.718,24.715,149.976,170.569,13.585,113.124,39.11,13.233,30.204,60.288,NA,62.768,12.641,80.751,19.666,171.373,103.806,71.238,13.033,37.082,9.585,3.561,1.599,47.533,68.859,112.387,67.919,19.683,63.634,NA,NA,16.25,NA,81.814,0.32,1.956,204.994,316.207,170.851,32.76,95.168,78.298,67.434,17.837,117.62,176.321,65.1,82.234,63.178,85.432,137.982,103.246,3.43,5.702,89.107,92.844
"1989-04",57.177,19.339,57.319,98.619,11.932,91.115,15.857,11.184,17.185,39.677,NA,87.767,70.963,100.804,15.075,378.462,61.178,45.977,3.994,22.255,63.218,2.712,1.693,121.827,37.767,125.229,95.512,19.074,53.858,NA,NA,20.84,NA,79.606,0.623,3.083,215.74,336.494,61.676,49.75,101.037,83.336,68.239,17.864,133.563,177.07,62.175,75.183,134.675,71.142,91.87,110.392,1.911,13.213,90.159,96.45
"1989-05",34.559,32.929,80.54,70.641,21.2,33.893,16.616,45.64,19.596,47.728,NA,89.318,35.655,93.754,20.83,259.646,40.898,44.832,18.205,14.592,135.11,1.684,16.423,161.661,59.855,125.943,122.773,10.722,83.846,NA,NA,23.43,NA,115.669,0.106,13.714,248.526,96.747,34.883,77.321,83.066,83.369,60.605,10.191,113.863,155.155,76.457,88.4,216.665,58.948,111.014,84.565,7.287,69.567,97.32,96.589
"1989-06",45.708,39.69,53.785,108.489,25.885,23.884,28.692,159.942,35.433,79.118,NA,84.88,50.02,65.739,62.322,307.806,39.499,42.023,16.519,11.115,197.211,1.591,33.221,177.507,90.594,62.97,17.82,23.23,68.883,NA,NA,7.741,NA,169.01,0.156,119.391,248.485,22.62,50.383,96.532,102.796,78.964,63.942,15.872,106.232,149.036,130.196,88.361,220.393,56.458,101.289,53.463,43.885,115.981,91.436,98.514
"1989-07",58.367,42.622,65.03,97.011,22.323,27.803,72.505,270.129,40.753,105.372,NA,97.626,55.942,88.975,161.289,53.23,44.071,17.58,8.228,2.398,367.46,2.687,26.641,132.254,76.546,37.934,4.7,36.121,75.152,NA,NA,12.018,NA,135.432,0.091,190.238,243.563,24.784,45.858,74.278,91.198,71.015,60.764,27.818,96.462,101.149,162.386,76.729,91.773,69.256,160.718,42.453,106.89,238.312,87.021,94.908
"1989-08",61.127,68.561,59.823,120.955,39.57,10.163,41.642,152.725,38.274,99,NA,73.955,47.461,53.432,132.781,17.412,49.72,16.63,8.659,2.103,211.352,0.957,35.092,46.615,83.4,55.793,5.277,55.572,80.444,NA,NA,3.574,NA,163.714,0.075,183.338,188.371,3.662,28.24,115.631,123.55,63.218,56.595,32.424,94.085,101.167,184.394,64.812,62.427,79.551,207.018,31.565,93.864,270.057,87.724,97.561
"1989-09",99.831,47.082,119.003,126.484,38.569,28.339,77.114,195.8,85.342,122.527,NA,66.479,41.114,76.102,90.842,11.318,71.013,49.207,20.851,25.794,137.077,0.753,31.606,39.248,53.064,48.327,6.245,36.962,88.992,NA,NA,17.588,NA,180.39,0.32,172.738,157.994,3.032,18.45,86.064,112.242,65.675,57.563,32.787,74.944,107.637,183.385,63.122,56.419,98.965,153.648,31.442,80.613,273.07,82.286,92.356
"1989-10",93.297,63.173,77.476,210.452,66.348,54.012,189.681,233.778,126.206,130.269,NA,37.149,23.42,83.198,55.54,10.789,94.823,32.653,40.94,56.401,93.125,24.468,180.567,172.443,38.597,73.937,8.593,47.374,84.611,NA,NA,39.479,NA,119.52,21.577,158.805,193.694,6.178,29.323,40.797,64.711,72.31,53.49,32.169,78.589,92.385,171.569,64.132,61.742,123.148,274.875,27.265,121.322,272.544,73.464,95.47
"1989-11",88.964,59.25,268.954,157.875,40.91,120.499,74.896,62.794,95.412,112.027,NA,64.126,11.76,73.568,31.987,12.632,89.739,111.192,40.531,71.43,84.771,32.005,80.553,171.617,9.889,70.911,40.599,26.208,120.356,NA,NA,61.384,NA,120.25,8.016,43.264,226.802,50.406,20.859,42.545,62.596,53.082,47.142,14.185,80.593,145.792,150.157,69.932,77.579,103.979,251.452,41.063,59.961,130.005,71.917,95.621
"1989-12",80.611,37.452,106.884,149.648,26.618,169.036,74.114,33.582,46.548,138.601,NA,70.291,21.96,86.841,56.284,100.206,109.009,91.301,53.167,79.214,9.559,21.6,50.527,232.608,16.07,128.95,147.636,29.097,92.899,NA,NA,88.817,NA,128.229,3.599,6.769,152.837,52.204,50.947,25.855,65.998,51.68,40.943,21.394,90.692,143.129,123.678,63.93,94.834,110.399,323.222,77.635,9.613,34.203,73.262,95.855
"1990-01",78.666,44.363,122.978,122.004,33.682,221.493,38.957,24.21,55.95,96.648,NA,92.856,14.843,86.265,31.699,61.339,63.825,104.543,54.459,71.933,2.429,11.671,7.082,116.731,26.085,119.162,202.85,16.721,85.899,NA,NA,43.575,NA,118.666,8.405,8.804,276.512,385.535,110.551,36.936,97.153,54.234,36.903,16.065,105.403,170.348,104.713,75.477,57.95,105.473,256.675,66.47,10.397,82.377,73.465,98.97
"1990-02",88.573,32.271,80.653,69.568,30.699,145.157,51.334,19.81,51.016,82.623,NA,70.522,22.565,113.808,16.05,85.227,78.42,90.808,25.779,59.181,0.799,6.858,3.966,83.6,30.147,145.666,190.204,17.376,77.418,NA,NA,33.555,NA,71.815,1.939,2.067,190.857,307.496,68.106,46.129,65.869,71.581,67.704,18.539,124.186,161.609,83.056,81.631,39.296,87.991,211.107,89.27,5.778,7.946,87.17,95.388
"1990-03",83.289,33.181,84.575,161.008,21.304,91.866,20.039,13.592,60.633,109.139,NA,74.646,40.291,85.769,17.565,147.767,91.433,77.553,30.308,26.789,9.724,9.384,4,60.042,30.922,117.206,125.566,18.765,72.924,NA,NA,44.709,NA,71.721,0.053,0.474,191.383,301.366,190.095,44.837,85.793,92.271,70.88,14.167,114.736,154.189,66.845,95.509,60.783,89.594,153.176,136.355,1.058,18.879,93.26,96.234
"1990-04",69.036,30.562,26.367,91.467,21.442,78.352,20.408,16.735,32.092,68.753,NA,126.741,33.239,95.981,19.907,153.665,49.419,24.705,27.736,22.786,40.696,1.938,2.561,139.81,15.166,78.673,113.338,14.281,84.276,NA,NA,19.497,NA,114.222,0.067,2.281,237.792,230.356,64.247,60.181,66.351,80.057,80.803,16.501,142.69,137.572,60.735,106.606,130.993,74.444,110.847,121.973,1.42,19.391,100.757,98.003
"1990-05",42.321,30.626,2.789,58.47,14.518,47.281,2.462,52.608,22.538,52.973,NA,87.401,46.591,75.186,13.825,324.556,56.145,52.216,10.343,21.631,200.073,2.717,9.193,126.143,120.001,96.265,39.469,24.671,55.988,NA,NA,9.834,NA,117.208,0.232,7.803,257.12,98.945,33.09,69.318,91.01,84.488,57.538,13.68,109.92,123.948,83.173,88.925,194.344,61.279,108.904,84.14,2.1,28.738,91.683,94.054
"1990-06",49.866,44.96,41.556,120.203,17.659,13.502,26.641,171.77,37.674,95.212,NA,87.568,68.591,54.65,79.04,288.68,65.743,22.054,1.399,4.777,241.169,2.729,22.461,82.206,81.648,87.384,2.504,36.841,70.744,NA,NA,3.006,NA,150.223,0.074,81.773,294.637,31.461,42.176,94.45,100.402,79.767,62.837,29.385,109.328,126.973,135.372,87.767,196.167,55.604,113.842,66.369,45.657,99.328,87.43,98.301
"1990-07",48.614,50.101,62.853,117.508,32.638,19.911,45.484,160.429,44.481,110.393,NA,86.142,79.608,76.586,130.408,81.008,40.756,52.136,0.771,4.804,328.786,2.901,40.893,133.565,69.134,43.084,4.985,44.819,72.131,NA,NA,1.836,NA,185.187,0.109,97.151,225.011,25.588,22.599,83.943,74.692,69.79,56.439,36.054,99.163,125.617,153.104,82.638,111.565,68.87,166.115,40.506,60.99,128.087,87.701,97.331
"1990-08",66.831,73.991,38.579,116.365,45.239,16.852,44.716,155.451,35.188,117.152,NA,89.788,30.529,63.964,144.504,18.681,46.226,46.319,2.157,8.337,202.371,2.105,16.347,47.909,55.692,40.344,6.592,48.322,62.404,NA,NA,3.176,NA,192.401,0.138,165.253,216.439,4.528,23.592,81.574,117.479,69.898,57.593,31.557,84.008,137.487,171.374,70.659,63.139,79.693,121.464,29.997,85.155,239.794,85.489,95.609
"1990-09",67.479,69.137,332.683,147.936,25.142,14.304,148.521,213.014,71.298,129.584,NA,70.131,31.108,68.461,109.527,13.455,61.081,84.059,9.423,25.513,169.864,1.988,23.089,58.375,56.003,78.182,5.687,40,67.797,NA,NA,19.392,NA,181.717,0.442,116.266,183.491,4.93,7.707,62.832,78.113,67.446,53.002,23.391,83.221,143.069,193.114,59.741,53.615,83.846,83.286,31.533,29.421,169.129,84.745,93.669
"1990-10",82.295,51.749,136.323,144.502,59.661,124.456,105.422,243.837,108.549,130.321,NA,66.479,26.194,79.172,77.747,12.245,71.164,99.531,30.935,39.682,114.131,9.473,136.239,243.18,19.167,77.761,12.173,39.016,114.838,NA,NA,79.467,NA,94.996,15.333,54.233,106.952,7.641,13.744,33.106,50.018,56.055,67.459,24.851,79.151,133.422,153.828,75.309,61.412,127.226,271.722,33.102,45.9,92.31,76.647,92.989
"1990-11",90.49,35.395,146.25,176.383,45.423,187.942,50.335,123.717,83.238,146.391,NA,67.746,17.526,89.251,128.532,25.646,107.932,93.653,73.84,61.629,45.106,4.623,129.17,210.385,55.884,77.404,86.982,21.149,85.708,NA,NA,104.226,NA,81.711,4.435,77.337,147.929,13.527,13.308,39.7,75.803,57.446,38.355,17.335,77.344,142.592,146.837,58.49,87.307,106.651,295.83,48.398,132.333,223.874,76.813,95.69
"1990-12",90.148,40.695,91.272,175.943,35.924,132.947,39.885,34.273,44.554,106.259,NA,68.911,28.94,85.101,34.39,120.605,99.063,111.916,75.446,67.231,3.407,15.349,63.54,218.62,17.843,103.924,239.207,20.013,81.526,NA,NA,56.163,NA,102.263,32.84,34.516,149.542,61.306,24.346,27.911,56.879,45.31,39.52,18.113,77.488,182.595,120.714,68.465,91.637,113.634,316.047,62.72,55.971,99.329,72.146,96.476
"1991-01",101.004,33.371,188.039,174.875,27.9,133.794,77.25,28.928,80.199,90.514,NA,65.16,11,96.871,45.135,100.463,112.28,64.835,78.407,56.825,0.735,10.094,12.542,124.092,25.446,145.523,182.393,18.84,92.53,NA,NA,55.433,NA,96.919,9.763,1.835,239.105,355.027,204.786,36.798,92.312,54.77,53.372,20.282,100.442,225.999,85.31,66.167,57.829,92.228,262.455,61.275,9.588,13.959,72.477,97.597
"1991-02",89.694,22.989,129.029,143.184,26.682,116.955,29.488,20.856,46.117,86.486,NA,67.998,16.385,106.197,23.32,63.659,100.982,126.316,25.333,54.157,0.912,7.626,5.857,32.477,27.75,126.323,196.804,18.671,57.526,NA,NA,24.409,NA,83.024,7.931,2.21,203.664,200.075,65.515,29.639,52.108,71.748,64.283,15.77,116.786,224.97,61.348,80.478,52.48,99.03,157.685,188.189,6.134,2.979,83.767,97.896
"1991-03",76.442,31.658,145.953,114.172,20.387,111.68,27.425,9.382,29.447,64.745,NA,97.4,29.898,152.314,20.382,128.17,73.364,93.04,17.134,40.642,10.295,2.206,6.841,42.592,27.698,161.331,89.429,14.277,53.463,NA,NA,16.41,NA,63.616,0.621,2.103,170.331,342.79,65.128,39.217,88.949,77.643,82.919,15.128,133.464,183.456,70.273,100.452,39.963,91.843,103.396,106.164,3.387,5.581,88.292,94.813
"1991-04",63.104,26.35,50.714,122.613,17.455,45.673,9.513,12.117,15.066,101.454,NA,85.23,19.892,83.465,13.847,293.786,66.005,52.141,33.495,25.256,80.409,2.222,27.742,90.119,27.463,82.159,171.871,16.918,76.287,NA,NA,18.475,NA,98.685,3.855,4.265,141.984,171.788,36.645,63.845,79.941,101.658,83.975,14.056,113.219,224.422,64.055,94.353,131.804,73.05,118.808,122.381,9.634,12.877,95.889,95.569
"1991-05",68.903,27.759,8.226,69.93,19.802,51.621,5.709,15.131,19.396,44.561,NA,96.315,32.896,68.505,15.243,283.396,36.42,43.563,3.667,35.358,135.441,4.21,39.374,273.347,61.398,92.809,152.616,17.289,86.369,NA,NA,11.097,NA,108.621,2.188,6.619,193.082,54.78,17.273,67.07,72.839,80.819,68.548,7.974,109.638,171.379,66.848,81.547,209.165,60.653,198.582,85.77,9.4,13.077,101.111,95.679
"1991-06",54.709,40.456,83.606,114.179,29.606,14.594,15.304,120.391,21.079,59.462,NA,109.421,40.294,76.5,79.882,251.057,36.704,38.638,2.547,16.774,196.923,3.615,13.167,54.876,69.493,60.732,19.664,21.378,64.478,NA,NA,9.069,NA,137.92,0.785,159.899,202.057,16.158,35.344,76.266,89.319,78.285,69.089,26.488,105.888,170.727,106.568,94.226,175.594,64.093,214.392,64.827,48.307,236.857,95.698,99.86
"1991-07",58.039,53.229,27.961,142.317,39.708,7.921,55.226,217.492,26.375,107.242,NA,107.583,54.051,53.038,173.833,41.713,35.566,32.515,3.218,3.426,402.064,2.338,18.885,73.067,70.145,72.387,11.117,40.662,64.963,NA,NA,1.941,NA,165.349,0.104,196.01,183.452,13.526,38.294,70.11,108.179,74.812,62.432,23.654,86.124,155.278,171.543,67.113,115.101,77.938,164.027,52.462,95.102,284.113,94.757,98.838
"1991-08",75.657,54.625,77.165,134.278,37.413,31.216,46.462,151.402,48.319,125.658,NA,64.804,40.928,67.594,167.516,14.766,50.031,33.671,47.4,4.155,251.478,1.716,11.442,44.564,66.225,68.874,6.993,46.661,75.251,NA,NA,16.079,NA,137.335,0.053,156.025,134.3,6.75,36.727,117.891,103.868,71.903,50.447,34.711,80.413,139.419,193.029,64.986,72.906,79.911,88.584,51.287,55.287,232.585,79.092,95.175
"1991-09",85.395,48.362,108.523,116.985,55.871,58.256,106.345,215.446,60.999,122.787,NA,54.041,38.122,92.166,99.414,12.036,56.114,46.212,24.758,15.263,172.169,1.918,53.008,97.643,37.46,41.35,11.415,37.236,89.683,NA,NA,11.027,NA,145.548,2.266,117.678,134.054,3.965,12.556,46.506,80.034,66.998,51.825,19.26,81.976,122.356,193.911,73.343,62.509,88.302,167.099,28.395,72.113,144.502,83.544,94.677
"1991-10",98.976,70.975,117.901,90.923,38.474,29.382,151.159,150.581,59.191,147.87,NA,30.521,21.467,94.767,116.504,14.163,101.465,97.182,43.143,35.736,105.053,19.365,227.861,275.128,50.925,92.357,14.319,40.749,85.732,NA,NA,44.84,NA,122.732,24.256,97.329,99.258,2.208,11.6,67.547,75.115,63.072,54.493,27.496,69.837,148.384,170.778,67.789,60.202,91.896,231.536,36.903,157.124,139.08,77.045,94.961
"1991-11",82.812,40.732,258.512,185.089,60.291,72.499,128.711,88.904,69.836,119.949,NA,59.978,23.735,77.496,56.674,23.7,86.852,121.551,36.81,58.818,17.307,6.604,109.548,246.135,16.204,53.333,83.892,26.552,112.855,NA,NA,35.299,NA,153.35,6.992,195.381,172.72,8.811,21.09,36.947,76.109,47.322,51.158,20.903,74.788,163.943,131.295,68.179,71.902,112.374,251.181,41.055,143.545,386.164,76.74,95.682
"1991-12",97.079,39.552,271.177,174.729,36.425,134.903,108.241,55.9,84.139,87.758,NA,92.574,26.44,86.402,70.867,59.685,94.761,134.63,57.1,49.89,6.814,17.972,54.635,273.82,22.241,92.372,142.245,17.941,100.882,NA,NA,73.492,NA,117.44,16.907,73.143,197.639,112.278,11.366,33.915,81.274,33.633,32.384,15.19,85.418,194.404,107.141,70.489,74.328,100.734,235.242,41.721,104.975,170.484,70.425,95.847
"1992-01",97.451,35.7,180.348,150.143,24.689,200.045,67.013,26.356,54.624,77.394,NA,93.018,15.425,98.768,25.408,70.322,88.169,76.808,41.011,82.831,3.106,12.659,10.772,191.239,19.015,114.786,233.854,18.599,88.396,NA,NA,46.172,NA,105.551,7.28,6.12,129.212,226.177,114.126,32.593,113.845,52.91,52.949,22.84,104.62,180.226,90.884,78.97,60.591,107.432,272.825,91.976,13.278,13.344,75.574,96.291
"1992-02",85.933,33.901,234.564,124.171,29.893,151.327,77.438,27.601,49.363,81.409,NA,67.835,22.348,88.064,17.405,60.447,61.135,106.627,48.734,42.562,0.549,11.671,6.824,103.03,30.775,155.984,141.135,13.494,62.033,NA,NA,69.676,NA,101.054,1.937,1.135,209.83,268.81,118.662,27.454,49.733,78.083,80.893,17.572,116.149,195.723,81.257,87.09,49.756,100.21,239.19,124.962,6.049,1.888,83.026,98.45
"1992-03",85.838,32.714,136.906,163.387,22.061,108.462,20.811,6.43,20.66,65.398,NA,76.06,26.587,109.781,16.511,89.771,57.651,59.247,11.308,35.848,11.604,2.403,1.918,20.533,36.194,87.686,168.096,20.186,68.493,NA,NA,35.339,NA,64.352,0.105,3.103,204.869,266.929,80.754,41.859,92.95,91.512,67.278,16.259,127.164,212.319,60.162,109.92,58.931,74.562,131.271,142.676,3.79,11.989,92.169,96.994
"1992-04",56.631,27.196,60.842,189.541,22.823,63.399,16.486,17.77,25.485,70.435,NA,97.379,48.923,59.287,16.702,141.921,68.732,36.436,4.645,28.312,87.739,7.765,21.244,109.904,50.543,117.978,203.128,20.549,47.74,NA,NA,18.542,NA,87.578,9.664,3.54,162.387,209.122,57.063,43.893,69.724,76.898,73.677,18.71,123.667,187.927,58.027,81.153,167.039,83.387,102.026,104.252,4.168,4.961,96.822,96.608
"1992-05",48.833,32.53,66.188,108.511,16.816,31.086,13.145,41.311,28.655,64.048,NA,84.74,40.401,85.148,27.215,254.482,43.506,63.101,4.999,24.673,120.667,2.714,14.595,217.568,40.311,47.621,171.456,15.289,60.216,NA,NA,15.275,NA,113.599,0.494,5.277,250.092,32.972,24.735,58.875,104.745,83.275,70.618,10.059,111.867,162.04,65.583,84.115,191.509,69.399,171.516,85.996,4.334,13.941,93.825,95.09
"1992-06",42.675,30.048,13.025,97.021,17.566,29.158,13.891,183.251,51.764,70.528,NA,101.445,77.093,98.228,98.426,231.956,44.655,19.82,21.691,6.725,223.059,2.136,33.707,274.684,125.926,84.363,77.649,23.405,67.795,NA,NA,23.615,NA,160.106,0.233,56.105,245.268,11.445,48.191,97.39,124.345,81.18,66.452,18.352,105.209,132.441,119.229,80.45,212.201,62.036,130.304,54.752,48.072,112.259,87.386,99.61
"1992-07",57.662,45.674,74.681,118.29,19.381,6.96,53.895,189.697,49.003,98.101,NA,97.162,63.255,66.013,137.659,45.698,45.47,19.379,41.916,4.749,360.792,1.974,20.771,109.903,77.765,63.002,11.929,38.154,73.296,NA,NA,11.892,NA,165.846,0.057,242.752,179.167,5.86,45.256,105.372,98.022,69.228,55.099,36.2,100.255,145.908,152.882,72.264,110.282,57.737,173.37,43.825,136.279,289.528,86.183,98.329
"1992-08",68.569,51.27,54.614,111.522,41.186,10.831,59.451,169.805,42.526,116.098,NA,53.93,42.115,94.717,128.156,14.185,50.289,59.082,9.191,7.469,251.808,1.599,20.947,62.034,41.935,36.343,7.348,34.63,69.863,NA,NA,3.206,NA,145.331,0.305,233.114,176.617,4.708,38.246,80.52,117.11,73.791,60.877,24.684,90.115,107.336,176.215,67.465,75.982,79.726,130.113,32.858,135.603,303.586,83.29,93.883
"1992-09",76.96,53.987,143.62,163.917,49.012,41.918,88.33,227.367,99.535,116.478,NA,77.785,32.972,63.01,109.254,5.813,78.308,45.857,16.746,17.223,179.234,0.983,37.324,94.88,18.146,44.784,13.36,40.749,79.159,NA,NA,19.091,NA,243.257,0.922,156.417,183.016,2.525,19.813,64.139,74.179,76.374,62.849,31.291,83.196,95.679,171.856,68.047,70.843,95.595,190.852,28.417,99.395,225.453,84.256,94.047
"1992-10",91.559,53.06,106.419,146.614,58.726,78.805,91.191,246.361,111.564,129.136,NA,67.265,28.384,55.316,71.002,11.519,76.466,78.529,41.819,43.688,107.778,3.562,14.32,217.465,44.804,32.169,52.898,35.43,80.812,NA,NA,28.586,NA,113.482,0.938,147.603,168.681,2.388,13.635,44.741,83.366,63.765,52.51,25.049,79.3,125.414,177.812,62.662,86.741,99.628,265.465,31.729,39.35,235.662,81.419,96.453
"1992-11",79.001,38.382,111.356,103.282,46.354,131.605,51.349,60.75,60.517,136.854,NA,78.272,21.401,68.382,83.527,28.167,100.504,71.842,75.991,63.085,46.592,8.669,144.708,226.609,29.9,122.134,82.198,28.182,68.256,NA,NA,91.243,NA,93.363,19.007,61.803,130.134,17.656,53.72,23.143,61.25,60.229,51.092,17.727,82.168,125.789,157.636,61.226,112.629,98.188,261.758,33.132,73.229,150.346,76.797,93.517
"1992-12",96.709,47.632,165.475,167.723,38.348,114.438,54.307,35.228,46.823,93.141,NA,85.982,21.043,78.751,55.699,100.546,129.499,73.01,64.381,73.978,5.812,22.812,40.097,199.206,17.311,110.994,130.322,20.036,77.697,NA,NA,50.746,NA,102.443,3.34,23.848,244.109,96.597,24.486,29.697,68.866,34.228,28.073,10.393,94.348,147.272,115.902,60.907,94.418,96.359,311.667,47.122,13.094,128.201,73.796,95.746
"1993-01",101.407,21.035,175.037,142.249,26.529,169.934,60.99,20.769,46.168,104.412,NA,93.602,17.319,87.455,47.826,117.76,108.525,111.076,38.995,65.196,0.989,4.656,10.702,144.318,22.388,167.66,235.274,17.412,72.11,NA,NA,38.774,NA,72.505,12.371,6.058,238.814,282.231,164.498,31.41,77.486,51.063,47.735,16.059,119.336,132.554,100.01,81.093,74.456,100.428,234.777,59.192,8.388,17.211,79.158,96.886
"1993-02",95.604,30.853,162.359,155.582,19.175,204.826,51.95,16.959,53.861,156.494,NA,79.372,19.045,141.484,23.649,147.566,86.347,49.109,25.677,31.721,2.517,11.44,6.17,85.314,43.522,169.579,178.828,19.879,70.563,NA,NA,23.038,NA,89.955,3.132,6,172.849,233.879,115.352,66.279,79.066,77.228,57.747,21.701,136.379,119.952,83.362,83.143,52.415,100.372,250.383,101.695,9.497,19.308,82.295,95.715
"1993-03",60.015,27.67,95.529,147.679,22.348,155.626,20.564,13.378,25.857,123.444,NA,73.138,29.737,82.789,16.297,141.329,72.035,58.774,11.824,25.51,7.745,4.266,4.48,38.047,53.663,146.917,100.099,17.167,61.819,NA,NA,8.405,NA,81.348,0.303,5.898,205.567,326.206,131.385,37.078,134.504,94.95,62.435,12.018,118.824,146.828,67.53,100.796,41.922,86.345,135.027,141.146,3.097,22.614,88.849,96.17
"1993-04",52.723,14.496,84.692,94.892,27.17,102.834,15.093,17.156,22.136,115.506,NA,107.027,36.512,72.172,14.891,262.916,49.92,48.16,22.6,25.899,50.32,6.531,1.479,53.302,30.336,106.838,118.274,11.203,82.812,NA,NA,34.732,NA,88.978,1.655,9.757,225.492,243.337,92.339,75.305,93.248,80.723,59.935,8.914,117.355,139.076,67.131,103.458,138.755,69.729,123.208,101.623,3.343,50.86,95.704,93.459
"1993-05",56.18,23.67,84.203,72.938,22.39,29.681,14.602,41.955,17.316,62.917,NA,100.506,73.771,66.487,19.297,281.216,42.992,36.527,13.997,18.826,144.634,6.166,6.141,108.606,34.408,96.002,91.137,18.943,50.289,NA,NA,7.309,NA,128.183,1.522,9.7,223.002,145.097,76.951,55.844,97.907,78.078,59.282,13.677,121.238,126.245,88.373,85.39,205.368,59.43,85.139,83.849,6.222,71.36,87.805,94.418
"1993-06",50.712,39.289,8.685,86.854,34.04,14.375,12.588,132.792,23.112,77.637,NA,115.699,46.316,82.334,44.407,281.472,34.601,52.227,4.294,21.74,178.237,2.099,20.347,114.544,69.333,65.125,32.229,34.065,40.506,NA,NA,4.774,NA,153.691,0.085,128.587,253.043,10.222,37.122,109.215,102.974,69.067,56.014,25.757,108.513,124.551,132.736,78.531,214.056,69.105,109.389,60.82,87.721,169.416,93.494,98.384
"1993-07",61.505,47.605,105.158,101.205,28.784,6.602,124.277,285.658,36.771,106.001,NA,58.84,53.639,78.192,151.066,78.014,49.8,18.606,2.949,1.668,333.989,1.729,16.085,67.487,43.305,37.262,6.807,34.273,66.383,NA,NA,4.642,NA,193.335,0.003,149.931,200.561,7.562,39.99,68.051,106.613,65.878,57.252,28.185,99.67,113.365,178.245,70.11,131.914,61.209,129.854,38.143,50.924,158.784,86.719,95.463
"1993-08",68.657,51.771,83.031,136.495,43.575,19.035,33.874,162.941,40.431,120.998,NA,87.175,35.446,52.101,93.751,15.443,50.843,28.8,7.854,9.695,250.957,1.11,15.606,50.002,59.481,67.167,9.005,48.975,77.188,NA,NA,7.082,NA,147.045,0.039,200.357,195.392,5.837,17.25,71.701,86.694,73.94,44.35,35.322,80.431,141.441,191.226,65.054,62.767,71.962,80.22,45.14,95.806,264.328,87.212,94.491
"1993-09",82.173,48.892,94.814,143.236,50.984,49.23,63.765,212.035,74.315,149.513,NA,66.144,44.198,62.41,102.17,8.697,69.908,47.194,6.42,26.423,224.098,2.758,25.972,151.191,36.584,62.515,10.769,44.461,68.78,NA,NA,13.77,NA,145.052,0.625,152.946,140.74,3.613,23.78,58.634,103.107,78.141,50.341,30.035,81.185,118.185,196.486,60.698,58.772,101.87,157.571,34.998,28.363,144.137,80.901,94.057
"1993-10",72.046,53.917,159.483,160.809,44.043,76.134,118.61,186.824,99.129,128.917,NA,55.294,17.279,72.1,60.704,7.638,84.915,111.485,40.784,60.66,138.952,6.037,53.943,259.457,16.168,56.356,38.654,32.236,94.607,NA,NA,61.356,NA,75.951,1.746,151.708,162.441,5.358,8.257,31.457,79.235,56.954,63.99,25.866,80.622,130.185,145.721,63.925,72.289,106.548,219.178,25.709,108.282,237.728,78.722,90.925
"1993-11",69.454,43.835,133.215,162.398,52.375,189.717,85.7,115.262,103.357,126.164,NA,73.86,26.759,78.202,85.848,10.09,118.458,97.582,94.806,85.391,56.352,12.512,160.875,326.399,14.838,73.638,61.623,31.992,94.048,NA,NA,106.556,NA,81.358,14.402,84.31,137.619,9.676,11.687,54.727,69.776,49.342,48.458,22.514,78.974,113.835,144.555,61.253,110.093,121.593,274.236,34.456,70.071,232.107,75.278,94.19
"1993-12",63.235,40.178,121.086,177.321,36.36,163.403,51.103,30.284,46.066,102.736,NA,74.808,20.942,93.147,49.47,68.016,95.981,93.463,30.138,79.758,3.657,8.296,54.025,290.719,11.71,115.094,127.626,15.136,120.274,NA,NA,29.374,NA,121.702,7.218,62.477,202.284,116.532,26.359,40.624,121.056,37.937,32.582,8.779,84.648,196.988,108.813,66.213,71.294,99.924,254.14,54.55,80.364,84.537,71.177,95.011
"1994-01",67.214,45.322,147.462,143.006,22.39,155.255,63.638,30.098,39.561,64.055,NA,80.217,16.691,70.809,29.573,78.493,101.129,88.139,55.133,94.286,3.54,6.525,7.382,150.578,19.673,134.566,161.713,20.54,83.057,NA,NA,66.438,NA,85.496,3.138,22.377,199.093,237.532,105.833,19.538,56.429,58.804,49.034,25.509,107.845,198.81,95.464,58.526,46.464,111.645,250.167,84.183,18.112,49.842,74.12,96.105
"1994-02",73.518,41.052,208.436,116.799,29.207,158.954,55.127,16.978,43.481,70.598,NA,80.096,35.295,86.287,24.795,77.346,110.318,71.285,11.381,44.483,1.348,4.799,5.597,30.292,24.533,110.124,160.12,22.286,64.141,NA,NA,25.287,NA,127.012,1.036,1.658,228.137,305.213,48.66,25.676,47.054,67.926,66.832,18.281,112.311,184.798,72.467,70.135,39.844,86.569,200.204,190.463,3.559,23.447,78.878,98.949
"1994-03",82.313,32.174,91.045,165.104,18.043,118.568,34.739,20.541,48.006,86.098,NA,80.713,23.163,112.326,23.587,94.533,70.248,89.122,3.863,31.613,15.628,1.243,1.349,28.623,26.572,101.642,109.656,18.516,66.862,NA,NA,4.987,NA,61.415,0.141,1.878,239.6,419.039,61.25,46.647,58.675,94.216,74.577,13.725,137.616,203.197,62.818,94.389,59.268,78.508,108.4,107.054,2.489,5.789,92.075,96.677
"1994-04",44.183,35.45,177.739,95.944,17.274,47.973,27.781,9.095,20.07,29.429,NA,107.691,47.022,92.885,17.317,209.829,61.416,34.902,13.073,32.354,101.955,30.569,24.912,144.977,50.594,76.397,234.579,16.059,70.198,NA,NA,27.682,NA,77.206,65.25,8.702,152.792,103.36,57.573,46.149,83.866,92.885,70.434,17.148,108.191,224.951,53.304,119.489,175.433,67.91,121.219,87.349,7.966,6.522,93.583,94.431
"1994-05",47.444,22.102,27.831,94.605,23.239,24.932,6.712,50.33,21.62,59.591,NA,90.833,43.548,73.15,14.529,293.819,51.464,24.103,6.57,16.195,118.09,0.984,13.571,195.313,86.208,103.404,166.832,19.54,51.325,NA,NA,21.824,NA,94.339,0.379,23.212,212.817,62.662,44.597,79.133,82.828,79.608,74.934,18.453,104.496,171.946,79.886,89.16,176.603,60.318,205.493,72.63,11.299,89.796,98.027,97.159
"1994-06",53.656,40.779,8.12,85.543,22.789,12.708,9.031,151.886,26.067,86.069,NA,78.016,82.703,83.076,126.314,193.876,48.992,32.48,6.563,8.147,248.858,1.629,21.473,190.876,75.111,78.511,42.514,23.264,47.595,NA,NA,12.515,NA,197.431,0.148,79.071,253.327,49.936,71.061,65.781,97.991,82.569,51.512,23.879,104.477,152.495,125.719,75.039,236.454,53.364,135.011,44.788,58.788,219.979,91.202,99.103
"1994-07",54.192,48.87,38.304,164.768,48.157,28.423,71.108,290.196,142.725,112.977,NA,99.887,69.703,61.542,194.632,23.513,54.207,19.39,9.38,2.397,417.031,1.797,18.975,68.071,21.342,44.497,19.79,29.636,69.286,NA,NA,5.961,NA,144.506,0.027,170.981,225.442,12.052,38.279,80.693,99.189,65.879,56.653,24.226,86.607,132.066,165.641,77.444,126.259,78.324,149.029,47.754,86.672,165.63,86.848,96.035
"1994-08",68.669,60.473,46.805,87.212,56.655,41.795,51.972,187.759,67.903,111.356,NA,69.902,45.13,44.873,125.538,15.832,51.366,28.973,1.444,4.943,400.992,4.812,13.611,49.227,47.435,57.997,12.343,49.083,74.075,NA,NA,2.269,NA,158.817,3.728,156.017,197.443,8.827,23.107,77.257,78.571,70.652,41.686,41.594,88.04,139.059,192.22,64.796,83.22,75.179,100.662,32.54,58.635,226.946,82.828,96.328
"1994-09",77.543,65.6,87.606,147.036,46.658,29.084,94.892,205.843,92.498,140.173,NA,67.971,21.75,52.72,57.943,8.071,84.441,77.545,13.66,13.677,245.327,1.143,57.518,97.903,48.742,65.07,16.227,53.705,59.294,NA,NA,26.543,NA,241.668,0.507,152.882,189.644,3.898,7.782,64.175,75.997,70.88,44.965,35.667,75.17,111.79,188.745,62.99,66.289,93.641,140.11,28.153,108.077,276.117,91.637,96.557
"1994-10",75.385,55.683,300.139,113.743,62.558,117.312,137.452,247.812,145.968,134.19,NA,63.636,25.606,79.181,129.267,8.04,84.219,76.169,26.155,50.677,166.506,2.196,52.475,233.684,46.699,63.4,30.602,34.452,93.43,NA,NA,42.218,NA,110.532,1.175,161.346,164.132,4.502,6.045,43.283,68.526,61.518,45.838,30.749,75.254,122.001,173.017,63.781,88.95,97.267,154.172,25.953,74.749,247.446,76.927,93.888
"1994-11",79.979,41.044,143.388,194.212,46.587,148.377,74.075,177.002,108.188,131.525,NA,63.506,16.202,92.208,96.606,21.31,89.348,105.063,42.312,67.727,62.228,3.009,222.736,341.76,17.093,69.949,94.885,30.37,103.103,NA,NA,36.975,NA,68.101,6.523,59.376,186.004,35.634,13.054,49.405,76.672,52.267,33.016,23.862,73.283,124.767,142.052,68.184,106.115,109.16,192.592,37.609,99.816,168.049,73.45,91.084
"1994-12",66.974,27.715,139.698,124.59,27.006,177.559,80.311,33.075,37.853,117.626,NA,65.771,15.639,69.341,47.888,97.521,87.837,111.352,109.928,76.217,3.871,8.203,132.168,378.694,21.33,156.357,203.468,25.249,121.52,NA,NA,122.836,NA,125.582,6.099,23.415,231.65,116.159,28.117,30.599,78.258,49.116,36.052,17.634,76.041,161.589,109.115,60.5,82.019,106.52,244.722,51.017,53.867,65.817,74.67,95.267
"1995-01",94.921,29.707,207.647,105.809,32.215,206.685,45.386,21.596,50.306,70.539,NA,80.397,18.07,83.455,55.821,154.078,94.728,104.4,76.137,56.283,1.303,4.673,15.885,190.269,15.637,134.141,245.954,14.105,85.752,NA,NA,52.388,NA,89.156,2.631,1.761,230.929,275.39,105.392,20.603,82.746,53.15,53.863,19.018,107.072,163.089,96.912,67.608,80.066,85.877,267.283,53.682,8.956,7.501,77.411,95.18
"1995-02",85.833,25.431,62.81,155.386,27.906,94.929,36.32,20.052,47.625,52.147,NA,110.255,21.505,75.844,37.642,135.214,89.369,123.431,48.362,69.93,4.501,6.699,2.161,89.086,21.61,133.816,143.505,14.564,101.829,NA,NA,27.967,NA,98.178,1.619,1.695,226.237,412.206,109.309,33.481,73.069,76.863,58.514,13.7,129.051,178.066,83.257,79.735,48.057,97.041,242.25,93.629,6.438,7.488,78.308,96.747
"1995-03",77.876,26.227,52.598,143.197,23.419,96.41,9.694,12.732,30.958,128.597,NA,106.074,29.303,109.806,26.64,243.254,80.622,56.708,36.406,22.716,13.503,3.605,5.217,63.097,36.166,154.804,164.77,16.937,48.684,NA,NA,21.623,NA,74.181,0.175,1.301,188.371,249.226,65.271,37.965,72.898,89.29,61.48,18,121.601,160.19,68.649,89.178,80.492,84.643,123.857,106.775,5.181,3.497,92.769,93.147
"1995-04",60.324,29.849,29.774,109.758,21.646,64.555,8.401,19.528,34.888,85.328,NA,71.992,27.535,81.465,21.012,260.508,56.589,46.178,14.901,28.947,62.645,3.023,4.637,84.176,21.621,137.42,166.715,24.795,63.244,NA,NA,15.359,NA,88.167,0.929,1.45,187.319,301.21,69.672,30.564,49.353,83.248,81.081,16.468,117.072,146.502,62.545,97.024,151.113,69.294,121.201,124.748,1.204,11.18,99.271,95.873
"1995-05",40.592,29.153,37.23,98.985,26.426,25.942,14.037,53.291,25.402,49.392,NA,78.014,60.324,100.439,25.092,268.429,57.731,66.157,10.594,23.249,176.353,2.523,21.464,259.208,47.002,67.77,125.927,19.501,68.222,NA,NA,16.018,NA,148.658,0.542,8.998,249.821,124.243,107.006,73.862,88.374,86.057,64.409,10.91,113.883,132.6,86.919,90.89,248.448,70.768,95.755,74.187,5.886,74.453,92.082,97.123
"1995-06",40.182,44.152,50.99,133.305,25.096,23.251,35.14,187.558,34.956,75.447,NA,79.234,67.744,81.949,94.017,197.147,37.56,30.149,2.48,8.053,214.14,1.617,19.685,142.099,103.092,57.796,35.951,29.895,54.519,NA,NA,17.159,NA,178.923,0.181,41.22,226.495,25.399,43.417,98.901,101.399,74.873,64.16,24.893,108.709,111.459,128.12,79.442,225.403,62.89,239.953,61.917,78.712,100.219,94.414,100.516
"1995-07",55.632,43.547,38.198,106.561,32.817,10.711,34.712,176.567,31.027,107.901,NA,87.099,52.12,84.626,200.407,19.161,44.241,29.986,3.665,5.381,353.383,0.889,11.843,57.588,64.869,46.56,13.12,38.34,55.95,NA,NA,2.255,NA,180.924,0.01,95.428,220.998,10.535,30.885,102.356,102.284,67.335,54.914,39.246,99.164,121.503,174.666,81.049,147.865,65.141,130.577,42.723,44.785,171.649,91.677,97.813
"1995-08",59.818,51.369,52.964,104.963,43.262,21.823,32.579,116.569,45.337,106.365,NA,89.285,36.091,58.979,115.057,9.63,63.788,35.547,1.915,7.064,334.917,0.58,6.594,38.863,71.104,55.042,9.859,35.254,86.771,NA,NA,5.177,NA,178.665,0.002,166.714,214.16,7.078,29.08,58.319,76.206,74.266,51.06,30.553,87.837,113.278,169.37,77.26,85.8,76.154,119.72,33.428,63.925,233,83.426,95.294
"1995-09",69.965,50.097,119.553,124.568,45.457,100.087,114.709,232.746,99.704,139.155,NA,74.183,39.088,67.938,95.508,10.882,95.366,65.172,4.875,23.654,192.485,0.727,25.244,57.556,52.565,71.999,17.364,42.783,88.417,NA,NA,11.692,NA,159.995,0.196,105.747,195.47,6.342,15.225,52.389,94.061,79.187,51.545,35.133,80.092,117.796,193.853,64.944,78.004,88.683,81.345,26.658,37.134,121.391,81.401,93.361
"1995-10",85.032,43.636,113.2,163.456,55.752,69.301,80.811,168.873,75.375,129.905,NA,62.718,31.074,72.729,53.096,7.825,76.209,96.314,3.177,68.629,190.642,5.619,113.38,192.989,53.31,66.106,33.468,24.448,115.128,NA,NA,21.056,NA,81.698,2.444,60.536,149.907,6.748,7.822,48.836,62.309,56.728,53.784,21.358,76.15,137.618,161.521,67.197,72.118,96.412,246.648,36.471,71.499,140.643,83.924,94.803
"1995-11",74.678,42.031,168.096,122.917,45.938,97.614,63.744,53.257,59.826,143.471,NA,68.608,21.842,54.565,96.4,40.489,79.214,137.822,20.514,78.1,50.386,2.729,116.856,259.725,37.866,76.325,104.271,24.735,107.692,NA,NA,65.47,NA,129.318,13.08,109.875,136.777,9.148,7.252,35.282,83.929,47.143,43.579,23.391,76.997,155.257,121.01,71.009,118.272,96.984,294.402,33.316,172.418,177.201,73.032,92.568
"1995-12",67.335,44.964,132.691,176.62,28.288,81.775,61.713,45.873,93.096,104.702,NA,78.949,20.726,67.523,37.756,54.625,93.87,159.104,32.44,91.379,5.742,19.116,42.52,224.185,13.649,111.837,202.697,17.987,95.285,NA,NA,75.385,NA,102.45,9.54,34.891,188.924,129.48,34.632,25.947,60.381,35.993,37.124,17.636,88.978,186.216,118.546,67.988,70.506,119.031,281.617,43.085,61.289,90.186,75.905,97.552
"1996-01",85.909,27.869,213.214,132.153,25.784,112.46,34.532,16.537,37.974,63.907,NA,98.863,25.725,87.601,23.247,108.585,86.408,107.824,32.732,47.705,1.804,14.633,9.297,112.027,17.58,137.3,215.497,21.472,85.688,NA,NA,95.587,NA,117.646,4.892,20.933,231.245,158.888,53.567,31.934,60.207,47.342,49.913,17.416,94.2,237.316,77.884,82.503,74.364,100.224,245.697,82.269,38.442,87.487,75.351,97.668
"1996-02",100.491,29.864,86.547,156.488,23.96,151.096,54.795,29.009,68.331,58.106,NA,77.236,16.251,107.087,22.199,71.799,93.65,106.022,14.953,48.602,0.909,3.078,5.122,50.667,29.12,138.909,238.233,17.675,66.223,NA,NA,17.408,NA,77.652,2.066,2.8,226.179,412.02,104.633,38.875,73.902,73.193,72.133,14.264,109.966,199.42,71.249,101.183,54.902,101.755,154.612,117.693,9.526,9.908,84.287,98.501
"1996-03",72.058,39.341,68.182,94.789,23.924,108.861,16.873,10.354,23.389,105.704,NA,100.48,16.023,93.729,11.28,131.771,65.68,40.426,12.442,35.76,7.317,0.922,1.732,36.851,74.726,133.06,91.163,13.363,60.906,NA,NA,42.069,NA,84.893,0.026,25.494,232.287,384.704,159.749,41.527,93.057,90.845,63.901,12.287,127.626,204.058,56.584,103.93,45.565,71.067,117.411,127.634,4.975,22.584,95.923,97.93
"1996-04",56.703,20.003,95.509,110.611,20.1,54.545,18.61,10.223,19.049,50.044,NA,77.997,53.576,87.296,14.458,134.967,43.452,41.967,5.282,18.3,62.285,10.553,8.457,123.793,83.024,91.543,191.159,11.704,55.152,NA,NA,14.783,NA,87.416,9.092,4.318,172.389,239.488,44.571,40.327,77.395,90.819,83.748,12.195,128.919,186.331,58.007,120.334,140.462,70.822,92.507,89.602,5.539,9.647,94.561,93.235
"1996-05",46.951,28.559,7.043,59.992,28.307,56.247,1.631,56.195,16.554,53.405,NA,98.461,47.126,50.055,9.542,308.716,60.278,65.288,0.211,16.524,177.83,2.173,15.358,173.635,73.552,94.223,151.709,25.982,44.852,NA,NA,3.293,NA,98.065,0.778,11.78,207.259,37.795,30.148,91.254,93.035,75.259,74.031,14.045,108.736,150.659,78.821,86.116,189.752,71.98,167.14,93.01,9.062,71.061,98.346,97.49
"1996-06",47.465,48.975,27.234,96.843,16.429,14.131,27.446,170.032,22.452,98.861,NA,87.934,22.636,48.835,74.168,265.753,39.077,18.715,3.256,5.604,163.098,1.717,10.205,52.812,106.236,107.986,88.631,19.959,87.351,NA,NA,18.932,NA,184.272,0.069,146.437,257.783,16.677,71.313,97.042,97.905,78.42,61.67,17.518,96.981,144.214,125.839,77.18,218.218,56.501,169.399,64.289,64.264,287.473,98.431,98.907
"1996-07",55.417,49.415,69.632,138.967,36.662,25.077,98.964,295.701,41.229,119.534,NA,68.396,75.195,62.071,124.593,26.475,36.585,8.08,7.214,2.092,422.452,2.395,14.071,67.621,84.981,91.967,16.764,35.087,64.54,NA,NA,4.68,NA,152.493,0.03,167.066,210.403,12.6,57.683,125.899,110.446,67.816,50.939,30.859,94.045,125.946,156.895,71.924,123.073,66.751,141.47,49.66,82.21,218.431,88.44,96.545
"1996-08",78.418,60.982,118.21,132.32,39.522,10.564,56.956,222.045,37.893,109.196,NA,106.129,35.272,56.829,107.348,16.283,62.405,27.075,5.176,6.186,348.077,1.158,9.028,36.594,39.452,45.223,12.144,39.402,84.252,NA,NA,6.506,NA,165.918,0.026,174.505,189.515,4.946,33.495,102.56,122.976,70.8,50.433,41.623,79.485,107.067,191.871,60.936,77.08,81.783,120,32.818,72.134,244.653,88.411,96.055
"1996-09",82.95,64.397,213.165,135.513,41.739,40.986,156.666,213.044,86.853,135.786,NA,79.907,35.865,63.347,52.784,10.332,64.362,68.781,37.805,20.81,220.633,3.328,34.5,76.144,39.854,79.055,15.236,46.528,116.676,NA,NA,27.4,NA,214.8,0.498,80.222,210.087,6.196,12.97,83.776,85.571,63.506,47.993,37.135,81.053,104.662,172.026,57.827,62.483,104.243,177.871,30.325,28.903,99.939,84.043,93.747
"1996-10",85.517,46.677,76,146.58,53.099,115.872,81.854,191.978,132.059,132.004,NA,52.99,13.857,89.373,47.404,16.409,95.816,62.816,49.76,48.55,123.644,2.789,41.044,162.718,66.167,89.354,25.988,36.8,95.532,NA,NA,43.05,NA,88.608,0.268,143.041,219.03,19.872,26.084,48.174,72.106,68.532,61.047,26.79,74.223,89.178,172.332,62.342,65.684,117.971,218.042,27.651,28.935,271.596,80.865,94.73
"1996-11",68.072,39.726,114.88,127.86,48.648,136.842,23.771,104.76,87.731,130.489,NA,75.211,21.943,73.956,72.179,14.619,94.525,104.22,34.718,59.98,37.55,9.938,112.378,239.462,25.92,87.085,69.714,31.377,83.771,NA,NA,43.119,NA,117.403,4.628,38.118,235.391,12.891,36.821,37.976,75.637,45.455,41.707,19.792,86.931,137.794,142.661,60.095,90.279,109.235,295.492,29.559,70.512,98.731,71.092,96.224
"1996-12",99.464,36.458,71.636,128.459,35.662,63.316,32.9,38.825,87.45,77.353,NA,100.542,12.648,110.416,89.188,71.118,118.579,72.884,103.276,50.465,2.71,13.037,76.059,275.336,22.135,101.7,92.316,30.903,100.883,NA,NA,97.561,NA,92.781,11.21,13.671,227.703,171.844,29.644,36.273,105.674,48.217,34.54,17.982,103.109,150.615,114.3,62.083,104.672,103.749,242.168,47.122,24.221,36.76,73.758,96.33
"1997-01",80.958,26.887,249.732,121.924,15.613,206.695,65.609,25.127,58.747,73.113,NA,90.65,26.837,68.241,73.761,64.934,94.497,85.155,124.391,64.086,1.309,7.159,14.078,136.484,18.613,146.481,162.036,14.05,68.934,NA,NA,76.32,NA,141.303,6.633,2.11,262.489,372.289,63.085,25.63,65.833,56.247,50.175,15.923,116.971,138.202,101.031,71.565,52.461,92.98,227.817,79.28,8.776,7.774,72.765,95.964
"1997-02",95.624,28.688,122.198,107.36,34.099,94.474,33.73,13.709,34.376,194.172,NA,95.775,19.924,87.562,59.793,85.777,82.89,58.58,68.09,38.907,1.725,3.705,2.954,70.419,24.256,119.578,169.483,16.446,97.793,NA,NA,47.281,NA,91.191,0.72,1.84,260.014,344.753,111.117,37.482,115.691,68.389,44.038,18.346,119.145,161.513,87.755,85.699,30.975,79.581,181.048,107.558,3.461,7.713,83.737,95.392
"1997-03",78.122,24.814,79.506,112.994,17.068,114.644,14.379,16.638,25.467,180.8,NA,82.473,19.52,113.411,34.143,176.563,99.578,40.318,34.346,13.907,7.798,3.706,7.355,51.483,36.728,128.409,141.694,18.629,70.078,NA,NA,32.914,NA,75.32,0.771,2.544,226.96,255.813,109.091,29.287,77.844,92.095,85.459,23.12,121.355,170.271,65.057,106.212,49.612,79.483,117.136,96.014,2.976,8.52,92.13,94.137
"1997-04",59.199,32.898,37.784,159.473,14.602,73.448,13.679,12.745,21.399,134.352,NA,78.359,23.127,81.299,30.482,366.088,61.634,37.681,7.497,42.407,79.095,5.609,3.032,94.807,44.906,114.587,150.855,18.707,84.702,NA,NA,15.429,NA,90.175,1.206,12.25,208.162,309.854,58.863,45.352,62.605,84.276,70.407,15.161,119.634,169.675,59.399,101.981,170.122,66.066,120.304,84.534,10.554,38.094,102.044,95.374
"1997-05",48.385,34.066,4.655,53.952,19.315,57.565,4.888,40.267,18.915,88.977,NA,104.824,41.484,66.589,27.505,302.62,47.516,44.842,0.858,17.21,126.808,2.185,14.079,173.807,82.951,79.414,185.082,20.677,37.828,NA,NA,7.974,NA,104.963,0.767,35.805,236.024,111.534,87.053,60.169,68.654,82.379,64.471,13.029,116.491,147.861,75.752,74.399,218.485,59.273,160.967,79.634,16.084,163.471,99.246,96.58
"1997-06",54.091,43.504,26.093,78.789,18.56,22.166,27.022,223.082,37.773,97.584,NA,58.768,92.433,86.972,144.159,215.755,46.422,16.659,15.462,2.384,280.695,1.179,17.56,55.729,48.744,89.074,18.989,38.384,64.612,NA,NA,4.444,NA,170.58,0.105,138.008,232.111,42.486,79.934,93.77,121.917,75.092,66.776,27.303,114.68,124.099,120.778,81.968,205.253,67.256,165.616,62.075,137.297,142.056,87.498,98.507
"1997-07",55.709,58.008,84.713,77.426,28.085,14.059,93.994,309.275,144.888,125.986,NA,88.563,41.615,73.696,237.44,29.029,42.31,24.777,2.339,1.591,378.666,1.981,14.58,51.153,29.065,67.083,12.371,42.359,74.761,NA,NA,4.307,NA,171.346,0.027,187.83,242.581,15.604,67.79,72.97,121.342,74.793,57.26,30.127,95.321,117.925,168.594,75.997,108.701,55.092,126.193,50.175,95.853,197.015,90.52,96.621
"1997-08",42.177,57.138,81.529,129.766,35.188,33.972,58.363,163.442,51.625,127.014,NA,63.248,41.841,71.856,129.516,12.644,52.575,46.323,1.832,5.037,317.375,10.167,10.062,37.009,98.464,81.452,9.96,41.309,48.679,NA,NA,4.312,NA,197.076,11.337,177.74,215.22,7.59,24.065,94.358,100.086,69.831,72.031,30.236,91.57,117.692,158.551,70.071,75.321,93.259,106.09,46.071,82.728,215.955,85.398,93.98
"1997-09",80.873,48.588,51.653,137.737,49.589,44.96,119.643,317.306,86.323,126.266,NA,50.304,22.849,100.966,124.868,9.778,88.488,54.488,56.106,20.159,251.204,3.984,14.035,48.956,17.884,24.934,15.505,51.479,62.586,NA,NA,52.366,NA,180.985,1.085,146.442,191.136,10.482,46.565,61.925,99.571,69.473,67.019,33.432,77.051,89.257,193.305,62.41,65.198,89.544,190.953,30.085,87.194,223.857,76.463,92.494
"1997-10",82.892,61.425,73.268,125.082,42.56,106.965,53.382,169.505,103.653,115.728,NA,69.154,28.171,83.011,50.887,7.493,72.788,107.232,63.982,54.291,148.015,7.936,19.96,104.525,78.487,64.428,22.309,36.12,82.005,NA,NA,67.31,NA,172.687,5.694,95.49,232.418,15.973,22.948,41.795,66.847,55.628,71.436,23.06,83.228,99.449,164.27,69.224,86.495,122.362,167.856,30.904,43.779,151.164,83.242,95.411
"1997-11",79.752,45.215,189.043,127.768,46.642,127.564,40.391,148.045,153.239,112.508,NA,68.185,20.6,66.545,112.047,22.277,94.637,110.947,37.367,79.456,67.588,10.96,50.219,118.292,41.318,78.655,38.864,25.934,120.914,NA,NA,32.959,NA,90.694,3.662,83.318,228.359,33.597,21.256,33.609,64.473,52.196,46.758,24.092,84.287,109.171,148.365,61.96,97.671,98.317,307.828,38.787,112.771,224.641,78.938,97.126
"1997-12",87.784,32.79,263.794,205.126,46.044,102.105,54,47.047,74.748,125.099,NA,78.099,22.345,82.782,64.472,80.105,83.775,83.433,97.549,50.223,4.121,6.861,14.215,117.174,18.366,124.628,146.76,18.754,94.281,NA,NA,60.881,NA,118.889,1.945,64.36,252.302,96.337,21.042,33.693,107.554,42.069,38.01,17.731,88.488,131.077,109.269,61.103,98.909,105.347,232.742,89.89,33.684,241.362,71.326,96.097
"1998-01",80.843,31.946,122.193,134.582,25.835,189.072,33.148,23.608,46.821,101.507,NA,79.2,27.05,82.847,50.756,92.194,100.296,87.41,66.211,70.599,0.815,9.524,7.587,50.127,23.973,152.824,226.121,18.015,76.115,NA,NA,59.873,NA,138.719,3.857,7.302,281.855,431.757,84.744,34.881,78.171,49.606,60.308,19.87,107.774,142.812,94.869,67.223,79.847,90.112,182.568,119.213,15.947,55.134,74.249,98.264
"1998-02",92.215,30.991,105.02,143.856,20.498,101.844,32.528,21.424,47.267,115.709,NA,65.897,20.588,72.881,42.667,80.165,84.041,66.325,29.605,38.606,1.442,7.497,5.388,19.67,22.819,140.776,193.462,15.841,87.751,NA,NA,38.046,NA,99.62,1.8,4.694,259.934,394.702,120.833,37.914,73.266,77.544,78.02,15.097,115.767,145.928,73.361,70.959,41.459,89.146,170.082,163.364,9.608,32.28,82.554,96.167
"1998-03",63.868,36.55,50.463,101.911,24.736,81.36,11.161,16.767,33.747,87.395,NA,69.019,21.367,103.499,20.982,122.262,96.708,73.923,33.256,36.234,5.256,2.951,1.258,17.053,28.91,110.451,77.087,8.418,93.478,NA,NA,25.31,NA,91.031,0.202,5.448,180.734,307.546,98.592,53.176,84.534,88.656,79.42,12.26,126.159,134.809,75.286,117.587,47.724,76.17,95.973,165.002,6.201,20.399,91.367,95.979
"1998-04",68.599,22.287,49.596,76.84,22.264,44.292,13.98,27.006,30.711,56.12,NA,45.233,55.263,107.847,25.443,147.196,73.81,16.304,37.576,20.606,73.294,3.852,3.594,85.998,26.49,80.778,124.394,10.391,55.673,NA,NA,32.093,NA,92.259,0.114,11.461,210.873,203.313,97.859,72.704,84.043,96.547,74.777,15.003,133.909,118.944,81.076,97.424,129.747,56.03,91.557,93.028,2.744,154.755,92.789,94.445
"1998-05",42.047,34.785,33.346,96.746,30.762,65.594,5.968,75.82,30.825,53.638,NA,115.553,47.074,73.379,17.239,188.264,46.938,41.8,12.422,19.839,135.263,2.748,7.477,163.344,55.941,107.905,171.596,13.603,57.862,NA,NA,11.256,NA,133.361,0.736,21.515,215.692,184.647,53.897,53.094,104.395,83.03,72.218,15.471,113.473,116.625,84.408,99.462,182.582,61.339,123.458,79.669,6.584,76.011,94.61,95.782
"1998-06",57.269,37.412,36.946,99.919,25.608,15.019,69.836,241.101,31.228,88.379,NA,78.364,52.935,92.354,51.542,225.232,39.119,38.774,15.381,6.601,201.061,2.327,12.026,83.631,56.882,79.451,24.594,24.111,52.732,NA,NA,10.537,NA,172.103,0.119,55.35,278.175,35.674,60.118,120.722,108.888,70.003,63.108,15.208,105.274,109.682,155.946,89.764,207.158,63.676,187.88,52.146,38.045,82.39,87.993,96.973
"1998-07",57.543,44.059,31.351,139.345,36.02,17.482,41.956,137.273,28.3,129.313,NA,96.83,51.842,51.197,107.396,68.196,35.682,18.782,3.427,1.336,356.388,1.392,10.401,61.828,53.741,69.545,17.126,42.108,79.439,NA,NA,2.109,NA,163.122,0.031,160.781,243.018,24.633,30.621,91.782,107.617,67.379,59.759,23.299,99.377,101.251,140.852,68.182,191.601,69.908,118.24,53.785,72.86,230.673,92.611,95.362
"1998-08",69.891,62.676,84.538,135.761,41.603,5.154,51.507,156.093,43.239,126.293,NA,100.642,31.385,37.718,104.506,16.568,47.314,29.16,4.585,5.177,304.957,1.153,9.647,35.539,81.737,78.614,7.836,33.092,89.471,NA,NA,4.133,NA,186.288,0.191,173.911,194.617,5.119,34.557,118.767,121.475,68.474,59.149,30.63,85.427,89.387,185.626,63.488,112.536,65.357,154.233,42.895,67.127,246.579,93.393,95.563
"1998-09",81.512,68.651,155.441,137.81,49.116,52.297,109.348,215.719,94.75,131.281,NA,66.413,24.752,57.438,123.145,11.107,69.149,27.831,5.349,13.205,208.297,0.64,12.991,40.874,30.717,47.141,20.037,35.76,76.373,NA,NA,4.026,NA,168.452,0.144,113.539,230.079,14.141,16.173,63.849,92.084,65.848,54.604,33.718,76.445,97.936,166.427,62.966,85.724,97.843,212.168,31.53,42.177,191.356,88.035,94.059
"1998-10",82.988,52.316,114.149,100.15,49.551,59.212,118.221,204.195,100.68,137.009,NA,62.334,28.233,58.299,110.767,19.733,81.635,108.377,41.268,54.16,144.432,6.651,20.367,111.049,26.544,62.428,37.1,31.383,83.289,NA,NA,28.99,NA,120.552,0.562,96.019,210.473,18.361,9.946,45.863,55.179,65.112,49.024,34.028,75.31,95.807,179.402,55.14,83.443,108.004,254.186,32.847,29.026,151.152,80.763,93.755
"1998-11",75.603,35.888,132.491,150.836,30.402,165.072,56.303,100.697,108.34,120.937,NA,78.632,21.249,71.001,139.111,16.215,92.119,121.562,28.689,69.433,45.475,5.901,42.762,100.213,17.327,83.094,85.821,18.084,130.568,NA,NA,39.495,NA,105.893,2.536,76.2,221.115,34.576,40.519,38.548,98.445,49.045,49.376,15.505,76.909,100.8,155.549,54.933,121.884,103.715,278.395,46.593,136.303,172.825,73.779,93.964
"1998-12",79.112,37.083,58.413,95.047,21.604,119.693,24.612,43.858,83.231,96.726,NA,84.416,22.753,68.877,124.902,29.483,94.873,103.773,27.196,55.586,3.475,8.159,22.359,89.413,18.107,94.02,222.39,21.57,89.394,NA,NA,44.402,NA,151.669,6.432,39.19,295.236,231.192,63.212,40.73,57.008,41.454,34.292,17.685,89.685,138.353,119.925,64.196,76.094,85.777,238.851,61.693,61.346,131.731,74.564,97.167
"1999-01",64.72,21.399,131.746,121.258,22.255,173.403,46.473,33.191,41.775,75.17,NA,106.938,20.165,90.648,42.269,108.969,98.935,147.928,49.975,67.335,1.741,7.459,11.065,117.312,37.244,135.669,216.095,10.001,82.154,NA,NA,50.248,NA,100.63,3.794,9.172,318.075,395.841,186.891,44.809,92.684,50.575,48.605,15.156,116.768,152.074,107.767,69.543,56.127,102.146,205.506,60.373,16.332,85.081,77.113,97.178
"1999-02",79.57,23.167,149.682,149.091,25.679,148.403,47.664,21.13,61.991,57.471,NA,83.856,20.785,95.219,39.704,127.277,88.778,117.356,31.449,37.673,2.58,8.025,3.455,59.934,26.96,226.501,167.484,11.37,81.792,NA,NA,28.816,NA,79.391,1.633,2.505,191.676,313.214,120.536,28.196,86.134,75.087,48.663,13.24,114.302,133.178,97.334,78.909,51.653,99.175,164.536,103.741,7.806,7.571,81.64,94.903
"1999-03",83.449,25.858,35.691,139.102,25.009,108.369,6.802,15.772,33.717,131.488,NA,108.865,18.767,80.815,31.382,156.016,86.584,73.584,22.415,39.471,18.476,4.273,3.226,45.359,74.965,169.378,86.134,20.234,74.405,NA,NA,23.421,NA,103.42,0.095,6.447,222.645,330.702,153.522,23.477,110.25,102.234,71.743,17.564,119.805,146.974,76.336,90.669,51.488,76.222,129.195,98.064,9.994,13.964,91.213,94.673
"1999-04",50.949,19.699,103.851,106.709,17.116,67.215,8.174,18.395,18.321,76.862,NA,97.53,20.1,87.169,18.265,371.267,77.808,45.762,27.376,31.355,44.673,3.281,5.122,72.152,54.277,93.871,99.586,24.882,87.654,NA,NA,21.496,NA,86.649,0.085,49.321,228.611,297.966,105.198,48.112,117.487,88.739,86.316,18.187,108.29,162.06,68.03,91.837,126.744,73.014,82.823,120.846,32.78,92.65,104.076,97.067
"1999-05",44.7,33.814,80.558,66.539,18.408,16.202,17.884,69.168,20.775,84.153,NA,88.693,51.34,64.339,15.861,271.07,49.492,30.212,3.89,8.103,143.82,2.104,32.028,172.095,44.67,80.119,96.294,18.687,85.255,NA,NA,5.174,NA,118.854,0.177,30.053,226.566,137.857,49.82,81.443,110.749,85.499,72.603,10.982,118.789,138.448,88.909,85.701,221.678,49.223,138.965,59.209,22.269,90.991,98.017,94.373
"1999-06",48.63,42.651,9.579,75.592,22.414,14.828,16.176,127.707,25.209,116.367,NA,62.576,61.64,92.944,74.997,253.507,51.077,42.009,7.442,5.339,226.503,1.09,16.077,57.214,63.348,83.225,25.136,28.857,62.699,NA,NA,5.925,NA,188.005,0.186,152.61,265.082,17.291,63.367,96.265,103.597,74.439,55.274,19.152,107.196,127.069,126.996,76.722,239.261,44.232,110.363,65.271,65.005,202.675,89.529,97.582
"1999-07",54.366,57.553,64.03,107.551,25.389,8.131,51.841,208.325,51.815,111.65,NA,83.669,45.332,99.781,222.8,77.568,57.253,24.099,0.536,2.576,353.256,0.788,11.136,43.455,67.894,66.2,5.326,43.326,61.172,NA,NA,0.761,NA,147.344,0.026,160.703,271.234,16.001,38.789,118.088,124.725,67.307,51.189,36.787,87.45,112.337,162.861,85.579,126.519,59.1,140.449,54.1,67.238,218.398,87.41,97.645
"1999-08",69.031,67.596,106.564,123.057,42.352,10.688,61.98,203.357,49.435,115.958,NA,93.341,28.727,63.263,206.677,18.425,53.964,26.43,4.056,3.782,249.066,4.211,13.95,31.644,39.719,46.123,5.671,43.897,93.742,NA,NA,5.786,NA,203.618,1.745,161.943,257.714,26.404,25.468,72.399,76.147,76.328,48.783,30.118,84.961,114.248,173.398,66.122,65.421,66.068,140.111,45.045,72.625,244.887,91.677,95.161
"1999-09",66.601,57.644,102.174,122.105,50.081,88.467,160.858,200.343,59.416,130.297,NA,52.825,26.285,67.058,96.419,10.282,70.819,37.373,43.344,11.291,184.773,1.201,11.209,39.982,31.347,47.311,8.151,44.775,88.893,NA,NA,25.428,NA,179.23,0.151,96.651,242.449,10.937,16.114,73.217,88.321,66.503,58.746,37.531,78.124,85.255,206.138,73.226,51.886,94.916,153.956,26.937,30.825,134.25,85.009,95.647
"1999-10",74.655,51.176,119.326,196.29,45.448,103.826,70.47,272.548,155.932,139.582,NA,74.117,22.001,58.155,101.035,16.576,95.212,88.365,58.508,53.909,123.725,2.868,33.58,100.161,14.214,40.574,20.216,35.208,90.352,NA,NA,77.177,NA,79.756,0.747,127.649,170.662,9.412,6.436,65.185,82.903,68.688,52.815,25.494,70.363,80.887,188.871,56.95,75.552,113.273,277.57,34.656,49.371,284.233,82.503,94.82
"1999-11",98.46,60.664,137.977,162.573,35.831,136.973,78.869,99.6,87.579,131.875,NA,80.874,22.689,77.315,178.92,21.406,91.941,50.403,80.97,67.946,20.494,21.438,58.918,142.271,27.952,82.098,88.872,24.997,86.245,NA,NA,132.987,NA,118.568,10.565,70.354,255.548,61.156,38.022,36.36,56.175,47.737,40.904,18.11,83.684,111.619,130.333,56.654,99.845,110.164,303.817,51.942,100.984,245.339,74.09,94.453
"1999-12",84.625,29.482,100.902,145.267,47.601,157.193,78.106,43.452,44.362,90.155,NA,66.307,16.659,86.981,77.125,57.765,105.819,83.484,59.002,52.386,2.809,11.61,11.624,60.052,33.459,102.184,131.159,28.097,85.893,NA,NA,48.028,NA,109.913,13.6,66.987,330.972,267.523,113.813,33.458,77.097,40.319,52.883,22.964,95.432,158.103,117.293,64.756,77.63,98.572,179.724,64.798,23.572,146.61,74.353,97.375
"2000-01",72.613,48.775,133.727,132.807,20.448,189.573,91.339,30.246,52.866,67.782,NA,82.592,17.114,64.962,41.628,98.893,81.736,76.957,66.34,70.941,3.546,17.477,11.813,86.537,15.961,141.374,93.587,17.815,83.771,NA,NA,44.52,NA,90.468,2.943,12.141,261.56,370.573,49.528,33.894,45.848,59.885,51.184,13.432,117.975,156.514,102.773,59.733,62.647,93.241,187.799,75.21,10.057,14.93,74.759,94.826
"2000-02",77.648,31.141,73.344,161.194,30.897,179.557,20.27,18.622,46.35,95.442,NA,83.159,24.22,109.058,24.136,107.631,89.946,82.963,36.475,54.204,2.906,7.987,4.968,17.81,27.656,137.068,142.365,13.736,63.666,NA,NA,42.695,NA,89.21,0.434,2.581,241.831,247.008,70.2,28.618,51.635,80.594,55.311,14.137,110.542,180.95,82.164,92.554,50.084,99.712,140.591,194.024,6.348,9.659,82.549,100.904
"2000-03",70.19,26.84,40.573,117.552,26.759,163.653,14.167,11.609,28.803,77.619,NA,97.982,24.717,104.201,21.621,156.721,66.379,53.696,1.873,43.455,17.126,3.764,2.478,49.517,29.62,112.742,119.189,13.935,62.776,NA,NA,9.609,NA,82.141,0.118,33.074,225.735,337.988,161.753,56.728,83.897,86.019,52.605,19.417,121.94,157.777,73.198,98.255,84.442,79.868,149.687,78.127,2.3,96.399,91.888,94.754
"2000-04",46.345,20.525,35.751,96.682,20.419,66.21,6.849,10.703,19.815,47.946,NA,89.448,34.864,98.118,15.115,200.504,54.679,89.015,6.678,23.085,50.104,1.756,16.627,117.399,33.974,94.095,165.158,18.335,96.162,NA,NA,37.782,NA,74.155,0.633,8.469,186.139,283.26,134.292,63.433,64.409,100.232,75.782,16.24,121.753,177.003,68.218,113.122,123.941,76.039,97.939,92.119,5.446,31.473,95.755,93.835
"2000-05",50.657,29.103,4.537,67.266,24.543,25.629,3.786,36.044,20.052,39.288,NA,92.46,36.201,64.839,25.123,156.573,55.92,42.509,14.858,15.379,169.189,4.273,14.983,91.58,52.081,98.054,209.245,18.856,75.695,NA,NA,22.247,NA,114.68,3.054,67.391,210.616,145.244,57.945,93.951,104.265,95.573,70.329,14.535,106.308,147.139,73.109,96.566,187.922,61.936,189.908,97.183,42.085,138.726,100.346,97.236
"2000-06",39.894,45.282,51.583,112.068,18.774,13.068,64.122,200.563,37.931,88.067,NA,52.815,41.774,61.52,82.608,304.984,32.8,21.439,4.431,6.631,166.339,0.856,5.462,53.51,63.164,107.227,31.038,23.292,76.247,NA,NA,2.785,NA,193.45,0.131,156.678,218.793,19.921,73.621,101.514,120.423,80.217,72.632,20.609,106.794,138.662,131.501,79.309,242.854,63.476,101.561,60.674,77.807,207.736,91.727,98.056
"2000-07",61.183,61.412,50.422,96.386,21.747,12.035,33.249,148.808,26.152,123.416,NA,93.404,80.468,63.886,162.838,27.004,50.149,19.833,5.303,4.621,419.773,1.901,12.037,57.286,74.216,78.71,13.754,23.694,81.16,NA,NA,7.037,NA,142.909,0.014,209.921,199.958,24.738,37.721,82.129,81.222,86.045,48.998,28.419,95.325,167.309,167.568,70.894,130.036,71.156,77.332,40.402,61.095,210.957,83.913,96.413
"2000-08",67.361,59.588,29.522,102.866,57.35,34.216,39.842,138.18,29.392,118.139,NA,62.733,25.477,90.868,102.426,12.701,69.983,21.745,0.812,4.419,346.652,1.286,21.618,50.337,59.371,43.316,13.422,32.035,72.55,NA,NA,1.342,NA,135.015,0.125,120.364,165.658,7.88,18.581,111.195,96.909,77.28,46.78,31.147,84.312,149.813,176.836,63.735,76.577,79.284,123.416,35.753,44.647,209.327,84.406,95.878
"2000-09",69.509,63.41,103.853,166.047,50.626,25.594,112.276,217.21,123.143,127.454,NA,65.907,30.196,67.012,83.187,11.611,66.345,46.871,3.633,22.779,190.781,2.237,29.636,90.751,30.698,116.332,9.615,35.31,85.893,NA,NA,10.616,NA,103.004,0.502,88.011,141.356,6.052,14.847,63.952,84.284,65.629,55.952,34.432,70.45,148.624,195.519,61.245,63.106,105.416,125.34,29.626,24.497,102.594,86.735,94.434
"2000-10",85.05,53.122,67.669,94.118,46.175,35.989,72.897,230.016,101.319,144.759,NA,35.955,28.483,84.712,58.751,6.726,79.678,73.469,19.608,55.786,158.41,16.559,67.648,204.528,22.22,87.462,14.957,34.413,91.995,NA,NA,14.629,NA,130.229,3.405,181.754,121.329,5.04,9.817,35.113,71.72,65.536,66.072,21.884,74.383,148.518,171.171,64.728,75.174,103.402,133.263,36.452,161.8,295.329,78.14,94.161
"2000-11",93.089,42.6,130.281,142.462,52.86,146.118,48.618,67.242,73.658,147.867,NA,72.954,22.277,70.994,52.302,17.025,75.817,107.47,11.893,81.096,100.306,7.083,186.809,258.399,12.947,121.869,48.763,29.114,101.454,NA,NA,38.184,NA,95.767,4.647,101.901,98.503,15.712,18.823,25.113,72.006,50.224,55.312,23.059,74.869,175.222,138.52,68.117,102.549,122.688,166.236,56.848,167.961,159.843,74.666,94.741
"2000-12",88.466,44.586,114.178,171.354,33.959,171.532,30.795,45.992,70.465,119.423,NA,81.87,21.19,68.928,42.092,76.96,91.853,124.136,40.936,89.549,6.864,7.523,99.693,342.083,9.759,103.55,116.707,17.372,88.318,NA,NA,54.331,NA,116.823,26.028,60.487,194.946,120.21,24.974,39.696,90.52,35.693,30.373,12.803,83.902,207.216,103.08,71.857,77.187,105.687,161.002,63.419,93.404,99.909,72.591,95.189
"2001-01",69.073,41.016,217.762,153.725,25.221,121.845,48.802,27.399,59.912,87.753,NA,88.834,13.804,87.357,15.918,65.129,104.217,155.978,43.336,76.227,1.197,7.902,26.473,187.213,10.961,163.026,258.574,16.58,90.615,NA,NA,63.476,NA,117.837,5.97,17.183,149.955,225.703,105.935,25.2,80.268,59.769,42.191,15.23,105.178,276.725,78.287,71.155,45.01,120.765,234.789,101.833,48.325,24.08,73.864,101.016
"2001-02",84.182,25.89,202.831,177.09,17.54,174.125,71.104,17.165,47.341,97.991,NA,90.437,17.233,97.034,7.002,60.093,102.904,90.44,85.317,38.195,0.842,0.956,6.756,31.604,23.94,118.839,153.024,14.479,80.223,NA,NA,47.847,NA,107.272,1.212,2.256,209.053,356.005,73.056,22.092,50.848,75.98,70.081,18.146,110.038,246.269,60.699,89.192,34.138,128.575,164.641,131.16,5.212,6.955,87.506,99.386
"2001-03",89.16,35.695,108.571,145.524,21.069,125.788,22.169,11.549,30.257,90.388,NA,100.363,26.482,106.319,18.09,106.211,87.439,31.927,76.985,24.007,10.34,4.361,4.241,55.863,23.528,95.536,188.907,32.305,41.053,NA,NA,61.092,NA,82.967,0.607,1.477,175.286,292.913,158.914,44.287,54.918,93.622,82.967,27.068,123.537,246.686,55.919,107.631,45.974,97.361,124.332,135.398,1.491,0.794,96.971,99.334
"2001-04",67.298,29.746,147.49,134.319,26.082,60.562,21.898,16.408,19.912,82.749,NA,77.742,41.201,87.115,12.441,134.515,78.238,47.658,41.763,33.848,69.946,4.284,10.547,168.002,44.931,90.657,175.901,21.064,45.246,NA,NA,40.393,NA,89.6,9.693,27.79,131.402,41.541,34.298,37.365,68.231,89.237,69.234,19.946,125.934,225.295,52.121,113.288,125.578,80.765,128.248,130.276,1.367,11.325,102.602,97.626
"2001-05",58.008,32.343,150.466,107.192,16.788,37.976,34.17,50.943,48.173,88.249,NA,59.602,19.394,86.774,13.719,283.882,33.906,38.855,40.933,33.557,163.298,3.6,47.023,227.845,52.508,112.989,151.9,14.707,54.271,NA,NA,43.068,NA,105.013,0.673,12.409,136.01,25.192,125.685,88.854,98.71,89.768,87.366,11.22,97.8,216.127,56.372,82.263,191.934,70.931,211.247,105.503,8.897,23.311,100.408,98.253
"2001-06",33.376,21.841,177.598,100.304,18.75,31.997,28.861,162.953,18.004,118.578,NA,91.354,43.368,64.993,69.45,229.562,42.748,36.242,9.148,9.832,271.918,2.245,11.89,103.181,42.535,33.428,36.187,32.813,84.937,NA,NA,9.335,NA,130.303,0.112,31.508,165.707,16.308,63.218,99.325,117.581,71.086,59.443,28.958,97.88,199.168,115.807,79.959,190.038,55.409,220.927,62.885,45.327,54.97,95.232,98.732
"2001-07",62.709,36.501,60.285,101.7,44.585,26.715,27.883,174.932,33.697,89.288,NA,88.172,58.235,47.959,155.371,40.825,43.751,23.163,3.718,4.065,399.168,2.555,16.286,71.862,55.883,52.166,11.928,46.403,39.905,NA,NA,6.445,NA,158.387,0.123,152.631,212.759,18.681,61.454,80.226,91.043,79.83,66.002,33.089,86.436,176.421,150.789,73.594,123.661,68.77,203.62,45.231,84.159,252.002,94.517,99.198
"2001-08",62.852,40.565,83.74,146.954,55.12,15.235,50.407,168.7,52.678,127.036,NA,99.723,43.673,45.548,94.395,12.85,64.138,26.892,1.281,1.984,313.12,1.176,12.141,37.362,59.12,53.819,10.952,40.399,76.253,NA,NA,1.548,NA,193.239,0.013,133.387,181.667,14.139,21.778,82.322,72.655,69.523,48.012,44.486,85.571,145.48,168.953,72.926,65.865,82.791,120.64,30.721,54.991,176.757,89.239,96.968
"2001-09",78.196,58.96,242.578,112.253,46.946,72.241,146.875,195.471,81.372,108.821,NA,67.407,24.032,84.969,72.586,11.445,86.709,86.375,16.506,11.263,206.043,0.529,22.02,58.763,22.354,53.515,11.611,51.236,56.002,NA,NA,16.445,NA,191.049,0.136,153.084,195.38,5.053,7.218,64.868,63.524,56.642,54.554,43.541,68.229,139.253,180.849,75.472,60.413,98.498,191.139,23.76,66.679,236.335,89.273,97.445
"2001-10",87.562,62.324,202.102,161.625,42.261,74.371,98.747,241.107,85.177,155.739,NA,51.207,21.66,80.633,46.406,9.371,81.404,55.216,0.531,36.733,134.904,4.037,18.283,145.828,18.666,83.328,24.826,47.506,86.525,NA,NA,9.053,NA,89.261,15.678,83.703,162.931,3.433,23.367,29.303,75.542,56.567,68.05,20.575,66.379,128.414,182.454,54.475,80.127,105.715,206.499,33.842,59.222,138.176,83.675,93.999
"2001-11",80.206,50.304,123.201,123.342,42.453,169.685,45.978,143.637,125.172,128.686,NA,84.193,28.549,68.533,78.719,17.232,80.807,115.094,79.127,88.894,47.993,2.905,99.502,203.49,35.493,98.295,90.317,31.527,110.431,NA,NA,41.944,NA,97.798,3.202,57.755,179.448,10.49,25.887,41.431,92.963,54.891,38.323,24.946,74.544,129.829,139.757,72.361,104.022,102.925,310.609,39.099,131.602,154.283,76.902,95.521
"2001-12",78.119,36.499,90.573,113.779,31.325,212.338,41.482,37.934,43.328,102.577,NA,89.83,19.125,82.383,38.617,132.951,101.839,110.708,30.93,82.714,2.184,5.485,10.16,143.479,11.258,110.741,220.341,27.848,93.022,NA,NA,46.705,NA,111.569,3.92,96.601,245.789,128.265,78.879,26.643,93.336,47.836,34.829,19.767,73.671,179.526,107.448,66.335,75.759,106.276,311.2,44.233,69.006,249.267,70.016,95.969
"2002-01",91.782,37.003,146.818,155.082,24.321,142.044,45.068,18.387,40.801,66.452,NA,75.925,14.366,117.253,28.877,63.924,87.966,112.816,70.675,48.443,0.592,12.878,7.598,105.406,15.278,121.432,213.997,17.107,86.751,NA,NA,60.547,NA,95.155,12.63,8.874,265.647,306.527,66.315,32.376,67.939,50.296,55.659,12.499,113.51,178.454,94.585,70.165,67.993,98.94,202.029,59.147,7.335,17.461,73.834,93.947
"2002-02",80.917,47.681,115.604,174.951,20.348,109.179,29.064,20.186,53.804,61.511,NA,67.899,21.123,84.096,33.351,109.521,73.842,88.038,33.965,49.61,1.611,15.16,3.782,63.652,29.499,110.609,190.99,11.052,86.542,NA,NA,41.585,NA,115.615,5.192,1.521,257.639,344.935,108.042,30.905,61.43,75.499,73.168,9.824,124.03,168.987,77.663,70.582,48.83,96.856,186.258,80.925,3.79,5.895,83.711,94.808
"2002-03",70.1,32.239,63.918,128.221,23.431,101.851,20.484,12.102,30.174,83.732,NA,97.577,23.729,118.507,14.312,121.045,79.025,70.377,17.086,51.2,11.786,3.945,1.569,88.259,18.091,132.678,90.258,16.363,83.56,NA,NA,17.84,NA,82.49,0.025,12.888,249.926,285.826,124.471,62.59,56.804,96.589,67.79,13.906,126.353,178.219,59.74,104.895,72.331,96.83,147.264,100.539,16.589,48.125,94.011,98.755
"2002-04",68.215,37.41,111.845,137.444,18.319,87.689,9.031,14.466,34.908,64.811,NA,89.078,24.372,83.829,24.172,191.414,61.464,78.381,31.492,28.16,61.468,6.475,3.888,82.733,17.126,126.103,167.727,10.913,90.102,NA,NA,17.098,NA,69.351,0.048,19.245,215.039,372.141,63.995,63.655,84.896,90.161,78.623,11.289,125.47,182.356,49.894,84.909,137.713,71.614,95.944,113.204,14.728,60.62,101.924,96.537
"2002-05",57.985,32.212,14.422,64.349,25.422,62.857,6.254,43.479,33.908,47.423,NA,94.411,29.244,59.209,16.931,243.918,37.445,32.692,15.187,20.1,160.103,1.564,10.662,153.981,51.133,97.998,151.922,28.388,57.803,NA,NA,4.302,NA,160.682,0.25,6.675,281.528,91.456,34.436,67.27,86.073,78.698,73.584,17.963,112.075,158.459,68.917,88.68,207.157,60.166,106.045,91.75,7.606,35.899,101.896,98.073
"2002-06",54.903,31.875,22.617,82.967,21.905,23.161,16.534,212.289,33.502,82.396,NA,96.812,61.147,48.631,55.502,269.421,40.253,25.618,8.756,7.263,201.305,2.296,12.355,64.626,50.629,117.866,55.671,27.146,47.89,NA,NA,6.843,NA,168.399,0.05,150.793,233.159,28.317,147.52,87.114,116.078,67.277,62.975,19.305,108.131,138.62,125.608,73.796,224.317,60.757,149.884,58.696,85.471,191.099,92.758,97.864
"2002-07",52.438,52.512,19.895,92.646,28.889,22.472,42.99,190.445,26.174,95.51,NA,82.318,44.485,88.334,157.282,64.616,42.919,14.55,5.809,3.005,373.036,2.477,9.968,40.28,88.447,53.031,15.961,35.123,55.581,NA,NA,4.912,NA,168.272,0.154,168.285,263.132,16.867,35.443,95.441,65.933,67.884,57.828,30.446,94.797,122.448,153.28,74.543,151.685,71.876,151.769,44.628,79.794,263.756,90.414,96.776
"2002-08",66.134,40.068,47.245,127.144,32.509,14.189,46.204,158.01,36.105,129.404,NA,70.959,57.691,63.658,145.147,14.149,50.934,29.969,2.859,1.911,319.013,1.203,12.735,43.09,85.143,46.001,10.758,29.994,74.06,NA,NA,5.562,NA,208.687,0.939,204.1,201.769,4.197,32.628,89.765,90.474,67.164,55.572,37.753,90.775,97.773,180.172,76.021,86.894,79.095,153.226,42.819,70.513,236.864,83.021,96.589
"2002-09",76.504,64.102,165.016,155.679,44.132,74.43,163.116,306.101,82.601,131.749,NA,66.532,35.103,61.074,138.741,9.676,77.571,65.31,34.778,22.193,226.199,1.039,21.378,81.887,39.428,29.944,13.489,58.588,96.675,NA,NA,7.497,NA,128.001,0.172,154.059,192.082,12.834,18.399,62.041,67.267,43.693,55.248,33.934,83.094,88.7,183.527,65.342,81.826,104.263,245.046,23.95,61.782,282.418,88.91,96.245
"2002-10",71.924,73.339,130.218,143.303,50.625,60.262,79.815,194.893,97.389,145.143,NA,45.616,36.306,83.399,102.255,7.43,83.355,106.781,80.916,56.525,150.969,2.621,29.42,122.032,51.078,72.248,23.037,44.676,90.936,NA,NA,20.597,NA,163.209,0.231,115.948,217.375,7.469,14.871,33.936,51.781,58.979,62.243,22.208,81.385,96.557,170.898,69.486,87.025,111.084,231.179,25.271,70.701,182.268,77.536,94.394
"2002-11",71.013,51.634,56.05,106.507,50.153,60.487,62.051,104.838,96.034,126.624,NA,69.424,17.145,71.081,154.117,30.738,84.223,145.477,44.892,46.919,42.08,8.839,49.479,167.854,30.099,73.484,118.461,22.586,109.069,NA,NA,92.494,NA,138.374,18.226,105.949,171.4,16.713,17.939,58.879,80.398,49.654,56.61,18.269,81.04,108.135,140.919,54.592,125.045,99.619,259.596,48.135,190.37,198.027,75.39,93.782
"2002-12",100.856,45.147,189.964,149.583,44.315,126.334,67.318,42.057,52.699,99.246,NA,74.156,17.228,90.766,64.424,64.442,86.282,110.914,38.197,63.928,2.397,7.741,61.544,221.268,22.281,98.84,263.727,26.135,94.471,NA,NA,42.337,NA,131.861,4.722,43.101,250.033,199.81,42.878,42.996,88.124,47.344,32.049,16.979,91.739,132.078,111.29,71.753,86.19,100.795,336.2,54.846,66.768,141.232,68.849,97.756
"2003-01",91.277,33.383,94.093,124.392,29.299,107.3,30.071,46.154,65.621,75.577,NA,86.874,28.999,76.954,35.811,59.673,77.034,92.955,67.945,69.256,2.071,5.114,7.247,67.858,21.498,108.304,263.989,15.695,94.337,NA,NA,91.077,NA,91.685,2.859,48.165,277.655,312.595,58.213,38.144,77.755,61.113,61.915,25.035,120.072,132.223,94.111,71.869,85.528,100.656,256.91,80.693,20.487,153.29,73.784,97.804
"2003-02",79.309,38.179,37.692,134.23,24.752,124.392,20.854,21.862,58.68,92.234,NA,78.623,27.622,102.815,22.216,85.718,74.478,84.429,45.493,51.684,2.489,16.93,5.794,31.723,33.803,167.738,169.972,16.139,84.717,NA,NA,20.813,NA,88.16,2.605,3.774,246.708,357.406,112.846,28.679,60.185,64.693,66.32,9.512,124.87,141.477,82.21,100.399,50.035,105.406,150.534,112.766,5.866,42.772,88.514,98.7
"2003-03",64.894,34.05,45.208,111.8,22.471,73.009,12.092,10.133,22.905,91.55,NA,69.004,15.696,99.534,23.759,107.614,80.938,86.538,40.668,67.18,20.453,3.155,4.41,53.467,77.828,170.137,112.057,19.423,68.791,NA,NA,41.052,NA,77.296,0.054,2.315,159.882,223.429,115.032,37.373,107.974,89.271,74.313,16.821,119.554,130.452,76.326,117.992,75.235,86.774,100.808,144.199,3.087,18.207,92.621,96.195
"2003-04",61.298,19.227,19.893,103.367,19.179,56.063,6.396,17.365,22.39,46.222,NA,95.01,20.181,99.898,16.058,144.071,60.379,89.005,9.858,27.329,71.914,2.041,4.235,103.24,36.108,126.879,126.393,20.735,91.968,NA,NA,12.64,NA,90.969,1.102,18.915,206.14,238.959,95.43,57.453,109.685,88.415,95.831,14.194,113.908,127.525,72.835,96.901,149.231,82.585,94.944,121.533,14.885,84.749,97.074,96.285
"2003-05",58.676,34.353,18.179,133.184,16.603,26.806,8.406,60.268,32.305,53.007,NA,64.503,20.85,95.382,15.881,206.019,33.333,37.698,16.548,35.523,152.097,5.282,11.685,39.891,79.737,95.563,140.791,17.087,78.282,NA,NA,22.108,NA,119.468,3.576,90.219,245.18,212.974,64.701,89.379,93.63,75.845,74.697,12.625,114.357,129.179,91.449,96.083,193.423,58.254,133.121,88.325,20.414,170.654,98.768,98.055
"2003-06",29.507,33.1,148.003,110.926,27.825,32.785,47.105,182.208,17.158,94.511,NA,88.502,70.951,77.609,69.13,263.258,38.981,44.15,1.201,8.039,222.433,1.913,22.912,92.792,106.857,87.141,45.025,29.149,52.872,NA,NA,3.129,NA,203.179,0.25,85.793,268.076,119.77,55.677,91.12,97.618,72.879,72.013,18.915,107.734,113.791,139.643,79.721,213.453,69.046,101.984,78.39,46.813,29.815,95.795,98.625
"2003-07",46.238,42.761,22.065,94.443,29.496,12.855,41.128,164.09,21.386,108.222,NA,54.641,44.661,69.087,153.87,29.78,45.599,21.389,1.369,5.283,352.652,0.953,9.382,42.176,52.134,87.114,11.001,35.773,46.394,NA,NA,2.056,NA,143.131,0.011,169.297,248.771,24.547,67.776,90.943,80.617,77.426,58.884,30.393,92.393,142.952,186.103,70.544,137.993,57.646,137.25,55.083,71.002,250.196,89.766,99.196
"2003-08",78.977,55.495,92.476,123.892,51.938,28.331,44.935,138.289,44.653,132.544,NA,81.318,57.961,61.259,113.142,10.837,53.317,21,0.81,5.442,283.168,0.655,8.248,35.214,30.847,71.914,4.783,40.501,60.695,NA,NA,0.466,NA,188.518,0.046,159.529,181.443,3.836,51.816,98.426,79.135,68.254,62.952,37.265,87.65,127.884,178.033,70.635,73.338,70.995,106.759,44.207,58.146,215.315,79.785,94.373
"2003-09",90.215,68.684,88.02,170.718,42.8,40.704,68.974,166.513,83.538,147.071,NA,76.811,50.287,52.722,75.726,9.373,104.929,30.816,15.419,10.723,208.331,1.574,13.54,36.967,63.371,24.6,9.971,52.12,49.366,NA,NA,18.109,NA,185.428,0.385,126.322,199.231,2.817,10.101,77.236,76.672,58.668,65.984,42.576,74.644,143.406,180.111,63.171,60.453,99.628,157.582,23.265,46.594,196.069,88.215,98.648
"2003-10",90.71,56.641,181.186,175.996,48.886,131.202,151.989,258.121,91.86,151.195,NA,53.511,18.822,83.458,35.116,15.737,104.218,40.701,39.178,77.742,163.137,12.677,47.677,135.592,36.813,88.002,14.941,46.235,61.078,NA,NA,63.287,NA,128.388,82.151,86.121,128.017,3.767,12.857,35.414,74.366,64.15,58.43,26.638,73.434,148.078,175.884,62.868,72.906,120.872,235.995,26.714,44.932,151.399,80.913,95.046
"2003-11",77.787,36.217,134.628,147.185,36.581,169.913,96.553,71.415,59.332,137.257,NA,57.406,36.595,70.053,77.225,23.013,77.376,143.857,43.519,70.514,39.812,12.908,50.875,137.809,17.955,68.061,88.279,20.289,107.552,NA,NA,32.064,NA,102.94,16.021,121.026,164.113,9.471,31.081,54.928,73.192,59.441,55.588,21.029,79.079,158.667,136.77,68.911,83.948,109.789,286.301,42.222,105.325,257.086,71.141,94.722
"2003-12",64.705,45.158,182.446,131.965,41.603,195.525,103.164,49.81,50.063,121.253,NA,54.472,23.228,95.448,46.892,52.17,108.921,120.667,54.989,76.114,4.1,17.25,27.32,124.685,55.081,89.591,183.805,30.408,113.833,NA,NA,66.626,NA,97.615,10.756,30.057,247.293,61.611,27.491,27.822,81.684,38.73,44.498,19.586,86.081,181.511,104.672,71.579,68.306,101.296,298.416,57.735,57.101,152.474,71.727,96.216
"2004-01",90.481,39.928,129.904,160.658,28.459,214.598,55.497,25.815,55.957,54.467,NA,80.505,26.525,102.191,29.791,169.876,98.899,117.67,56.646,52.368,3.449,10.98,13.864,144.85,14.73,111.629,201.073,16.691,79.322,NA,NA,49.041,NA,94.957,7.423,4.473,234.166,291.177,73.201,33.61,95.945,49.984,61.803,15.217,94.155,218.569,88.511,66.327,66.532,96.775,202.002,55.143,9.015,7.714,73.775,94.976
"2004-02",91.111,39.408,185.429,171.457,28.223,245.771,55.17,14.508,47.567,73.634,NA,73.707,16.627,85.907,32.135,97.571,126.36,84.574,21.932,50.164,3.747,13.746,15.754,87.344,36.306,128.641,236.411,22.251,78.552,NA,NA,56.854,NA,64.05,24.84,1.793,189.485,311.207,72.09,35.766,67.179,68.522,70.518,15.797,127.876,210.109,70.03,85.524,48.063,99.232,177.946,110.501,7.677,3.709,86.801,97.342
"2004-03",79.391,23.066,110.971,185.315,18.502,114.597,23.387,10.812,37.723,72.908,NA,90.72,21.84,128.361,17.367,136.559,75.224,145.648,11.637,38.255,9.486,5.775,6.915,39.088,71.499,139.442,92.716,20.354,73.011,NA,NA,6.824,NA,52.304,3.7,2.877,193.933,258.042,94.922,51.23,61.355,86.565,91.598,10.921,131.393,236.116,53.068,104.085,44.717,106.739,85.168,141.309,8.698,2.843,95.299,99.198
"2004-04",58.948,26.628,39.79,161.29,18.722,106.332,8.351,13.68,27.868,77.607,NA,88.288,32.307,119.405,12.927,222.033,48.308,72.43,14.294,37.065,75.578,6.478,8.151,62.191,16.988,96.077,201.203,7.259,93.569,NA,NA,43.903,NA,75.497,17.4,1.605,132.609,126.575,37.705,31.876,53.01,95.94,70.825,8.929,107.389,213.296,53.257,99.262,142.818,72.597,128.986,129.255,2.156,1.719,96.822,94.18
"2004-05",40.99,35.123,71.694,75.09,24.73,21.581,12.708,29.237,64.994,64.761,NA,115.876,48.257,72.91,24.121,307.77,40.262,36.587,11.574,17.209,121.88,2.971,12.488,127.572,52.905,91.561,129.369,13.743,73.857,NA,NA,16.803,NA,93.519,5.348,5.132,128.663,29.836,34.494,78.777,82.704,89.632,68.335,9.547,106.551,220.997,57.72,82.049,179.156,50.061,159.986,100.054,4.029,11.113,100.073,95.222
"2004-06",40.42,37.192,39.519,126.954,19.187,14.777,14.049,137.158,51.329,110.575,NA,75.734,50.804,74.626,34.296,389.152,56.351,45.442,6.634,9.716,296.671,1.329,37.465,227.899,70.716,71.432,37.899,25.754,68.416,NA,NA,15.195,NA,204.06,0.186,35.309,186.933,10.325,32.981,130.357,101.09,78.398,65.092,19.615,88.661,208.061,98.497,82.569,206.245,53.041,137.885,66.717,23.667,101.132,94.097,99.107
"2004-07",60.798,38.599,76.979,112.32,35.479,16.748,50.384,268.2,73.168,112.652,NA,47.68,53.547,81.656,178.093,32.32,65.625,17.226,0.477,15.01,379.497,2.287,49.188,137.084,108.73,60.642,6.487,36.502,60.326,NA,NA,3.794,NA,134.215,0.051,230.176,155.825,13.392,30.2,63.169,83.987,71.915,64.766,26.08,83.84,215.019,163.141,69.74,115.477,53.483,104.945,52.058,110.13,295.399,98.624,100.256
"2004-08",70.278,54.108,39.984,143.684,47.439,28.754,50.143,157.451,54.621,142.28,NA,65.494,36.618,80.463,115.036,10.849,71.488,23.41,1.321,1.921,249.777,4.149,37.797,83.398,51.299,35.167,7.742,57.323,62.581,NA,NA,5.009,NA,210.476,0.019,215.342,147.386,4.312,22.63,103.266,95.103,58.031,62.821,46.568,79.088,176.242,179.942,74.131,54.109,82.101,92.177,34.766,116.422,300.432,84.161,97.279
"2004-09",78.653,67.521,185.869,183.533,51.589,60.923,95.4,184.661,75.386,145.052,NA,68.543,30.794,66.422,60.357,16.13,78.492,44.232,17.541,47.078,213.278,2.214,103.455,134.58,53.684,54.348,12.309,54.552,64.045,NA,NA,26.891,NA,158.978,0.303,166.618,131.566,6.74,13.118,65.145,70.394,63.088,61.584,47.519,71.735,171.845,166.541,68.798,60.875,113.635,115.344,27.3,93.469,318.795,87.828,97.649
"2004-10",89.947,50.588,104.572,151.356,75.518,49.489,190.508,251.733,120.878,131.488,NA,38.25,20.063,83.289,38.707,12.339,68.343,137.545,35.618,43.944,145.891,41.89,170.374,273.796,56.039,94.1,18.337,49.093,93.118,NA,NA,52.42,NA,81.077,50.487,96.835,88.214,4.474,9.862,16.468,49.588,54.432,68.245,34.736,69.305,153.516,188.934,57.555,74.402,121.075,127.485,33.261,137.864,131.308,82.429,95.791
"2004-11",79.454,38.12,145.44,137.416,58.196,176.199,53.936,115.209,96.228,137.215,NA,66.366,15.436,95.719,99.953,18.277,90.796,101.463,38.102,58.806,66.266,14.382,220.789,274.272,22.237,93.624,27.078,27.394,88.367,NA,NA,93.924,NA,148.631,46.409,94.63,106.339,14.806,16.367,29.149,72.879,56.044,45.271,22.586,73.574,177.853,153.305,67.399,97.515,106.059,127.452,39.31,178.757,140.502,77.747,94.823
"2004-12",72.845,43.909,90.689,166.477,47.511,239.622,42.478,45.777,86.421,151.719,NA,67.694,10.335,54.816,52.896,33.078,90.715,102.861,24.26,63.544,18.903,23.604,147.452,330.029,18.911,135.865,125.875,27.407,100.461,NA,NA,57.521,NA,129.199,25.109,55.668,141.058,61.758,77.686,22.555,66.371,50.756,34.002,18.57,82.274,207.238,93.05,64.623,92.048,113.347,221.259,61.573,105.362,95.301,73.755,94.874
"2005-01",83.863,34.761,204.067,203.154,30.056,219.142,55.564,23.105,74.442,87.472,NA,81.333,23.7,100.069,32.916,75.164,90.959,127.138,39.441,73.659,2.034,8.566,23.918,181.584,20.189,86.175,177.45,17.62,78.591,NA,NA,24.868,NA,97.02,9.344,31.837,199.398,298.231,43.157,31.812,66.603,56.763,51.408,13.548,108.735,270.739,72.044,60.042,48.461,117.524,222.358,98.796,48.689,64.871,79.619,99.113
"2005-02",72.067,21.262,148.888,119.796,30.037,188.812,50.82,23.479,41.874,132.016,NA,68.416,13.459,127.258,14.358,91.778,77.065,81.396,85.425,38.178,1.662,7.832,12.179,99.818,25.632,138.299,204.952,18.001,75.617,NA,NA,74.579,NA,129.409,11.433,7.239,165.372,206.138,103.757,54.026,61.346,67.612,59.937,15.049,100.596,242.478,62.304,87.812,32.67,111.188,232.336,123.461,6.079,5.137,85.808,99.08
"2005-03",74.369,36,213.104,180.04,25.301,54.521,33.505,12.868,46.478,77.345,NA,73.385,30.16,117.044,15.891,145.445,90.251,62.235,54.185,39.199,19.355,1.726,3.99,78.464,23.087,85.734,147.962,14.987,80.871,NA,NA,40.464,NA,122.015,0.332,1.133,229.095,270.222,60.758,68.733,76.145,78.747,100.164,11.412,118.071,229.005,52.637,92.16,64.864,78.938,129.161,141.173,1.457,2.118,90.931,97.246
"2005-04",40.553,27.533,78.69,130.102,17.064,95.622,16.696,24.976,35.875,92.704,NA,109.64,45.807,106.361,14.927,338.296,77.101,76.004,13.122,18.13,51.376,4.374,18.066,190.683,43.74,100.543,132.683,16.077,58.247,NA,NA,12.026,NA,112.498,4.697,6.134,202.628,315.932,19.646,60.743,82.176,79.521,78.727,8.916,110.776,217.73,51.119,91.444,108.575,78.418,80.134,105.14,4.591,6.127,96.964,96.592
"2005-05",40.685,26.018,20.083,91.555,28.083,39.167,4.656,41.827,26.616,164.485,NA,101.693,46.704,71.083,28.919,363.629,49.098,40.093,3.441,20.652,156.682,5.116,63.882,258.874,32.26,58.836,100.473,20.629,81.474,NA,NA,12.561,NA,91.267,1.986,20.886,200.048,52.417,42.234,73.969,111.119,84.288,78.055,10.841,103.47,201.914,52.176,70.754,222.523,59.596,284.236,111.224,24.141,42.003,101.568,99.739
"2005-06",63.426,42.725,162.106,132.997,21.469,26.227,32.841,188.168,76.705,187.786,NA,81.037,42.014,83.521,173.884,207.565,37.769,25.524,1.341,8.518,258.027,1.752,16.53,99.275,64.435,55.906,8.225,34.105,40.078,NA,NA,2.386,NA,139.22,0.113,177.463,260.583,57.841,109.732,92.178,105.756,77.667,82.921,23.388,89.883,198.923,96.459,95.039,182.503,68.919,136.594,62.056,101.328,283.103,100.471,100.407
"2005-07",61.447,44.841,38.328,99.556,19.998,26.973,43.379,225.138,62.692,153.268,NA,90.554,48.305,54.034,192.223,41.566,54.197,48.905,1.291,7.585,330.218,3.153,20.93,55.926,68.862,49.12,7.795,35.391,61.198,NA,NA,0.575,NA,219.422,0.878,202.983,287.192,30.421,73.429,84.997,127.461,65.473,72.829,33.569,90.836,138.314,153.327,68.662,100.212,66.422,167.887,39.676,112.331,256.061,89.883,97.148
"2005-08",55.252,52.742,93.085,119.001,32.484,21.217,56.83,211.526,88.849,131.465,NA,68.528,39.539,58.232,128.852,16.138,61.215,21.795,12.157,4.583,292.687,3.67,20.69,94.955,43.776,48.784,7.946,48.847,93.418,NA,NA,11.415,NA,169.292,4.675,194.753,243.43,26.08,54.657,64.335,105.564,61.565,66.191,39.781,93.276,87.294,156.607,74.556,55.486,97.698,177.701,40.475,98.001,252.392,89.835,95.679
"2005-09",80.09,74.94,126.825,161.048,42.197,5.842,129.097,256.276,139.433,127.711,NA,54.199,18.399,96.398,134.863,7.607,64.104,38.508,9.483,9.753,194.584,3.107,13.3,53.611,32.137,32.314,10.995,40.517,76.974,NA,NA,22.813,NA,221.509,0.22,207.699,231.287,11.605,28.517,84.331,82.465,49.498,62.363,38.913,75.931,66.297,176.009,72.578,61.892,94.097,255.774,35.645,143.308,237.579,88.361,95.982
"2005-10",81.738,40.624,68.634,110.222,71.323,79.808,87.23,274.534,156.553,135.115,NA,83.219,28.946,67.395,67.817,10.64,87.78,88.5,28.604,46.566,147.352,6.146,24.462,59.574,41.179,45.778,18.516,37.807,87.107,NA,NA,51.442,NA,163.734,0.803,183.131,228.82,36.237,14.09,45.002,48.453,51.39,55.002,35.624,77.063,60.452,170.247,69.445,77.94,119.609,241.998,43.169,80.893,242.748,78.988,94.58
"2005-11",76.117,49.828,174.874,127.828,60.881,86.826,61.262,198.609,118.693,110.386,NA,74.613,19.88,72.183,144.789,16.136,95.144,85.138,51.66,57.282,38.843,13.775,70.478,122.918,50.18,53.577,55.022,38.504,97.302,NA,NA,82.623,NA,152.349,9.635,146.743,223.874,59.656,34.347,60.491,53.982,56.553,36.253,24.09,90.783,63.65,158.837,62.655,112.354,105.027,240.523,66.662,213.555,246.096,71.382,97.005
"2005-12",80.116,44.025,44.298,76.067,48.176,170.918,23.125,77.252,99.206,114.053,NA,71.774,19.647,67.29,161.023,67.386,105.25,84.29,46.596,69.576,5.611,19.017,74.586,277.193,15.841,74.929,205.63,29.224,116.54,NA,NA,72.347,NA,140.595,18.347,41.687,228.369,268.434,64.495,42.509,58.302,42.934,39.783,32.246,93.245,95.45,116.788,58.348,108.126,96.984,283.715,54.18,70.624,167.702,73.455,96.425
"2006-01",82.182,24.265,119.822,159.764,31.442,161.593,25.387,37.2,75.626,92.009,NA,61.628,15.542,89.734,58.021,112.73,97.372,104.664,73.398,56.819,1.652,15.71,7.239,48.115,35.226,175.063,254.796,13.042,97.818,NA,NA,36.325,NA,116.859,2.649,37.264,251.568,333.082,175.61,60.657,112.447,51.655,57.463,16.668,112.214,99.754,103.572,68.539,54.446,108.413,212.384,83.241,82.599,179.923,76.137,99.178
"2006-02",69.293,23.062,64.189,148.214,25.739,117.823,12.476,33.148,63.592,109.128,NA,43.996,13.771,102.608,35.462,123.822,103.1,153.875,15.404,56.49,1.988,5.203,4.966,21.697,28.766,172.419,206.366,11.373,88.687,NA,NA,5.751,NA,126.064,0.583,27.879,203.657,312.002,251.254,50.035,104.266,78.119,86.138,6.686,120.06,119.603,81.91,76.766,68.719,97.238,114.131,141.325,41.26,133.827,83.587,97.718
"2006-03",52.045,19.377,5.015,99.695,31.239,101.212,5.025,13.09,26.398,97.667,NA,73.03,33.072,85.548,25.206,90.164,88.619,133.377,16.454,40.946,7.069,1.49,2.73,40.832,39.364,86.14,82.018,21.366,103.064,NA,NA,15.985,NA,107.938,0.085,19.113,165.149,279.173,226.039,30.399,108.778,91.025,77.72,14.17,128.942,94.979,81.354,95.653,45.215,79.629,146.902,158.748,31.904,70.736,86.309,95.83
"2006-04",40.725,16.932,21.252,92.74,27.672,84.358,4.533,25.553,22.778,54.988,NA,78.494,32.201,83.195,19.412,281.45,75.819,74.095,17.036,21.776,56.777,1.458,2.236,89.056,37.692,96.555,61.442,15.658,70.483,NA,NA,19.881,NA,96.042,0.023,26.491,229.19,346.187,144.28,65.258,58.192,90.726,88.012,11.625,133.35,96.822,79.549,103.298,94.292,63.301,87.588,109.877,8.272,84.688,96.373,95.032
"2006-05",43.128,35.235,35.158,88.279,45.33,39.065,28.956,48.297,37.286,49.728,NA,80.156,47.623,95.985,13.302,327.063,44.692,49.783,6.697,16.57,199.691,2.454,25.242,155.852,52.617,87.549,88.697,14.747,68.53,NA,NA,12.416,NA,108.623,0.306,8.068,192.781,220.374,97.915,64.891,80.461,83.416,65.312,11.299,115.487,100.116,111.358,98.078,236.545,60.559,83.399,81.391,6.089,16.244,91.51,96.948
"2006-06",44.637,45.695,74.244,104.524,23.198,19.643,33.958,185.085,37.348,80.835,NA,82.518,73.807,75.092,72.144,156.793,60.388,34.639,0.469,11.542,241.192,2.219,16.234,95.447,34.285,79.956,25.341,30.51,76.97,NA,NA,1.444,NA,146.319,0.116,114.221,221.699,36.031,67.025,108.577,104.232,70.988,54.164,25.888,119.086,80.255,137.245,85.317,221.41,57.078,174.125,49.738,108.938,155.959,90.596,98.42
"2006-07",62.229,48.836,20.572,80.347,34.997,27.489,42.625,189.051,35.171,117.975,NA,92.686,84.423,57.657,167.707,50.478,44.777,20.717,0.48,4.888,386.521,5.033,28.319,97.215,54.786,58.803,14.852,42.188,67.472,NA,NA,1.321,NA,160.916,1.334,180.561,199.15,37.936,81.979,87.712,81.945,64.657,52.362,35.046,104.154,78.096,154.106,76.31,187.367,70.683,219.797,44.532,53.145,220.318,86.397,95.815
"2006-08",72.479,58.444,54.941,133.074,36.874,17.523,101.599,211.006,46.952,129.321,NA,71.387,52.641,62.019,138.236,11.613,58.363,22.053,2.126,2.294,320.178,5.797,24.126,83.011,36.629,56.496,11.64,43.518,102.392,NA,NA,1.293,NA,158.077,6.265,184.548,222.109,35.534,45.454,98.252,91.665,72.461,71.29,47.872,95.229,71.2,170.216,72.767,82.817,77.1,217.876,38.414,84.129,269.932,83.715,95.057
"2006-09",79.655,59.381,192.857,138.637,35.633,21.842,90.484,237.303,107.082,149.677,NA,69.397,22.968,75.592,170.63,10.301,81.679,41.887,5.386,30.055,207.365,1.499,9.581,35.729,49.463,65.816,17.583,36.432,98.915,NA,NA,35.019,NA,231.93,0.181,146.47,221.902,14.886,24.763,94.475,95.985,57.131,61.316,32.896,74.362,82.64,161.908,69.613,72.161,95.997,193.218,39.854,45.412,252.698,87.233,94.825
"2006-10",92.293,56.634,65.834,168.046,43.47,41.093,114.362,183.798,119.07,132.271,NA,62.905,18.98,60.006,100.148,15.846,106.405,80.268,41.306,46.852,145.778,3.119,35.305,59.876,22.556,49.662,54.14,35.361,83.231,NA,NA,60.799,NA,151.747,1.057,145.086,191.436,21.368,9.636,43.707,58.146,43.192,68.241,24.699,83.713,76.612,182.18,62.312,79.908,110.112,252.132,35.998,70.717,236.487,80.662,94.964
"2006-11",73.397,47.257,43.415,70.219,48.997,146.802,24.641,117.399,118.969,121.965,NA,71.309,20.328,61.38,167.734,24.92,79.087,82.744,72.285,32.11,32.234,7.325,63.683,209.527,19.704,78.134,154.079,24.35,129.13,NA,NA,79.808,NA,137.285,6.122,90.868,209.869,70.225,23.362,42.388,62.427,54.22,65.133,27.7,88.32,82.327,135.269,61.936,101.1,99.119,287.121,59.338,157.314,261.63,75.992,95.535
"2006-12",83.497,30.945,40.289,102.207,36.483,141.061,37.46,46.956,62.35,111.706,NA,86.294,25.69,60.993,109.828,118.983,96.651,102.602,29.911,53.447,3.41,11.247,30.302,134.534,44.846,116.004,237.56,23.989,106.79,NA,NA,84.274,NA,141.057,4.848,55.179,267.27,218.749,43.49,39.202,47.551,51.726,42.238,22.901,99.902,122.731,110.174,61.619,111.668,100.36,242.931,73.758,78.859,180.355,73.637,98.674
"2007-01",87.112,23.999,97.858,94.03,36.779,151.385,26.082,29.94,64.757,61.896,NA,60.068,10.421,80.329,38.747,128.119,101.506,54.929,45.45,63.476,1.55,10.123,14.19,96.574,27.501,181.995,254.405,19.403,85.986,NA,NA,58.835,NA,130.549,1.88,40.463,236.905,295.387,90.479,47.275,65.407,53.809,56.919,21.642,114.188,118.382,90.292,61.079,102.666,83.039,242.583,74.466,52.204,126.95,76.494,96.11
"2007-02",75.451,23.07,75.736,78.146,32.194,142.398,18.802,18.41,36.429,63.554,NA,79.943,16.351,71.09,32.017,48.289,93.401,90.121,75.146,51.44,1.75,2.612,6.349,59.924,25.347,147.573,206.348,12.468,71.923,NA,NA,33.712,NA,107.369,0.638,30.238,222.916,305.191,151.946,30.521,86.128,75.151,77.99,13.378,114.434,132.097,85.497,86.434,60.391,80.948,228.735,106.313,25.244,163.144,78.981,96.289
"2007-03",56.487,27.212,127.354,99.395,23.296,84.125,23.929,12.926,28.161,104.903,NA,95.514,27.048,88.655,13.86,124.388,99.8,90.94,21.74,40.563,9.429,4.259,4.843,58.082,40.33,121.002,112.471,20.999,71.542,NA,NA,25.754,NA,116.297,0.041,15.661,223.366,374.993,219.448,48.185,105.981,86.742,82.156,18.14,125.72,114.936,74.196,90.011,50.702,76.107,99.885,120.875,12.36,85.948,93.479,95.482
"2007-04",66.854,30.152,5.725,59.831,25.718,114.37,3.029,14.083,24.58,128.207,NA,104.247,30.208,107.511,18.041,171.749,63.182,69.701,27.016,27.084,107.799,19.484,6.354,125.926,65.719,84.044,238.759,19.067,63.47,NA,NA,23.128,NA,80.588,23.828,21.819,153.649,265.429,149.531,53.417,115.147,97.791,85.205,13.501,127.849,105.041,79.289,121.863,177.351,68.301,80.322,84.534,17.066,93.338,94.055,95.121
"2007-05",59.744,33.557,36.171,87.879,33.701,30.863,26.823,46.153,51.053,51.263,NA,75.055,42.966,97.436,19.061,209.838,39.975,44.097,9.565,17.625,152.359,2.251,33.143,108.821,54.361,62.32,143.822,19.925,64.175,NA,NA,32.482,NA,113.202,0.103,31.14,242.951,278.04,70.106,117.114,93.781,75.643,77.141,20.466,113.717,100.951,83.691,102.427,164.135,56.48,140.922,69.147,12.565,100.372,96.871,96.378
"2007-06",50.138,49.937,30.062,99.402,18.394,35.97,34.156,207.657,33.65,82.807,NA,96.715,31.705,52.687,70.485,241.686,41.963,34.741,3.347,7.894,246.708,1.071,10.6,46.675,138.858,132.35,37.674,30.926,39.874,NA,NA,5.091,NA,211.718,0.151,150.66,225.608,80.613,67.162,103.348,102.294,73.957,62.711,22.323,111.735,100.252,137.026,66.838,216.77,62.984,111.089,57.841,79.193,222.737,96.434,97.968
"2007-07",56.791,41.714,20.526,127.028,41.608,14.467,23.298,117.088,22.857,101.356,NA,91.844,50.229,54.456,113.236,50.7,38.796,24.866,0.395,2.207,372.056,1.177,9.828,41.15,43.722,69.69,19.508,34.742,100.759,NA,NA,0.947,NA,181.934,0.047,150.764,225.487,13.334,56.482,96.195,97.59,68.954,47.085,38.172,104.304,89.6,169.296,71.565,160.161,67.379,171.007,48.054,82.426,207.972,87.798,98.12
"2007-08",62.058,53.378,100.222,116.361,46.021,19.373,55.361,150.949,32.039,114.66,NA,74.52,55.238,71.662,116.21,8.718,35.864,53.451,2.201,12.068,287.737,2.26,8.007,39.008,19.811,45.59,9.475,37.205,81.992,NA,NA,1.86,NA,161.109,0.723,144.957,199.036,4.167,24.072,90.192,101.862,61.152,68.734,24.472,91.351,113.962,175.11,71.311,89.867,56.909,146.918,45.16,60.773,208.386,79.837,94.133
"2007-09",94.391,57.337,76.895,117.972,55.751,73.924,75.696,134.616,47.323,139.082,NA,95.069,28.127,54.646,97.978,8.497,88.749,32.117,12.059,26.746,252.299,0.757,17.468,50.511,66.443,52.865,14.013,47.214,105.868,NA,NA,31.475,NA,136.785,1.045,123.893,186.772,6.816,8.771,76.35,69.326,57.817,59.063,31.149,86.2,98.567,167.244,60.419,78.342,98.054,155.824,32.189,41.359,222.258,91.747,95.097
"2007-10",93.588,58.399,99.187,161.976,36.051,95.447,90.651,139.056,78.011,136.331,NA,67.795,28.143,73.144,59.184,6.243,86.536,59.416,21.767,36.221,135.372,3.625,29.938,93.345,48.917,56.343,57.095,35.501,102.954,NA,NA,37.942,NA,127.804,1.674,99.515,185.444,3.473,16.823,43.128,64.061,64.993,57.973,34.602,82.18,126.874,157.57,64.24,75.798,107.206,259.804,34.039,36.585,202.704,84.08,95.723
"2007-11",78.65,47.828,136.566,119.165,39.927,78.261,103.41,104.231,50.729,138.858,NA,83.036,20.853,67.915,104.77,24.923,99.434,75.411,45.778,71.558,33.828,8.91,58.59,114.463,22.653,61.646,135.552,29.626,94.894,NA,NA,54.913,NA,110.063,4.834,96.975,207.474,23.583,21.468,19.031,61.07,54.54,52.972,22.601,78.434,150.456,151.32,59.733,119.787,86.098,273.223,55.313,95.655,140.553,76.981,95.579
"2007-12",66.34,28.392,184.285,188.984,31.849,156.049,59.232,32.169,58.114,113.766,NA,72.103,22.767,58.54,51.257,51.571,73.472,124.332,81.387,77.718,3.054,13.535,28.395,228.074,25.1,134.004,222.045,22.294,83.719,NA,NA,67.584,NA,144.479,5.2,4.677,237.465,154.79,27.534,50.219,56.666,40.591,52.09,18.335,88.91,194.332,113.006,68.431,67.046,121.918,276.825,46.419,9.862,29.555,75.36,99.226
"2008-01",62.33,33.461,193.411,135.536,28.939,207.963,64.391,36.511,47.37,60.247,NA,60.322,14.014,75.862,14.279,100.392,87.807,83.097,28.155,61.622,1.625,28.594,10.455,81.468,19.066,132.371,161.969,15.381,77.972,NA,NA,21.029,NA,103.339,1.874,5.452,283.225,248.959,77.075,42.887,84.768,53.121,61.573,16.056,106.643,192.181,95.663,69.147,56.629,108.221,245.282,48.684,9.631,12.259,78.179,95.824
"2008-02",87.055,20.171,116.779,150.909,29.854,185.244,22.73,9.732,38.409,53.161,NA,89.643,28.473,117.041,31.688,163.786,104.303,16.747,105.266,53.535,2.591,6.524,6.17,50.851,23.357,131.72,194.519,20.377,50.598,NA,NA,78.155,NA,123.321,4.284,2.872,214.632,318.229,131.181,50.109,75.631,75.779,45.547,24.082,118.035,191.132,78.728,82.891,58.746,82.253,162.387,121.443,3.213,12.166,82.624,97.178
"2008-03",65.449,24.33,55.045,121.004,23.98,33.907,7.213,9.938,24.693,51.218,NA,62.758,14.186,116.971,20.502,214.274,77.995,119.814,8.929,32.646,9.143,2.822,9.022,53.244,39.075,166.47,116.608,17.799,70.766,NA,NA,18.669,NA,74.383,1.989,1.63,213.403,357.414,78.044,60.083,120.182,97.358,76.699,18.252,122.339,221.512,60.119,84.361,49.48,84.096,94.988,86.374,3.185,6.975,92.378,93.551
"2008-04",59.116,19.744,162.416,84.91,21.799,62.806,14.828,10.977,23.017,24.204,NA,94.79,24.053,94.047,21.789,271.583,67.909,78.59,7.498,28.132,75.77,1.964,18.458,124.583,30.376,114.319,88.832,14.637,73.261,NA,NA,15.769,NA,100.688,2.399,2.307,166.771,181.802,76.267,46.695,68.988,88.758,83.694,14.324,119.323,184.376,61.826,91.345,132.492,53.661,145.133,103.123,2.742,4.953,95.791,92.531
"2008-05",52.545,37.999,50.148,112.557,26.463,33.29,20.958,52.038,26.697,40.981,NA,83.1,46.685,73.235,23.239,285.24,55.172,18.274,9.805,28.942,213.216,2.889,11.262,104.428,85.99,96.056,101.55,25.77,73.24,NA,NA,19.789,NA,96.707,0.625,12.723,214.665,104.763,42.668,82.774,118.374,74.808,79.784,17.289,107.38,149.06,89.997,86.856,269.652,54.119,155.206,91.312,10.446,42.225,95.864,98.571
"2008-06",35.649,31.087,15.722,83.586,26.423,32.855,19.08,213.383,30.196,89.731,NA,80.034,63.003,50.084,127.471,201.124,35.657,31.179,2.688,16.521,236.42,2.175,29.236,95.711,52.823,104.864,34.534,27.981,56.566,NA,NA,11.666,NA,174.717,0.25,135.198,256.796,42.503,50.363,97.708,85.959,76.42,63.724,16.762,99.665,118.925,126.613,76.832,213.424,60.173,178.73,55.061,70.106,154.181,89.352,95.536
"2008-07",59.59,47.467,104.671,133.318,27.437,15.145,57.462,152.026,39.727,91.08,NA,93.139,43.842,69.084,159.21,23.435,37.002,29.546,3.384,3.127,352.68,1.653,11.845,45.946,106.562,98.314,8.156,28.017,97.984,NA,NA,3.119,NA,145.459,0.02,253.662,277.05,23.943,50.831,105.561,104.092,76.293,74.788,26.591,87.485,127,144.746,80.49,147.934,63.501,113.874,48.961,98.581,268.589,89.352,97.195
"2008-08",66.351,53.788,35.182,121.901,36.854,26.118,60.969,182.589,47.627,112.182,NA,52.331,29.228,70.054,137.113,10.822,50.905,47.683,2.462,4.679,287.235,1.282,8.63,36.373,93.188,68.613,10.501,50.349,49.733,NA,NA,2.464,NA,187.822,0.04,167.439,196.599,9.758,24.416,89.973,77.098,81.281,74.713,47.078,85.92,114.78,189.475,68.709,94.345,73.395,128.87,33.169,71.088,236.502,89.364,96.646
"2008-09",82.846,57.887,218.278,157.984,47.353,40.478,81.349,186.151,72.353,129.066,NA,69.715,37.899,80.775,87.68,9.539,82.494,25.466,1.717,18.345,208.008,1.422,52.664,116.185,30.236,65.269,14.9,39.106,76.575,NA,NA,1.827,NA,178.491,0.348,89.056,193.455,4.81,12.914,86.457,88.755,56.754,64.729,36.606,71.81,118.941,187.239,68.318,75.455,100.125,139.635,27.698,39.955,154.614,79.234,94.106
"2008-10",74.562,55.035,41.998,162.728,47.816,118.212,171.394,247.682,123.718,139.126,NA,68.179,24.048,76.851,56.199,8.669,96.905,105.134,10.225,57.031,213.627,12.252,107.261,253.877,50.79,65.784,21.877,47.811,72.283,NA,NA,100.295,NA,86.385,7.007,81.818,173.58,9.421,33.689,58.925,60.674,74.6,62.905,24.951,65.941,124.475,180.064,67.348,73.066,125.657,250.41,37.73,78.725,166.917,78.037,95.79
"2008-11",87.403,46.705,181.663,123.921,31.194,125.865,106.394,81.679,74.745,116.507,NA,69.241,10.378,73.02,151.195,14.788,104.943,90.969,29.453,96.114,61.752,6.057,131.383,264.223,39.455,120.559,48.182,32.669,112.314,NA,NA,69.839,NA,104.75,17.019,73.649,197.271,19.392,31.233,54.46,97.285,54.366,47.427,28.036,74.574,132.516,145.148,57.414,112.308,94.341,242.029,37.695,73.914,186.238,74.856,93.964
"2008-12",85.459,39.952,107.389,131.351,42.083,137.692,24.947,38.111,53.88,118.462,NA,81.087,28.388,76.506,93.809,78.538,106.382,134.524,50.046,55.984,8.046,7.358,44.909,238.209,33.869,89.568,179.698,25.694,68.644,NA,NA,36.922,NA,97.045,13.773,48.044,229.845,146.501,18.088,35.868,73.735,43.762,23.206,23.953,95.177,182.021,117.226,69.879,64.026,92.218,270.721,47.528,103.949,74.675,69.087,96.738
"2009-01",93.417,28.226,101.148,147.301,29.618,79.508,25.281,16.527,37.434,67.952,NA,91.741,15.781,88.512,47.979,84.973,103.605,77.004,56.334,56.75,0.336,5.516,14.293,136.68,17.164,187.392,279.689,26.52,82.487,NA,NA,89.416,NA,119.58,2.58,17.963,233.38,351.351,38.002,19.979,43.463,52.444,44.405,21.329,116.825,214.467,86.299,69.762,63.871,91.612,266.352,70.114,35.405,33.883,77.843,100.637
"2009-02",71.926,33.726,192.429,143.604,23.435,62.153,33.599,13.171,32.13,82.125,NA,108.831,28.048,81.306,32.682,67.447,88.988,67.269,72.2,61.77,1.431,4.057,10.186,79.935,57.722,170.366,209.958,20.162,60.289,NA,NA,89.535,NA,79.901,1.245,1.858,225.19,353.938,74.066,23.236,64.05,81.896,75.703,22.297,114.756,186.217,69.522,102.765,47.196,93.531,180.921,95.031,4.216,5.819,83.984,96.998
"2009-03",63.444,23.344,45.326,112.625,24.954,110.681,13.107,11.064,20.132,70.338,NA,93.449,23.577,116.992,15.071,116.7,101.563,63.747,14.718,30.292,6.868,0.685,4.56,61.795,35.027,128.316,105.514,24.474,107.608,NA,NA,30.035,NA,114.082,0.026,5.233,221.265,338.862,117.918,57.93,46.377,87.522,91.052,20.755,125.469,172.964,59.029,109.602,34.089,73.789,162.939,138.926,3.11,20.752,91.544,98.627
"2009-04",62.683,24.818,19.537,101.519,18.782,98.401,15.291,9.279,19.098,52.224,NA,96.368,23.81,100.622,10.124,285.464,63.345,55.344,12.569,12.26,35.289,1.168,8.316,111.07,26.279,115.335,141.966,25.187,74.441,NA,NA,22.621,NA,68.382,0.608,4.153,206.903,138.838,54.227,102.494,97.664,86.569,72.124,14.704,118.441,201.892,56.389,91.613,108.077,79.073,124.931,113.776,4.299,19.629,96.542,95.805
"2009-05",40.867,29.148,61.021,68.72,19.527,28.132,6.54,37.456,18.379,60.964,NA,102.436,53.651,82.321,22.485,348.47,58.81,41.73,1.654,12.743,154.221,1.734,11.396,175.99,32.899,90.906,90.151,19.799,51.103,NA,NA,8.172,NA,172.932,0.148,80.639,253.606,102.68,33.392,98.17,122.187,76.497,64.888,17.777,109.551,168.904,61.833,94.587,225.309,55.262,151.505,85.888,28.735,217.286,93.753,97.737
"2009-06",49.761,45.539,58.27,144.166,24.122,19.476,22.574,160.515,34.581,82.208,NA,89.626,63.462,75.338,105.73,362.218,41.037,45.607,3.847,17.61,280.629,2.342,11.722,98.526,58.637,78.738,4.693,32.762,68.985,NA,NA,4.463,NA,171.621,0.186,82.499,248.754,19.863,61.927,75.575,80.167,72.228,64.355,24.214,106.795,135.304,114.339,81.713,242.464,59.831,119.681,66.352,59.713,147.386,89.56,96.327
"2009-07",57.656,34.003,102.351,143.62,26.098,32.255,54.082,199.318,40.006,128.025,NA,75.532,53.504,87.9,175.644,79.304,51.893,30.902,0.355,1.79,330.456,1.501,21.192,77.759,116.962,41.499,3.417,26.557,76.187,NA,NA,0.875,NA,88.139,0.098,226.144,222.528,15.909,39.475,67.623,80.078,74.377,71.618,29.19,96.008,111.431,169.232,78.373,122.453,60.518,213.368,44.638,129.084,248.267,95.128,97.523
"2009-08",67.187,56.936,122.552,123.732,50.844,29.321,72.759,152.874,52.636,99.557,NA,84.876,32.236,68.171,163.298,14.607,65.627,37.962,6.667,2.468,203.239,0.957,10.269,36.356,40.863,42.677,3.89,31.109,84.316,NA,NA,8.441,NA,245.114,0.038,179.904,215.641,8.636,45.336,86.95,92.368,81.676,58.861,30.191,90.649,104.712,174.981,62.288,70.805,75.074,156.761,33.257,113.254,278.661,89.998,97.306
"2009-09",68.467,62.248,186.808,116.55,62.69,85.465,122.811,201.975,70.045,129.984,NA,78.41,25.24,83.678,98.74,14.026,86.337,25.242,15.353,20.875,184.067,0.631,21.593,52.68,30.84,36.393,6.796,47.996,92.133,NA,NA,23.448,NA,187.337,0.058,139.64,216.197,9.699,27.198,70.946,88.692,65.107,61.483,33.014,79.345,87.057,188.368,59.184,58.407,91.789,201.538,32.289,38.313,185.877,84.002,94.249
"2009-10",78.597,55.821,64.988,162.351,56.056,60.796,78.6,169.501,108.176,114.404,NA,70.804,31.802,74.443,68.299,13.962,92.275,49.118,36.242,57.79,124.401,5.115,11.805,50.39,24.616,38.535,21.109,57.893,74.553,NA,NA,51.45,NA,102.733,0.086,191.822,198.697,8.338,34.73,47.239,104.67,57.921,63.474,27.186,84.504,97.923,180.565,62.278,62.88,127.685,226.813,31.202,33.777,301.703,77.105,94.842
"2009-11",87.078,47.95,148.668,113.49,40.884,88.528,81.605,129.091,75.647,141.343,NA,76.925,19.158,72.417,127.127,18.303,67.888,58.49,144.705,112.632,59.93,9.234,53.028,88.704,29.206,90.857,35.639,31.187,119.871,NA,NA,120.106,NA,120.977,3.304,73.703,210.915,17.976,12.832,25.134,67.542,48.522,56.191,21.674,88.522,98.422,147.134,60.187,115.932,105.441,249.13,51.803,102.01,216.903,79.671,94.926
"2009-12",102.554,26.97,107.614,108.025,36.839,103.258,55.832,38.237,49.896,121.306,NA,69.759,12.621,82.869,98.144,48.195,99.165,114.131,76.917,67.564,5.907,6.552,16.537,103.544,13.28,84.149,148.96,20.201,125.543,NA,NA,61.795,NA,135.856,2.703,29.73,265.833,148.792,34.61,50.966,46.617,49.272,44.618,16.55,92.333,131.321,127.027,61.668,90.707,96.199,225.008,85.898,26.178,145.264,70.322,95.86
"2010-01",81.068,24.937,216.358,113.06,37.242,213.313,38.757,20.753,46.748,74.692,NA,81.436,16.325,67.197,73.9,94.816,116.354,53.513,70.915,45.41,0.636,9.468,7.809,79.267,27.7,136.34,160.704,30.289,67.936,NA,NA,57.649,NA,106.17,3.004,20.21,305.905,365.016,108.016,42.67,83.08,54.22,56.195,28.766,113.365,136.636,101.05,61.545,64.097,99.856,203.775,87.381,10.747,80.104,75.844,98.017
"2010-02",64.716,28.914,139.63,150.994,21.259,150.118,25.668,21.695,48.468,109.459,NA,92.07,18.701,76.744,16.979,79.871,87.469,98.023,27.252,46.627,0.605,3.395,3.395,14.007,36.209,147.076,154.247,16.024,88.638,NA,NA,16.319,NA,97.275,1.907,6.487,199.366,270.886,155.777,50.259,89.307,73.88,66.815,15.923,121.181,145.783,90.86,99.339,41.988,93.602,145.363,150.355,8.201,37.904,81.359,96.334
"2010-03",57.252,25.811,114.199,135.14,23.99,121.106,15.941,10.027,35.462,126.531,NA,73.704,16.525,105.611,19.471,95.155,89.391,64.422,43.46,33.73,10.302,2.82,1.314,23.986,53.74,93.683,82.38,15.702,75.411,NA,NA,24.721,NA,94.108,0.019,16.3,230.139,296.113,136.868,69.017,77.951,84.36,81.519,15.296,116.596,160.853,74.781,115.362,32.823,80.979,129.727,135.461,8.283,96.02,93.459,97.789
"2010-04",61.542,28.997,73.132,114.122,24.444,70.849,13.368,31.117,49.669,60.381,NA,80.547,31.56,84.447,17.556,247.307,66.711,30.702,19.092,16.131,46.834,0.843,1.103,99.902,63.171,124.65,50.683,14.799,80.743,NA,NA,8.804,NA,87.804,0.021,16.943,245.076,261.585,98.274,58.255,70.017,89.496,82.584,16.153,132.051,162.44,74.407,95.262,91.039,59.73,88.296,91.142,4.516,60.246,95.997,96.03
"2010-05",50.636,33.025,48.324,135.551,34.487,48.461,11.512,63.434,42.632,70.187,NA,81.968,56.562,77.663,17.416,247.924,45.374,60.027,11.133,15.986,153.377,4.437,6.043,178.354,50.756,110.232,167.463,25.176,74.845,NA,NA,13.506,NA,150.776,0.227,3.242,255.248,269.181,40.867,54.277,90.579,95.224,74.072,17.857,114.769,151.598,89.536,103.587,233.347,54.692,94.824,80.705,3.051,34.573,86.329,97.033
"2010-06",61.986,40.285,61.988,134.349,27.629,25.112,48.489,181.016,46.785,102.464,NA,98.389,81.887,71.17,69.772,146.27,44.183,49.358,6.302,12.73,230.165,2.187,22.488,83.367,138.341,105.052,40.126,22.411,53.993,NA,NA,7.195,NA,144.931,0.128,43.564,220.504,27.161,61.168,83.909,84.301,81.92,59.201,16.515,115.785,119.612,139.942,78.939,249.429,64.257,93.359,60.407,19.799,45.07,93.866,98.61
"2010-07",66.534,58.246,100.895,117.714,26.743,10.708,25.84,127.837,40.273,96.251,NA,88.181,43.188,49.369,156.945,65.16,58.002,30.707,2.236,3.816,319.427,2.093,22.579,64.517,30.327,47.941,6.382,51.298,91.59,NA,NA,3.627,NA,131.564,0.018,193.629,217.186,12.083,39.382,90.258,71.209,67.867,56.266,42.926,99.218,150.032,157.125,75.371,187.546,48.441,147.902,43.126,108.185,232.582,88.021,98.86
"2010-08",58.565,58.85,103.017,138.442,37.844,30.672,71.859,181.801,38.988,142.113,NA,81.973,54.563,74.954,143.084,11.356,65.592,20.186,2.582,2.992,371.513,1.923,36.718,76.258,20.251,45.827,9.325,48.008,82.73,NA,NA,3.736,NA,207.397,0.073,116.771,169.633,5.095,29.283,63.438,107.125,73.247,58.843,42.415,84.233,135.556,188.055,75.661,87.386,72.437,119.787,33.589,54.495,224.296,85.23,96.533
"2010-09",57.217,63.386,152.355,118.165,56.777,16.442,97.095,206.206,50.818,128.764,NA,67.624,29.132,52.318,108.732,6.311,60.296,85.06,24.502,13.049,232.37,1.147,15.226,41.798,54.228,57.334,20.652,45.413,51.32,NA,NA,49.195,NA,233.285,0.203,180.07,183.231,3.798,11.304,42.886,51.564,66.204,57.291,29.075,75.448,129.03,179.389,66.381,70.801,93.553,125.523,30.368,83.159,314.329,82.014,93.096
"2010-10",76.915,56.496,131.231,138.167,39.474,72.091,114.385,147.788,91.283,143.652,NA,71.508,30.562,71.237,86.006,6.775,94.547,119.537,23.343,45.573,158.158,41.715,185.352,296.157,24.872,74.069,28.834,45.276,86.048,NA,NA,38.525,NA,98.149,53.219,124.094,160.881,5.89,8.267,60.164,69.752,67.305,58.301,26.837,69.492,146.29,163.933,68.269,82.346,108.666,166.993,30.866,87.849,97.155,80.944,93.691
"2010-11",67.746,50.526,97.01,175.73,47.624,74.524,99.885,97.417,84.504,129.323,NA,77.949,18.656,55.021,83.203,18.798,110.305,127.976,11.27,82.258,50.095,16.841,253.59,337.814,36.405,100.72,86.176,25.449,109.942,NA,NA,63.464,NA,148.993,28.576,30.571,123.279,18.56,15.214,29.26,61.035,52.023,44.643,15.568,81.348,151.678,150.153,70.588,107.732,111.121,211.202,46.212,72.027,70.432,79.283,95.779
"2010-12",84.195,39.725,194.341,176.305,36.137,146.359,87.964,47.115,48.53,125.993,NA,73.299,13.53,87.828,49.291,112.341,78.177,119.261,50.743,69.021,19.883,7.969,163.28,387.676,25.964,106.377,93.602,27.144,101.711,NA,NA,59.267,NA,99.564,5.148,19.594,226.724,156.841,72.838,21.298,70.367,47.916,52.157,20.299,82.26,206.908,108.281,68.703,103.86,104.284,192.936,51.143,47.65,60.542,73.832,96.418
"2011-01",71.148,43.528,84.497,131.447,26.325,133.718,20.002,13.075,27.086,89.762,NA,77.181,15.183,84.872,25.702,135.654,82.049,88.926,71.559,69.705,3.242,4.3,36.465,185.335,29.107,127.081,130.381,21.052,94.783,NA,NA,44.408,NA,85.909,1.494,15.756,223.233,302.096,80.136,37.847,86.668,64.402,57.103,18.474,105.259,237.951,77.362,63.837,63.591,107.12,305.892,92.631,34.485,44.395,77.666,98.827
"2011-02",72.378,20.707,162.237,157.897,25.209,89.735,46.852,21.904,40.985,48.074,NA,43.287,9.006,94.385,21.024,132.599,87.545,123.581,33.861,47.705,0.417,1.801,5.811,33.165,26.618,146.493,210.468,20.2,72.108,NA,NA,14.595,NA,96.257,4.81,4.015,260.33,392.848,68.224,68.956,83.984,82.607,76.546,17.437,113.501,230.47,69.129,79.279,49.509,87.295,172.233,98.005,8.953,11.287,84.723,97.928
"2011-03",68.158,26.117,179.736,134.399,21.438,145.16,21.822,15.304,41.633,61.151,NA,76.088,20.901,100.386,12.868,156.043,76.462,63.391,12.035,34.171,8.372,2.777,5.955,39.087,24.176,104.704,148.838,17.147,94.338,NA,NA,28.831,NA,78.175,0.105,1.722,176,172.612,109.928,50.318,72.651,87.472,75.957,17.775,122.602,204.451,61.455,88.931,55.136,85.802,120.237,142.607,3.366,2.644,88.267,92.579
"2011-04",55.66,30.264,39.757,126.313,18.875,43.307,12.838,11.063,24.029,47.436,NA,92.721,51.6,108.399,12.024,350.34,67.065,38.723,5.637,14.842,61.328,3.905,6.518,106.869,59.35,166.761,168.397,14.258,80.722,NA,NA,9.881,NA,88.906,1.668,3.492,178.368,198.886,26.665,45.938,89.392,91.124,68.681,13.548,111.195,230.053,48.96,91.982,145.313,83.599,104.558,107.969,1.565,26.482,95.686,96.372
"2011-05",45.149,36.086,10.942,104.084,27.615,44.367,2.33,34.248,20.021,58.294,NA,91.408,59.794,77.447,18.801,354.572,56.822,59.607,30.116,33.178,129.387,3.67,7.92,194.907,44.343,86.003,123.972,26.424,73.676,NA,NA,14.925,NA,136.653,0.287,34.197,183.053,87.239,19.527,49.32,96.538,85.832,65.597,14.568,114.495,190.24,59.945,88.133,232.825,69.459,222.203,74.066,23.179,66.592,88.727,96.656
"2011-06",60.675,41.242,20.41,71.429,10.92,13.553,34.898,222.397,28.731,100.267,NA,98.902,72.255,74.753,69.763,308.08,58.162,21.17,0.476,17.445,210.471,2.278,21.801,98.574,56.623,85.009,4.185,23.462,85.731,NA,NA,4.7,NA,173.725,0.081,96.364,263.094,14.939,66.978,110.949,71.322,83.691,66.846,29.54,109.967,168.041,124.033,77.224,241.292,53.281,153.079,51.117,55.991,197.27,95.731,100.622
"2011-07",64.849,60.256,50.487,125.223,34.62,11.185,44.62,251.097,55.596,122.06,NA,83.34,39.089,72.156,223.177,37.363,37.874,9.206,3.199,4.332,300.407,1.871,21.791,67.83,58.885,46.331,2.786,32.035,71.413,NA,NA,2.243,NA,210.254,0.009,197.5,262.514,21.576,38.708,116.484,98.738,69.348,62.199,34.625,93.325,143.056,146.898,85.152,97.163,65.824,141.043,44.367,90.313,247.691,87.163,96.084
"2011-08",63.574,64.997,76.088,141.83,34.49,19.341,50.166,164.362,52.47,112.833,NA,82.448,41.822,47.84,137.59,14.791,71.01,39.816,0.986,1.286,205.291,2.234,17.914,48.107,37.822,38.341,3.46,49.206,93.47,NA,NA,0.758,NA,151.246,1.162,168.662,208.61,14.125,38.314,78.187,102.007,68.787,58.073,35.907,85.411,113.744,167.917,70.282,64.057,72.121,182.189,35.468,141.974,200.091,88.788,94.438
"2011-09",71.597,77.933,247.859,173.066,45.626,23.819,125.206,211.801,88.963,135.346,NA,65.032,35.311,64.144,108.812,12.525,84.112,28.02,5.573,21.237,166.872,2.062,22.107,68.712,19.5,30.587,8.593,45.445,124.655,NA,NA,4.81,NA,174.181,0.258,152.792,227.616,7.99,18.831,69.306,90.383,65.859,64.805,34.138,79.803,93.592,202.928,70.176,56.702,96.309,159.949,28.49,74.319,244.915,82.555,96.246
"2011-10",65.497,51.168,206.136,146.468,48.569,69.175,81.046,171.267,67.105,135.584,NA,51.748,12.925,75.374,85.727,11.927,87.013,65.197,21.153,43.124,164.218,3.557,92.901,78.286,28.177,38.358,30.284,42.464,101.723,NA,NA,34.559,NA,125.317,8.401,132.454,221.253,10.565,10.24,40.166,54.621,50.319,54.197,28.935,81.79,94.728,154.986,67.725,70.381,96.827,270.996,22.375,132.288,253.139,82.797,93.428
"2011-11",94.195,56.29,95.496,178.259,40.947,123.499,100.06,90.235,64.928,129.825,NA,74.236,17.793,77.578,144.272,23.557,95.258,98.813,16.791,59.599,49.975,3.268,57.482,132.053,30.012,53.769,86.584,31.478,102.103,NA,NA,66.374,NA,96.991,1.821,89.798,224.949,6.248,11.691,35.389,84.026,55.04,48.437,28.481,90.136,108.754,156.705,61.187,135.541,93.738,322.679,35.407,105.472,136.639,81.904,97.165
"2011-12",76.267,46.118,40.699,109.795,55.548,140.212,42.27,32.604,33.781,88.826,NA,75.052,13.649,112.751,85.624,100.697,102.453,88.007,79.329,66.897,3.238,8.871,45.485,190.618,27.026,114.5,159.867,39.15,96.093,NA,NA,70.222,NA,132.321,11.795,16.143,248.616,119.72,71.794,35.464,78.164,54.642,47.943,26.237,87.159,143.977,130.35,67.692,74.66,85.951,241.07,63.421,32.421,87.617,75.284,95.589
"2012-01",95.751,32.769,134.575,149.752,36.296,178.759,68.679,42.66,37.33,56.693,NA,97.075,11.958,77.812,52.998,170.342,96.572,30.97,92.734,72.626,2.508,11.136,8.814,80.114,29.181,141.172,139.941,26.026,101.463,NA,NA,86.056,NA,120.311,3.213,3.5,270.129,367.775,98.886,26.657,68.276,57.964,58.032,25.184,134.315,130.182,100.292,70.168,92.099,90.329,200.159,72.126,8.001,64.561,79.455,95.505
"2012-02",107.541,33.191,92.935,159.274,20.179,48.493,44.078,16.166,37.094,130.024,NA,80.537,24.082,113.818,40.699,120.702,88.427,52.094,35.722,57.492,1.378,16.17,4.165,47.179,25.721,147.926,238.656,17.336,76.6,NA,NA,25.212,NA,80.73,3.388,20.983,181.003,206.552,118.303,42.228,62.494,83.11,63.153,15.481,125.407,123.792,84.972,82.887,69.725,91.158,208.997,98.926,1.525,42.158,83.344,91.837
"2012-03",77.014,21.323,28.541,120.229,22.686,94.078,28.644,20.171,39.219,83.322,NA,78.581,32.643,96.074,36.984,174.443,81.853,63.011,15.954,41.633,5.243,2.139,3.401,32.974,35.54,141.408,118.622,16.333,78.415,NA,NA,12.04,NA,117.19,0.739,4.861,198.195,320.707,124.789,55.106,83.308,87.596,82.182,17.39,134.993,135.379,79.688,102.066,52.615,89.145,145.263,133.182,2.413,25.672,91.581,98.043
"2012-04",58.089,32.289,83.95,107.973,22.041,36.079,12.374,20.221,39.801,74.616,NA,63.429,30.615,77.172,16.282,319.69,62.749,49.056,32.439,18.979,42.252,1.613,0.921,134.039,47.031,66.329,157.801,13.926,78.81,NA,NA,22.69,NA,105.901,0.019,15.213,237.946,267.715,154.954,60.543,87.012,80.825,79.743,16.048,122.927,131.327,74.862,96.143,120.524,64.845,87.862,109.741,6.573,120.49,96.323,95.414
"2012-05",55.729,29.659,39.906,72.643,13.608,52.545,15.695,69.761,30.192,54.352,NA,89.281,57.997,31.792,22.911,344.309,52.03,52.404,14.394,23.777,156.252,7.722,10.032,188.259,49.18,104.205,105.707,19.697,63.34,NA,NA,14.584,NA,124.953,1.464,27.093,238.739,125.095,108.131,58.12,113.263,85.23,65.321,12.03,124.86,116.61,93.486,75.559,238.364,53.092,69.274,75.82,9.781,59.17,98.97,95.421
"2012-06",41.889,48.381,123.995,131.359,29.908,23.433,63.369,183.424,52.022,90.003,NA,77.894,61.437,50.085,59.708,277.736,33.241,16.354,3.429,5.868,203.406,2.154,36.288,150.215,40.452,75.86,29.081,26.16,61.593,NA,NA,7.274,NA,137.13,0.085,153.774,215.489,44.656,67.476,107.452,124.796,75.582,67.011,23.372,102.7,114.204,133.768,74.566,208.357,66.727,109.205,55.637,82.827,235.596,90.337,95.747
"2012-07",59.52,46.765,102.206,137.757,41.287,13.101,34.921,140.29,23.83,126.395,NA,76.239,54.154,67.963,134.056,66.867,45.671,15.062,3.003,5.258,329.589,2.072,19.025,55.884,72.088,71.104,13.048,38.227,64.399,NA,NA,7.006,NA,173.845,0.005,169.586,217.369,14.671,48.93,126.063,105.548,81.542,63.739,36.338,97.155,123.276,189.64,68.483,131.192,57.982,95.067,37.968,84.612,228.495,85.46,99.03
"2012-08",65.927,60.681,34.373,107.787,42.117,15.255,41.995,171.044,46.727,137.116,NA,74.125,47.564,68.012,162.83,10.978,73.349,29.529,0.782,3.226,282.168,1.499,9.999,38.694,36.805,55.354,7.62,38.442,64.37,NA,NA,1.686,NA,183.338,0.067,140.296,204.446,9.036,22.677,64.512,73.175,71.249,55.342,33.875,87.746,147.771,169.464,75.767,78.414,75.746,115.725,33.331,39.322,240.268,88.336,95.236
"2012-09",59.629,55.5,124.171,141.929,51.968,43.86,126.641,206.704,45.51,153.146,NA,72.211,31.074,67.864,91.481,6.795,71.937,98.419,14.806,13.973,215.163,2.634,59.914,77.324,39.449,72.233,11.658,61.623,118.049,NA,NA,18.537,NA,185.162,0.653,136.338,190.73,3.698,16.388,68.768,83.499,70.899,51.616,32.931,76.001,130.251,177.636,69.391,48.096,94.603,128.358,32.296,55.724,252.996,84.583,94.406
"2012-10",61.5,47.973,215.834,167.001,39.436,115.106,82.097,163.008,66.387,162.556,NA,64.704,22.201,81.99,71.026,7.858,94.062,95.594,38.466,44.296,183.223,3.196,111.372,207.447,49.325,55.35,32.491,48.48,106.824,NA,NA,65.466,NA,114.915,1.046,116.714,177.19,19.203,14.799,53.286,75.014,60.498,64.907,26.956,74.532,151.467,172.534,72.074,74.485,118.647,166.939,29.322,85.052,228.95,82.326,96.104
"2012-11",77.311,36.453,151.865,117.233,41.853,128.289,113.11,128.012,86.448,127.549,NA,59.599,22.917,69.311,85.885,12.675,97.804,87.45,61.603,84.207,66.443,23.3,202.638,250.165,39.006,101.12,120.473,35.523,128.284,NA,NA,80.001,NA,70.355,23.914,40.751,182.996,18.627,7.335,23.012,58.958,52.104,42.413,29.638,74.298,155.322,146.084,68.242,105.374,93.993,217.678,36.974,143.886,119.449,77.061,93.957
"2012-12",89.049,47.37,169.512,177.461,37.236,179.269,30.24,30.008,42.141,104.124,NA,88.891,20.25,79.51,59.582,58.16,63.53,121.153,33.087,72.371,7.568,16.947,179.634,365.822,11.86,79.023,235.182,25.425,105.962,NA,NA,60.736,NA,131.776,25.931,26.99,165.514,83.785,22.763,38.1,73.168,41.123,32.457,20.389,80.806,220.107,106.764,63.057,84.825,97.767,245.62,56.427,83.006,65.788,74.049,96.428
"2013-01",84.125,35.745,159.135,152.694,22.168,200.165,47.252,18.176,80.187,84.839,NA,62.718,13.705,90.216,25.99,96.406,108.846,66.591,61.575,54.245,1.335,6.382,44.165,299.928,10.377,139.646,129.763,29.411,90.182,NA,NA,130.748,NA,96.603,12.214,4.444,221.092,345.138,109.572,43.386,82.712,55.061,63.068,19.624,93.184,229.792,77.187,70.836,80.538,94.666,219.654,58.404,8.577,13.606,76.305,96.368
"2013-02",85.347,22.345,172.07,151.583,25.66,167.048,84.641,32.546,46.01,109.671,NA,76.175,15.579,102.472,22.445,78.876,70.445,49.581,55.799,57.249,1.869,7.066,5.692,67.312,27.673,139.198,195.532,16.609,68.003,NA,NA,59.941,NA,105.456,6.788,2.11,211.728,207.865,68.365,23.516,89.791,87.363,75.029,18.887,114.415,223.685,69.477,89.131,62.981,98.627,198.495,114.688,3.241,3.342,85.7,97.839
"2013-03",71.934,26.141,142.807,109.187,14.721,111.129,37.167,9.289,12.39,100.742,NA,87.617,30.56,109.47,9.867,102.024,97.294,52.042,36.717,38.664,6.492,0.476,2.381,64.568,37.153,104.674,146.372,20.226,74.031,NA,NA,28.085,NA,83.582,0.122,3.506,208.911,296.26,111.618,43.081,73.632,88.026,86.693,16.602,120.664,246.285,57.91,86.687,53.075,80.228,128.382,137.46,1.975,4.063,88.83,96.868
"2013-04",44.975,36.06,94.722,131.85,9.187,75.422,17.315,19.445,24.953,65.98,NA,91.631,37.114,99.997,11.533,350.178,77.35,49.931,32.854,19.098,46.071,3.838,15.473,165.833,23.031,98.397,113.138,23.794,43.739,NA,NA,32.32,NA,102.573,2.024,18.204,165.924,284.025,36.894,49.284,69.805,85.031,72.736,17.457,112.054,230.807,48.931,78.596,112.77,98.771,83.687,108.235,7.202,9.494,98.844,95.642
"2013-05",51.903,28.322,30.947,65.542,21.158,63.667,7.308,45.004,27.779,83.192,NA,117.366,64.889,81.985,23.32,369.691,64.167,28.542,10.526,21.85,175.968,3.708,14.003,235.48,50.51,63.303,58.211,32.842,67.068,NA,NA,31.866,NA,88.442,2.404,7.563,212.004,61.193,35.439,57.888,111.549,89.011,66.726,18.543,100.57,239.417,57.563,92.149,224.746,49.866,202.379,81.901,8.866,16.031,100.464,99.499
"2013-06",48.866,38.552,29.592,84.656,19.448,35.321,19.918,207.447,56.081,96.769,NA,121.683,58.888,81.451,61.11,262.443,54.883,36.196,1.834,7.002,313.426,2.169,33.063,221.763,74.613,101.376,10.152,28.546,79.243,NA,NA,24.956,NA,134.047,0.352,49.026,146.499,17.111,58.298,78.995,87.883,78.365,77.594,22.123,100.521,162.428,129.853,82.675,232.179,64.438,190.192,59.104,99.035,75.592,96.898,99.817
"2013-07",62.215,29.465,34.212,122.601,31.898,16.764,57.905,237.575,69.884,81.308,NA,81.499,30.533,65.345,191.085,41.75,46.462,21.698,0.793,4.807,221.954,3.076,13.272,48.197,38.86,45.68,1.487,42.586,32.095,NA,NA,0.694,NA,184.715,0.11,186.446,200.035,9.476,26.934,151.708,92.814,73.067,64.536,44.046,84.311,180.373,160.95,74.92,122.843,70.671,144.938,41.588,117.221,307.436,94.222,100.912
"2013-08",77.582,61.978,55.846,109.458,45.057,25.484,61.237,233.441,70.63,138.065,NA,86.996,47.311,66.013,165.706,16.344,49.847,24.819,5.142,4.521,211.953,2.477,13.263,46.239,26.364,21.163,5.933,43.301,58.766,NA,NA,4.731,NA,157.81,1.668,174.896,196.438,6.265,22.143,89.803,83.23,72.362,52.238,43.232,73.113,154.208,184.727,71.362,59.733,84.098,151.448,40.094,76.018,239.983,85.663,95.222
"2013-09",82.842,51.297,108.25,137.738,40.034,35.716,107.495,222.113,76.268,124.506,NA,50.105,31.707,93.524,119.511,10.307,81.069,60.161,35.249,23.421,187.509,1.348,25.961,58.871,76.805,41.545,7.341,46.786,71.611,NA,NA,20.268,NA,186.113,1.809,168.495,177.617,7.37,12.921,50.44,50.644,69.7,61.845,46.338,74.541,136.274,190.593,69.241,57.259,102.123,133.784,28.746,71.953,273.584,88.027,97.445
"2013-10",87.959,53.624,153.031,110.453,59.398,105.895,105.232,206.65,124.193,139.284,NA,68.418,34.769,97.203,57.533,6.219,74.865,103.66,44.117,44.793,146.184,6.086,91.438,261.432,26.202,39.914,22.246,53.644,74.488,NA,NA,40.835,NA,96.847,6.536,161.361,140.946,5.562,9.995,37.866,80.566,56.93,65.726,28.554,71.375,134.981,173.679,66.912,87.42,108.105,178.408,26.714,116.346,265.125,83.77,95.706
"2013-11",72.179,47.019,150.159,165.728,34.82,155.988,77.625,219.875,118.369,133.94,NA,83.686,17.103,64.674,114.253,12.856,86.901,131.977,54.602,69.15,40.12,34.76,229.111,273.236,13.489,72.834,152.611,38.791,115.458,NA,NA,117.349,NA,92.14,50.897,48.447,164.203,17.476,7.637,37.568,72.101,47.808,49.507,23.505,69.369,117.013,165.775,72.652,114.155,109.263,183.04,41.628,109.626,150.02,75.205,92.119
"2013-12",101.079,37.029,184.198,165.968,32.392,135.315,84.401,52.333,76.062,134.582,NA,68.131,16.753,73.351,63.549,166.213,79.469,72.722,50.893,83.604,4.686,10.735,134.294,370.333,12.97,99.32,172.058,19.423,102.067,NA,NA,75.738,NA,133.419,13.051,17.305,226.5,103.928,13.241,24.764,69.561,52.56,48.301,22.92,76.014,162.294,116.014,64.618,120.841,90.246,282.186,67.125,26.984,47.24,75.825,96.342
"2014-01",81.791,27.541,254.808,150.286,47.758,243.142,92.07,30.028,63.92,79.144,NA,84.657,31.748,86.555,34.927,105.339,110.32,95.762,55.304,49.703,2.195,4.817,21.796,259.438,17.693,111.535,231.139,22.506,82.716,NA,NA,33.533,NA,59.653,9.153,17.213,225.536,267.237,165.194,39.925,85.997,61.957,43.793,18.977,109.039,157.615,106.215,80.949,65.935,101.619,222.142,57.969,14.534,32.889,80.239,96.816
"2014-02",91.637,27.869,84.522,137.496,20.857,87.217,35.704,25.467,58.041,57.723,NA,109.675,29.175,92.535,27.147,123.714,64.212,106.94,34.798,81.849,3.992,4.713,8.048,99.338,19.279,129.422,204.868,19.323,70.824,NA,NA,28.914,NA,63.709,2.007,2.518,204.02,295.391,168.57,26.795,69.63,69.916,58.104,21.223,130.095,175.051,88.11,88.373,72.635,89.327,227.088,89.032,5.098,3.335,80.288,97.064
"2014-03",86.695,40.781,102.381,138.356,16.367,151.533,42.769,17.04,36.806,143.786,NA,88.503,20.618,107.807,27.232,145.806,102.602,74.669,25.648,50.608,20.568,9.824,11.669,132.553,26.412,123.1,92.744,24.923,57.268,NA,NA,24.007,NA,57.869,0.608,3.294,178.76,363.574,109.181,27.306,46.108,97.522,80.705,16.342,122.61,152.735,73.192,107.599,83.648,89.515,122.208,115.876,4.056,6.019,94.715,95.538
"2014-04",49.887,21.831,26.146,117.258,14.542,87.884,10.626,11.161,17.975,84.905,NA,68.1,29.735,82.359,22.468,163.65,51.557,98.131,44.738,44.191,92.893,7.039,8.412,82.888,36.441,139.513,213.295,17.84,66.448,NA,NA,32.67,NA,73.992,3.896,2.745,181.141,206.949,50.05,60.816,76.727,90.668,91.679,14.183,103.337,168.833,67.968,103.855,173.26,81.005,135.604,127.642,3.415,3.474,95.432,95.831
"2014-05",59.801,30.62,77.998,99.73,18.865,59.737,24.035,90.197,83.807,73.336,NA,98.312,40.296,69.518,32.797,282.915,46.762,31.547,42.663,18.114,157.596,2.599,27.222,230.189,95.49,110.757,189.86,19.159,61.161,NA,NA,46.795,NA,108.976,1.194,11.652,138.683,87.754,79.891,96.025,87.187,94.442,69.293,9.166,101.346,147.156,92.583,91.328,197.423,56.773,201.704,97.423,22.994,11.96,97.585,97.556
"2014-06",41.793,36.871,66.769,216.435,27.453,6.352,67.267,242.054,69.351,120.587,NA,79.658,54.487,92.976,131.483,171.213,44.774,33.694,4.103,13.711,242.636,2.531,13.5,78.484,82.423,64.04,29.082,32.008,71.257,NA,NA,7.065,NA,165.664,0.558,95.152,205.533,16.762,43.551,111.485,105.959,89.277,63.608,22.649,95.916,160.985,141.72,92.529,205.634,71.824,187.945,72.479,117.962,128.656,94.401,102.934
"2014-07",56.963,43.73,87.984,106.963,32.429,17.701,76.114,212.734,40.906,132.045,NA,87.092,56.658,51.191,194.144,17.971,46.842,11.801,2.576,5.054,405.676,2.172,13.392,106.536,37.607,36.253,13.78,41.839,78.319,NA,NA,6.378,NA,199.683,0.018,123.049,178.386,8.703,17.056,102.164,97.24,80.086,56.518,51.18,84.3,176.789,166.024,66.465,161.749,65.631,133.987,38.384,42.813,208.987,90.294,99.313
"2014-08",63.544,46.157,72.102,207.623,48.345,23.824,62.427,225.104,75.357,155.64,NA,65.955,71.151,85.781,139.483,7.495,49.133,27.765,2.636,5.828,296.767,1.629,18.582,55.095,58.776,53.631,21.4,50.925,39.484,NA,NA,2.099,NA,202.386,0.023,125.766,158.985,5.162,35.525,65.187,79.729,68.539,61.764,41.05,85.528,132.102,180.223,72.786,104.109,83.996,184.706,32.255,51.37,167.086,83.254,96.973
"2014-09",70.009,52.661,90.112,149.866,46.526,17.181,87.621,199.343,91.424,152.535,NA,49.921,21.467,67.859,102.035,6.845,93.279,49.552,21.669,12.336,243.761,2.358,47.302,102.007,24.09,49.98,48.321,50.804,57.261,NA,NA,13.428,NA,160.075,0.389,139.385,181.913,7.865,12.877,43.34,40.141,66.301,63.013,45.519,69.318,151.51,168.264,67.855,81.876,105.404,165.846,25.1,88.028,241.25,89.686,95.86
"2014-10",93.008,46.456,71.198,152.477,43.072,88.699,129.938,205.249,95.258,140.079,NA,61.913,18.413,64.308,64.23,6.08,103.241,46.669,8.848,38.949,159.564,7.34,42.624,225.321,16.765,37.654,100.605,50.235,98.147,NA,NA,26.305,NA,67.212,16.73,154.578,159.236,6.146,9.924,40.402,63.703,64.817,60.188,35.806,67.8,152.778,178.995,59.522,104.906,101.693,199.204,25.751,56.757,231.749,87.65,96.887
"2014-11",54.67,45.944,194.78,186.505,42.932,102.176,127.515,96.278,45.847,157.611,NA,62.873,16.712,82.688,71.144,26.869,99.04,169.057,75.581,95.5,65.478,14.148,157.914,290.634,36.918,81.897,102.831,29.009,105.496,NA,NA,101.395,NA,64.512,10.402,98.066,121.145,10.679,29.73,37.196,69.234,57.929,56.825,13.656,69.726,175.512,139.071,60.973,111.739,134.359,185.28,42.443,171.802,178.197,78.706,93.878
"2014-12",80.145,38.076,189.239,167.922,36.247,165.335,71.145,28.633,43.08,132.061,NA,56.123,11.936,65.16,43.982,94.065,91.542,82.289,130.038,65.835,5.745,9.013,123.047,289.848,35.807,104.437,277.344,24.197,88.309,NA,NA,133.249,NA,77.95,7.357,23.558,200.721,99.598,54.045,31.448,110.643,51.461,48.48,17.448,78.158,210.862,101.221,67.137,101.8,104.505,308.647,38.358,73.604,78.448,72.986,95.635
