#Dataset: CMIP5_MPI-ESM-LR_r1i1p1_rcp26
#Variable: tas
#Area: landsea
#Interpolation_method: cdo remap
#Spatial_resolution: 2º
#Creation_Date: 2020-01-08
#Author: IPCC-WGI Atlas Hub (https://github.com/SantanderMetGroup/IPCC-Atlas). Santander Meteorology Group.
"date","GIC","NEC","CNA","ENA","NWN","WNA","NCA","SCA","CAR","NWS","SAM","SSA","SWS","SES","NSA","NES","NEU","CEU","EEU","MED","WAF","SAH","NEAF","CEAF","SWAF","SEAF","CAF","RAR","RFE","ESB","WSB","WCA","TIB","EAS","ARP","SAS","SEA","NAU","CAU","SAU","NZ","EAN","WAN","ARO","SPO","EPO","NPO","SAO","EAO","NAO","EIO","SIO","ARS","BOB","SOO","world"
"2006-01",-18.397,-21.317,-2.066,-1.291,-16.718,-2.375,15.812,24.609,25.183,22.411,23.334,8.295,15.982,22.32,25.884,25.28,-0.022,2.885,-12.92,8.319,22.904,16.322,23.711,24.878,23.687,24.254,23.679,-23.311,-17.613,-22.93,-16.495,-1.018,-11.016,2.146,13.081,13.645,25.82,28.03,27.04,17.55,16.818,-19.126,-7.501,-22.62,20.664,25.746,18.698,19.87,26.652,17.025,26.864,23.765,24.402,25.489,5.224,12.277
"2006-02",-17.669,-21.472,3.65,0.545,-23.12,1.405,17.073,24.345,24.598,22.446,22.403,9.466,16.367,21.927,26.145,24.839,-2.751,1.402,-8.432,8.837,25.454,18.59,24.989,24.578,22.903,24.405,25.125,-23.442,-14.9,-19.95,-11.808,3.641,-8.418,3.611,17.335,17.67,26.162,28.589,28.633,19.102,16.736,-21.638,-10.253,-22.59,21.246,25.846,18.329,20.555,26.522,16.384,26.859,24.545,24.401,26.049,5.795,12.712
"2006-03",-18.03,-15.976,9.293,7.209,-18.04,3.745,18.173,25.034,24.628,22.763,22.641,8.314,15.531,20.486,26.68,24.966,0.59,5.426,0.783,12.027,28.066,22.175,26.147,24.561,22.602,23.538,26.165,-17.952,-12.506,-12.31,-1.152,10.803,-2.031,6.265,20.639,22.054,26.712,28.047,25.761,17.455,16.952,-27.229,-11.216,-24.136,21.252,25.991,18.427,20.068,26.643,16.695,27.291,24.799,24.897,27.525,5.394,13.51
"2006-04",-14.084,-9.657,12.35,9.508,-10.363,6.074,20.082,26.35,25.31,22.704,21.407,7.57,15.1,19.026,26.478,24.707,4.442,10.316,10.379,14.813,30.067,27.598,27.425,24.979,21.357,22.217,27.223,-11.153,-4.33,-1.516,4.798,16.411,3.102,11.965,26.141,26.594,26.829,27.244,22.343,15.737,15.491,-30.319,-15.979,-17.084,20.451,26.262,19.04,19.478,27.487,17.175,27.071,23.771,26.124,28.634,4.281,14.48
"2006-05",-6.637,0.495,16.39,13.48,1.36,10.582,22.969,26.951,26.407,22.612,19.982,6.135,13.302,15.423,25.771,23.513,8.407,13.394,16.21,17.126,28.849,29.949,28.15,24.597,19.029,20.254,26.435,-2.153,-0.037,6.501,11.094,21.538,9.417,16.908,30.536,29.388,27.11,25.929,20.098,14.703,14.175,-32.764,-19.269,-7.409,19.298,26.615,20.257,17.77,26.877,18.606,27.687,22.811,28.31,29.523,3.109,15.446
"2006-06",-1.156,6.788,22.388,18.888,8.786,14.301,25.415,26.523,27.293,21.821,18.811,4.423,11.684,14.334,25.559,22.675,11.639,14.412,18.771,20.938,27.445,32.755,27.924,23.909,17.09,18.449,25.667,4.624,7.129,11.251,17.499,26.991,13.083,19.79,34.178,28.868,26.691,24.097,16.705,12.927,13.019,-32.15,-19.101,-1.054,18.257,26.411,21.349,16.561,26.179,20.29,27.442,21.779,28.4,28.384,1.831,16.107
"2006-07",0.759,9.125,23.938,19.92,10.2,17.162,26.805,26.796,27.934,21.246,18.932,3.644,10.989,13.537,25.684,21.925,14.161,15.845,21.354,23.346,26.54,32.473,25.711,23.111,16.508,18.056,24.958,8.64,11.78,14.862,19.825,30.069,15.987,22.917,35.109,27.036,26.675,23.595,14.616,10.965,12.003,-35.766,-21.743,0.341,17.457,26.356,22.512,15.583,25.538,21.761,26.912,20.532,26.817,28.06,0.993,16.242
"2006-08",0.677,8.772,22.705,19.754,8.175,17.919,26.681,27.1,28.627,21.98,22.065,2.562,10.572,13.005,28.288,23.113,11.895,16.072,20.382,24.733,26.168,32.041,26.687,23.712,17.52,18.727,25.363,6.823,10.431,13.987,19.324,28.448,14.275,22.213,34.498,26.849,26.564,24.048,16.335,11.03,11.717,-34.612,-23.016,-0.437,17.088,25.88,23.267,15.032,25.286,22.592,26.741,19.986,25.978,27.796,0.386,16.112
"2006-09",-5.084,3.663,19.995,17.935,2.293,13.798,25.587,26.455,28.179,21.69,24.026,5.295,11.116,14.182,29.473,24.726,9.022,14.303,15.642,21.638,25.871,30.12,26.836,24.267,19.367,19.978,25.029,1.141,6.66,8.641,14.363,25.154,9.592,19.631,31.758,26.085,26.382,26.078,20.274,11.597,11.854,-36.558,-22.834,-5.535,17.193,25.66,23.01,14.824,25.445,22.781,26.848,19.969,26.242,27.813,0.614,15.395
"2006-10",-10.085,-3.054,13.575,13.237,-4.274,10.552,22.294,25.784,27.868,21.309,25.215,6.008,12.31,16.786,28.788,27.012,7.185,10.141,7.142,17.385,26.775,27.709,26.358,25.186,21.023,22.722,25.326,-7.726,-2.164,-1.576,2.484,15.47,2.834,15.42,26.045,23.272,26.698,27.569,23.271,13.034,12.309,-30.721,-17.699,-12.857,17.482,25.716,22.306,15.624,26.13,21.563,27.136,20.586,25.869,27.833,1.307,14.446
"2006-11",-13.186,-9.842,8.598,7.046,-9.854,5.955,19.933,25.377,26.579,21.607,24.088,7.108,14.126,19.427,27.94,27.562,1.288,5.682,0.889,12.355,25.666,21.923,25.51,25.676,21.82,23.559,24.92,-17.281,-9.486,-11.029,-1.823,9.583,-3.984,9.473,21.38,19.761,26.694,28.526,25.986,14.775,13.688,-25.248,-14.555,-21.283,18.446,25.93,21.244,16.696,26.74,19.798,27.04,21.873,26.595,26.944,2.517,13.447
"2006-12",-15.24,-12.296,-0.135,1.019,-13.804,1.184,16.582,24.607,25.589,21.646,23.087,8.306,15.004,20.978,26.277,25.391,-2.785,1.871,-3.658,10.098,23.75,18.966,24.414,24.675,22.131,24.205,23.407,-21.643,-14.719,-18.187,-6.549,5.424,-8.184,3.788,16.755,15.42,25.788,28.421,29.066,16.541,14.239,-18.817,-9.312,-21.469,19.6,25.742,19.697,18.267,26.796,18.247,27.092,23.066,25.75,25.947,4.171,12.819
"2007-01",-17.452,-19.344,0.896,-0.09,-20.33,0.027,15.995,24.899,25.156,22.154,22.017,9.16,15.83,22.18,25.928,24.901,-4.884,-1.383,-14.464,6.887,22.725,15.497,23.503,24.462,22.841,24.399,23.527,-24.354,-19.378,-24.666,-19.911,-0.931,-13.015,1.601,14.553,12.759,26.002,28.726,29.249,18.775,16.377,-17.687,-6.64,-23.084,20.685,25.974,18.867,19.667,26.606,17.348,27.013,24.047,24.322,25.592,5.449,12.23
"2007-02",-20.543,-22.918,2.058,1.815,-15.996,1.785,16.135,24.952,24.95,23.107,22.972,8.996,16.681,22.362,26.628,24.995,-2.043,1.912,-12.454,8.855,25.128,17.723,24.124,24.504,23.49,24.4,24.958,-25.181,-17.604,-19.482,-13.638,2.589,-6.749,4.758,16.376,17.021,26.267,28.246,28.432,19.171,16.741,-21.109,-8.927,-21.195,21.336,26.086,18.502,20.409,26.551,16.963,26.897,24.317,24.244,25.679,5.989,12.782
"2007-03",-17.988,-17.937,4.745,2.34,-13.959,3.01,17.369,25.52,24.9,23.417,22.656,8.046,15.881,21.22,27.112,25.141,-0.102,4.884,-3.044,12.382,28.947,23.789,26.64,25.025,22.476,23.621,26.731,-19.779,-14.216,-11.548,-5.535,10.079,-1.174,7.544,21.712,22.282,26.698,28.297,26.255,17.4,17.271,-26.634,-11.721,-21.644,21.328,26.534,18.631,20.343,26.959,16.836,27.285,24.288,25.04,27.573,5.546,13.624
"2007-04",-12.681,-5.975,12.062,9.969,-9.729,7.072,19.187,26.394,25.468,23.02,21.972,7.156,14.424,18.982,26.49,24.71,3.012,8.801,8.028,14.284,29.623,26.664,27.428,24.818,21.54,22.293,26.421,-13.819,-6.83,-4.453,5.161,16.013,4.838,11.997,26.63,27.179,27.325,27.78,23.686,15.478,16.123,-30.075,-14.481,-17.977,20.46,26.72,19.097,19.035,27.174,17.454,28.042,23.824,26.95,29.541,4.4,14.561
"2007-05",-9.037,-1.555,17.49,13.313,0.176,12.46,22.553,26.489,26.425,22.899,20.147,5.199,12.544,15.334,26.42,24.272,7.097,13.655,13.068,18.831,29.99,30.365,29.064,25.166,19.88,20.98,27.452,-2.296,0.644,8.189,14.023,20.335,9.632,15.83,31.041,29.779,27.539,25.889,18.953,13.544,14.611,-33.15,-15.744,-7.779,19.641,27.167,20.149,17.572,27.474,18.67,27.902,22.731,27.781,29.686,3.232,15.552
"2007-06",-2.11,5.395,20.439,17.192,8.31,14.086,25.408,26.741,27.743,22.126,19.396,4.467,11.3,14.173,25.567,22.961,10.72,16.686,19.199,21.889,28.432,32.827,28.442,24.039,17.658,19.886,26.273,4.192,8.662,13.394,16.088,25.557,13.701,19.34,34.792,30.751,27.277,23.64,14.144,11.417,13.132,-35.239,-20.663,-1.317,18.506,27.17,21.645,16.664,26.545,20.236,27.867,21.561,28.906,29.196,2.284,16.167
"2007-07",0.146,8.743,23.062,19.88,9.583,17.321,27.318,27.054,28.341,22.15,19.407,4.221,11.107,13.917,25.882,21.929,10.955,17.197,19.353,25.023,27.179,32.586,26.466,23.692,16.548,18.68,25.492,7.725,9.878,16.89,21.853,28.351,16.079,22.212,35.028,28.275,26.615,23.321,14.526,11.074,11.952,-35.232,-23.701,-0.46,17.453,26.458,22.984,15.733,25.769,21.936,27.177,20.479,26.868,28.136,1.278,16.344
"2007-08",-0.522,8.467,23.3,20.5,8.264,18.052,27.079,26.63,28.735,22.338,22.391,3.591,10.933,14.011,28.208,23.126,12.881,19.539,18.971,26.148,25.401,32.032,26.344,23.88,16.615,18.963,24.827,5.779,9.399,13.212,16.995,26.638,14.608,22.922,34.372,27.372,26.734,25.02,17.688,11.35,11.967,-33.371,-25.721,-0.599,17.323,26.035,23.471,15.429,25.199,22.827,26.843,20.095,26.587,28.114,0.303,16.283
"2007-09",-4.452,3.443,21.669,18.061,4.641,16.503,26.101,26.915,28.798,22.546,23.852,5.403,11.655,15.094,29.74,24.981,9.065,13.599,11.426,21.283,25.664,30.952,26.937,24.63,18.957,20.976,24.763,-0.164,5.709,8.121,12.3,22.7,12.146,20.825,31.341,26.729,26.726,26.279,21.374,11.951,11.911,-34.341,-22.81,-5.894,17.274,25.818,23.41,15.086,25.293,22.692,27.021,19.954,26.616,28.127,0.533,15.587
"2007-10",-8.528,-3.195,12.296,13.395,-5.904,9.912,22.964,26.141,28.327,22.077,26.852,5.523,12.57,17.191,29.752,27.055,6.126,10.114,4.466,17.39,26.278,27.673,26.219,25.207,21.258,22.874,24.84,-10.241,-1.535,-2.534,2.293,14.869,4.698,15.758,25.956,24.708,26.871,28.191,25.063,13.118,12.074,-31.688,-18.45,-12.446,17.59,25.797,22.355,15.63,25.411,21.778,27.314,20.468,26.803,27.845,1.387,14.431
"2007-11",-13.463,-7.174,5.495,8.323,-11.567,3.873,18.664,25.386,27.271,21.638,25.54,7.032,13.886,19.842,27.798,27.723,-0.398,6.367,-0.461,14.22,25.172,22.139,25.008,24.846,22.604,23.736,24.074,-19.917,-12.999,-11.42,-4.367,9.097,-3.842,9.259,21.008,19.857,26.764,29.239,27.334,14.86,13.654,-24.571,-13.825,-21.249,18.493,25.488,21.061,16.9,26.355,19.943,26.998,21.416,26.687,27.053,2.706,13.351
"2007-12",-17.149,-14.318,2.816,3.511,-19.397,0.803,16.233,24.136,25.813,21.627,23.49,8.87,14.986,21.101,25.888,26.567,-0.874,4.198,-1.618,10.034,22.667,17.1,24.033,24.878,22.607,23.947,23.273,-25.821,-17.663,-20.222,-7.832,5.914,-8.282,3.782,17.408,15.162,26.232,28.97,29.861,16.477,15.301,-20.103,-9.021,-22.329,19.795,25.382,19.454,18.563,26.727,18.275,26.941,22.203,25.825,25.776,4.134,12.589
"2008-01",-19.604,-21.29,2.051,-0.937,-25.311,1.566,15.919,23.615,24.675,22.317,23.059,8.699,15.547,22.219,26.109,25.926,-2.547,3.824,-4.701,9.681,22.752,16.771,22.868,24.293,23,24.22,23.037,-25.117,-14.204,-20.938,-11.006,4.901,-9.037,4.211,14.236,13.954,26.039,28.657,29.15,18.462,17.122,-17.783,-7.669,-26.139,20.775,25.594,18.305,20.182,26.635,17.269,26.769,23.482,23.941,24.528,5.505,12.467
"2008-02",-18.403,-19.851,6.671,2.431,-20.406,2.462,16.447,23.807,24.559,22.668,22.768,8.893,15.751,22.217,26.373,24.966,-1.409,2.65,-2.714,9.34,26.18,18.881,24.074,24.407,23.188,24.507,25.417,-23.027,-13.733,-19.675,-11.253,4.29,-7.451,3.731,16.129,15.756,26.083,27.927,29.326,20.127,18.177,-22.065,-9.244,-23.618,21.425,25.551,17.893,20.884,26.659,16.656,26.523,23.657,23.548,24.978,6.054,12.861
"2008-03",-17.473,-14.925,8.485,4.173,-14.676,4.957,16.945,24.899,24.397,23.17,22.249,8.164,15.572,21.449,26.634,24.883,0.964,6.156,4.014,11.47,28.382,23.299,26.491,24.875,23.374,23.82,26.709,-17.33,-10.14,-11.778,-1.255,8.345,-1.222,7.817,20.247,20.987,26.466,27.856,25.836,17.846,17.099,-27.224,-11.299,-22.696,21.236,25.811,18.06,20.612,26.844,16.408,26.82,23.675,24.614,26.633,5.491,13.63
"2008-04",-14.328,-8.311,11.846,9.917,-4.881,6.965,19.913,26.351,25.543,23.289,22.6,6.027,14.063,18.81,26.855,24.924,4.79,9.956,7.915,13.689,28.915,26.674,28.274,25,22.062,22.367,26.887,-12.219,-6.342,-2.589,6.168,14.752,6.026,12.74,26.458,27.763,27.276,27.665,23.718,16.173,15.905,-28.878,-13.964,-17.643,20.565,26.385,19.116,19.378,26.829,17.535,27.713,23.417,26.702,29.2,4.334,14.691
"2008-05",-7.999,0.534,16.641,14.193,1.26,11.39,23.206,26.888,26.456,22.174,21.151,4.814,11.951,16.818,26.506,24.085,8.597,14.121,14.884,18.187,28.793,30.004,28.862,24.879,19.617,20.719,26.864,-1.868,0.925,5.501,14.226,20.486,10.93,16.88,31.291,28.929,27.179,25.887,18.701,13.629,14.014,-32.259,-16.469,-6.222,19.497,26.653,20.222,17.98,26.756,18.715,27.543,22.206,27.994,28.828,3.054,15.56
"2008-06",-2.631,7.238,21.432,17.761,7.184,15.861,25.386,25.8,27.184,21.252,20.077,3.197,10.111,14.514,26.361,22.808,10.896,16.476,18.108,21.947,27.822,31.97,27.648,23.858,17.155,19.24,25.722,4.353,7.182,12.585,17.025,25.017,13.104,19.499,33.638,28.862,26.88,23.747,15.051,11.577,12.041,-33.571,-17.967,-1.476,18.102,26.178,21.265,16.821,25.975,20.578,27.174,21.094,27.618,28.451,2.276,15.971
"2008-07",0.295,10.537,23.764,20.813,8.664,17.612,26.094,26.166,27.986,20.42,19.854,2.989,9.794,14.019,26.811,22.391,12.149,17.196,21.835,24.282,26.626,32.029,25.568,23.302,17.021,18.025,24.817,7.658,10.835,16.006,20.95,29.981,15.462,22.778,34.907,27.51,26.797,24.493,15.639,10.729,12.244,-36.822,-22.293,-0.144,17.282,25.994,22.249,15.92,25.453,22.176,26.65,20.08,26.618,28.058,1.45,16.21
"2008-08",-0.808,8.925,22.505,20.072,8.12,16.787,26.204,26.457,28.412,21.202,21.8,3.878,10.586,14.682,28.222,22.97,13.047,17.962,19.321,23.965,25.768,31.301,26.361,23.8,17.921,19.13,25.232,7.551,8.907,13.288,17.416,29.701,14.001,22.803,33.603,26.881,26.67,24.135,15.59,10.939,11.711,-36.424,-26.223,-0.718,16.841,25.457,22.993,15.424,25.061,23.297,26.39,19.59,25.583,27.492,0.765,16.032
"2008-09",-4.527,5.303,20.618,17.931,1.665,14.48,25.773,26.631,28.499,21.749,24.86,4.917,11.114,14.729,29.582,25.475,10.036,14.584,17.218,21.443,26.232,30.266,26.525,24.451,18.946,20.844,25.114,0.161,5.215,5.751,13.775,24.237,10.047,20.165,30.578,25.784,26.643,26.077,18.8,11.218,11.83,-33.787,-24.855,-4.874,16.828,25.331,22.973,15.398,25.183,23.01,26.639,19.63,25.628,27.467,0.737,15.455
"2008-10",-10.358,-2.784,10.859,11.175,-3.365,9.927,21.581,25.273,27.856,21.692,26.948,5.168,11.758,17.475,29.574,27.334,4.831,10.713,9.037,17.349,26.526,27.225,26.539,25.002,21.529,22.64,25.53,-7.26,-2.397,-0.463,6.965,18.026,4.143,15.186,26.556,24.229,26.919,27.853,22.386,12.356,12.693,-31.038,-18.873,-10.841,17.431,25.397,22.293,16.188,25.778,21.75,26.905,20.114,26.562,27.862,1.239,14.5
"2008-11",-14.877,-7.678,9.982,8.765,-15.072,5.771,20.017,24.408,26.348,21.112,24.723,6.593,13.056,18.609,27.731,27.085,4.097,8.293,-0.118,13.255,24.926,21.223,24.789,24.232,21.669,23.325,23.901,-19.431,-11.269,-13.408,-5.449,10.721,-4.152,9.732,20.875,19.631,26.624,28.492,26.082,14.267,14.133,-24.475,-13.121,-20.955,18.348,24.904,20.888,16.837,26.114,19.947,26.531,21.219,26.281,26.776,2.799,13.246
"2008-12",-18.475,-15.707,1.872,2.672,-20.659,2.161,17.949,23.986,25.256,21.481,23.563,7.845,15.071,20.472,27.055,26.108,-1.201,4.276,-3.477,10.464,22.776,16.918,23.821,24.618,22.771,23.263,23.277,-25.104,-13.869,-17.948,-8.955,4.478,-8.678,5.506,16.434,15.091,25.772,28.162,27.508,15.969,15.737,-18.783,-7.935,-24.958,19.415,24.841,19.512,18.093,26.338,18.526,26.744,22.705,25.6,25.706,4.188,12.479
"2009-01",-19.69,-21.048,-1.888,-3.062,-19.148,-0.03,15.218,23.586,24.374,21.871,22.668,8.485,15.667,21.765,25.786,25.314,-3.247,1.195,-6.623,9.55,22.883,16.689,23.122,24.245,22.586,23.78,23.184,-25.066,-15.922,-21.306,-12.434,3.267,-11.562,1.192,14.399,14.074,25.6,27.641,27.773,18.145,17.616,-18.46,-6.867,-26.312,20.696,25.033,18.487,19.725,26.467,17.043,26.732,23.892,24.715,25.291,5.631,12.244
"2009-02",-17.203,-18.285,0.306,1.01,-23.226,0.431,16.206,24.379,24.645,22.42,21.613,10.215,16.283,22.17,25.623,24.181,-4.153,0.69,-4.726,9.948,25.756,19.67,23.86,24.131,22.988,23.622,24.672,-24.134,-15.648,-20.168,-7.8,5.485,-8.274,2.507,15.784,15.161,26.077,27.708,26.378,18.657,18.291,-22.408,-8.542,-25.779,21.266,25.049,18.329,19.898,26.103,16.646,26.72,24.402,24.152,25.249,6.206,12.546
"2009-03",-18.042,-17.371,4.5,3.661,-12.107,4.506,16.998,25.09,24.32,22.837,21.905,9.07,15.976,20.872,26.216,24.834,-2.975,3.626,-1.214,12.479,28.788,24.337,25.921,24.007,22.795,23.124,26.583,-22.629,-13.473,-14.315,-6.004,10.839,-1.76,7.282,21.066,21.744,26.504,27.666,24.297,16.905,17.691,-28.227,-11.474,-23.568,21.135,25.644,18.652,20.233,26.772,16.851,26.614,24.074,24.568,26.823,5.625,13.319
"2009-04",-14.104,-10.52,13.877,8.99,-6.6,8.584,20.538,25.689,25.03,22.899,21.041,7.205,14.392,17.629,25.553,24.114,3.218,7.619,6.228,12.929,29.037,26.241,28.552,24.761,21.662,22.622,27.357,-11.79,-7.246,-2.094,4.524,15.08,6.177,12.117,26.698,26.796,26.808,26.58,21.028,15.796,16.549,-30.042,-11.999,-15.968,20.493,25.83,19.418,18.953,27.052,17.456,27.191,23.269,26.278,28.864,4.397,14.41
"2009-05",-5.727,1.149,19.519,16.855,1.413,10.134,22.534,25.903,25.826,22.288,20.883,6.063,12.656,15.934,26.026,23.38,8.113,11.741,14.466,16.789,27.311,29.852,27.941,23.839,19.323,20.103,25.687,-3.2,0.592,4.358,12.232,21.212,10.245,16.169,30.366,28.747,27.038,24.755,16.826,13.352,14.948,-31.586,-14.975,-6.696,19.515,26.03,20.435,17.67,25.978,18.559,27.507,22.318,28.19,28.884,3.073,15.336
"2009-06",-1.101,6.938,20.955,18.352,7.52,14.927,24.876,26.079,27.002,21.205,18.682,4.13,10.314,13.276,25.956,22.528,11.073,15.948,18.124,22.103,27.447,32.038,27.112,22.894,17.473,18.75,25.265,5.742,6.934,13.029,19.417,27.238,14.913,19.938,33.479,27.925,26.794,24.175,15.483,12.263,12.7,-32.764,-20.443,-1.032,18.217,25.958,21.516,16.458,25.955,20.403,26.71,20.92,27.243,27.692,2.27,16.01
"2009-07",0.774,9.134,24.768,22.438,9.585,17.541,26.29,26.439,27.849,20.411,18.195,4.333,10.679,13.067,25.783,21.347,12.636,17.243,21.645,24.174,26.1,32.282,25.927,22.846,16.912,18.126,24.781,8.461,10.468,16.453,21.621,29.296,15.941,22.671,34.74,27.219,26.665,23.74,14.883,10.963,12.564,-35.291,-20.158,0.248,17.523,25.742,22.613,15.575,25.539,22.016,26.52,20.283,26.095,28.27,1.302,16.285
"2009-08",-0.091,8.017,25.584,21.065,6.872,18.607,26.946,26.712,28.526,21.322,21.098,3.764,10.503,13.806,28.179,22.906,11.089,17.709,18.577,24.434,25.595,31.544,25.993,23.496,17.078,18.59,25.09,5.028,9.436,13.739,18.314,29.053,14.809,23.072,34.141,26.578,26.671,24.996,17.493,11.056,12.054,-37.355,-23.235,-1.062,16.94,25.481,23.291,15.231,25.557,23.082,26.549,19.862,25.866,27.964,0.893,16.034
"2009-09",-4.364,3.418,21.076,18.336,3.666,14.544,25.956,26.56,28.812,21.685,24.921,4.057,10.951,15.112,29.585,25.306,8.956,16.459,16.393,23.072,25.86,31.311,26.889,24.326,18.804,20.767,25.275,-0.921,5.501,6.588,12.281,24.127,11.43,21.116,32.068,26.658,26.859,25.76,19.891,12.598,11.662,-34.41,-20.645,-7.262,16.964,25.566,23.135,14.991,25.633,22.785,26.731,19.943,26.277,28.171,0.751,15.539
"2009-10",-9.709,-4.509,11.753,12.616,-1.81,8.901,22.345,25.704,28.231,21.576,26.006,6.032,11.975,16.679,29.178,27.619,5.179,11.582,5.741,18.003,26.303,27.09,26.252,25.025,21.201,22.267,25.091,-9.593,-1.711,-0.78,3.208,16.591,4.149,15.787,26.272,23.757,26.808,27.68,22.961,12.832,13.173,-32.481,-20.932,-12.554,17.524,25.421,22.442,15.516,26.036,21.422,27.054,20.504,26.317,27.895,1.665,14.408
"2009-11",-15.508,-10.741,6.507,7.705,-8.395,5.402,18.745,24.772,26.507,21.617,25.248,6.653,13.205,18.506,27.895,27.765,2.49,7.755,0.015,13.967,25.144,21.433,24.702,24.977,22.515,23.545,24.357,-20.497,-11.848,-13.963,-6.215,7.838,-2.841,9.117,19.107,19.731,26.814,29.085,25.737,14.278,14.041,-24.425,-13.154,-20.3,18.566,25.678,21.348,16.539,26.659,19.799,26.683,21.312,25.764,26.765,2.902,13.295
"2009-12",-19.67,-18.456,1.108,3.712,-14.335,0.247,15.921,24.252,25.585,21.733,24.1,7.803,15.331,20.219,26.028,25.598,2.241,4.392,-8.09,9.225,22.761,16.194,24.187,25.239,22.661,24.173,23.541,-19.092,-18.229,-19.74,-13.457,-0.823,-9.294,3.912,16.203,16.077,26.397,29.713,29.21,16.523,15.115,-18.783,-8.877,-22.396,19.883,25.577,20.013,18.077,26.991,18.305,26.887,22.438,25.69,25.977,4.286,12.613
"2010-01",-19.539,-24.366,0.725,-1.18,-21.318,0.342,16.105,24.314,24.499,22.434,23.306,9.172,16.077,21.88,26.144,25.022,-5.168,1.128,-9.56,9.855,22.232,16.705,23.086,24.484,23.214,23.997,23.049,-24.447,-16.961,-20.955,-12.569,3.727,-9.328,3.025,15.232,15.345,25.796,28.706,29.77,18.845,16.384,-17.597,-7.811,-25.11,20.948,25.874,18.724,19.443,26.458,16.847,26.978,23.574,25.033,25.797,5.725,12.445
"2010-02",-20.121,-19.343,5.625,3.171,-21.86,3.38,16.932,24.309,24.067,23,22.636,10.197,16.549,21.811,26.781,25.148,-5.906,0.877,-5.505,10.706,24.885,19.883,24.182,24.565,23.347,24.482,24.566,-27.148,-16.399,-20.658,-10.985,7.005,-8.374,4.462,16.883,16.143,25.969,27.809,29.302,19.907,16.729,-21.803,-8.637,-26.408,21.569,26.038,18.287,20.22,26.155,16.384,26.595,23.85,24.311,25.74,6.248,12.754
"2010-03",-17.813,-15.609,4.6,3.665,-11.8,5.465,17.008,25.48,24.557,23.291,22.657,9.049,15.907,21.062,27.304,25.117,-2.373,5.152,3.617,12.625,28.532,24.694,25.708,24.068,22.428,23.727,25.918,-19.978,-13.279,-11.684,-0.878,12.479,-2.082,7.543,22.344,21.874,26.229,27.83,27.577,18.07,16.444,-27.626,-12.126,-24.984,21.595,26.68,18.631,20.168,26.478,16.563,26.995,24.06,25.261,27.199,5.707,13.703
"2010-04",-12.469,-6.922,12.315,10.248,-6.86,7.172,19.657,26.395,25.183,23.257,22.151,7.437,15.339,19.402,26.915,24.916,1.62,8.22,5.319,15.244,30.199,28.721,27.473,25.086,21.319,22.67,27.535,-11.787,-5.176,-2.599,5.176,15.579,3.494,11.799,26.993,26.226,26.955,26.493,21.453,15.723,15.358,-31.479,-14.633,-15.594,20.532,27.28,19.48,19.227,27.62,17.244,27.95,23.639,26.735,29.23,4.675,14.695
"2010-05",-7.212,-0.147,16.963,15.361,2.886,12.182,22.604,26.687,26.254,23.344,21.1,5.1,13.409,16.623,26.693,24.58,6.579,12.508,12.681,18.435,28.898,29.898,28.234,24.614,19.126,20.188,26.56,-2.539,1.134,4.577,11.858,21.235,10.215,15.815,31.244,29.282,27.303,24.875,18.572,13.384,13.711,-30.591,-14.482,-5.865,19.327,27.406,20.417,17.592,27.188,18.628,28.171,22.429,28.802,29.935,3.42,15.596
"2010-06",-2.309,6.441,19.552,19.865,9.072,15.402,24.69,26.568,27.062,22.896,20.354,2.562,11.912,14.5,26.764,23.175,10.706,17.444,16.058,22.212,27.877,32.186,28.217,23.491,16.841,18.62,26.146,6.454,8.079,13.393,17.786,25.564,13.619,18.043,34.972,29.907,27.052,23.484,15.724,12.396,12.819,-33.178,-17.958,-0.885,18.34,27.423,21.567,16.739,26.766,20.191,27.597,21.263,28.293,28.905,2.193,16.27
"2010-07",0.587,8.258,23.003,19.786,11.357,17.645,26.605,26.891,28.004,22.847,20.101,4.342,10.747,13.613,27.447,23.073,14.332,18.241,19.882,24.187,26.808,33.315,26.545,23.324,16.807,18.174,25.199,9.199,10.799,16.855,19.719,28.953,16.415,22.256,35.442,28.184,26.842,23.306,14.444,11.117,11.946,-33.495,-22.759,0.17,17.436,27.316,22.781,15.659,26.109,21.924,27.17,20.458,26.792,28.147,1.542,16.581
"2010-08",-0.343,8.678,24.875,21.706,7.457,17.624,27.41,27.521,28.696,23.304,22.221,3.899,11.694,14.618,28.938,23.428,11.951,17.586,17.65,25.308,26.123,32.459,26.553,23.963,17.721,19.091,25.569,6.701,10.548,15.569,20.131,28.063,15.458,21.829,34.805,27.612,26.699,24.164,16.298,10.843,11.915,-33.532,-24.439,-0.267,17.051,26.664,23.616,15.215,25.641,22.817,27.157,20.119,26.35,28.265,0.985,16.477
"2010-09",-5.155,4.293,20.251,16.894,4.076,15.656,26.324,27.042,28.743,23.059,25.216,4.664,11.923,15.154,30.513,26.162,9.52,15.161,15.794,22.005,26.349,31.125,27.746,25.192,18.943,21.475,26.129,0.39,5.931,8.252,14.156,22.634,11.092,19.884,31.937,26.471,26.752,25.335,19.908,12.074,12.004,-33.299,-21.599,-6.031,17.141,26.436,23.517,15.107,25.793,22.611,27.286,20.276,26.173,28.813,0.423,15.762
"2010-10",-10.058,-1.064,12.532,11.267,-1.068,11.177,22.797,26.029,28.138,22.584,26.877,5.462,13.066,17.896,29.847,28.231,4.124,13.158,6.989,19.053,26.295,28.138,26.863,25.813,21.815,23.586,25.84,-10.077,-1.136,-2.235,2.398,17.605,3.802,15.827,27.468,24.074,26.732,27.506,25.057,13.023,12.404,-31.592,-18.702,-11.196,17.503,26.365,22.647,15.748,26.357,21.633,27.536,20.691,26.695,28.306,1.415,14.749
"2010-11",-12.774,-8.768,7.95,8.645,-13.724,4.584,19.539,25.382,26.885,22.323,25.646,7.212,13.773,18.915,27.588,27.652,2.707,5.287,-3.272,12.514,25.272,21.223,25.932,25.824,22.832,24.136,24.784,-19.082,-10.124,-13.275,-7.046,9.025,-3.911,10.488,22.519,20.759,27.078,29.107,27.527,14.335,13.638,-26.061,-13.196,-20.182,18.541,26.406,21.467,16.811,27.093,19.89,27.643,21.543,27.296,27.591,2.645,13.483
"2010-12",-17.772,-15.837,0.713,3.631,-19.513,-0.477,16.091,25.264,26.279,22.178,23.402,8.358,15.066,20.41,26.08,26.716,-2.006,4.641,-9.263,10.629,22.573,17.651,23.982,25.221,23.291,24.637,23.487,-25.385,-17.677,-19.461,-10.855,4.312,-7.326,4.15,16.969,16.841,26.701,30.085,28.924,16.124,15.873,-19.017,-8.803,-23.133,19.66,26.3,19.809,18.35,27.215,18.581,27.502,23.003,26.289,27.028,4.241,12.703
"2011-01",-18.036,-22.315,1.708,-0.681,-22.549,0.592,16.009,24.559,25.131,22.661,23.581,9.111,16.828,22.066,26.513,26.071,-2.379,2.657,-12.846,10.584,22.216,17.17,23.947,24.99,23.698,24.588,23.817,-26.744,-15.933,-23.354,-16.855,3.271,-9.438,3.351,16.001,16.173,26.286,29.367,29.542,17.092,16.936,-18.346,-7.72,-23.686,20.953,26.53,19.035,19.794,26.648,17.197,27.447,23.997,25.393,26.789,5.624,12.564
"2011-02",-20.153,-24.709,5.67,2.148,-23.249,0.621,17.492,25.032,24.995,23.105,23.052,9.727,17.097,22.515,27.168,25.519,-0.801,-0.304,-9.471,8.293,26.102,19.86,25.277,25.521,23.624,24.578,26.063,-25.148,-14.226,-17.43,-11.08,3.441,-5.072,5.128,16.451,17.687,26.418,29.024,29.116,18.732,16.693,-22.241,-9.146,-27.176,21.716,26.578,18.57,20.41,26.7,16.818,27.618,24.498,24.89,26.639,6.104,12.931
"2011-03",-17.325,-18.872,4.988,4.462,-16.12,2.226,17.045,25.24,24.943,23.442,23.305,9.078,16.396,21.527,27.554,26,-1.477,3.245,-3.807,11.366,29.424,24.325,27.932,25.967,23.36,24.825,27.997,-17.328,-9.604,-10.236,-3.471,10.302,-0.349,7.536,22.473,22.261,26.793,28.216,28.064,18.489,16.364,-28.634,-13.648,-21.486,21.623,26.678,18.453,20.558,27.404,16.989,27.27,24.073,25.476,27.343,5.471,13.767
"2011-04",-14.239,-8.433,10.527,7.302,-5.569,7.339,20.494,26.467,25.593,23.415,22.697,7.134,14.973,18.945,27.546,25.658,1.913,9.055,4.821,14.662,29.723,27.359,28.436,25.636,22.274,23.347,27.376,-13.655,-4.738,-1.506,4.721,16.772,6.656,12.472,26.825,27.87,27.406,28.102,25.17,16.747,15.312,-31.408,-15.497,-17.517,20.738,27.193,19.45,19.45,27.458,17.351,28.168,23.821,27.29,29.738,4.218,14.734
"2011-05",-6.933,1.303,18.827,14.589,2.921,10.132,22.903,26.563,26.338,22.937,21.439,4.969,12.727,15.838,27.033,24.363,9.299,13.653,13.17,17.503,29.459,30.638,29.231,25.361,19.673,20.562,27.061,-3.336,0.595,6.453,10.945,20.816,10.591,16.826,31.01,30.202,27.544,26.086,19.379,14.138,14.547,-32.366,-16.904,-7.138,19.655,27.159,20.431,17.767,27.339,18.592,28.184,22.665,28.524,30.086,2.996,15.675
"2011-06",-2.034,6.635,21.084,17.505,8.216,14.212,25.189,27.046,27.724,22.118,19.526,4.428,12.132,14.934,26.259,22.836,12.867,18.142,17.886,21.17,28.197,32.136,27.761,24.556,17.633,19.197,26.198,5.717,7.018,13.644,15.429,27.139,13.469,19.789,34.96,30.647,27.515,24.381,15.762,12.023,12.667,-31.207,-17.764,-0.989,18.315,27.441,21.65,16.701,26.522,20.356,27.977,21.419,28.934,29.247,2.001,16.385
"2011-07",1.046,10.492,24.796,21.016,8.658,16.061,26.853,27.213,28.365,21.873,19.849,3.85,11.129,13.624,26.779,22.449,14.33,19.292,19.902,24.114,27.253,32.994,26.47,24.022,17.693,19.126,25.925,8.368,11.127,17.226,19.017,29.344,17.345,23.385,35.249,28.413,27.206,23.736,14.159,10.955,12.49,-35.86,-19.541,-0.257,17.65,26.681,22.797,15.667,25.966,21.851,27.284,20.459,27.048,28.494,1.193,16.5
"2011-08",-0.515,8.522,23.775,20.72,7.99,18.141,27.281,27.243,28.659,21.948,21.981,4.662,11.273,14.518,28.471,23.232,11.986,17.241,21.059,25.089,26.02,32.069,25.795,24.101,18.473,19.408,25.394,7.198,11.123,13.15,18.243,27.786,15.166,22.772,34.641,27.274,26.905,24.854,17.375,11.185,12.229,-37.786,-20.511,-1.247,17.122,25.818,23.506,15.244,25.541,22.897,26.993,19.817,26.334,28.136,0.471,16.158
"2011-09",-3.523,4.461,19.999,17.698,1.323,13.538,26.028,27.131,28.657,21.914,23.471,5.001,11.044,15.216,29.478,24.936,8.554,14.144,13.216,21.771,26.025,30.506,26.38,24.584,19.94,21.403,25.119,1.335,6.693,7.351,12.752,23.298,10.6,19.68,31.532,26.596,26.865,26.175,20.24,11.944,12.31,-36.181,-25.13,-5.505,17.046,25.655,23.453,14.957,25.519,22.734,26.923,19.597,26.351,27.788,0.905,15.433
"2011-10",-10.208,-2.907,14.474,14.308,-6.114,9.022,23.492,26.418,28.386,21.57,25.11,5.865,12.884,17.549,28.981,27.347,7.876,11.128,6.767,17.367,26.758,27.211,25.927,25.069,20.638,22.247,25.235,-7.615,-1.591,-0.836,3.759,15.871,3.006,15.303,27.158,24.266,26.571,27.644,23.043,12.474,12.47,-34.448,-22.346,-12.147,17.491,25.396,22.607,15.852,25.997,21.84,26.651,20.078,26.126,27.323,1.467,14.398
"2011-11",-13.031,-8.226,5.689,8.333,-14.845,3.374,18.937,25.306,27.153,21.49,24.661,6.899,13.311,19.075,27.758,27.887,-0.199,6.024,0.376,13.474,25.93,23.035,25.034,25.017,23.068,23.841,24.597,-17.884,-10.152,-9.83,-1.856,11.12,-2.729,9.726,21.589,20.912,26.538,28.685,25.853,14.659,13.421,-25.356,-13.138,-19.778,18.427,25.382,21.359,16.728,26.358,19.994,27.146,20.917,27.081,27.263,2.559,13.446
"2011-12",-15.889,-17.86,-1.192,0.636,-15.889,-2.217,17.424,24.838,26.122,21.604,23.128,8.42,14.849,20.515,26.299,26.669,-1.643,1.993,-8.207,9.843,23.46,17.92,24.2,25.034,23.758,24.964,23.604,-25.618,-15.617,-17.792,-10.432,5.404,-6.655,5.393,17.718,16.952,26.188,29.018,28.311,16.172,15.611,-19.762,-9.612,-23.6,19.592,25.43,20.092,18.17,26.876,18.391,27.058,22.507,26.06,26.013,4.217,12.616
"2012-01",-21.129,-23.403,1.221,2.267,-27.568,-1.181,16.802,24.699,25.3,21.887,22.63,9.743,16.414,21.967,25.774,25.439,-1.37,2.049,-4.685,8.249,23.228,16.649,23.534,24.502,23.336,24.391,23.655,-22.11,-13.135,-20.941,-9.678,3.975,-9.838,1.926,15.68,14.787,25.99,28.885,29.315,17.666,16.368,-18.661,-7.485,-24.925,20.988,25.626,18.852,19.56,26.788,17.395,26.954,23.354,24.8,25.743,5.563,12.446
"2012-02",-22.125,-22.668,2.664,1.954,-20.821,0.427,16.981,24.005,24.281,22.758,22.432,9.263,16.74,22.095,26.822,25.386,-0.698,1.019,-7.555,9.44,26.531,19.71,24.805,24.583,23.608,24.354,25.457,-19.282,-10.301,-17.385,-11.824,1.185,-9.51,3.755,17.214,16.102,26.215,28.475,28.113,18.184,17.98,-21.694,-8.103,-25.62,21.411,25.683,18.581,20.298,26.841,16.731,26.774,23.938,24.566,25.425,6.194,12.828
"2012-03",-16.661,-16.334,7.142,6.327,-17.741,3.585,17.363,24.795,24.547,23.344,22.005,9.698,16.299,21.322,26.472,25.169,0.373,4.965,-0.58,11.364,29.471,24.959,27.259,25.446,23.529,24.52,27.242,-19.352,-10.502,-12.682,-6.686,9.079,-1.318,8.879,23.066,22.492,26.503,27.915,26.876,18.107,17.11,-28.34,-12.741,-22.414,21.334,25.731,18.661,20.12,27.281,16.735,27.342,24.036,25.427,27.516,5.646,13.65
"2012-04",-14.397,-10.224,11.159,10.27,-7.668,6.215,19.363,26.146,25.23,22.931,21.103,7.82,14.225,18.061,26.195,24.485,3.716,9.936,8.874,14.329,29.079,26.529,27.364,24.956,21.603,22.599,26.32,-12.234,-5.158,-1.629,4.33,13.859,3.47,12.861,25.681,25.818,27.355,27.108,22.873,16.576,15.941,-32.203,-15.151,-19.862,20.626,26.199,19.48,18.67,26.89,17.522,27.595,23.576,26.581,29.125,4.443,14.377
"2012-05",-6.656,-0.805,15.665,15.022,2.358,11.458,22.438,26.594,26.215,22.294,20.143,6.712,13.063,15.782,26.124,24.01,8.005,13.142,12.926,17.452,28.795,30.103,28.096,24.92,19.26,20.667,26.428,-3.72,0.983,5.414,12.935,21.546,9.795,16.344,31.526,30.059,27.499,25.901,19.75,14.334,14.225,-32.677,-16.325,-7.443,19.568,26.657,20.547,17.467,26.953,18.716,28.279,22.47,28.725,29.862,3.106,15.506
"2012-06",-1.776,5.01,20.724,19.358,7.362,13.941,25.298,26.5,27.392,21.31,19.01,4.161,10.94,13.565,26.086,22.788,11.986,17.216,16.601,21.846,27.764,32.134,26.707,23.556,17.505,18.48,25.327,4.512,6.952,12.757,16.415,26.226,14.033,20.094,34.147,29.022,27.355,25.181,18.124,12.779,13.515,-33.193,-17.878,-1.39,18.557,26.376,21.589,16.128,26.266,20.414,27.627,21.105,28.325,28.763,1.781,16.117
"2012-07",0.6,8.733,23.116,20.565,8.978,17.558,26.46,26.604,27.788,20.985,18.047,3.995,10.681,13.665,26.036,22.291,12.91,18.488,19.429,24.877,26.661,31.963,25.962,23.318,16.83,18.903,25.384,7.696,12.343,15.861,19.263,28.063,17.056,23.155,33.895,27.1,26.942,24.644,16.321,11.262,12.068,-35.321,-20.981,-0.08,17.45,26.084,22.771,15.487,25.979,21.769,26.873,20.096,26.461,28.073,1.173,16.32
"2012-08",-0.923,8.047,24.663,21.506,6.832,18.948,27.433,26.726,28.256,21.463,21.1,3.831,11.08,13.502,28.278,23.239,14.168,18.054,19.156,24.273,25.694,31.887,26.296,23.835,18.088,19.688,25.135,5.635,10.932,12.503,15.395,28.19,14.475,22.552,34.27,26.671,26.877,25.147,17.302,10.886,11.797,-36.801,-22.863,-1.316,17.08,25.821,23.617,14.958,25.615,22.756,26.586,19.704,26.146,27.649,0.642,16.114
"2012-09",-4.113,2.839,20.169,18.473,2.536,14.314,25.812,26.69,28.745,21.933,24.538,3.504,11.362,15.131,29.582,25.02,10.636,14.06,14.947,21.361,26.018,31.094,26.71,24.52,19.365,20.567,25.395,-1.172,4.895,3.544,10.409,24.26,10.547,20.54,31.514,26.382,27.007,26.944,22.477,12.206,12.597,-35.426,-18.679,-5.735,17.195,25.957,23.344,15.131,25.731,22.826,26.52,19.561,26.282,27.585,0.408,15.483
"2012-10",-6.848,0.19,13.867,12.127,-3.812,9.217,22.906,26.139,27.928,22.235,24.446,6.11,13.438,17.464,29.091,26.459,6.667,9.979,8.663,17.966,26.664,28.228,26.104,25.062,21.219,22.409,25.224,-11.488,-4.761,-4.546,5.225,17.826,4.043,14.607,26.533,23.841,26.663,28.152,24.483,12.38,12.239,-31.92,-18.979,-10.517,17.536,25.94,22.585,15.55,25.975,21.497,26.571,20.281,25.166,26.954,1.224,14.499
"2012-11",-13.345,-7.337,7.512,6.362,-14.004,5.339,19.407,25.233,26.944,21.74,23.1,7.024,13.662,19.552,26.982,26.193,2.731,7.605,-0.979,14.093,25.062,22.109,24.734,24.483,21.611,23.647,24.023,-24.556,-11.466,-13.264,-7.808,9.217,-4.75,10.516,20.655,18.638,26.787,29.076,27.497,14.108,13.211,-25.096,-12.784,-20.563,18.743,25.94,21.176,16.825,26.319,19.702,27.139,21.143,26.357,27.295,2.324,13.245
"2012-12",-13.755,-11.364,-0.069,2.23,-22.285,1.282,16.503,23.908,25.337,22.09,23.265,8.996,15.661,21.27,26.252,26.139,-1.849,2.387,-8.672,11.634,23.076,18.878,24.135,24.87,23.24,24.953,23.502,-22.749,-12.2,-21.177,-12.076,4.626,-8.557,3.674,18.051,16.483,26.353,29.14,29.435,16.77,14.085,-20.024,-9.356,-22.292,20.001,26.166,19.84,18.218,26.714,18.019,26.595,22.424,25.444,26.172,4.16,12.736
"2013-01",-16.265,-21.301,-1.361,-2.271,-18.584,0.052,15.824,24.023,24.811,23.06,23.269,9.73,16.637,22.36,26.473,25.397,-2.309,-1.775,-14.556,8.101,23.379,17.082,23.401,24.509,23.505,24.507,23.108,-25.936,-13.954,-21.694,-16.915,0.349,-9.667,2.495,15.15,14.917,25.789,28.742,29.633,17.854,16.192,-20.207,-8.19,-24.463,21.127,26.641,18.814,19.759,26.597,16.998,26.968,23.808,25.07,25.681,5.673,12.432
"2013-02",-20.32,-23.609,5.072,2.969,-25.159,2.479,16.679,24.648,24.74,23.911,23.015,9.38,16.933,22.801,26.919,25.307,0.013,3.552,-6.191,10.447,26.054,20.086,24.616,24.822,23.676,24.459,25.371,-23.363,-16.579,-16.721,-11.694,4.773,-7.432,4.425,17.784,16.772,25.932,28.406,28.006,18.692,17.008,-22.098,-8.487,-27.687,21.755,26.793,18.31,20.617,26.899,16.552,26.959,24.243,24.925,25.75,6.036,12.936
"2013-03",-19.537,-16.021,4.992,2.87,-12.082,5.327,16.16,25.62,24.748,24.184,22.277,8.834,15.892,20.591,28.05,25.691,-1.395,5.774,1.735,12.586,28.748,23.92,27.181,25.296,23.227,24.689,27.042,-21.339,-8.148,-10.19,-2.567,11.761,-0.699,10.145,22.884,21.98,26.458,28.05,27.601,19.029,16.511,-28.063,-11.109,-25.471,21.579,27.182,18.492,20.26,27.138,16.506,27.148,24.329,25.328,27.301,5.586,13.868
"2013-04",-13.101,-7.089,13.3,9.572,-4.337,7.351,19.43,26.888,25.558,23.841,22.397,7.434,15.017,19.142,27.672,25.132,3.448,7.702,7.32,13.748,29.505,27.289,28.607,25.636,22.632,23.258,27.46,-14.051,-6.364,-3.166,6.231,16.182,5.658,12.884,26.762,26.797,27.061,26.817,23.575,16.022,15.453,-31.278,-15.809,-16.408,20.76,27.65,19.51,19.455,27.501,17.178,28.047,23.902,27.167,29.27,4.376,14.828
"2013-05",-5.57,0.444,17.132,14.626,1.986,11.268,21.845,27.198,26.299,23.029,20.653,6.135,13.231,17.051,26.452,23.911,8.292,12.783,12.648,16.848,29.106,30.18,29.046,25.487,20.173,20.729,26.703,-2.236,0.818,5.902,12.046,19.922,10.467,16.666,31.674,29.875,27.592,25.988,20.998,14.654,13.844,-31.525,-19.501,-5.542,19.688,27.987,20.518,18.207,27.095,18.674,28.628,22.833,29.056,30.012,3.149,15.809
"2013-06",-1.47,6.611,20.411,18.546,8.804,14.137,24.756,27.225,27.326,22.961,20.057,2.068,12.06,14.572,27.17,22.997,11.871,16.264,19.693,21.496,28.28,32.165,28.432,24.283,17.711,18.646,26.106,6.256,7.083,12.433,17.653,24.365,12.603,19.379,33.893,30.277,27.065,23.237,15.101,11.486,12.141,-33.786,-19.838,-0.788,18.579,27.848,21.837,16.449,26.58,20.344,27.737,21.393,28.918,28.847,1.969,16.281
"2013-07",1.207,8.198,23.514,20.717,10.486,17.47,26.905,27.245,28.29,22.742,19.647,3.914,11.389,12.903,27.555,22.853,12.758,16.631,19.52,24.127,26.932,33.185,27.142,24.17,17.898,18.999,25.51,8.882,11.702,15.532,20.075,28.896,15.846,22.155,35.861,29.025,26.951,23.468,14.567,10.603,11.708,-36.451,-23.556,0.161,17.753,27.601,22.978,15.846,26.115,22.174,27.331,20.433,27.79,28.696,1.377,16.524
"2013-08",-0.886,8.354,24.587,20.046,8.269,17.335,26.915,27.667,28.53,23.574,22.129,4.577,12.573,14.043,29.673,23.807,12.467,17.228,19.589,23.042,26.403,32.746,27.16,24.453,18.863,19.241,25.689,5.803,10.524,13.887,19.134,28.35,15.38,23.204,35.038,27.69,26.805,24.015,17.071,11.522,11.479,-37.543,-26.051,-1.136,17.052,27.112,23.787,15.367,25.922,22.968,27.346,19.949,26.759,28.27,0.348,16.34
"2013-09",-4.339,3.896,16.086,16.111,5.494,14.337,25.418,27.968,29.01,23.805,26.496,4.398,12.735,15.977,30.943,25.972,8.773,14.663,14.994,21.594,26.805,30.947,27.349,25.144,20.583,20.702,25.822,0.295,7.005,6.29,15.223,25.095,11.138,19.924,31.75,26.566,26.507,25.3,20.088,11.773,11.829,-36.335,-25.252,-4.768,17.335,26.928,23.575,15.436,26.16,22.877,27.331,20.006,26.358,28.211,0.225,15.718
"2013-10",-10.003,-2.329,11.641,10.409,-2.981,9.81,23.342,27.082,28.319,23.088,27.594,5.473,13.182,17.53,30.473,27.65,5.923,11.235,8.813,17.422,27.093,27.111,26.737,25.764,21.705,22.763,25.568,-9.281,-2.294,-2.101,6.092,15.737,3.978,15.8,26.601,24.369,27.032,27.236,24.464,13.32,11.698,-29.849,-20.758,-13.256,17.826,26.932,22.991,16.118,26.744,21.488,27.747,20.353,27.148,28.326,0.754,14.731
"2013-11",-13.558,-8.293,6.019,7.829,-10.596,3.827,19.414,26.532,27.733,22.492,24.911,6.576,14.308,19.48,28.368,27.727,3.18,7.009,3.226,12.953,25.634,21.427,25.747,25.846,22.655,24.186,24.854,-15.745,-12.122,-11.723,0.695,9.985,-2.469,8.977,20.096,19.71,27.03,28.79,28.207,14.492,13.278,-25.193,-15.478,-19.632,18.525,26.917,21.691,17.153,27.384,19.899,27.862,21.436,27.397,27.649,2.282,13.71
"2013-12",-16.654,-14.781,0.509,1.492,-17.06,1.641,16.451,25.206,25.91,22.97,24.148,8.411,15.955,21.164,27.729,26.833,-2.307,4.443,-4.086,10.991,23.008,17.389,23.987,25.485,23.995,25.088,23.718,-23.376,-15.049,-17.82,-8.782,4.329,-8.173,5.534,15.979,15.83,26.748,29.824,30.161,16.479,14.48,-19.543,-9.487,-22.872,19.814,27.296,20.34,18.588,27.442,18.045,27.795,22.979,25.988,26.649,3.993,13.026
"2014-01",-16.665,-19.455,2.673,-0.55,-19.857,3.933,16.919,24.466,24.825,22.987,23.479,9.607,16.539,22.105,27.667,25.476,-5.678,1.699,-13.115,9.554,22.337,16.387,23.423,24.848,23.882,25.391,23.844,-29.891,-16.598,-23.621,-16.68,3.584,-9.736,2.649,15.518,15.378,26.282,29.732,30.534,18.588,15.447,-16.898,-7.188,-24.434,21.181,27.064,19.202,20.036,26.732,16.954,27.33,23.98,25.075,26.132,5.429,12.707
"2014-02",-16.77,-17.786,0.938,1.376,-17.876,1.157,17.161,25.417,25.07,23.623,23.814,9.252,16.852,23.04,28.549,25.984,-4.521,2.399,-11.321,9.963,25.15,18.927,24.312,24.876,23.859,25.29,25.164,-26.658,-15.944,-21.818,-14.407,3.347,-7.919,2.658,16.685,17.535,26.574,29.932,29.327,18.543,16.757,-21.763,-9.692,-24.199,21.839,27.119,18.731,20.781,26.426,16.56,27.402,24.529,24.803,25.524,6.06,12.986
"2014-03",-19.203,-18.228,5.881,4.586,-13.688,3.993,17.419,25.738,25.025,23.348,22.937,9.248,16.427,21.783,28.022,26.105,0.941,7.575,0.183,13.159,29.112,23.37,27.27,25.7,23.153,24.459,27.318,-21.604,-12.968,-12.959,-4.132,9.736,-3.569,8.452,22.745,22.465,26.971,29.198,29.09,18.289,17.295,-26.757,-11.118,-23.06,21.39,26.897,18.881,20.413,27.21,16.73,27.973,24.737,25.89,28.168,5.509,13.832
"2014-04",-14.084,-10.296,9.146,9.05,-5.346,6.233,19.448,26.789,25.737,23.328,22.044,6.603,14.883,18.823,27.186,25.541,4.292,12.726,8.006,16.158,30.929,27.684,28.789,26.021,22.182,23.277,28.445,-9.732,-4.349,2.52,6.473,15.862,4.119,12.976,26.875,26.423,27.647,28.719,26.342,16.399,15.723,-29.34,-13.462,-17.196,20.66,27.238,19.628,19.451,27.931,17.4,28.225,23.992,27.465,29.775,4.181,15.059
"2014-05",-6.882,-0.732,17.162,13.289,3.994,11.175,23.049,27.06,26.839,23.005,21.67,5.751,13.582,17.471,26.955,24.519,7.094,12.892,14.525,17.666,29.793,30.153,29.428,25.617,20.491,21.535,27.819,-1.176,2.236,7.83,15.116,21.558,9.094,16.642,31.821,29.095,27.86,26.099,19.473,13.412,14.593,-32.838,-14.979,-5.733,19.727,27.676,20.928,18.317,27.532,18.514,28.374,22.761,28.778,30.41,3.018,15.896
"2014-06",-0.886,5.559,21.842,18.526,8.935,14.67,25.411,27.104,27.682,22.381,20.369,4.374,12.042,14.992,26.682,23.642,12.212,15.953,19.934,21.568,28.915,32.916,29.103,24.704,18.163,20.018,26.909,5.094,8.89,11.719,17.328,25.526,13.356,19.52,34.735,30.298,27.376,24.44,15.898,12.035,13.081,-34.594,-17.828,-1.219,18.417,27.582,21.978,17.046,26.753,20.259,27.642,21.262,28.843,29.507,1.818,16.378
"2014-07",0.569,9.487,23.75,21.417,9.33,17.046,26.296,27.203,28.367,22.047,20.168,4.068,11.334,14.056,27.246,23.001,13.126,18.42,20.773,24.724,27.71,32.836,27.788,24.295,17.197,19.312,26.187,9.83,13.614,17.024,19.963,29.341,15.882,22.309,35.408,28.638,26.893,24.111,14.842,10.837,11.78,-33.26,-20.509,-0.164,17.747,27.109,23.219,16.206,26.114,22.114,27.246,20.435,27.416,28.438,1.157,16.756
"2014-08",-0.957,9.001,23.707,21.109,8.486,18.754,27.383,27.724,29.082,22.832,23.115,2.637,11.683,15.311,29.454,24.042,12.269,18.334,22.135,25.168,26.908,32.441,27.473,24.707,18.017,19.943,25.888,8.16,11.597,13.753,17.677,27.966,14.411,23.244,35.203,27.942,26.55,23.845,16.027,10.634,10.937,-33.954,-21.585,-1,17.183,26.556,24.003,15.614,25.831,22.955,27.098,19.609,26.769,28.209,0.264,16.548
"2014-09",-4.796,3.926,20.818,19.031,3.642,14.175,25.66,27.256,28.847,23.095,25.522,4.485,12.175,15.241,31.008,26.113,10.483,15.89,18.406,21.69,26.982,31.045,27.886,25.403,19.946,21.54,26.202,2.255,7.471,6.536,15.618,23.809,10.368,19.521,32.073,26.841,26.553,25.689,19.801,11.333,11.285,-33.357,-20.382,-4.726,17.197,26.734,23.81,15.179,25.81,23.137,27.087,19.667,26.329,28.072,0.548,15.942
"2014-10",-8.308,-0.528,13.082,13.335,-1.472,9.438,22.754,26.555,28.101,23.3,28.565,4.902,13.265,18.159,31.015,28.026,5.855,12.404,6.749,19.372,26.757,28.436,27.239,26.003,20.78,23.535,25.67,-8.543,-1.826,-2.205,2.475,17.595,4.167,15.922,28.495,25.307,26.56,27.258,23.76,12.992,11.523,-30.593,-20.297,-10.193,17.651,26.824,23.002,16.066,26.01,21.796,27.311,20.244,27.35,27.515,1.048,14.961
"2014-11",-13.882,-9.889,5.234,6.502,-8.507,2.075,19.396,26.003,27.527,22.603,25.916,7.145,13.924,18.953,29.181,27.895,2.777,6.674,-0.369,13.277,26.114,22.267,25.688,25.196,22.365,23.916,24.591,-16.073,-8.715,-10.766,-2.255,10.345,-1.353,10.722,21.408,21.149,26.6,29.075,27.971,14.234,13.051,-23.637,-14.085,-19.46,18.688,26.979,21.777,16.648,26.345,19.756,27.369,21.605,27.812,26.73,2.598,13.804
"2014-12",-17.071,-15.813,-0.398,3.379,-14.349,-1.3,15.866,25.996,26.531,23.297,25.322,9.142,15.779,21.75,28.673,27.843,2.608,5.175,-4.415,9.951,23.704,17.601,24.77,25.552,23.288,25.366,23.799,-23.034,-17.609,-17.371,-8.495,5.323,-6.474,6.332,17.584,17.821,26.516,29.165,29.403,16.985,13.659,-19.1,-8.365,-23.741,19.77,27.509,20.356,18.13,27.047,18.377,27.579,22.999,27.129,26.425,4.133,13.205
"2015-01",-22.24,-22.621,-5.073,-2.846,-18.682,-1.72,14.292,25.011,25.002,23.594,24.894,8.958,16.761,22.876,28.543,27.415,-4.123,1.888,-4.362,11.272,24.297,19.755,24.619,25.299,23.522,25.185,24.534,-23.671,-16.795,-22.825,-11.372,5.065,-9.551,3.575,17.028,16.049,26.731,28.95,30.87,19.012,15.225,-19.032,-8.314,-26.402,20.981,27.528,19.383,20,27.252,16.63,27.684,24.261,26.017,26.358,5.545,12.879
"2015-02",-20.68,-25.85,0.684,-2.745,-11.527,1.948,15.622,25.458,25.031,23.834,23.656,11.017,17.052,22.726,28.64,26.271,-2.057,-1.083,-11.093,7.809,27.07,19.773,25.738,25.865,23.913,25.575,26.494,-27.843,-16.683,-19.415,-12.929,4.792,-7.673,5.449,18.095,18.938,26.805,29.063,31.046,19.94,15.823,-22.755,-9.19,-25.604,21.59,27.696,18.991,20.268,27.229,16.305,27.641,24.941,25.545,26.838,6.054,13.094
"2015-03",-18.416,-17.58,2.042,1.754,-10.974,2.202,17.325,26.209,25.051,24.044,23.779,8.91,16.575,21.578,28.597,26.884,-0.568,4.547,-0.167,10.994,30.315,23.921,28.239,26.205,24.262,25.117,28.569,-20.717,-12.535,-12.091,-5.27,9.806,-2.514,7.53,22.367,23.363,27.454,29.004,27.8,18.719,15.71,-26.673,-12.122,-21.38,21.703,27.916,19.154,20.347,27.898,16.691,28.186,25.278,26.148,28.409,5.685,14.039
"2015-04",-14.856,-8.935,9.677,8.081,-4.72,7.284,19.221,27.151,25.864,24.129,23.961,7.185,15.694,20.099,28.383,26.167,6.483,11.577,13.285,14.708,30.988,28.494,29.13,26.352,22.633,23.204,28.868,-13.773,-6.042,-4.293,3.022,16.541,3.999,13.289,27.281,28.109,27.638,28.216,25.023,17.005,15.233,-29.8,-15.718,-20.01,20.877,28.017,19.784,19.456,28.217,17.172,28.542,24.444,27.384,30.187,4.383,15.079
"2015-05",-6.305,0.657,14.239,12.35,4.488,11.466,21.323,27.367,26.872,22.685,20.452,5.92,12.343,15.511,27.803,25.395,6.661,13.216,13.721,16.648,29.56,30.427,29.354,26.428,20.725,22.299,27.795,-1.911,1.192,5.801,13.228,21.214,9.019,16.045,30.477,30.681,27.984,26.089,19.83,14.022,13.935,-30.908,-21.439,-6.421,19.79,28.072,20.673,17.997,27.971,18.36,28.892,23.683,28.621,30.657,3.176,15.887
"2015-06",-2.039,5.797,20.05,16.627,10.741,14.263,24.737,27.603,28.151,21.516,20.427,5.045,11.537,15.487,27.22,23.993,11.992,17.037,17.547,20.992,28.865,32.442,29.162,25.346,18.699,20.425,26.784,5.839,9.405,12.625,17.215,25.855,13.396,19.013,34.746,31.702,27.819,24.676,16.567,12.275,13.106,-33.7,-21.025,-1.175,18.776,26.949,22.119,16.911,26.985,20.255,28.811,22.385,29.92,29.975,2.114,16.56
"2015-07",0.121,10.368,24.43,20.725,10.456,17.141,26.418,27.285,28.692,21.456,20.599,3.902,11.406,14.652,27.791,23.45,14.626,19.986,21.654,23.765,27.443,32.473,26.632,24.257,17.707,18.964,25.765,7.909,12.396,15.119,17.942,28.55,15.716,22.301,35.449,29.923,27.446,24.888,16.629,11.329,12.163,-34.503,-19.885,-0.402,17.704,25.851,23.124,15.729,26.085,21.912,28.024,21.092,28.202,28.703,1.039,16.666
"2015-08",-1.356,9.372,24.46,22.416,7.781,18.297,27.485,27.47,29.119,21.98,21.986,2.807,11.204,15.047,29.262,24.612,12.601,18.908,20.195,24.717,26.738,31.784,26.115,24.588,18.577,20.047,25.704,6.328,11.514,13.652,19.351,28.529,16.162,23.255,34.33,28.278,26.87,23.571,16.33,11.017,11.006,-33.151,-19.568,-1.485,17.048,25.425,23.954,15.373,25.906,22.982,27.519,20.295,26.981,28.517,0.541,16.499
"2015-09",-4.992,5.408,19.119,18.331,3.661,15.643,26.115,26.898,28.935,22.277,25.147,4.881,12.59,15.992,30.111,26.337,8.152,15.446,15.338,22.659,26.543,30.93,26.926,25.281,19.564,21.482,25.287,1.206,6.712,8.051,14.03,25.035,11.492,19.891,32.268,26.652,26.895,25.77,21.718,11.973,11.751,-34.51,-18.587,-5.533,17.147,25.261,23.834,15.276,25.752,22.822,27.68,20.273,26.509,28.327,0.634,15.805
"2015-10",-9.506,-2.408,10.934,12.946,-3.176,9.535,22.555,26.308,28.485,21.801,24.92,5.556,12.032,17.676,29.387,27.539,5.483,11.742,7.928,18.612,27.011,27.645,26.214,25.432,21.921,23.212,25.346,-7.427,0.465,-2.322,3.68,16.911,2.604,15.619,26.828,23.958,27.03,27.681,24.415,12.632,11.622,-32.234,-18.173,-8.891,17.621,25.018,23.003,15.97,26.18,21.862,27.627,20.535,27.306,27.968,0.924,14.607
"2015-11",-16.015,-9.43,9.311,7.78,-15.025,7.675,19.312,24.213,26.764,21.177,24.993,6.317,13.239,19.176,27.524,28.655,3.561,9.559,3.344,14.602,25.674,21.503,25.085,24.89,22.43,24.179,24.306,-17.126,-9.636,-11.846,-3.126,8.823,-4.748,10.446,21.122,19.922,27.28,29.144,27.341,14.557,13.243,-25.383,-13.301,-18.686,18.489,25.243,21.56,16.845,26.728,19.971,27.888,21.669,27.37,27.683,2.417,13.545
"2015-12",-17.494,-15.542,3.065,1.677,-18.258,3.527,16.823,23.566,25.299,21.633,24.135,7.448,14.815,21.291,26.193,27.706,0.638,4.027,-4.084,10.992,22.773,17.357,23.021,24.797,23.29,24.222,23.078,-22.401,-15.678,-18.908,-11.566,3.644,-9.519,4.351,15.395,16.57,27.192,29.373,29.682,17.481,15.206,-20.163,-9.93,-21.156,19.763,25.132,20.214,18.539,26.944,18.286,27.666,22.805,26.343,26.933,3.904,12.781
"2016-01",-19.404,-21.773,1.901,-0.681,-16.317,3.743,15.956,23.963,24.637,21.996,22.679,8.948,16.215,22.584,25.799,25.945,-2.538,4.229,-2.617,9.978,22.36,15.969,22.633,24.44,23.258,24.416,23.259,-25.991,-18.527,-21.995,-9.758,3.918,-9.674,2.567,14.769,15.462,26.724,28.76,29.327,18.246,16.675,-17.204,-6.078,-24.774,20.893,25.058,19.104,19.855,26.515,16.957,26.845,23.39,25.154,26.218,5.392,12.635
"2016-02",-17.401,-20.483,4.696,1.084,-12.964,3.789,16.576,24.556,24.587,22.584,22.536,8.909,16.588,22.625,26.138,25.505,-5.751,1.045,-3.368,9.976,25.569,19.327,23.783,24.346,23.867,24.116,25.017,-24.846,-16.592,-18.166,-6.262,7.573,-6.843,3.763,17.098,17.8,26.791,28.496,27.184,18.306,17.38,-20.582,-9.474,-23.532,21.465,25.134,18.843,20.656,26.334,16.766,27.059,24.302,24.662,26.297,5.836,13.075
"2016-03",-21.954,-16.798,10.97,5.953,-13.442,7.686,18.357,25.346,24.634,23.303,22.452,9.774,16.404,21.424,27.347,25.653,1.991,5.346,-0.677,10.827,28.996,22.226,26.029,24.25,23.589,23.466,26.766,-18.161,-10.595,-10.446,-4.734,8.795,-2.493,8.718,20.409,22.127,27.155,28.153,26.886,17.938,16.788,-26.214,-11.506,-25.244,21.41,25.455,19.031,20.381,26.853,16.616,27.412,24.262,25.454,27.511,5.433,13.767
"2016-04",-13.346,-5.13,13.183,10.662,-3.54,8.673,20.043,26.241,25.449,22.697,21.729,7.821,14.388,19.202,26.635,25.578,5.381,11.723,7.753,14.069,29.165,27.166,28.578,25.209,21.978,23.089,27.464,-11.836,-3.745,-1.96,3.742,15.365,6.019,12.776,26.173,27.847,27.565,27.337,24.283,17.316,14.562,-31.137,-17.082,-17.082,20.491,25.573,19.615,19.622,26.915,17.222,28.014,23.656,26.764,29.372,4.516,14.825
"2016-05",-6.728,1.781,18.792,16.102,2.028,11.663,23.022,26.201,26.024,22.285,21.194,6.081,13.377,17.218,26.351,24.604,9.669,13.816,13.139,17.402,28.391,30.248,28.412,24.468,19.976,20.984,26.358,-2.949,2.287,5.585,11.843,21.366,10.405,16.823,30.873,29.419,27.373,26.235,19.761,14.485,13.728,-31.802,-18.674,-6.158,19.403,25.951,20.674,18.312,26.802,18.488,27.891,22.468,28.494,29.433,2.994,15.664
"2016-06",-0.963,7.124,21.453,18.956,8.809,14.546,25.261,26.398,27.191,21.884,19.774,3.118,11.387,14.656,26.017,23.331,12.478,16.758,17.751,22,27.613,32.047,27.839,23.77,17.188,19.215,25.937,6.18,8.507,11.742,18.413,27.017,14.327,19.989,34.02,28.565,27.298,25.03,17.781,13.202,12.205,-30.983,-17.85,-0.977,18.136,26.026,21.699,16.637,26.288,20.346,27.499,21.407,28.222,28.604,1.978,16.321
"2016-07",1.15,9.013,26.635,21.5,9.056,18.599,27.009,26.297,27.961,21.275,19.649,3.089,10.472,13.78,26.744,23.179,15.779,18.063,21.501,23.792,26.816,32.347,25.788,23.19,17.05,18.668,25.392,8.337,11.156,17.11,20.685,30.671,16.799,23.071,34.509,27.776,27.096,23.536,15.169,10.795,12.268,-31.395,-21.294,-0.063,17.417,25.666,22.719,15.617,25.914,22.165,26.966,20.459,26.618,28.179,1.03,16.567
"2016-08",-0.219,7.629,25.925,22.134,7.317,18.218,26.574,26.597,28.463,21.265,20.711,4.221,10.794,13.346,28.03,24.268,13.857,17.782,20.598,24.681,25.425,31.558,25.938,23.412,17.737,19.361,24.907,5.083,9.689,13.152,19.8,30.858,15.243,23.327,34.812,26.469,26.821,24.704,17.407,11.018,12.08,-35.328,-23.583,-0.993,17.136,25.423,23.417,15.035,25.39,23.086,26.626,20.018,25.922,27.963,0.499,16.246
"2016-09",-4.353,4.745,20.617,18.068,2.944,15.306,25.035,25.939,28.104,21.707,24.117,3.89,10.903,14.748,29.249,25.83,11.874,15.461,16.92,21.383,25.483,30.605,26.39,24.232,20.134,21.316,24.997,0.601,5.723,6.283,13.143,23.949,11.126,20.51,31.74,26.192,27.075,26.159,20.284,11.881,11.652,-36.335,-21.581,-4.326,17.173,25.546,23.342,15.003,25.08,22.827,26.984,20.077,26.376,28.269,0.221,15.553
"2016-10",-8.868,0.614,14.364,13.493,-2.606,12.524,23.044,25.828,27.781,21.77,25.966,5.384,12.181,17.312,29.405,27.358,7.59,12.558,9.978,17.693,26.266,27.044,26.043,24.737,21.702,22.468,25.091,-8.703,-2.954,-0.227,6.259,16.104,5.015,15.206,25.8,23.929,26.888,27.668,23.957,12.066,12.46,-30.61,-20.619,-13.653,17.595,25.536,22.682,15.703,25.669,21.8,26.715,20.305,26.223,27.563,0.967,14.623
"2016-11",-11.58,-5.108,8.538,8.928,-13.281,5.839,19.545,24.447,26.57,21.258,24.295,6.894,13.587,19.632,27.287,27.022,3.664,6.786,-2.193,13.441,25.711,22.777,24.691,24.743,21.698,23.149,24.209,-19.933,-10.302,-12.206,-5.343,9.219,-4.098,8.959,20.908,19.44,26.745,28.912,26.632,13.882,13.583,-24.291,-13.798,-18.143,18.575,25.227,21.193,16.872,26.276,19.842,26.748,21.046,26.199,26.753,2.406,13.398
"2016-12",-14.115,-10.181,2.193,2.303,-13.844,2.801,16.057,23.858,25.453,21.851,23.812,8.368,15.272,20.585,26.491,26.67,-0.837,3.892,-4.229,11.005,23.335,18.547,22.728,24.189,22.894,23.791,23.137,-23.598,-18.906,-22.246,-13.641,2.843,-8.989,2.913,15.47,16.336,26.711,29.143,26.951,15.126,15.643,-19.956,-9.066,-18.938,19.745,25.769,19.863,18.378,26.702,18.368,26.82,22.352,25.262,26.215,4.159,12.743
"2017-01",-20.194,-19.119,0.133,-2.674,-18.688,2.358,15.377,23.203,23.985,22.117,22.778,9.166,16.113,21.962,25.705,25.478,-0.07,4.321,-7.785,10.154,23.821,17.342,23.704,24.558,22.974,24.47,23.983,-24.907,-18.656,-20.524,-13.691,2.88,-9.269,2.713,15.737,15.69,26.044,28.944,28.336,18.129,17.59,-19.306,-8.603,-27.443,20.768,25.892,18.689,19.785,26.642,16.91,26.249,23.479,24.584,25.801,5.492,12.49
"2017-02",-19.927,-19.902,2.887,0.101,-20.971,3.003,16.226,24.169,24.429,22.948,22.163,10.267,16.162,21.351,26.192,24.904,-2.789,2.62,-5.299,10.317,25.152,19.534,24.372,24.612,23.616,24.683,25.081,-23.152,-13.628,-15.73,-8.247,7.07,-5.499,3.874,17.759,17.689,26.22,28.44,28.161,18.823,17.862,-22.328,-8.882,-26.151,21.505,26.085,18.377,20.088,26.775,16.426,26.976,24.273,24.497,26.495,5.879,12.942
"2017-03",-19.797,-16.456,9.142,3.957,-16.332,6.849,17.858,24.284,24.019,23.208,22.487,8.937,15.637,20.308,26.953,24.948,2.75,7.51,2.345,12.966,28.505,23.96,26.035,24.338,22.92,24.058,26.252,-20.249,-11.069,-13.79,-3.379,9.679,-2.471,7.511,20.881,21.559,26.827,28.172,26.8,18.004,16.787,-26.915,-12.39,-26.97,21.358,26.46,18.654,19.967,26.45,16.583,27.123,24.291,25.063,27.208,5.465,13.616
"2017-04",-12.929,-7.42,12.021,9.585,-3.772,7.215,19.876,26.345,25.444,22.881,21.68,7.365,14.895,18.22,26.607,24.646,4.962,9.192,7.901,14.22,29.446,27.089,27.946,25.038,22.056,22.369,27.238,-13.106,-5.77,-3.515,2.123,16.972,4.984,11.715,26.157,26.928,27.077,27.314,22.975,15.149,16.081,-31.82,-16.096,-16.818,20.686,26.776,19.443,19.078,27.135,17.408,27.493,23.463,25.914,29.396,4.322,14.573
"2017-05",-6.942,0.071,16.005,13.078,4.362,11.227,23.693,26.474,26.465,22.224,21.124,6.142,13.142,16.661,26.287,23.861,7.977,13.352,13.245,18.515,28.764,29.919,27.302,24.587,19.084,20.278,26.188,-2.39,1.658,6.666,10.252,21.043,8.563,15.009,30.845,29.445,26.924,25.446,18.718,13.586,13.994,-33.937,-17.204,-8.174,19.388,26.777,20.447,18.014,26.941,18.409,27.903,22.652,28.085,29.199,3.053,15.398
"2017-06",-1.696,5.761,21.009,17.839,8.447,15.48,25.107,26.231,27.388,21.021,19.385,4.247,10.931,13.835,25.952,22.473,12.178,15.799,20.852,21.358,28.157,32.062,27.067,23.812,17.574,19.162,25.729,5.728,8.548,12.427,14.961,27.111,13.259,19.566,34.894,30.212,27.278,24.636,16.026,11.475,12.115,-33.815,-18.74,-0.917,18.512,26.835,21.413,16.558,26.31,20.273,27.804,21.596,28.545,29.441,1.774,16.166
"2017-07",1.477,10.399,26.337,20.691,10.135,17.894,26.727,26.477,27.905,20.656,19.742,4.116,10.624,13.743,26.303,22.54,13.909,17.05,21.646,23.572,27.617,32.704,26.597,23.152,17.356,18.467,25.552,8.549,12.291,17.481,20.048,29.92,16.033,21.852,35.275,28.92,27.226,24.297,15.009,11.278,12.322,-35.831,-22.648,0.264,17.689,26.149,22.595,15.912,26.129,21.79,27.236,20.882,27.077,28.998,0.754,16.467
"2017-08",0.531,9.561,24.389,20.881,8.411,18.438,27.008,26.635,28.476,21.645,22.441,4.252,11.547,14.641,28.255,23.493,11.888,17.683,20.511,25.401,26.44,32.17,25.84,23.898,17.639,19.232,25.486,7.373,11.511,15.542,19.024,29.577,15.432,22.835,35.26,27.427,26.97,25.206,16.88,10.899,11.814,-36.04,-24.643,-0.851,17.098,25.607,23.421,15.267,25.943,22.662,27.208,20.341,26.382,28.503,0.304,16.351
"2017-09",-4.19,4.142,21.846,18.494,1.583,14.872,26.018,26.74,28.606,21.831,25.501,5.176,11.32,15.428,29.268,25.999,9.577,15.811,15.151,22.488,26.39,31.134,26.738,24.754,18.423,20.948,25.278,0.418,6.937,6.888,11.362,24.438,11.229,20.257,32.473,26.804,26.804,26.295,19.205,11.069,11.549,-35.314,-26.608,-4.929,17.117,25.067,23.417,15.331,25.979,22.502,27.25,20.44,26.199,28.497,0.188,15.542
"2017-10",-8.534,-3.425,14.186,12.761,-5.356,10.859,23.239,25.726,28.152,21.652,26.521,5.713,12.804,17.418,28.724,27.822,5.841,10.604,5.279,17.328,26.31,27.611,26.243,25.276,20.963,22.471,24.889,-9.207,-2.575,-1.371,3.688,16.825,4.71,16.233,27.998,24.597,27.458,27.577,23.299,12.817,11.97,-32.085,-23.274,-13.253,17.631,25.501,22.34,15.838,26.175,21.343,27.823,21.091,26.695,28.822,0.779,14.498
"2017-11",-12.383,-9.997,7.689,5.877,-10.596,7.455,19.979,24.878,26.767,21.631,24.182,6.95,13.738,19.068,27.043,26.756,4.593,7.91,1.153,13.991,25.743,21.625,25.309,25.436,21.888,23.663,24.667,-18.265,-12.561,-12.075,-7.262,7.115,-5.384,9.039,20.796,19.403,26.963,29.239,26.548,13.582,13.293,-23.253,-14.474,-18.276,18.46,25.112,21.418,16.899,27.039,19.538,27.349,21.618,26.86,27.872,2.114,13.403
"2017-12",-18.171,-16.634,0.272,0.339,-16.87,2.882,16.574,24.26,25.416,21.828,23.292,7.758,14.698,20.627,26.1,26.698,0.606,5.286,-2.214,10.944,22.697,17.208,23.647,25.007,23.769,24.296,22.874,-24.441,-18.022,-17.882,-9.505,4.957,-10.672,4.547,16.079,15.498,26.46,29.395,27.569,15.07,15.271,-18.945,-8.48,-26.183,19.828,25.254,20.019,18.069,26.986,17.809,27.362,22.712,26.032,26.647,3.912,12.59
"2018-01",-18.342,-22.876,-1.632,-0.52,-16.391,-2.671,15.523,24.314,25.012,22.126,22.925,9.599,15.879,21.829,26.067,25.119,-3.143,2.562,-8.59,9.8,22.484,16.477,22.801,24.449,24.008,25.122,23.177,-25.329,-16.802,-21.737,-12.659,3.393,-11.579,2.402,15.062,13.495,26.137,28.813,28.524,17.863,15.778,-17.842,-6.904,-22.57,20.876,25.43,19.083,19.581,26.423,16.968,27.354,23.95,24.753,25.934,5.498,12.452
"2018-02",-20.668,-23.89,0.781,2.076,-22.717,-3.58,16.021,24.321,24.922,22.191,22.693,9.125,15.809,21.976,27.054,24.994,-1.622,2.971,-6.668,9.731,25.718,19.465,24.575,24.826,23.31,24.908,24.957,-22.882,-14.666,-17.06,-7.583,5.789,-6.871,4.359,16.684,17.007,26.052,28.403,28.979,19.381,17.116,-22.411,-9.829,-24.996,21.388,25.224,18.61,20.602,26.302,16.479,27.319,24.438,24.383,26.27,5.955,12.781
"2018-03",-19.558,-17.567,8.104,4.366,-16.101,3.773,17.96,25.114,24.797,22.674,22.172,8.817,15.597,21.086,26.918,24.972,0.861,4.645,-0.359,10.42,29.033,23.264,26.903,25.246,22.937,24.149,27.101,-17.056,-10.627,-5.601,-0.797,9.331,-0.183,9.362,21.976,21.591,26.655,28.146,27.845,17.631,17.308,-26.903,-11.468,-27.543,21.159,25.277,18.702,20.278,26.756,16.693,27.459,24.347,25.274,27.342,5.484,13.694
"2018-04",-14.813,-10.573,13.835,8.896,-6.948,8.225,19.786,25.545,25.303,22.105,22.082,6.871,13.991,18.39,26.312,24.323,5.373,10.286,9.495,14.222,29.052,26.249,28.539,25.337,21.26,22.961,26.832,-11.411,-5.141,-0.092,8.717,15.106,6.758,13.561,27.07,27.022,27.06,27.639,24.679,16.342,15.422,-30.94,-14.921,-18.156,20.501,25.815,19.38,19.234,26.751,17.265,27.787,23.734,26.669,29.424,4.222,14.587
"2018-05",-6.209,-0.203,18.239,14.253,2.329,10.864,21.951,26.007,26.06,21.724,20.672,4.565,12.179,15.577,25.649,23.362,9.369,13.846,13.251,17.218,28.025,29.482,28.637,25.112,19.859,21.216,26.412,-0.595,2.549,8.36,13.664,20.617,11.098,16.572,31.102,29.953,27.238,25.955,19.566,13.934,14.154,-32.812,-16.183,-5.72,19.35,26.002,20.378,17.676,26.418,18.498,28.125,22.685,28.43,29.964,3.02,15.529
"2018-06",-1.611,7.373,23.285,18.237,7.431,14.857,24.664,25.829,26.897,20.887,19.585,4.392,11.001,14.534,25.485,22.212,11.666,17.57,17.665,21.838,27.373,31.363,27.83,24.13,17.331,19.525,25.564,5.623,9.233,13.88,16.587,25.811,13.616,19.776,34.303,29.757,27.479,25.015,16.453,12.661,13.2,-33.313,-19.82,-0.861,18.372,26.039,21.436,16.573,25.785,20.129,27.922,21.587,28.728,29.223,2.223,16.185
"2018-07",0.396,9.272,25.439,21.611,10.008,18.152,25.755,26.086,27.5,20.604,20.027,2.826,9.93,12.805,26.372,21.826,12.202,18.511,20.075,24.015,26.424,31.355,25.274,23.058,16.641,18.041,24.592,8.585,11.577,18.938,20.55,28.578,15.865,22.287,34.189,27.483,27.255,24.961,14.915,10.96,11.703,-33.99,-19.872,0.181,17.643,25.53,22.687,15.264,25.343,21.836,26.925,20.593,26.537,28.313,1.147,16.334
"2018-08",-0.049,9.206,24.139,21.518,7.911,18.296,26.269,26.558,28.27,21.275,21.106,4.624,10.485,13.404,28.212,22.897,12.34,19.191,19.953,25,25.876,31.518,26.096,23.65,17.977,19.361,25.141,4.769,10.887,13.471,18.751,28.091,15.394,22.453,33.97,26.761,27.176,24.834,15.537,11.009,11.695,-34.874,-19.589,-0.732,17.213,25.278,23.36,15.047,25.156,22.849,26.746,20.072,26.132,28.335,0.922,16.213
"2018-09",-4.434,4.781,19.345,18.66,2.287,14.854,25.177,26.542,28.39,21.602,24.871,5.227,11.603,15.775,29.27,25.088,11.576,17.174,14.458,21.923,26.036,30.091,26.28,24.206,20.147,21.162,24.935,2.065,6.137,6.923,13.089,24.265,9.882,20.235,31.251,26.023,27.094,26.251,19.26,11.78,11.696,-36.634,-22.626,-4.056,17.113,25.056,23.25,14.868,25.262,22.66,26.696,19.865,26.394,27.81,0.481,15.479
"2018-10",-9.409,-1.262,13.041,14.053,-2.956,9.025,22.248,25.701,27.763,21.302,24.792,6.157,12.238,16.607,28.405,26.192,4.948,11.835,6.448,18.471,26.32,27.252,25.69,24.314,21.38,23.445,24.77,-8.858,-1.813,-2.278,0.655,17.425,2.846,16.191,26.604,23.73,27.028,27.848,23.392,12.874,12.173,-30.733,-17.675,-9.054,17.604,25.088,22.321,15.589,25.975,21.399,26.853,20.306,26.129,27.624,1.555,14.53
"2018-11",-12.466,-8.078,5.621,8.43,-11.44,3.232,18.942,25.333,26.915,21.492,25.061,6.826,13.435,19.477,27.456,26.925,1.028,6.785,-1.538,13.928,25.193,21.716,24.87,24.763,22.341,23.177,24.291,-18.311,-10.585,-12.831,-5.578,8.342,-4.159,10.41,21.137,19.621,26.687,28.577,26.182,14.95,14.117,-26.2,-11.631,-17.464,18.5,25.149,21.182,16.935,26.331,19.83,26.623,21.25,26.536,26.974,2.639,13.335
"2018-12",-19.187,-16.144,1.471,3.806,-13.865,-1.066,16.84,24.519,25.67,21.716,23.631,8.96,15.045,20.42,26.312,26.534,1.218,5.359,-0.951,10.41,23.248,16.889,23.717,24.828,23.018,24.503,23.653,-19.935,-15.873,-16.638,-6.49,4.749,-8.435,4.512,16.573,15.377,26.326,29.306,28.378,17.08,16.103,-20.702,-8.825,-21.287,19.535,25.555,19.942,18.175,26.747,18.398,26.658,22.306,25.433,26.285,4.248,12.791
"2019-01",-17.803,-20.205,0.781,-0.081,-15.702,1.231,15.728,23.837,24.411,22.308,22.42,9.451,15.912,22.476,25.718,25.103,0.569,2.495,-6.362,9.09,23.413,16.788,23.052,24.682,23.081,24.641,23.595,-21.377,-17.423,-22.971,-13.01,2.768,-10.364,2.178,15.383,15.043,25.849,28.254,28.357,18.778,17.31,-18.429,-6.781,-21.388,20.643,25.55,18.823,19.946,26.517,17.166,26.995,23.69,24.657,25.672,5.421,12.649
"2019-02",-18.108,-20.508,2.082,-0.387,-24.998,2.523,17.103,24.797,24.633,22.937,21.841,9.518,15.758,22.268,26.349,24.546,-1.925,3.032,-6.61,9.952,25.509,19.053,23.566,24.178,23.373,24.134,24.407,-21.291,-14.597,-18.087,-11.452,3.01,-9.897,3.36,16.707,16.254,25.841,27.99,28.021,19.922,17.523,-21.535,-8.419,-24.489,21.403,25.597,18.315,20.595,26.246,16.496,27.021,24.436,24.248,25.896,6.045,12.73
"2019-03",-21.208,-16.688,6.284,6.656,-18.458,2.832,17.016,25.506,25.064,23.103,22.04,9.08,15.189,21.013,26.635,25.078,2.809,7.73,0.708,11.767,28.569,22.649,26.644,24.629,22.603,24.193,26.547,-15.814,-11.655,-8.351,-1.12,7.648,-2.445,7.486,21.396,21.846,26.589,27.998,26.631,18.437,16.602,-27.379,-11.381,-22.246,21.373,26.074,18.662,20.384,26.236,16.633,26.876,24.31,24.987,27.304,5.687,13.672
"2019-04",-14.334,-9.099,9.801,7.761,-6.464,5.826,19.308,26.455,25.443,23.013,22.047,7.342,14.093,18.979,26.65,24.631,4.819,11.202,10.767,14.448,28.842,26.337,27.738,25.108,21.424,23.434,26.61,-7.203,-4.267,2.485,10.218,16.539,4.717,12.323,26.155,26.031,26.912,26.823,22.574,17.257,15.608,-31.333,-13.933,-13.873,20.605,26.488,19.436,19.548,26.591,17.163,27.37,23.848,26.251,29.267,4.341,14.775
"2019-05",-6.705,0.473,16.82,15.235,1.971,12.3,22.592,26.808,26.443,23.147,20.997,3.979,12.93,15.748,26.578,23.875,8.116,14.486,14.262,18.072,28.399,29.147,28.094,24.53,18.767,20.767,26.252,-1.617,1.493,7.623,12.951,22.022,8.457,16.252,30.62,29.562,27.144,25.585,19.547,14.958,14.445,-31.173,-14.784,-7.361,19.52,26.83,20.285,17.697,26.386,18.554,28.071,22.875,28.389,30.196,3.338,15.631
"2019-06",-1.135,5.833,20.431,17.544,8.459,14.603,25.469,26.88,27.444,22.802,19.635,4.379,12.541,15.411,25.994,22.701,10.391,16.54,17.388,21.824,27.644,31.516,27.583,23.662,17.308,18.686,25.431,7.077,7.523,13.981,17.028,26.624,14.387,20.068,33.555,29.504,26.954,23.551,15.582,12.671,13.027,-32.692,-18.829,-1.156,18.313,27.029,21.674,16.42,25.748,20.187,27.593,21.569,28.153,29.209,1.993,16.21
"2019-07",0.588,8.986,25.33,21.206,8.977,18.093,26.488,26.642,27.884,22.703,20.6,2.548,10.921,14.254,27.16,22.663,13.314,18.683,23.729,23.938,27.066,32.658,26.389,23.596,17.174,19.479,25.341,10.394,12.417,16.059,21.657,29.195,16.431,22.554,34.864,27.981,26.402,21.542,13.27,10.877,11.708,-34.831,-20.833,-0.031,17.496,26.776,22.861,15.832,25.441,21.665,27.23,20.824,26.996,28.315,1.222,16.526
"2019-08",-0.285,7.059,24.238,21.904,6.89,16.993,26.695,27.219,28.394,23.227,22.175,3.189,11.689,14.149,28.852,23.19,12.235,17.428,20.138,24.268,26.254,32.196,26.38,23.929,17.319,19.755,25.309,7.478,10.149,12.895,20.465,30.168,15.634,23.083,34.328,27.098,26.333,22.688,15.973,11.445,11.506,-35.28,-25.528,-0.301,16.955,26.4,23.493,15.01,25.087,22.767,26.948,20.177,26.15,27.515,0.518,16.247
"2019-09",-4.495,3.878,19.746,16.768,5.01,14.523,24.926,27.292,28.363,23.972,26.401,2.47,12.289,15.967,30.705,24.754,9.038,14.971,15.003,21.575,25.626,29.873,26.301,24.508,18.319,20.697,24.578,2.196,5.769,7.706,14.828,24.838,9.916,19.916,31.56,26.26,26.674,25.197,21.549,12.713,11.908,-34.015,-20.525,-3.895,16.939,26.456,23.361,15.103,25.053,22.667,27.154,20.146,26.498,28.35,0.439,15.701
"2019-10",-9.643,-2.473,14.39,13.09,-0.817,10.607,23.422,26.709,28.055,22.949,27.676,4.845,12.738,17.607,30.401,26.951,6.516,11.573,6.397,16.989,26.052,25.729,26.078,24.76,20.293,22.807,24.282,-7.875,-1.816,-0.775,6.307,16.972,6.148,14.932,25.918,24.733,26.599,27.415,25.411,13.583,12.285,-31.993,-19.108,-11.567,17.628,26.274,22.681,15.46,25.119,21.651,27.198,20.731,26.931,27.85,1.505,14.664
"2019-11",-15.767,-10.309,6.936,9.069,-12.462,3.357,20.051,25.935,27.188,22.436,26.135,6.998,13.822,19.285,28.988,27.533,4.651,7.808,3.134,12.852,24.746,20.591,25.029,24.728,21.685,23.448,23.724,-14.249,-12.325,-9.307,0.483,9.379,-1.948,10,20.223,20.493,26.781,29.39,29.077,14.859,12.764,-24.371,-13.306,-17.721,18.712,26.782,21.365,16.908,25.816,19.996,27.321,21.522,27.024,27.07,2.629,13.697
"2019-12",-20.488,-19.285,2.282,4.036,-22.062,-0.102,17.569,26.028,26.427,22.949,25.307,7.948,15.597,21.519,28.112,26.614,3.021,3.48,-3.826,8.908,23.278,16.672,23.531,24.816,22.547,24.393,23.048,-20.401,-14.295,-13.501,-7.398,4.103,-7.408,6.478,16.772,16.022,26.407,29.646,30.507,16.309,14.466,-19.566,-10.172,-26.663,20.032,26.997,20.092,18.556,26.445,18.383,27.284,22.423,25.86,26.425,4.227,12.908
"2020-01",-20.375,-26.416,-1.84,-1.73,-20.24,-2.06,16.717,25.665,25.665,23.329,24.025,8.828,16.628,22.702,28.045,26.329,0.062,3.255,-10.771,9.143,22.608,16.437,22.9,24.716,23.384,24.999,22.772,-25.969,-18.125,-19.586,-14.234,0.714,-12.154,3.773,15.942,14.192,26.342,30.142,31.375,17.771,15.86,-17.659,-6.803,-27.076,21.146,27.17,19.28,19.835,26.338,17.074,27.415,23.777,25.049,25.568,5.722,12.572
"2020-02",-17.631,-22.503,1.602,-0.145,-21.853,-0.569,17.327,25.27,25.04,23.462,23.021,10.806,17.559,23.123,27.909,26.247,-4.035,2,-5.518,9.787,26.936,19.967,25.087,24.962,24.025,24.624,25.417,-21.235,-14.197,-17.809,-7.765,5.517,-7.158,3.709,17.061,17.432,26.376,29.319,32.361,19.294,16.645,-21.542,-9.095,-23.037,21.877,27.21,18.643,20.382,26.695,16.458,27.592,24.345,24.573,26.037,6.152,13.193
"2020-03",-19.154,-17.972,6.532,2.301,-10.958,4.59,17.742,26.357,25.078,24.62,23.726,8.916,16.632,21.79,28.892,26.52,1.092,5.005,-0.077,11.493,29.674,23.858,27.5,25.848,23.512,24.339,28.063,-18.876,-13.225,-7.893,-0.474,10.971,-0.561,8.447,22.707,23.343,26.981,29.07,28.332,18.071,15.88,-27.364,-14.062,-24.449,21.85,27.669,18.801,20.721,27.541,16.681,27.617,24.381,25.602,27.281,5.622,14.076
"2020-04",-14.77,-9.349,10.195,8.078,-5.592,7.815,19.47,26.885,25.596,24.264,23.154,7.376,15.463,18.978,28.659,25.514,4.183,10.902,8.592,14.999,30.717,28.095,28.926,26.283,22.774,23.535,28.368,-11.321,-3.604,0.745,6.124,16.223,5.483,14.081,27.313,26.826,27.638,28.538,25.158,16.456,14.803,-31.204,-15.011,-17.577,20.99,28.059,19.77,19.35,28.041,17.528,28.469,23.984,27.151,29.706,4.406,15.098
"2020-05",-5.442,0.732,16.863,14.462,4.4,10.654,21.879,27.537,26.62,23.95,21.353,6.093,13.806,16.098,27.447,24.72,8.339,13.543,17.479,17.309,30.049,30.312,29.327,26.15,20.143,21.591,27.981,-0.773,1.114,5.615,14.268,21.977,8.744,16.23,30.25,30.383,28.26,26.961,20.333,14.034,13.787,-34.002,-16.767,-6.364,19.687,28.404,20.891,17.891,27.731,18.513,28.97,23.116,28.921,30.981,3.465,15.996
"2020-06",-1.747,6.733,21.006,17.95,8.937,15.178,24.91,27.701,27.757,23.776,21.499,4.261,12.233,14.811,27.897,23.633,13.28,17.026,19.085,21.732,29.433,32.703,28.914,24.693,18.63,19.949,27.061,5.495,8.557,12.714,18.476,26.559,14.862,19.746,33.624,30.69,27.806,24.605,14.91,11.677,12.158,-34.46,-16.48,-0.965,18.631,28.303,22.037,16.784,26.648,20.307,28.46,21.625,29.406,29.972,2.347,16.595
"2020-07",0.759,10.112,24.831,21.673,10.112,17.367,27.043,27.85,28.511,23.521,21.647,3.467,11.799,14.398,28.415,23.384,14.266,19.2,22.037,25.21,28.216,33.627,28.012,24.27,16.651,18.58,26.226,7.679,13.223,15.217,21.257,28.508,16.263,22.208,36.071,29.68,27.298,25.027,15.991,11.635,11.593,-32.858,-22.057,-0.06,17.829,27.706,23.216,16.005,25.699,22.126,27.842,20.754,27.936,28.372,0.893,16.889
"2020-08",-0.605,9.069,23.666,20.704,8.587,17.914,27.378,28.016,29.092,23.699,22.859,4.72,12.181,14.603,30.062,24.493,11.755,17.833,19.637,25.69,26.837,32.836,27.408,24.314,17.489,18.525,25.861,6.685,10.697,12.913,19.82,28.887,15.596,22.581,35.678,28.219,27.048,25.152,16.341,10.903,11.431,-36.629,-24.947,-0.768,17.335,27.204,23.969,15.44,25.387,23.076,27.495,20.134,27.108,28.132,0.486,16.534
"2020-09",-4.594,4.492,19.465,18.305,4.576,15.729,25.997,27.843,28.85,24.103,26.771,4.962,12.371,16.227,31.626,26.376,11.352,16.372,15.129,22.604,26.822,31.127,27.489,25.337,19.768,20.683,26.13,0.916,5.306,6.563,14.311,24.354,10.909,19.884,32.61,26.731,26.777,26.587,20.406,12.205,11.338,-35.552,-21.408,-5.509,17.291,26.955,23.846,15.185,25.585,22.995,27.354,20.083,26.513,27.855,0.428,15.882
"2020-10",-9.344,-1.886,11.39,12.642,-3.49,8.697,22.999,27.061,28.07,23.221,26.09,6.416,13.024,16.371,30.389,27.185,7.373,12.799,5.728,19.061,26.766,28.148,26.707,25.646,20.493,22.459,25.413,-7.588,-1.778,-2.3,2.849,15.741,3.056,15.128,27.885,24.21,26.85,28.249,24.469,12.94,11.854,-29.242,-21.278,-9.736,17.771,26.925,22.862,15.843,25.657,21.551,27.632,20.913,26.564,27.721,1.132,14.809
"2020-11",-15.593,-10.798,6.661,7.704,-13.984,6.567,20.311,25.808,26.913,22.971,26.036,8.005,14.563,20.1,29.692,27.144,4.406,8.388,1.793,13.968,25.496,21.878,25.074,25.271,22.354,23.016,24.561,-16.325,-8.756,-12.818,-3.643,7.609,-4.258,10.296,20.331,19.662,26.904,29.166,28.282,14.212,12.991,-22.99,-13.12,-16.627,18.898,26.869,21.731,16.999,26.367,19.97,27.696,21.661,27.031,27.586,2.435,13.768
"2020-12",-15.177,-14.621,0.533,1.927,-13.368,2.094,17.573,24.758,25.894,22.715,23.782,9.04,15.535,20.552,27.87,26.564,-0.258,4.505,-7.06,10.163,23.798,17.388,23.735,25.269,23.511,24.867,23.763,-22.773,-14.435,-22.836,-12.66,2.335,-9.065,3.195,15.958,15.883,26.46,30.136,31.278,16.526,14.252,-18.417,-8.59,-19.331,20.078,26.927,20.295,18.35,26.993,18.398,27.612,23.136,25.704,27.028,4.276,13.022
"2021-01",-20.863,-18.713,4.006,4.219,-19.741,3.352,16.742,24.542,24.795,23.28,23.538,9.396,16.533,22.192,28.107,26.068,0.292,3.199,-13.129,8.924,22.395,15.447,22.329,24.654,23.83,25.253,23.044,-25.29,-19.598,-23.891,-18.747,-1.509,-13.981,1.386,14.43,12.951,26.539,30.646,31.74,17.772,16.154,-17.443,-5.985,-26.303,21.238,26.828,19.452,19.857,26.701,17.208,27.385,24.164,24.671,26.082,5.826,12.71
"2021-02",-16.022,-18.052,2.935,1.222,-13.745,2.563,17.088,25.72,24.699,23.622,23.527,9.874,16.724,22.59,28.219,25.766,-2.248,1.784,-5.403,9.541,25.367,18.339,24.609,24.976,23.737,24.907,25.337,-25.149,-16.585,-19.415,-10.213,4.299,-7.715,2.463,16.619,17.127,26.557,29.978,32.652,19.262,16.446,-20.986,-8.428,-24.513,21.875,26.691,18.913,20.632,26.599,16.849,27.263,24.345,23.978,26.146,6.45,13.278
"2021-03",-17.92,-15.057,8.758,6.877,-17.219,6.008,18.56,25.768,24.778,23.576,22.736,9.8,16.513,22.277,28.232,25.93,-0.827,6.38,-0.761,13.204,29.264,24.111,26.675,25.219,22.965,24.385,26.991,-16.312,-10.339,-7.642,-2.225,9.568,-1.938,7.76,22.223,21.959,26.834,29.009,28.959,18.455,15.731,-26.43,-12.108,-24.247,21.801,26.876,18.959,20.505,26.98,17.053,27.489,24.176,24.905,27.926,5.839,14.104
"2021-04",-15.042,-7.878,9.573,8.533,-5.39,7.894,20.613,26.961,25.548,23.435,22.528,6.983,15.006,19.802,27.673,25.736,4.34,10.776,10.389,15.55,30.301,28.366,28.6,25.776,21.937,23.704,28.228,-8.379,-3.841,-0.795,8.105,15.817,4.481,12.822,26.874,26.493,27.465,28.431,25.991,17.45,14.592,-30.072,-12.891,-15.653,20.874,27.212,19.846,19.511,27.43,17.467,28.044,23.444,26.32,29.848,4.65,15.128
"2021-05",-7.129,3.348,17.038,14.725,3.575,11.764,22.329,27.332,26.608,22.556,21.406,4.979,13.268,16.393,26.859,24.936,10.48,13.567,15.845,18.648,29.557,29.943,29.015,25.294,19.603,21.315,26.697,-1.704,1.329,6.327,12.669,21.875,9.992,16.935,30.58,30.369,28.04,27.127,20.563,14.419,14.034,-32.07,-15.979,-6.388,19.89,27.648,20.967,17.937,27.044,18.666,28.616,22.733,28.733,30.249,3.259,16.015
"2021-06",-1.237,8,22.002,19.67,9.677,13.948,24.993,27.329,27.747,22.37,20.463,4.387,12.354,15.555,26.951,23.677,11.859,15.48,17.088,21.954,29.075,33.228,28.435,24.043,18.344,19.791,26.502,6.937,8.755,14.581,18.413,27.444,14.524,20.158,35.28,30.355,27.282,24.384,16.394,12.341,12.531,-33.753,-19.023,-0.311,18.564,27.583,22.209,17.071,26.564,20.414,27.559,21.124,28.27,28.532,2.226,16.611
"2021-07",0.443,10.614,25.119,22.697,13.09,18.082,27.492,27.417,28.412,22.156,20.048,3.702,11.535,14.086,27.24,23.135,14.361,19.445,24.07,25.076,27.504,33.265,26.727,23.778,17.061,19.579,25.521,10.269,10.946,16.272,19.421,29.837,16.626,22.799,35.514,28.747,26.737,23.234,15.222,11.021,11.452,-35.328,-24.725,0.283,17.446,26.718,23.355,15.834,25.883,22.399,27.159,20.117,26.87,28.414,1.272,16.787
"2021-08",-1.038,8.044,25.124,22.77,8.871,18.108,27.424,27.208,28.847,22.175,21.617,4.307,11.296,13.557,28.203,24.413,13.264,19.275,21.301,25.58,26.273,32.193,25.666,23.81,17.957,19.172,24.963,8.796,10.158,15.717,20.606,29.264,15.254,22.592,34.601,27.099,26.711,24.877,17.407,10.929,11.362,-32.617,-23.211,-0.501,17.25,26.303,23.821,15.297,25.44,23.471,26.914,19.467,26.541,27.918,0.041,16.606
"2021-09",-5.239,5.244,18.414,17.932,5.052,16.19,25.967,26.761,28.626,21.821,22.942,4.972,11.426,14.264,29.269,25.711,11.301,16.285,19.217,22.92,26.11,31.017,27.11,24.727,19.291,21.462,25.548,3.776,7.966,6.907,14.535,23.859,10.289,20.046,32.469,26.556,27.018,26.424,21.23,12.046,11.299,-31.895,-22.027,-3.086,17.414,26.149,23.711,15.194,25.65,23.107,27.259,19.939,26.736,28.208,0.156,15.99
"2021-10",-9.961,-0.974,15.111,13.554,-2.009,10.131,24.209,26.63,28.269,22.107,26.543,4.557,12.27,17.462,30.189,27.716,7.698,11.355,8.182,17.122,26.858,27.209,26.646,25.443,20.873,23.088,25.6,-6.729,-2.84,-2.181,4.502,18.823,2.434,15.068,27.771,24.464,27.104,28.139,25.193,12.892,12.121,-30.175,-18.101,-8.83,17.779,26.133,23.127,15.77,26.081,22.004,27.083,20.232,26.807,27.795,1.011,14.92
"2021-11",-14.375,-9.899,4.206,5.49,-10.409,4.94,20.211,25.446,27.396,21.907,25.113,7.259,14.109,18.925,29.201,27.884,2.891,7.85,-1.097,13.061,25.851,21.668,25.543,25.285,21.868,23.572,24.788,-13.916,-8.809,-8.495,-1.236,11.364,-1.665,10.869,22.136,20.294,27.277,29.24,28.102,14.498,12.995,-23.174,-12.295,-15.045,18.847,26.372,21.973,16.722,26.699,19.953,27.433,21.087,27.24,27.625,2.667,13.939
"2021-12",-16.235,-16.254,0.866,2.94,-17.301,0.766,17.272,25.255,26.536,22.35,23.893,8.216,15.427,21.373,26.881,26.431,0.755,5.821,-5.71,10.683,22.9,17.242,24.229,25.087,23.557,24.305,23.36,-23.882,-18.906,-20.471,-11.195,5.222,-9.026,4.949,17.82,16.766,26.766,29.702,28.606,15.655,14.843,-19.443,-9.846,-20.272,19.807,26.262,20.429,18.309,27.031,18.602,27.401,22.267,26.697,26.559,4.324,12.923
"2022-01",-20.723,-20.049,2.429,2.113,-25.477,1.783,17.083,24.21,24.838,22.42,23.437,8.548,15.967,23.277,26.899,26.524,-0.532,5.799,0.209,10.671,22.997,17.183,23.708,24.871,24.263,24.567,23.476,-21.872,-17.947,-20.567,-8.972,3.103,-11.832,2.312,15.157,15.102,26.405,29.111,30.41,18.583,16.183,-17.611,-7.828,-24.802,21.067,26.103,19.188,19.972,26.813,17.362,27.394,23.784,25.672,26.636,5.8,12.908
"2022-02",-22.32,-25.325,1.035,-0.634,-15.852,1.477,16.801,24.499,25.005,23.447,22.886,9.276,16.445,22.211,26.979,25.444,-1.235,5.615,0.153,11.105,25.583,19.162,24.779,24.919,23.487,24.755,25.192,-21.776,-15.6,-12.039,-2.301,8.839,-4.907,5.065,17.701,18.046,26.214,28.748,28.218,18.685,16.964,-21.997,-10.078,-25.632,21.902,26.14,18.782,20.73,26.847,16.867,27.454,24.508,25.378,26.819,6.276,13.343
"2022-03",-20.365,-16.611,7.744,3.496,-13.963,4.3,18.751,25.261,24.981,23.729,22.959,8.973,15.906,21.328,27.27,25.308,1.407,7.071,2.753,11.817,29.327,23.43,27.028,24.892,23.218,24.341,27.207,-17.487,-9.829,-6.719,1.6,10.628,-1.178,8.927,20.996,22.155,26.569,28.522,27.763,18.721,16.703,-27.412,-13.463,-23.744,21.632,26.46,19.146,20.474,27.247,16.946,27.221,24.213,25.325,27.253,5.875,14.039
"2022-04",-14.272,-7.408,11.283,9.283,-5.996,7.224,20.281,26.376,25.739,22.736,21.633,7.62,14.612,18.908,26.316,24.809,4.115,10.23,9.34,14.631,29.322,26.92,27.736,25.19,22.456,23.806,26.983,-11.07,-4.02,-2.375,6.351,16.857,5.969,13.958,26.726,27.185,27.181,27.295,22.903,15.773,15.223,-30.897,-15.456,-17.228,20.674,26.617,19.741,19.6,27.356,17.327,28.044,23.915,27.201,29.529,4.638,14.88
"2022-05",-6.214,2.29,16.498,13.092,3.962,12.374,22.642,26.542,26.354,22.613,21.987,4.9,12.532,16.234,27.044,24.538,8.461,13.906,14.902,17.969,28.471,30.248,28.373,24.968,19.997,21.577,26.39,-1.542,1.357,7.004,12.691,21.499,9.699,16.502,31.155,29.576,27.737,26.33,20.178,14.069,13.567,-33.172,-19.215,-7.868,19.542,26.768,20.741,18.216,26.855,18.558,28.785,22.856,29.217,30.085,3.479,15.808
"2022-06",-1.156,7.067,21.732,18.709,10.363,14.799,25.297,26.462,27.562,21.581,20.781,4.071,11.403,14.37,26.993,23.093,13.693,15.938,19.168,21.764,28.465,32.525,27.663,23.475,18.092,19.5,25.87,7.891,9.22,13.044,16.512,26.572,14.941,19.61,34.374,29.605,27.688,24.634,15.393,11.67,12.101,-34.02,-20.047,-0.528,18.6,26.833,21.866,16.801,26.319,20.454,27.811,21.227,28.661,29.453,2.002,16.467
"2022-07",0.717,10.632,24.254,21.204,10.015,18.263,26.976,26.766,28.369,21.366,19.918,3.622,10.292,13.102,27.147,22.859,13.511,17.747,21.812,25.569,26.595,33.11,26.337,23.327,17.51,19.039,25.09,7.986,12.545,17.936,21.746,29.325,16.648,23.291,36.008,28.139,27.28,24.921,17.147,11.688,11.496,-35.787,-25.839,-0.392,17.671,26.204,23.054,15.944,25.942,22.191,27.266,20.173,27.205,28.555,0.894,16.644
"2022-08",-0.593,8.607,25.041,21.431,8.141,17.193,27.243,27.036,28.683,21.659,22.129,4.621,11.117,13.825,28.93,23.638,13.518,17.277,21.315,24.567,26.414,32.311,25.995,23.593,17.515,19.057,25.418,5.799,10.524,14.885,19.431,30.271,16.732,23.933,35,27.783,27.285,25.484,17.534,10.962,11.386,-37.637,-29.625,-0.907,17.348,26.077,23.794,15.565,25.88,23.063,27.029,19.926,26.642,28.849,0.077,16.37
"2022-09",-4.037,3.792,20.909,18.111,4.587,13.837,26.117,26.767,28.682,22.027,25.416,4.565,11.572,15.487,29.8,25.626,9.557,15.751,15.698,22.158,26.838,30.763,26.989,24.479,19.244,20.745,25.555,2.361,7.145,8.426,14.291,25.216,11.996,21.107,32.383,26.544,27.12,26.715,21.197,11.884,11.942,-36.616,-25.983,-2.965,17.174,25.508,23.659,15.467,25.963,22.824,27.139,19.924,26.254,28.346,0.043,15.733
"2022-10",-9.727,-1.559,14.691,12.5,-4.365,9.767,23.254,25.856,28.302,21.347,25.392,5.847,11.828,16.48,28.882,27.734,7.246,11.499,9.269,17.838,26.523,27.611,26.191,24.774,22.112,22.379,25.147,-4.434,0.169,0.279,5.906,16.098,4.493,15.687,26.212,23.781,27.086,28.13,24.073,13.197,12.898,-32.712,-21.388,-9.569,17.756,25.365,22.819,15.64,26.305,21.532,26.916,20.4,26.054,27.904,0.727,14.701
"2022-11",-12.366,-10.186,4.756,6.243,-8.328,4.077,20.076,25.381,27.319,21.578,24.687,7.831,13.463,18.254,28.14,26.203,3.978,7.484,2.357,13.725,25.742,21.82,24.995,24.776,22.416,23.785,24.949,-14.574,-8.616,-10.161,-1.779,9.115,-3.505,9.335,20.905,20.309,26.768,29.281,26.049,14.189,14.283,-24.942,-14.048,-16.508,18.594,25.545,21.726,16.749,27.062,19.912,26.466,21.216,26.241,26.771,2.32,13.599
"2022-12",-15.696,-13.493,2.411,2.047,-17.149,3.406,17.912,24.456,25.511,21.776,23.665,8.479,15.711,20.718,26.795,26.058,0.355,4.194,-7.603,10.886,23.789,17.835,24.741,25.348,23.172,24.32,23.95,-20.283,-13.051,-20.77,-13.973,3.944,-8.017,4.127,18.217,17.148,26.463,29.279,27.674,15.679,14.768,-17.928,-8.159,-20.704,19.995,25.603,20.308,18.057,27.216,17.866,27.059,22.882,26.338,26.453,3.812,12.933
"2023-01",-20.177,-21.413,0.447,-0.212,-17.056,-1.944,16.281,24.593,25.232,22.531,23.022,9.659,17.191,22.528,26.417,25.485,1.337,4.117,-7.394,9.191,23.294,16.112,23.513,24.829,23.392,24.2,23.076,-24.996,-19.046,-21.1,-12.168,2.634,-11.295,2.008,15.908,15.031,26.441,29.021,30.157,17.778,15.753,-17.727,-6.953,-24.971,21.134,25.951,19.327,19.6,26.74,17.093,27.579,23.903,25.661,26.33,5.499,12.705
"2023-02",-17.069,-18.646,7.456,0.773,-23.541,4.292,18.654,24.446,24.597,23.308,22.999,8.28,17.02,23.011,27.441,25.766,-3.099,0.993,-9.517,9.55,26.234,19.278,24.581,25.322,24.013,24.381,25.781,-25.502,-12.347,-18.702,-14.521,4.159,-6.941,5.149,16.587,17.244,26.505,29.039,29.219,18.263,16.336,-20.905,-8.891,-26.224,21.738,26.256,18.553,20.46,26.86,16.774,27.304,24.203,24.879,26.371,6.102,13.067
"2023-03",-18.612,-17.593,4.076,4.716,-17.706,2.308,17.272,25.011,24.699,23.845,22.988,8.016,16.021,21.517,27.487,25.754,-0.251,8.114,6.439,13.05,29.849,24.545,26.606,25.287,23.401,23.99,27.207,-22.514,-11.592,-14.818,-1.433,11.227,-1.385,8.974,21.547,22.229,26.998,28.691,27.496,17.897,17.049,-27.131,-13.151,-23.396,21.721,26.513,18.703,20.396,27.219,16.929,27.612,24.262,25.58,27.74,5.576,13.817
"2023-04",-15.038,-7.185,11.366,9.378,-4.925,5.675,19.424,26.948,25.82,24.382,22.615,7.937,15.396,19.509,27.825,25.527,4.608,9.138,6.573,13.829,29.463,27.31,28.371,25.867,22.217,23.041,27.053,-12.881,-6.59,-1.257,6.893,15.119,6.002,13.149,26.724,27.206,27.832,27.855,24.231,16.58,15.628,-30.71,-14.941,-19.174,20.988,27.124,19.526,19.307,27.293,17.384,28.482,23.746,26.926,30.001,4.326,14.866
"2023-05",-6.887,3.114,18.156,16.609,2.471,10.722,22.914,27.394,26.518,23.834,22.459,5.285,13.848,18.105,27.318,25.117,9.015,14.825,15.747,18.388,29.619,29.696,28.722,25.548,20.136,21.163,27.346,-2.765,0.45,6.038,11.367,20.534,9.449,16.358,31.449,29.787,27.771,26.388,21.115,14.454,14.097,-31.696,-16.149,-5.693,19.751,27.328,20.433,18.245,27.31,18.68,28.691,22.419,28.82,30.188,3.082,15.953
"2023-06",-1.003,6.585,21.457,18.481,9.063,15.494,25.523,26.84,27.672,23.36,20.112,2.823,11.835,13.875,27.345,24.107,11.549,17.37,20.391,22.579,28.694,32.628,28.328,24.145,18.264,19.459,26.482,6.325,6.672,13.072,16.875,26.378,13.133,20.03,34.858,30.605,27.532,25.268,16.374,11.457,12.099,-32.282,-18.184,-0.714,18.492,27.346,21.899,16.644,26.719,20.683,28.27,21.184,29.101,29.124,2.173,16.561
"2023-07",1.428,9.716,24.085,21.542,11.985,18.533,25.823,27.435,28.478,22.813,19.994,3.223,10.057,12.824,27.572,23.561,11.776,18.757,20.335,25.559,27.449,33.173,26.982,23.692,17.434,19.321,25.709,8.646,10.733,17.25,20.777,28.406,16.251,21.893,35.562,28.938,27.37,25.204,16.254,11.276,11.701,-34.755,-20.237,0.137,17.703,27.363,23.055,16.004,26.152,22.368,27.664,20.78,27.578,28.871,1.523,16.798
"2023-08",0.253,8.899,23.925,21.718,8.055,18.257,26.985,27.871,29.067,23.223,22.369,3.038,11.451,14.577,29.005,23.947,12.362,17.128,20.926,25.085,26.601,32.692,27.44,24.022,17.304,19.205,25.738,5.778,10.291,13.67,19.394,29.136,15.657,22.972,34.973,27.654,27.083,24.441,16.156,10.932,11.991,-32.862,-24.932,-0.395,17.278,26.751,23.655,15.312,25.369,23.302,27.401,20.454,26.75,28.904,0.434,16.562
"2023-09",-2.589,5.801,20.745,19.092,3.676,15.668,25.86,27.66,29.194,23.583,24.715,5.086,12.347,15.848,30.485,25.77,9.504,14.933,16.697,22.826,26.363,31.753,27.305,24.932,18.466,21.011,25.495,0.305,4.934,6.54,12.096,25.226,10.598,20.706,32.351,26.791,27.144,26.39,20.192,11.26,12.04,-36.522,-26.977,-3.373,17.227,26.474,23.453,15.327,25.241,23.225,27.32,20.498,26.63,28.704,0.342,15.823
"2023-10",-7.198,-2.454,13.335,13.617,-0.318,10.684,23.083,26.599,28.52,23.364,28.713,5.547,13.42,18.157,30.87,28.215,6.402,11.296,10.105,18.484,26.872,28.481,26.491,25.514,21.207,23.263,25.489,-8.157,-2.411,-1.313,6.051,17.477,3.839,15.96,27.663,24.068,27.068,28.385,24.361,12.496,12.34,-30.789,-20.902,-8.818,17.809,26.231,22.729,15.816,25.588,22.216,27.292,20.762,26.607,28.115,1.12,14.956
"2023-11",-11.881,-11.19,5.249,5.999,-11.378,4.586,19.206,25.846,27.786,22.965,24.952,7.462,14.494,19.924,29.183,27.335,2.453,5.765,-3.297,13.556,26.025,22.275,25.414,25.191,22.299,23.918,24.769,-15.782,-6.247,-9.962,-5.164,8.144,-2.897,9.584,21.785,20.046,26.91,29.138,28.688,14.746,13.341,-25.741,-14.341,-15.443,18.526,26.435,21.459,16.813,26.27,20.081,27.506,21.6,26.943,27.342,2.461,13.664
"2023-12",-17.14,-18.439,-1.199,1.947,-15.846,-0.639,16.972,25.595,26.739,23.118,24.194,8.343,15.536,21.446,28.123,27.196,-0.051,3.748,-7.123,10.113,23.597,17.951,24.686,25.53,23.422,24.518,24.307,-22.926,-14.553,-18.691,-11.441,4.774,-7.184,6.221,16.458,16.033,26.574,29.92,29.623,16.545,15.39,-19.812,-10.505,-19.319,19.722,26.594,20.28,18.419,26.915,18.593,27.554,22.654,25.876,26.428,4.226,12.994
"2024-01",-16.873,-23.487,1.365,-0.896,-18.516,-0.149,15.752,24.407,25.488,22.805,23.769,9.58,16.858,23.062,27.429,26.545,-1.224,0.626,-11.159,7.208,24.322,17.039,24.502,25.267,24.398,25.099,24.358,-22.827,-15.846,-21.942,-13.188,2.676,-9.957,2.888,16.426,14.954,26.591,29.538,30.861,18.361,17.178,-18.538,-7.325,-21.009,20.821,26.444,19.16,19.885,27.19,17.16,27.556,23.665,25.263,25.923,5.427,12.812
"2024-02",-17.243,-17.632,5.466,3.503,-19.148,-0.154,16.28,25.447,25.269,23.243,22.891,9.205,17.001,22.72,27.37,25.546,-3.132,-0.269,-10.343,8.192,25.928,19.336,25.157,25.192,24.165,24.705,25.73,-24.012,-16.644,-19.345,-12.919,2.252,-10.495,2.353,17.003,15.691,26.93,29.021,29.448,19.4,17.446,-22.532,-9.679,-25.195,21.76,26.62,18.886,20.509,27.255,17.127,27.616,24.519,25.126,26.319,5.813,13.009
"2024-03",-20.181,-17.585,8.999,5.571,-13.848,1.777,17.947,26.121,25.384,23.969,23.135,8.92,16.673,21.302,28.233,25.755,2.465,7.389,-0.108,12.279,29.464,23.824,27.541,25.611,23.626,24.634,27.6,-15.872,-11.414,-7.659,-1.419,10.287,0.242,8.251,22.723,23.613,27.036,28.623,27.16,18.005,17.047,-26.33,-11.429,-23.993,21.563,27.08,19.052,20.191,27.62,17.187,27.482,24.472,25.715,28.015,5.494,14.158
"2024-04",-13.71,-5.964,14.684,10.604,-6.946,7.699,20.009,26.423,25.598,23.742,22.869,7.309,14.914,18.804,27.603,26.012,5.974,11.411,12.041,14.754,30.383,27.374,29.201,26.217,22.032,23.286,27.925,-10.655,-5.672,-1.253,7.418,15.595,6.566,13.358,26.644,28.102,27.469,27.677,24.593,16.1,16.041,-31.836,-15.098,-17.021,20.861,27.101,19.728,19.259,27.92,17.609,28.291,24.156,27.728,29.594,4.341,15.105
"2024-05",-6.456,0.817,17.13,15.268,3.816,10.737,22.983,27.222,26.479,22.747,21.996,4.554,12.784,16.41,26.906,24.812,9.931,15.124,14.916,17.423,29.917,30.704,29.698,25.882,19.597,21.195,27.711,-1.677,1.566,7.173,11.392,23.28,10.111,17.095,31.635,30.644,28.096,26.958,20.691,14.12,14.602,-33.299,-16.664,-6.119,19.558,27.529,20.93,18.206,27.639,18.857,29.052,23.324,29.705,30.266,3.261,16.071
"2024-06",-2.441,6.769,21.634,20.659,11.016,15.338,25.349,26.961,27.594,21.787,20.432,4.008,11.45,14.519,26.909,24.261,11.978,16.899,21.391,22.073,29.102,31.983,28.913,24.432,17.789,19.498,26.651,6.371,9.642,12.294,18.798,26.89,13.599,19.667,34.457,29.768,27.828,25.543,16.924,12.131,13.397,-33.152,-19.744,-0.544,18.543,27.079,22.125,16.806,26.949,20.541,28.329,22.006,28.708,28.992,1.914,16.625
"2024-07",0.096,9.435,26.361,23.169,10.253,17.233,26.425,26.968,28.34,21.054,19.71,3.968,11.207,14.171,26.634,23.178,15.102,18.265,22.633,24.428,27.576,33.333,26.857,23.885,17.399,18.674,25.582,7.365,10.887,15.074,17.974,29.447,16.724,23.137,35.407,27.649,27.225,24.31,15.125,10.891,12,-34.357,-21.136,0.256,17.626,26.433,22.917,15.559,26.117,22.552,27.414,20.816,27.118,28.601,1.088,16.663
"2024-08",0.234,7.727,25.692,21.95,8.453,18.215,27.176,27.19,29.134,21.578,21.755,4.493,11.347,14.543,28.479,24.223,12.442,18.416,21.445,25.289,25.822,32.273,25.792,24.29,17.489,19.528,24.609,6.118,11.905,14.204,18.494,30.829,15.953,23.052,35.752,27.923,27.217,25.318,16.661,10.337,11.92,-36.208,-28.191,-0.943,17.285,25.843,23.565,15.29,25.393,23.487,27.237,20.566,26.595,28.373,0.689,16.442
"2024-09",-2.781,5.088,21.376,18.418,3.524,16.221,25.896,26.595,29.005,21.338,25.056,4.768,11.338,15.76,29.324,25.608,8.193,16.291,13.549,23.425,26.05,30.924,26.641,24.905,19.917,21.426,24.967,-0.766,6.335,7.55,11.419,24.591,11.749,21.453,32.308,26.669,27.351,26.064,20.289,11.551,12.269,-35.26,-24.37,-4.243,17.196,25.099,23.422,15.043,25.449,23.155,27.322,20.44,26.825,28.397,0.151,15.703
"2024-10",-8.144,-1.157,16.561,14.176,-5.161,11.551,24.415,26.298,28.572,21.734,25.174,6.774,13.259,17.474,29.136,27.137,5.415,11.237,7.848,18.555,26.362,27.424,26.132,25.063,21.289,23.168,24.9,-6.366,-1.077,-1.109,4.482,16.76,4.132,16.191,26.627,24.403,27.353,28.646,24.943,12.954,12.7,-32.075,-21.597,-10.883,17.594,25.007,22.821,15.623,25.879,21.732,27.378,20.728,27.261,28.166,1.012,14.735
"2024-11",-13.559,-8.597,7.385,8.076,-10.281,5.622,19.732,24.798,27.137,21.534,25.083,7.463,14.266,19.97,27.327,27.2,3.305,6.879,0.771,13.88,25.441,22.737,24.788,25.066,22.663,24.166,24.409,-16.672,-10.027,-13.231,-7.723,8.69,-6.382,9.89,20.703,18.619,27.106,28.944,25.411,13.632,13.41,-24.129,-13.258,-18.019,18.607,24.754,21.425,17.085,26.323,20.141,26.881,21.78,26.237,27.088,2.457,13.486
"2024-12",-15.866,-17.527,2.784,3.106,-22.359,3.792,17.747,23.545,25.523,21.901,23.571,8.056,14.992,20.973,25.879,25.928,1.406,6.233,-1.21,10.923,23.64,17.609,23.577,25.021,23.004,24.407,23.367,-23.661,-13.566,-22.513,-9.269,4.4,-9.041,3.276,16.991,16.794,26.72,29.103,29.057,16.84,15.072,-19.071,-8.337,-22.081,19.651,25.081,19.829,18.704,26.715,18.485,26.831,22.982,25.522,26.576,4.187,12.709
"2025-01",-18.37,-22.191,2.235,0.664,-23.296,4.543,17.305,23.434,24.57,22.231,22.231,10.593,16.089,22.296,25.702,25.027,-2.762,1.719,-6.732,9.415,23.595,17.082,23.34,24.643,23.521,24.582,23.499,-24.295,-14.233,-21.644,-12.353,3.555,-10.153,2.045,16.023,14.516,26.23,28.462,28.938,19.088,16.254,-19.369,-7.683,-25.032,20.759,25.171,18.886,19.995,26.659,17.3,26.802,23.964,24.949,25.676,5.533,12.48
"2025-02",-15.623,-20.529,3.612,1.984,-17.665,2.617,17.579,24.372,24.689,23.16,22.188,9.216,16.537,21.637,26.065,24.837,-3.425,2.781,-8.526,10.118,26.449,19.439,24.507,24.833,23.845,24.804,25.076,-26.928,-14.525,-18.663,-11.95,4.807,-6.121,4.409,16.951,16.83,26.519,28.112,28.137,19.323,17.481,-21.415,-8.926,-21.242,21.422,25.474,18.742,20.613,26.934,16.957,27.255,24.855,24.652,26.257,6.092,13.041
"2025-03",-17.562,-15.684,9.492,6.659,-18.142,4.209,19.059,25.161,24.832,23.091,22.186,8.106,15.86,20.883,26.612,24.961,1.918,7.661,0.347,12.522,28.506,22.465,26.313,24.517,22.479,23.934,26.044,-21.705,-10.86,-12.428,-7.9,10.49,-2.5,7.827,22.343,21.191,27.135,28.366,27.511,18.148,17.434,-24.577,-11.185,-23.126,21.347,25.977,18.87,20.629,26.683,17.104,26.983,24.404,25.008,27.305,5.367,13.735
"2025-04",-11.841,-8.586,14.22,10.993,-7.888,8.73,20.716,26.056,25.404,23.184,21.365,7.485,15.959,19.168,25.836,24.441,5.569,8.809,7.981,13.98,29.095,26.917,28.144,25.255,22.562,22.921,27.056,-12.268,-5.875,-4.694,4.602,18.785,5.343,12.346,28.031,27.242,27.195,27.413,23.737,15.59,15.796,-29.457,-15.105,-15.068,20.69,26.368,19.536,19.636,27.283,17.701,27.41,23.859,26.401,29.353,4.57,14.824
"2025-05",-5.538,0.035,18.388,15.853,1.445,11.606,22.436,26.791,26.3,23.321,21.163,4.609,13.581,17.013,25.83,23.643,9.766,13.823,15.142,17.519,27.943,29.777,28.017,24.557,19.798,20.509,25.66,-1.765,0.992,5.545,12.115,22.566,9.662,15.738,31.451,30.193,27.447,25.647,19.475,13.734,14.143,-31.541,-15.198,-4.306,19.631,26.599,20.681,18.374,26.868,18.854,28.151,22.761,28.482,30.021,3.174,15.733
"2025-06",-1.336,6.385,20.853,18.359,9.279,17.295,24.529,26.221,27.35,21.631,19.731,4.498,10.86,14.102,25.904,22.782,12.442,17.299,17.836,22.676,27.738,32.263,27.688,23.663,18.558,19.811,25.596,7.33,7.639,13.807,16.597,27.053,14.052,20.245,34.797,29.377,27.497,24.93,17.533,12.576,12.78,-31.959,-19.978,-0.951,18.567,26.415,21.838,16.796,26.839,20.374,27.633,21.397,27.916,28.967,2.243,16.444
"2025-07",1.105,9.458,25.019,22.14,11.353,18.342,25.631,26.41,28.074,20.756,18.673,4.491,11.306,14.125,25.648,21.998,13.619,17.947,21.768,25.015,26.145,32.331,26.027,23.638,17.276,19.105,25.013,9.128,11.939,18.497,20.55,30.875,16.94,23.398,36.027,27.947,27.305,24.242,16.808,11.472,12.539,-34.497,-22.766,0.612,17.57,25.891,22.833,16.059,26.158,22.09,27.116,20.548,26.808,28.533,1.51,16.693
"2025-08",-0.498,9.812,24.223,22.323,9.392,19.538,26.485,26.702,28.526,21.904,22.156,4.066,11.283,14.624,28.165,23.107,13.323,18.608,22.336,25.685,25.545,32.155,25.631,23.495,18.274,19.168,24.841,5.875,10.969,13.303,18.376,28.748,15.196,23.283,34.669,27.493,27.322,25.298,16.756,10.498,11.718,-36.122,-24.259,-0.305,17.182,25.46,23.644,15.389,25.802,22.953,26.737,19.965,26.349,28.054,0.825,16.414
"2025-09",-5.182,4.705,20.274,18.821,4.093,16.523,25.61,26.528,28.658,22.117,24.604,5.393,12.14,15.604,29.249,24.912,11.601,16.582,17.634,22.091,26.288,29.913,26.403,24.264,19.965,20.268,25.099,0.434,5.389,6.205,12.177,24.923,10.555,21.441,30.929,26.262,27.166,26.698,21.083,11.797,12.306,-35.183,-21.768,-4.5,17.161,25.2,23.396,15.12,25.923,23.179,26.711,20.278,26.138,27.954,0.714,15.693
"2025-10",-9.994,-1.705,14.466,14.543,-4.507,10.022,22.768,25.809,28.207,21.68,24.871,6.012,13.243,17.649,28.496,26.476,9.359,12.848,9.55,18.417,26.65,26.745,26.046,24.825,22.001,22.224,25.093,-8.567,-2.713,-2.701,4.04,15.774,3.09,15.9,26.316,23.813,27.126,28.031,22.39,12.39,12.477,-30.212,-17.827,-11.407,17.648,25.349,22.612,15.943,26.512,21.94,26.962,20.562,26.215,27.781,1.189,14.659
"2025-11",-12.903,-7.843,6.695,9.374,-9.444,5.382,19.075,25.102,26.65,22.001,24.512,6.359,14.323,19.493,26.853,26.459,4.872,8.351,2.039,13.703,26.261,22.395,25.124,25.294,22.354,23.451,25.065,-16.338,-12.245,-9.689,-1.637,8.391,-2.847,9.771,21.829,19.988,26.744,28.595,25.812,14.508,13.449,-24.132,-11.299,-17.261,18.551,25.548,21.478,16.891,26.994,19.94,26.767,21.485,26.497,26.946,2.637,13.711
"2025-12",-18.307,-16.459,2.27,2.388,-19.039,0.748,16.667,24.516,25.322,22.256,23.673,7.756,15.315,21.336,25.961,26.401,-0.429,3.532,-1.14,10.135,24.653,18.107,24.639,25.599,23.452,23.748,24.354,-23.421,-16.121,-15.892,-5.512,6.295,-6.852,6.018,17.919,16.951,26.004,28.398,27.447,16.424,15.548,-19.069,-8.14,-23.805,19.84,25.825,19.966,18.471,27.245,18.352,26.911,22.765,25.796,26.427,4.159,12.94
"2026-01",-18.606,-17.557,-0.451,0.685,-22.241,1.707,16.004,24.471,25.051,23.111,23.573,8.72,16.945,22.662,26.469,25.635,-2.689,0.209,-9.097,7.909,23.747,17.18,23.741,25.122,23.629,24.332,23.764,-23.948,-14.405,-19.977,-9.277,5.216,-9.994,3.487,16.313,14.878,26.378,28.995,28.721,18.146,17.431,-17.697,-6.632,-24.967,21.031,26.235,18.867,19.573,27.102,17.439,27.094,23.699,25.094,25.472,5.676,12.816
"2026-02",-19.673,-20.005,3.938,-0.512,-13.822,4.921,16.142,24.171,23.88,23.693,23.117,9.343,16.883,22.864,27.179,25.422,-1.494,4.057,-1.226,9.743,26.524,19.698,25.267,25.264,23.683,25.073,25.41,-20.881,-15.511,-17.115,-8.086,7.284,-8.131,4.299,18.78,17.016,26.177,28.087,28.461,19.907,16.556,-19.627,-9.284,-24.302,21.719,26.499,18.486,20.571,26.917,16.611,27.098,24.297,24.833,25.855,6.093,13.386
"2026-03",-15.982,-14.39,7.855,6.286,-15.96,2.579,18.209,25.583,24.647,24.088,22.902,7.922,16.501,21.521,27.404,25.326,-2.558,3.451,-2.327,12.117,29.833,24.751,27.129,25.148,23.165,24.205,27.089,-21.824,-11.688,-13.107,-4.617,10.501,-1.259,7.98,22.414,22.144,27.079,28.361,26.481,18.048,16.668,-23.655,-12.384,-22.907,21.684,26.805,18.911,20.431,27.114,16.914,27.542,24.621,25.698,27.768,5.41,13.966
"2026-04",-15.158,-8.225,12.079,9.156,-4.777,8.263,19.163,26.125,24.892,23.973,22.505,7.633,15.366,19.205,26.952,25.036,5.655,11.072,10.559,14.663,29.358,28.529,27.632,25.747,21.917,23.199,27.479,-10.684,-5.384,-0.654,7.55,17.304,6.199,13.795,28.093,28.374,27.45,27.54,22.574,16.048,15.388,-29.554,-14.939,-17.512,21.043,27.22,19.761,19.439,27.3,17.333,28.268,24.054,27.559,29.781,4.661,15.14
"2026-05",-6.244,-0.165,16.55,15.207,4.781,11.575,22.516,27.142,26.244,23.987,22.014,6.178,13.454,17.054,27.14,24.544,8.057,12.528,14.851,17.16,29.313,30.063,28.51,25.189,19.86,21.349,27.104,-1.824,0.731,6.488,13.107,21.879,9.468,15.629,30.711,30.184,27.594,25.494,18.692,13.932,14.35,-33.224,-16.959,-5.231,19.826,27.411,20.911,18.281,27.425,18.527,28.517,22.786,29.039,30.37,3.349,15.858
"2026-06",-2.141,5.86,21.106,18.923,9.003,14.35,24.827,27.794,27.555,23.226,21.003,3.519,12.201,15.333,27.359,23.475,12.267,17.142,16.765,21.486,28.783,32.637,28.252,24.464,18.173,19.325,26.531,6.898,8.565,13.236,18.454,26.274,14.172,19.132,35.049,30.783,27.636,24.437,17.054,12.97,12.7,-32.169,-17.831,-0.518,18.455,27.694,22.268,16.869,26.834,20.427,28.076,21.488,29.043,29.683,1.987,16.627
"2026-07",0.153,8.756,24.412,21.543,10.961,18.142,27.228,27.615,28.222,23.104,20.53,4.516,11.683,14.475,27.713,23.386,12.321,18.777,19.668,24.27,28.42,32.903,27.508,23.705,17.494,19.135,26.03,9.505,12.364,16.582,19.274,28.47,16.587,21.959,35.357,28.665,27.209,23.732,13.994,11.157,11.644,-34.527,-20.259,0.186,17.537,27.35,23.333,16.316,26.443,22.377,27.426,20.626,27.084,28.539,1.662,16.834
"2026-08",-1.059,7.995,23.108,22.584,9.567,18.91,27.568,27.488,28.735,23.177,22.7,4.218,10.551,13.744,29.64,24.723,12.591,19.725,17.558,25.412,27.367,32.469,26.966,24.454,17.498,19.76,26.078,6.212,11.201,14.591,19.251,27.878,15.881,22.165,35.292,28.039,26.992,24.746,16.449,10.953,11.535,-37.194,-25.868,-0.425,17.181,27.058,23.932,15.7,26.097,23.681,27.341,20.09,26.837,28.057,0.961,16.593
"2026-09",-3.541,4.195,19.644,18.928,3.97,16.267,26.586,27.31,28.611,23.03,26.372,4.771,11.735,15.198,31.113,26.895,11.167,16.222,16.484,22.579,27.272,31.454,27.943,25.409,19.932,21.381,26.434,1.629,6.301,6.392,12.302,23.411,10.444,19.9,31.809,27.315,27.163,25.543,19.415,12.153,11.917,-34.527,-24.181,-2.998,17.337,26.806,23.841,15.497,25.999,23.47,27.632,20.341,27.135,29.176,0.632,16.045
"2026-10",-8.489,-1.615,13.746,14.006,-3.825,10.33,23.899,26.813,28.566,22.335,25.456,6.001,12.763,17.096,29.095,27.527,7.888,13.775,8.774,18.787,27.378,28.061,27.434,26.087,21.299,23.337,26.12,-6.885,-0.45,-3.202,3.666,16.588,4.041,15.575,27.124,24.32,27.031,27.604,24.258,13.245,12.283,-32.354,-18.241,-6.813,17.736,26.472,23.067,16.051,26.35,21.87,27.633,20.808,26.512,28.634,1.387,14.97
"2026-11",-11.492,-8.033,6.498,7.029,-11.672,5.255,20.068,25.687,27.547,22.5,25.61,6.671,13.416,18.8,28.461,27.738,1.89,5.945,1.933,13.655,26.666,22.926,25.957,25.541,22.094,24.413,25.102,-15.904,-10.423,-12.048,-3.017,10.135,-2.824,9.162,21.484,20.902,27.171,28.713,25.949,15.137,13.756,-24.713,-13.727,-15.66,18.632,26.759,21.772,17.069,26.644,20.09,27.447,21.667,27.104,27.776,2.796,13.88
"2026-12",-12.929,-14.998,0.236,-0.447,-10.079,2.884,17.716,25.521,26.298,22.495,24.254,8.12,15.335,21.806,26.594,26.151,-1.126,2.486,-6.057,8.793,24.315,18.081,25.289,25.744,23.196,25.249,24.554,-20.083,-13.262,-20.853,-9.333,4.977,-7.143,3.393,17.401,17.281,26.34,28.958,28.518,17.498,15.464,-19.242,-8.311,-16.352,19.778,26.574,20.59,18.736,27.179,18.359,27.493,23.01,26.429,26.609,4.196,13.223
"2027-01",-17.315,-18.469,3.001,1.43,-22.622,3.604,17.568,24.717,25.207,22.945,23.579,9.233,16.378,22.771,26.749,25.756,-2,3.485,-6.327,9.088,23.895,17.172,24.445,25.157,23.555,24.749,24.109,-24.697,-13.46,-21.886,-12.804,2.257,-10.826,2.458,15.263,15.019,26.498,29.153,30.375,19.094,17.319,-17.2,-7.502,-23.437,21.109,26.828,19.233,20.102,27.08,17.558,27.545,24.025,25.298,26.147,5.609,12.961
"2027-02",-20.31,-20.652,1.744,-1.585,-18.623,3.682,17.487,24.96,24.994,23.451,23.416,8.848,16.662,22.798,27.243,25.627,0.967,5.831,-3.84,10.863,26.195,19.777,25.851,25.396,23.455,25.103,25.539,-22.823,-14.032,-18.572,-9.432,5.593,-7.425,4.493,17.984,17.389,26.516,29.511,29.562,19.501,18.572,-20.379,-8.047,-22.875,21.728,26.759,18.858,20.711,27.105,16.659,27.474,24.547,25.101,25.852,6.077,13.363
"2027-03",-16.232,-12.891,8.547,4.792,-10.309,5.753,17.575,25.791,24.808,23.596,22.792,8.131,16.466,21.639,27.829,25.745,-0.74,6.468,3.007,12.799,29.72,23.84,27.771,25.676,22.598,24.368,27.516,-21.427,-13.172,-11.904,-2.322,11.041,-2.57,8.058,22.367,22.228,26.914,28.715,26.783,18.76,17.985,-25.348,-12.553,-24.16,21.507,26.893,19.098,20.6,27.505,16.768,27.421,24.888,25.44,27.969,5.569,14.132
"2027-04",-13.66,-7.684,12.374,10.064,-0.619,8.185,19.689,27.112,26.067,23.984,22.851,6.723,15.701,20.624,27.646,25.321,5.154,9.622,10.205,13.753,30.468,26.858,29.285,26.271,22.251,23.732,28.12,-9.819,-5.757,-1.576,8.533,16.642,6.844,12.745,27.281,27.838,27.664,27.126,23.004,15.969,15.894,-29.064,-15.178,-14.581,20.63,27.48,19.852,19.78,27.868,17.752,28.201,24.397,27.088,29.768,4.59,15.318
"2027-05",-6.644,1.382,17.679,14.911,5.482,12.764,22.755,27.218,26.775,23.636,22.571,3.864,13.579,17.375,27.564,25.031,9.431,14.438,15.004,18.677,29.402,29.944,29.538,26.222,20.499,21.961,26.935,-1.333,1.769,5.697,12.439,19.741,9.363,16.523,30.938,30.753,27.825,26.628,20.672,15.043,14.145,-30.728,-16.901,-4.433,19.464,27.509,20.946,18.359,27.369,19.061,28.941,23.46,29.256,30.809,3.341,16.18
"2027-06",-1.272,6.1,22.28,19.672,9.112,13.935,25.228,26.786,27.79,22.315,21.157,3.316,11.289,14.027,27.345,24.172,11.485,15.975,22.774,21.456,29.379,33.039,29.085,25.486,18.018,20.423,26.72,7.268,9.84,11.924,19.159,27.626,13.26,19.776,35.456,30.81,27.669,25.468,17.143,12.704,13.174,-34.815,-20.912,-0.399,18.466,27.893,22.162,17.121,26.929,20.717,28.531,22.29,29.642,29.594,2.551,16.744
"2027-07",1.636,11.219,24.562,21.775,10.24,16.994,27.074,27.432,28.534,22.784,22.05,4.071,11.585,15.532,28.397,23.567,13.633,17.972,23.544,24.651,28.311,32.888,26.835,24.448,18.025,19.351,25.953,10.628,14.472,16.082,21.755,30.881,15.784,22.58,35.959,28.83,27.251,23.192,13.701,11.095,11.647,-34.544,-19.044,0.655,17.671,27.54,23.507,16.082,25.972,22.535,27.826,20.947,27.819,28.556,1.446,17.037
"2027-08",0.649,9.408,25.354,22.433,8.172,17.695,27.241,27.625,29.036,23.233,24.283,3.443,10.837,14.007,30.069,24.904,12.146,17.67,22.038,25.248,27.307,32.968,27.341,24.902,18.881,19.733,26.406,8.15,12.91,15.097,20.131,29.791,15.664,22.513,35.782,28.265,26.933,24.289,16.37,10.513,11.489,-35.352,-26.304,-0.278,17.294,27.057,24.046,15.579,25.788,23.599,27.578,20.336,27.036,28.039,0.634,16.803
"2027-09",-3.076,5.625,22.132,18.72,4.441,15.803,26.16,27.702,29.05,23.411,26.594,4.395,12.012,15.652,31.43,26.417,10.332,15.192,14.015,21.876,27.122,31.962,27.623,25.498,19.656,21.195,26.078,2.631,7.435,8.733,12.19,24.748,10.808,19.713,32.751,27.071,26.928,25.822,20.317,11.57,11.771,-34.784,-19.638,-2.789,17.237,26.519,23.776,15.664,26.006,23.466,27.546,20.277,26.659,28.193,0.953,16.155
"2027-10",-8.876,-0.66,12.095,12.967,-3.227,10.531,23.817,27.06,28.969,22.717,26.745,6.295,12.842,17.216,30.488,27.678,6.997,13.591,9.419,18.746,27.121,27.901,27.328,25.832,21.309,22.676,25.806,-6.012,1.031,-0.29,6.652,17.729,4.767,15.64,27.667,24.818,27.202,27.94,24.563,13.138,12.975,-32.236,-18.476,-7.531,17.626,26.446,22.98,15.93,26.486,22.221,27.696,20.67,27.052,28.009,1.498,15.088
"2027-11",-13.014,-7.12,9.117,8.804,-11.64,4.997,21.153,25.983,28.043,22.194,25.724,6.934,13.993,19.127,28.683,28.522,1.695,8.003,2.087,14.297,25.75,22.133,25.815,25.28,22.655,24.158,24.653,-17.131,-9.287,-8.38,0.314,12.305,-2.071,11.318,22.222,20.436,27.336,29.711,27.652,14.733,13.837,-24.893,-12.674,-15.605,18.691,26.462,21.783,17.124,27.086,20.279,27.928,21.742,27.602,27.549,2.731,14.114
"2027-12",-14.426,-15.402,-0.556,3.74,-19.061,-2.635,17.414,26.004,26.992,22.555,24.565,8.687,16.034,21.298,27.444,26.993,-1.574,5.058,-4.474,11.984,22.928,18.244,24.578,25.188,23.346,24.534,23.781,-21.729,-13.465,-18.165,-7.663,6.344,-6.565,6.458,17.488,17.134,26.88,29.347,29.432,16.463,15.375,-19.871,-8.862,-20.666,19.898,26.596,20.639,18.822,27.221,18.818,27.571,22.854,26.552,26.389,4.209,13.191
"2028-01",-18.429,-19.736,-0.731,-1.62,-16.894,0.683,16.253,24.765,25.482,23.379,24.269,10.293,18.057,23.321,27.704,26.342,-3.556,2.649,-8.234,11.163,23.662,18.615,24.601,25.19,23.849,24.724,24.658,-22.466,-15.955,-21.461,-11.212,4.201,-9.337,2.754,16.128,15.904,26.378,29.567,29.974,17.291,16.389,-18.789,-6.685,-23.05,21.015,26.92,19.437,20.098,27.056,17.376,27.633,23.87,25.715,26.17,5.582,13.036
"2028-02",-17.062,-18.632,2.12,1.668,-18.588,1.235,16.932,25.278,25.498,23.996,23.326,9.485,17.283,22.723,27.985,25.982,-2.306,1.362,-5.123,10.28,25.925,19.86,24.676,25.293,23.526,24.428,25.754,-22.647,-12.8,-18.255,-8.023,5.589,-7.485,3.878,16.891,17.524,26.929,29.638,30.868,18.427,17.348,-20.636,-8.9,-23.444,21.808,27.097,19.021,20.834,27.01,16.987,27.988,24.717,25.169,26.332,5.979,13.442
"2028-03",-18.709,-13.334,9.14,7.335,-17.765,3.256,18.105,25.745,25.245,24.047,23.382,8.971,16.986,21.885,28.283,25.966,1.973,7.21,-0.648,12.605,29.009,23.206,27.325,25.564,23.761,24.587,27.676,-17.841,-9.251,-10.643,-5.363,6.747,-3.1,8.787,21.248,22.178,27.33,28.399,27.88,17.851,16.929,-24.897,-11.865,-20.492,21.841,27.077,19.119,20.869,27.344,17.282,27.874,24.342,25.699,28.193,5.572,14.239
"2028-04",-12.929,-6.308,9.958,8.551,-3.413,8.206,19.585,26.961,25.912,24.182,23.019,7.535,15.595,19.943,28.835,26.178,5.04,11.811,9.658,15.942,30.475,28.088,29.071,25.922,22.79,23.577,28.178,-11.722,-4.776,-0.635,7.661,16.349,5.473,12.68,26.984,27.362,27.653,28.358,25.065,16.552,15.541,-29.419,-15.403,-14.377,21.079,27.45,19.738,19.94,27.869,17.877,28.19,23.906,26.676,29.716,4.489,15.344
"2028-05",-5.432,1.301,16.555,13.91,4.988,11.604,23.002,27.489,26.941,23.801,21.236,5.695,14.012,16.388,27.608,24.861,8.486,12.893,13.285,17.271,29.463,31.174,29.443,25.447,20.422,21.163,27.127,-0.133,2.414,7.676,14.027,22.02,10.95,15.75,31.169,30.302,28.091,26.595,20.034,13.884,14.23,-32.399,-15.572,-5.556,19.797,28.067,20.961,18.29,27.568,18.929,28.681,23.123,28.483,30.639,3.577,16.167
"2028-06",-0.215,6.469,23.109,18.573,11.565,14.886,25.757,27.566,28.022,22.909,20.798,3.58,12.049,14.872,27.892,24.294,12.804,16.518,19.481,21.276,29.818,33.758,29.527,24.515,18.581,20.451,27.358,7.373,10.049,13.639,19.655,27.519,15.336,19.566,34.535,31.424,27.836,24.755,17.442,12.276,12.557,-32.725,-20.997,-0.183,18.68,28.022,22.04,17.222,27.44,20.737,28.344,21.636,29.408,30.412,2.324,16.954
"2028-07",2.175,10.452,23.214,21.582,12.154,19.381,26.686,27.424,28.573,22.221,19.171,4.277,11.777,13.67,27.21,22.995,15.352,17.902,19.153,24.113,28.312,33.311,28.02,23.959,17.698,19.196,26.719,10.025,13.988,17.503,20.971,30.306,17.531,22.72,35.852,29.179,27.41,24.205,14.968,11.202,11.996,-33.862,-24.208,0.43,17.819,27.309,23.177,16.204,26.784,22.6,27.633,20.667,27.746,28.528,1.451,17.052
"2028-08",0.451,8.629,23.429,21.217,10.034,17.804,27.045,27.864,29.173,23.015,22.08,3.905,11.037,13.891,30.073,24.763,14.426,18.59,21.13,24.519,27.359,32.92,27.737,24.669,18.17,20.052,26.486,7.468,12.647,13.589,19.704,29.536,15.342,23.138,35.615,28.388,27.215,24.938,17.536,11.07,11.419,-34.544,-21.643,-0.259,17.363,26.923,24.051,15.683,26.326,23.555,27.56,20.246,27.05,28.204,1.106,16.879
"2028-09",-5.061,4.004,20.156,18.668,3.417,15.196,26.326,27.684,29.361,22.527,25.374,5.412,11.848,15.979,30.54,26.683,10.366,16.629,17.803,22.808,27.45,31.481,27.914,25.607,19.852,21.622,26.676,2.004,8.358,7.894,15.403,25.133,11.69,20.402,32.457,27.069,26.974,26.523,21.844,11.834,11.676,-33.276,-23.588,-4.302,17.353,26.466,23.826,15.679,26.411,23.266,27.55,20.02,26.79,28.253,1.123,16.219
"2028-10",-8.036,-1.454,13.808,13.221,-0.857,10.875,22.852,26.478,28.201,22.178,25.757,5.264,12.317,16.93,29.098,28.419,5.892,11.537,6.75,17.475,27.538,27.323,27.534,26.146,21.5,22.823,26.304,-7.161,-0.706,-0.597,5.952,18.332,5.77,16.504,27.571,25.29,27.172,28.071,25.148,13.379,12.326,-31.784,-18.855,-8.369,17.825,26.467,23.172,16.214,26.92,21.931,27.564,20.621,27.395,28.228,1.678,15.091
"2028-11",-13.671,-7.122,8.577,7.54,-7.054,6.718,19.415,25.425,26.977,22.234,24.842,7.64,14.072,19.178,27.97,27.702,3.608,9.147,2.997,14.569,26.255,21.691,26.097,26.063,22.768,24.178,25.23,-12.766,-8.438,-8.289,-1.296,10.299,-3.368,10.22,21.734,20.188,27.082,29.353,27.835,14.89,13.55,-24.555,-12.921,-16.144,18.651,26.399,21.899,17.321,27.634,20.092,27.804,21.729,27.573,27.969,2.829,14.197
"2028-12",-17.961,-15.385,2.656,2.772,-20.726,2.398,17.215,25.407,26.424,22.317,24.132,7.574,14.969,20.804,26.35,26.238,-1.584,4.722,-3.941,11.211,23.005,17.804,24.755,25.463,23.559,25.007,23.782,-21.452,-10.972,-15.991,-6.218,6.12,-7.756,6.096,17.05,16.619,26.938,29.858,30.291,18.02,14.73,-18.502,-7.699,-22.406,19.96,26.577,20.452,18.775,27.567,18.575,27.991,23.42,26.9,27.245,4.267,13.278
"2029-01",-21.36,-21.942,2.207,0.165,-20.116,2.481,16.862,25.238,25.538,22.771,23.48,9.144,16.635,22.535,26.671,25.912,0.319,3.211,-7.415,9.188,23.022,16.235,23.543,25.138,23.726,24.855,24.4,-26.423,-15.435,-17.9,-12.441,0.477,-10.314,4.024,13.939,14.928,26.738,30.237,29.477,18.627,16.316,-17.658,-7.375,-27.096,21.027,26.464,19.536,20.17,26.95,17.461,27.656,23.955,24.937,26.602,5.658,12.868
"2029-02",-19.678,-19.746,5.366,2.827,-22.46,0.797,17.558,25.561,25.229,23.29,23.561,8.819,16.999,22.682,27.241,26.007,1.111,6.896,1.65,11.392,25.741,19.451,24.881,24.965,23.747,25.083,25.774,-22.356,-11.416,-16.756,-5.798,5.851,-7.895,5.203,16.879,16.757,26.958,29.977,29.243,18.592,17.21,-19.912,-8.744,-23.352,21.777,26.453,18.988,20.922,26.925,16.906,27.649,24.674,24.797,27.059,6.112,13.545
"2029-03",-16.48,-14.277,7.335,4.931,-14.967,4.544,18.635,25.524,25.143,23.611,22.697,7.855,16.229,21.59,27.39,25.554,-2.929,4.739,-1.701,13.032,29.576,24.888,27.277,25.308,22.828,24.623,27.604,-20.436,-7.011,-10.316,-2.088,12.462,-0.29,9.691,21.891,22.068,27.396,28.943,28.233,18.836,16.858,-25.706,-10.704,-21.242,21.759,26.493,19.298,20.509,27.283,16.883,27.674,24.733,25.261,28.214,5.671,14.211
"2029-04",-10.672,-4.345,12.853,9.124,-3.441,8.748,20.193,26.484,25.523,23.466,22.55,6.416,15.548,20.012,27.292,25.497,3.239,9.846,8.184,15.066,29.937,27.646,28.683,25.617,22.316,23.61,27.337,-13.811,-4.002,-0.541,5.522,18.331,5.696,14.69,28.155,28.4,28.224,28.845,24.51,16.784,15.767,-29.719,-13.129,-16.253,20.94,26.902,19.987,19.519,27.44,17.374,28.42,24.206,26.92,30.021,4.574,15.284
"2029-05",-7.298,3.641,18.904,14.833,2.962,10.959,23.787,27.172,26.54,22.626,20.768,5.56,12.902,16.047,26.762,24.61,7.552,13.102,13.881,19.804,29.668,30.668,29.442,25.147,20.209,21.44,27.455,-2.422,0.559,7.215,14.262,21.661,10.439,16.328,31.832,30.329,28.056,27.05,20.843,14.5,14.732,-32.876,-15.3,-6.532,19.854,27.003,20.958,18.179,27.452,18.627,28.371,22.792,28.919,30.743,3.548,16.012
"2029-06",-0.473,7.661,21.928,18.766,9.905,15.489,25.254,26.883,27.7,21.293,18.894,4.143,12.859,14.761,25.489,22.62,10.994,16.817,16.593,22.761,28.166,32.44,27.621,23.799,17.838,19.026,25.569,5.137,8.366,13.369,15.571,27.055,14.15,19.472,35.235,29.777,27.808,25.069,16.59,12.469,13,-33.031,-17.013,-0.731,18.483,26.996,22.047,16.88,26.982,20.623,27.782,21.562,28.327,29.547,2.489,16.509
"2029-07",1.363,10.855,25.424,22.174,8.36,17.892,26.86,27.241,28.386,21.792,19.64,2.928,11.263,13.06,26.767,24.015,14.979,18.288,21.518,24.887,28.018,33.343,27.56,23.735,17.091,18.938,26.411,8.877,12.904,15.196,18.708,31.161,16.019,22.342,35.782,28.484,27.3,23.981,14.678,11.149,12.101,-34.102,-21.79,0.015,17.732,26.6,23.079,16.008,26.677,22.42,27.125,20.534,26.766,28.392,1.627,16.772
"2029-08",0.041,9.908,25.526,21.996,7.133,18.497,27.474,26.935,28.795,21.812,22.093,4.868,11.299,13.842,28.382,24.619,12.453,17.962,19.998,26.001,26.555,32.94,27.375,24.276,17.404,19.551,25.685,8.031,11.89,15.167,19.258,29.189,15.483,22.616,35.576,27.574,27.304,25.719,18.625,11.229,11.972,-35.186,-23.404,-0.202,17.474,26.405,23.756,15.959,26.324,23.387,26.927,20.09,26.465,28.248,0.925,16.756
"2029-09",-3.82,4.84,21.342,18.6,2.588,15.023,26.401,27.116,28.854,22.418,25.584,4.3,12.524,16.099,29.699,26.223,10.974,15.292,13.903,22.396,26.613,31.229,27.467,24.864,20.045,20.965,25.715,0.997,7.132,7.365,11.509,23.945,10.882,20.833,32.696,27.275,27.309,26.769,20.23,11.33,11.94,-34.941,-24.371,-4.333,17.399,26.278,23.857,15.522,25.941,23.167,26.996,20.072,26.466,27.733,0.553,15.948
"2029-10",-7.935,-0.599,13.986,12.717,-2.389,11.306,23.699,26.2,28.187,22.061,25.579,5.447,12.92,17.358,28.991,27.793,5.231,11.588,8.88,18.417,27.176,28.446,26.618,25.495,20.96,23.008,25.6,-8.157,-0.964,-1.118,5.585,16.781,3.541,15.253,27.072,24.624,26.958,28.008,24.019,12.682,12.261,-31.159,-19.462,-10.465,17.853,26.074,23.064,15.992,26.333,21.949,27.248,20.955,26.675,27.648,1.45,14.939
"2029-11",-13.723,-10.041,6.5,6.587,-7.571,5.919,19.905,25.507,27.314,21.9,24.076,6.703,13.897,19.506,27.11,27.712,3.94,5.843,0.396,12.217,26.298,21.795,26.115,25.9,21.927,23.683,25.187,-16.964,-9.764,-11.602,-3.413,10.373,-3.069,10.308,21.877,20.853,26.856,29.336,27.916,14.569,13.041,-23.968,-13.831,-16.407,18.735,26.206,21.851,17.198,26.827,20.031,27.149,21.683,26.63,27.068,2.657,13.817
"2029-12",-17.633,-16.685,2.903,2.646,-18.53,3.426,18.298,25.336,26.383,22.262,23.699,8.124,15.017,20.84,26.218,26.521,-0.547,4.58,-2.832,10.735,24.207,17.933,25.055,25.46,22.831,24.533,24.234,-18.96,-11.547,-15.249,-7.678,5.511,-8.245,5.057,17.951,16.462,26.374,29.21,29.121,17.508,15.135,-19.621,-9.561,-21.973,19.989,26.184,20.417,18.337,27.226,18.645,27.408,22.846,26.332,26.486,4.418,13.167
"2030-01",-17.392,-17.372,-0.117,0.812,-19.999,0.56,16.655,25.009,25.481,22.843,22.817,9.596,16.49,22.619,26.35,25.203,-1.814,4.168,-1.456,10.636,24.289,18.389,24.712,25.409,23.572,25.045,24.355,-21.491,-15.589,-20.858,-11.066,4.358,-11.524,3.036,16.7,14.678,26.056,28.46,29.203,18.659,16.334,-18.746,-8.143,-20.573,21.054,26.319,19.308,19.938,27.176,17.409,27.363,23.791,25.47,26.178,5.73,13.043
"2030-02",-19.633,-24.318,1.521,-0.231,-19.237,3.724,18.034,25.186,24.948,23.132,22.384,9.19,16.276,21.949,26.756,24.904,0.08,4.144,-2.946,9.552,26.119,19.117,25.885,24.994,23.108,24.756,25.584,-22.47,-13.642,-16.917,-8.44,6.373,-7.392,5.038,19.361,17.051,26.428,27.917,27.81,19.844,17.595,-22.189,-8.341,-22.605,21.751,26.379,19.002,20.652,26.942,16.701,27.149,24.52,25.137,26.045,6.115,13.193
"2030-03",-18.116,-15.408,6.507,2.096,-10.945,6.094,17.97,25.477,25.059,23.575,22.763,8.107,16.218,21.281,27.473,25.115,1.073,5.802,2.707,11.413,29.047,22.004,27.309,25.349,22.712,24.38,26.852,-15.839,-10.948,-9.773,-0.312,11.942,-1.346,7.773,22.839,22.129,26.827,28.316,26.874,18.347,16.768,-24.347,-11.557,-18.92,21.639,26.738,19.243,20.377,27.341,16.85,27.37,24.849,25.71,27.696,5.622,14.187
"2030-04",-12.232,-6.768,11.714,9.268,-4.87,6.314,19.731,27.092,26.03,24.114,22.237,7.555,15.619,19.998,27.538,25.511,5.616,11.291,7.438,15.3,30.811,27.079,28.574,25.894,22.716,23.397,28.248,-9.667,-4.791,-1.932,4.345,18.429,4.075,13.48,27.863,27.782,27.229,27.239,22.424,14.966,15.565,-30.9,-15.38,-12.104,20.755,27.17,19.925,19.81,27.964,17.607,27.699,24.001,27.242,29.219,4.55,15.145
"2030-05",-5.345,0.483,15.445,13.171,6.014,9.879,22.29,27.472,27.06,23.827,21.658,4.316,13.19,16.952,26.879,24.326,8.483,14.342,16.544,17.85,29.318,30.392,29.163,25.712,19.72,21.157,27.21,-1.121,1.668,5.849,10.811,23.374,9.585,16.003,31.555,29.965,28.011,25.472,18.796,13.539,13.789,-30.741,-14.788,-5.812,19.587,27.592,20.986,18.362,27.227,18.833,28.639,22.8,29.299,30.062,3.306,15.971
"2030-06",-2.181,6.307,20.478,18.235,10.124,14.547,25.658,26.798,27.836,22.889,19.68,4.311,11.868,14.538,26.709,23.148,11.91,16.535,19.76,21.757,29.096,32.282,28.656,24.522,17.618,19.251,26.69,7.341,8.58,13.572,18.473,27.763,13.542,19.291,34.698,30.016,27.647,23.841,16.302,12.673,12.695,-31.771,-18.881,-1.385,18.555,27.637,22.089,16.969,26.412,20.765,27.983,21.275,28.673,29.041,2.231,16.599
"2030-07",0.639,9.227,24.12,21.482,10.664,18.894,27.098,27.543,28.666,22.936,19.344,4.485,11.677,14.275,27.085,22.584,12.378,18.515,21.748,25.151,27.75,33.072,27.333,24.364,17.437,18.717,25.93,10.292,12.563,19.272,20.715,29.997,16.491,22.704,36.072,29.026,27.084,23.24,14.202,10.891,11.869,-34.145,-25.305,0.16,17.562,27.502,23.365,16.091,26.045,22.361,27.476,20.542,27.695,28.452,1.334,16.878
"2030-08",-0.658,9.228,22.738,21.098,8.528,18.287,27.281,27.837,29.157,23.612,22.336,4.033,12.58,15.583,29.06,22.927,12.087,19.315,22.04,26.366,26.664,32.506,26.388,24.442,16.845,18.752,25.563,6.746,11.691,14.967,18.498,29.382,15.929,23.424,35.515,27.963,27.011,24.339,16.849,10.978,11.556,-36.627,-25.402,-0.449,17.215,27.144,24.177,15.626,25.65,23.436,27.389,20.036,27.198,27.829,0.797,16.7
"2030-09",-2.754,5.081,20.245,19.233,4.321,14.741,26.524,28.144,29.212,23.686,26.106,4.002,12.469,16.581,30.808,24.962,9.125,15.118,13.061,22.737,27.208,31.852,27.603,25.415,19.319,20.865,26.39,1.205,6.262,8.812,13.281,24.663,12.173,20.231,33.206,27.358,26.9,25.362,19.779,11.388,11.575,-37.036,-27.413,-3.457,17.125,26.674,24.116,15.743,25.859,23.126,27.495,20.184,26.639,28.135,0.606,15.993
"2030-10",-8.716,0.207,13.216,13.855,-2.232,9.893,23.126,27.058,28.63,23.62,29.603,4.316,13.392,18.529,31.121,27.757,4.983,12.364,8.082,19.168,27.233,28.046,27.199,25.862,21.849,23.544,25.922,-7.748,-3.701,-1.038,6.294,17.395,4.183,16.047,27.88,24.645,27.235,27.574,24.822,13.873,11.981,-29.806,-17.186,-9.635,17.685,27.075,23.175,15.959,26.339,22.082,27.817,21.162,27.465,28.369,1.299,15.213
"2030-11",-12.185,-6.589,5.101,6.928,-6.752,4.924,19.526,26.439,27.673,23.316,26.738,6.615,14.86,20.711,29.856,28.485,0.599,8.259,-0.623,14.794,26.867,22.707,26.618,26.431,23.067,24.052,25.801,-17.96,-10.838,-11.709,-4.835,11.833,-2.543,10.447,22.959,19.832,26.953,28.825,27.356,14.088,13.471,-24.122,-15.393,-16.029,18.541,27.222,21.944,17.132,27.219,20.325,28.153,22.259,27.689,28.041,2.64,14.112
"2030-12",-14.241,-12.836,5.271,4.164,-21.048,3.756,18.053,25.787,26.711,23.335,24.766,8.306,16.537,22.112,28.363,27.551,0.662,4.657,-3.729,10.559,24.094,17.771,24.973,25.931,23.94,24.494,24.487,-24.304,-17.481,-20.965,-11.779,3.823,-8.976,6.374,18.069,15.295,27.24,29.971,30.222,16.193,14.515,-18.981,-9.853,-18.482,19.818,27.416,20.353,18.653,27.594,18.761,28.044,23.554,26.432,26.888,4.242,13.323
"2031-01",-17.836,-19.815,1.27,-0.975,-18.031,2.149,15.664,25.677,25.842,24.202,24.322,8.998,17.421,23.153,28.233,26.889,0.427,4.44,-0.718,10.167,24.432,18.259,24.418,25.907,24.444,25.128,24.568,-23.13,-17.271,-16.704,-6.842,4.859,-9.261,4.209,16.272,15.718,26.838,30.528,31.748,17.058,15.756,-17.312,-7.196,-23.195,21.248,27.694,19.338,19.906,27.561,17.318,27.809,24.565,25.44,26.408,5.721,13.459
"2031-02",-19.188,-18.759,3.122,0.925,-15.506,2.692,17.452,25.724,25.278,24.122,23.181,9.681,17.588,22.757,28.041,26.28,-1.356,1.338,-3.654,9.109,27.107,19.331,25.827,25.586,24.307,24.985,26.33,-22.799,-15.13,-15.937,-7.203,6.46,-5.156,4.804,17.789,18.973,27.023,29.328,29.959,17.539,16.335,-22.306,-9.451,-23.884,22.016,27.624,18.889,20.741,27.441,16.97,27.502,24.426,25.17,26.965,6.317,13.572
"2031-03",-18.035,-14.542,8.061,6.709,-14.945,4.975,18.242,26.392,25.559,24.707,23.541,8.667,17.117,22.426,28.513,26.737,3.222,7.256,4.623,12.488,29.968,23.742,28.343,26.296,23.73,24.727,28.102,-18.732,-10.262,-10.212,-1.778,10.099,-1.865,9.301,22.284,22.402,27.087,28.32,26.441,16.866,16.035,-26.063,-12.884,-23.094,22.072,27.812,19.153,20.624,27.914,17.33,27.96,24.649,26.008,28.534,5.703,14.389
"2031-04",-13.456,-8.811,10.097,9.763,-5.627,7.128,20.088,27.44,26.159,24.733,23.149,6.485,16.094,19.295,27.885,25.629,7.154,11.58,8.984,15.8,30.554,28.669,29.259,26.317,22.471,23.419,28.705,-10.691,-3.803,0.898,4.298,15.816,5.284,13.326,27.758,28.256,28.085,27.967,23.865,16.015,14.633,-30.081,-13.436,-16.919,21.029,28.128,19.876,19.462,28.248,17.791,28.798,24.448,27.653,30.502,4.629,15.338
"2031-05",-6.828,0.789,16.454,14.038,5.629,10.951,21.906,27.863,26.759,24.45,21.492,6.149,14.242,16.851,27.826,25.276,8.881,14.126,13.562,19.096,30.303,31.109,29.559,26.17,20.06,20.804,28.083,-1.32,2.565,6.891,11.569,20.767,10.366,16.804,31.42,30.897,28.205,26.505,20.055,13.927,13.705,-32.393,-18.591,-6.29,20.016,28.337,20.971,18.099,28.17,19.038,29.183,23.545,28.967,30.927,3.194,16.203
"2031-06",-1.645,6.363,20.74,18.977,10.52,13.834,25.195,27.992,28.197,23.303,20.879,4.056,12.816,14.692,27.541,24.217,11.588,16.787,18.219,22.258,29.459,33.401,29.4,25.111,18.7,19.694,27.218,6.381,8.579,14.251,18.05,26.149,14.929,19.442,35.018,31.201,28.076,25.124,16.528,12.23,12.183,-31.24,-18.72,-1.267,18.567,28.455,22.302,16.926,27.546,20.861,28.931,22.324,29.827,30.587,1.969,16.873
"2031-07",1.482,9.973,24.448,21.961,10.544,16.66,27.878,28.244,29.042,23.65,20.677,1.892,11.891,13.12,28.19,23.885,13.811,18.26,22.313,25.028,28.544,34.124,28.954,25,17.774,19.209,26.943,10.511,11.488,17.794,19.805,29.268,16.274,22.677,36.172,29.998,27.217,23.705,15.107,11.063,11.351,-34.798,-24.072,0.247,17.662,27.836,23.555,15.974,26.617,22.776,28.213,21.116,28.157,29.266,1.148,17.085
"2031-08",0.631,8.116,24.813,21.298,8.401,17.149,28.021,28.092,29.545,23.937,23.682,3.302,12.013,14.782,30.283,24.305,12.294,17.556,22.965,25.67,27.411,33.416,28.265,25.388,18.118,19.119,26.248,7.436,10.834,13.872,20.98,30.286,16.165,23.495,35.566,28.012,26.996,24.606,17.418,10.843,11.449,-36.257,-26.792,-0.564,17.382,27.553,23.949,15.593,26.043,23.607,28.135,20.651,27.689,28.603,0.545,16.849
"2031-09",-3.112,3.655,17.917,17.817,4.712,14.791,26.656,28.413,29.622,24.318,26.979,3.489,12.791,16.568,31.847,26.058,9.59,14.526,16.065,21.516,26.876,31.328,28.486,26.132,19.592,21.17,25.856,1.049,6.932,5.99,13.134,26.176,12.3,21.213,32.749,27.577,27.339,25.96,20.121,10.838,10.731,-34.17,-25.352,-3.701,17.315,27.645,23.978,15.656,25.923,23.445,27.921,20.419,28.029,28.173,0.05,16.123
"2031-10",-8.837,-0.821,13.336,12.677,-1.989,11.391,23.393,27.075,29.015,23.799,30.155,3.824,13.001,17.562,32.101,28.924,6.455,13.422,7.798,19.13,27.459,27.349,27.558,26.66,22.622,23.898,26.062,-8.839,-2.315,-1.631,4.477,18.577,4.936,16.133,27.798,25.381,27.213,28.116,23.703,11.935,11.771,-27.934,-17.139,-9.569,17.906,27.141,23.221,15.959,26.524,22.279,27.538,21.129,27.249,27.592,0.995,15.289
"2031-11",-12.217,-9.643,9.532,6.608,-11.91,7.421,20.964,26.381,27.771,23.422,26.472,7.196,15.089,20.578,30.002,28.429,2.74,6.529,3.056,13.174,26.567,22.157,26.451,26.34,23.273,24.144,25.673,-15.556,-7.994,-10.795,-0.127,13.258,-1.458,10.223,22.36,20.622,26.835,29.713,29.239,13.926,12.946,-24.561,-15.537,-15.63,18.948,26.984,21.916,17.221,27.456,20.409,27.645,22.011,27.665,27.068,2.506,14.218
"2031-12",-16.945,-14.528,0.527,4.139,-17.298,-0.662,16.504,25.475,26.432,22.992,24.436,8.164,15.303,21.735,27.57,27.764,0.129,6.071,-0.455,11.574,23.246,17.698,24.764,25.401,24.078,24.931,24.029,-19.504,-14.843,-17.833,-6.273,5.285,-9.644,3.829,16.62,15.998,27.055,30.458,31.676,17.16,14.653,-18.784,-9.67,-22.008,19.987,27.099,20.557,18.89,27.635,18.953,28.107,23.389,26.815,26.894,4.317,13.391
"2032-01",-21.385,-22.541,0.768,0.165,-20.571,0.772,16.34,24.747,25.519,23.136,24.299,8.881,16.229,22.885,28.096,26.593,-0.005,5.197,1.09,10.534,23.824,17.218,23.985,25.992,24.674,25.791,24.463,-22.043,-16.088,-16.413,-4.993,5.337,-8.048,4.417,15.468,16.686,26.321,29.74,32.103,18.424,16.825,-17.497,-6.334,-23.419,21.164,26.926,19.358,20.214,27.277,17.885,27.972,24.518,26.117,26.509,5.698,13.355
"2032-02",-20.671,-21.513,3.433,2.705,-20.553,0.936,17.267,25.254,25.443,23.259,23.555,9.801,16.403,23.106,28.004,26.452,-0.596,4.713,-5.254,10.75,26.541,19.533,26.093,25.852,24.315,25.325,26.317,-24.678,-14.622,-16.326,-8.869,6.929,-5.689,5.669,18.352,18.365,26.694,28.844,30.874,19.239,17.81,-22.368,-9.805,-26.446,21.781,26.534,19.131,20.97,27.068,17.088,27.794,25.094,25.899,25.896,6.11,13.42
"2032-03",-18.601,-14.992,7.881,6.512,-12.858,3.787,18.011,26.138,25.45,23.958,23.821,9.143,16.224,21.073,28.849,26.152,2.515,6.912,3.138,12.725,29.125,22.417,27.228,25.425,23.893,24.499,26.977,-17.964,-10.239,-8.411,-1.391,9.659,-3.834,9.482,21.995,21.985,27.466,28.815,28.497,18.121,17.127,-27.259,-12.301,-22.434,21.773,26.86,19.319,20.465,27.168,17.325,28.133,25.111,26.259,27.952,5.653,14.287
"2032-04",-12.514,-5.977,11.183,10.45,-3.472,7.115,19.761,27.101,25.977,23.378,22.718,8.872,14.812,18.264,27.683,25.301,4.269,10.391,12.325,15.261,30.592,27.964,29.43,26.247,22.285,23.785,28.537,-10.931,-5.127,-1.114,7.286,17.739,4.367,12.823,27.955,28.364,27.662,28.454,26.19,17.111,15.652,-31.56,-15.186,-14.819,21.088,27.123,19.863,19.467,27.787,17.777,28.414,24.427,27.733,29.885,4.582,15.324
"2032-05",-5.584,1.178,17.49,14.169,5.027,10.723,22.925,27.519,27.07,22.037,21.818,5.253,13.041,16.713,26.868,24.959,9.345,13.274,14.402,17.61,29.68,31.096,29.841,25.634,20.615,22.034,27.72,-1.593,2.007,7.013,13.084,23.099,10.928,16.523,31.443,30.706,28.065,26.554,19.75,13.735,13.947,-33.793,-16.695,-5.512,19.776,27.086,20.931,18.534,27.417,19.143,28.868,23.353,29.198,30.648,3.365,16.08
"2032-06",-0.64,7.447,20.397,17.821,10.348,14.706,25.061,27.28,28.096,20.961,19.057,3.451,10.768,13.318,26.079,23.539,12.057,16.071,19.43,21.507,28.306,32.753,28.715,24.309,18.301,20.287,26.461,6.486,7.877,14.534,17.136,28.057,14.473,20.429,35.157,30.84,27.813,25.314,17.586,12.56,12.58,-34.801,-19.956,-0.848,18.575,26.564,21.991,16.832,26.769,20.889,28.257,21.841,29.432,29.895,2.274,16.547
"2032-07",1.393,11.246,23.494,21.357,11.529,17.93,26.599,27.104,28.58,20.917,21.234,3.006,10.719,14.609,27.248,23.63,13.919,16.73,22.37,24.526,27.281,32.575,26.593,23.552,17.462,19.609,25.687,10.451,12.441,17.78,21.324,30.285,16.741,22.9,35.413,29.107,27.606,24.179,14.936,11.094,11.869,-34.649,-26.504,0.444,17.816,25.666,23.097,16.024,26.264,22.457,27.517,20.599,27.705,28.997,0.961,16.809
"2032-08",1.34,10.86,24.413,22.981,7.568,18.99,27.341,26.792,28.974,20.956,23.077,2.233,10.666,13.363,28.365,24.252,12.455,17.805,23.076,25.438,26.591,32.704,26.988,23.891,18.566,19.559,26.031,7.731,12.272,14.726,19.993,29.707,15.887,23.669,35.261,27.957,27.537,25.712,17.064,10.741,11.517,-36.011,-27.125,-0.228,17.58,25.142,23.737,15.173,25.782,23.586,27.051,20.175,26.669,28.378,0.139,16.629
"2032-09",-3.552,4.926,21.731,19.862,2.885,13.77,25.531,26.543,28.797,21.441,26.259,4.551,12.002,15.993,29.57,25.952,8.785,14.658,14.326,21.994,26.738,30.103,26.797,24.665,20.932,21.46,25.743,2.37,7.997,9.129,16.752,25.806,12.761,20.965,32.161,26.972,27.673,26.815,19.689,11.319,11.795,-34.771,-25.48,-4.515,17.55,24.953,23.546,15.442,26.143,23.322,27.347,20.154,27.198,28.558,-0.281,15.876
"2032-10",-9.434,-1.091,12.718,13.925,-3.765,10.338,22.417,26.043,28.173,21.413,26.591,5.152,12.786,17.787,29.018,27.202,6.896,11.751,6.818,17.675,27.19,26.582,26.442,25.303,22.359,23.514,25.811,-7.711,-1.292,-0.409,5,16.001,5.447,16.774,27.279,24.537,27.391,27.905,23.586,13.041,12.213,-30.324,-19.211,-10.995,17.949,24.623,22.825,15.715,26.504,22.297,27.299,20.656,26.6,27.407,1.037,14.795
"2032-11",-11.918,-6.891,10.007,8.339,-13.28,6.49,19.006,24.892,27.379,21.443,25.176,6.532,13.798,19.441,27.932,27.756,2.247,6.99,1.418,13.203,26.078,21.975,25.091,24.779,22.199,23.972,24.668,-14.474,-10.94,-9.756,-1.531,8.7,-3.536,9.582,20.673,20.253,26.963,28.074,26.096,15.326,12.837,-24.155,-13.983,-18.11,18.622,24.583,21.442,17.092,26.929,20.262,27.035,21.462,26.642,27.209,2.202,13.696
"2032-12",-16.952,-12.18,3.074,2.797,-16.441,3.965,15.775,23.683,25.927,21.355,22.785,9.026,15.491,21.118,25.615,25.433,2.51,6.237,-2.604,11.902,23.703,18.79,24.022,24.835,23.017,24.616,23.725,-23.09,-16.679,-19.699,-7.496,5.488,-7.166,5.771,17.495,16.577,26.567,28.157,27.157,16.981,14.553,-19.334,-10.457,-22.295,19.911,24.818,19.939,18.203,26.911,18.473,26.54,22.907,25.552,26.297,4.048,12.976
"2033-01",-17.209,-14.538,1.179,2.932,-19.151,0.271,14.894,23.385,24.731,22.097,22.405,10.072,16.43,21.804,25.911,25.406,-2.493,4.163,-6.251,10.644,23.15,17.34,23.125,24.463,23.294,24.75,23.134,-26.165,-16.552,-24.302,-14.716,3.053,-11.913,2.004,15.586,14.325,26.641,28.207,27.315,18.73,16.514,-18.711,-8.435,-23.726,20.927,25.001,18.85,19.766,26.747,17.365,26.623,24.128,24.266,25.672,5.618,12.62
"2033-02",-18.723,-19.46,2.058,2.461,-19.252,0.572,16.737,24.586,24.951,22.611,22.38,9.249,16.824,22.459,26.366,24.926,-1.656,4.056,-7.979,10.494,25.529,18.328,24.268,24.527,23.638,24.54,24.743,-24.713,-11.2,-18.337,-10.082,5.418,-5.963,4.868,16.153,17.034,26.604,28.22,26.773,19.142,17.068,-21.678,-9.299,-24.184,21.627,25.154,18.559,20.388,26.612,17.217,26.682,24.647,23.765,25.674,6.008,12.982
"2033-03",-20.157,-15.547,8.689,5.678,-14.458,4.714,17.927,24.96,24.935,23.125,21.72,8.555,16.313,20.724,26.561,25.174,2.217,7.687,3.136,12.902,29.042,23.468,26.268,24.546,22.805,23.613,26.626,-19.065,-12.094,-9.451,-1.28,10.778,-3.267,7.835,21.781,22.126,26.924,27.907,26.26,19.732,16.002,-25.67,-12.094,-26.512,21.58,25.544,18.712,20.264,26.99,17.129,26.713,24.37,24.42,27.087,5.495,13.846
"2033-04",-15.893,-8.61,13.068,9.053,-4.374,8.478,20.976,25.854,25.075,22.955,21.863,6.283,14.386,18.491,26.162,24.708,4.342,11.392,9.217,15.855,29.469,26.462,27.917,25.34,22.107,23.048,27.384,-8.492,-4.264,1.16,7.586,18.094,4.071,12.902,27.92,27.613,27.007,27.199,22.972,16.573,15.57,-28.991,-15.366,-14.551,20.677,25.91,19.522,19.398,27.278,17.623,27.378,23.922,26.122,29.201,4.436,14.956
"2033-05",-7.341,0.372,15.918,13.745,1.971,12.717,23.468,26.506,26.186,22.704,21.285,5.223,12.74,16.427,26.143,24.489,8.561,15.448,11.797,18.481,29.191,29.978,28.22,24.682,20.139,21.479,26.757,-1.339,1.532,7.863,11.563,22.302,10.358,16.686,31.669,29.477,27.389,25.723,17.603,13.758,14.422,-32.661,-16.794,-7.327,19.627,26.199,20.558,18.118,27.09,18.958,28.257,22.897,28.398,29.922,3.489,15.695
"2033-06",-1.308,5.533,21.182,17.954,10.681,16.343,25.837,26.328,27.291,21.669,18.957,3.882,10.582,13.484,25.826,23.406,12.137,16.573,19.788,22.254,28.101,33.177,28.005,24.063,18.039,19.629,26.129,5.276,8.875,13.003,17.327,25.955,14.825,20.363,34.446,28.785,27.262,25.086,17.576,12.85,13.2,-34.43,-18.91,-1.071,18.448,26.059,21.799,16.795,26.535,20.508,27.478,21.456,28.081,28.964,2.313,16.321
"2033-07",0.945,10.121,23.703,20.878,11.082,18.337,26.234,26.486,27.947,21.059,18.57,4.143,10.293,13.046,25.579,22.31,14.35,18.614,22.064,24.988,26.448,32.415,25.937,23.566,17.159,18.848,25.282,8.806,12.676,15.087,19.529,30.364,16.807,23.211,34.771,27.664,27.076,24.601,15.513,11.54,12.211,-35.45,-21.66,0.174,17.658,25.744,23.009,15.728,25.804,22.134,27.116,20.608,26.8,28.459,1.511,16.534
"2033-08",-1.147,8.711,23.867,21.832,9.841,18.331,26.934,26.632,28.711,21.574,20.724,3.555,10.061,13.738,27.807,22.97,12.688,18.433,19.257,25.432,26.102,31.962,26.353,24.131,18.109,19.808,25.552,6.651,10.71,14.2,19.893,28.511,15.631,22.966,34.647,27.096,26.977,24.849,15.853,11.16,12.043,-37.346,-24.06,-0.351,17.298,25.422,23.682,15.38,25.689,23.392,26.928,20.208,26.2,27.934,0.441,16.321
"2033-09",-5.499,4.264,21.644,19.741,2.264,13.944,25.419,26.494,28.488,21.684,23.84,4.813,11.139,14.587,28.976,24.998,10.48,17.163,10.868,23.279,26.231,31.094,26.741,24.597,19.314,20.836,25.445,0.904,7.328,9.271,11.7,22.831,11.562,20.583,32.556,26.252,27.145,26.399,20.374,12.494,11.874,-34.293,-21.027,-4.61,17.4,25.477,23.468,15.027,25.753,23.192,26.936,20.145,26.556,27.56,0.569,15.752
"2033-10",-9.917,-1.679,14.346,12.602,-4.288,10.083,23.319,26.304,28.488,21.554,24.535,6.03,12.552,17.34,28.255,26.878,6.147,13.989,9.998,19.234,26.762,27.771,26.399,25.416,21.472,23.277,25.643,-6.078,0.387,-0.946,4.7,16.881,3.832,15.943,27.424,24.19,27.322,27.979,22.508,12.579,12.548,-31.068,-18.464,-10.664,17.817,25.553,22.747,15.806,26.41,21.775,26.96,20.471,26.508,27.631,0.88,14.807
"2033-11",-12.074,-6.958,7.023,7.112,-8.68,5.291,19.728,25.349,27.254,21.662,24.934,6.262,13.392,18.621,27.994,27.416,2.037,8.311,2.136,14.432,25.906,22.694,24.987,25.077,22.576,24.217,24.83,-13.986,-9.488,-9.074,-0.841,10.912,-3.175,9.414,21.187,19.053,26.406,28.668,24.978,14.486,13.997,-23.391,-11.729,-15.913,18.747,25.475,21.568,16.96,27.067,19.898,26.729,21.461,26.387,26.903,2.565,13.83
"2033-12",-15.479,-14.642,1.313,1.438,-15.11,0.513,17.322,24.415,25.752,21.713,23.338,7.74,14.631,20.856,26.158,25.709,-3.04,3.418,-8.344,11.491,23.491,18.084,23.577,24.79,22.365,24.514,23.76,-24.062,-11.063,-20.129,-13.484,4.666,-7.939,5.309,16.588,14.9,26.324,28.269,28.535,17.76,15.697,-18.454,-7.715,-19.34,19.993,25.65,20.163,18.367,27.055,18.406,26.958,22.676,25.331,25.465,4.244,12.867
"2034-01",-19.924,-18.012,1.416,1.662,-20.409,-0.649,16.366,24.574,25.27,22.275,22.731,9.395,16.004,22.09,26.201,25.157,-3.935,1.639,-7.389,10.556,22.552,17.447,22.968,24.34,22.721,24.43,23.061,-26.949,-15.599,-23.924,-14.101,3.469,-11.054,2.864,14.994,13.593,26.429,29.016,30.23,20.08,17.585,-18.117,-7.161,-25.715,21.073,25.807,19.089,19.401,26.517,17.264,26.925,24.434,24.469,25.155,5.703,12.595
"2034-02",-18.998,-19.285,0.8,2.267,-21.277,-0.326,16.571,25.166,25.279,23.108,22.792,9.442,16.326,22.313,27.029,25.211,-1.193,6.431,-3.766,11.161,24.958,18.828,24.102,24.281,23.068,24.596,24.82,-24.841,-15.516,-18.485,-13.446,6.288,-7.809,5.177,17.792,17.295,26.706,28.874,28.844,19.695,18.164,-22.056,-10.86,-22.089,21.643,26.274,18.476,20.555,26.392,16.971,26.705,24.575,24.442,25.901,6.212,13.068
"2034-03",-16.759,-17.493,6.207,3.556,-13.627,2.765,17.587,25.442,25.32,23.13,22.123,8.615,15.962,21.503,26.924,25.359,2.48,6.37,2.367,11.913,28.364,22.604,26.94,25.148,22.763,24.512,26.472,-14.881,-9.365,-6.657,1.928,11.272,-0.085,9.049,22.898,21.509,26.439,27.817,26.95,18.977,17.649,-27.404,-13.141,-22.1,21.706,26.176,18.756,20.552,26.811,16.998,27.367,24.377,25.46,27.576,5.628,14.038
"2034-04",-14.087,-6.978,12.127,8.488,-2.475,8.154,19.822,26.161,25.623,23.463,22.156,7.365,14.899,19.533,26.744,25.115,4.54,11.43,9.913,15.467,29.772,27.564,28.357,25.443,21.641,22.764,26.984,-10.683,-4.022,-0.646,6.032,15.531,4.676,13.889,26.948,25.85,26.965,27.428,24.169,17.194,16.221,-31.341,-14.054,-15.844,20.786,26.892,19.619,19.354,27.2,17.634,27.922,24.023,27,29.458,4.542,15
"2034-05",-5.352,1.724,17.32,14.062,4.143,11.819,21.825,26.938,26.314,23.338,21.17,5.736,12.978,16.763,26.707,24.558,8.846,14.516,15.266,18.784,29.284,30.334,28.922,25.202,20.025,21.312,27.034,-1.672,1.562,6.304,13.293,21.722,8.343,16.427,30.863,30.019,27.428,26.174,21.476,15.282,14.921,-31.109,-18.095,-6.829,19.71,27.197,20.47,18.247,27.228,18.926,28.168,22.887,28.783,30.082,3.037,15.935
"2034-06",-0.927,7.866,21.552,19.181,9.074,14.34,24.111,26.996,27.865,22.396,19.71,4.504,11.224,14.84,26.513,23.024,12.655,18.171,18.443,22.193,28.142,31.916,27.968,23.803,17.662,19.356,26.103,6.862,9.453,13.2,17.594,26.641,13.68,20.108,34.528,29.952,27.56,25.296,17.278,12.484,13.441,-35.406,-20.631,-0.357,18.526,27.392,21.785,17.101,26.271,20.717,27.748,21.76,28.53,29.488,2.343,16.495
"2034-07",1.351,12.182,23.906,22.696,8.823,17.33,26.51,27.206,28.472,22.284,19.388,4.754,11.453,15.044,26.941,22.837,14.669,19.37,21.386,26.327,27.127,33.629,27.247,23.47,16.907,18.681,25.889,7.219,14.235,18.008,20.836,29.218,16.538,22.411,36.432,28.904,27.268,24.455,15.65,11.651,12.427,-35.926,-26.029,-0.162,17.686,26.822,22.971,16.286,25.677,22.295,27.074,20.676,26.935,28.595,1.353,16.792
"2034-08",0.965,9.691,24.661,22.295,7.257,17.202,27.237,27.414,29.004,22.56,20.347,4.911,10.952,13.996,28.854,23.136,13.659,18.415,21.256,25.774,25.481,32.223,25.772,23.558,16.772,17.977,24.929,6.487,11.234,16.409,19.569,29.271,15.711,23.322,35.483,27.746,27.253,25.464,17.78,11.708,12.262,-35.53,-26.792,-0.569,17.207,26.576,23.626,15.656,25.383,23.496,26.951,20.355,26.608,28.552,0.076,16.537
"2034-09",-2.364,5.462,20.856,19.29,3.356,15.452,26.19,27.298,29.138,22.861,23.948,5.193,10.994,14.986,30.622,25.581,9.61,15.363,17.305,23.156,26.04,31.08,27.022,24.714,18.541,21.057,25.584,1.511,7.247,7.685,14.95,25.221,10.576,20.721,32.616,26.802,27.189,25.975,20.183,11.588,12.021,-36.115,-26.14,-3.911,17.259,26.231,23.59,15.595,25.597,23.388,27,20.368,26.231,28.036,0.287,15.894
"2034-10",-8.803,-1.272,15.07,14.196,-1.295,10.99,22.49,26.125,28.349,22.233,25.621,6.283,12.658,17.773,29.49,26.865,7.157,12.174,8.727,18.844,26.608,28.386,26.544,25.286,20.421,22.889,25.584,-7.821,-0.826,-0.209,4.405,17.418,3.175,15.893,27.614,24.267,26.965,27.795,23.557,12.782,12.233,-30.566,-19.535,-9.979,17.655,26.111,22.877,15.983,25.958,22.109,26.915,20.817,25.999,27.782,1.082,14.91
"2034-11",-11.681,-6.02,8.506,7.591,-10.396,6.292,19.94,25.208,27.069,21.877,24.383,7.252,13.665,19.384,27.925,26.851,2.906,7.276,-0.777,14.705,26.098,23.407,25.364,25.265,21.696,24.416,24.842,-19.923,-8.666,-10.968,-6.793,10.526,-2.839,11.337,21.907,19.878,26.744,29.041,26.531,14.789,13.281,-24.594,-12.801,-17.214,18.727,26.083,21.419,17.231,26.449,20.067,27.078,21.765,26.515,27.802,2.446,13.791
"2034-12",-13.466,-10.179,1.158,3.484,-12.775,1.123,16.52,24.926,26.146,22.213,24.171,8.162,15.18,21.337,27.199,26.087,-0.899,3.537,-1.518,12.324,23.924,19.365,24.773,25.235,22.543,24.475,23.957,-22.529,-17.045,-20.272,-9.375,8.008,-8.051,5.077,18.996,16.724,26.201,29.286,29.775,16.574,15.165,-19.105,-8.775,-18.609,19.952,26.334,20.193,18.758,26.992,18.392,26.771,22.959,26.079,26.771,4.239,13.265
"2035-01",-18.934,-20.525,-5.68,-0.565,-15.785,-3.132,15.169,25.193,25.712,22.793,22.74,8.756,15.897,22.343,26.539,25.377,0.332,5.489,-4.777,10.272,22.713,17.079,24.195,25.189,23.096,25.178,23.495,-23.617,-15.029,-17.761,-8.835,3.081,-9.721,3.869,16.605,15.83,25.973,29.757,30.482,18.166,17.111,-17.271,-6.087,-24.86,20.98,26.651,19.005,20.092,26.961,17.378,27.241,24.233,25.585,26.294,5.678,12.968
"2035-02",-19.801,-20.288,2.077,-0.182,-15.991,4.779,15.829,24.171,24.352,23.068,22.458,10.822,17.011,22.968,26.669,25.067,-3.426,0.422,-11.49,11.112,25.317,19.833,25.143,24.772,23.521,24.571,24.713,-21.365,-14.217,-18.166,-11.762,6.437,-5.828,4.197,18.531,17.993,26.314,28.767,30.568,19.809,17.073,-21.059,-8.581,-25.646,21.56,26.715,18.657,20.784,26.756,16.723,27.332,24.847,25.62,26.823,6.168,13.228
"2035-03",-18.95,-12.791,7.856,6.907,-11.463,4.387,17.97,25.457,24.919,23.825,22.546,9.142,16.368,22.087,27.493,25.549,-0.039,7.332,0.804,13.226,28.872,23.697,26.344,24.918,23.277,24.415,26.572,-17.709,-9.391,-8.365,-2.474,12.029,-1.363,8.516,22.528,23.205,26.743,28.913,29.14,18.786,17.261,-26.767,-13.618,-23.55,21.538,27.352,18.927,20.801,27.011,17.058,27.646,24.679,26.007,27.992,5.655,14.245
"2035-04",-13.184,-6.555,11.81,9.642,-2.997,7.256,19.273,26.79,25.765,23.975,22.489,7.15,15.072,20.145,27.311,25.346,3.48,9.769,10.59,15.513,30.038,27.576,28.236,25.41,21.966,22.719,28.063,-9.975,-3.32,0.619,9.044,16.64,5.165,13.194,25.88,26.752,27.003,27.941,25.437,17.268,15.904,-28.931,-14.608,-16.95,20.673,27.628,19.575,19.698,27.598,17.696,28.091,24.021,27.149,29.595,4.488,15.196
"2035-05",-5.516,0.862,16.196,13.807,4.792,10.294,22.754,27.68,26.9,23.714,21.276,5.107,13.322,16.855,26.894,24.366,7.067,12.729,14.243,17.814,28.447,30.519,28.187,24.729,19.493,20.725,26.484,-1.149,2.46,7.852,12.603,22.716,9.283,17.065,30.74,29.76,27.644,26.35,20.042,14.629,14.284,-33.473,-19.226,-5.648,19.742,28.018,20.79,18.169,26.232,18.956,28.569,22.97,28.988,30.762,3.429,15.95
"2035-06",-1.301,7.83,19.88,18.172,10.757,15.254,25.763,27.284,27.799,22.834,19.809,3.184,11.918,14.464,26.892,23.345,11.992,15.615,17.358,22.08,27.922,32.32,27.729,23.665,17.75,19.069,25.922,7.674,8.697,15.071,17.419,26.495,13.794,19.131,34.803,30.071,27.472,25.28,17.54,12.776,12.563,-33.924,-19.737,-1.015,18.614,27.794,22.131,16.964,25.929,20.645,28.002,21.488,28.856,29.861,2.396,16.59
"2035-07",0.728,12.064,25.254,22.504,10.776,17.823,27.047,27.621,28.372,23.166,20.099,2.685,11.529,13.757,27.732,22.951,13.231,18.965,18.796,24.983,27.313,32.723,27.071,23.296,16.528,18.011,25.587,9.461,11.902,18.291,22.379,29.454,16.763,22.421,35.75,28.307,27.056,23.968,16.226,11.91,11.523,-32.106,-21.101,-0.299,17.67,27.482,23.403,15.723,25.674,22.478,27.557,20.683,27.06,28.501,1.333,16.944
"2035-08",-0.246,10.732,22.455,21.107,9.073,18.659,27.561,27.89,28.861,23.5,23.036,2.812,11.576,15.055,29.766,24.415,13.311,19.297,19.183,26.374,26.446,33.192,27.266,24.245,17.726,19.706,25.826,7.344,11.705,15.044,18.445,28.143,16.207,23.694,35.569,27.655,26.914,24.165,17.533,11.517,11.502,-36.448,-25.889,-0.744,17.105,27.046,23.979,15.527,25.63,23.509,27.36,20.266,26.453,28.511,0.522,16.687
"2035-09",-4.16,5.403,18.667,18.57,4.054,14.675,26.051,27.606,29.033,23.429,25.236,4.399,11.936,15.733,31.081,25.952,10.475,16.212,14.851,23.506,26.023,31.712,27.458,25.014,18.966,21.161,25.574,2.402,7.016,8.965,12.102,25.032,10.988,21.171,32.7,26.714,27.018,26.398,21.733,12.215,12.013,-35.494,-23.792,-4.221,17.355,26.992,23.87,15.31,25.595,23.297,27.106,20.171,26.789,28.203,0.585,16.013
"2035-10",-8.018,-2.384,14.038,13.734,-1.395,9.391,24.505,27.501,28.607,23.447,27.717,5.194,13.577,18.036,30.833,28.195,7.5,11.394,4.148,18.566,26.49,28.604,27.068,25.714,20.701,22.416,25.683,-4.386,0.086,-0.081,3.02,15.304,5.101,16.696,28.282,25.121,27.17,27.461,24.554,13.498,12.79,-31.908,-18.685,-9.504,17.627,26.816,23.277,15.61,25.966,21.999,27.686,20.783,27.342,27.794,1.168,15.084
"2035-11",-12.527,-8.434,5.851,6.305,-9.506,7.51,20.005,25.456,26.986,23.115,25.132,7.634,14.947,19.12,28.534,27.48,4.258,10.399,1.078,15.125,26.023,23.399,25.71,25.366,21.963,23.471,24.78,-17.06,-8.005,-11.156,-4.89,9.379,-1.001,11.467,22.274,22.067,27.223,29.427,27.747,14.153,13.036,-24.218,-13.305,-18.459,19.091,27.079,21.641,16.634,26.611,20.002,27.634,21.625,27.386,27.209,2.401,14.019
"2035-12",-17.017,-18.155,1.585,2.683,-20.807,1.341,17.836,25.545,26.344,23.19,23.725,8.584,15.893,20.845,26.762,26.303,0.478,4.575,-6.996,10.628,22.431,17.681,23.969,24.893,22.764,24.362,22.921,-20.549,-11.26,-18.383,-9.461,4.654,-7.777,4.996,16.823,16.463,27.224,30.049,29.807,16.503,14.149,-17.442,-8.018,-23.944,20.338,27.337,20.707,18.088,26.902,18.319,27.866,23.074,26.645,26.676,4.41,13.152
"2036-01",-18.181,-24.118,-0.362,-0.201,-18.058,0.708,16.63,25.592,25.691,23.915,24.056,9.238,17.158,22.846,27.522,26.474,1.583,1.608,-7.67,8.478,22.534,17.198,23.55,25.197,24.559,25.142,23.51,-23.128,-17.066,-19.722,-11.765,1.088,-10.542,2.763,15.411,14.807,27.02,29.905,31.627,17.942,16.366,-17.965,-7.155,-25.273,21.311,27.568,19.581,19.711,26.686,17.24,27.517,24.147,25.556,26.28,5.863,12.992
"2036-02",-19.351,-21.072,3.535,0.29,-16.549,2.72,17.464,25.165,24.895,23.717,23.61,9.986,17.869,23.391,28.54,26.175,-1.548,2.498,-3.773,10.042,26.948,21.697,26.374,25.872,24.387,25.352,27.075,-20.917,-13.525,-14.701,-8.619,5.658,-7.118,5.09,20.036,18.628,26.791,29.414,30.802,17.987,16.615,-19.772,-7.521,-25.626,21.914,27.456,18.876,20.636,27.271,16.816,27.939,24.904,25.205,27.126,6.331,13.716
"2036-03",-18.735,-17.682,5.273,4.611,-15.791,1.348,18.044,26.35,25.409,24.189,22.642,8.959,17.044,20.966,27.885,25.804,0.761,5.316,-0.677,13.005,28.87,23.711,27.303,25.889,24.03,25.046,27.206,-19.067,-8.995,-6.542,-2.459,10.414,-0.981,10.065,22.59,23.381,27.153,29.22,29.282,17.684,15.578,-25.494,-12.313,-24.947,21.952,27.708,19.158,20.355,27.739,17.042,28.303,24.828,26.42,28.615,5.844,14.273
"2036-04",-12.64,-5.996,11.554,9.601,-4.81,6.897,19.882,27.21,25.777,24.308,23.29,7.337,15.746,19.253,28.42,25.925,4.304,10.58,11.233,15.817,30.809,28.704,28.897,26.491,22.341,24.114,28.661,-9.967,-4.412,-1.994,5.959,16.467,2.75,13.622,27.918,27.064,28.047,28.828,26.569,16.782,15.093,-28.62,-14.938,-14.915,20.939,27.82,19.966,19.664,28.112,17.635,28.84,24.204,27.687,30.282,4.684,15.462
"2036-05",-6.825,0.074,16.473,13.201,3.855,11.884,23.066,27.966,27.181,23.755,22.02,4.65,14.068,17.516,27.59,24.876,9.172,15.084,15.331,18.982,29.963,29.884,29.116,26.133,20.517,22.09,27.642,-1.002,1.665,8.54,11.123,20.596,8.85,16.523,31.671,31.199,28.37,27.367,21.143,14.477,13.646,-30.23,-16.474,-6.94,19.585,28.348,21.19,18.202,27.591,18.776,29.278,23.521,29.605,31.22,3.374,16.241
"2036-06",-1.853,5.606,20.681,17.518,10.346,13.996,25.505,27.379,27.745,22.749,19.161,4.749,12.57,14.028,26.505,23.459,10.857,16.357,18.551,22.903,29.366,33.392,29.161,24.889,18.589,19.89,27.117,8.154,8.188,14.448,17.821,25.617,14.054,19.882,34.645,31.239,28.069,25.501,17.397,12.606,13.231,-32.351,-19.295,-0.538,18.621,28.166,22.329,16.941,26.938,20.454,28.489,21.98,29.769,30.324,2.473,16.834
"2036-07",0.867,9.571,22.963,21.364,10.822,18.328,27.675,27.327,28.564,22.448,19.929,3.96,11.765,13.965,27.592,23.264,13.836,17.351,22.934,24.636,27.938,33.656,27.969,24.405,17.479,19.113,26.416,9.156,11.151,15.437,19.52,28.881,15.834,22.931,35.862,28.984,27.291,23.761,15.133,11.118,11.62,-33.066,-23.812,0.294,17.728,27.493,23.533,15.934,26.344,22.217,27.617,20.831,27.697,28.51,1.238,16.931
"2036-08",-0.964,7.808,23.011,19.459,9.869,18.428,27.243,27.579,29.001,22.732,20.966,4.387,11.846,14.566,28.966,24.167,13.327,18.233,21.654,24.874,26.689,32.817,27.462,24.706,18.267,19.532,26.066,7.011,11.96,12.791,17.875,28.005,14.69,22.891,35.446,28.129,26.998,24.912,17.249,10.907,11.436,-31.704,-23.5,-0.316,17.365,26.945,24.156,15.194,26.06,23.336,27.536,20.339,26.924,28.629,0.165,16.704
"2036-09",-4.922,2.997,19.618,17.859,3.283,14.702,26.433,27.479,29.359,22.851,23.205,5.543,11.952,15.379,30.349,26.026,11.481,15.832,14.887,21.673,26.976,31.35,28.104,25.647,20.633,20.856,26.473,2.673,6.208,6.606,11.892,22.391,10.378,20.157,32.482,27.391,27.044,26.361,21.294,12.03,11.523,-33.393,-19.517,-4.007,17.33,26.757,24.001,15.117,26.226,23.136,27.77,20.229,27.253,28.892,0.696,16.045
"2036-10",-7.688,-0.014,13.162,12.774,-4.199,10.385,23.227,26.606,28.571,22.548,25.496,5.353,13.01,17.452,29.543,28.206,6.7,12.457,10.055,18.428,26.966,28.139,27.458,26.281,22.404,23.379,26.107,-6.352,-0.984,0.322,6.944,16.977,3.602,16.241,28.308,25.198,27.447,28.415,25.421,13.092,12.342,-32.261,-19.548,-9.758,17.723,26.78,23.069,16.075,26.617,21.723,27.908,20.679,27.618,28.598,1.415,15.146
"2036-11",-13.116,-8.202,2.832,5.052,-7.425,5.112,19.666,25.894,27.417,22.648,25.603,6.914,14.276,19.794,28.845,28.94,1.494,6.78,1.822,13.971,26.21,23.091,26.292,26.351,23.765,24.594,25.682,-15.774,-10.886,-10.146,-2.945,10.871,-3.517,10.178,22.3,20.713,27.104,29.49,28.194,14.983,13.918,-24.75,-14.006,-18.098,18.707,26.918,22.139,17.338,27.532,20.005,27.912,21.468,27.586,27.993,2.625,14.05
"2036-12",-14.898,-14.681,-0.847,2.362,-10.552,1.807,16.409,24.988,26.227,22.728,24.043,8.204,15.574,21.477,26.983,27.085,1.483,3.868,-9.041,10.025,24.06,17.858,24.711,25.812,23.507,25.083,24.258,-20.93,-15.246,-23.612,-15.56,3.535,-7.391,3.927,17.303,17.286,27.32,30.014,29.82,17.258,15.328,-19.862,-10.195,-15.179,19.996,27.047,20.748,18.869,27.585,18.448,28.06,22.51,26.639,27.002,4.375,13.24
"2037-01",-19.963,-18.747,1.057,-1.326,-11.563,3.506,16.034,24.448,24.634,23.156,23.674,8.69,15.938,22.585,26.941,26.14,1.378,5.2,-3.809,10.145,23.093,17.067,23.157,25.242,24.006,25.046,23.979,-22.838,-18.319,-22.33,-12.749,2.041,-9.677,2.385,14.918,15.379,27.365,29.941,30.395,18.864,17.397,-17.868,-6.947,-23.877,21.037,26.888,19.616,20.148,27.227,17.027,27.307,23.702,24.781,26.569,5.61,13.122
"2037-02",-20.421,-23.287,3.845,0.898,-16.863,4.056,17.731,24.811,24.809,23.354,23.664,9.308,16.532,22.154,27.628,25.968,1.108,5.637,-1.557,10.952,26.286,20.003,25.575,25.713,23.877,25.308,26.118,-22.895,-14.594,-15.598,-8.482,7.458,-5.356,4.266,19.346,19.466,26.957,29.32,29.554,20.872,17.539,-20.96,-7.634,-25.305,21.684,26.713,19.105,20.586,27.156,16.857,27.157,24.609,24.702,27.1,6.1,13.521
"2037-03",-16.583,-16.327,7.203,4.735,-9.495,5.536,18.043,25.401,25.135,23.462,23.367,7.967,15.913,21.629,28.107,25.892,2.725,7.702,4.26,12.668,29.55,23.478,27.901,25.896,23.409,24.483,27.671,-21.137,-11.962,-10.806,-1.548,11.062,-0.715,9.115,22.295,23.345,27.178,28.32,28.239,19.831,16.861,-25.878,-10.743,-23.618,21.738,26.787,19.306,20.798,27.65,17.049,27.721,24.396,25.88,28.349,5.707,14.319
"2037-04",-12.304,-6.122,10.723,8.177,-4.203,8.305,20.855,26.791,25.824,23.417,22.719,7.126,14.951,19.571,27.318,25.594,4.099,11.729,9.76,16.446,30.864,27.736,28.725,26.323,22.588,23.823,28.291,-12.429,-4.41,-2.387,6.192,18.29,4.671,13.742,27.636,27.258,27.639,27.464,24.08,17.605,15.252,-31.762,-13.544,-17.241,20.714,27.131,19.877,19.658,28.099,17.658,28.335,23.935,26.989,29.874,4.852,15.172
"2037-05",-5.139,2.088,15.631,13.383,4.564,12.081,23.638,27.357,26.61,23.51,22.26,4.942,13.199,16.128,28.135,24.983,8.924,14.939,15.064,18.84,30.086,31.075,28.994,25.905,19.451,21.405,27.588,-1.036,2.238,8.509,14.229,23.184,9.032,16.576,31.963,30.321,27.873,25.992,19.833,15.132,14.343,-31.924,-13.427,-5.305,19.492,27.39,20.981,17.819,27.679,18.54,28.808,23.049,28.929,30.464,3.613,16.138
"2037-06",-0.99,8.217,19.526,17.992,10.259,14.862,25.848,27.748,28.059,22.524,20.655,4.132,12.071,14.496,27.229,23.379,12.83,17.307,17.524,22.475,28.644,32.81,28.887,24.537,17.766,19.581,26.676,6.284,10.107,13.241,17.829,27.655,13.671,19.062,35.099,30.541,27.737,24.933,16.529,12.794,13.883,-32.625,-18.598,-0.48,18.611,27.431,22.198,16.608,26.792,20.467,28.168,21.804,28.908,30.043,2.43,16.698
"2037-07",1.849,11.231,24.947,20.093,11.614,18.037,27.803,27.535,28.619,22.777,20.173,4.967,11.403,13.87,28.076,23.081,14.927,17.662,19.71,24.595,27.25,33.345,26.25,23.818,17.114,19.173,25.748,7.474,11.88,16.619,19.176,30.927,16.953,23.216,35.58,28.748,27.126,23.144,14.818,11.864,12.532,-34.492,-19.354,0.317,17.837,27.025,23.561,15.728,26.175,22.191,27.579,20.814,26.984,29.065,1.364,16.885
"2037-08",0.286,9.805,25.683,21.024,9.222,18.273,28.092,28.141,29.507,23.402,23.7,3.226,11.486,15.039,30.03,24.187,13.543,16.543,20.762,24.821,26.586,33.137,26.761,24.352,18.34,20.241,25.959,6.656,10.99,13.918,20.098,30.023,16.239,22.572,35.626,28.038,26.894,23.69,16.866,11.823,12.234,-32.893,-19.873,-0.476,17.086,26.571,24.219,15.297,25.674,23.246,27.38,20.114,26.333,28.845,0.67,16.798
"2037-09",-4.59,5.861,19.597,16.479,4.794,14.125,26.877,28.031,29.093,23.968,27.011,4.03,12.117,15.226,31.483,26.343,9.963,15.401,18.629,22.497,26.859,31.723,27.484,25.143,19.614,21.541,26.128,1.881,7.388,8.604,14.042,24.399,9.724,20.515,31.868,26.668,26.894,25.487,20.952,12.561,12.447,-31.916,-18.663,-3.947,17.206,26.505,24.101,14.909,25.66,22.992,27.294,20.055,26.393,28.834,0.992,16.162
"2037-10",-8.892,0.836,15.484,14.979,-2.855,9.44,23.528,27.023,28.496,23.896,28.488,5.306,13.405,17.793,31.655,27.907,5.713,12.71,9.005,19.097,27.014,28.086,27.195,25.983,21.166,23.672,25.974,-7.869,-0.404,-0.259,6.562,19,4.611,16.453,27.417,24.786,27.051,27.318,24.351,13.457,12.852,-30.229,-16.745,-9.724,17.66,26.799,23.195,15.649,26.134,21.9,27.45,20.709,26.181,28.427,1.347,15.194
"2037-11",-11.099,-9.093,5.787,6.608,-9.399,6.183,20.072,25.806,27.59,22.832,25.514,7.689,14.232,19.5,29.317,28.481,1.023,9.372,0.994,15.204,26.203,23.036,25.379,25.104,22.292,23.891,24.812,-16.976,-7.473,-11.976,-5.036,11.312,-2.765,10.354,22.313,19.855,26.782,28.78,27.213,14.803,14.545,-24.687,-12.658,-16.198,18.656,26.628,21.922,16.531,26.377,20.157,27.839,22.108,27.318,27.893,2.768,13.963
"2037-12",-14.824,-17.368,3.894,3.872,-15.379,1.561,19.075,25.747,26.552,23.03,24.668,8.047,15.528,21.352,27.954,27.351,-1.704,3.207,-6.364,10.68,22.937,17.731,23.602,25.061,23.524,24.674,23.388,-22.402,-12.763,-21.4,-11.484,6.785,-7.119,6.089,16.873,16.362,27.04,29.608,29.438,17.031,15.813,-18.278,-8.331,-18.254,19.838,27.039,20.606,18.323,26.985,18.738,27.903,23.278,26.588,27.341,4.394,13.268
"2038-01",-15.209,-17.946,0.671,2.387,-16.692,-0.266,17.257,25.313,25.655,23.688,23.565,9.16,16.945,22.661,27.503,26.439,-4.03,-0.917,-14.67,7.705,23.197,16.326,22.86,24.909,23.853,24.569,23.828,-24.983,-13.685,-26.296,-20.256,2.764,-10.221,1.287,15.017,15.263,26.706,29.473,30.142,17.565,17.113,-16.915,-6.969,-17.798,21.163,26.972,19.656,19.734,27.083,17.641,27.447,24.283,25.109,26.22,5.763,12.945
"2038-02",-18.031,-17.375,1.231,-0.479,-12.499,2.729,16.823,25.445,25.112,23.969,23.451,10.152,17.485,23.017,27.654,26.171,-6.774,-0.106,-9.049,10.35,26.439,20.691,25.044,24.999,23.783,24.63,25.928,-25.305,-13.676,-18.66,-8.732,8.063,-4.995,3.564,18.653,18.805,26.8,28.769,29.942,18.749,16.912,-20.416,-8.139,-21.954,21.877,27.187,19.133,20.676,27.013,16.623,27.571,24.685,24.872,26.866,6.405,13.513
"2038-03",-17.517,-15.418,7.558,4.661,-11.345,5.823,18.274,26.206,25.407,24.528,23.567,8.851,16.974,21.774,28.669,26.265,-0.399,6.197,-0.114,12.701,28.827,23.393,26.837,25.106,23.78,24.354,27.119,-17.94,-8.977,-9.536,-0.976,10.123,-1.094,7.652,21.985,23.379,27.157,28.896,27.325,17.212,17.079,-25.843,-10.794,-22.697,22.01,27.612,19.349,20.449,27.466,17.119,27.433,24.535,25.411,28.529,5.812,14.324
"2038-04",-11.137,-4.548,10.458,9.353,-1.961,9.476,20.02,26.874,25.419,24.518,23.387,7.049,15.381,19.694,29.315,26.963,4.439,9.685,9.926,16.151,30.864,28.488,28.757,25.661,22.828,23.059,28.312,-7.794,-3.557,0.079,6.64,15.596,4.554,12.447,26.713,27.156,27.444,27.707,24.198,15.586,15.525,-28.513,-13.9,-14.204,20.994,28.044,20.033,19.86,28.322,17.884,28.275,24.216,27.025,29.988,4.74,15.535
"2038-05",-4.962,2.662,15.19,12.403,5.114,11.382,23.061,27.439,26.964,23.855,22.683,4.576,13.576,18.003,27.793,25.666,7.311,12.937,12.961,18.815,30.334,31.26,29.405,25.981,20.418,21.697,28.049,-1.074,3.485,7.352,11.603,21.454,9.543,17.257,30.905,30.213,27.841,25.997,20.01,14.183,13.817,-31.768,-15.907,-4.754,19.767,28.329,21.039,18.355,28.211,19.218,29.046,23.156,29.18,30.809,3.442,16.308
"2038-06",-0.806,7.012,19.735,18.164,11.751,15.358,25.539,27.426,28.107,22.399,20.776,4.362,11.94,15.079,27.196,24.094,13.406,16.763,18.554,22.599,29.45,33.161,29.763,25.198,18.808,20.485,27.472,6.965,8.697,12.463,17.262,26.347,13.772,19.225,35.267,31.352,27.758,24.558,16.906,12.727,13.711,-35.037,-20.027,-0.592,18.767,28.233,22.276,17.029,27.519,20.82,28.816,22.248,29.692,30.692,2.388,16.884
"2038-07",1.877,9.636,23.829,20.74,12.538,17.223,26.919,27.87,29.058,22.674,20.749,3.659,10.362,13.913,28.1,24.135,13.804,17.501,21.755,24.562,28.621,34.054,28.635,24.432,17.556,19.392,26.934,9.012,13.282,17.281,19.352,29.822,16.583,22.235,36.103,29.904,27.429,23.775,16.126,11.511,12.077,-35.721,-20.759,0.396,17.81,27.821,23.571,16.151,26.654,22.574,28.165,20.968,27.919,29.491,1.554,17.121
"2038-08",0.418,8.159,23.11,21.119,9.857,17.897,28.243,28.298,29.699,23.227,22.779,4.277,11.707,14.871,30.151,24.811,14.229,18.627,19.435,25.269,27.379,33.737,28.184,24.835,18.471,20.3,26.461,5.569,11.544,12.714,15.947,28.812,15.648,22.987,35.899,28.346,27.227,24.777,18.955,11.829,12.019,-37.356,-24.75,-0.147,17.249,27.299,24.428,15.437,25.876,23.626,27.917,20.192,27.217,29.485,1.059,16.832
"2038-09",-4.366,4.367,18.715,18.122,4.02,14.939,26.891,28.156,29.76,24.021,27.354,4.038,12.288,15.797,31.637,26.779,10.094,15.242,15.259,22.073,27.19,31.529,28.206,25.482,19.259,20.517,26.411,2.5,8.334,7.416,12.999,25.051,11.284,20.219,32.822,27.274,27.393,26.661,22.481,12.054,12.14,-34.877,-26.525,-3.208,17.326,26.794,24.146,15.33,25.916,23.512,27.804,20.398,27.176,28.982,0.26,16.14
"2038-10",-6.265,-1.195,13.102,13.171,-0.59,10.441,23.626,27.283,28.945,23.659,27.223,5.557,13.351,17.68,31.365,28.179,6.478,10.498,6.754,18.439,28.034,29.647,27.596,26.464,22.053,23.418,26.523,-6.326,-0.757,-0.364,4.639,18.642,4.853,15.998,28.58,25.276,27.48,28.036,25.977,13.136,12.471,-31.791,-20.234,-8.676,17.799,26.78,23.378,15.973,26.626,22.233,28.082,20.98,27.427,28.45,1.481,15.353
"2038-11",-11.347,-5.719,7.406,8.069,-8.135,5.387,20.195,26.011,27.764,22.95,26.527,6.854,14.208,19.611,29.53,28.693,0.25,8.128,1.503,15.629,26.697,23.505,26.134,25.79,23.155,24.069,25.171,-15.356,-10.703,-10.631,-4.231,10.283,-2.216,10.852,21.88,20.339,27.365,29.572,29.53,15.214,13.874,-25.263,-14.163,-14.55,18.932,27.019,22.107,16.951,27.246,20.426,28.105,21.746,27.699,27.926,2.694,14.269
"2038-12",-13.86,-13.883,2.983,3.359,-15.366,-0.483,18.032,26.133,26.594,23.164,25.163,8.059,15.659,21.662,28.13,27.675,-0.832,1.381,-5.671,8.715,24.726,17.767,24.985,25.365,24.125,24.804,24.178,-20.569,-13.117,-17.508,-8.621,4.956,-7.977,5.478,17.177,16.607,26.903,29.992,30.041,16.922,15.727,-19.491,-9.624,-18.686,20.193,26.82,20.612,18.4,27.453,18.711,28.053,23.047,26.722,27.148,4.308,13.374
"2039-01",-18.372,-20.538,-0.462,-1.183,-18.113,0.684,16.636,25.283,25.561,23.091,23.626,9.71,16.815,23.298,27.548,25.996,-0.476,-0.666,-8.294,6.858,23.902,16.145,23.936,25.248,23.974,25.309,24.29,-20.336,-14.604,-20.277,-11.235,1.965,-10.127,2.552,14.338,14.622,26.813,30.281,29.909,18.902,16.025,-18.096,-8.191,-21.396,21.226,26.866,19.672,19.928,27.452,17.47,27.949,24.18,25.53,26.2,5.643,13.045
"2039-02",-19.467,-19.864,6.735,3.364,-20.359,4.298,17.688,25.149,25.647,23.701,23.646,9.415,17.122,23.121,28.086,26.366,-0.131,4.341,-2.176,9.804,25.537,17.646,24.524,25.723,24.429,24.874,25.267,-19.524,-9.061,-15.829,-5.295,6.106,-7.229,4.199,16.002,17.197,27.013,29.357,29.475,19.829,16.863,-21.153,-8.624,-22.502,22.171,26.899,19.131,20.786,27.119,17.194,28.137,24.558,25.033,26.736,6.176,13.654
"2039-03",-17.606,-15.612,9.508,3.363,-14.104,7.471,19.038,25.757,25.642,23.872,22.892,7.876,16.248,21.503,27.982,25.977,1.364,5.38,-0.955,11.994,29.887,23.831,27.37,25.91,23.627,23.901,27.975,-17.362,-9.094,-7.534,-1.326,10.337,-0.566,8.273,21.658,22.895,27.087,28.753,28.496,17.989,17.678,-24.986,-10.565,-23.253,22.109,26.956,19.359,20.674,27.728,17.102,27.878,24.487,25.56,27.825,5.463,14.332
"2039-04",-14.05,-7.972,10.647,8.815,-3.697,6.171,19.849,26.956,26.353,23.666,21.911,7.906,15.114,18.97,27.475,25.276,5.699,11.95,6.819,15.455,30.542,28.23,28.518,25.963,22.801,22.676,27.682,-9.315,-2.26,2.31,4.152,15.401,6.793,14.463,27.099,28.181,27.436,27.705,22.984,15.365,15.568,-29.25,-14.736,-16.413,21.302,27.578,20.115,19.385,27.999,17.699,28.365,24.116,27.371,30.015,4.644,15.339
"2039-05",-6.936,-0.367,14.503,15.992,3.031,9.997,22.29,26.738,26.898,23.173,21.97,6.287,13.453,16.886,27.787,24.826,9.795,14.021,16.664,18.927,30.192,30.635,29.349,25.932,20.493,21.659,27.521,-1.363,2.554,6.688,12.837,22.187,9.354,16.952,31.337,30.295,27.63,26.345,19.235,13.314,14.058,-31.176,-17.678,-6.568,19.996,27.634,21.039,18.213,27.729,18.871,28.783,23.185,28.668,30.271,3.379,16.122
"2039-06",-1.447,5.143,21.071,18.188,10.431,13.886,24.837,26.955,27.916,22.047,20.472,4.353,11.231,14.031,27.512,23.594,11.261,17.402,16.196,23.193,29.301,32.353,28.989,24.774,18.044,19.937,26.751,6.123,8.825,12.176,17.872,26.309,14.322,19.641,35.195,29.872,27.894,24.965,16.871,12.045,12.285,-33.166,-19.436,-0.671,18.697,27.384,22.393,16.895,26.979,20.724,28.615,21.843,29.479,29.857,2.545,16.649
"2039-07",0.869,8.986,22.66,22.091,10.896,16.935,26.987,27.09,28.816,21.464,21.587,3.625,10.782,13.647,28.356,23.463,13.785,19.854,20.333,25.649,27.721,33.081,27.031,23.982,16.774,18.782,25.751,10.674,12.387,16.929,20.449,28.761,16.573,22.513,35.9,29.323,27.49,24.488,15.78,11.288,11.689,-32.348,-21.353,0.455,17.871,26.643,23.471,15.978,26.433,22.566,27.803,20.7,27.434,29.059,1.125,16.962
"2039-08",0.248,8.926,22.106,20.377,10.047,16.93,27.405,27.547,29.472,21.994,22.969,3.494,11.491,15.145,29.75,23.941,13.805,17.885,17.34,25.081,26.794,32.673,27.084,24.344,18.084,20.17,25.889,7.073,12.301,15.19,16.6,27.984,16.437,23.38,34.835,28.08,27.293,24.491,16.772,11.382,11.685,-31.663,-23.632,0.127,17.299,26.156,24.31,15.452,26.149,23.448,27.559,20.201,26.828,28.726,0.45,16.77
"2039-09",-4.021,3.594,16.92,17.427,3.869,15.151,26.072,27.364,29.446,22.719,26.351,4.166,11.963,16.036,30.989,25.83,11.414,16.274,17.071,22.884,26.955,31.505,27.658,25.07,19.903,21.374,25.964,3.099,7.263,7.085,13.699,23.395,11.58,20.643,31.788,27.359,27.3,26.38,20.814,12.202,12.157,-36.473,-21.627,-2.903,17.427,25.954,24.085,15.385,26.126,23.092,27.624,20.173,26.921,28.624,0.323,15.971
"2039-10",-9.689,-0.5,13.832,12.075,-1.121,12.636,23.8,26.473,28.646,22.101,26.554,6.622,12.453,16.953,30.622,27.813,7.267,11.52,10.063,19.015,27.713,28.975,26.809,25.302,21.901,23.21,25.752,-4.915,-1.306,-4.23,3.781,17.352,3.988,14.362,26.828,24.963,27.212,28.261,24.132,12.648,12.373,-31.059,-21.239,-7.401,17.882,25.629,23.259,15.737,26.562,22.049,27.357,20.573,26.513,28.554,1.022,15.032
"2039-11",-12.655,-6.302,9.043,8.05,-10.683,5.969,21.256,25.771,27.59,21.785,24.926,7.055,14.073,18.935,28.338,27.601,3.434,8.611,1.831,14.743,27.21,23.572,26.337,25.814,22.51,24.083,25.527,-14.724,-9.742,-11.378,-2.084,11.017,-0.096,10.025,23.039,21.782,26.874,29.272,27.569,14.426,13.199,-25.174,-15.373,-14.487,18.761,25.583,21.888,17.09,27.048,20.322,27.312,21.721,27.119,27.72,2.397,14.09
"2039-12",-15.845,-13.2,1.965,2.89,-18.825,1.469,17.061,24.603,26.486,22.231,24.197,8.054,15.721,21.416,27.141,27.899,-1.689,4.903,-4.614,11.883,24.973,19.35,25.091,25.482,23.525,24.605,24.642,-22.383,-15.886,-18.315,-7.521,8.07,-4.714,6.669,19.237,18.126,26.742,29.594,30.51,17.002,14.941,-19.935,-9.697,-23.58,19.971,26.004,20.457,18.578,27.489,18.649,27.665,23.024,26.895,26.851,4.055,13.292
"2040-01",-20.046,-20.119,-1.193,1.66,-22.511,-0.928,15.924,25.12,25.673,22.729,22.716,9.385,16.779,22.733,26.173,26.53,-2.292,3.06,-11.681,10.196,23.019,17.046,23.648,25.477,24.389,25.181,23.088,-26.891,-16.979,-17.855,-10.799,3.395,-5.795,4.973,15.065,16.838,26.284,29.089,29.68,19.171,16.625,-18.474,-7.623,-26.937,21.143,26.271,19.46,19.964,27.114,17.644,27.774,24.126,26.134,26.412,5.616,12.882
"2040-02",-21.881,-19.536,5.408,2.016,-21.118,3.91,17.563,24.61,24.859,23.34,22.918,9.809,16.694,22.568,26.684,25.901,-0.841,3.852,-3.907,10.332,25.711,18.975,25.168,25.454,24.242,24.975,25.523,-21.755,-12.36,-14.984,-7.889,6.709,-6.49,5.628,18.47,18.331,26.848,29.31,29.63,19.379,17.457,-22.1,-8.153,-26.118,21.78,26.442,18.795,20.722,26.992,16.77,27.67,24.674,25.177,27.065,6.129,13.405
"2040-03",-18.364,-16.339,7.646,5.732,-11.507,3.324,17.895,25.699,25.115,23.576,22.698,9.115,15.747,20.738,27.158,26.224,0.011,3.765,0.114,11.07,29.809,23.529,28.223,26.143,24.18,24.856,28.268,-18.046,-11.438,-9.422,0.855,10.852,-0.731,8.592,22.607,23.24,26.91,28.656,27.895,18.014,17.459,-27.215,-12.653,-20.645,21.719,26.603,19.199,20.645,27.669,17.066,27.756,24.488,26.04,28.227,5.514,14.175
"2040-04",-13.231,-8.216,11.258,9.271,-4.35,8.332,21.064,26.511,25.753,23.331,22.038,7.9,15.123,19.758,26.78,25.152,4.359,9.362,7.477,14.998,30.726,27.239,29.418,26.35,22.455,23.075,28.621,-11.424,-4.305,-1.833,6.634,15.988,6.285,13.845,26.424,27.589,27.288,27.649,24.359,16.205,16.565,-30.764,-16.292,-15.073,20.933,26.89,19.963,19.864,28.089,17.881,28.499,24.06,27.358,29.869,4.304,15.118
"2040-05",-6.651,1.126,17.284,12.984,4.588,13.497,23.392,26.613,26.623,22.678,21.437,5.145,12.657,16.124,27.122,24.889,8.344,15.16,16.157,18.875,30.227,30.424,29.595,25.869,20.681,21.733,27.652,-0.3,2.54,7.281,11.9,21.752,9.998,16.341,31.425,30.112,27.743,26.779,21.05,14.532,15.279,-31.411,-15.962,-5.634,19.797,27.135,20.888,18.056,27.724,18.865,28.74,22.993,29.141,30.775,3.032,16.073
"2040-06",-1.683,6.655,21.475,17.897,10.676,15.453,25.573,26.985,27.828,21.627,17.789,4.813,10.747,13.708,26.105,23.397,11.038,17.357,16.354,22.367,28.904,32.435,29.214,24.807,18.377,19.432,26.957,6.928,9.597,14.271,17.885,27.556,15.246,19.706,34.962,30.618,27.729,24.61,16.318,11.942,13.888,-34.395,-19.053,-0.899,18.696,27.053,22.101,16.725,27.191,20.587,28.448,21.986,29.271,30.242,2.066,16.55
"2040-07",1.107,10.289,24.229,21.829,12.276,18.169,27.127,26.659,28.234,21.571,19.2,4.359,10.774,13.465,26.755,22.849,13.287,18.934,21.686,25.017,28.778,32.934,28.316,24.318,17.559,18.718,26.711,9.521,14.011,16.605,20.144,29.468,16.551,22.916,35.691,28.723,27.232,24.585,14.79,11.026,12.8,-36.051,-24.665,0.008,17.766,26.535,23.243,15.847,26.771,22.297,27.718,21.024,27.266,29.128,1.505,16.827
"2040-08",-0.23,9.156,23.124,21.641,9.227,18.361,26.411,27.374,28.981,21.775,21.135,4.199,11.321,14.24,28.141,23.887,11.957,19.719,18.33,26.279,27.277,33.112,27.316,24.845,18.238,19.603,26.343,5.999,12.75,13.833,17.433,29.285,16.031,23.218,35.45,28.2,27.274,24.419,16.75,11.273,11.855,-35.236,-25.591,-1.225,17.276,26.237,23.9,15.389,26.426,23.31,27.689,20.354,27.081,28.704,0.605,16.595
"2040-09",-5.027,4.126,18.076,17.881,6.608,15.272,25.442,27.401,29.448,22.253,23.983,5.086,12.044,15.953,29.368,26.315,9.55,16.277,14.621,23.83,27.246,32.02,27.875,25.576,19.341,21.378,26.411,1.62,6.922,7.333,11.139,24.25,10.42,19.851,32.89,27.473,27.519,26.92,20.634,12.156,12.699,-33.835,-23.125,-4.501,17.366,26.011,23.831,15.36,26.479,23.026,27.693,20.135,26.88,28.994,0.7,16.056
"2040-10",-7.798,0.712,13.146,13.309,-2.476,9.848,22.815,26.176,28.474,22.274,26.081,5.575,12.62,17.349,29.7,28.586,5.75,12.178,6.664,19.618,27.391,29.347,27.225,25.612,22.234,23.192,25.939,-7.435,-1.036,-1.247,4.115,16.696,5.234,15.952,27.68,24.693,27.429,28.261,23.716,13.591,13.088,-32.173,-19.591,-9.908,18.08,25.913,22.871,15.89,26.743,21.519,27.468,20.581,27.1,28.347,1.214,15.03
"2040-11",-12.383,-8.092,7.23,8.728,-10.803,4.102,19.592,25.727,27.496,21.821,24.58,8.048,13.755,18.708,27.855,27.534,3.116,9.325,-0.164,14.919,26.568,22.797,26.109,25.899,22.683,24.614,25.283,-15.945,-7.861,-11.495,-4.339,10.84,-3.272,9.751,22.15,20.484,27.243,29.234,27.673,15.476,14.257,-25.185,-13.177,-17.617,18.925,25.763,21.618,16.909,27.226,20.143,27.253,21.583,26.772,27.553,2.562,13.866
"2040-12",-17.151,-14.278,2.514,5.312,-16.505,2.237,16.732,24.222,26.112,21.933,23.396,8.602,15.226,20.615,26.301,26.637,-2.014,4.807,-7.438,10.764,23.782,17.506,24.538,25.362,23.445,24.729,23.969,-21.908,-14.336,-18.711,-14.179,4.262,-7.84,5.397,16.441,16.375,26.913,29.233,28.848,17.501,15.93,-19.898,-8.534,-19.945,20.069,25.892,20.241,18.486,27.438,18.705,27.412,22.719,26.256,26.717,4.129,13.029
"2041-01",-21.088,-22.029,-2.564,-1.006,-15.605,-1.285,16.318,24.446,25.417,22.579,22.847,8.5,16.125,21.88,26.125,25.925,-3.747,3.539,-7.503,10.537,23.171,16.926,23.825,25.276,23.776,25.037,23.889,-27.618,-15.224,-18.393,-11.109,4.295,-8.701,4.578,14.798,15.894,26.47,29.589,29.083,18.649,18.719,-18.36,-7.252,-26.203,21.143,25.986,19.336,20.214,27.297,17.339,27.589,23.71,25.097,26.597,5.484,12.805
"2041-02",-19.387,-22.274,1.463,1.825,-20.861,0.006,16.186,24.047,24.342,23.142,23.176,9.631,16.542,22.457,26.597,25.599,1.474,5.023,-3.593,10.403,26.21,19.3,25.063,25.091,23.87,25.582,25.61,-23.499,-11.983,-19.593,-12.177,3.711,-8.634,3.579,16.059,17.498,26.753,28.777,29.941,19.764,18.424,-21.131,-8.173,-23.602,21.77,26.164,18.798,20.65,27.019,16.693,27.542,24.238,24.67,26.496,6.037,13.158
"2041-03",-21.152,-16.092,5.846,4.859,-11.259,3.722,17.679,25.313,24.935,23.081,22.026,10.164,16.666,21.757,26.202,25.077,2.97,7.357,1.651,12.574,29.435,23.134,26.964,25.324,23.448,24.246,27.446,-19.013,-12.221,-9.408,-1.37,10.027,-1.641,7.979,21.17,22.574,26.986,28.466,27.991,18.118,17.379,-26.535,-13.356,-23.219,21.688,26.312,19.176,20.675,27.453,16.888,27.545,24.39,25.368,27.946,5.515,14.051
"2041-04",-13.623,-6.38,11.993,10.177,-2.612,6.569,21.081,26.722,25.849,22.998,22.442,6.22,14.253,18.739,26.41,25.161,5.441,12.035,10.069,16.11,30.394,27.69,29.059,25.729,22.28,23.351,28.72,-9.652,-5.277,-2.076,4.104,17.251,3.558,12.713,28.284,28.094,27.482,27.709,23.59,16.049,15.501,-30.04,-13.114,-11.527,20.908,26.709,19.786,19.738,27.692,17.751,27.874,23.772,26.962,29.442,4.531,15.198
"2041-05",-7.301,1.219,15.884,14.516,4.337,10.935,22.531,26.844,26.857,22.237,20.915,5.969,12.553,16.324,26.507,24.424,9.797,14.51,12.918,18.705,28.273,30.761,28.948,25.32,20.026,21.325,26.726,0.147,3.365,7.749,10.775,22.258,10.021,16.672,32.732,30.058,27.757,26.217,20.244,15.082,14.263,-31.244,-17.398,-4.92,19.751,26.866,20.631,18.187,27.023,18.747,28.348,22.978,28.347,30.235,3.294,15.981
"2041-06",-1.614,6.138,22.217,18.409,8.011,15.455,25.645,26.445,27.255,21.462,19.469,4.784,11.656,15.191,25.767,22.617,11.871,17.218,18.633,21.834,28.293,33.383,28.361,24.32,17.808,19.108,26.389,7.249,9.219,14.243,17.013,28.785,14.023,20.483,35.218,29.251,27.595,25.191,16.399,12.356,13.115,-32.988,-19.755,-0.603,18.651,26.756,21.844,17.06,26.351,20.684,28.033,21.5,28.526,29.277,2.055,16.517
"2041-07",1.486,11.76,24.665,21.381,10.709,18.833,27.387,26.831,28.171,21.485,19.007,4.62,11.274,14.554,26.698,22.538,14.807,19.783,21.702,25.496,27.16,32.412,26.991,23.912,17.05,18.698,26.028,8.82,13.695,16.195,20.06,30.706,16.746,22.825,35.431,27.88,27.162,25.008,17.005,12.241,12.191,-33.658,-24.265,0.372,17.699,26.204,22.964,16.12,25.9,22.499,27.216,20.531,26.517,28.814,1.084,16.828
"2041-08",0.035,9.22,25.479,22.474,9.009,18.751,27.935,27.266,29.024,22.371,22.272,3.154,11.387,14.071,29.165,23.505,13.732,19.9,19.105,26.022,26.419,32.762,26.681,24.464,18.333,19.217,26.031,6.434,11.757,14.677,17.337,28.988,16.032,23.217,35.139,27.573,27.323,25.546,18.553,12.009,12.339,-36.484,-22.438,-0.448,17.312,26.306,23.774,15.29,25.643,23.349,27.009,19.989,26.545,28.372,0.97,16.649
"2041-09",-5.504,4.175,20.369,18.149,4.527,13.977,25.992,27.457,29.328,23.16,25.47,4.796,12.488,15.854,31.11,24.874,11.334,16.486,17.418,22.659,26.109,30.617,26.855,24.85,19.531,20.55,25.657,1.993,5.261,6.956,13.23,23.697,9.779,20.669,31.749,26.554,27.334,26.294,19.416,11.673,12.407,-35.443,-25.034,-2.715,17.317,26.117,23.888,15.47,25.736,23.139,26.951,20.107,26.011,27.969,0.657,15.881
"2041-10",-5.619,-1.083,12.575,13.648,-4.798,9.709,22.598,25.73,28.361,22.242,26.495,6.143,12.667,16.931,30.006,27.408,5.206,10.883,9.309,18.769,26.719,28.017,26.561,25.345,21.1,22.045,25.579,-5.142,0.716,-0.101,6.453,17.807,5.438,16.003,26.329,24.383,27.145,28.348,23.898,12.57,12.846,-31.48,-21.24,-7.357,18.071,25.921,22.69,15.893,26.261,22.178,27.174,20.609,26.043,27.94,1.344,14.973
"2041-11",-11.872,-7.283,5.482,6.716,-11.487,4.616,19.355,25.397,27.077,21.9,25.339,7.416,14.455,19.36,28.17,27.419,5.149,8.37,2.594,14.004,25.726,22.097,25.535,25.565,22.106,23.62,25.09,-13.807,-9.078,-15.253,-6.273,7.609,-4.793,9.283,19.963,19.297,26.945,28.697,27.32,14.569,13.659,-24.099,-13.895,-14.178,18.69,25.812,21.746,17.037,27.104,19.906,27.114,21.457,26.452,27.318,2.792,13.752
"2041-12",-13.879,-14.224,2.519,1.507,-17.182,3.698,17.869,24.687,25.543,22.302,23.94,8.309,15.448,21.285,26.768,26.663,1.562,4.395,-3.134,11.165,24.433,18.911,24.899,25.373,23.087,24.534,24.225,-19.384,-13.794,-18.702,-8.284,4.207,-9.417,4.094,17.346,15.633,26.35,28.269,27.645,17.078,15.395,-18.508,-8.11,-20.197,20.002,25.961,20.117,18.769,27.302,18.28,27.27,22.446,25.872,26.618,4.29,13.143
"2042-01",-18.892,-21.245,1.412,1.775,-20.171,0.667,15.806,24.695,25.217,22.794,23.061,9.006,16.648,22.852,26.401,25.677,0.372,3.939,-4.206,8.648,23.674,16.498,24.39,25.143,23.538,24.528,24.039,-21.263,-15.511,-17.882,-8.166,3.244,-7.921,3.866,15.304,16.053,26.031,28.877,29.116,19.268,16.784,-17.442,-6.806,-24.02,21.1,26.21,19.269,20.188,27.228,17.322,27.223,23.659,25.54,26.274,5.583,13.065
"2042-02",-17.632,-23.261,5.4,3.804,-19.849,2.582,16.526,24.957,24.927,23.368,22.437,8.873,16.823,22.509,26.832,25.192,-2.456,3.446,-5.776,9.988,26.307,18.666,25.523,25.41,23.331,24.724,25.677,-25.633,-16.02,-18.736,-11.995,4.347,-8.232,5.133,17.973,16.804,26.572,29.335,29.817,19.491,17.073,-20.195,-9.164,-21.462,21.945,26.531,18.888,20.664,27.072,16.98,27.532,24.447,25.199,26.555,6.074,13.264
"2042-03",-17.883,-19.564,9.471,5.431,-19.536,4.24,18.718,25.708,25.103,24.122,22.825,8.376,16.52,21.767,27.497,25.321,3.271,7.413,2.275,12.232,29.102,22.994,27.469,25.36,23.535,23.738,27.248,-14.449,-7.83,-10.414,-1.996,9.426,-2.493,7.762,22.182,21.95,27.041,28.755,27.656,17.732,16.678,-25.235,-12.246,-19.819,21.883,26.78,19.008,20.495,27.324,16.892,27.588,24.368,25.411,27.902,5.687,14.14
"2042-04",-14.256,-8.863,10.305,8.498,-5.165,6.382,19.836,26.813,25.894,24.038,22.278,8.669,15.501,19.711,27.713,25.286,5.921,11.861,7.629,15.771,30.336,27.384,28.941,25.902,22.964,23.562,28.224,-6.798,-3.299,2.864,9.062,17.304,5.72,13.027,28.069,27.813,27.114,27.594,24.752,16.794,15.152,-31.668,-16.052,-14.256,21.08,27.221,19.727,19.77,27.662,17.509,27.96,23.809,26.828,29.674,4.72,15.248
"2042-05",-6.56,1.202,15.965,14.452,3.696,12.025,23.13,27.336,26.917,23.835,21.4,4.908,13.667,17.799,27.355,24.408,9.868,16.081,13.755,18.456,29.112,30.133,29.031,25.759,20.48,22.024,27.094,1.127,3.353,9.467,12.471,20.519,9.613,16.221,31.106,30.437,27.608,25.641,19.777,14.503,13.943,-32.22,-17.546,-5.232,19.607,27.587,20.852,18.637,27.299,18.596,28.71,22.855,28.814,30.723,3.206,16.098
"2042-06",-0.572,6.289,21.927,18.749,9.037,15.015,25.547,26.776,27.658,22.849,20.035,4.339,11.2,13.829,27.228,23.305,12.545,16.758,18.045,22.281,28.678,32.487,28.661,24.438,17.457,19.398,26.479,7.243,9.845,13.71,16.927,27.106,13.858,20.432,35.121,30.242,27.438,23.795,15.876,12.039,12.89,-33.097,-18.037,-1.072,18.507,27.68,22.039,16.845,26.684,20.655,28.307,21.562,29.244,29.439,2.323,16.64
"2042-07",1.532,8.933,26.282,21.82,10.694,17.326,26.958,27.275,28.543,22.796,20.129,3.72,10.998,13.735,27.745,23.21,13.741,17.216,22.772,24.428,27.521,32.978,27.45,24.17,16.683,19.494,25.905,8.723,11.651,17.05,20.796,30.192,15.814,23.262,36.383,28.992,27.257,23.79,14.731,11.077,11.879,-34.424,-21.291,-0.093,17.804,27.427,23.419,16.185,26.121,22.026,27.805,20.913,27.515,28.721,1.517,16.937
"2042-08",0.334,7.766,24.248,21.788,7.826,18.906,27.536,27.865,29.062,23.685,23.172,4.664,12.176,15.151,29.661,24.235,13.808,18.978,23.666,24.961,27.231,32.483,27.726,24.524,17.206,20.149,25.93,7.581,12.244,12.619,19.998,30.239,15.865,23.41,35.171,28.347,27.13,24.054,15.524,10.838,11.991,-35.965,-23.099,-0.633,17.261,27.133,24.126,15.412,25.733,23.458,27.558,20.3,27.029,28.605,0.939,16.76
"2042-09",-3.419,4.46,20.951,19.182,3.964,15.423,26.295,27.888,29.187,24.185,25.299,4.237,12.446,15.739,31.324,25.926,11.422,17.077,13.456,22.863,27.233,31.702,27.837,25.612,18.779,21.331,26.066,2.159,7.606,9.859,12.125,23.458,10.976,20.342,32.386,27.162,26.876,25.302,20.212,11.883,12.281,-33.203,-20.482,-3.021,17.579,26.999,24.186,15.358,25.757,22.966,27.67,20.433,26.768,28.495,0.898,16.244
"2042-10",-6.797,-0.071,14.144,13.512,-2.902,10.829,23.374,26.795,28.633,23.659,27.931,5.945,12.922,17.448,31.497,28.322,6.268,12.616,9.912,19.294,27.27,27.985,27.349,26.031,22.101,22.752,26.011,-5.876,-0.552,1.2,7.678,18.749,3.403,16.298,28.289,24.518,27.314,27.844,24.809,13.309,12.78,-30.148,-16.769,-6.861,18.029,27.25,23.233,15.751,26.578,21.8,27.847,20.995,27.307,28.493,1.585,15.418
"2042-11",-11.818,-6.439,8.148,8.558,-9.72,6.561,20.188,26.131,27.258,23.596,27.086,6.521,14.357,19.912,30.161,28.412,2.89,9.074,3.467,15.2,26.769,22.679,26.268,26.171,23.322,24.063,25.518,-14.255,-7.712,-9.741,-0.506,10.406,-2.737,11.078,22.8,20.685,26.873,29.055,28.681,15.114,13.281,-23.568,-12.525,-14.67,18.667,27.009,21.904,16.899,27.167,20.122,27.783,22.102,27.375,27.52,2.773,14.332
"2042-12",-16.343,-13.439,5.149,6.036,-23.277,1.824,17.457,25.489,26.481,22.916,24.547,9,15.742,20.708,27.885,27.799,0.406,3.782,-5.084,9.751,23.453,17.061,24.562,25.549,23.971,25.251,23.798,-23.46,-15.238,-16.438,-8.26,4.562,-8.79,6.993,16.779,16.053,27.28,30.176,30.398,17.411,14.778,-18.373,-7.092,-21.851,19.91,27.28,20.485,18.184,27.505,18.748,28.144,23.709,26.522,26.623,4.472,13.345
"2043-01",-17.368,-19.447,-0.578,0.103,-18.942,0.549,16.578,25.404,25.554,23.568,23.956,9.512,17.481,23.063,27.529,27.181,-0.894,2.933,-5.23,9.345,23.712,17.625,23.504,25.452,24.268,25.61,24.634,-24.087,-15.389,-17.925,-10.548,2.933,-8.976,4.182,14.59,15.927,26.531,29.379,30.798,18.113,15.79,-17.459,-5.978,-25.057,21.313,27.502,19.582,19.814,27.236,17.738,27.577,24.603,25.025,26.387,5.814,13.276
"2043-02",-17.261,-20.648,6.023,1.355,-14.519,4.488,17.101,25.164,25.163,24.299,23.744,9.884,17.778,23.496,28.036,26.684,-1.131,2.319,-8.132,9.787,26.524,19.301,25.241,25.429,24.7,25.322,25.903,-24.546,-15.498,-17.373,-8.456,6.594,-4.953,4.986,18.126,19.235,26.393,28.995,30.021,18.685,16.659,-20.693,-8.138,-19.342,21.894,27.778,19.218,20.698,27.073,16.887,27.478,24.97,24.976,26.492,6.463,13.718
"2043-03",-15.493,-14.211,6.819,4.356,-9.676,6.032,18.221,26.121,25.364,25.051,23.369,8.852,17.321,22.546,28.919,26.394,0.125,5.46,2.229,11.889,29.234,23.1,28.043,26.239,23.717,25.093,27.763,-19.086,-10.627,-10.931,-1.887,10.55,-2.642,7.949,21.964,21.742,26.775,28.717,29.697,19.08,16.098,-26.292,-12.109,-19.132,21.927,27.931,19.372,20.833,27.652,17.048,27.936,25.071,25.54,28.028,5.801,14.474
"2043-04",-11.43,-6.314,12.316,9.97,-1.169,8.478,20.562,27.144,25.94,24.789,23.181,6.785,15.205,19.423,28.343,26.112,4.329,11.239,8.118,15.846,30.937,27.007,29.114,26.518,23.42,24.033,28.465,-11.036,-4.269,-2.809,5.666,16.417,5.025,12.49,27.681,28.553,27.666,27.699,25.1,16.773,15.349,-30.894,-13.301,-14.569,21.036,28.243,19.989,19.84,28.192,17.8,28.635,24.73,27.273,30.097,4.698,15.442
"2043-05",-6.155,0.474,16.945,14.013,5.92,12.257,23.724,27.83,27.029,24.349,21.94,4.916,13.298,16.817,27.302,25.153,7.292,13.158,12.537,19.633,30.954,31.057,29.789,26.51,20.816,21.719,28.445,-0.674,2.094,8.836,14.906,20.838,8.906,16.624,32.077,30.143,28.17,26.927,21.692,14.664,13.807,-32.579,-18.145,-5.68,19.582,28.379,21.114,18.307,28.254,18.92,29.075,23.659,29.064,30.864,3.528,16.336
"2043-06",-0.842,7.288,21.98,17.454,11.072,16.411,25.444,27.915,28.094,24.756,20.81,3.04,12.395,15.115,27.497,24.475,11.438,15.871,17.769,23.004,29.606,33.078,29.716,25.49,17.813,19.51,27.22,7.305,9.169,13.523,18.022,26.906,13.752,20.104,35.268,31.146,27.967,24.862,17.561,12.854,12.445,-32.281,-14.839,-0.145,18.376,28.755,22.568,16.897,27.274,20.435,28.96,22.569,29.62,30.84,2.279,17.024
"2043-07",1.216,10.247,25.536,22.544,11.403,16.952,27.539,28.4,28.847,24.824,21.089,3.003,11.143,12.599,28.379,24.245,13.166,18.252,20.534,25.799,29.307,34.442,29.349,25.237,17.946,19.694,27.425,10.357,12.627,17.729,21.896,29.527,16.332,22.607,36.514,29.273,27.648,23.839,15.587,11.807,12.017,-35.008,-19.647,0.021,17.822,28.588,23.744,15.584,26.167,22.404,28.433,21.232,28.357,29.377,1.618,17.261
"2043-08",0.587,9.908,25.245,22.05,10.793,18.453,28.063,28.908,29.545,25.494,24.044,4.907,12.608,14.554,30.959,25.431,13.176,19.547,21.859,26.102,28.016,34.282,29.307,25.514,18.817,19.997,27.407,7.44,12.33,15.352,17.735,29.771,14.969,22.475,36.322,29.384,27.769,24.662,18.549,12.402,12.395,-35.999,-22.039,0.006,17.189,28.265,24.562,15.307,25.848,23.495,28.146,20.836,27.906,29.744,1.015,17.221
"2043-09",-1.181,5.027,20.358,19.835,4.742,14.643,27.127,28.688,29.638,25.877,27.737,4.931,12.962,14.859,32.942,27.436,10.779,16.874,12.727,23.163,27.831,31.61,28.89,26.135,20.63,21.444,26.897,1.389,7.5,8.218,13.25,25.563,12.305,20.608,33.396,27.548,27.523,26.069,22.238,13.238,12.514,-35.969,-17.77,-2.797,17.43,28.534,24.473,15.001,25.999,23.622,28.231,20.842,27.935,29.213,0.547,16.468
"2043-10",-6.722,0.011,14.967,14.379,0.002,10.732,24.1,28.56,29.153,25.943,29.462,6.273,14.22,17.026,33.579,28.35,6.412,12.297,9.322,18.667,28.557,28.82,28.55,26.922,22.084,23.921,27.314,-7.018,-0.795,-0.053,6.128,19.043,3.94,16.035,28.725,24.952,27.948,27.546,25.725,13.88,12.807,-30.434,-14.609,-7.382,17.777,28.504,23.676,15.803,26.72,22.309,28.592,21.316,27.862,29.261,1.133,15.658
"2043-11",-10.248,-9.063,6.258,9.183,-9.223,5.812,19.807,27.234,28.306,25.376,28.761,6.69,15.088,20.066,31.795,28.579,4.584,7.777,-2.401,12.959,27.022,21.936,27.59,26.559,23.024,24.858,26.23,-17.075,-7.663,-13.641,-6.101,9.005,-1.333,10.452,22.36,21.442,28.147,29.046,27.977,15.241,13.8,-24.87,-12.675,-10.282,18.781,28.736,22.457,17.253,27.064,20.721,28.548,22.231,28.086,28.818,2.686,14.435
"2043-12",-14.713,-12.421,-2.143,1.979,-12.48,-1.374,17.779,26.999,27.334,25.32,27.427,9.315,16.741,21.172,31.499,28.389,-2.904,5.307,-5.362,12.206,24.329,19.154,25.683,26.345,24.025,25.234,24.702,-19.583,-12.029,-19.961,-9.33,6.448,-7.084,3.931,17.084,17.161,27.785,30.311,30.832,16.777,15.787,-18.91,-9.045,-16.672,20.206,28.885,21.02,18.481,27.647,18.775,28.691,23.555,27.156,28.221,4.329,13.83
"2044-01",-16.68,-20.426,-4.398,-2.689,-16.453,1.594,16.597,25.627,25.635,25.443,26.491,10.049,18.297,23.872,31.033,27.735,0.288,4.336,-8.251,10.177,25.118,18.469,25.682,26.502,24.214,26.527,25.162,-21.804,-13.163,-17.517,-8.833,3.862,-7.148,3.367,16.764,16.753,26.85,30.013,32.745,19.577,15.937,-16.348,-4.976,-20.845,21.537,28.965,19.849,20.419,27.774,17.801,28.766,24.808,26.7,27.504,5.687,13.797
"2044-02",-19.877,-20.254,-0.244,1.077,-17.148,3.007,16.518,25.571,24.691,25.55,26.086,10.249,18.177,23.732,30.281,28.466,-3.912,5.203,-6.528,11.908,28.638,22.193,28.135,27.103,26.001,26.152,28.549,-26.108,-15.693,-19.416,-9.132,7.643,-3.648,5.778,20.018,19.38,27.851,29.821,30.841,18.831,16.609,-20.003,-8.038,-25.256,22.201,28.999,19.251,21.234,28.43,17.057,28.962,25.587,26.414,27.924,6.348,14.058
"2044-03",-18.832,-12.469,8.578,7.695,-8.624,5.707,17.495,26.495,25.28,26.165,25.906,8.861,18.274,22.439,30.588,28.254,-0.59,6.506,1.021,12.696,31.056,24.586,29.403,27.771,25.97,26.931,29.692,-21.131,-11.251,-10.107,-0.786,12.631,0.833,8.927,22.359,23.898,28.486,29.821,28.633,18.807,15.952,-26.054,-11.836,-24.313,21.92,29.159,19.395,21.091,29.012,17.259,29.554,25.974,26.814,29.135,5.728,14.946
"2044-04",-13.861,-6.184,10.583,10.225,-0.551,8.599,19.311,27.312,26.03,25.976,24.9,6.274,16.598,20.436,29.78,27.685,5.074,10.384,9.816,15.424,32.688,28.899,30.496,27.764,23.582,25.235,30.282,-7.639,-2.564,0.854,9.137,17.714,6.476,13.487,27.73,28.548,29.2,29.491,26.571,17.123,16.103,-27.758,-14.272,-15.191,21.089,29.111,19.996,20.219,29.419,18,29.779,25.33,28.185,31.396,4.575,16.06
"2044-05",-5.61,3.276,16.335,14.087,7.172,11.466,22.925,28.699,27.252,25.633,24.16,5.726,14.982,17.878,28.561,26.452,9,15.405,14.228,18.867,32.205,30.83,31.065,27.347,21.784,23.389,29.848,1.028,2.765,8.103,12.42,20.72,9.941,16.742,31.08,30.693,29.3,27.174,19.14,13.899,14.636,-31.458,-16.416,-4.512,19.996,29.514,21.179,18.547,28.999,19.302,29.961,24.067,29.688,31.98,3.456,16.768
"2044-06",0.054,8.033,20.521,17.58,14.023,14.923,25.686,28.384,28.874,24.016,23.411,5.32,12.415,15.016,29.139,25.653,12.254,16.621,17.622,22.289,31.149,33.907,31.059,26.033,19.235,21.269,28.672,7.769,10.791,13.561,17.926,26.896,13.75,18.826,36.015,33.258,29.034,26.088,17.717,13.294,13.755,-32.15,-19.074,-0.316,18.886,28.53,22.393,16.994,27.696,21.064,29.662,22.531,30.745,31.533,2.474,17.344
"2044-07",1.692,10.785,24.051,20.491,14.273,17.405,27.574,27.84,29.322,22.963,22.419,4.156,11.464,13.456,29.347,24.876,13.342,18.818,18.242,25.182,28.486,34.229,29.098,25.584,18.21,20.542,27.125,10.643,14.093,17.485,18.828,29.576,16.569,22.239,37.21,30.451,28.069,25.356,16.605,11.499,12.919,-33.455,-20.503,0.497,17.938,26.878,23.507,15.98,26.841,22.791,28.922,21.662,29.178,29.908,1.606,17.344
"2044-08",0.945,10.334,23.51,21.16,9.865,18.128,28.017,27.939,29.865,23.087,25.191,4.051,11.392,14.396,30.731,25.628,14.392,18.196,18.646,25.794,27.056,33.436,27.173,25.621,18.913,20.648,26.194,7.807,12.483,13.981,16.153,29.447,16.27,23.517,36.056,28.877,27.827,26.156,19.201,11.856,12.758,-35.695,-21.412,-0.052,17.598,26.418,24.02,15.526,26.273,23.578,28.615,21.154,28.369,29.344,0.525,17
"2044-09",-3.34,6.352,18.682,18.097,5.25,15.801,26.59,27.685,29.755,23.375,28.135,3.925,12.085,16.217,31.948,27.294,10.052,16.023,13.37,22.895,27.566,31.362,28.26,26.205,21.128,21.907,26.538,2.901,7.885,9.394,12.725,23.575,11.822,20.662,32.109,27.178,27.767,27.248,20.357,11.665,12.303,-33.793,-19.018,-1.864,17.507,25.69,24.101,15.473,26.366,23.261,28.081,20.875,27.775,28.768,0.229,16.256
"2044-10",-8.314,-0.02,12.977,12.762,-1.481,11.5,22.881,26.052,28.482,22.391,27.724,6.782,12.765,17.147,30.232,28.522,7.903,14.381,7.539,19.745,27.908,28.034,26.852,26.37,23.032,24.191,26.084,-5.972,-0.208,-0.374,4.112,16.365,4.063,16.329,26.6,24.16,27.565,28.913,24.74,13.169,13.764,-29.085,-18.503,-6.13,18.007,25.673,23.053,15.622,26.899,21.929,27.998,21.488,27.506,28.265,0.988,15.303
"2044-11",-12.73,-7.023,7.889,9.272,-10.764,4.118,19.51,25.925,27.828,22.066,25.902,7.258,14.592,19.916,28.292,28.467,3.994,6.926,-0.954,12.51,26.48,21.856,26.25,26.277,23.437,24.838,25.389,-14.197,-8.179,-8.949,-3.497,9.591,-2.288,11.215,21.511,21.037,27.78,29.771,28.43,15.249,14.631,-22.917,-11.191,-11.791,18.916,25.314,21.945,16.968,27.407,20.21,28.33,22.378,27.891,28.057,2.551,14.228
"2044-12",-15.742,-13.92,0.357,2.319,-16.876,-0.678,16.97,25.582,26.667,22.491,24.125,9.168,16.289,21.339,26.103,26.499,0.594,4.513,-4.825,9.515,22.806,16.366,24.272,25.448,24.158,25.316,23.591,-19.335,-12.838,-16.592,-7.136,5.067,-7.926,5.732,15.934,16.145,27.688,30.327,30.431,17.036,15.732,-18.685,-8.077,-19.911,20.089,25.576,20.624,18.491,27.451,18.614,28.587,23.499,26.995,27.445,4.388,13.3
"2045-01",-18.401,-19.159,7.151,4.567,-22.71,1.559,17.866,25.268,25.572,23.233,23.334,9.992,17.685,22.983,26.478,25.285,-1.86,4.016,-5.042,9.275,23.066,15.773,23.359,25.159,24.115,25.074,23.609,-24.265,-14.372,-17.423,-8.997,3.82,-10.097,3.829,14.319,15.311,27.741,29.698,30.845,19.135,17.299,-18.423,-6.9,-22.603,21.349,25.423,19.735,20.071,27.173,17.663,28.272,24.196,25.861,27.211,5.629,13.182
"2045-02",-22.646,-20.186,4.579,3.235,-21.519,2.785,16.684,24.884,25.037,23.653,22.886,11.21,17.941,23.573,27.239,25.234,1.794,6.182,-1.331,10.392,26.192,18.558,25.15,25.235,24.618,25.394,25.546,-22.99,-11.96,-13.074,-5.27,5.099,-5.814,6.393,16.223,17.99,27.825,29.356,29.948,20.01,17.22,-22.663,-9.245,-23.786,21.991,25.659,19.035,20.67,27.053,16.976,28.062,24.457,25.342,27.437,6.143,13.526
"2045-03",-19.788,-15.635,6.932,6.219,-11.955,3.431,18.191,25.697,25.048,23.628,23.115,9.285,16.913,21.877,27.883,25.529,0.643,5.95,1.827,12.47,29.552,22.7,26.852,25.358,23.697,24.895,27.128,-15.49,-10.159,-7.661,0.434,10.327,-0.655,9.012,20.592,22.412,28.337,29.211,27.759,17.706,17.94,-28.215,-12.198,-20.681,21.739,25.636,19.403,20.795,27.309,17.229,28.437,24.619,25.846,28.865,5.616,14.26
"2045-04",-12.673,-4.367,13.263,10.301,-0.648,8.193,20.434,26.534,25.59,23.29,22.307,8.667,15.663,20.163,27.37,24.923,4.006,9.598,9.431,15.374,30.708,27.846,28.505,25.311,22.888,23.629,28.099,-11.167,-5.28,0.192,7.707,16.341,5.437,12.631,27.194,26.828,28.185,27.593,23.141,16.173,16.073,-30.156,-14.101,-16.657,20.811,25.775,19.876,19.733,27.903,17.87,27.879,23.64,26.203,29.534,4.551,15.164
"2045-05",-6.125,1.29,17.729,16.295,4.198,12.692,23.31,26.581,26.755,22.002,21.74,4.888,12.554,16.562,26.977,24.214,9.698,13.669,14.53,17.654,28.449,30.525,28.789,24.522,20.807,21.953,26.948,-1.259,3.023,6.818,14.627,24.583,11.536,17.662,31.902,30.271,27.946,26.332,20.453,14.969,14.801,-32.149,-15.668,-5.907,19.748,26.074,20.781,18.06,26.808,19.24,28.209,22.551,28.467,30.386,3.225,15.989
"2045-06",-1.45,7.302,22.651,19.2,9.048,16.254,25.773,26.314,27.642,20.978,20.567,2.686,11.128,14.76,26.852,23.226,13.025,16.629,19.114,22.849,27.962,31.945,27.869,23.321,17.981,20.001,26.004,7.877,9.51,15.066,19.567,27.59,15.123,20.585,34.528,28.902,27.426,24.964,16.475,12.969,13.735,-31.167,-17.295,-0.012,18.615,25.602,21.872,17.046,25.97,20.767,27.638,21.257,27.879,28.903,2.046,16.578
"2045-07",1.512,11.629,25.174,23.096,8.915,18.923,26.715,26.609,28.29,20.599,20.227,4.018,10.888,14.63,27.065,22.612,15.202,18.595,22.698,25.364,27.298,32.846,26.796,23.369,17.599,19.82,25.725,9.36,12.869,17.391,20.627,29.892,17.305,23.546,35.602,28.068,27.682,24.87,15.45,11.69,12.602,-33.05,-23.722,0.039,17.87,25.506,23.044,16.063,25.817,22.378,27.353,20.397,26.963,29.089,0.969,16.843
"2045-08",0.554,10.113,24.589,21.448,8.662,19.746,26.972,26.868,28.642,21.321,21.769,4.555,11.476,15.045,28.578,23.313,14.407,18.241,22.871,25.563,25.824,32.161,26.325,23.872,18.219,20.257,25.313,6.518,13.162,14.035,17.703,29.686,15.93,24.08,35.464,27.527,27.619,25.784,18.428,11.623,12.149,-34.828,-25.609,-0.326,17.363,25.317,23.729,15.556,25.674,23.439,27.148,19.921,26.771,28.709,0.11,16.619
"2045-09",-4.41,5.027,21.877,18.759,3.632,17.629,26.437,26.903,28.982,21.966,25.376,4.304,12.208,16.425,29.558,25.708,11.389,16.732,16.924,22.89,26.737,31.155,27.376,24.815,20.503,22.139,26.159,2.648,6.644,6.629,13.011,22.457,10.705,20.323,32.222,27.272,27.659,27.259,22.12,12.465,12.725,-34.718,-22.275,-2.412,17.507,25.436,23.816,15.607,26.019,23.369,27.176,20.074,26.993,28.449,0.223,16.059
"2045-10",-5.627,1.25,14.789,14.755,-1.911,11.265,23.427,26.091,28.299,22.15,26.622,6.325,13.029,17.163,29.213,27.699,4.777,10.766,7.261,18.147,27.107,27.985,26.521,25.31,21.022,23.796,25.738,-5.973,-0.279,0.416,7.072,17.383,4.754,14.892,26.493,23.757,27.04,28.146,24.706,13.673,13.082,-31.068,-17.431,-6.989,17.925,25.54,22.882,15.798,26.541,22.13,27.043,20.615,26.456,27.701,1.291,15.071
"2045-11",-10.57,-6.101,8.408,8.842,-10.14,5.86,20.215,25.355,27.482,21.988,25.459,6.963,13.817,19.326,27.962,27.499,0.846,5.876,-4.41,13.099,26.033,22.393,25.375,25.289,22.144,24.376,25.065,-16.039,-10.969,-12.191,-9.093,9.135,-2.936,8.943,21.086,20.364,26.966,28.252,27.112,15.966,14.045,-25.142,-14.661,-11.382,18.931,25.567,21.719,17.126,27.043,20.425,26.987,21.5,26.596,26.99,2.413,13.796
"2045-12",-15.811,-12.173,1.88,3.456,-14.321,2.564,16.891,23.774,25.94,22.404,24.405,9.272,15.817,21.079,26.429,26.201,0.703,4.985,-2.645,11.28,24.098,19.214,24.665,25.084,22.897,24.95,24.046,-19.566,-15.443,-17.463,-7.367,7.059,-8.343,4.833,18.61,16.066,26.939,29.07,28.814,18.471,15.223,-20.071,-8.451,-19.127,20.082,25.981,20.235,18.505,27.261,18.885,27.29,22.723,26.227,25.977,4.348,13.326
"2046-01",-18.552,-17.587,1.857,0.866,-22.092,1.246,17.241,23.984,24.728,23.022,23.625,9.194,16.509,23.368,26.211,25.484,-3.051,4.168,-4.041,10.663,23.565,17.425,24.073,24.998,23.191,24.883,23.736,-20.439,-10.228,-19.457,-8.689,4.287,-9.433,3.815,15.495,14.79,26.501,28.04,28.506,19.797,17.131,-17.899,-7.461,-23.566,20.99,26.031,19.062,20.132,26.981,17.483,27.026,23.735,25.011,25.116,5.547,13.049
"2046-02",-17.03,-19.022,0.215,-0.711,-13.275,2.409,15.944,24.306,24.513,23.913,22.48,9.112,16.869,23.43,26.411,25.122,-0.908,3.899,-3.97,10.329,26.153,20.187,25.18,24.695,23.402,24.836,25.221,-24.401,-16.879,-18.16,-7.335,5.422,-7.099,4.444,18.229,16.853,26.741,28.043,28.813,20.003,17.503,-20.955,-9.342,-21.957,21.447,26.45,18.94,20.887,26.84,17.036,27.268,24.735,24.7,26.177,6.023,13.376
"2046-03",-14.615,-11.361,7.553,5.201,-9.943,4.051,17.947,25.582,24.707,24.51,22.928,8.547,16.608,21.755,27.438,25.75,0.198,7.865,2.106,13.332,29.891,24.53,27.026,25.129,23.238,23.693,27.541,-21.837,-12.863,-10.949,-1.978,11.97,-1.249,9.035,21.717,22.74,27.219,28.014,26.167,18.869,17.844,-25.962,-10.019,-23.487,21.635,26.958,18.99,20.755,27.578,17.266,27.15,24.353,25.046,27.559,5.674,14.248
"2046-04",-12.746,-6.594,12.118,10.231,-2.53,8.022,19.599,26.984,25.5,24.2,22.073,8.008,14.906,18.377,27.089,25.307,4.47,9.957,9.241,16.309,30.645,28.82,29.045,25.891,23.059,23.849,28.577,-10.539,-4.053,-1.049,8.134,17.269,4.84,13.068,28.441,27.921,27.587,27.71,23.506,16.8,16.435,-31.88,-14.175,-17.433,20.913,27.342,19.689,19.79,28.141,17.716,28.006,23.974,26.491,29.576,4.555,15.24
"2046-05",-5.769,0.359,17.982,16.376,5.703,11.529,22.835,27.314,26.812,23.956,21.262,6.133,13.191,16.68,27.064,24.761,9.518,12.588,14.389,17.906,29.588,30.453,28.925,25.415,19.796,22.06,27.549,-0.715,2.053,6.751,13.658,22.743,10.941,16.82,31.693,30.431,27.592,26.443,21.558,15.52,15.434,-34.371,-18.184,-6.09,19.787,27.51,20.762,18.564,27.483,18.901,28.355,22.85,28.477,30.258,3.283,16.051
"2046-06",-0.214,6.023,20.842,18.766,11.903,17.463,25.467,27.006,27.753,22.953,20.825,3.889,11.749,14.664,26.711,23.695,13.947,17.175,19.34,21.809,28.357,33.154,28.845,24.306,17.885,19.778,26.867,7.838,9.031,14.18,18.1,28.471,14.476,20.021,35.367,30.902,27.814,25.503,18.122,13.071,14.137,-32.845,-18.12,0.193,18.618,27.457,21.706,16.972,26.697,20.758,27.929,21.631,28.836,30.209,2.047,16.768
"2046-07",1.808,11.238,25.292,22.018,11.438,18.418,27.517,27.145,28.52,22.857,21.277,4.552,11.465,14.29,27.49,23.061,13.657,17.341,24.071,24.907,27.858,33.198,27.328,23.862,17.278,19.243,26.365,11.305,11.399,17.29,23.039,30.624,16.619,23.383,36.055,28.273,27.383,24.551,14.682,10.841,12.422,-34.654,-18.974,0.432,17.866,27.107,23.17,15.829,26.13,22.345,27.368,20.815,27.04,28.828,1.017,16.963
"2046-08",1.431,10.752,25.245,22.224,8.422,17.73,27.435,27.666,29.058,23.497,23.018,4.2,12.154,14.708,29.267,24.298,14.55,17.516,22.129,25.093,27.161,32.647,27.517,24.247,18.084,19.099,26.6,8.875,12.497,15.244,19.954,30.31,15.988,23.564,35.017,28.042,27.279,24.669,15.738,10.773,12.431,-34.179,-19.906,-0.176,17.277,26.961,23.884,15.201,26.095,23.426,27.245,20.141,26.624,28.476,0.728,16.873
"2046-09",-2.685,6.031,21.478,19.326,4.589,16.82,26.799,27.097,28.999,23.109,25.165,4.325,11.908,15.664,30.03,26.506,12.3,16.161,14.579,22.504,27.321,31.345,28.155,25.323,19.604,20.987,26.7,2.429,7.681,7.324,10.862,22.587,10.33,20.864,32.18,26.812,27.008,25.743,20.916,12.394,12.575,-34.254,-22,-2.446,17.384,26.646,23.727,15.465,26.302,23.647,27.53,20.296,26.467,28.846,0.491,16.084
"2046-10",-7.529,1.199,14.662,14.475,-2.651,9.245,23.317,26.725,28.367,23.32,26.74,5.471,13.127,17.806,30.356,28.467,9.076,13.268,9.182,19.373,27.376,28.552,27.768,26.188,21.286,22.962,26.422,-3.453,-0.69,0.147,5.755,15.296,2.851,15.69,28.36,25.245,27.442,27.889,24.468,13.539,12.946,-31.26,-18.407,-6.654,17.978,27.033,23.103,16.142,26.752,22.193,27.893,20.972,27.577,28.865,1.019,15.38
"2046-11",-10.403,-5.581,7.905,9.368,-9.245,4.961,20.152,26.598,27.467,23.118,25.321,8.052,14.376,19.618,28.75,27.707,4.386,8.025,1.474,14.191,27.037,23.364,26.882,26.235,22.869,24.562,25.957,-13.262,-10.451,-11.918,-3.996,10.261,-3.106,10.556,22.842,20.776,27.318,29.352,27.9,14.749,14.16,-25.066,-14.41,-12.296,18.916,26.844,21.87,17.087,27.183,20.563,28.06,21.886,27.406,27.845,2.664,14.316
"2046-12",-14.591,-12.215,2.41,4.244,-17.834,-0.618,17.791,26.175,26.873,23.069,24.635,8.765,15.856,21.534,27.679,27.455,-1.225,3.326,-6.857,11.04,24.152,18.286,25.407,25.83,24.579,25.054,24.857,-20.732,-11.715,-18.393,-12.373,6.62,-6.909,6.669,18.203,17.031,27.355,30.017,29.804,16.964,15.58,-19.033,-8.51,-18.186,20.152,26.962,20.46,18.531,27.552,18.94,27.909,23.265,26.52,27.207,4.181,13.471
"2047-01",-16.318,-17.838,-0.563,-1.249,-22.94,-0.327,16.52,25.376,25.577,22.857,23.355,11.019,17.163,22.251,26.765,25.996,-2.335,1.857,-12.173,9.817,23.075,17.265,25.026,25.606,24.281,25.432,24.121,-22.607,-14.973,-23.295,-17.792,1.608,-9.316,3.253,16.831,17.141,26.802,29.049,30.043,17.817,16.401,-16.459,-6.088,-21.482,21.478,26.802,19.422,20.101,27.367,17.457,27.403,24.4,25.953,26.183,5.688,13.07
"2047-02",-18.397,-20.532,5.935,2.865,-21.009,2.328,17.624,25.68,25.616,23.596,23.352,10.295,17.638,22.692,27.4,26.096,1.809,3.707,-4.862,9.557,24.76,18.186,24.68,25.795,24.508,25.643,24.869,-19.606,-14.466,-16.992,-9.275,3.238,-7.423,5.385,16.392,18.449,26.997,28.963,29.199,19.097,17.019,-20.045,-8.062,-20.548,21.957,27.253,19.057,20.597,27,17.313,28.24,25.312,25.654,27.291,6.335,13.638
"2047-03",-19.223,-16.535,9.572,3.97,-13.087,4.208,18.807,26.095,25.488,24.205,23.635,9.146,16.65,22.233,27.923,26.38,3.648,7.138,2.678,11.779,28.848,22.261,27.498,25.75,24.375,24.461,27.663,-10.526,-7.404,-6.193,0.948,9.024,-2.192,8.705,20.737,22.523,27.198,28.803,28.263,18.66,16.842,-27.439,-13.292,-19.472,21.894,27.327,18.978,20.884,27.391,17.076,27.852,24.625,25.71,28.601,5.728,14.456
"2047-04",-12.029,-7.346,12.279,8.347,-4.124,8.896,20.32,26.941,26.05,24.231,22.962,7.96,15.723,19.756,27.644,25.763,5.884,10.884,11.853,15.295,30.467,28.013,29.695,26.473,23.686,23.816,28.619,-5.102,-2.415,1.418,9.285,15.61,3.364,13.395,27.742,26.669,27.858,27.995,24.084,16.368,15.868,-31.049,-13.388,-14.163,21.107,27.792,19.828,20.069,28.12,17.876,28.469,24.353,27.385,30.09,4.622,15.506
"2047-05",-6.107,2.619,17.61,15.244,4.553,11.57,22.418,27.381,26.905,24.151,22.416,6.459,14.384,18.482,27.855,24.798,9.651,13.525,16.46,18.064,29.573,30.559,29.875,26.471,21.418,22.197,27.761,1.348,3.413,8.441,15.92,20.564,9.11,16.864,31.156,30.431,28.153,26.262,20.526,15.347,14.131,-31.718,-16.472,-4.846,19.814,28.085,21.018,18.505,27.981,19.16,28.72,23.374,29.022,30.805,3.319,16.435
"2047-06",-1.486,6.631,20.49,19.325,10.397,15.103,24.973,27.427,27.986,22.984,20.484,4.67,11.95,13.968,27.241,23.788,12.768,17.541,18.511,23.061,29.21,33.192,29.528,25.718,18.329,20.527,27.274,7.295,9.579,15.279,18.298,25.77,13.133,19.619,35.602,31.964,28.021,25.813,18.216,13.25,13.437,-33.41,-19.157,-0.766,18.796,28.022,22.241,17.082,27.38,21.073,28.742,22.319,29.912,30.534,2.272,16.93
"2047-07",0.649,9.815,24.546,22.224,10.802,19.677,26.633,27.798,28.912,22.919,20.996,4.109,11.762,14.849,28.058,23.572,14.734,20.271,21.269,25.437,28.51,34.271,28.504,25.127,17.973,19.754,26.967,9.518,13.244,17.347,20.912,29.322,15.765,22.387,36.906,30.726,27.582,24.417,15.903,11.861,11.981,-33.828,-21.349,0.459,17.709,27.661,23.447,16.124,26.643,23.017,27.908,21.079,28.278,28.563,1.311,17.217
"2047-08",-0.327,8.923,22.769,21.613,9.594,19.28,27.049,28.027,29.676,22.984,22.101,3.798,10.759,13.13,30.018,24.398,13.653,20.402,18.318,25.666,27.26,33.773,28.385,25.482,18.336,20.228,26.694,7.938,11.203,16.5,20.243,29.187,15.542,23.269,35.74,28.519,27.284,24.865,17.132,11.871,11.811,-31.942,-22.746,0.099,17.48,26.891,24.11,15.231,26.118,23.782,27.615,20.573,27.431,28.056,0.224,16.952
"2047-09",-4.642,4.684,18.361,18.348,5.118,15.212,26.169,27.298,29.69,23.097,27.068,3.615,12.152,15.848,31.348,26.171,12.27,18.749,18.322,23.938,26.688,31.976,27.994,25.979,20.072,21.378,26.075,2.5,7.881,7.999,12.487,25.258,11.382,21.511,33.227,27.823,27.341,26.182,21.375,13.064,11.918,-33.354,-20.157,-1.963,17.442,26.791,24.025,15.179,26.089,23.508,27.829,20.596,27.977,28.417,0.26,16.361
"2047-10",-9.131,-0.369,14.838,13.613,-1.838,11.686,24.198,26.998,29.147,23.21,28.151,6.266,13.456,17.951,31.417,28.241,8.485,13.121,7.599,18.968,27.266,28.737,27.62,26.308,22.361,23.967,26.065,-4.872,0.459,0.742,5.446,15.915,5.505,16.35,27.845,25.831,27.345,28.253,25.736,13.91,12.611,-29.527,-17.451,-5.729,18.064,26.343,23.338,15.701,26.656,22.149,27.847,20.938,27.824,27.626,0.881,15.472
"2047-11",-10.199,-5.738,8.751,6.861,-11.243,7.197,20.814,25.084,27.008,22.369,26.028,7.375,14.493,20.115,28.196,27.915,5.892,10.836,2.778,15.655,26.498,23.39,26.253,25.625,22.473,24.904,25.039,-12.996,-6.938,-9.355,-1.674,9.722,-1.145,11.503,23.059,21.412,27.167,30.082,30.076,15.756,13.223,-25.036,-12.958,-11.648,18.91,26.16,21.984,16.906,27.084,20.031,28.072,22.227,27.905,27.834,2.39,14.416
"2047-12",-15.026,-11.166,5.081,3.627,-16.421,4.514,18.264,24.541,25.772,22.726,24.548,8.335,15.596,21.461,26.954,27.664,0.32,6.029,-1.305,11.308,23.39,18.09,23.409,25.356,23.598,25.509,23.381,-20.159,-13.902,-18.954,-9.298,3.191,-7.394,6.419,15.472,16.481,27.153,29.905,29.83,17.574,15.142,-18.863,-8.932,-19.905,19.996,26.208,20.783,18.456,27.385,18.521,28.295,23.289,26.666,27.044,4.094,13.445
"2048-01",-15.624,-12.326,3.829,2.184,-13.772,4.781,16.758,24.074,24.931,23.158,23.351,9.875,16.916,22.733,26.603,25.528,0.208,4.891,-5.5,9.484,23.177,16.584,22.629,24.953,23.557,25.781,23.559,-26.276,-19.313,-22.107,-12.733,0.14,-9.248,3.173,13.246,15.842,26.965,30.048,31.223,19.91,16.946,-17.673,-8.27,-23.113,21.098,26.089,19.746,19.789,27.053,17.622,27.788,24.387,24.931,26.5,5.537,13.205
"2048-02",-18.648,-18.128,6.223,3.519,-16.303,4.124,17.8,24.832,24.705,23.745,23.462,9.926,17.12,22.914,27.769,25.855,-0.232,5.328,-4.849,10.78,25.977,19.197,23.777,25.217,24.119,25.411,25.555,-27.453,-16.374,-17.141,-12.473,4.96,-6.625,5.245,15.696,18.274,26.992,29.266,29.867,19.302,17.873,-21.899,-9.901,-25.453,21.869,26.066,19.255,20.483,27.036,17.129,27.731,24.989,24.779,27.137,6.013,13.43
"2048-03",-16.246,-12.642,7.825,6.097,-9.569,5.692,19.357,25.821,25.009,24.072,23.822,9.396,17.006,21.712,28.529,26.088,-0.501,7.055,-1.379,13.039,29.237,23.436,26.841,25.144,23.122,24.445,27.313,-22.783,-11.703,-14.749,-7.29,12.033,-0.249,8.98,21.634,23.948,27.389,28.417,27.742,18.834,17.483,-27.812,-14.467,-21.629,21.916,26.253,19.373,20.48,27.288,17.29,27.603,24.564,25.28,28.835,5.433,14.139
"2048-04",-13.201,-3.055,13.28,10.469,-4.16,8.831,21.168,26.781,25.569,23.661,23.81,6.688,15.888,19.929,27.43,25.715,3.865,9.869,7.773,16.284,30.727,28.552,28.405,25.723,22.447,23.89,28.578,-10.396,-3.678,-2.794,4.784,16.579,6.846,13.098,26.51,27.704,27.584,27.679,22.749,15.975,15.951,-30.704,-15.819,-17.999,20.978,26.624,19.845,19.578,27.754,17.87,27.962,24.189,26.378,29.741,4.245,15.181
"2048-05",-5.25,2.095,18.452,15.505,4.409,13.247,23.586,27.028,26.791,23.265,22.293,6.081,13.623,17.184,27.748,25.015,10.788,14.429,15.485,18.078,29.86,30.316,29.173,25.003,19.931,21.095,27.524,-0.886,1.566,7.004,13.153,23.22,11.369,16.399,30.687,30.786,27.713,26.235,20.147,14.777,14.849,-32.132,-14.748,-5.638,19.866,26.964,20.915,17.827,27.61,19.192,28.482,22.774,28.49,30.721,3.099,16.139
"2048-06",-0.975,7.873,22.919,20.72,7.391,15.174,25.565,26.782,27.956,21.56,20.928,4.03,11.619,13.891,27.149,24.084,13.159,17.208,18.358,23.135,29.116,32.739,28.262,23.967,17.754,19.788,26.828,6.274,8.25,14.772,17.042,27.687,16.221,21.58,34.255,29.225,27.408,25.181,18.587,13.672,13.446,-31.942,-17.89,-0.776,18.779,26.579,21.848,16.453,27.043,20.955,27.959,21.517,28.081,29.391,2.036,16.711
"2048-07",1.993,11.293,26.008,23.945,9.632,19.102,27.829,27.214,28.842,21.672,20.876,3.109,11.681,14.483,27.355,23.315,14.927,18.964,23.717,25.352,27.807,33.922,27.208,23.548,17.544,18.918,26.26,10.392,12.492,15.91,21.246,31.6,17.501,23.609,35.836,28.347,27.403,24.42,15.693,11.938,12.481,-34.554,-19.475,0.262,17.659,26.449,23.198,15.711,26.48,22.826,27.532,20.793,26.948,29.052,1.303,17.039
"2048-08",0.412,9.335,24.624,21.919,8.393,19.341,27.573,27.351,29.259,22.441,23.602,3.666,11.293,14.822,29.243,24.278,14.453,19.018,21.696,25.461,26.54,32.833,26.784,24.051,18.481,19.427,26.075,8.498,12.105,14.495,19.854,29.132,16.704,23.875,35.453,27.755,27.059,24.347,16.812,12.011,12.6,-35.898,-21.658,-0.333,17.386,26.202,23.783,15.085,25.884,23.878,27.194,20.389,26.375,28.856,0.289,16.726
"2048-09",-4.298,5.189,21.08,18.049,4.104,18.381,27.353,27.347,29.145,23.409,26.685,4.745,13.36,16.716,30.851,26.157,11.569,17.304,16.873,22.937,26.775,31.45,27.407,24.769,19.46,20.823,26.203,2.657,7.977,7.318,12.758,23.541,11.903,20.578,32.175,26.672,27.123,26.501,21.89,13.085,12.698,-34.794,-22.211,-3.037,17.349,26.153,23.751,15.04,26.101,23.689,27.241,20.192,26.316,28.31,0.337,16.087
"2048-10",-6.846,-1.604,15.306,13.813,-4.251,10.268,23.908,26.249,28.823,22.154,26.153,5.899,12.509,17.33,29.975,28.35,8.746,12.327,6.973,18.659,27.078,28.032,27.172,25.618,21.222,22.813,26.025,-6.031,0.362,-0.836,4.274,17.713,6.126,16.455,26.73,25.292,27.065,27.826,24.497,13.521,12.802,-31.393,-18.341,-6.98,17.788,25.938,22.7,15.754,26.496,22.297,27.116,20.792,26.223,28.198,1.305,15.05
"2048-11",-12.224,-9.966,7.727,8.935,-13.692,4.674,19.988,24.972,27.582,21.946,25.397,6.849,14.547,20.151,27.69,27.505,4.695,8.529,-1.673,14.055,26.111,22.458,26.049,25.66,22.404,23.219,25.241,-15.169,-7.885,-9.813,-4.399,10.389,-1.277,10.789,21.975,21.424,26.983,28.363,26.565,15.528,13.391,-23.777,-13.052,-16.652,18.806,26.118,21.677,17.066,27.082,20.51,27.233,21.55,26.874,27.542,2.67,13.927
"2048-12",-18.198,-15.419,5.104,4.368,-20.37,2.167,17.48,24.138,25.897,22.723,24.282,8.754,15.69,21.488,27.152,26.642,3.601,5.471,-3.291,10.889,24.214,18.491,25.597,25.892,23.178,24.968,24.557,-20.252,-13.657,-16.035,-8.484,4.558,-6.971,6.112,18.457,16.885,26.873,28.478,29.23,18.183,15.441,-19.538,-7.621,-20.247,20.138,26.567,20.249,18.378,27.635,18.66,27.386,22.578,26.38,26.685,4.262,13.303
"2049-01",-19.981,-20.723,-2.232,-1.526,-19.158,-0.532,16.139,24.706,25.554,23.082,23.69,8.984,15.975,23.123,26.659,25.306,2.208,4.807,-7.632,9.383,24.349,17.443,24.94,25.653,23.242,25.481,24.843,-23.183,-14.71,-16.954,-10.613,2.137,-8.34,4.34,15.113,15.423,26.505,28.318,29.421,20.335,17.054,-18.581,-7.144,-26.291,21.132,26.712,19.207,20.126,27.406,17.514,27.435,23.862,25.435,26.371,5.688,13.019
"2049-02",-17.399,-15.65,2.489,-1.045,-20.661,3.218,17.115,24.398,24.616,22.841,23.033,9.247,16.606,22.628,26.675,25.118,-1.673,4.22,-5.119,11.17,26.749,19.87,25.235,25.253,23.237,24.54,25.612,-25.651,-14.317,-17.089,-8.508,6.625,-6.288,5.635,17.095,17.29,26.654,27.913,27.937,20.023,18.552,-21.691,-8.906,-24.95,21.605,26.644,18.737,20.468,27.128,16.57,27.58,24.43,25.212,26.202,6.07,13.304
"2049-03",-18.695,-14.093,7.451,5.003,-12.286,5.099,17.609,25.294,25.034,23.988,23.485,9.151,16.376,21.258,27.409,25.322,1.537,7.52,1.595,12.634,29.667,23.579,27.323,25.232,23.29,24.393,27.703,-18.484,-9.147,-8.753,-4.56,11.485,-1.709,10.156,23.282,22.322,27.375,28.128,28.152,19.26,17.59,-27.946,-10.618,-25.034,21.645,27.062,18.973,20.318,27.616,16.959,27.405,24.456,25.263,28.166,5.619,14.215
"2049-04",-13.405,-8.347,13.159,10.723,-3.303,7.613,19.817,26.394,25.67,23.846,23.24,7.286,15.217,20.103,27.48,25.42,5.146,11.371,9.327,15.828,30.573,26.725,28.804,25.818,22.281,22.967,28.467,-6.886,-4.838,-0.268,6.022,16.371,3.423,12.356,28.231,28.247,27.624,27.322,24.142,17.064,15.742,-29.885,-14.884,-13.949,20.893,27.503,19.926,19.263,27.724,17.671,27.915,23.968,26.757,29.624,4.514,15.296
"2049-05",-5.124,1.503,17.891,14.487,4.85,11.32,22.7,27.204,26.85,22.725,21.81,4.708,13.149,17.358,26.375,24.438,9.117,13.695,14.978,18.131,28.866,30.78,28.601,25.609,19.48,21.208,27.025,0.002,3.06,7.411,12.208,23.901,9.662,16.391,32.186,30.182,27.754,25.313,19.653,14.922,12.983,-29.857,-16.264,-5.101,19.67,27.444,20.712,18.082,27.097,18.771,28.577,22.857,28.615,30.254,3.056,16.121
"2049-06",-1.173,6.17,20.867,17.945,9.319,15.179,25.492,27.097,28.064,22.545,20.282,3.322,11.952,13.994,26.65,23.451,12.044,16.874,18.97,22.692,28.552,32.34,28.121,24.104,17.208,18.627,26.198,7.217,9.16,14.596,18.313,26.523,14.493,19.701,34.762,30.047,27.615,23.762,16.349,12.706,12.962,-30.537,-16.388,-0.409,18.372,27.607,22.169,16.36,26.671,20.724,27.939,21.381,28.494,29.312,2.219,16.666
"2049-07",1.355,9.678,24.941,21.367,11.391,17.992,27.323,27.543,28.703,22.532,20.946,3.982,11.793,14.62,27.128,23.079,13.551,18.125,19.871,25.134,27.486,33.202,26.85,23.781,17.274,18.918,25.64,9.437,12.912,15.903,19.767,30.036,16.866,22.595,35.667,28.226,27.154,23.696,15.462,11.753,12.416,-33.437,-21.698,0.364,17.703,27.146,23.359,15.76,26.059,22.404,27.284,20.577,26.798,28.252,1.311,16.871
"2049-08",-0.639,8.8,23.481,21.167,8.477,18.02,27.501,27.443,29.158,22.943,22.529,3.971,11.253,14.153,29.079,24.158,13.328,17.496,17.501,24.99,26.523,32.476,27.284,24.513,17.128,19.088,25.702,6.94,11.87,13.335,17.656,29.074,15.233,23.456,35.302,27.907,27.232,24.375,18.284,11.95,11.68,-34.168,-26.491,-0.154,17.406,26.814,23.97,15.314,25.592,23.323,27.406,20.18,26.664,28.789,0.55,16.626
"2049-09",-3.827,4.669,21.616,18.195,2.953,15.035,26.346,27.611,29.344,23.295,25.543,4.291,12.435,15.55,30.644,25.955,10.033,16.469,14.838,22.75,26.75,31.15,27.633,25.107,19.007,20.314,25.833,3.218,6.914,7.747,13.659,24.53,11.037,20.745,32.584,27.571,27.463,25.578,20.717,12.665,12.403,-33.007,-22.386,-2.787,17.484,26.685,23.967,15.058,25.615,23.216,27.548,20.179,26.942,28.803,0.476,16.131
"2049-10",-7.638,-1.706,15.413,14.848,-4.013,9.212,23.869,27.238,28.859,23.3,26.926,6.664,13.546,17.677,30.926,27.64,7.164,12.795,7.14,19.539,27.471,28.341,27.4,25.916,20.959,22.636,26.003,-4.552,0.359,2.019,6.483,16.893,4.994,15.513,27.662,24.648,26.877,27.559,25.515,13.465,12.412,-31.672,-19.176,-7.984,17.914,26.681,23.106,15.95,26.253,22.003,27.434,20.64,26.938,28.219,1.222,15.2
"2049-11",-12.19,-9.09,10.361,6.574,-13.597,7.715,21.145,25.849,27.656,22.472,25.893,7.326,13.725,18.662,28.949,27.788,2.32,5.858,-2.4,13.169,26.238,22.47,25.946,25.892,21.797,24.666,25.139,-14.763,-5.861,-7.931,-2.385,11.553,-1.024,10.956,22.117,20.636,26.761,29.099,29.084,15.991,13.583,-24.577,-14.025,-16.02,18.83,26.589,21.884,16.864,26.666,20.01,27.644,21.653,27.267,27.506,2.831,14.092
"2049-12",-15.469,-14.617,3.139,2.719,-16.692,2.668,18.132,25.327,26.377,22.747,24.409,9.177,15.089,20.836,27.629,27.084,-1.657,3.584,-4.803,11.587,23.469,18.589,24.615,25.024,22.672,24.517,23.805,-21.121,-13.979,-17.226,-7.246,5.786,-8.702,4.664,17.612,16.034,26.519,29.539,29.459,17.423,15.987,-19.955,-9.024,-20.287,20.08,26.779,20.558,18.092,26.865,18.416,27.633,23.027,26.569,26.579,4.217,13.228
"2050-01",-14.922,-21.35,1.859,3.053,-17.145,-0.401,17.215,25.182,25.568,22.684,23.552,8.812,16.331,22.356,26.785,26.598,-2.925,1.099,-15.615,8.936,24.145,17.289,24.295,25.322,23.322,24.788,24.622,-26.324,-17.001,-22.064,-16.619,1.849,-9.321,4.477,16.415,15.407,26.263,29.711,30.318,18.659,17.748,-18.811,-8.04,-16.43,21.129,26.698,19.395,19.579,26.982,17.483,27.694,24.496,25.319,25.968,5.45,12.957
"2050-02",-18.398,-19.137,4.608,3.699,-21.986,1.975,17.116,25.35,25.133,23.222,23.46,8.934,16.728,23.224,26.968,26.386,-1.025,4.787,-5.202,11.227,26.232,19.934,24.597,24.959,23.879,24.842,25.62,-24.555,-13.491,-18.24,-9.35,7.514,-5.579,5.123,17.75,18.98,26.823,29.661,30.038,19.654,17.578,-21.65,-9.464,-24.031,21.731,27.091,18.832,20.758,27.266,16.993,27.347,24.42,25.121,25.889,5.951,13.451
"2050-03",-16.191,-14.562,7.439,4.626,-11.919,6.201,18.889,25.954,24.996,23.45,23.162,8.439,16.317,22.007,27.467,26.418,1.399,7.096,2.567,13.343,29.498,23.745,27.532,25.711,23.57,24.484,28.317,-19.275,-10.663,-11.223,-1.585,12.067,-0.321,9.213,22.988,22.999,27.05,28.492,26.634,18.627,17.314,-24.83,-11.338,-18.831,21.538,27.278,18.936,20.402,27.875,16.874,27.828,24.321,26.035,28.026,5.58,14.366
"2050-04",-12.428,-6.096,13.174,9.778,-4.874,8.317,19.892,26.384,25.783,23.202,22.59,6.406,14.386,18.46,27.1,25.297,5.046,10.021,9.889,14.872,30.072,27.417,28.233,25.8,21.926,22.833,28.021,-9.664,-4.952,-0.341,7.991,16.107,4.552,13.381,27.163,26.53,27.887,28.154,24.884,16.9,15.797,-28.928,-14.538,-14.498,20.831,27.141,19.64,19.567,27.881,17.512,28.874,23.985,27.592,29.877,4.514,15.231
"2050-05",-5.749,1.86,17.346,12.802,2.986,12.388,22.796,26.658,26.629,22.503,21.526,5.466,13.092,16.157,26.604,24.353,7.363,13.383,12.598,18.819,29.566,32.109,29.171,25.32,20.148,21.348,27.608,-1.07,2.097,6.657,13.996,21.47,10.896,17.388,31.414,29.591,28.149,27.076,20.39,14.354,13.997,-31.853,-16.976,-6.744,19.859,27.482,20.769,18.178,27.623,18.627,28.719,23.053,29.095,30.048,3.459,16.053
"2050-06",-1.231,7.271,20.632,18.015,9.923,14.32,25.312,27.093,28.002,22.128,20.304,3.722,11.726,15.187,26.475,23.495,12.266,16.563,15.179,21.952,28.711,32.339,27.553,23.996,18.11,19.759,26.707,6.195,10.056,12.344,15.827,25.694,15.111,20.591,33.794,29.428,27.73,24.786,16.266,12.853,12.272,-33.077,-18.82,-0.54,18.633,27.305,22.031,16.946,26.89,20.336,28.015,21.75,28.585,29.451,2.193,16.543
"2050-07",0.889,11.636,23.498,21.457,10.371,18.506,26.872,27.462,28.624,21.911,21.122,4.962,11.35,14.286,27.117,22.905,14.292,18.359,23.15,24.786,27.309,32.889,26.677,23.939,17.127,19.424,26.083,9.507,13.482,16.143,21.887,29.368,16.17,22.968,35.863,28.991,27.601,25.004,17.182,11.667,11.909,-33.787,-24.044,0.457,17.993,26.897,23.269,15.782,26.051,22.132,27.416,20.469,27.169,29.021,1.565,16.969
"2050-08",0.672,11.081,25.301,22.703,8.271,20.322,27.987,27.54,29.262,22.36,23.904,2.914,10.673,14.21,29.267,24.188,13.675,18.193,20.778,24.901,27.299,32.035,27.323,24.346,17.738,19.892,26.173,5.956,11.204,12.537,19.172,29.5,16.262,23.586,34.792,27.973,27.416,25.548,18.083,11.685,11.367,-35.682,-25.966,-0.512,17.536,26.573,23.946,15.515,25.722,23.381,27.148,20.021,26.835,28.764,0.549,16.706
"2050-09",-4.298,6.468,22.321,19.536,3.824,16.292,26.712,27.429,29.098,22.766,26.208,4.416,12.46,16.467,30.951,26.037,10.875,16.69,14.836,22.829,27.641,31.491,27.566,25.117,20.026,21.385,26.356,2.489,6.477,7.857,13.62,24.503,12.006,21.043,32.695,27.437,27.178,26.479,21.797,12.348,11.725,-34.42,-22.077,-4.13,17.39,26.279,23.841,15.199,25.815,23.306,27.51,20.044,26.749,28.668,0.589,16.157
"2050-10",-9.17,0.082,13.359,12.963,-1.3,12.045,23.02,25.759,28.254,22.255,26.705,5.842,13.119,17.905,30.051,27.856,5.28,11.508,8.975,18.679,27.755,29.019,27.062,25.899,21.814,23.542,26.379,-7.582,-0.273,0.372,6.763,18.973,5.535,15.992,27.584,24.559,27.123,28.519,24.749,12.93,12.469,-30.096,-19.55,-9.991,17.943,26.209,22.931,15.731,26.463,22.032,27.298,20.558,25.72,28.511,1.197,15.167
"2050-11",-12.531,-6.849,6.78,7.859,-10.299,4.675,19.755,25.649,27.392,22.201,25.455,6.817,14.398,19.858,28.163,27.361,4.492,8.265,1.81,14.778,27.351,23.652,26.399,26.068,22.967,23.838,25.732,-16.001,-8.83,-10.86,-3.048,9.17,-1.774,10.353,22.166,20.812,26.927,29.649,28.675,14.667,13.512,-23.766,-13.469,-17.324,18.819,26.081,21.767,16.986,27.067,20.096,27.792,21.791,27.006,27.9,2.59,14.069
"2050-12",-14.426,-16.598,2.249,4.037,-19.208,2.088,17.996,25.314,26.358,22.452,24.04,8.187,15.566,21.081,26.953,26.134,1.255,2.741,-3.713,10.243,24.664,18.351,24.739,25.583,23.461,24.603,24.96,-21.822,-12.969,-20.062,-11.492,6.301,-7.639,5.44,17.954,17.521,26.746,29.616,28.786,16.751,14.829,-19.21,-8.462,-19.454,19.861,26.183,20.42,18.594,27.444,18.653,27.629,23.044,26.321,27.076,4.36,13.202
"2051-01",-18.931,-21.247,-0.444,-1.859,-18.073,2.703,16.551,24.888,25.23,23.118,23.744,8.891,16.241,22.446,26.876,26.25,-2.108,4.34,-5.23,10.615,24.171,18.657,24.086,25.457,23.895,25.135,24.175,-24.468,-16.21,-18.149,-8.918,4.583,-8.827,3.437,15.491,15.826,26.077,29.316,29.775,19.387,16.737,-18.302,-7.123,-28.531,21.046,26.326,19.262,20.254,27.406,17.339,27.546,24.324,25.612,26.405,5.746,13.023
"2051-02",-17.189,-15.435,3.573,2.591,-18.5,3.443,17.22,24.797,24.653,23.127,23.063,9.827,16.51,22.822,27.45,25.418,-3.739,2.757,-10.183,9.946,27.133,20.287,25.889,25.294,24.349,25.286,26.372,-24.953,-11.886,-20.741,-14.767,3.501,-6.565,4.969,17.867,17.621,26.567,28.901,29.257,18.905,17.871,-22.485,-9.466,-23.621,21.834,26.602,18.918,21.132,27.127,16.621,27.542,24.786,24.957,26.537,6.099,13.302
"2051-03",-17.365,-12.981,8.219,3.182,-15.761,7.783,18.354,24.949,24.184,23.59,23.111,9.226,16.107,21.99,28.051,25.937,-1.279,4.386,-2.753,13.484,30.114,25.743,27.592,25.299,23.711,24.531,27.862,-17.607,-8.454,-10.129,-4.843,10.82,1.27,8.392,22.363,23.176,26.977,28.563,27.38,18.581,17.257,-26.839,-12.845,-24.971,21.842,26.687,19.05,21.084,27.57,16.322,27.605,24.498,25.657,27.52,5.73,14.17
"2051-04",-15.308,-7.916,13.409,8.463,-6.103,9.144,20.612,26.545,25.654,23.446,22.957,6.958,14.9,19.196,27.825,25.469,6.336,11.483,8.546,15.572,30.317,27.931,28.916,25.934,23.022,22.784,27.608,-8.933,-1.707,-0.393,5.28,15.3,6.501,12.41,27.13,27.848,27.585,27.921,24.942,17.547,15.661,-30.779,-15.464,-17.903,20.728,27.233,19.896,19.861,27.767,17.233,28.494,24.256,27.305,30.025,4.602,15.15
"2051-05",-4.913,0.974,18.865,13.648,4.429,12.716,23.478,26.67,26.73,22.335,21.207,5.549,12.412,16.435,27.251,24.457,8.68,13.94,16.48,17.348,30.06,30.559,29.784,25.961,20.78,21.129,28.127,1.357,3.83,7.756,14.924,23.015,11.097,16.178,31.341,30.505,27.652,24.7,17.357,13.645,14.232,-31.941,-20.775,-4.976,19.692,27.23,20.98,18.228,27.652,18.46,28.761,23.307,28.979,30.466,3.465,16.097
"2051-06",-0.12,6.945,22.223,19.164,9.34,15.202,25.782,26.739,27.708,21.133,19.108,3.88,10.903,13.893,26.244,23.242,12.905,16.897,18.519,21.777,28.08,32.729,28.083,24.642,18.344,19.181,26.148,7.555,12.073,15.773,18.495,27.247,14.18,19.677,35.196,31.121,27.563,24.8,18.026,12.984,12.907,-35.293,-21.719,-0.041,18.631,26.925,22.252,17.063,26.788,20.247,28.47,22.071,29.436,30.208,2.234,16.633
"2051-07",1.37,8.894,25.801,21.204,11.729,19.037,27.489,27.319,28.34,21.68,19.598,4.334,11.594,13.839,26.785,23.082,14.651,17.293,21.145,23.967,28.068,32.971,27.227,24.221,17.452,19.065,26.346,8.684,12.83,18.594,21.471,30.169,16.987,22.299,35.744,28.669,27.418,23.717,15.003,11.5,12.004,-34.225,-23.569,0.529,17.654,26.452,23.563,16.018,26.529,22.039,27.744,21.018,27.259,29.367,1.443,16.898
"2051-08",0.602,10.007,24.236,21.359,8.79,19.959,28.015,27.341,28.717,22.324,22.744,4.413,11.559,15.177,28.923,23.462,14.221,18.428,19.876,24.429,27.718,32.858,27.857,24.741,18.592,19.922,26.771,5.926,11.385,14.58,17.121,27.632,15.21,22.975,35.123,27.816,27.192,24.136,16.017,11.122,12.219,-37.254,-23.734,-0.095,17.358,26.412,24.146,15.653,26.327,23.104,27.493,20.591,26.736,29.074,0.729,16.676
"2051-09",-3.149,6.015,21.152,18.75,3.748,15.961,26.957,27.117,28.801,22.204,24.245,4.486,11.47,15.474,29.493,25.519,10.979,16.312,16.943,22.725,27.165,31.92,27.973,25.632,19.757,21.289,26.307,2.277,6.903,8.077,14.126,24.694,11.238,20.198,32.209,27.113,27.141,25.969,19.09,11.662,12.028,-37.787,-26.738,-3.334,17.217,26.244,23.955,15.559,26.469,22.96,27.596,20.432,27.202,28.448,0.617,15.99
"2051-10",-9.335,-1.681,12.955,12.613,-0.574,8.691,24.276,27.05,28.683,22.126,26.776,5.764,12.758,17.116,29.771,28.245,4.538,12.158,9.106,18.802,27.711,27.911,27.292,25.949,22.115,23.281,26.055,-5.241,-0.112,-0.214,7.802,18.098,5.995,15.722,27.043,24.615,26.996,27.783,25.071,13.713,12.279,-29.789,-17.675,-8.906,17.763,26.051,23.259,15.984,27.076,21.701,27.578,20.836,27.277,28.151,1.139,15.149
"2051-11",-12.197,-7.361,7.375,6.76,-10.153,6.949,20.26,25.467,27.536,21.548,25.373,6.705,13.817,19.229,27.305,27.852,3.677,6.261,0.309,13.14,26.725,22.598,26.086,25.606,22.968,24.079,25.322,-15.026,-7.967,-13.508,-6.143,8.54,-3.948,8.966,21.706,20.181,27.025,28.901,27.681,15.218,13.521,-23.729,-11.564,-15.41,18.798,26.162,21.818,16.958,27.477,20.044,27.812,21.91,27.466,27.563,2.254,13.896
"2051-12",-15.722,-12.411,-0.115,1.831,-16.326,2.056,17.232,25.052,26.023,22.052,23.895,8.343,15.237,21.167,26.277,26.322,-1.137,3.677,-4.968,11.1,23.919,17.964,23.765,25.381,23.486,24.73,23.943,-20.726,-13.562,-17.083,-8.847,4.703,-7.551,5.982,15.212,15.703,27.255,30.145,31.573,17.972,16.081,-19.22,-8.869,-20.078,20.069,26.268,20.303,18.246,27.474,18.333,27.717,22.987,25.924,26.968,4.156,13.215
"2052-01",-18.609,-18.651,2.572,0.564,-18.856,2.055,15.989,24.723,25.106,22.827,23.818,9.645,17.095,22.921,26.785,25.781,-1.487,3.697,-3.567,9.983,24.363,17.996,24.123,25.29,23.664,25.336,24.967,-25.139,-19.317,-23.674,-11.408,4.417,-8.5,2.309,15.647,16.244,27.093,29.691,31.272,19.496,17.25,-18.541,-6.946,-26.498,21.202,26.28,19.36,19.551,26.918,17.315,27.261,23.975,24.896,26.828,5.488,12.994
"2052-02",-18.843,-16.016,0.954,1.291,-17.62,3.145,16.019,25.113,24.909,23.557,23.528,8.897,16.906,23.056,27.742,25.731,-4.254,0.355,-4.148,9.297,27.75,20.932,25.993,25.236,24.027,25.001,26.284,-25.12,-14.575,-19.859,-10.378,7.329,-5.147,4.196,18.708,18.547,26.738,28.487,28.621,19.923,18.215,-21.523,-8.617,-25.369,21.649,26.475,18.799,20.561,27.02,16.442,27.18,24.471,24.732,26.284,5.898,13.265
"2052-03",-19.595,-13.511,9.118,4.742,-12.862,6.701,17.869,25.591,25.055,23.666,23.382,8.728,15.924,21.282,28.133,25.945,0.839,5.289,1.82,12.034,30.249,24.862,27.448,25.618,23.38,24.272,27.783,-18.606,-9.932,-12.416,-2.582,12.045,-1.247,7.746,23.024,22.122,27.1,28.382,26.78,18.388,17.994,-25.57,-12.201,-25.022,21.708,26.902,19.055,20.246,27.575,16.739,27.731,24.686,25.68,27.965,5.408,14.161
"2052-04",-14.334,-5.629,13.609,10.085,-4.148,10.183,20.285,26.505,25.633,23.21,22.566,6.08,14.144,18.632,27.729,25.58,5.554,10.084,5.889,13.78,30.059,26.92,28.804,25.894,22.472,23.66,27.855,-11.908,-5.224,-1.36,6.042,18.533,8.092,13.519,27.122,28.526,27.75,27.711,24.175,17.283,16.924,-29.541,-15.344,-17.945,20.836,27.282,19.857,19.328,27.459,17.496,28.7,24.217,27.421,30.228,4.281,15.22
"2052-05",-6.041,3.006,17.194,14.982,5.278,12.466,23.449,26.606,26.439,22.341,21.368,5.993,13.116,16.8,26.963,24.324,8.977,15.644,14.377,18.486,30.046,30.055,29.519,25.463,20.151,21.468,27.798,-0.676,1.801,7.028,13.596,22.62,11.644,16.809,31.564,30.117,27.899,25.986,18.507,13.981,14.466,-32.414,-18.222,-6.408,19.634,27.523,20.958,17.828,27.396,18.816,28.682,23.217,28.931,30.41,3.085,16.093
"2052-06",-1.751,6.841,22.337,17.533,11.664,16.235,25.913,27.132,27.631,22.325,19.262,3.879,12.106,14.236,26.398,22.73,11.255,16.434,20.868,21.29,28.718,32.934,28.683,24.276,17.686,18.919,26.41,5.23,8.567,12.028,16.533,27.026,14.195,19.88,34.216,30.009,27.768,24.365,16.435,12.761,12.819,-32.373,-18.198,-0.786,18.191,27.259,22.253,16.581,26.628,20.537,28.3,22.054,28.895,29.478,2.357,16.569
"2052-07",0.658,11.88,25.357,22.034,11.986,19.266,26.967,27.256,28.249,22.327,21.002,3.384,10.888,14.108,27.458,22.839,15.104,18.345,20.881,23.858,28.039,33.452,27.121,23.982,17.768,19.019,26.203,8.235,12.944,15.743,19.726,29.909,17.399,22.795,35.137,28.15,27.225,23.791,15.967,12.005,11.919,-33.93,-18.754,0.403,17.526,26.81,23.204,15.803,26.061,22.214,27.545,21.016,26.898,28.549,1.133,16.871
"2052-08",0.21,10.669,24.794,21.75,8.996,18.721,26.952,27.257,28.634,22.065,21.429,4.067,11.823,14.524,28.892,23.408,14.226,17.727,22.49,24.198,26.934,32.934,27.21,24.317,18.74,19.63,26.413,7.504,11.3,12.303,18.002,29.238,15.671,23.306,34.491,27.473,27.07,24.425,16.666,11.361,11.898,-35.741,-21.978,-0.063,17.03,26.4,23.732,15.206,25.774,23.213,27.266,20.257,26.38,28.371,0.482,16.57
"2052-09",-4.712,5.591,18.781,19.473,4.338,15.66,25.962,27.098,28.837,22.666,25.313,4.519,12.518,16.252,30.298,25.609,10.382,16.307,14.038,22.223,26.703,30.578,27.304,25.127,20.033,21.441,25.784,3.018,6.521,9.875,14.604,25.243,11.888,19.999,32.583,26.672,27.124,26.178,19.984,12.099,11.801,-33.648,-22.572,-4.518,17.329,26.392,23.771,15.267,26.038,22.956,27.372,20.403,26.74,28.342,0.407,16.02
"2052-10",-9.623,0.401,14.017,13.312,-2.477,11.537,23.179,26.318,28.156,22.09,25.467,6.295,12.838,17.957,28.855,27.303,8.598,12.575,12.194,17.652,27.382,27.184,26.784,25.92,21.729,23.578,26.276,-6.847,-0.197,-2.029,6.404,17.128,4.239,16.208,27.095,24.42,27.204,28.441,24.817,13.452,12.668,-30.286,-20.641,-9.957,17.967,26.325,22.888,16.159,26.405,21.768,27.586,20.844,26.681,28.287,0.938,15.073
"2052-11",-14.376,-7.296,7.368,8.257,-9.321,6.646,20.691,25.485,26.933,22.424,25.532,7.172,14.386,19.84,28.174,27.811,4.538,8.145,2.308,13.423,26.123,22.021,26.005,25.637,22.799,23.708,25.294,-14.59,-10.08,-11.573,-2.761,7.338,-3.514,9.695,20.391,19.593,27.109,28.803,26.316,15.19,13.84,-25.414,-14.462,-16.756,18.752,26.468,21.798,17.062,27.031,20.049,27.438,21.692,26.793,27.634,2.769,13.898
"2052-12",-17.914,-13.56,1.711,2.121,-13.376,2.749,17.089,24.967,25.955,22.643,23.827,9.242,16.035,21.427,26.739,26.547,-1.153,5.642,1.096,11.887,22.83,17.711,23.929,24.953,23.215,24.89,23.626,-20.032,-16.88,-16.924,-6.376,5.514,-8.396,4.329,16.346,15.822,26.818,29.402,28.438,17.29,16.17,-19.405,-8.767,-21.788,20.055,26.691,20.478,18.496,27.169,18.479,27.763,23.151,25.883,27.312,4.216,13.24
"2053-01",-17.017,-19.733,0.099,2.129,-19.443,-1.316,16.248,25.648,25.916,23.503,23.561,9.658,17.132,23.009,26.741,25.917,-2.823,0.578,-10.104,8.397,22.91,16.585,23.983,24.94,24.033,24.733,24.068,-27.098,-17.953,-22.661,-13.329,5.354,-7.588,4.062,15.833,15.925,26.588,29.404,30.891,18.966,17.503,-18.374,-7.639,-21.566,21.172,26.991,19.293,20.135,26.795,17.585,27.198,23.672,25.123,26.566,5.451,12.93
"2053-02",-17.379,-19.721,1.755,0.475,-14.574,1.492,16.752,25.053,24.965,23.418,23.108,8.807,16.759,23.395,27.449,26.152,-1.694,3.802,-7.021,10.258,26.753,19.349,25.43,25.164,24.196,24.92,25.923,-25.53,-14.593,-20.935,-14.044,5.637,-5.502,5.469,17.703,18.516,26.521,28.744,30.676,18.939,17.723,-21.471,-8.986,-19.082,21.854,27.198,19.131,20.997,26.882,16.893,27.461,24.619,25.18,26.473,6.026,13.447
"2053-03",-19.073,-14.606,7.721,5.975,-13.682,5.386,18.092,25.695,25.157,23.657,22.86,9.239,16.498,21.491,28.092,26.058,1.268,6.831,1.004,12.983,29.467,23.692,27.303,25.372,23.155,24.11,27.547,-18.707,-13.338,-13.207,-4.602,9.251,-3.509,6.459,22.079,22.134,27.205,28.569,28.202,18.168,17.12,-26.067,-12.63,-24.017,21.801,27.36,19.174,20.566,27.275,17.034,27.547,24.636,25.432,27.852,5.574,14.051
"2053-04",-13.369,-5.433,10.568,8.432,-1.558,8.615,19.878,26.846,25.75,23.488,23.291,7.855,15.68,20.573,27.766,25.772,3.7,9.93,13.166,14.841,30.439,27.301,28.494,25.95,22.629,23.562,28.309,-10.987,-5.936,-1.959,8.632,18.952,4.513,12.694,27.011,27.244,27.556,27.934,24.566,16.533,15.648,-30.499,-14.897,-17.28,20.986,27.678,19.676,19.796,27.822,17.674,28.047,24.41,26.897,29.752,4.584,15.285
"2053-05",-5.705,2.179,18.174,14.76,4.394,11.245,23.224,27.182,26.715,22.885,21.228,6.731,13.66,16.874,27.041,24.616,8.506,13.118,14.525,17.096,29.232,29.504,28.881,25.494,20.136,21.373,27.142,-0.677,1.902,6.234,12.517,24.317,10.493,16.466,30.107,29.197,28.233,26.307,20.367,14.419,14.18,-32.012,-18.867,-5.138,19.789,27.662,20.694,18.24,27.308,18.739,28.956,23.267,29.077,30.803,3.542,16.087
"2053-06",-0.744,7.591,21.081,18.301,10.15,14.727,25.055,27.61,27.748,22.314,20.471,4.748,11.87,14.28,27.147,23.759,12.353,17.015,18.783,21.654,29.426,32.73,28.77,24.38,17.359,19.208,26.933,8.072,8.213,12.726,19.084,28.04,15.448,19.897,33.972,29.299,27.807,25.094,17.714,13.128,12.769,-33.284,-18.171,-0.494,18.606,27.58,22.124,17.049,26.965,20.58,28.198,21.872,28.648,29.415,2.36,16.7
"2053-07",1.753,11.479,24.993,22.398,11.641,17.855,26.676,27.15,28.482,22.042,21.326,4.082,11.266,13.97,27.906,23.569,14.845,18.404,22.291,24.757,28.443,32.933,27.807,24.053,17.525,18.732,26.493,10.385,11.97,16.888,22.374,30.547,17.48,23.075,35.5,28.095,27.177,24,15.277,11.473,12.046,-36.015,-23.765,0.231,17.829,27.102,23.188,15.772,26.52,22.366,27.548,20.86,27.037,28.77,1.554,16.928
"2053-08",-0.043,9.147,23.393,22.731,8.755,17.399,26.852,27.37,29.014,22.348,23.549,3.654,11.117,14.748,29.673,24.848,13.734,20.639,18.56,25.946,27.219,33,27.855,24.764,17.957,20.202,26.4,8.835,10.895,14.976,20.495,28.817,16.679,24.073,35.803,27.8,27.074,24.442,17.669,12.195,11.653,-35.21,-27.062,-0.38,17.329,26.604,23.939,15.539,26.331,23.403,27.548,20.412,26.76,28.89,0.626,16.846
"2053-09",-5.118,3.461,19.716,18.472,4.074,13.763,26.543,27.509,29.324,22.356,25.249,4.867,11.91,16.463,30.179,26.561,8.805,17.121,13.109,23.676,26.795,31.356,27.928,25.609,20.086,21.142,26.22,2.431,7.629,9.769,15.139,24.047,11.696,20.82,32.977,27.163,27.028,25.862,22.36,12.717,12.26,-36.202,-25.182,-3.795,17.243,26.263,23.976,15.465,26.127,23.248,27.761,20.338,27.245,29.033,0.758,16.066
"2053-10",-8.711,0.645,15.684,12.411,-1.293,12.336,23.803,26.363,28.531,22.574,28.045,5.483,13.241,17.558,30.241,28.642,4.884,11.333,6.625,18.446,26.955,28.321,27.377,25.804,21.443,23.103,25.848,-5.057,-0.704,0.494,4.907,17.965,4.388,14.909,28.291,24.337,27.251,27.897,25.374,13.319,12.49,-31.867,-18.876,-8.513,17.891,26.723,23.038,15.841,26.391,21.726,27.824,20.901,27.708,28.473,1.493,15.181
"2053-11",-10.512,-6.985,2.374,5.974,-11.512,2.557,20.59,26.062,27.582,22.517,25.405,7.011,14.328,19.086,28.883,27.591,1.07,6.253,1.468,13.796,26.348,22.078,26.273,25.832,22.401,23.957,25.474,-11.437,-5.159,-9.118,0.171,10.748,-3.397,8.848,21.879,19.95,26.927,29.641,28.793,14.783,13.203,-23.753,-13.723,-12.656,18.793,26.747,21.862,17.019,27.247,20.197,27.689,21.983,27.331,27.475,2.536,14.115
"2053-12",-14.055,-15.169,-2.114,-1.381,-10.918,-0.03,17.405,25.237,26.317,22.782,24.971,8.221,15.946,21.956,27.096,26.793,1.669,4.862,-7.314,10.727,24.692,18.962,25.524,25.896,23.421,24.428,25.061,-21.389,-13.731,-20.702,-13.457,3.437,-8.56,3.694,18.663,16.328,26.714,29.366,29.792,16.12,15.326,-18.161,-8.11,-18.569,20.106,26.965,20.719,18.491,27.538,18.246,27.791,23.106,26.509,27.011,4.399,13.311
"2054-01",-19.482,-15.602,0.114,-0.254,-19.318,1.739,16.978,24.91,25.189,23.47,24.145,9.619,16.617,22.375,27.457,25.844,-3.154,4.805,-9.24,10.526,23.596,17.872,24.2,25.299,24.797,25.501,24.196,-26.355,-14.191,-21.503,-14.911,2.428,-10.771,3.487,15.275,14.285,26.879,30.139,30.845,18.091,17.258,-16.873,-6.749,-23.492,21.392,27.15,19.521,19.933,27.451,17.12,27.9,24.654,25.398,26.291,5.873,13.177
"2054-02",-20.508,-18.65,1.281,0.751,-20.974,2.421,16.816,24.932,24.75,23.747,23.913,8.685,16.479,23.701,28.3,26.305,0.041,6.052,-2.237,11.821,26.993,21.152,25.817,25.093,24.965,25.335,26.534,-22.979,-12.935,-15.053,-9.936,6.625,-6.842,5.314,19.331,17.903,26.669,29.199,29.373,18.476,17.291,-20.625,-8.042,-26.412,21.843,27.062,18.905,20.895,27.12,16.921,27.714,24.805,25.022,26.837,6.395,13.609
"2054-03",-19.868,-15.372,3.592,5.56,-14.874,1.609,17.628,26.287,25.326,23.996,23.123,8.425,16.408,21.733,28.152,26.19,-2.079,4.628,1.271,12.557,30.108,25.101,27.226,25.332,23.715,24.48,27.397,-21.654,-9.783,-11.514,-3.971,12.814,-0.566,9.485,22.384,22.938,26.958,28.423,27.194,17.296,16.783,-25.477,-11.371,-26.683,21.841,27.054,19.07,20.657,27.657,16.86,27.917,24.89,25.976,27.943,5.861,14.079
"2054-04",-12.276,-6.508,10.747,9.175,-3.586,5.97,19.487,27.118,26.066,24.122,23.178,7.448,15.144,19.133,27.684,25.821,4.267,10.631,7.242,15.026,31.012,28.073,29.451,26.137,23.1,23.905,28.823,-15.552,-6.645,-5.249,1.381,17.177,4.207,13.014,27.34,28.514,27.686,28.142,24.121,15.962,15.471,-28.989,-13.401,-15.775,21.193,27.469,19.791,19.687,28.336,17.717,28.512,24.352,27.567,29.762,4.753,15.178
"2054-05",-5.619,2.356,18.796,14.34,3.464,11.874,22.467,27.226,26.771,22.971,22.148,5.418,13.176,17.732,27.294,25.077,7.748,12.307,13.024,17.467,29.777,31.206,29.634,25.982,21.443,22.795,27.539,-2.487,1.997,6.551,12.871,23.023,11.405,17.799,32.185,30.921,28.072,26.859,20.629,14.187,13.85,-31.166,-14.116,-6.215,19.944,27.518,20.805,18.468,27.814,18.739,28.987,23.261,29.416,30.838,3.533,16.248
"2054-06",-1.506,6.358,21.442,19.125,9.663,14.093,25.301,27.105,27.747,21.942,20.473,3.919,11.582,14.596,26.989,23.796,12.119,16.458,18.694,21.883,29.702,32.993,28.966,24.417,17.911,20.16,27.013,5.906,8.61,13.276,18.264,25.976,14.515,20.045,34.45,30.794,28.019,25.082,17.15,12.724,12.925,-32.092,-16.577,-0.899,18.743,27.473,22.008,17.015,26.956,20.428,28.404,22.033,28.857,29.987,2.116,16.709
"2054-07",1.565,10.362,24.898,21.497,10.287,17.539,27.532,27.537,28.615,21.92,20.145,4.603,11.719,14.479,27.349,23.605,13.403,17.57,20.289,24.524,27.854,32.707,27.098,23.788,17.519,19.52,26.146,8.032,12.852,16.507,19.683,29.125,17.403,23.405,35.132,28.394,27.448,24.004,15.924,11.19,12.109,-33.769,-23.092,0.338,17.892,26.831,23.249,16.303,26.285,22.365,27.522,20.769,27.202,28.687,1.507,16.917
"2054-08",0.113,7.466,23.709,21.247,9.98,18.582,27.962,27.417,29.122,22.053,21.97,3.959,11.174,14.38,29.256,24.472,13.866,19.19,18.77,25.668,27.124,32.965,27.812,24.58,18.094,20.041,26.325,6.724,11.159,13.993,19.16,27.692,16.177,24.177,35.449,27.492,27.421,25.549,17.791,11.068,11.234,-35.983,-24.668,-0.059,17.476,26.349,23.932,15.667,25.852,23.225,27.246,20.311,26.714,28.546,0.619,16.671
"2054-09",-4.347,4.242,21.524,18.188,4.034,15.835,26.606,27.212,28.93,22.686,25.397,5.026,12.532,16.662,30.633,26.133,11.572,15.771,14.619,22.308,26.88,31.767,27.975,25.339,20.116,21.527,26.341,-0.134,5.729,6.265,11.389,23.363,11.963,21.14,32.205,27.292,27.356,26.395,20.535,11.743,12.394,-36.643,-23.828,-4.009,17.456,25.933,24.038,15.451,26.002,22.757,27.433,20.267,27.162,28.531,0.756,15.986
"2054-10",-8.995,-1.852,14.581,13.41,-1.732,10.366,23.735,26.452,28.399,22.416,28.593,4.651,12.555,17.826,30.82,28.698,6.734,10.999,9.192,17.646,27.463,27.778,27.362,26.075,22.252,23.313,26.09,-9.081,-0.792,-0.211,7.64,17.947,4.74,16.104,27.057,24.199,26.99,28.06,25.599,14.701,12.479,-29.766,-19.406,-10.357,17.835,25.872,23.169,15.746,26.382,21.731,27.501,20.96,26.469,27.967,1.645,15.131
"2054-11",-14.527,-10.863,7.431,9.038,-13.445,4.418,20.252,25.61,27.303,22.036,26.391,6.75,13.45,19.237,28.881,28.727,3.486,7.865,-1.721,13.222,25.952,21.759,25.54,25.431,23.205,25.293,25.161,-19.11,-5.927,-9.319,-5.921,11.04,-2.918,11.071,22.085,19.711,27.23,28.806,27.525,16.808,13.752,-23.675,-12.564,-15.47,18.846,25.987,21.672,16.712,26.985,20.301,27.94,21.889,27.278,27.838,2.89,13.913
"2054-12",-16.452,-14.038,3.912,2.99,-17.294,2.587,17.576,24.939,26.128,22.289,24.583,8.414,15.598,21.603,27.219,27.41,1.052,4.928,-3.605,10.225,23.374,16.985,23.906,25.527,23.826,25.153,23.988,-22.958,-12.605,-18.085,-10.029,4.841,-7.042,5.14,15.93,16.475,26.787,29.749,29.846,17.924,15.909,-19.112,-10.041,-21.483,19.966,26.079,20.506,18.546,27.419,18.583,27.211,22.884,25.928,26.776,4.308,13.215
"2055-01",-18.289,-17.749,0.004,-1.035,-21.418,2.046,15.952,23.813,24.874,22.775,23.355,9.29,16.245,23.608,26.626,26.146,-1.999,2.283,-6.691,9.435,23.398,17.056,24.083,25.009,24.26,25.302,23.973,-23.389,-12.597,-19.787,-11.822,3.185,-8.904,3.717,15.381,15.251,26.433,28.755,30.95,20.09,16.415,-18.877,-8.614,-23.251,21.134,26.099,19.216,20.339,26.988,17.272,27.464,24.093,25.456,26.236,5.76,13.023
"2055-02",-17.85,-22.813,4.397,0.356,-17.443,4.117,17.361,24.385,24.881,23.365,22.656,9.315,16.337,23.264,27.237,25.206,0.609,3.731,-6.825,9.871,26.294,18.961,24.59,24.985,23.982,25.182,25.425,-24.691,-12.699,-18.441,-12.81,2.538,-6.857,4.85,15.803,17.658,26.615,28.932,29.866,20.753,17.552,-20.773,-9.505,-23.534,21.717,26.361,18.834,20.781,26.721,16.728,27.483,24.569,25.306,26.475,6.139,13.261
"2055-03",-18.957,-13.731,10.856,7.815,-14.311,6.69,18.579,24.783,24.775,23.4,23.182,8.825,16.349,21.689,27.168,25.934,1.535,5.428,2.527,10.874,29.333,22.396,27.676,25.661,23.904,24.769,27.751,-17.374,-6.356,-8.488,-1.651,10.503,-0.472,8.497,21.545,21.623,26.893,28.098,28.046,19.244,17.126,-26.809,-12.231,-22.319,21.742,26.414,18.782,20.817,27.194,16.904,27.341,24.339,25.543,27.375,5.669,14.212
"2055-04",-13.702,-5.368,12.779,9.941,-3.1,7.399,19.877,26.309,25.375,23.46,22.088,7.219,14.688,19.448,26.695,25.147,5.221,11.539,11.783,15.177,29.618,27.102,27.915,25.392,22.47,23.24,27.481,-12.34,-4.374,-1.73,5.628,15.886,3.058,13.404,25.352,25.495,27.369,27.644,24.529,17.279,15.715,-31.236,-16.665,-17.384,20.781,26.731,19.622,19.749,27.213,17.729,28.419,24.128,27.408,29.461,4.73,15.029
"2055-05",-6.309,0.775,19.346,14.981,3.073,11.542,23.027,26.859,26.494,23.082,21.299,4.989,13.228,15.949,26.826,24.499,9.371,14.567,15.187,17.867,29.875,30.354,29.429,25.282,19.705,21.068,27.673,-2.523,2.11,6.735,11.731,21.507,8.778,17.236,31.964,30.537,27.986,26.25,20.258,15.291,14.304,-32.08,-14.818,-6.905,19.735,27.214,20.785,17.974,27.431,18.83,28.718,22.979,29.413,30.238,3.366,15.989
"2055-06",-0.351,7.595,21.771,18.906,9.596,15.458,25.872,27.153,27.93,22.634,19.512,2.718,11.723,13.321,26.482,23.536,12.001,15.985,18.601,22.067,28.597,32.607,28.116,23.96,18.447,19.96,26.45,7.408,10.458,14.176,17.614,27.041,13.642,20.168,35.228,29.678,27.567,24.674,15.723,12.706,13.542,-33.548,-16.061,-0.839,18.697,27.072,21.969,16.576,26.828,20.695,27.815,21.721,28.627,29.019,2.159,16.586
"2055-07",1.853,11.701,25.563,21.226,11.032,17.478,27.138,27.247,28.362,22.304,20.803,3.457,10.492,13.172,27.406,23.303,14.015,19.627,22.213,25.217,27.596,33.016,27.59,23.738,18.061,19.5,26.354,9.92,13.756,17.416,20.801,30.023,16.591,22.325,35.819,28.475,27.125,23.789,15.591,12.202,12.754,-35.299,-22.428,0.097,17.717,26.731,23.177,15.722,26.307,22.4,27.385,20.802,27.165,28.763,1.209,16.9
"2055-08",1.045,10.299,24.916,22.688,8.822,18.976,27.68,27.744,29.1,22.399,22.782,4.646,11.141,14.25,28.929,23.652,13.252,18.919,21.02,26.434,26.318,32.476,26.794,24.116,18.526,20.117,26.049,5.844,11.946,15.123,20.925,29.193,16.323,23.321,34.886,27.955,27.108,24.031,16.75,11.887,12.326,-35.327,-23.642,-0.406,17.489,26.522,23.962,15.208,26.03,23.255,27.155,20.374,26.786,28.572,1.002,16.806
"2055-09",-2.643,6.458,18.858,17.998,5.508,16.622,26.101,27.637,29.089,22.645,24.296,5.833,12.162,15.23,30.011,25.589,11.295,17.319,16.285,23.387,27.034,30.821,27.372,25.064,19.75,21.817,26.036,0.635,7.01,7.427,13.512,25.35,11.068,21.02,31.594,26.706,27.117,26.102,20.755,12.093,12.231,-35.133,-21.721,-3.212,17.355,26.325,24.009,15.383,26.212,23.162,27.344,20.155,26.553,28.468,0.401,16.066
"2055-10",-8.334,-2.05,14.668,13.51,-0.047,12.412,23.241,26.068,28.417,22.548,26.962,6.618,12.878,17.834,30.084,27.167,8.113,13.465,8.504,18.569,27.16,27.254,26.59,25.556,21.972,23.277,25.573,-6.478,-0.522,-0.004,6.54,17.267,3.713,15.55,26.51,24.536,27.145,28.294,25.745,13.725,12.61,-30.38,-19.384,-8.637,17.906,26.283,23.198,15.74,26.462,21.847,27.614,20.759,26.543,28.604,1.07,15.128
"2055-11",-13.499,-8.951,6.848,8.169,-11.857,5.578,19.813,25.477,27.425,22.302,26.035,6.705,13.782,19.676,28.569,27.893,3.134,10.084,0.189,14.997,26.194,21.822,25.765,25.42,23.058,24.168,25.149,-18.358,-9.188,-10.034,-3.852,10.184,-3.025,10.468,21.152,19.835,26.739,29.44,28.625,14.82,13.594,-24.564,-14.667,-18.555,18.799,26.254,21.888,16.938,27.089,20.244,27.662,21.725,27.142,27.398,2.285,13.868
"2055-12",-14.669,-15.516,1.501,3.975,-13.34,2.035,16.628,24.62,25.592,22.24,24.397,8.758,15.892,21.747,26.656,26.456,1.03,5.914,-2.209,11.463,24.175,18.302,24.564,25.213,23.42,24.359,24.305,-23.262,-14.518,-20.663,-11.722,3.587,-9.451,5.009,16.93,16.807,26.796,29.334,29.755,17.31,15.674,-20.533,-10.578,-21.417,19.977,26.308,20.347,18.758,27.411,18.573,27.669,22.868,26.188,26.94,4.18,13.134
"2056-01",-18.483,-16.64,1.706,1.832,-19.533,1.417,16.051,24.624,25.235,22.779,23.208,8.91,16.401,23.109,26.488,25.909,-3.34,3.792,-4.602,10.844,24.2,18.526,24.418,25.164,24.324,25.061,24.283,-24.616,-15.021,-22.311,-13.25,4.044,-10.533,2.433,15.97,15.773,26.518,29.151,29.522,18.319,16.355,-18.277,-8.074,-23.713,21.397,26.471,19.112,20.063,27.234,17.142,27.687,23.744,25.543,26.387,5.627,13.01
"2056-02",-21.157,-18.874,3.545,3.894,-18.381,2.908,16.073,25.257,25.102,23.553,23.317,10.1,16.821,23.099,27.509,25.594,-0.566,5.851,-1.07,11.273,26.01,19.462,24.74,24.856,23.978,24.743,25.225,-22.067,-14.519,-17.79,-7.655,6.471,-8.612,3.527,17.446,17.815,27.083,29.458,29.992,19.303,17.455,-22.237,-9.231,-22.728,22.034,26.912,18.681,20.782,27.028,17.017,27.795,24.475,25.155,26.838,6.116,13.476
"2056-03",-18.106,-16.651,6.378,4.475,-14.328,3.675,17.639,25.659,25.155,23.974,23.604,8.078,16.375,21.813,28.27,25.613,2.602,8.093,5.976,12.932,29.921,23.732,27.502,25.549,23.287,24.281,27.726,-17.041,-10.244,-9.112,1.333,11.578,-1.363,7.983,21.982,22.793,27.298,28.991,26.649,17.617,17.011,-26.991,-12.737,-23.244,22.094,27.359,18.791,20.971,27.406,17.07,27.363,24.225,25.363,28.11,5.567,14.25
"2056-04",-13.377,-6.426,13.488,10.143,-5.461,7.019,19.135,26.778,25.598,23.759,22.895,7.026,14.984,19.708,27.998,25.629,5.266,10.715,9.909,15.183,30.702,27.956,28.617,25.696,22.456,23.447,28.028,-10.869,-4.526,-2.253,4.346,17.053,3.349,12.66,26.401,26.883,27.714,28.239,24.216,16.183,15.569,-31.756,-16.563,-16.772,21.173,27.9,19.724,20.066,28.031,17.62,28.274,23.478,27.218,29.873,4.719,15.181
"2056-05",-6.427,0.882,17.807,14.107,2.665,11.197,22.466,27.082,26.546,22.907,22.429,4.368,12.507,16.403,28.155,24.81,8.157,12.894,16.475,18.241,29.257,31.026,29.424,25.508,20.453,22.167,27.575,-3.282,1.135,5.62,13.309,22.569,9.47,17.133,32.419,30.707,27.96,26.508,19.6,14.546,14.483,-30.876,-18.575,-6.783,19.969,27.907,20.849,18.464,27.512,18.874,28.667,22.732,29.218,30.539,3.254,16.085
"2056-06",-1.899,6.045,22.391,18.601,8.639,14.367,24.96,26.935,27.568,22.218,20.448,3.214,11.767,14.737,27.554,23.505,11.116,15.41,18.769,21.499,28.712,33.069,28.492,24.231,18.016,19.725,26.43,5.037,7.636,12.28,18.665,26.608,14.464,20.168,34.738,29.364,27.676,24.693,15.809,12.216,13.146,-32.975,-19.371,-0.51,18.763,27.541,22.112,16.766,26.934,20.878,27.879,21.798,28.741,28.707,2.275,16.551
"2056-07",1.022,9.098,24.032,21.504,10.894,17.875,26.864,27.175,28.508,22.495,21.554,3.082,11.563,15.658,28.436,23.289,12.817,17.859,21.456,24.972,27.9,33.126,27.238,23.962,17.941,19.568,26.385,7.667,10.996,15.196,21.412,29.476,16.457,23.11,35.568,28.577,27.185,24.089,15.3,11.233,11.991,-35.201,-24.529,0.314,17.763,27.024,23.266,16.36,26.293,22.517,27.488,20.811,26.93,28.535,1.177,16.814
"2056-08",0.115,9.061,25.419,20.626,8.6,17.612,27.536,27.513,28.996,22.762,23.093,3.636,11.291,13.82,30.114,24.3,13.273,18.292,22.342,25.26,27.093,33.005,27.823,24.702,18.683,20.322,26.507,5.273,10.696,12.828,18.234,28.931,14.987,22.871,35.264,28.066,27.061,24.806,16.191,10.614,11.543,-36.492,-27.094,-0.724,17.437,26.792,23.834,15.468,26.138,23.19,27.527,20.538,26.997,28.635,0.243,16.618
"2056-09",-1.884,4.434,21.513,18.326,4.588,14.147,26.584,27.628,29.379,23.27,27.075,4.305,12.3,16.339,31.417,26.046,9.17,15.452,14.352,22.971,26.898,31.771,27.636,25.515,19.874,21.941,25.857,2.364,7.355,7.058,13.652,23.58,11.728,20.169,32.558,26.932,27.202,26.128,20.479,12.05,11.538,-35.892,-25.392,-3.497,17.514,26.626,23.911,15.643,26.262,22.93,27.711,20.557,27.109,28.292,-0.068,16.073
"2056-10",-6.313,-2.759,13.926,13.232,-2.186,8.355,23.812,27,28.924,22.795,28.623,5.007,13.319,18.396,30.445,28.158,5.227,10.274,5.108,18.022,27.114,28.63,26.831,26.077,22.447,23.53,25.794,-7.297,-0.685,-0.998,3.6,17.07,5.694,16.039,28.808,25.154,27.149,28.42,25.454,13.407,12.92,-29.997,-20.337,-7.975,17.968,26.43,22.997,15.987,26.547,21.747,27.953,21.247,27.45,27.798,0.765,15.128
"2056-11",-10.622,-7.778,8.123,7.559,-10.864,4.607,20.448,26.287,27.502,22.653,26.001,7.266,14.675,19.743,28.927,28.411,2.591,7.519,4.11,12.813,26.219,22.037,25.854,25.867,23.217,24.02,25.314,-16.295,-10.358,-12.442,-3.226,9.841,-3.21,10.786,22.69,20.588,27.474,29.869,28.654,15.066,13.559,-24.654,-12.912,-15.42,19.004,26.57,21.783,17.036,27.258,19.969,28.126,22.378,27.696,27.618,2.106,14.056
"2056-12",-14.83,-14.707,4.926,3.519,-18.05,3.253,17.78,24.829,25.962,22.784,24.708,8.492,16.13,22.085,27.801,26.984,-0.306,4.37,-0.572,10.038,23.82,17.303,23.5,25.702,23.874,24.277,24.22,-25.36,-16.382,-16.933,-5.186,6.117,-7.959,5.624,16.365,16.273,27.112,30.497,30.107,16.129,15.193,-19.894,-9.573,-24.426,20.347,26.634,20.305,18.612,27.621,18.417,27.614,23.49,26.089,27.149,3.999,13.228
"2057-01",-17.149,-20.018,0.834,2.914,-20.128,-1.92,16.288,25.285,25.588,23.216,23.965,8.869,16.896,23.317,26.89,26.705,-4.758,1.002,-9.061,8.913,22.854,16.321,23.399,25.324,24.331,24.856,23.854,-23.211,-17.36,-22.365,-14.588,4.46,-8.281,4.541,16.189,16.228,26.817,29.536,30.585,18.675,15.957,-17.118,-8.006,-22.188,21.615,26.652,19.416,20.201,27.231,17.543,27.732,24.115,25.402,26.213,5.354,13.06
"2057-02",-16.564,-21.484,5.06,2.824,-24.481,1.789,18.276,25.295,25.103,23.889,22.752,8.909,17.048,23.189,27.834,25.616,-3.362,1.903,-8.078,9.588,26.404,19.347,25.417,25.629,24.485,25.227,26.095,-25.134,-15.971,-19.69,-13.658,2.773,-6.943,4.85,17.641,18.976,27.044,28.7,29.981,19.536,16.82,-21.208,-9.451,-21.016,22.042,26.823,18.658,20.723,27.04,17.184,27.73,24.94,25.209,27.079,5.961,13.272
"2057-03",-18.172,-14.961,5.277,5.806,-10.661,3.138,18.024,25.766,24.726,23.784,22.898,8.067,16.711,22.159,27.276,25.772,1.323,6.57,-3.285,13.339,29.683,24.798,26.92,25.637,23.469,23.966,27.648,-19.216,-12.105,-14.766,-10.258,6.829,-4.183,6.904,21.297,22.949,27.345,28.698,30.606,19.619,17.168,-27.33,-12.917,-23.033,21.844,26.851,19.106,20.601,27.711,17.064,28.019,24.819,25.51,28.301,5.507,14.008
"2057-04",-14.688,-7.502,9.95,8.627,-2.927,7.477,19.759,26.936,25.766,24.148,22.706,8.469,15.653,20.079,27.644,25.523,4.284,10.304,7.59,15.356,30.74,28.177,29.207,26.161,23.081,23.939,28.633,-12.776,-5.882,-1.387,5.105,15.624,5.219,12.864,27.673,27.864,27.642,27.972,25.21,16.698,16.11,-31.148,-16.02,-17.515,21.187,27.48,19.635,19.827,28.186,17.678,28.04,24.17,26.764,29.769,4.269,15.145
"2057-05",-6.116,0.425,17.056,13.982,3.069,11.241,22.85,27.336,26.528,23.69,20.976,7.112,13.887,17.174,27.072,24.149,8.473,14.464,13.057,18.931,29.904,30.448,29.428,25.951,20.523,21.973,27.687,-1.764,2.739,6.762,11.336,21.796,9.36,16.447,31.678,30.329,27.908,26.394,18.801,14.392,14.36,-34.272,-17.556,-6.381,19.977,27.589,20.703,18.426,27.76,18.991,28.7,23.22,28.772,30.656,3.433,15.984
"2057-06",-1.985,6.125,21.605,18.917,9.92,14.445,25.163,27.25,27.687,22.325,20.229,3.508,11.776,15.116,26.747,23.016,11.452,16.519,18.81,22.575,28.882,33.381,28.679,25.295,18.453,20.535,26.809,5.541,8.831,14.922,17.419,27.166,13.411,19.946,35.755,31.201,27.863,24.678,16.098,12.177,13.132,-34.217,-20.138,-1.051,18.863,27.515,21.932,17.066,26.945,20.593,28.396,21.994,29.462,29.943,2.207,16.666
"2057-07",0.66,9.627,24.354,22.644,9.553,17.305,27.067,27.552,28.605,22.284,19.72,4.431,11.892,14.039,27.472,22.589,14.511,19.621,19.464,25.297,28.056,32.74,27.026,23.94,17.188,18.899,25.865,7.064,11.57,15.919,19.445,29.246,16.95,23.209,35.397,29.037,27.532,24.677,17.105,12.307,12.447,-35.158,-21.679,0.305,17.839,27.067,23.066,16.145,26.297,22.328,27.727,20.877,27.506,28.932,1.151,16.773
"2057-08",0.325,8.567,22.483,21.547,8.117,17.648,27.644,27.838,29.294,22.493,22.253,3.935,11.341,15.153,29.273,23.675,12.617,19.953,20.835,26.166,27.185,32.931,27.211,24.98,18.14,20.552,26.175,6.855,10.434,12.635,19.483,28.77,15.652,23.28,35.253,28.221,27.032,24.813,17.329,11.448,11.761,-36.483,-28.516,-0.758,17.287,26.448,23.756,15.492,25.937,23.488,27.606,20.355,26.813,28.916,-0.05,16.552
"2057-09",-4.968,3.557,19.318,17.641,2.259,13.129,26.113,27.536,28.966,22.717,24.894,4.559,12.068,16.042,30.552,25.88,10.392,16.72,18.719,23.631,26.738,31.846,27.811,25.447,19.134,21.479,26.033,1.876,6.79,7.84,13.243,24.678,11.055,20.12,32.822,27.481,27.277,26.434,21.418,12.664,12.568,-34.213,-25.874,-4.015,17.432,26.336,23.595,15.663,26.004,23.103,27.619,20.369,27.297,28.746,-0.923,15.96
"2057-10",-9.254,-1.905,12.617,12.97,-5.382,9.489,22.876,26.464,28.711,22.137,25.929,5.333,12.428,16.981,30.099,27.54,5.663,11.584,8.47,19.147,26.938,28.79,26.782,25.904,20.776,22.923,25.735,-5.054,1.417,-1.563,5.109,17.84,4.974,15.052,28.183,24.963,27.047,27.917,24.8,13.557,13.035,-31.439,-17.811,-9.135,17.98,25.853,22.717,15.719,26.371,21.681,27.541,20.851,26.616,27.889,0.821,14.934
"2057-11",-12.815,-8.661,8.095,7.958,-14.676,5.564,19.364,25.159,27.393,22.31,25.4,7.236,14.508,19.987,28.956,27.672,2.984,6.546,-0.28,12.735,25.785,22.429,25.727,25.649,22,23.653,24.915,-14.89,-8.763,-10.544,-2.406,9.822,-0.418,9.691,21.826,21.596,27.057,29.265,28.279,14.623,14.417,-25.763,-16.191,-16.803,18.869,26.116,21.679,17.171,26.931,20.035,27.734,21.881,27.036,28.066,2.322,13.836
"2057-12",-18.512,-18.171,0.883,2.405,-16.05,-0.448,16.843,25.349,26.366,22.663,23.958,7.474,15.407,21.417,26.896,26.794,0.192,4.439,-5.634,9.322,22.403,16.469,24.146,25.139,22.851,24.104,23.404,-21.621,-10.856,-13.734,-6.939,4.875,-6.849,5.86,16.337,17.572,26.676,29.328,29.076,16.437,15.362,-19.647,-8.651,-23.948,20.19,25.92,20.348,18.517,27.011,18.588,27.895,23.034,26.626,27.061,4.113,13.005
"2058-01",-21.801,-20.123,0.49,-0.172,-20.904,-0.414,15.483,24.224,25.042,22.579,22.923,9.162,16.223,22.39,26.73,25.203,0.068,3.802,-11.259,9.406,22.903,16.637,23.612,24.935,23.409,24.534,23.812,-22.899,-15.022,-19.233,-13.137,0.419,-10.514,2.947,13.944,14.761,26.73,29.346,30.705,19.146,17.108,-18.499,-7.997,-23.579,21.273,25.839,19.148,20.068,26.467,17.35,27.484,24.214,25.058,26.568,5.483,12.744
"2058-02",-19.873,-19.032,3.572,1.047,-17.355,3.909,16.963,24.822,24.932,22.988,23.159,8.558,16.519,23.064,27.584,25.44,-1.937,4.933,-5.268,10.686,25.044,18.733,24.997,24.627,24.202,24.719,25.623,-23.387,-12.433,-17.501,-11.079,6.161,-7.255,4.651,17.469,17.903,26.727,29.074,29.335,18.891,18.445,-21.436,-10.293,-22.15,21.843,25.875,18.957,20.948,26.578,16.656,27.278,24.598,24.785,27.09,5.776,13.3
"2058-03",-19.061,-14.386,10.106,6.076,-16.899,4.423,17.818,25.304,24.801,23.377,23.323,9.166,16.601,21.927,27.425,25.558,1.471,5.666,-0.941,11.92,29.012,24.627,27.749,25.496,23.615,24.207,27.574,-12.789,-7.609,-8.833,-3.736,10.146,-0.767,8.831,22.724,22.738,26.938,28.417,27.416,18.112,17.549,-26.959,-15.542,-23.095,21.577,25.832,18.768,20.39,26.97,16.965,27.412,24.739,25.706,27.937,5.437,14.11
"2058-04",-14.512,-7.325,11.446,9.075,-7.892,5.623,19.513,26.815,25.962,23.173,22.216,7.362,14.988,19.35,26.574,24.672,5.287,10.853,7.341,14.32,28.957,26.292,28.589,25.356,22.752,23.788,26.828,-7.343,-2.86,1.063,6.831,16.579,6.611,13.855,27.101,28.019,27.421,27.657,24.932,17.14,16.334,-29.403,-17.252,-15.519,20.832,26.251,19.7,19.461,26.976,17.54,28.245,24.457,27.323,29.621,4.48,15.038
"2058-05",-5.922,0.473,18.307,15.214,1.022,11.732,23.287,26.851,26.465,23.005,22.326,5.415,13.229,17.61,27.208,24.404,8.3,14.703,14.945,18.544,29.376,30.831,29.287,24.685,20.534,22.048,27.391,0.932,4.505,8.205,12.823,21.78,10.112,16.342,31.393,29.629,27.808,26.437,20.908,14.922,14.469,-32.802,-18.146,-6.529,19.616,26.742,20.665,18.415,27.28,18.824,28.541,23.119,28.801,30.489,3.141,15.988
"2058-06",-0.878,7.487,22.317,19.93,7.104,14.622,25.168,26.466,27.45,21.281,19.719,5.116,11.652,14.741,26.689,22.668,10.665,18.846,18.456,23.404,28.125,32.764,28.125,23.591,18.642,19.507,26.153,6.252,10.504,14.013,16.29,26.658,14.565,20.535,34.736,28.831,27.43,25.901,17.712,12.878,13.736,-34.116,-19.679,-0.781,18.611,26.544,21.848,16.865,26.563,20.543,27.669,21.634,28.134,28.743,1.996,16.518
"2058-07",1.016,9.191,26.074,22.657,10.62,18.009,27.032,26.623,28.331,20.721,18.523,5.042,11.19,13.724,26.536,22.054,13.507,18.07,20.115,25.964,26.577,33.249,26.706,23.327,17.235,19.449,25.683,8.573,13.122,16.496,19.225,30.348,17.165,22.572,35.469,27.981,27.332,25.484,16.635,11.878,12.496,-34.284,-26.831,0.306,17.751,26.158,23.045,16.249,26.167,22.353,27.183,20.668,26.748,28.269,0.758,16.723
"2058-08",-0.607,7.71,24.378,20.589,8.422,17.353,26.732,26.574,28.749,21.599,23.245,3.63,11.459,15.274,29.057,23.421,12.419,17.904,20.24,25.657,25.883,32.593,27.067,24.044,17.91,19.72,25.585,6.524,11.323,13.441,18.684,29.974,16.166,23.518,35.578,27.362,27.225,26.296,18.767,11.699,12.097,-35.867,-24.247,-0.479,17.31,25.948,23.58,15.395,25.905,23.356,27.095,20.324,26.576,28.508,0.05,16.51
"2058-09",-3.726,4.327,21.183,19.536,4.401,12.563,25.513,27.033,28.99,22.468,25.132,4.838,11.869,15.196,30.383,25.191,9.824,15.937,14.705,22.151,26.349,30.976,26.715,24.706,19.334,21.015,25.656,0.697,5.45,6.978,11.27,22.734,11.858,21.617,31.744,27.135,27.313,26.935,20.672,12.155,12.294,-33.327,-24.561,-2.917,17.299,25.805,23.716,15.33,25.888,22.886,27.306,20.317,26.576,28.24,0.041,15.888
"2058-10",-9.248,-0.371,13.89,15.257,-4.419,9.856,23.087,25.948,28.181,21.854,24.468,6.353,12.115,16.107,29.831,26.705,5.974,13.719,8.583,19.138,27.087,27.908,26.427,25.26,21.82,23.306,25.857,-7.07,-0.271,1.911,6.08,17.072,3.882,16.253,26.44,24.212,26.955,27.802,22.789,12.777,13.585,-29.634,-19.589,-8.338,17.741,25.68,22.604,15.698,26.277,21.978,27.227,20.786,26.214,28.028,1.075,14.924
"2058-11",-13.175,-7.561,8.422,6.667,-12.709,5.729,20.067,25.451,26.971,21.676,24.464,7.153,14.062,19.158,27.766,26.116,3.887,9.145,1.94,14.718,26.388,22.56,25.66,25.437,22.941,23.14,25.412,-14.768,-7.91,-12.233,-4.083,9.792,-3.621,10.767,21.723,19.612,26.439,28.701,27.129,15.044,14.094,-23.911,-13.207,-14.851,18.608,25.532,21.493,17.231,26.862,20.164,27.111,21.551,26.754,26.943,2.289,13.833
"2058-12",-17.556,-15.171,3.179,5.246,-22.992,2.002,17.394,25.027,26.292,22.192,23.739,7.906,15.251,20.826,26.267,25.987,-0.393,5.027,-4.233,11.518,24.14,18.217,24.285,24.983,23.1,24.106,24.003,-22.388,-11.945,-18.289,-10.243,4.443,-7.944,6.06,16.634,15.959,26.414,29.101,28.949,17.257,15.401,-18.748,-7.064,-18.773,19.976,25.807,19.951,18.44,27.145,18.909,27.514,22.818,25.805,26.66,4.065,13.036
"2059-01",-19.372,-21.312,3.39,0.566,-23.543,2.51,17.406,23.958,24.676,22.64,22.895,9.113,16.315,22.387,26.281,25.483,-0.564,3.518,-8.35,9.681,23.901,17.141,23.573,24.815,23.445,24.248,24.105,-20.125,-10.474,-21.307,-18.377,-0.164,-12.011,4.006,15.327,13.777,26.18,28.786,29.529,18.576,16.492,-17.571,-7.66,-18.326,21.246,26.057,19.138,19.855,26.914,17.351,27.336,23.689,24.601,25.962,5.493,12.873
"2059-02",-18.787,-16.964,5.307,1.627,-19.864,2.965,16.888,24.141,24.342,23.236,23.142,8.601,16.365,22.43,26.826,25.296,-3.745,1.887,-12.592,10.481,26.318,19.817,25.19,25.151,23.888,24.956,25.78,-21.633,-14.158,-18.682,-13.326,5.113,-5.455,6.294,17.834,17.346,26.493,28.409,29.697,19.869,17.487,-20.107,-9.255,-23.975,21.856,26.136,18.526,20.824,27.128,16.893,27.299,24.053,24.581,26.172,6.01,13.314
"2059-03",-18.218,-15.043,7.073,3.675,-14.423,2.434,18.092,26.071,25.137,23.879,22.545,9.06,16.505,21.518,26.924,25.051,0.757,6.825,1.39,13.208,29.317,23.704,27.093,25.243,23.464,24.79,27.172,-17.396,-7.741,-7.731,-0.709,11.015,-0.503,9.354,22.061,22.171,26.935,28.49,27.269,18.419,17.191,-26.579,-13.202,-22.582,21.609,26.802,19.077,20.479,27.296,16.914,27.602,24.303,25.459,27.436,5.597,14.175
"2059-04",-10.734,-5.052,12.546,9.189,-6.327,8.751,19.888,26.351,25.181,23.774,22.79,7.218,15.187,19.18,27.777,25.355,4.394,11.026,10.592,14.822,30.024,27.162,28.838,25.802,22.297,23.06,28.093,-8.227,-4.022,-1.788,7.147,17.239,5.164,12.994,26.969,26.589,27.228,27.824,24.641,16.283,15.965,-28.808,-15.5,-14.522,20.856,27.067,19.608,19.524,27.404,17.38,28.179,24.061,26.693,29.545,4.338,15.193
"2059-05",-4.951,1.525,17.124,14.784,3.833,11.925,23.084,27.509,26.696,24.038,21.414,4.943,13.579,16.488,27.448,24.782,8.729,13.726,14.745,19.119,29.387,30.048,28.941,24.962,19.803,20.475,26.718,-2.685,2.672,7.159,12.297,20.821,9.75,17.205,30.403,29.747,27.641,26.52,20.606,14.543,14.5,-32.193,-19.832,-5.34,19.766,27.463,20.882,18.188,26.83,18.988,28.551,23.023,28.642,30.342,3.309,16.004
"2059-06",-1.713,6.418,22.14,19.336,9.203,14.985,25.937,26.577,27.477,23.213,20.002,4.65,11.676,14.322,27.454,23.544,11.779,18.38,16.955,23.709,28.851,32.821,28.878,23.905,18.272,19.419,26.631,6.056,8.342,14.109,19.193,25.861,14.688,20.619,34.25,30.214,27.801,25.541,16.402,12.391,13.803,-35.458,-19.188,-0.235,18.78,27.75,21.819,16.972,26.563,20.815,27.668,21.511,28.624,29.373,2.396,16.622
"2059-07",0.711,8.724,26.1,21.21,12.444,19.414,27.808,27.466,28.55,23.134,20.213,3.743,12.037,14.08,28.022,23.33,14.652,19.456,20.618,25.824,27.177,33.862,27.403,23.471,17.676,18.62,25.548,7.895,10.735,16.947,19.791,29.352,16.538,23.162,36.116,28.708,27.193,24.417,15.183,10.894,12.125,-34.356,-22.437,0.138,17.583,27.63,23.382,16.185,26.22,22.42,27.275,20.54,27.272,28.621,1.295,16.915
"2059-08",0.032,8.395,26.567,20.912,8.174,19.181,28.154,28.023,29.095,24.074,21.991,3.878,12.13,14.012,29.931,24.002,12.827,17.255,20.443,25.292,26.674,33.192,27.243,24.114,18.198,19.047,25.697,7.675,11.367,15.091,18.239,29.976,15.569,23.746,35.365,27.839,27.014,24.837,16.681,10.766,12.008,-34.778,-24.725,-0.408,17.182,27.344,24,15.372,25.878,23.221,27.284,20.373,26.777,28.379,0.776,16.758
"2059-09",-4.066,6.073,22.7,17.76,3.881,16.511,26.238,27.389,29.056,24.191,26.116,4.786,12.316,15.51,31.713,26.258,10.724,16.237,15.769,22.866,26.733,31.404,28.064,25.697,19.396,21.374,26.219,1.013,6.511,7.37,12.1,23.888,10.162,20.788,32.74,26.866,26.852,26.175,20.493,11.889,12.332,-33.341,-25.007,-3.361,17.264,27.317,23.795,15.658,26.165,23.07,27.601,20.568,26.634,28.536,0.249,16.143
"2059-10",-10.182,-1.653,14.917,13.104,-0.635,11.523,22.726,26.315,28.644,23.208,26.372,5.825,12.889,16.972,30.594,27.96,7.142,13.56,10.236,20.187,27.044,27.759,27.798,26.527,20.858,22.743,26.007,-6.196,-0.09,1.284,7.191,17.212,4.429,16.038,28.221,25.32,27.334,27.448,23.197,12.883,12.494,-29.471,-21.134,-10.138,17.899,27.46,23.131,16.25,26.715,22.051,28.023,21.26,27.656,28.044,0.707,15.307
"2059-11",-13.023,-7.525,6.517,7.188,-8.689,5.186,20.668,25.9,27.067,23.238,25.286,7.118,14.922,18.925,29.187,28.282,4.331,7.742,4.134,15.039,26.305,23.319,26.376,26.139,21.933,23.316,25.25,-14.551,-8.544,-8.945,-1.017,9.168,-4.165,10.498,22.56,20.452,27.288,29.677,28.814,15.033,13.729,-25.588,-15.701,-17.376,18.858,27.373,22.022,17.149,27.176,20.177,28.225,22.39,27.698,28.032,2.605,14.248
"2059-12",-17.496,-15.456,-1.043,1.701,-16.578,-1.177,16.736,25.423,26.181,23.548,24.675,8.483,15.943,21.526,27.563,27.343,-0.254,6.282,-7.208,12.457,23.946,19.404,24.559,25.654,23.078,24.536,24.036,-23.53,-12.678,-20.856,-15.204,5.133,-6.872,6.728,16.677,17.186,27.224,30.458,30.512,16.744,14.988,-18.651,-9.22,-21.55,20.061,27.714,20.706,18.604,27.507,18.296,28.139,23.621,26.529,26.73,4.093,13.305
"2060-01",-18.102,-24.824,-2.479,0.112,-22.738,-2.53,16.853,25.916,25.845,24.052,24.17,9.283,17.19,22.942,27.427,26.086,1.637,5.19,-8.046,9.632,23.039,17.133,24.508,25.632,24.26,25.272,24.484,-25.399,-15.14,-22.305,-13.692,2.861,-9.449,3.599,15.992,16.237,27.14,29.828,30.54,17.409,15.882,-16.334,-6.572,-19.637,21.321,27.746,19.816,19.973,27.135,17.493,28.082,24.401,25.597,26.437,5.632,13.142
"2060-02",-15.809,-20.171,4.116,-0.104,-21.781,4.16,17.687,25.03,24.628,23.86,23.268,9.394,17.097,22.819,28.531,26.288,-4.059,2.46,-7.991,11.32,27.015,20.982,26.342,25.976,24.193,25.853,26.613,-25.259,-13.512,-16.034,-9.33,8.196,-3.977,4.912,18.789,19.813,27.056,29.454,29.01,18.634,16.27,-19.636,-7.368,-22.442,21.958,27.423,19.242,20.619,27.172,16.561,28.052,24.989,25.246,26.868,6.158,13.673
"2060-03",-15.685,-13.807,7.781,3.807,-8.591,6.18,17.3,25.722,25.081,23.914,23.456,8.891,16.546,21.77,29.066,26.144,-2.169,6.369,2.24,13.528,29.436,25.146,27.607,25.658,23.605,24.701,27.728,-22.152,-9.709,-9.231,-1.001,12.541,-0.298,9.397,21.632,23.099,27.338,28.509,26.914,18.075,16.218,-25.033,-10.859,-21.527,21.756,27.335,19.343,20.41,27.526,16.984,28.347,25.044,25.698,28.71,5.692,14.467
"2060-04",-11.917,-7.773,14.754,9.715,-3.637,9.64,20.801,26.69,25.77,23.889,23.196,7.136,15.657,19.159,28.702,25.609,4.08,8.806,6.461,13.925,30.114,27.169,29.837,26.347,22.715,23.251,28.212,-12.685,-3.949,-0.331,4.666,15.896,6.12,13.701,27.841,27.632,28.078,27.821,22.335,15.677,15.651,-29.165,-13.124,-16.365,21.132,27.504,20.224,19.437,27.804,17.645,28.988,24.477,27.492,30.492,4.534,15.307
"2060-05",-5.77,2.069,18.167,15.24,5.169,10.302,23.188,27.649,26.862,23.298,21.236,6.956,14.607,17.386,27.362,24.161,10.487,13.198,15.161,17.754,30.097,30.971,30.373,25.829,20.43,21.834,28.179,-1.368,1.435,6.471,12.829,22.365,9.559,15.863,31.582,30.863,28.223,25.861,18.08,13.74,14.126,-32.101,-15.57,-5.259,19.867,27.563,21.304,17.959,27.755,18.753,28.913,23.125,29.342,31.115,3.493,16.203
"2060-06",-0.193,7.52,23.322,18.502,11.036,13.168,25.103,27.338,27.927,22.011,19.739,5.379,12.858,14.073,26.815,23.781,12.951,16.122,17.485,21.04,28.633,33.118,28.734,24.596,18.302,19.915,26.472,8.025,9.46,14.034,17.534,26.935,15.429,20.187,34.324,30.351,27.859,24.851,15.784,12.189,12.844,-34.446,-20.471,-0.271,18.721,27.141,22.434,16.734,27.044,20.714,28.403,22.048,29.188,29.791,2.388,16.721
"2060-07",1.2,11.312,26.727,21.437,11.621,18.356,27.756,27.595,28.63,22.192,20.534,4.028,12.015,13.836,27.907,23.346,15.102,18.168,21.277,24.759,28.321,33.156,27.419,23.994,17.669,18.993,26.124,9.598,12.766,17.222,20.183,28.86,17.383,23.391,35.144,28.699,27.314,23.774,14.708,11.056,12.033,-36.552,-27.839,0.606,17.836,26.952,23.608,15.9,26.44,22.69,27.677,20.718,27.451,28.584,1.186,16.92
"2060-08",2.071,10.814,25.54,22.142,8.201,19.254,27.818,27.447,28.805,22.472,22.74,4.576,12.01,14.574,29.193,24.003,13.635,18.68,21.452,25.775,27.504,32.756,27.218,24.703,17.747,19.748,26.54,6.71,11.061,14.59,18.126,28.677,15.742,23.296,35.154,27.63,27.099,24.151,15.571,10.615,11.315,-34.089,-26.272,-0.421,17.383,26.589,24.076,15.525,26.301,23.266,27.416,20.317,26.55,28.317,-0.032,16.738
"2060-09",-3.655,4.352,21.168,18.306,3.97,14.922,26.424,27.709,29.311,22.932,27.219,4.672,13.219,16.471,30.893,26.44,9.67,15.707,15.742,22.973,26.936,31.672,27.755,25.183,19.583,21.044,26.279,1.634,7.961,7.462,12.028,25.493,11.489,20.706,32.98,27.382,27.333,25.959,20.803,12.497,11.96,-31.746,-22.703,-3.468,17.44,26.623,24.116,15.479,26.489,23.207,27.593,20.26,27.163,28.238,0.104,16.27
"2060-10",-6.961,-2.279,16.106,12.364,-4.399,11.768,24.565,27.022,28.517,22.96,26.451,6.514,14.056,17.329,30.108,27.221,6.466,10.002,4.854,17.438,27.617,27.35,27.198,25.884,21.38,23.07,26.144,-5.102,2.527,-0.736,4.217,19.419,7.075,15.65,27.99,25.159,27.146,27.937,23.688,12.949,12.811,-30.215,-20.281,-8.431,18.044,26.867,23.095,15.991,26.999,21.799,27.527,20.775,27.026,27.713,1.167,15.202
"2060-11",-10.434,-8.854,4.155,4.949,-5.398,6.026,19.853,26.503,27.932,22.486,24.632,7.88,14.658,19.092,28.271,27.136,0.289,6.568,-1.165,14.49,26.382,22.926,25.911,25.316,22.941,23.797,25.384,-14.687,-8.513,-13.513,-5.16,10.777,-1.792,9.491,21.335,20.306,27.212,29.173,27.68,14.702,13.1,-23.274,-12.842,-11.792,18.862,26.699,22.078,17.015,27.421,19.887,28.155,21.998,27.611,27.799,2.473,14.103
"2060-12",-17.004,-13.563,4.316,6.423,-19.991,2.496,17.092,25.572,26.673,22.91,24.048,8.533,16.07,21.282,27.145,26.732,1.203,5.021,-8.686,10.685,23.441,17.685,24.44,25.749,23.819,25.42,24.381,-22.197,-16.788,-23.854,-16.552,4.321,-8.5,2.995,17.39,16.569,27.109,29.48,29.45,16.795,15.029,-18.673,-8.038,-20.742,20.214,27.215,20.61,18.472,27.489,18.693,27.7,23.188,26.286,26.838,4.212,13.171
"2061-01",-15.509,-20.525,0.384,0.096,-14.795,1.703,14.975,24.79,25.41,23.614,23.768,8.88,16.999,22.845,27.717,26.346,0.013,0.042,-7.875,7.229,24.074,17.06,25.157,25.92,24.361,26.111,24.934,-22.354,-16.405,-23.116,-14.588,1.818,-12.569,-0.469,16.283,14.834,26.633,29.28,31.322,19.357,17.046,-17.306,-6.063,-22.536,21.393,27.217,19.462,20.046,27.212,17.473,27.88,24.41,25.346,26.684,5.637,13.08
"2061-02",-18.251,-21.564,-0.936,1.305,-13.346,0.072,15.821,25.444,25.068,24.341,23.511,10.422,17.571,23.372,28.208,25.918,-3.862,-0.277,-10.891,9.407,28.676,22.368,26.454,25.718,24.653,26.121,26.953,-22.555,-14.251,-20.042,-11.775,4.143,-6.652,2.148,19.251,18.067,26.97,28.792,30.094,19.057,17.033,-20.914,-8.444,-23.705,21.908,27.231,19.221,20.682,27.425,16.941,27.846,25.025,25.555,26.691,6.056,13.461
"2061-03",-18.075,-16.008,7.563,4.551,-12.853,5.734,17.75,26.189,25.379,24.792,23.732,9.238,16.976,22.184,29.054,26.049,1.832,5.388,-2.142,12.751,30.427,24.011,27.546,25.931,24.111,24.917,28.156,-17.285,-8.59,-8.607,-3.853,10.056,-1.496,7.172,22.754,23.227,27.371,29.498,29.591,18.947,16.627,-27.963,-12.336,-23.826,21.913,27.854,19.327,20.598,28.083,17.095,27.951,24.924,26.168,28.114,5.713,14.353
"2061-04",-14.37,-7.296,11.703,8.817,-1.343,8.618,20.051,27.457,26.226,24.82,23.814,7.505,15.414,19.904,29.083,25.753,4.404,10.343,9.679,15.973,30.893,27.466,29.225,26.365,23.29,24.817,28.603,-10.143,-5.048,-0.705,9.121,16.598,5.52,12.57,27.886,28.125,27.812,28.498,26.145,17.627,15.153,-30.388,-14.698,-16.948,21.095,28.184,20.106,19.879,28.324,17.741,28.603,24.347,27.718,30.155,4.505,15.508
"2061-05",-6.689,1.006,15.768,14.047,4.987,11.86,23.259,27.937,27.185,24.577,22.411,4.686,14.141,17.687,28.339,25.015,8.115,15.412,13.7,18.513,30.125,30.447,29.505,26.271,20.869,22.498,28.07,-0.982,2.798,7.868,11.803,21.558,9.649,15.741,30.594,30.033,28.217,27.104,22.053,15.336,13.485,-31.335,-16.29,-6.404,19.796,28.56,21.161,18.492,27.954,18.649,29.177,23.489,29.374,31.098,3.231,16.314
"2061-06",-0.743,6.538,20.938,18.381,11.958,15.063,24.419,27.847,27.99,23.594,20.366,4.209,12.175,14.553,27.995,24.113,11.451,16.961,18.443,21.754,29.847,33.325,29.603,25.064,18.434,20.44,27.585,6.402,9.074,12.152,17.553,26.852,13.539,19.546,34.581,31.329,27.845,25.292,17.188,12.874,12.853,-33.68,-21.304,-0.774,18.579,28.39,22.439,17.075,27.456,20.436,28.649,22.403,29.586,30.4,2.358,16.866
"2061-07",1.535,10.158,24.288,21.046,12.188,17.921,27.069,28.093,29.063,23.545,21.864,3.003,11.646,13.864,28.974,23.598,13.96,19.795,20.819,24.941,28.333,33.732,28.069,24.32,17.582,18.939,26.297,10.4,13.296,16.021,20.297,28.516,16.285,22.014,36.649,29.972,27.536,24.635,16.92,11.709,12.369,-34.797,-23.572,0.24,17.929,27.975,23.477,15.968,26.559,22.103,27.981,21.214,28.285,28.671,1.531,17.181
"2061-08",0.223,9.721,21.468,21.306,11.158,19.024,27.202,28.573,29.372,24.015,23.139,4.334,12.831,15.843,30.683,24.284,12.881,19.559,21.554,25.43,27.33,32.944,27.403,24.745,18.401,19.72,26.093,7.382,11.692,14.037,20.085,28.08,15.512,22.03,35.717,29.108,27.217,25.042,17.424,10.524,11.163,-36.231,-27.75,-0.27,17.309,27.476,24.416,15.715,26.012,23.44,27.831,20.377,27.21,28.65,0.291,16.907
"2061-09",-4.129,3.941,18.314,17.814,4.623,16.475,26.086,27.779,29.202,23.968,27.549,4.268,12.063,15.825,32.021,26.605,10.187,16.597,15.38,22.685,27.228,31.552,28.169,25.708,19.978,21.477,26.213,1.986,7.449,6.918,10.746,23.224,10.501,19.858,32.488,27.538,27.425,26.4,21.466,11.529,11.161,-35.417,-27.319,-3.376,17.506,27.354,24.332,15.507,26.066,23.324,27.897,20.29,27.378,28.71,0.358,16.181
"2061-10",-8.089,-0.725,15.692,13.837,-2.293,11.385,23.474,27.224,29.03,23.319,27.704,5.732,13.125,18.037,31.936,28.213,6.192,10.039,5.369,17.546,27.429,28.121,27.636,26.343,22.645,23.676,26.695,-5.329,-1.153,-1.055,4.522,17.019,3.886,14.281,28.232,25.247,27.572,28.313,26.837,13.734,12.311,-31.412,-19.487,-8.001,17.89,27.008,23.413,16.101,26.766,22.064,28.036,20.832,27.479,28.655,1.235,15.298
"2061-11",-12.558,-7.197,4.525,7.329,-6.045,6.106,19.662,26.389,27.736,23.391,27.448,7.419,14.852,20.567,30.533,28.247,-0.146,5.455,1.17,14.211,26.586,23.109,26.566,26.471,23.053,23.937,25.7,-13.738,-10.499,-12.065,-2.445,11.313,-3.482,7.593,22.056,20.743,27.075,29.202,27.548,14.235,13.704,-25.514,-14.572,-15.124,18.768,27.088,22.11,17.316,27.409,20.407,28.051,21.698,27.793,27.864,2.737,14.153
"2061-12",-15.863,-12.49,-0.524,0.751,-8.997,2.496,16.056,25.299,26.207,23.312,25.496,8.704,16.52,22.08,28.111,26.9,-2.465,5.419,-5.997,12.591,24.138,19.755,25.439,25.645,23.674,25.085,24.535,-21.438,-14.622,-17.736,-8.909,7.456,-6.682,5.169,18.568,17.137,26.563,30.36,30.791,17.016,15.592,-18.649,-8.443,-21.385,20.097,27.142,20.697,18.681,27.437,18.54,27.934,23.026,26.966,26.54,4.087,13.551
"2062-01",-16.41,-15.427,1.196,-0.314,-15.152,-0.714,16.674,25.736,25.65,23.76,24.342,9.802,17.092,23.49,28.087,26.258,-4.538,0.429,-9.925,9.139,23.705,17.894,24.894,25.615,23.898,25.413,24.763,-25.135,-16.701,-26.786,-19.792,2.7,-10.324,2.166,17.422,15.599,26.715,29.435,32.39,19.207,16.643,-17.66,-6.52,-20.014,21.311,27.47,19.665,20.286,27.199,17.214,27.774,24.094,25.682,26.042,5.533,13.172
"2062-02",-18.209,-16.548,0.014,1.374,-21.333,-1.167,16.231,25.365,25.06,23.95,24.257,9.575,17.615,23.482,28.542,26.362,-1.651,2.58,-8.04,10.363,26.598,21.271,26.144,25.769,24.617,25.146,26.288,-22.873,-14.636,-22.812,-17.759,4.374,-9.537,1.364,19.813,17.88,26.708,28.837,31.22,19.767,17.279,-22.25,-8.609,-22.76,21.993,27.237,18.997,20.867,27.207,16.797,27.914,24.727,25.252,26.796,6.026,13.308
"2062-03",-18.958,-14.155,7.49,6.541,-11.242,4.837,16.703,26.197,25.476,24.311,23.292,8.728,16.568,22.429,28.555,26.069,1.607,6.013,-3.127,11.845,29.378,23.504,27.45,25.785,23.693,24.897,27.159,-20.005,-11.468,-10.601,-5.733,7.114,-2.608,7.887,21.537,23.024,27.248,28.684,27.529,18.644,17.309,-27.49,-11.641,-25.255,21.819,27.639,19.228,20.752,27.545,17.351,28.287,25.026,25.992,28.486,5.594,14.196
"2062-04",-13.169,-6.537,9.81,9.12,-3.23,7.158,19.403,27.053,25.824,24.377,23.168,7.087,15.725,20.235,28.235,26.04,4.205,11.817,9.572,15.703,30.91,28.201,29.274,26.311,22.703,23.204,28.58,-8.557,-2.879,1.693,8.098,17.946,4.865,12.64,28.156,27.751,27.755,28.277,25.435,17.4,15.695,-29.844,-14.648,-15.862,21.001,27.925,19.809,19.733,28.153,17.763,28.628,24.573,27.201,30.184,4.324,15.496
"2062-05",-5.777,1.371,15.578,14.505,6.614,11.652,21.956,27.524,26.929,24.363,22.761,3.901,13.598,16.791,28.037,25.289,8.32,13.517,13.419,17.827,29.081,31.095,29.29,26.149,19.05,21.138,27.118,-0.251,3.306,7.864,13.833,21.943,10.425,16.297,31.69,30.157,28.216,26.159,19.58,13.922,14.407,-31.431,-18.381,-5.7,20.014,28.143,20.872,18.349,27.313,18.764,29.256,23.523,29.041,31.099,3.343,16.252
"2062-06",-1.103,7.44,20.943,20.197,10.504,15.767,24.253,27.625,28.161,23.685,20.505,4.445,12.324,14.766,28.202,24.096,12.71,16.008,17.911,21.231,28.341,32.525,28.938,24.922,17.91,19.46,26.461,7.291,10.824,14.595,16.371,26.565,12.929,18.772,35.584,31.224,28.133,25.011,16.374,12.18,12.998,-33.715,-18.968,-0.814,19.016,28.599,22.197,17.036,26.354,20.564,28.708,22.106,29.619,30.319,2.417,16.849
"2062-07",1.595,10.604,24.602,23.294,12.659,16.442,26.774,28.103,28.996,23.084,20.609,3.233,10.735,12.77,29.216,24.049,14.086,18.828,20.054,23.594,28.1,33.974,28.628,24.784,18.125,19.905,26.739,8.498,14.201,16.937,19.788,30.025,15.429,21.417,36.446,29.975,27.423,23.29,14.72,12.08,12.331,-34.095,-20.986,0.259,18.16,27.942,23.541,15.847,25.98,22.526,27.917,21.132,28.052,28.652,1.622,17.138
"2062-08",0.032,8.677,23.607,22.419,9.061,17.102,27.04,28.443,29.621,23.595,23.941,4.117,11.882,14.598,31.075,24.651,12.577,18.156,16.952,24.436,26.637,33.473,27.671,25.051,18.149,19.945,25.898,7.863,11.866,15.148,19.107,28.316,16.485,23.138,35.693,28.354,27.064,24.71,17.691,11.507,11.48,-35.094,-23.554,-0.551,17.574,27.252,24.293,15.497,25.609,23.585,27.915,20.396,27.64,28.476,1.068,16.913
"2062-09",-4.02,5.142,18.239,18.479,5.743,15.418,25.974,28.471,29.658,24.222,26.702,4.596,12.83,16.728,32.269,26.113,10.214,16.34,13.621,22.811,26.871,31.532,28.151,25.933,19.086,21.404,26.253,0.835,6.796,6.951,12.34,24.648,12.176,21.07,32.77,27.226,27.261,26.324,20.665,12.203,12.072,-36.926,-23.711,-2.992,17.504,27.218,24.331,15.7,25.842,23.32,27.928,20.226,27.342,28.475,0.65,16.151
"2062-10",-8.139,-0.802,13.436,12.466,-1.861,12.984,23.234,26.796,28.507,23.725,27.739,6.409,13.726,17.871,31.724,27.719,8.215,14.218,6.215,19.367,27.575,28.729,27.368,26.306,21.901,23.062,26.027,-5.28,-0.384,-0.486,4.392,17.026,4.325,15.224,27.976,24.983,27.382,27.781,23.992,12.78,12.735,-33.362,-18.256,-6.402,17.813,27.238,23.263,16.039,26.372,21.992,27.884,20.788,27.075,28.399,1.532,15.224
"2062-11",-12.807,-8.594,7.757,7.885,-10.675,7.043,19.652,25.492,27.53,23.313,26.277,7.394,14.777,19.98,29.732,27.612,3.432,8.554,0.568,14.571,27.283,23.749,26.627,26.087,23.053,24.515,25.708,-14.676,-8.948,-11.878,-3.409,9.227,-3.615,10.4,22.509,20.478,27.496,29.586,27.139,14.557,14.167,-25.058,-12.146,-12.684,18.883,27.508,22.07,17.09,27.026,20.242,28.099,21.685,27.957,28.041,2.664,14.261
"2062-12",-14.931,-13.747,1.707,2.897,-12.123,2.045,17.54,26.01,26.673,23.439,25.465,8.597,16.427,21.797,28.562,28.355,1.456,4.28,-7.081,10.492,24.356,18.087,24.904,25.549,23.924,24.507,24.066,-22.225,-15.277,-17.174,-10.307,4.133,-7.76,5.795,17.136,16.412,27.327,30.1,30.137,16.486,15.699,-19.878,-10.401,-19.045,20.114,27.575,20.489,18.541,27.48,18.391,28.282,23.53,26.88,27.431,4.269,13.466
"2063-01",-19.499,-20.226,1.205,1.285,-15.442,1.736,16.003,25.156,25.41,23.634,24.514,9.695,17.048,22.278,27.542,27.126,0.148,4.656,-2.989,10.037,23.951,18.148,24.511,25.611,24.099,24.861,24.527,-21.245,-15.214,-18.619,-6.652,5.057,-8.464,2.171,16.037,16.008,26.781,29.234,31.017,18.268,17.182,-17.6,-6.921,-23.389,21.324,27.504,19.616,19.678,27.462,17.305,28.084,24.8,26.037,26.888,5.656,13.441
"2063-02",-18.866,-19.031,4.967,2.951,-13.067,4.382,16.857,25.175,25.085,23.769,23.599,9.53,17.645,22.827,27.816,26.314,1.372,5.312,-0.803,10.501,26.572,19.532,25.874,25.999,23.931,25.446,25.971,-17.722,-13.434,-14.714,-4.273,7.281,-5.693,4.428,17.918,18.26,26.857,29.928,31.259,19.787,17.498,-20.281,-9.228,-20.514,22.163,27.324,19.179,20.621,27.624,17.05,28.073,25.274,25.899,26.825,5.98,13.995
"2063-03",-17.495,-16.159,5.685,5.721,-11.457,4.132,17.423,26.581,25.59,24.425,23.623,9.253,17.39,22.814,28.615,26.528,2.734,6.852,2.641,12.295,29.173,22.608,27.981,26.454,23.817,24.98,27.777,-14.594,-9.644,-8.02,-1.135,9.423,-1.566,8.786,21.488,22.414,27.175,28.677,27.497,18.561,16.619,-24.688,-10.812,-19.569,21.939,27.446,19.319,20.38,27.838,17.273,28.236,24.976,26.305,28.272,5.536,14.545
"2063-04",-10.239,-5.575,10.36,9.255,-4.832,7.657,19.056,27.049,25.536,24.252,23.654,7.766,15.514,20.341,28.684,26.339,3.259,9.715,10.515,14.931,30.752,28.173,29.031,26.475,22.931,24.033,28.545,-9.643,-3.103,-1.019,6.95,18.367,4.85,12.364,27.269,27.378,27.963,27.903,25.091,17.7,15.145,-28.031,-14.07,-17.179,21.023,27.773,19.811,19.583,28.177,17.543,28.883,24.483,27.525,30.187,4.602,15.468
"2063-05",-5.058,1.677,15.532,13.429,4.793,12.663,22.729,27.542,27.087,23.234,22.171,5.773,13.811,17.795,27.586,24.936,8.566,14.595,14.628,18.024,29.73,30.053,29.393,26.293,20.476,21.909,27.452,-0.404,3.31,7.602,12.617,21.22,9.001,16.31,30.309,29.511,28.245,26.422,20.247,14.763,13.931,-29.318,-15.401,-5.155,19.621,27.846,20.929,18.269,27.586,19.002,29.245,23.503,29.079,30.864,3.518,16.278
"2063-06",-0.979,7.333,21.265,17.294,10.564,14.197,26.172,26.824,28.164,21.66,20.324,4.481,12.063,14.752,27.542,23.717,11.689,16.102,17.114,21.734,29.719,32.678,29.236,24.914,18.287,19.721,26.907,6.782,9.407,14.408,17.212,26.389,14.223,20.565,34.98,30.794,28.045,25.226,17.368,13.554,12.9,-34.32,-19.228,-0.886,18.564,27.239,22.273,16.933,26.885,20.675,28.874,22.15,29.885,30.22,2.59,16.756
"2063-07",1.144,10.597,23.901,21.388,11.945,18.437,27.546,27.365,29.069,21.431,20.909,4.248,10.877,14.378,28.362,23.364,13.726,17.402,20.917,24.928,27.642,33.323,26.885,24.131,17.577,18.792,25.625,8.997,11.878,17.554,21.26,29.404,16.521,22.77,36.086,29.436,27.557,24.88,15.784,12.09,13.092,-33.028,-18.234,-0.009,17.877,26.451,23.362,15.856,26.107,22.257,27.76,21.028,27.745,28.949,1.664,17.034
"2063-08",0.713,10.15,23.55,22.187,7.915,18.666,26.731,27.603,29.256,22.198,22.838,3.596,11.329,14.387,30.157,24.599,12.944,17.946,22.265,25.681,27.162,32.952,26.632,24.485,18.271,19.378,25.766,6.363,11.871,13.777,18.17,29.164,15.22,23.147,35.597,28.248,27.321,24.782,17.786,11.678,11.892,-34.648,-25.17,-0.348,17.346,25.913,23.919,15.77,26.015,23.283,27.416,20.404,26.918,28.749,0.895,16.771
"2063-09",-4.472,4.555,17.33,16.926,5.598,15.355,25.873,27.325,29.098,22.909,26.379,4.944,12.327,16.799,31.478,26.014,9.862,15.849,16.664,23.185,27.144,31.168,27.453,25.134,20.166,21.461,25.955,1.986,6.683,7.282,14.717,24.387,10.967,20.173,32.136,27.01,27.374,25.627,20.016,12.082,12.413,-36.508,-26.067,-3.801,17.24,25.661,23.994,15.715,26.136,23.12,27.411,20.227,26.69,28.652,0.819,15.959
"2063-10",-9.159,-0.618,11.514,11.064,-0.398,12.239,22.752,26.147,28.174,22.507,26.399,5.728,13.225,17.229,29.767,27.884,6.887,13.086,5.245,19.518,27.456,28.702,26.743,25.612,20.223,22.447,25.706,-5.973,0.177,1.122,3.542,15.982,4.763,15.669,27.685,24.242,26.919,27.952,25.127,13.525,13.428,-32.16,-21.192,-9.36,17.773,25.563,23.118,16.252,26.349,21.738,27.438,20.412,26.874,28.115,1.439,14.958
"2063-11",-12.373,-4.903,8.904,8.986,-9.667,5.59,19.23,25.377,27.022,22.326,25.192,7.545,13.968,18.716,28.007,27.63,5.037,8.605,0.86,14.688,26.712,23.991,25.529,25.207,23.111,23.474,24.744,-13.944,-10.096,-11.629,-5.082,9.902,-3.525,10.079,22.814,20.754,27.229,29.147,26.64,14.774,14.686,-26.002,-13.991,-14.734,18.683,25.551,21.62,17.023,26.746,19.812,27.412,21.571,27.039,27.643,2.777,13.98
"2063-12",-15.618,-13.461,1.915,2.634,-16.161,3.237,17.569,24.866,26.067,22.273,23.947,8.391,15.398,20.961,26.842,27.082,-0.426,6.098,-1.159,11.295,23.883,18.35,24.929,25.231,24.066,24.403,24.096,-20.927,-13.461,-19.289,-8.597,6.756,-8.629,3.976,18.402,16.804,26.589,28.94,27.923,16.646,15.45,-20.357,-8.886,-20.076,19.781,25.788,20.371,18.715,27.168,18.581,27.313,22.893,26.533,26.493,4.226,13.149
"2064-01",-19.145,-18.178,3.087,0.93,-20.445,3.862,16.903,24.507,25.053,22.693,23.375,9.592,16.989,22.117,26.231,26.303,-0.868,4.631,-7.927,10.704,23.427,17.677,23.792,24.875,24.137,24.793,24.12,-25.778,-16.343,-25.553,-18.223,3.71,-10.292,2.027,16.227,15.614,26.591,29.381,30.368,18.972,17.075,-18.278,-6.332,-23.779,21.053,26.16,19.156,20.252,27.21,17.553,27.088,24.112,25.476,26.221,5.501,12.845
"2064-02",-17.659,-17.506,3.152,0.249,-16.497,4.834,16.203,23.944,24.121,23.374,23.037,9.655,17.235,22.657,26.398,25.492,-3.506,2.514,-7.791,10.563,27.591,21.333,25.833,25.232,24.071,24.554,26.233,-22.849,-17.312,-21.145,-12.381,6.662,-6.601,2.39,19.178,19.553,26.722,28.705,29.067,18.977,17.572,-21.093,-8.199,-22.492,21.685,26.107,18.813,21.024,27.192,16.794,27.33,24.49,25.499,27.031,6.072,13.309
"2064-03",-16.76,-13.508,6.053,4.721,-10.859,4.565,17.61,25.227,24.703,23.992,22.965,8.809,16.427,20.903,27.219,25.38,0.832,7.681,4.157,12.915,29.465,24.35,27.78,25.571,23.238,24.624,27.117,-19.087,-11.668,-10.836,-1.096,12.412,-1.045,7.528,23.426,23.469,27.304,28.806,26.82,18.144,17.763,-28.212,-11.232,-22.083,21.729,26.34,18.994,20.431,27.132,17.051,28.098,24.903,26.38,28.632,5.502,14.191
"2064-04",-12.108,-6.612,11.053,10.669,-4.06,8.513,20.082,26.397,25.306,23.666,23.325,7.601,15.212,19.363,27.126,25.345,4.83,11.404,10.191,15.357,30.203,27.112,28.391,25.45,22.364,22.813,27.748,-9.894,-3.317,-0.004,7.877,17.48,4.214,12.802,27.15,27.673,27.639,27.978,26.326,17.766,16.001,-30.748,-14.455,-14.345,20.97,26.707,19.625,19.957,27.649,17.55,28.076,23.819,26.939,29.581,4.449,15.233
"2064-05",-6.249,0.695,16.741,15.255,6.195,12.459,22.667,26.802,26.436,23.169,21.882,4.791,13.426,16.765,26.824,24.877,8.133,13.56,14.339,18.314,29.068,29.555,29.012,25.355,20.645,21.158,26.86,-0.438,2.934,7.811,14.64,20.385,10.549,16.106,30.54,30.264,28.173,26.383,20.107,14.442,14.415,-30.218,-12.895,-5.367,19.713,27.043,20.884,18.287,27.15,18.885,28.706,22.904,29.181,30.51,3.187,16.069
"2064-06",-1.209,6.988,21.564,20.073,10.439,14.929,25.726,26.877,27.508,22.201,19.416,5.136,12.666,15.023,25.923,22.679,10.881,16.491,17.737,22.263,28.785,32.082,28.172,24.123,18.319,19.047,26.333,6.601,8.841,14.371,17.626,26.925,14.115,20.118,34.297,29.862,27.81,24.736,15.89,13.13,12.951,-32.515,-15.226,-0.553,18.52,26.91,22.133,16.652,26.633,20.771,27.992,21.657,28.656,29.363,2.303,16.592
"2064-07",1.198,11.219,25.432,22.96,10.007,17.489,26.848,27.122,28.204,22.192,19.544,3.995,11.103,13.323,26.54,22.707,12.741,18.12,20.844,24.784,27.418,32.467,26.388,23.668,18.001,18.919,25.866,9.203,12.143,17.516,20.542,29.965,15.895,22.856,35.664,28.008,27.143,23.537,15.997,12.105,11.971,-33.735,-18.782,0.372,17.691,26.468,23.187,15.994,26.183,22.538,27.121,20.433,26.771,28.17,1.535,16.817
"2064-08",-0.03,9.171,22.505,22.215,9.344,19.2,27.259,27.42,28.811,22.511,22.292,3.429,11.071,14.404,28.731,23.673,14.153,19.202,19.202,24.926,26.643,32.839,27.101,24.208,17.996,19.959,26.222,5.861,10.309,14.689,17.863,27.827,15.579,23.325,34.933,27.655,27.174,24.85,16.979,11.604,12.087,-36.711,-24.447,-0.119,17.2,26.4,23.868,15.759,26.079,23.506,27.003,19.883,26.408,28.396,1.146,16.641
"2064-09",-3.699,4.892,18.23,18.177,4.98,15.553,25.566,27.73,29.003,23.178,26.565,5.431,12.829,16.83,30.255,25.497,9.236,15.975,13.303,22.609,26.563,31.657,27.063,24.753,20.505,20.466,25.76,1.224,6.476,8.004,12.482,24.125,11.378,20.574,32.746,27.38,26.974,26.508,21.706,12.335,12.554,-34.61,-20.822,-3.498,17.392,26.405,23.778,15.46,26.087,23.246,27.215,19.714,26.994,28.072,1.161,16.056
"2064-10",-7.393,-0.4,11.972,12.374,-1.63,10.971,23.046,26.839,28.598,22.537,25.544,6.307,12.744,16.616,29.37,27.123,4.898,9.887,9.247,17.726,26.888,27.785,26.273,25.151,22.098,22.625,25.618,-6.591,-0.624,-2.111,5.571,18.644,4.161,15.924,27.24,24.321,27.14,27.824,22.963,12.497,13.163,-29.734,-15.086,-9.175,17.761,26.545,22.875,16.002,26.552,21.781,27.18,20.181,25.967,27.852,1.755,15.028
"2064-11",-9.982,-5.019,4.588,8.892,-11.694,4.543,18.952,25.532,27.379,22.361,25.464,7.7,14.108,19.196,28.298,27.362,0.699,3.75,-3.873,12.528,26.051,21.818,25.795,25.4,22.154,23.808,24.809,-17.546,-9.67,-14.55,-7.513,10.9,-1.783,9.67,22.438,20.462,26.865,29.523,26.01,13.725,13.903,-23.682,-12.991,-15.098,18.917,26.392,21.724,17.614,27.357,20.349,27.263,21.137,26.806,26.699,3.097,13.836
"2064-12",-14.503,-11.965,2.884,4.769,-19.218,0.94,17.041,25.25,26.442,22.669,24.068,8.804,15.414,21.313,27.305,26.444,-1.127,2.222,-3.86,10.137,23.784,17.87,24.416,25.265,23.7,24.274,23.834,-21.847,-15.615,-21.458,-11.182,5.19,-7.838,4.057,16.794,16.101,26.719,29.61,28.885,15.815,15.535,-19.299,-9.039,-22.534,20.251,26.648,20.218,18.981,27.412,18.755,27.421,22.4,26.069,26.208,4.511,13.095
"2065-01",-17.346,-16.212,-7.577,-3.836,-18.412,-0.894,14.777,24.635,24.966,22.97,22.829,9.968,16.482,22.478,27.127,25.684,-5.298,0.869,-7.599,11,23.142,17.975,23.674,24.856,24.009,24.554,23.752,-22.534,-12.521,-22.934,-12.689,5.732,-9.141,1.972,16.039,16.341,26.142,28.978,30.056,17.42,17.323,-17.775,-6.597,-22.416,21.45,26.778,19.34,20.078,27.131,17.14,27.173,23.778,25.338,26.259,5.97,12.964
"2065-02",-19.877,-15.908,1.346,2.119,-15.664,2.836,16.392,24.659,24.74,23.294,23.128,10.506,17.066,23.02,27.865,25.903,-2.666,2.526,-12.129,10.561,26.6,19.857,25.082,24.982,23.74,24.726,25.822,-24.792,-14.107,-19.783,-13.175,4.457,-5.049,4.634,16.351,18.164,26.226,28.911,31.129,18.095,17.931,-21.342,-8.636,-21.233,22.148,26.88,18.83,20.833,27.209,17.04,27.392,24.174,24.983,26.117,6.295,13.372
"2065-03",-16.715,-17.03,7.314,4.166,-14.376,5.125,18.267,25.494,25.058,23.511,22.816,9.431,16.816,21.792,27.753,25.576,0.803,6.443,0.45,12.289,29.354,22.826,27.282,25.575,23.242,24.257,27.471,-18.552,-8.453,-8.292,-1.559,9.495,-2.137,7.799,20.911,21.703,26.884,28.674,28.699,17.553,17.478,-28.03,-12.124,-21.075,21.988,26.901,19.085,20.729,27.442,16.924,27.568,24.293,25.432,27.615,5.662,14.094
"2065-04",-12.745,-7.952,11.054,8.624,-5.008,6.814,19.706,26.565,25.777,23.59,22.677,7.985,15.373,19.685,27.544,25.271,4.251,9.823,9.479,14.735,30.068,27.776,29.273,25.998,22.903,23.022,28.163,-10.159,-2.467,-0.326,6.284,15.97,3.994,13.155,27.195,27.581,27.506,27.615,25.116,16.078,15.443,-31.435,-16.129,-15.773,21.064,27.09,19.809,19.694,27.8,17.441,28.098,23.557,27.119,29.767,4.556,15.124
"2065-05",-6.777,0.621,16.496,14.661,4.525,11.672,22.545,27.019,26.686,22.826,21.575,6.067,13.979,17.124,27.023,24.806,8.027,13.928,13.326,18.174,29.398,29.508,28.978,25.073,20.07,20.821,26.966,-0.937,1.764,8.46,13.272,21.642,9.324,15.991,31.525,30.755,27.967,26.29,21.023,14.78,13.728,-31.729,-15.475,-5.878,19.867,27.358,20.937,18.175,27.079,18.675,28.824,22.725,29.308,30.505,3.22,15.994
"2065-06",-1.778,6.462,22.631,18.511,8.196,15.719,25.953,27.041,27.513,22.189,19.06,5.257,12.456,14.891,26.351,23.677,11.089,15.828,16.794,22.022,28.921,32.975,28.231,23.668,18.432,19.475,26.233,6.915,9.491,13.796,18.299,25.79,13.961,19.483,34.412,29.555,27.641,24.565,17.921,12.896,12.609,-34.673,-17.396,-1.236,18.682,27.538,22.108,16.847,26.669,20.562,27.703,21.414,28.483,29.246,2.125,16.538
"2065-07",1.056,10.27,23.379,20.898,9.99,18.27,27.153,27.247,28.246,22.143,19.125,4.311,12.008,14.025,26.778,23.3,14.114,18.358,19.697,24.846,27.79,33.215,27.32,23.731,17.506,19.107,26.292,8.858,12.392,16.753,18.653,29.807,15.95,22.786,35.779,28.262,27.118,24.345,16.96,11.643,11.838,-36.171,-19.376,0.375,17.645,27.225,23.332,16.019,26.268,22.232,27.006,20.452,26.743,28.309,1.745,16.802
"2065-08",0.171,9.394,22.554,21.351,7.92,18.369,27.497,27.765,29.073,22.903,22.302,3.966,12.179,14.64,29.038,24.376,14.371,18.383,19.997,25.021,26.812,33.353,27.329,24.177,17.833,19.422,26.468,6.981,12.267,13.241,16.938,28.269,15.05,22.848,35.121,27.71,26.919,24.158,15.974,10.8,11.43,-33.723,-24.649,-0.837,17.183,26.843,23.949,15.693,26.037,23.264,26.765,19.996,25.881,28.223,0.962,16.645
"2065-09",-5.348,4.598,19.787,18.506,3.396,17.157,26.609,27.074,28.901,22.483,23.515,4.349,11.406,15.059,29.781,25.694,10.558,15.797,16.398,22.255,27.007,32.053,28.308,25.546,19.844,21.465,26.866,2.14,7.565,7.749,13.19,25.73,10.471,19.928,32.779,27.242,27.274,26.581,21.512,12.128,11.942,-32.193,-21.11,-4.328,17.421,26.796,23.704,15.473,26.297,23.077,27.465,20.29,26.079,28.953,0.91,16.145
"2065-10",-9.499,-1.371,11.624,12.715,-0.918,10.154,22.793,26.213,28.25,22.46,25.463,5.808,13.63,17.365,29.226,26.717,7.161,11.941,6.253,18.451,27.3,28.396,27.593,25.372,21.075,22.764,26.395,-6.918,1.227,-2.537,2.652,16.238,4.485,15.533,27.111,25.043,27.232,28.329,25.14,12.614,11.939,-28.226,-16.886,-11.235,18.096,26.762,23.026,15.907,26.671,21.801,27.402,20.55,26.462,28.416,1.442,15.103
"2065-11",-12.865,-8.734,6.483,7.855,-9.286,4.081,19.294,25.793,27.388,22.638,23.846,7.279,14.33,18.959,28.149,26.692,2.57,7.392,-3.573,13.608,25.909,21.916,26.616,26.148,21.78,24.061,25.611,-17.699,-8.336,-14.09,-9.044,10.564,-0.958,9.954,21.755,21.267,26.845,29.464,27.058,14.273,13.327,-24.065,-13.658,-17.679,18.946,26.889,21.943,17.313,27.115,20.049,27.453,21.636,26.47,27.508,2.899,13.886
"2065-12",-18.157,-16.271,3.734,3.465,-17.55,2.9,17.775,25.063,25.702,22.749,23.601,8.723,16.056,21.604,26.658,26.317,-0.034,3.817,-3.933,10.15,23.879,18.215,24.832,25.713,23.297,24.768,24.322,-20.644,-11.11,-15.842,-7.577,4.462,-8.966,5.833,16.485,15.881,26.511,29.093,29.997,16.385,15.475,-18.278,-9.704,-22.402,20.164,26.549,20.379,18.603,27.395,18.425,27.9,22.969,26.176,27.205,4.391,13.285
"2066-01",-16.506,-18.86,2.726,-0.773,-16.4,3.505,16.896,23.982,24.796,23.234,23.38,9.145,16.995,22.637,27.006,25.643,-2.343,0.04,-12.619,8.976,25,18.907,24.775,25.685,23.846,25.419,25.518,-25.525,-15.326,-22.411,-17.028,1.912,-8.556,3.166,16.14,15.058,26.184,28.692,30.173,18.686,16.767,-17.306,-6.629,-24.775,21.33,26.661,19.161,20.153,27.286,17.181,27.64,24.144,24.941,26.834,5.753,13.02
"2066-02",-19.916,-20.41,2.687,0.322,-15.718,2.867,17.28,24.839,24.892,23.811,23.251,9.865,17.369,22.634,27.555,25.669,-2.635,6.284,-2.847,12.177,26.222,20.581,25.854,25.304,23.553,24.972,26.208,-25.202,-16.089,-18.701,-9.634,7.175,-6.46,4.478,17.81,18.402,26.275,29.396,31.481,18.936,18.13,-20.695,-8.351,-25.629,22.094,27.023,18.812,21.022,27.167,16.879,27.745,24.955,24.766,26.352,6.249,13.499
"2066-03",-18.743,-16.505,6.272,6.138,-13.447,2.438,18.042,26.581,25.762,24.754,23.033,10.355,17.424,22.259,28.5,25.588,0.89,6.821,2.368,13.389,29.089,23.423,27.56,25.791,23.859,24.443,27.468,-16.251,-10.259,-8.571,2.173,11.516,-0.082,7.896,21.216,22.49,26.692,29.042,29.757,18.527,17.271,-26.659,-11.64,-23.473,21.928,27.531,19.026,20.961,27.351,17.099,27.925,24.537,25.416,27.886,5.974,14.374
"2066-04",-12.64,-7.975,11.776,9.346,-6.039,8.84,20.526,26.83,25.869,24.115,22.648,8.565,15.758,19.66,27.753,25.331,3.796,9.879,8.65,15.073,30.25,26.141,28.388,25.932,23.075,23.119,27.678,-9.469,-2.622,0.959,9.15,17.028,5.601,12.882,25.869,25.816,27.484,27.224,22.941,15.377,15.639,-29.511,-11.631,-15.976,21.099,27.684,19.758,19.801,27.42,17.671,28.567,24.301,27.444,29.553,4.856,15.208
"2066-05",-5.638,2.102,16.252,15.414,4.836,11.679,22.799,27.345,26.918,24.072,21.314,5.368,14.469,16.719,27.308,24.679,8.56,12.825,12.995,18.261,30.043,30.638,29.225,25.645,19.962,20.992,27.91,-0.776,2.555,7.115,12.941,22.757,10.269,16.602,32.022,29.871,27.732,25.952,20.831,14.217,13.656,-32.098,-14.331,-5.635,19.764,27.792,20.752,18.23,27.493,18.668,28.755,22.972,28.934,30.6,3.293,16.109
"2066-06",-2.103,5.943,21.958,19.331,8.932,14.639,26.008,27.512,27.835,23.945,20.855,4.016,12.916,14.481,27.16,23.616,12.484,17.043,17.107,21.773,28.638,32.514,28.145,24.167,17.399,18.42,26.399,6.014,9.413,14.936,16.523,25.684,14.135,20.378,35.651,30.772,27.6,24.473,16.777,12.399,13.44,-32.067,-17.477,-0.319,18.645,28.213,22.208,16.717,26.944,20.535,28.588,21.75,29.332,30.078,2.259,16.722
"2066-07",1.417,10.883,22.986,20.534,10.738,17.424,27.162,27.938,28.74,23.652,20.226,3.007,12.26,12.731,27.558,23.19,14.24,17.413,21.538,24.523,27.814,33.556,27.575,23.905,16.78,18.371,25.978,8.713,12.357,15.516,20.869,29.885,15.726,22.39,35.992,28.63,27.124,23.334,14.753,11.115,11.958,-33.334,-18.946,0.399,17.699,28.043,23.435,15.843,26.155,22.242,27.718,20.992,27.038,29.535,1.317,16.903
"2066-08",0.19,9.152,22.544,21.522,10.167,17.239,27.669,28.323,29.04,23.841,22.107,4.435,11.779,13.707,29.362,23.999,12.139,18.174,18.061,25.96,27.026,32.605,27.28,24.577,18.084,19.357,26.051,7.786,11.4,13.984,19.256,27.786,15.446,23.32,35.169,27.837,27.162,24.063,17.246,11.289,12.247,-37.39,-24.946,-0.807,17.404,27.735,24.24,15.325,25.689,23.17,27.662,20.397,26.909,29.099,0.95,16.711
"2066-09",-4.603,5.279,18.244,17.869,3.368,15.611,27.062,28.453,29.278,24.048,25.638,4.799,11.862,14.629,31.609,26.042,9.545,14.65,13.76,22.759,27.168,31.516,27.929,25.249,20.127,21.038,26.207,2.054,7.834,8.211,14.242,23.997,12.011,20.439,32.49,27.014,27.244,26.426,21.69,11.775,12.247,-34.101,-22.013,-4.1,17.409,27.42,24.207,15.239,25.586,23.001,27.585,20.149,26.832,28.904,0.387,16.126
"2066-10",-8.295,0.385,13.748,13.869,-1.031,9.848,23.998,28.037,28.892,24.308,28.379,5.996,14.177,17.751,32.169,28.102,6.198,10.934,3.071,17.47,27.239,27.553,27.391,25.924,21.69,23.097,25.925,-8.706,-1.945,-0.368,2.767,18.025,5.979,15.944,27.795,24.82,27.366,28.218,25.867,13.053,12.049,-31.14,-20.684,-10.342,18.086,27.704,23.429,15.95,26.044,21.979,27.912,20.541,27.144,28.542,1.119,15.214
"2066-11",-12.436,-6.42,5.775,6.361,-8.174,5.632,19.901,27.06,27.923,23.943,26.674,6.59,15.198,19.896,30.855,28.63,0.385,6.919,-1.745,14.473,26.669,22.764,26.576,26.33,23.091,24.727,25.808,-18.657,-10.759,-13.83,-4.387,10.585,-2.777,10.043,22.126,20.323,27.485,29.578,28.93,14.633,12.96,-23.692,-12.802,-16.89,18.859,27.63,22.081,17.052,26.969,20.161,27.938,21.546,27.216,27.974,2.564,14.129
"2066-12",-13.879,-11.273,1.428,2.296,-12.904,2.34,16.999,26.253,26.561,23.658,25.046,9.775,16.706,21.501,29.153,27.36,-0.488,4.76,-5.016,11.651,23.769,18.869,25.429,26.01,23.732,25.218,24.37,-22.204,-14.716,-21.952,-12.95,7.09,-6.493,4.058,17.708,16.817,27.135,30.463,30.921,16.549,14.669,-18.897,-8.542,-19.462,20.2,27.829,20.579,18.367,27.389,18.37,27.647,22.833,26.301,26.77,4.3,13.469
"2067-01",-17.362,-16.839,0.21,-2.547,-11.779,2.655,16.029,25.402,25.378,24.181,24.497,10.723,17.72,22.928,28.985,26.877,-3.498,2.642,-6.38,10.074,23.95,18.371,24.714,25.377,24.584,25.93,24.765,-28.134,-17.032,-18.244,-10.236,3.367,-10.414,2.448,15.28,15.269,26.554,29.527,31.156,17.486,15.201,-17.33,-7.58,-24.781,21.614,27.98,19.487,20.02,27.335,17.256,27.748,24.147,25.286,27.054,5.639,13.345
"2067-02",-18.284,-20.899,1.441,-2.628,-13.187,4.726,16.694,25.829,25.15,24.688,25.014,10.52,17.548,23.424,30.234,27.061,-4.5,3.033,-3.747,11.605,27.29,21.596,25.638,25.422,24.466,25.38,26.587,-26.69,-14.755,-18.532,-10.805,7.851,-5.969,4.937,18.087,18.756,26.287,28.673,30.36,18.67,16.574,-21.74,-7.98,-27.284,22.141,27.937,18.996,20.967,27.284,16.509,27.766,24.623,25.088,26.929,6.327,13.57
"2067-03",-19.863,-16.287,4.571,3.175,-9.446,6.432,17.384,26.385,25.257,24.651,24.719,9.151,16.87,21.965,30.397,27.24,-0.039,4.962,3.643,12.928,30.44,26.6,27.82,26.11,24.628,24.747,28.22,-18.25,-11.012,-9.812,0.658,12.672,-0.507,8.971,22.704,22.954,27.289,28.476,28.293,17.495,16.161,-26.072,-10.875,-25.332,22.02,28.29,19.184,20.696,28.062,17.016,28.337,24.585,26.019,28.658,5.762,14.511
"2067-04",-13.056,-6.182,10.581,7.743,-0.249,9.011,19.063,26.76,25.858,24,22.801,8.49,15.363,19.297,29.567,26.514,3.685,11.092,8.137,15.383,31.141,28.481,29.052,26.407,22.846,24.492,28.517,-11.237,-3.578,-1.227,3.902,17.086,6.257,13.6,26.734,27.809,28.248,28.466,24.122,15.841,15.264,-30.713,-14.349,-16.029,21.05,28.243,19.798,19.972,28.411,17.52,28.928,24.429,27.476,30.732,4.559,15.425
"2067-05",-5.491,1.118,16.395,14.63,6.866,10.944,21.96,27.655,26.9,23.527,21.843,5.904,13.553,16.455,28.153,25.64,7.1,12.13,12.758,18.004,30.671,31.048,29.792,25.939,20.135,21.322,28.025,-1.213,2.101,7.956,12.76,23.661,10.616,16.219,32.071,30.264,28.529,27.693,21.939,14.287,14.766,-32.54,-15.099,-6.249,19.727,28.456,20.949,18.593,28.389,18.48,29.268,23.282,29.429,31.489,3.456,16.283
"2067-06",-0.059,6.321,19.455,17.484,14.013,15.722,25.157,27.6,28.064,23.232,20.161,5.357,12.539,14.48,27.67,23.937,9.948,16.316,17.41,22.995,29.426,32.872,29.758,25.144,17.953,19.951,27.528,7.607,9.285,13.152,18.797,25.81,13.048,18.427,34.632,31.751,28.259,26.196,17.694,12.22,13.025,-35.243,-18.207,-0.574,18.652,28.431,22.1,17.254,27.489,20.181,28.572,22.126,29.35,30.576,2.091,16.763
"2067-07",1.613,9.975,23.66,20.793,13.11,17.881,27.565,28.139,28.863,23.713,20.208,4.954,12.4,13.133,27.995,23.911,13.851,18.19,19.711,24.354,28.397,33.64,28.767,24.673,17.733,18.996,26.538,10.311,12.152,16.962,21.078,29.905,16.412,21.6,36.514,29.645,27.498,24.614,15.259,10.866,11.737,-34.436,-18.46,0.064,17.789,28.274,23.548,16.067,26.665,22.185,27.731,20.967,28.09,28.449,1.544,17.062
"2067-08",0.667,9.638,23.757,20.709,11.067,17.77,28.26,28.744,29.653,24.914,23.3,4.654,13.247,14.791,30.326,24.738,14.553,17.642,16.615,24.419,27.208,33.13,27.652,25.121,18.231,19.546,26.094,7.464,12.053,14.172,16.727,27.654,16.13,22.592,35.545,28.534,27.042,24.725,17.089,11.16,11.628,-36.348,-22.288,-0.328,17.182,27.843,24.375,15.842,25.938,23.115,27.743,20.307,27.435,27.819,0.753,16.865
"2067-09",-3.762,6.014,20.184,18.585,5.808,17.741,27.567,28.327,29.279,24.904,27.471,4.521,13.025,15.95,31.924,26.517,11.779,18.003,12.842,23.196,27.348,31.171,28.254,26.127,20.062,21.487,26.684,2.521,6.59,7.88,13.759,23.221,11.553,19.808,32.977,27.298,26.949,25.545,20.797,11.63,11.686,-34.629,-26.089,-3.708,17.3,27.725,24.226,15.778,26.23,22.969,27.641,20.272,26.745,28.155,0.465,16.289
"2067-10",-9.566,1.065,13.103,15.187,-0.919,9.98,24.106,27.424,28.733,23.598,28.362,6.113,12.705,16.584,32.211,28.856,8.191,13.767,6.126,18.302,26.939,25.823,27.537,26.722,21.215,23.175,26.086,-5.466,-1.126,-0.866,4.857,16.33,5.592,15.256,27.652,25.669,27.165,27.798,25.409,12.932,12.301,-28.311,-20.598,-7.673,18.005,27.772,23.169,16.017,26.681,21.943,27.902,20.965,27.722,28.195,1.132,15.373
"2067-11",-12.806,-8.154,6.86,6.949,-6.982,7.228,20.272,26.062,27.665,23.19,27.366,6.865,14.728,18.849,30.944,29.031,2.415,8.803,1.222,13.879,26.329,21.606,26.327,26.352,23.303,25.104,25.583,-14.92,-8.804,-9.274,-1.695,9.517,-2.854,10.066,21.947,19.952,27.276,29.299,28.786,14.782,13.165,-23.961,-13.416,-14.688,18.77,27.641,22.055,16.934,27.519,20.193,28.009,22.34,27.928,27.634,2.667,14.304
"2067-12",-18.325,-13.688,0.548,1.268,-11.514,3.633,17.062,25.798,26.431,23.523,25.864,8.542,16.151,21.384,28.802,29.088,2.08,6.327,-0.739,11.025,24.095,18.08,25.211,25.986,24.369,25.54,24.702,-19.329,-15.26,-18.306,-7.126,4.538,-8.387,4.916,18.539,17.01,27.117,30.402,31.392,16.857,15.365,-18.733,-7.242,-21.657,20.03,28.185,20.578,18.336,27.665,18.4,27.911,23.708,27.119,26.651,4.418,13.665
"2068-01",-17.731,-19.063,-0.549,0.264,-15.523,1.321,14.923,25.518,25.926,24.486,25.162,9.958,17.664,22.616,28.957,27.969,-5.577,1.914,-7.811,11.495,24.753,19.168,24.751,25.93,24.821,25.596,25.211,-24.615,-14.199,-19.834,-9.046,4.284,-8.089,4.24,16.267,16.469,26.763,30.017,31.678,17.318,16.759,-15.971,-6,-23.875,21.31,28.23,19.498,20.086,27.859,17.373,27.953,24.869,25.985,26.808,5.746,13.526
"2068-02",-20.256,-20.69,4.405,2.129,-18.646,2.733,15.984,24.951,24.857,24.673,24.578,10.649,17.947,23.656,29.297,27.368,-2.368,1.271,-5.168,10.299,27.235,20.803,26.263,26.341,24.636,25.946,26.884,-20.827,-11.727,-17.665,-9.261,6.272,-7.526,4.296,18.774,17.765,26.889,29.37,30.871,19.569,17.139,-20.794,-8.049,-25.647,21.903,28.245,18.973,20.73,27.812,16.81,28.19,25.245,25.967,26.679,6.394,13.73
"2068-03",-20.004,-12.241,9.297,7.131,-11.51,6.661,17.458,25.861,25.071,24.832,24.513,9.578,17.458,21.742,29.553,27.125,3.864,7.249,-1.112,12.265,30.237,23.563,28.295,26.761,24.013,24.935,28.668,-17.704,-9.8,-8.843,-5.438,6.666,-2.564,9.647,21.43,21.694,27.569,29.516,27.751,17.181,17.126,-27.116,-12.916,-20.552,21.979,28.199,18.904,20.537,28.284,17.095,28.437,25.468,26.468,27.854,5.76,14.505
"2068-04",-11.935,-5.76,11.163,10.333,0.06,7.74,19.563,27.214,26.079,24.503,24.066,7.965,16.006,19.877,28.838,26.898,5.851,11.663,8.86,14.815,31.159,27.515,29.788,27.092,22.855,24.214,28.972,-9.926,-3.295,-0.636,6.251,14.707,5.196,13.311,26.535,27.467,28.427,28.916,24.684,16.27,15.888,-30.58,-13.275,-13.927,21.15,28.189,19.808,19.528,28.56,17.889,29.112,24.806,27.815,30.771,4.289,15.553
"2068-05",-5.558,3.606,16.715,15.004,7.756,11.4,21.796,28.015,27.038,23.726,22.688,5.902,14.228,16.977,28.931,25.999,9.135,12.992,14.682,17.717,30.589,30.828,30.042,26.951,20.282,21.861,28.362,-2.374,1.651,6.742,13.146,19.271,8.497,16.369,30.525,30.485,28.799,27.205,20.134,14.45,14.513,-32.405,-16.245,-4.739,20.111,28.499,20.935,18.267,28.24,18.973,29.463,23.508,29.291,31.317,3.256,16.356
"2068-06",-0.911,8.03,20.801,18.942,12.181,14.473,24.996,27.994,28.402,22.584,21.186,5.582,13.052,15.354,28.088,24.616,11.966,16.853,20.788,21.607,29.236,33.557,29.472,25.701,18.385,19.818,27.098,7.921,9.865,13.004,18.683,25.495,12.528,19.101,34.625,32.693,28.334,25.723,17.161,12.323,13.576,-35.414,-20.014,-0.183,18.719,28.216,22.02,16.98,27.487,21.031,29.044,22.066,30.094,30.952,2.461,16.937
"2068-07",1.28,11.554,24.668,21.774,13.131,17.189,27.506,27.772,29.018,22.362,19.993,4.139,11.636,13.521,28.268,23.828,14.832,19.275,19.503,24.327,28.411,33.44,28.326,24.909,17.909,19.478,26.616,8.427,13.431,16.377,18.862,27.679,16.284,21.726,35.69,30.424,27.834,25.124,15.326,10.773,12.009,-36.805,-22.805,0.564,17.949,27.552,23.338,16.02,26.564,22.828,28.401,21.058,28.872,29.312,1.41,17.017
"2068-08",-0.636,9.51,24.489,21.428,11.658,19.665,28.508,27.746,29.454,22.718,22.987,3.786,11.332,14.421,30.15,24.955,12.113,17.94,18.664,24.964,27.36,32.471,27.942,25.227,18.319,19.732,26.419,7.227,11.29,13.351,20.398,27.707,15.418,22.33,35.034,28.567,27.429,25.193,17.268,11.179,12.228,-37.349,-25.467,-0.123,17.512,26.615,24.037,15.787,26.289,23.701,27.915,20.317,27.746,28.594,0.741,16.782
"2068-09",-3.321,4.672,19.962,17.896,4.274,14.566,26.391,27.501,29.472,23.075,26.749,4.445,12.913,16.891,31.239,26.761,8.916,16.156,11.574,22.917,27.475,31.584,27.736,25.931,19.452,21.469,26.286,2.277,6.991,7.422,11.794,23.743,12.097,20.282,32.56,27.68,27.432,27.168,22.921,12.433,12.035,-33.73,-24.26,-2.383,17.463,26.259,23.805,15.677,26.068,23.493,27.979,20.16,27.618,28.452,0.333,16.175
"2068-10",-7.108,-1.531,11.495,13.742,-1.695,8.112,22.632,26.776,28.814,22.518,26.701,6.072,13.198,17.423,30.355,28.813,6.125,13.212,8.328,19.918,27.106,28.523,27.069,26.147,22.045,23.374,25.665,-5.693,1.054,-0.558,6.064,16.764,5.019,16.048,27.946,24.628,27.382,28.482,25.345,13.698,12.603,-32.112,-16.468,-7.457,18.08,26.046,23.044,15.935,26.418,22.056,28,20.718,27.697,28.195,1.319,15.207
"2068-11",-11.184,-7.874,5.946,7.331,-12.653,4.664,19.22,25.603,27.494,22.301,25.538,6.896,13.992,19.461,28.156,28.048,1.427,6.648,-2.653,14.03,25.538,22.05,25.694,25.726,22.814,25.044,24.636,-14.654,-6.216,-11.938,-4.344,9.508,-1.79,9.833,21.081,21.023,27.33,29.744,28.917,15.412,13.919,-25.873,-13.33,-15.079,19.025,25.949,21.857,17.159,27.074,20.111,27.673,21.46,27.375,27.814,2.569,13.903
"2068-12",-16.946,-12.956,2.677,3.19,-12.944,3.973,16.461,24.42,25.819,22.167,24.041,8.375,15.488,21.35,26.602,27.064,2.062,4.221,-3.213,10.273,24.205,18.009,24.84,25.302,23.228,25.068,23.804,-18.992,-13.269,-15.631,-7.789,3.016,-7.758,4.9,17.24,16.572,26.879,29.701,29.709,16.487,15.441,-19.725,-9.137,-20.553,20.162,25.815,20.546,18.574,27.318,18.485,27.594,22.634,26.707,26.537,4.123,13.322
"2069-01",-17.651,-14.674,1.08,2.424,-21.686,0.432,15.544,24.252,25.002,22.857,23.504,10.068,16.884,22.564,26.64,26.165,-2.379,3.833,-6.115,10.647,23.275,18.119,23.577,24.85,23.942,24.997,23.579,-25.794,-14.663,-20.894,-12.751,4.109,-9.874,3.435,14.37,15.615,26.932,30.283,29.259,17.981,16.965,-18.793,-7.232,-25.937,21.382,25.803,19.23,19.892,27.299,17.296,27.669,23.833,25.416,26.084,5.496,12.981
"2069-02",-18.614,-21.42,3.719,-0.067,-15.469,2.915,16.452,25.049,25.089,23.638,22.45,9.874,17.117,22.907,27.014,25.302,-1.968,3.964,-4.357,10.756,26.31,20.112,25.088,24.864,23.837,25.494,25.848,-24.198,-14.413,-16.961,-7.415,7.796,-5.21,5.811,18.346,18.846,27.289,29.275,29.934,19.96,17.673,-21.877,-8.531,-26.179,21.886,25.758,19.064,20.619,27.111,16.771,27.314,24.429,25.224,26.506,6.049,13.438
"2069-03",-18.596,-14.735,8.915,5.437,-14.834,5.821,18.544,26.072,25.426,24.016,23.095,9.082,16.807,22.063,28.409,25.5,1.226,6.546,2.814,12.63,29.08,22.149,26.581,25.192,23.314,24.538,26.97,-20.121,-10.869,-9.465,-1.183,11.101,-2.406,8.318,21.439,22.668,27.744,28.56,27.981,18.97,17.593,-27.472,-11.586,-24.444,21.739,26.052,19.259,20.565,27.313,17.121,27.912,24.515,25.688,28.281,5.471,14.078
"2069-04",-13.569,-4.839,14.97,11.192,-5.16,8.972,21.357,26.275,25.695,22.619,22.279,6.977,14.914,19.447,26.835,25.114,6.355,11.039,8.885,15.294,30.046,27.61,28.738,25.645,22.181,23.54,28.369,-11.917,-4.262,-0.295,7.521,17.566,5.778,14.247,27.448,28.193,27.51,27.546,23.18,16.525,16.284,-30.903,-15.346,-16.402,20.899,25.951,19.755,19.995,27.598,17.817,27.649,23.788,26.742,29.637,4.425,15.138
"2069-05",-6.499,1.611,17.713,15.876,3.966,13.173,23.212,26.479,26.759,22.202,20.014,5.243,12.537,14.745,26.463,24.321,11.218,14.886,13.708,17.622,29.295,31.573,29.462,24.895,20.148,21.342,27.214,-1.803,2.874,7.316,12.127,21.312,12.527,17.376,31.55,30.303,27.881,26.116,18.669,14.252,15.061,-33.976,-15.928,-5.049,19.753,26.173,20.797,18.105,27.212,19.142,28.369,22.765,28.801,30.057,3.442,15.917
"2069-06",-1.558,6.919,22.957,19.675,9.455,15.951,25.937,26.648,27.679,20.966,19.479,4.434,12.316,13.692,25.83,23.509,12.363,17.976,20.027,21.798,28.407,32.864,28.39,23.894,17.847,19.878,26.492,6.08,10.421,13.998,17.443,27.841,14.715,20.42,35.036,29.702,27.343,24.987,16.018,12.472,13.602,-34.598,-17.229,-0.467,18.661,25.873,22.168,16.941,26.738,20.762,27.566,21.458,27.77,28.45,2.299,16.5
"2069-07",1.096,9.098,25.381,22.155,8.497,18.982,27.102,26.305,28.035,20.855,19.185,4.822,11.504,13.248,26.369,23.08,14.533,18.916,22.766,24.251,27.109,32.849,26.973,23.698,17.794,19.762,25.966,9.655,11.069,19.031,20.566,29.74,17.039,23.665,35.224,28.119,27.112,23.9,16.137,11.616,13.115,-36.943,-20.128,0.244,17.773,25.692,23.072,15.958,26.294,22.55,27.132,20.408,26.679,28.965,1.517,16.679
"2069-08",0.529,7.683,23.838,22.352,8.008,19.766,27.072,26.714,28.654,21.419,22.267,3.968,11.17,14.206,28.16,24.023,13.199,19.993,19.81,25.7,26.389,32.617,27.285,24.164,18.307,20.021,26.02,6.276,11.072,14.941,17.632,30.137,15.745,23.733,35.404,27.403,27.014,24.859,17.605,11.146,12.433,-37.178,-20.764,-0.578,17.324,25.387,23.664,15.419,26.12,23.408,26.978,20.054,26.229,28.632,0.952,16.495
"2069-09",-3.75,3.457,19.552,18.572,2.494,14.648,25.398,26.458,28.757,21.923,25.173,4.62,11.546,15.576,29.458,25.303,10.179,16.487,15.751,23.028,26.026,31.638,26.596,24.512,19.878,21.268,25.505,2.58,7.627,7.851,12.864,25.191,11.991,21.464,32.898,26.668,27.286,26.76,21.697,12.412,12.926,-37.255,-21.657,-3.703,17.454,25.701,23.65,15.321,26.248,23.236,27.119,20.089,26.919,28.441,1.079,15.951
"2069-10",-8.015,-1.85,11.715,11.913,-2.958,11.563,22.811,25.939,28.237,21.589,26.089,6.085,12.325,16.95,29.287,28.107,5.874,11.112,7.754,18.444,26.572,27.869,26.405,25.046,21.814,22.903,25.337,-6.806,-1.29,-2.082,5.705,18.21,5.741,15.78,27.474,24.885,27.318,28.052,23.056,13.252,13.169,-31.965,-18.084,-9.32,17.916,25.51,22.959,15.753,26.316,21.779,27.227,20.73,26.756,28.106,1.471,14.825
"2069-11",-12.847,-8.054,8.105,8.566,-11.365,7.259,18.929,24.23,26.87,21.581,25.323,7.398,14.628,19.502,27.728,27.529,4.662,6.474,-1.883,12.42,25.925,21.312,25.377,25.282,22.706,24.041,24.723,-17.093,-10.404,-11.138,-4.787,9.054,-2.045,11.021,21.264,20.84,27.251,29.349,27.295,15.469,14.512,-23.665,-10.275,-15.069,18.664,25.622,21.611,16.71,26.992,20.26,27.388,21.802,27.063,27.493,2.679,13.831
"2069-12",-16.356,-15.277,4.548,2.597,-19.9,2.939,17.333,24.253,25.918,22.275,23.891,8.21,15.721,20.726,26.651,26.259,2.579,6.457,-2.316,11.131,23.736,18.204,23.817,25.165,23.611,24.478,23.712,-19.404,-11.562,-17.643,-10.597,4.084,-7.464,5.317,16.137,16.561,27.078,29.738,28.415,17.456,15.803,-19.19,-8.578,-23.347,19.925,25.625,20.008,18.276,27.329,18.302,26.961,23.079,25.756,26.265,4.352,13.087
"2070-01",-17.819,-17.001,2.929,1.419,-21.219,2.494,16.349,23.698,24.188,22.83,22.938,8.972,16.081,22.67,26.067,25.435,-1.597,2.434,-4.112,9.398,23.358,16.772,23.738,25.059,24.146,24.981,24.005,-26.159,-18.637,-20.673,-10.777,4.982,-8.297,3.763,16.38,16.151,26.399,28.895,29.45,19.59,17.243,-17.485,-6.345,-23.209,20.94,25.932,19.08,20.001,27.005,17.1,26.69,23.731,25.131,25.822,5.738,12.934
"2070-02",-18.458,-21.275,6.228,3.407,-22.809,3.023,16.932,24.108,24.254,23.233,22.85,10.073,16.835,22.931,26.897,25.358,1.088,5.471,-3.421,10.403,25.813,19.438,24.42,24.858,23.683,24.821,25.332,-26.769,-16.531,-18.272,-10.393,3.587,-7.447,4.285,16.835,17.385,26.609,28.887,28.024,18.76,17.912,-20.747,-9.927,-27.473,21.911,25.944,18.592,20.749,26.726,17.006,27.068,24.448,24.771,26.422,6.148,13.122
"2070-03",-16.972,-13.707,9.047,4.595,-13.401,6.736,18.193,24.192,23.962,23.239,22.834,8.887,16.148,21.582,27.51,26.149,3.529,6.901,4.171,12,29.175,24.098,27.505,25.589,23.322,24.59,27.599,-19.623,-10.245,-14.887,-4.094,10.695,-1.459,7.787,22.852,23.164,27.156,28.413,27.373,19.08,17.719,-26.967,-10.469,-19.857,21.855,26.156,18.793,20.593,27.084,16.714,26.987,24.267,25.094,27.822,5.602,14.091
"2070-04",-12.353,-4.727,12.997,9.056,-1.835,8.824,19.673,25.576,24.9,22.589,22.131,7.429,14.806,18.935,26.512,24.992,5.484,10.845,8.034,14.048,28.669,26.888,28.541,25.781,22.059,22.895,27.124,-12.018,-4.501,-2.257,5.429,15.242,6.149,13.016,26.58,27.372,27.424,27.756,24.269,16.478,16.893,-30.651,-14.389,-15.899,20.901,26.055,19.542,19.513,27.148,17.541,28.086,24.004,27.109,29.688,4.582,14.979
"2070-05",-5.756,2.227,17.644,14.619,5.078,12.497,23.152,26.459,26.522,21.653,21.108,5.8,12.44,16.75,26.402,23.859,8.628,13.041,15.748,17.829,28.524,30.437,28.235,25.054,20.399,21.368,26.298,-2.462,1.593,6.208,12.939,21.487,10.009,16.311,31.111,30.212,27.66,26.397,19.641,14.426,15.223,-33.02,-16.497,-5.436,19.673,26.226,20.551,17.955,26.679,18.771,28.684,22.942,29.039,30.642,3.373,15.827
"2070-06",-1.095,8.172,21.647,19.464,8.813,15.481,24.952,26.281,27.62,20.882,20.178,3.297,11.191,13.442,26.288,22.82,11.956,17.213,17.878,22.697,27.916,31.937,27.548,23.605,18.364,18.641,25.643,6.1,8.732,12.854,17.249,25.186,14.121,20.293,34.86,29.482,27.603,23.993,14.214,11.844,13.685,-34.45,-17.328,-0.853,18.763,26.312,21.588,16.637,26.516,20.621,27.634,21.773,28.012,29.265,2.409,16.311
"2070-07",0.426,10.769,23.595,22.387,11.323,18.32,26.134,26.114,28.138,20.615,20.463,3.511,11.527,14.61,26.79,22.482,14.316,19.449,22.667,24.847,26.982,32.78,26.19,23.203,17.41,18.211,25.343,7.877,12.742,16.838,20.414,28.7,16.441,22.573,35.201,28.367,27.109,23.92,15.052,11.874,12.326,-31.654,-18.161,0.08,17.678,25.724,22.675,15.709,26.248,22.37,26.871,20.893,26.389,28.533,0.908,16.705
"2070-08",0.081,10.178,25.837,22.996,6.589,19.446,27.115,26.605,28.835,21.209,22.029,3.118,10.778,14.685,28.423,23.552,14.244,19.247,18.922,25.469,26.129,32.234,26.923,23.93,18.387,19.103,25.829,5.875,10.228,13.852,17.886,28.806,15.692,23.386,34.235,27.311,26.935,24.248,16.525,11.659,12.229,-34.882,-21.279,-0.058,17.19,25.436,23.294,15.405,25.873,23.246,26.866,20.316,26.035,28.689,0.83,16.466
"2070-09",-3.818,4.813,19.997,19.725,2.911,14.949,26.183,26.712,28.755,22.102,25.363,5.096,12.003,15.435,29.651,24.971,10.471,16.029,13.986,22.562,26.575,31.169,27.131,24.713,19.853,19.893,26.102,0.302,5.741,9.015,13.672,23.868,11.436,21.497,31.722,26.509,27.037,26.024,19.924,11.886,12.536,-33.552,-19.683,-3.18,17.271,25.276,23.352,15.351,26.175,23.09,26.858,20.182,26.159,28.221,1.114,15.874
"2070-10",-8.043,-1.728,12.942,13.049,-3.839,11.686,22.834,25.692,28.134,21.434,26.504,5.403,12.637,17.542,28.385,27.365,8.431,13.66,7.59,18.627,26.545,27.92,26.44,25.33,21.729,22.431,25.671,-10.295,-0.654,-1.532,2.473,15.77,3.226,16.965,27.149,23.89,27.152,27.788,24.036,13.526,12.666,-29.68,-18.473,-8.286,17.852,25.233,22.329,16.019,26.47,21.924,27.009,20.817,25.872,27.894,1.609,14.821
"2070-11",-11.85,-9.946,7.282,7.463,-14.211,5.116,19.276,24.773,27.322,21.821,24.547,8.02,14.083,19.589,26.876,26.482,4.487,6.343,-3.549,12.807,25.401,21.581,25.467,25.448,22.803,23.631,24.909,-20.293,-10.948,-12.871,-6.815,9.233,-1.806,10.512,20.656,20.898,26.988,27.825,25.453,14.789,13.916,-24.183,-13.143,-17.097,18.612,25.298,21.369,17.338,27.147,19.845,26.864,21.742,26.057,27.523,2.936,13.499
"2070-12",-19.605,-18.29,2.86,4.954,-19.739,1.401,16.959,24.201,25.884,22.111,22.716,8.947,15.287,20.438,26.095,25.475,1.95,5.726,-3.079,9.712,23.013,16.611,23.998,25.049,23.131,25.269,23.526,-20.916,-14.9,-14.632,-7.982,3.099,-9.378,5.926,15.892,16.073,26.894,28.468,26.106,16.243,15.463,-17.876,-8.054,-25.97,19.874,25.397,20.005,18.889,26.91,18.343,26.678,22.852,25.605,26.244,4.492,12.848
"2071-01",-19.8,-20.386,1.6,3.944,-24.535,1.283,15.696,24.064,24.636,22.604,22.448,9.84,16.452,22.412,25.946,25.101,0.022,3.943,-8.605,9.069,22.819,15.824,23.788,25.038,23.47,24.947,23.91,-23.097,-13.137,-18.468,-11.686,2.537,-11.309,3.717,15.484,13.933,26.592,28.586,28.413,18.559,16.691,-17.984,-6.46,-22.939,21.039,25.756,18.95,20.418,26.87,17.258,26.586,24.046,24.508,24.994,5.809,12.783
"2071-02",-20.118,-22.396,5.13,2.346,-22.397,3.361,17.224,24.251,24.228,23.025,22.638,9.416,16.561,21.994,26.333,25.168,1.131,4.569,-6.079,10.12,25.611,18.868,25.588,25.309,22.903,24.786,25.772,-24.663,-15.963,-21.23,-13.977,4.668,-8.682,4.663,19.024,17.326,26.803,28.511,27.853,19.612,17.946,-20.958,-8.3,-22.919,21.544,25.954,18.457,20.919,26.741,16.775,26.89,24.723,24.692,25.638,6.29,13.036
"2071-03",-18.632,-17.407,10.129,6.347,-14.993,4.999,18.38,24.566,24.473,22.989,22.418,8.996,16.243,21.033,26.62,25.155,2.646,7.749,-0.215,12.259,29.271,23.374,27.152,25.281,23.085,23.392,27.333,-17.414,-10.755,-10.978,-4.472,8.664,-2.723,7.65,22.087,23.311,27.192,27.979,26.226,18.552,17.925,-27.037,-10.819,-22.466,21.438,26.048,18.844,20.603,27.222,17.018,27.054,24.54,25.587,27.593,5.846,13.898
"2071-04",-12.047,-6.563,13.577,9.281,-7.58,8.812,21.247,26.055,25.391,23.051,21.811,7.188,15.252,19.888,26.289,24.723,4.332,11.337,7.991,15.828,29.702,26.662,28.632,25.834,22.333,23.081,27.931,-8.954,-2.149,-1.461,5.062,17.153,3.194,13.011,27.843,27.245,27.38,27.289,22.053,15.971,16.537,-28.922,-14.521,-15.427,20.608,26.268,19.538,19.835,27.415,17.552,27.303,23.924,26.723,28.855,4.486,15.022
"2071-05",-7.02,1.164,16.939,13.69,4.234,10.533,23.047,26.562,26.387,22.93,20.926,6.039,13.566,17.284,25.79,23.843,8.68,14.803,17.437,18.351,29.121,29.776,29.027,25.572,19.581,20.684,27.387,-1.011,3.782,6.671,12.88,21.906,9.048,17.339,30.67,29.954,27.588,25.234,18.541,14.515,14.793,-32.008,-16.6,-5.292,19.612,26.694,20.573,18.331,27.03,18.611,28.177,22.79,28.751,29.777,3.458,15.859
"2071-06",-1.176,7.457,22.987,18.005,10.988,15.052,25.516,26.849,27.223,22.136,17.454,4.661,12.145,13.06,25.166,22.409,11.545,17.031,20.378,21.22,27.468,31.651,27.863,24.526,17.996,19.562,26.021,5.991,9.252,12.692,17.496,27.029,13.611,19.84,33.854,29.466,27.368,23.5,14.914,12.288,13.211,-32.709,-17.935,-0.566,18.477,26.552,21.898,16.887,26.416,20.394,27.803,21.717,28.852,28.857,2.517,16.389
"2071-07",0.964,10.014,25.015,20.995,10.693,19.084,27.209,26.826,28.015,21.467,16.932,5.19,11.217,12.882,25.552,21.563,13.908,18.642,21.06,24.998,26.805,32.202,26.801,24.128,17.625,19.199,25.786,9.454,12.217,18.193,20.772,29.482,15.692,22.809,35.29,27.835,26.961,23.446,14.624,11.745,12.589,-33.993,-20.402,0.344,17.72,26.277,22.935,15.79,25.93,22.168,27.302,20.773,27.059,28.437,1.906,16.721
"2071-08",0.296,8.607,26.18,21.055,7.457,18.631,27.245,27.362,28.738,22.075,21.353,4.181,11.651,15.318,27.972,22.611,12.918,19.057,21.709,26.115,25.662,31.913,26.17,24.066,18.539,19.588,25.383,5.401,12.5,14.895,17.971,29.1,15.212,22.854,35.041,27.584,27.169,23.518,14.646,10.563,11.82,-36.883,-23.257,-0.226,17.373,26.175,23.752,15.89,25.589,23.198,27.106,20.167,26.665,28.282,1.275,16.54
"2071-09",-3.297,4.345,19.537,16.835,5.025,17.319,25.774,26.962,28.592,22.745,25.082,5.27,12.185,16.509,30.186,24.579,9.833,17.753,15.893,24.042,26.441,31.237,27.161,24.855,20.209,21.675,25.721,2.97,7.998,9.578,14.661,23.117,10.829,19.681,32.013,26.565,27.029,25.465,19.384,12.198,11.923,-35.232,-23.332,-2.18,17.393,26.13,23.563,15.597,25.593,22.855,27.029,19.96,26.398,28.081,0.964,15.972
"2071-10",-8.086,-0.321,12.629,12.609,-0.882,11.552,22.778,26.197,27.83,22.232,25.266,6.26,12.617,17.217,29.617,26.285,6.242,11.915,9.764,18.644,26.601,27.751,26.644,25.401,21.163,22.709,25.64,-5.195,0.293,-0.305,5.429,17.309,3.078,15.231,27.21,23.775,26.838,27.417,23.714,13.13,12.821,-30.202,-19.563,-8.087,17.808,25.886,22.876,16.141,26.174,21.394,26.989,20.43,25.945,27.837,1.518,14.977
"2071-11",-13.078,-6.777,7.61,7.17,-8.418,6.829,19.768,24.756,26.6,21.826,24.355,7.592,13.929,19.58,28.185,26.687,3.93,8.916,-1.739,14.42,26.136,22.673,25.729,25.525,22.869,24.503,24.923,-14.061,-8.091,-11.726,-4.788,7.789,-3.188,9.077,20.884,19.675,26.573,28.484,26.485,14.684,14.124,-23.568,-13.926,-14.557,18.723,25.728,21.497,17.142,26.778,19.777,27.697,21.688,26.91,27.285,2.778,13.851
"2071-12",-16.32,-12.527,0.548,1.587,-18.258,3.286,16.989,24.777,25.831,22.197,23.307,8.844,15.604,20.657,27.107,26.095,0.676,5.663,-6.754,11.802,22.991,17.896,24.121,25.139,23.135,24.406,23.413,-21.607,-13.479,-19.765,-10.892,4.105,-7.956,4.292,16.302,16.145,26.325,29.141,29.474,16.846,15.36,-18.749,-8.747,-21.88,20.024,25.889,20.135,18.612,27.026,18.035,26.871,23.091,25.552,26.662,4.368,12.989
"2072-01",-16.985,-20.987,1.7,0.408,-18.14,-1.124,17.101,24.768,25.096,22.663,22.817,8.985,16.387,22.605,26.923,25.646,-1.526,2.316,-8.818,9.19,22.099,16.489,23.943,25.149,23.288,24.886,23.33,-24.573,-13.226,-20.848,-12.128,3.802,-8.667,3.482,16.102,15.432,25.925,29.064,31.189,18.656,16.809,-17.77,-7.844,-22.053,21.034,26.22,19.271,20.127,26.592,16.843,27.114,24.287,24.97,25.819,5.713,12.912
"2072-02",-19.863,-17.011,5.147,2.15,-18.812,3.865,17.261,24.274,24.154,23.03,22.352,10.024,16.583,22.3,27.733,25.1,-1.206,3.246,-3.84,10.647,24.963,19.512,24.58,24.749,23.638,24.13,24.861,-23.707,-16.368,-18.447,-8.394,6.315,-7.84,3.566,18.141,17.378,26.251,28.293,29.294,19.381,17.157,-21.62,-9.757,-25.069,21.892,26.349,18.721,20.616,26.729,16.553,27.23,24.83,24.938,26.208,6.196,13.216
"2072-03",-19.352,-17.276,10.105,4.989,-12.291,6.492,18.831,25.217,24.654,23.313,22.407,8.428,16.272,21.464,27.36,25.465,4.562,6.6,0.504,11.154,28.666,22.923,27.326,25.363,23.189,24.023,27.071,-14.194,-8.878,-10.109,-2.475,9.041,-2.062,8.132,21.719,22.215,26.81,27.864,26.622,18.508,16.966,-26.219,-13.8,-20.83,21.766,26.612,19.139,20.761,26.933,16.788,27.405,24.699,25.379,27.596,5.628,14.133
"2072-04",-11.78,-7.504,12.468,8.372,-6.61,6.816,21.172,26.599,25.514,23.318,22.422,7.064,15.019,18.742,27.152,24.948,6.309,11.875,9.54,14.734,29.814,28.067,28.95,25.804,21.888,23.067,27.87,-8.637,-2.241,-1.311,4.504,16.063,4.571,13.094,28.65,28.592,27.332,27.677,23.919,17.052,15.486,-30.835,-14.049,-15.378,20.919,26.9,19.817,19.549,27.314,17.538,27.864,24.274,27.172,29.354,4.638,15.158
"2072-05",-5.765,1.826,17.493,13.046,3.778,10.712,23.3,27.075,26.594,22.983,21.035,5.782,13.561,16.83,26.688,23.842,10.496,13.362,16.037,17.144,28.672,30.628,28.437,25.308,19.626,20.944,26.697,-0.834,3.803,6.096,12.052,21.219,10.514,17.46,31.793,30.373,27.324,25.408,18.575,14.495,14.026,-31.709,-14.704,-5.283,19.652,27.343,20.861,18.049,26.96,18.603,28.306,22.914,28.742,29.709,3.385,15.982
"2072-06",-1.456,7.011,22.233,18.625,10.415,14.949,26.428,27.165,27.426,22.468,19.729,4.04,12.951,15.711,26.558,22.825,12.974,17.485,21.363,21.684,28.125,32.211,28.359,24.273,17.753,19.231,26.187,7.474,7.957,13.718,17.495,26.203,13.904,20.289,34.836,30.049,27.432,23.512,15.125,12.761,13.122,-33.283,-16.546,-0.914,18.681,27.164,21.926,16.887,26.464,20.277,27.744,21.602,28.69,28.881,2.269,16.57
"2072-07",1.591,10.417,24.68,21.312,11.542,18.484,27.11,27.251,28.302,22.156,20.889,3.467,11.389,14.115,27.589,22.815,13.49,18.617,23.539,24.697,27.23,32.785,27.225,23.983,17.87,19.462,25.707,10.22,12.269,18.092,20.174,28.617,15.608,22.913,35.538,28.033,27.014,24.008,15.707,11.973,12.368,-35.296,-16.261,0.482,17.755,26.93,23.183,15.874,25.98,21.98,27.295,20.46,27.064,28.201,1.644,16.864
"2072-08",0.319,8.113,23.231,19.835,10.598,18.475,28.29,27.705,28.969,23.037,22.968,3.607,11.661,14.147,29.56,24.279,12.376,18.928,24.19,25.069,26.769,32.893,27.279,24.354,18.554,19.315,25.872,6.915,11.873,14.946,17.097,27.229,14.595,22.749,34.671,27.771,26.859,24.242,16.523,11.759,12.184,-36.425,-22.846,-0.882,17.197,26.836,24.166,15.534,25.817,23.057,27.028,20.059,26.59,27.717,0.932,16.621
"2072-09",-3.652,6.453,20.225,17.921,6.84,15.249,26.069,27.671,28.823,23.388,26.92,3.592,11.859,15.634,30.906,26.422,10.876,17.066,13.494,22.797,27.111,31.25,28.067,25.442,19.208,21.175,26.403,1.708,6.828,7.012,10.677,23.377,10.761,19.883,31.75,27.091,26.842,26.018,21.397,12.657,12.181,-34.239,-19.155,-2.965,17.251,27.012,24.024,15.667,26.364,22.679,27.186,20.037,26.01,28.463,0.751,16.109
"2072-10",-8.657,-1.912,10.872,12.521,-1.154,11.335,22.693,26.413,28.049,22.871,27.189,5.963,13.104,17.406,30.27,28.038,6.697,13.525,9.716,19.862,27.132,27.844,27.13,25.98,21.588,23.177,26.016,-5.073,-0.107,-2.097,6.501,17.989,4.233,15.267,27.763,24.963,26.957,27.784,24.32,13.933,13.035,-32.026,-19.023,-8.002,17.914,26.888,23.108,16.151,26.579,21.464,27.575,20.555,26.771,28.649,1.459,15.136
"2072-11",-14.027,-8.495,6.737,6.586,-8.377,4.854,19.744,25.619,27.128,22.532,25.354,6.979,13.854,19.157,28.182,27.244,3.13,5.773,0.295,13.049,26.375,22.227,26.551,25.864,21.821,24.096,25.477,-13.703,-7.388,-8.726,-2.213,10.845,-2.343,10.47,22.01,20.82,26.97,29.311,27.928,15.826,14.404,-25.922,-12.683,-15.23,18.896,26.854,21.875,17.184,26.977,19.734,27.922,21.652,27.677,27.949,2.829,14.056
"2072-12",-14.24,-14.087,0.855,1.06,-15.788,0.602,17.818,25.53,25.967,22.742,24.043,8.69,15.546,20.744,27.166,26.469,-1.665,1.778,-6.472,10.873,23.265,17.992,25.084,25.538,22.699,23.846,23.931,-20.672,-11.943,-18.004,-9.476,6.013,-8.295,5.226,18.291,16.096,26.688,29.92,30.201,17.224,17.472,-20.469,-8.86,-21.262,20.028,26.947,20.496,18.349,27.082,17.997,27.493,22.994,26.378,26.893,4.312,13.168
"2073-01",-17.806,-16.576,3.364,1.735,-21.727,1.652,17.077,24.348,24.66,22.632,23.133,8.944,16.908,22.444,26.813,25.712,-2.09,2.949,-10.901,9.182,23.471,17.061,24.446,25.322,23.304,24.685,24.323,-23.547,-13.225,-24.398,-16.253,0.387,-12.713,2.4,15.868,14.392,26.45,28.676,31.095,18.834,17.36,-18.668,-6.926,-22.374,21.062,26.816,19.114,19.988,26.968,17.228,27.467,24.029,24.946,26.166,5.536,12.843
"2073-02",-19.582,-22.716,2.569,0.925,-13.06,0.87,17.882,25.264,25.263,23.52,23.473,9.515,17.14,23.066,27.646,25.536,-1.079,2.757,-8.553,9.404,26.947,19.899,26.172,25.481,23.586,24.541,26.277,-21.024,-15.527,-19.736,-12.678,1.841,-6.746,3.984,17.27,18.865,26.722,28.964,29.235,18.861,18.1,-21.562,-9.881,-21.399,22.037,27.004,18.977,20.51,26.847,16.767,27.397,24.457,25.209,26.713,6.02,13.347
"2073-03",-17.293,-16.248,6.388,3.974,-14.239,5.043,18.338,25.557,25.337,23.862,22.493,9.104,16.988,21.727,27.726,25.49,1.949,6.828,2.412,12.096,29.622,23.657,27.795,26.11,23.539,24.481,27.793,-15.599,-7.795,-8.018,-0.011,11.414,1.321,9.788,21.515,23.267,26.948,28.38,27.475,17.949,17.677,-27.814,-13.85,-20.07,21.694,27.281,18.91,20.664,27.552,16.76,28.092,24.572,25.946,28.282,5.62,14.331
"2073-04",-11.987,-6.307,10.616,9.605,-4.57,7.897,19.694,26.702,25.711,23.805,23.088,6.624,15.663,20.459,28.092,25.659,5.981,11.379,10.746,15.526,30.081,27.259,28.096,25.589,22.036,22.69,27.24,-7.277,-2.999,-1.409,6.231,13.745,4.113,13.371,25.377,25.653,27.666,27.533,24.353,15.834,16.312,-31.251,-15.81,-14.372,20.709,27.595,19.86,20,27.674,17.52,28.603,24.113,27.296,29.95,4.417,15.216
"2073-05",-6.302,0.983,16.588,13.885,5.433,11.505,22.659,27.222,26.866,23.268,21.419,5.009,13.294,16.694,27.762,25.019,7.424,15.009,12.891,19.5,30.105,30.307,29.342,25.673,20.064,21.458,27.854,0.712,2.94,9.202,13.804,19.947,9.608,15.969,31.267,29.464,28.048,26.038,19.308,14.161,14.395,-31.724,-18.308,-4.867,19.74,27.865,20.968,18.667,27.65,18.754,28.779,22.665,29.223,30.616,3.13,16.13
"2073-06",-1.758,6.841,20.366,18.685,9.625,14.48,25.628,27.139,27.838,22.674,20.036,3.671,11.771,14.563,27.008,23.781,11.577,16.599,19.262,22.789,28.79,33.24,28.872,24.571,18.408,19.775,26.757,7.349,9.442,12.933,17.76,25.69,13.106,19.744,35.039,31.091,27.969,24.694,15.492,12.493,12.34,-31.628,-18.998,-0.747,18.61,28.178,22.21,17.198,26.881,20.291,28.159,21.76,29.598,30.121,2.256,16.724
"2073-07",0.526,10.004,24.667,21.274,11.063,16.765,27.674,27.819,28.544,23.165,19.523,4.006,11.671,13.611,27.361,22.97,13.539,19.494,19.646,25.095,27.844,32.847,26.756,23.807,17.066,18.06,25.875,10.451,11.941,15.163,20.848,28.238,16.457,22.196,35.732,29.313,27.366,24.276,15.266,11.497,12.194,-35.326,-23.278,0.185,17.696,27.446,23.63,15.947,25.885,22.087,27.56,20.663,27.292,28.823,1.222,16.806
"2073-08",-0.451,8.498,23.927,20.603,8.858,18.422,27.887,27.799,29.002,23.533,21.898,4.959,12.112,14.516,29.18,23.516,11.779,19.36,20.969,26.135,27.093,32.519,27.497,24.531,17.234,19.123,26.105,8.148,11.221,13.896,19.935,28.16,14.955,22.898,35.125,27.861,26.895,23.919,15.727,11.053,11.478,-35.783,-27.21,-0.133,17.146,27.274,24.235,15.573,25.865,23.081,27.394,20.039,26.68,28.926,1.022,16.618
"2073-09",-4.721,4.04,19.155,16.77,5.438,16.052,26.09,27.29,28.849,23.331,25.621,4.946,12.038,15.298,30.665,26.123,9.533,15.519,18.121,22.574,27.377,31.818,27.986,25.612,20.113,21.136,26.873,2.942,6.619,8.223,16.122,24.825,9.684,19.906,32.146,26.992,27.057,25.858,21.438,12.205,11.701,-35.571,-23.875,-2.773,17.126,27.193,23.978,15.576,26.433,23.104,27.387,19.88,26.365,29.099,1.012,16.103
"2073-10",-8.402,-0.337,11.012,12.862,-1.412,8.743,23.178,26.679,28.543,22.613,26.059,6.195,12.477,16.91,30.341,28.227,5.514,11.704,12.182,18.813,27.793,28.541,27.634,26.571,21.75,23.962,26.732,-5.078,-0.266,-1.189,7.516,17.696,2.736,15.359,27.658,24.527,27.434,27.937,25.637,14.357,12.455,-29.568,-15.915,-7.288,17.929,27.269,23.101,15.894,26.833,21.897,27.707,20.644,27.398,28.514,1.419,15.298
"2073-11",-12.703,-8.523,5.671,4.91,-5.254,6.514,19.45,26.138,27.348,23.07,26.046,6.517,14.45,19.115,29.514,27.93,0.503,5.836,-0.746,14.454,26.563,22.928,26.409,26.319,22.564,23.943,25.662,-11.673,-7.221,-11.593,-3.092,10.487,-3.265,8.733,21.674,19.874,27.016,29.474,28.15,14.484,13.627,-25.639,-13.454,-11.148,18.963,27.578,22.069,17.125,27.618,19.81,27.755,21.631,27.134,27.493,2.709,14.199
"2073-12",-16.967,-12.342,1.912,3.497,-15.006,2.458,16.707,25.168,26.081,23.035,23.981,8.803,16.074,21.851,27.87,26.618,1.755,5.997,-2.961,10.782,24.759,18.176,25.795,26.245,24.46,24.921,24.983,-17.721,-13.381,-15.709,-8.62,2.392,-7.799,5.514,17.261,17.164,26.73,29.852,30.046,16.445,14.451,-18.09,-8.202,-20.769,20.028,27.443,20.402,18.386,27.794,18.483,27.746,23.348,26.877,27.415,4.35,13.572
"2074-01",-21.162,-18.55,1.625,0.927,-25.904,1.832,16.132,24.55,24.919,23.717,24.342,9.598,17.231,23.127,28.458,26.614,-0.407,5.343,-3.514,11.039,24.581,18.715,25.448,26.35,25.276,25.797,25.151,-21.974,-13.945,-16.859,-8.942,4.247,-8.269,5.205,16.407,15.609,26.937,30.17,31.35,17.904,16.207,-17.998,-6.963,-24.593,21.506,27.777,19.117,20.137,27.672,17.075,27.865,24.326,25.903,27.128,5.781,13.437
"2074-02",-18.696,-20.227,-1.465,-1.063,-17.299,1.791,15.167,24.859,24.763,24.411,24.347,9.677,17.235,23.362,29.306,26.072,-1.852,4.928,-3.432,11.446,26.991,21.08,26.089,26.182,24.908,25.703,26.458,-24.519,-13.864,-19.961,-11.376,7.258,-7.164,5.415,18.86,18.298,26.841,29.248,31.038,19.111,16.427,-21.42,-8.933,-24.689,21.917,27.755,18.852,20.785,27.645,16.561,27.97,24.968,25.578,26.855,6.329,13.543
"2074-03",-19.205,-17.805,2.769,1.694,-11.245,4.806,18.105,25.761,25.062,24.637,23.581,9.057,16.437,21.529,29.011,26.389,-0.175,3.836,-0.096,11.939,29.992,24.233,27.526,26.243,23.9,24.387,27.65,-17.735,-9.09,-9.481,-0.157,10.782,-1.631,8.224,20.688,22.294,27.554,29.337,28.196,17.92,16.525,-27.204,-13.606,-23.845,22.067,28.251,19.259,20.577,27.707,16.809,28.411,24.918,25.959,28.195,5.88,14.251
"2074-04",-14.269,-5.921,10.711,8.216,-2.9,7.194,19.891,26.876,25.734,24.601,23.839,7.503,15.773,20.309,28.636,26.367,5.431,9.344,7.795,14.617,31.258,28.214,29.691,26.552,23.203,23.745,29.29,-9.971,-4.407,-1.017,5.61,16.321,4.221,12.931,28.091,27.561,27.936,28.575,24.698,16.122,15.154,-30.452,-15.583,-14.161,21.053,28.37,19.796,19.768,28.464,17.359,28.61,24.29,27.226,30.096,4.615,15.386
"2074-05",-6.96,1.077,17.548,15.308,6.501,10.731,22.867,27.442,27.033,23.638,21.557,4.786,13.527,16.452,27.899,25.521,10.528,14.157,15.389,17.162,30.12,30.069,30.081,26.14,20.665,21.757,28.188,-1.495,2.486,6.229,13.13,18.787,9.205,16.116,30.366,30.113,28.433,27.369,20.087,13.629,13.8,-30.696,-17.712,-5.991,19.722,28.4,20.914,18.43,28.116,18.582,29.185,23.218,29.144,31.179,3.515,16.215
"2074-06",-0.645,6.987,21.577,19.073,9.638,14.176,25.77,27.385,28.129,22.479,19.516,4.263,11.671,14.113,26.642,24.381,12.015,18.295,18.054,22.744,29.663,33.341,29.765,25.251,17.981,19.92,27.442,8.221,9.345,15.154,19.742,24.735,14.08,19.314,35.149,32.399,28.084,25.168,16.637,12.547,12.819,-33.061,-20.124,-0.399,18.582,28.319,22.001,17.057,27.452,20.612,28.876,21.904,30.074,30.777,2.456,16.89
"2074-07",0.953,11.83,25.279,21.597,9.814,17.619,27.544,27.635,28.818,22.375,20.741,2.77,11.472,13.635,27.76,24.172,13.95,20.155,19.447,25.002,28.593,33.414,28.179,24.882,17.531,19.694,26.894,9.444,11.817,18.576,20.974,27.875,16.306,21.94,36.057,30.409,27.484,23.616,15.323,11.698,11.972,-34.32,-20.562,0.55,17.674,27.527,23.377,15.994,26.422,22.724,28.216,20.916,28.387,29.083,1.343,17.054
"2074-08",0.179,10.607,25.378,20.827,8.757,18.491,27.613,28.041,29.144,22.814,22.88,4.243,12.687,16.232,29.176,24.448,14.27,18.596,19.512,24.805,27.392,33.271,27.648,24.886,18.212,19.457,26.251,6.778,11.73,15.61,17.937,28.385,15.503,23.243,35.317,28.727,27.186,24.526,16.93,11.155,11.866,-36.412,-26.489,-0.685,17.265,26.907,24.224,15.615,25.89,23.423,27.788,19.972,27.302,28.217,0.847,16.843
"2074-09",-3.414,4.826,20.965,19.596,4.462,15.571,26.536,28.002,29.191,23.161,25.19,4.226,13.027,16.231,30.456,26.519,10.616,17.616,13.524,22.684,27.317,31.083,28.027,25.768,19.716,21.902,26.165,1.066,6.837,8.112,11.805,23.528,11.167,20.54,32.83,27.703,27.232,26.367,21.664,12.433,11.91,-33.61,-24.202,-3.89,17.309,26.581,24.02,15.429,26.013,23.284,27.872,20.068,27.277,28.45,0.506,16.161
"2074-10",-8.871,-2.176,15.297,12.574,-3.032,11.649,24.094,26.984,28.537,22.966,28.054,5.783,13.394,18.03,30.899,29.249,7.996,14.344,8.81,19.244,27.75,28.769,27.52,26.216,22.374,23.812,26.317,-6.427,-0.212,-1.799,3.043,16.087,3.685,16.121,27.736,24.384,27.17,28.308,27.068,14.094,12.376,-31.626,-19.842,-9.123,17.96,26.55,23.037,16.025,26.276,22.039,27.831,20.772,27.122,28.312,1.186,15.195
"2074-11",-11.898,-9.152,7.985,8.119,-10.901,6.653,19.65,25.558,27.38,22.199,26.655,7.133,14.43,19.981,28.736,29.549,2.788,9.134,0.285,14.164,25.709,21.614,25.546,25.566,23.014,24.387,24.628,-16.807,-8.158,-13.83,-6.893,11.32,-1.476,11.331,21.631,20.105,27.388,29.454,28.442,15.314,13.087,-25.47,-13.988,-12.021,18.766,26.599,21.771,16.973,26.813,20.109,28.13,22.054,27.503,27.864,2.723,14.023
"2074-12",-17.082,-10.514,2.711,3.18,-14.784,3.506,16.896,24.679,25.897,22.122,24.697,8.456,16.093,21.951,27.915,27.99,-0.328,5.867,-3.257,11.521,22.781,17.612,23.912,25.095,23.923,24.82,23.651,-21.75,-17.346,-18.06,-9.815,6.146,-9.076,5.178,17.001,16.086,27.181,30.39,30.163,17.313,15.298,-18.597,-8.195,-20.245,19.884,26.665,20.375,18.479,27.111,18.303,28.017,23.373,26.173,27.523,4.326,13.347
"2075-01",-19.357,-15.533,0.861,0.691,-16.488,1.869,15.365,24.581,25.033,22.97,23.463,9.752,17.235,22.645,27.596,26.531,-1.457,6.044,-1.425,11.529,22.877,18.258,23.643,24.999,24.465,25.357,24.177,-22.639,-18.573,-18.906,-7.341,4.44,-10.128,2.587,15.145,15.746,26.422,30.568,30.682,18.192,17.057,-17.738,-7.465,-24.686,21.058,26.679,19.322,19.843,26.874,17.275,27.915,24.571,25.5,26.76,5.637,13.262
"2075-02",-19.683,-21.698,5.184,2.054,-19.219,2.851,17.252,24.693,24.727,23.616,23.766,9.497,17.45,22.645,27.904,26.753,-0.828,5.095,0.291,10.613,26.348,19.769,25.287,25.397,23.727,24.776,26.273,-19.622,-11.283,-15.723,-5.596,6.789,-7.469,4.793,17.303,17.559,26.807,29.218,29.796,19.393,17.78,-21.248,-8.583,-22.267,22.122,26.67,18.886,20.68,26.818,16.741,28.015,24.715,25.027,27.117,6.094,13.637
"2075-03",-18.992,-15.886,6.467,2.846,-11.251,7.548,18.986,25.274,24.583,23.654,22.88,9.578,16.654,21.244,28.321,25.801,1.37,5.844,4.004,12.215,29.436,23.872,27.122,25.673,23.749,24.581,27.926,-14.696,-9.061,-9.456,-0.037,10.721,-1.715,7.383,21.474,22.424,27.134,28.787,26.641,18.135,16.823,-26.761,-11.62,-20.753,21.949,26.845,19.281,20.395,27.434,16.889,27.834,24.272,25.501,28.054,5.711,14.267
"2075-04",-14.026,-9.413,11.85,9.186,-5.654,7.717,20.962,26.435,25.456,23.26,23.143,7.811,15.689,19.396,27.218,25.259,5.481,9.314,6.749,14.321,30.171,27.184,29.091,25.891,23.017,23.55,27.965,-9.285,-2.786,-0.475,5.321,16.908,5.684,13.422,28.344,27.673,27.317,27.066,23.195,16.521,15.041,-31.665,-13.77,-13.849,21.042,26.677,20.052,19.432,27.671,17.61,28.076,23.899,26.54,29.649,4.519,15.088
"2075-05",-5.316,0.647,17.162,14.255,3.599,12.319,23.685,27.185,26.706,22.581,21.553,6.367,13.914,16.972,26.867,24.486,8.14,13.718,14.125,19.014,29.889,30.511,29.13,25.059,19.848,20.796,27.054,0.474,4.249,7.506,13.111,22.606,9.679,15.156,31.003,29.285,27.837,26.18,20.836,15.317,14.038,-33.289,-17.328,-4.617,19.61,27.224,21.169,18.068,27.209,18.613,28.826,22.84,28.92,30.259,3.462,16.022
"2075-06",-1.907,6.031,20.575,18.978,8.832,14.019,25.991,27.093,27.749,21.185,18.955,4.782,12.035,14.461,25.902,22.903,11.554,17.553,21.232,22.273,28.726,32.748,28.838,24.424,17.893,19.966,26.761,7.43,12.483,14.14,16.774,28.321,13.975,18.965,35.083,29.608,27.635,24.861,16.667,12.586,12.756,-32.862,-21.214,-0.142,18.631,27.088,22.332,17.065,26.763,20.66,27.926,21.736,28.52,29.294,2.348,16.636
"2075-07",1.278,10.233,24.509,20.544,9.601,17.905,28.034,27.306,28.482,21.222,19.948,3.085,10.255,12.632,26.951,23.091,12.412,18.055,22.232,24.218,27.608,32.927,27.296,23.883,18.081,19.763,26.186,9.648,14.231,16.506,20.132,30.591,15.967,21.95,35.21,28.201,27.094,22.914,14.9,11.425,11.761,-33.165,-22.304,0.147,17.844,26.554,23.482,15.712,25.896,22.367,27.281,20.636,27.369,28.712,1.422,16.82
"2075-08",0.077,9.185,23.5,20.211,9.254,17.765,27.438,27.611,28.97,21.665,22.104,2.81,11.511,14.113,28.733,23.922,13.203,19.355,20.139,25.472,26.446,33.046,26.793,24.069,18.458,19.831,25.702,6.253,10.466,12.949,18.49,28.069,16.141,23.502,35.286,27.871,26.963,24.31,17.199,11.24,11.309,-34.212,-24.53,0.276,17.22,26.233,24.032,15.216,25.599,22.99,27.146,20.033,26.737,28.413,0.815,16.625
"2075-09",-4.772,3.728,17.963,17.855,4.796,14.841,26.237,27.238,29.319,22.115,25.495,4.532,11.757,16.106,30.118,25.833,9.391,16.99,13.579,23.868,26.688,31.689,27.029,24.9,20.096,21.42,25.932,2.101,6.86,9.979,14.008,23.224,11.245,19.743,32.549,26.804,27.137,25.83,20.507,11.604,11.125,-32.83,-24.128,-2.152,17.335,25.952,23.853,15.176,25.834,22.94,27.164,19.893,26.63,28.702,0.553,16.015
"2075-10",-8.672,-3.758,12.043,12.366,-0.886,8.298,23.286,26.364,28.727,21.79,24.005,7.09,12.86,16.682,28.304,26.588,6.579,11.602,7.46,18.024,26.757,27.648,26.597,25.154,21.419,22.656,25.833,-4.67,0.354,-0.896,4.247,15.75,3.479,15.104,26.998,23.57,27.185,27.878,24.816,13.422,12.056,-29.006,-17.961,-5.848,17.716,26.014,23.067,15.644,26.106,21.769,27.05,20.413,26.389,28.083,1.566,14.939
"2075-11",-11.514,-7.694,5.72,7.545,-11.202,4.406,19.444,26.107,27.776,21.932,25.287,7.025,13.914,18.891,28.119,28.292,0.882,6.306,2.981,13.569,25.87,22.344,25.204,25.35,22.05,23.33,24.824,-12.969,-6.537,-10.617,-2.373,11.439,-3.546,9.371,21.427,19.667,26.641,29.046,27.974,15.398,13.601,-24.538,-14.408,-12.158,18.61,25.917,21.981,16.863,26.581,20.152,27.181,21.368,26.437,27.573,2.936,13.929
"2075-12",-16.528,-13.922,1.488,2.579,-17.438,2.06,16.809,24.761,26.051,21.897,23.149,8.952,15.478,20.744,26.399,26.438,0.6,5.305,-3.425,10.76,23.417,18.474,24.456,25.253,22.968,24.013,23.97,-20.757,-14.971,-18.822,-10.14,4.161,-8.125,4.388,16.577,15.856,26.574,28.964,28.354,16.763,15.255,-20.691,-10.431,-18.063,19.795,25.84,20.472,18.462,27.008,18.469,27.126,22.567,25.777,26.483,4.518,13.008
"2076-01",-22.053,-22.357,0.462,0.292,-20.833,1.353,16.237,24.653,25.472,22.38,22.984,8.99,16.414,22.029,26.317,25.508,0.913,6.269,-3.919,10.303,22.461,16.672,23.052,24.771,23.415,24.67,22.877,-21.139,-12.749,-17.653,-8.341,2.619,-9.918,3.261,14.504,14.532,26.474,29.618,29.546,18.915,16.981,-18.394,-7.292,-25.9,20.95,26.105,19.159,20.048,26.873,17.253,27.23,23.842,24.888,25.558,5.778,12.893
"2076-02",-21.997,-22.345,5.627,2.807,-21.795,1.815,17.245,24.769,25.064,22.861,22.685,9.855,16.807,22.235,26.52,25.528,0.986,3.968,-2.471,9.702,25.392,18.547,24.926,25.006,23.435,24.236,25.676,-19.383,-11.98,-15.639,-6.961,5.872,-8.356,4.407,18.221,16.929,27.142,29.103,28.615,20.726,18.012,-21.623,-8.423,-24.183,21.599,26.398,18.967,20.653,26.661,16.978,27.019,24.165,24.839,26.064,6.342,13.314
"2076-03",-18.882,-15.897,6.073,6.856,-14.525,0.694,17.37,25.852,25.251,23.449,22.57,8.48,16.385,21.273,27.216,25.672,3.062,7.664,-0.807,12.635,28.771,23.445,27.325,25.456,23.182,23.92,27.499,-18.043,-7.948,-7.858,-2.511,9.951,0.917,9.429,23.474,23.48,26.862,28.286,26.567,17.837,17.257,-25.982,-12.603,-20.402,21.666,26.487,19.04,20.533,27.154,17.032,26.74,24.009,25.167,27.481,5.546,14.163
"2076-04",-14.752,-6.768,13.58,11.272,-5.687,8.692,19.788,26.441,25.492,23.398,21.207,7.571,15.472,19.116,26.664,24.919,7.014,13.469,11.602,16.195,30.298,27.816,29.292,26.044,22.584,22.842,28.162,-8.756,-3.045,0.125,7.183,16.474,4.036,14.035,28.426,28.043,27.307,27.177,22.662,15.408,15.381,-30.362,-15.897,-14.532,20.795,26.96,19.754,19.625,27.769,17.663,27.801,23.353,27.024,29.311,4.776,15.243
"2076-05",-6.881,2.749,17.993,15.336,5.608,12.125,22.257,26.757,26.492,22.99,21.455,5.004,13.671,16.758,26.76,23.739,9.707,14.412,16.025,18.343,28.751,30.653,29.312,25.422,19.699,20.354,27.005,-1.107,3.542,6.937,12.516,23.249,10.592,17.529,32.206,30.245,27.46,24.827,18.195,13.807,14.296,-31.213,-14.128,-3.703,19.586,27.282,20.715,18.046,27.285,18.76,28.381,22.284,29.061,29.567,3.532,16.088
"2076-06",-1.357,7.365,21.857,19.566,9.899,15.596,25.667,27.273,27.592,22.105,18.414,4.741,12.2,13.342,25.981,22.598,12.781,17.214,19.444,22.757,28.912,33.088,27.775,24.026,17.659,18.812,26.472,6.18,8.146,13.151,18.7,26.16,14.427,21.288,34.701,28.278,27.318,24.048,15.668,12.531,12.943,-34.549,-19.448,-0.281,18.449,27.1,22.002,16.75,27.099,20.813,27.668,21.407,27.446,28.767,2.549,16.464
"2076-07",0.463,9.494,24.176,21.684,9.527,19.421,27.254,27.303,28.325,22.215,21.022,3.362,10.321,12.335,27.671,23.469,14.335,19.021,20.661,25.943,27.797,33.594,27.534,24.103,17.33,18.462,26.432,8.296,11.005,17.393,20.541,29.796,16.877,23.21,36.141,28.053,27.102,23.367,14.278,10.95,11.603,-33.879,-23.471,0.364,17.682,26.722,22.945,15.907,26.55,22.5,27.456,20.225,26.707,28.856,1.232,16.791
"2076-08",0.636,8.054,24.398,20.943,7.858,18.714,27.933,27.304,28.83,22.209,23.39,3.829,11.476,14.657,29.427,24.844,12.593,19.23,20.91,26.136,26.553,32.639,27.148,24.601,17.503,18.94,25.772,7.491,10.353,15.399,19.47,29.395,15.78,23.701,35.328,27.491,27.148,24.589,17.449,11.717,11.353,-32.039,-23.159,0.104,17.268,26.54,23.504,15.46,26.352,23.397,27.384,20.159,26.841,28.785,0.74,16.774
"2076-09",-3.929,3.91,20.85,19.129,3.001,14.723,26.487,27.037,28.862,22.193,23.537,4.284,11.543,14.443,28.942,26.079,10.123,16.149,13.056,22.771,27.267,31.08,27.592,25.449,19.41,20.638,26.1,2.142,7.256,7.885,12.351,24.013,11.662,20.577,32.493,26.62,27.132,26.491,20.82,12.298,11.766,-32.448,-20.223,-1.907,17.261,26.329,23.72,15.053,26.641,23.179,27.453,19.997,26.563,28.155,0.944,16.056
"2076-10",-9.374,-2.884,13.73,12.313,-4.64,12.203,23.927,26.25,28.209,22.78,27.405,5.179,12.939,17.766,29.089,28.059,7.571,12.065,7.542,17.818,27.501,27.979,26.887,25.733,20.756,22.347,25.837,-6.646,0.174,-1.311,2.757,15.364,4.06,16.305,27.3,24.285,27.085,28.151,24.74,13.222,12.207,-30.733,-18.737,-7.231,17.78,26.445,22.885,16.278,26.962,21.88,27.608,20.547,26.88,27.993,1.688,15.024
"2076-11",-13.697,-10.941,6.229,5.788,-8.426,5.18,20.031,25.94,27.26,22.479,24.819,7.37,13.623,19.088,27.396,27.175,3.001,5.447,-0.993,12.219,26.456,22.534,25.899,25.885,21.97,23.52,25.329,-18.708,-11.697,-14.688,-8.246,9.932,-0.172,10.817,20.828,20.987,27.125,29.263,27.654,15.073,13.93,-24.987,-12.861,-17.147,18.727,26.343,21.794,17.175,27.226,19.935,27.828,21.66,27.227,27.852,2.769,13.731
"2076-12",-15.75,-11.014,3.884,3.462,-13.044,2.892,17.654,24.558,25.927,22.72,24.304,8.369,15.574,21.738,26.302,26.504,-2.769,4.184,-1.551,10.283,24.525,17.656,24.009,25.518,22.964,24.632,24.407,-20.459,-16.49,-17.791,-5.893,6.369,-7.883,3.628,16.85,16.741,27.053,29.856,29.581,17.409,15.215,-17.963,-7.399,-20.819,19.987,26.427,20.341,18.861,27.68,18.596,27.478,22.988,26.163,26.917,4.307,13.38
"2077-01",-18.319,-18.68,2.239,0.243,-17.829,2.304,16.06,24.049,24.994,23.007,23.331,9.097,16.338,23.052,26.662,25.902,1.083,5.889,-3.741,10.616,23.891,17.195,23.134,25.023,23.504,25.167,23.787,-24.024,-17.615,-21.6,-10.192,2.722,-9.69,2.996,14.054,15.181,26.396,29.236,29.685,18.539,16.52,-17.689,-6.889,-22.629,21.183,26.645,19.152,20.259,27.264,17.355,27.389,23.814,25.237,26.198,5.834,13.086
"2077-02",-20.869,-21.033,3.835,2.604,-13.995,2.628,16.208,24.782,24.965,23.224,23.183,9.519,16.991,22.928,27.105,25.592,1.957,5.277,0.485,9.945,26.602,19.118,25.159,25.087,23.934,25.35,26.035,-19.116,-17.39,-16.156,-5.669,5.672,-7.451,3.798,17.223,17.359,26.537,29.1,30.427,20.582,16.903,-18.871,-7.063,-21.934,21.534,26.545,18.8,20.635,27.034,16.85,27.52,24.652,25.054,26.841,6.357,13.638
"2077-03",-18.46,-14.54,9.86,8.174,-14.001,5.189,18.355,25.51,25.144,23.797,23.13,7.929,16.039,21.607,27.043,25.942,2.425,6.75,1.654,12.672,29.32,24.128,26.866,25.248,23.396,23.901,27.733,-15.693,-9.257,-7.694,0.337,9.243,-2.183,7.857,20.283,21.381,26.912,28.291,27.752,19.925,17.161,-25.995,-11.042,-22.623,21.735,26.852,18.77,20.677,27.351,17.092,27.267,24.458,25.095,27.723,5.743,14.251
"2077-04",-14.509,-8.104,12.398,9.147,-5.318,7.948,20.724,26.984,25.983,23.708,22.533,6.907,14.844,19.067,26.765,25.331,4.193,9.402,10.594,15.147,30.188,28.068,28.428,25.657,22.438,23.165,28.174,-8.132,-3.55,1.903,8.884,17.345,5.076,12.988,27.742,27.433,27.357,27.369,23.578,16.777,15.906,-31.751,-13.317,-16.985,20.802,27.3,19.643,19.717,27.869,17.73,28.163,24.056,26.785,29.581,4.88,15.182
"2077-05",-5.438,0.93,17.148,14.109,5.079,11.817,23.06,27.107,26.809,23.083,19.919,6.096,13.109,15.598,26.073,24.489,8.573,14.485,15.188,18.532,28.72,30.97,29.054,25.524,19.445,21.079,27.298,1.24,4.126,8.497,13.582,21.701,9.027,16.204,32.139,30.224,27.821,26.106,21.018,15.393,14.478,-33.001,-18.454,-4.173,19.591,27.361,20.869,18.3,27.33,18.763,28.541,22.917,28.354,30.336,3.481,16.099
"2077-06",-0.881,6.012,20.234,18.466,11.046,16.318,25.482,26.872,27.535,22.055,20.039,4.928,11.151,13.744,26.417,23.178,11.034,16.823,18.662,21.899,28.509,32.8,28.445,24.227,17.72,19.201,25.983,7.237,10.498,14.189,17.454,27.178,13.799,19.255,34.931,31.099,27.647,25.157,17.265,12.858,13.155,-30.855,-19.187,-0.437,18.568,27.243,21.978,16.746,26.762,20.686,28.203,21.729,28.857,29.745,2.219,16.668
"2077-07",1.092,10.738,24.692,21.538,10.776,18.494,27.072,26.987,28.12,21.489,20.583,4.353,11.257,14.647,26.799,22.824,13.16,17.834,22.716,24.991,27.897,32.812,27.502,23.956,17.164,18.676,26.344,8.523,12.538,16.045,22.411,29.704,16.179,22.991,35.92,28.973,27.286,24.26,16.004,11.759,12.456,-34.883,-22.819,0.174,17.73,26.742,23.159,16.011,26.445,22.273,27.406,20.795,27.078,28.823,1.186,16.847
"2077-08",-0.442,7.838,25.28,22.723,7.89,18.558,27.706,27.601,29.081,22.111,22.048,5.358,11.729,14.998,28.774,23.45,13.072,18.331,18.607,25.167,26.662,33.035,27.313,24.696,17.473,19.472,26.067,6.216,10.715,15.066,18.65,28.778,15.667,23.462,35.508,27.92,27.121,25.211,17.434,11.152,11.9,-36.263,-27.671,-0.409,17.183,26.34,23.822,15.621,26.139,23.209,27.395,20.267,26.741,28.541,0.412,16.586
"2077-09",-4.039,3.631,19.352,18.85,3.382,15.367,25.684,27.296,28.93,22.379,24.806,5.462,11.826,15.002,29.908,25.836,9.599,15.926,15.165,22.434,26.566,31.383,27.801,25.193,19.801,20.99,25.884,0.684,5.752,8.825,13.818,24.618,11.837,20.879,32.601,27.224,27.345,26.071,19.538,11.823,12.1,-34.098,-24.645,-3.498,17.375,26.228,23.622,15.131,26.015,23.007,27.478,20.351,26.931,28.496,0.299,15.924
"2077-10",-6.347,-0.215,12.401,12.5,-2.725,10.103,22.781,27.133,28.375,22.608,26.785,6.087,13.597,18.216,29.156,26.941,5.271,10.601,5.466,18.644,27.164,27.962,26.812,25.402,20.859,22.465,25.931,-5.654,-1.334,-0.521,4.802,17.066,4.6,15.688,26.771,23.871,27.001,28.408,26.882,13.226,12.192,-29.409,-17.277,-7.783,17.99,26.111,22.861,15.989,26.54,21.829,27.019,20.572,26.275,27.737,1.37,15.055
"2077-11",-12.407,-8.648,8.801,6.47,-11.527,5.482,19.935,25.546,27.203,22.055,24.624,7.147,14.364,19.674,27.194,27.158,3.77,6.87,-0.843,13.199,26.525,22.315,25.764,25.389,22.503,23.945,25.07,-14.347,-10.082,-13.636,-8.02,10.917,-3.931,10.473,22.587,20.316,27.27,30.14,29.353,14.665,13.183,-23.734,-13.146,-14.218,19.025,26.114,21.631,17.038,26.746,19.733,27.487,21.627,26.807,27.081,2.746,13.923
"2077-12",-16.383,-11.218,3.559,4.708,-15.594,1.975,17.206,24.744,25.59,22.433,23.33,8.734,15.498,20.262,26.237,25.959,-3.504,3.629,-7.571,10.036,23.361,17.553,23.23,24.974,22.693,24.517,23.305,-24.312,-14.462,-20.718,-10.194,5.426,-7.43,4.543,15.507,16.896,26.905,30.291,30.748,16.819,14.727,-19.431,-8.188,-19.204,20.263,26.258,20.436,18.342,27.163,18.561,26.697,22.569,25.744,26.451,4.484,13.057
"2078-01",-17.396,-17.815,0.928,-0.585,-16.105,0.139,15.679,24.52,24.811,22.963,23.315,9.082,17.443,23.16,26.213,25.753,-2.587,1.852,-10.631,9.928,23.901,18.438,24.679,25.366,23.483,25.12,24.553,-24.732,-21.354,-19.092,-11.817,3.18,-8.184,2.498,16.042,16.067,25.86,29.099,29.683,17.267,15.543,-17.74,-8.349,-24.528,21.52,26.65,19.008,20.026,26.97,17.365,27.176,23.717,25.632,25.954,5.7,12.987
"2078-02",-20.952,-22.935,1.68,1.561,-19.916,-0.904,16.045,25.329,25.266,23.563,22.534,9.306,17.236,22.561,26.529,25.123,-0.158,3.039,-5.569,9.814,26.088,19.531,25.735,25.361,24.289,25.411,25.846,-22.728,-17.536,-14.647,-6.755,7.365,-5.975,4.868,18.179,17.957,26.003,28.926,27.309,17.702,15.969,-20.068,-8.549,-27.338,22.133,26.793,18.693,20.603,27.095,17.079,27.118,24.71,25.022,26.405,6.185,13.293
"2078-03",-17.91,-16.193,4.268,4.294,-12.348,2.98,18.088,25.654,24.793,24.13,22.451,8.636,16.982,22.064,27.198,25.601,1.192,5.538,0.409,11.756,29.399,23.441,27.787,25.948,23.73,24.263,27.704,-19.882,-10.412,-12.537,-2.198,10.282,-0.799,8.738,21.989,22.231,26.711,28.614,27.792,18.179,16.121,-25.739,-11.176,-22.973,21.906,27.195,19.067,20.438,27.446,17.082,27.42,24.625,25.45,27.652,5.81,14.097
"2078-04",-13.775,-5.69,13.245,9.304,-5.358,7.991,18.693,26.443,25.168,24.143,22.521,7.501,15.056,19.478,27.629,25.275,5.702,11.986,8.134,15.293,30.417,27.339,28.354,25.937,22.804,23.57,27.708,-12.312,-4.631,-1.498,2.006,15.019,3.364,13.304,26.274,26.094,27.21,27.965,23.447,16.061,14.702,-30.565,-13.704,-17.174,20.984,27.423,19.471,19.418,27.867,17.662,28.209,24.343,27.193,29.543,4.662,15.076
"2078-05",-7.397,2.136,17.717,16.238,3.643,10.135,22.242,27.617,26.39,23.918,21.451,5.294,13.466,17.432,27.014,24.626,8.727,13.117,16.956,18.565,29.751,30.309,28.848,25.665,20.384,21.379,27.062,-2.675,2.122,5.86,11.57,22.906,8.532,16.666,31.465,29.788,27.727,27.049,21.637,14.954,13.33,-30.792,-14.505,-6.678,19.7,27.763,20.807,18.208,27.598,18.787,28.846,23.128,29.088,30.568,3.446,16.125
"2078-06",-1.26,7.424,20.022,18.691,9.865,13.525,25.257,27.66,27.943,23.647,20.308,4.073,12.315,14.237,27.149,23.365,11.943,16.331,19.458,21.459,28.637,32.817,28.925,24.556,18.416,19.605,26.717,6.878,7.739,13.85,18.272,27.109,13.267,19.092,35.008,31.064,27.748,24.931,15.76,12.043,12.482,-32.52,-17.012,-1.023,18.585,28.17,22.062,16.865,26.82,20.688,28.403,21.661,29.475,29.958,2.539,16.716
"2078-07",0.158,10.815,24.343,22.529,11.027,15.897,26.899,27.994,28.752,23.972,20.656,4.773,12.082,14.548,28,22.928,13.031,19.307,19.708,25.239,28.464,33.092,27.755,24.07,17.749,19.094,26.577,8.667,12.265,16.92,20.474,29.695,16.895,22.336,35.965,28.946,27.25,23.463,14.164,10.791,11.415,-35.55,-21.439,0.043,17.773,27.905,23.456,16.226,26.234,22.709,27.61,20.807,27.558,28.435,1.647,16.97
"2078-08",-0.084,9.995,23.179,21.599,8.501,17.008,27.467,28.076,29.185,24.482,23.566,4.089,12.321,14.704,30.659,23.944,12.557,18.098,19.662,24.996,27.477,33.452,28.044,24.939,18.118,19.741,26.555,5.99,10.355,13.977,17.149,29.212,15.464,23.29,35.286,28.265,27.095,24.599,18,11.61,11.081,-35.595,-26.408,-0.459,17.218,27.466,24.032,15.38,25.765,23.785,27.578,20.155,26.919,28.461,0.887,16.819
"2078-09",-4.259,5.083,20.867,18.316,4.494,14.091,26.179,27.455,29.244,24.16,28.141,4.906,12.362,15.939,32.02,26.27,11.42,17.743,14.278,23.033,26.865,31.717,28.313,25.789,19.95,21.281,26.541,0.808,6.246,8.74,11.006,24.504,11.174,21.411,33.285,27.3,27.079,26.343,20.635,12.383,11.782,-36.451,-25.564,-3.244,17.312,27.344,23.726,15.239,25.828,23.273,27.892,20.505,27.599,28.722,0.649,16.164
"2078-10",-8.56,-1.642,13.827,13.577,-4.542,10.662,23.593,26.808,28.644,23.906,29.052,5.921,13.069,17.311,31.911,28.096,7.748,11.899,10.462,18.121,27.107,28.053,27.612,26.3,21.989,23.273,26.131,-6.465,-0.428,-2.891,5.172,19.145,3.906,15.537,28.186,24.931,27.029,27.975,23.814,13.199,12.272,-33.142,-22.288,-8.562,17.733,27.245,23.149,15.738,26.289,21.878,27.96,21.031,27.596,28.427,1.338,15.107
"2078-11",-14.732,-9.99,6.468,7.684,-12.782,3.932,20.779,26.402,27.729,23.282,26.721,8.087,14.642,19.42,30.299,28.487,5.016,8.398,0.905,14.138,25.637,22.083,26.058,26.036,23.218,24.375,24.913,-14.803,-8.349,-14.495,-7.19,9.726,-4.289,9.747,22.534,20.759,27.414,29.344,29.484,15.507,13.737,-23.44,-13.839,-17.195,18.641,27.652,21.941,16.867,27.238,20.257,28.611,22.147,28.209,28.544,2.768,14.097
"2078-12",-15.201,-15.064,-1.566,0.073,-15.637,0.819,17.462,25.495,26.258,23.755,25.408,8.618,16.315,21.467,29.343,26.752,-0.94,4.422,-5.732,12.019,23.033,18.42,24.158,25.817,23.82,25.025,23.826,-21.585,-14.662,-16.802,-9.044,7.025,-7.12,5.384,17.436,17.326,27.183,30.236,31.393,16.993,14.757,-18.887,-9.64,-22.919,19.955,27.654,20.587,18.536,27.476,18.46,28.296,23.615,27.057,27.683,4.334,13.394
"2079-01",-16.793,-20.894,-3.312,-0.889,-13.26,0.242,15.599,24.893,25.545,23.865,24.236,9.858,16.852,22.213,28.923,26.453,-3.168,3.557,-9.797,10.216,23.158,17.789,24.072,25.678,24.096,25.111,24.677,-24.8,-15.825,-22.6,-14.737,2.316,-9.057,2.701,15.188,16.14,26.971,29.143,29.889,18.467,15.756,-18.195,-6.899,-21.166,21.157,27.822,19.744,19.811,27.095,17.316,28.34,24.707,25.858,26.882,5.773,13.13
"2079-02",-16.932,-20.59,5.32,4.54,-20.275,3.097,17.239,25.089,25.123,24.027,24.058,9.541,17.206,22.673,28.645,26.595,-3.504,-0.686,-8.264,9.569,26.304,20.581,25.917,25.529,24.44,25.218,26.863,-23.687,-11.987,-19.652,-12.456,6.673,-5.554,3.972,18.222,19.52,26.81,29.807,29.764,18.001,16.515,-21.769,-10.014,-24.211,22.012,27.595,19.198,20.829,27.125,17.026,27.831,24.82,25.257,27.382,5.952,13.487
"2079-03",-19.541,-14.117,5.16,4.53,-13.311,4.176,17.542,26.592,25.533,24.938,23.546,9.333,17.048,21.605,29.99,26.567,0.186,4.84,0.739,11.609,29.615,24.698,28.574,26.368,23.973,24.555,28.491,-16.509,-11.662,-10.887,-2.302,10.852,-1.008,7.309,23.121,23.405,27.2,29.103,28.836,18.097,15.243,-25.367,-12.834,-25.522,21.858,27.992,19.319,20.511,27.74,17.141,28.165,24.891,25.902,28.704,5.729,14.363
"2079-04",-13.766,-6.218,10.18,8.726,-1.871,7.729,19.255,26.736,25.448,24.09,23.421,7.093,15.637,19.783,29.06,26.529,4.315,9.373,5.359,15.238,30.984,29.166,28.913,26.423,23.01,23.793,28.572,-11.539,-4.753,-3.249,3.575,17.487,5.174,12.82,28.085,28.076,27.658,28.497,26.481,16.608,15.061,-29.752,-16.734,-17.621,21.028,28.227,19.979,19.698,28.385,17.643,28.971,24.51,27.873,30.356,4.494,15.404
"2079-05",-5.68,3.65,17.324,15.18,5.938,11.206,22.549,27.472,26.852,23.729,22.514,5.32,13.801,16.995,28.865,25.261,9.33,13.64,16.711,18.073,30.703,31.428,29.551,26.372,21.117,22.258,28.362,-0.919,1.716,5.793,13.371,22.884,9.534,15.562,31.621,30.796,28.272,27.063,22.354,15.048,13.768,-31.642,-17.088,-5.1,19.865,28.342,20.915,18.21,28.068,18.765,29.415,23.308,29.477,31.502,3.475,16.419
"2079-06",-1.307,7.715,21.287,18.902,11.999,14.134,24.343,27.452,28.324,22.225,21.156,4.363,12.181,15.184,28.106,23.634,12.493,16.276,19.52,21.298,29.138,33.479,29.179,25.525,18.637,20.425,27.464,6.993,9.103,13.429,17.861,27.403,13.552,19.116,35.372,31.722,27.88,25.582,17.875,12.735,12.402,-36.184,-21.445,-0.746,18.667,27.965,21.967,17.035,27.072,20.556,29.009,22.309,30.016,30.97,2.482,16.823
"2079-07",0.898,11.331,24.211,22.712,12.311,16.673,27.022,27.869,29.135,22.484,21.807,2.533,11.671,14.449,29.149,23.672,13.016,18.405,20.684,24.309,28.05,32.87,28.338,25.222,18.004,19.998,26.658,9.242,12.212,17.115,22.33,29.643,17.056,22.27,35.062,29.536,27.361,24.43,16.502,12.295,11.954,-35.025,-24.149,0.424,17.767,27.562,23.37,15.75,26.163,22.583,28.605,21.351,28.372,29.494,1.477,17.097
"2079-08",0.037,9.717,24.353,21.904,9.341,18.359,28.193,28.441,29.615,23.534,23.914,3.188,12.012,15.067,31.139,24.353,14.219,19.05,19.175,25.015,27.492,32.716,27.985,25.465,17.964,20.459,26.353,5.162,10.419,12.128,17.105,27.951,15.689,23.402,34.997,28.298,27.144,24.746,17.173,11.912,11.783,-37.561,-21.803,-0.231,17.495,27.182,24.194,15.44,25.617,23.638,28.128,20.68,27.432,28.772,0.886,16.763
"2079-09",-4.084,5.006,20.159,18.786,5.059,15.855,26.296,27.778,29.401,24.076,27.55,4.985,12.922,15.683,32.519,26.159,12.18,16.052,15.617,22.381,27.242,31.881,28.576,26.031,20.181,21.464,26.607,1.179,5.784,7.053,11.059,23.82,11.19,20.482,32.991,27.557,27.236,25.42,20.453,12.164,12.503,-36.126,-23.656,-3.512,17.37,27.117,23.988,15.166,25.615,23.275,27.888,20.375,27.43,28.809,0.821,16.136
"2079-10",-9.987,-1.036,13.06,13.869,-3.465,9.87,23.04,27.056,28.777,23.679,28.219,7.064,13.637,18.239,31.968,27.784,9.626,12.817,10.275,18.488,27.382,28.443,27.312,26.354,22.807,23.961,26.362,-6.532,0.045,-1.246,3.37,15.058,1.875,16.058,27.477,23.795,27.335,27.368,24.537,13.345,12.943,-32.644,-20.537,-8.859,17.83,26.907,23.006,15.692,25.965,22.297,27.675,20.791,26.809,28.294,1.42,15.1
"2079-11",-13.895,-9.436,7.078,8.272,-11.967,4.311,19.531,26.331,27.985,23.252,28.034,7.423,14.727,19.675,30.64,28.905,3.244,7.556,3.199,12.9,26.297,21.499,26.011,25.772,22.603,24.423,25.252,-15.399,-5.483,-10.598,-0.26,11.724,-1.219,10.637,21.353,20.793,26.803,29,27.542,15.074,14.153,-26.079,-13.378,-16.59,18.714,27.158,21.899,16.996,26.668,20.4,27.511,21.94,26.943,27.177,2.746,14.076
"2079-12",-15.836,-12.1,2.362,3.307,-13.817,3.201,17.04,24.959,26.002,23.476,25.245,9.008,15.95,21.45,29.556,27.447,0.628,5.177,-2.454,10.488,22.986,17.152,24.632,25.368,23.879,25.284,23.479,-18.843,-13.171,-14.524,-3.943,6.036,-8.081,5.824,16.558,16.515,26.54,29.33,31.143,17.833,15.614,-18.999,-7.88,-19.07,19.848,27.16,20.303,18.56,27.11,18.641,27.823,23.161,26.753,26.858,4.155,13.562
"2080-01",-18.83,-17.179,-0.142,0.217,-19.349,0.439,16.072,24.553,25.193,23.98,24.212,9.976,17.257,22.761,29.015,27.237,0.265,3.912,-8.698,10.276,22.362,16.942,23.862,25.307,24.449,24.973,23.389,-19.946,-14.177,-21.828,-15.6,0.046,-12.504,1.843,15.335,14.245,26.276,29.692,32.315,19.815,16.906,-18.14,-7.728,-20.898,21.272,27.671,19.234,20.099,26.98,17.695,27.666,24.362,25.532,25.902,5.547,13.141
"2080-02",-18.327,-20.113,-1.038,-0.478,-21.054,0.163,16.331,24.928,24.795,24.181,24.125,10.212,17.869,23.464,29.104,26.797,-1.33,4.014,-6.567,11.46,27.082,21.512,25.815,25.511,24.616,25.039,26.234,-23.018,-14.194,-19.092,-12.007,5.456,-7.519,4.189,18.716,17.729,26.24,28.907,31.028,18.443,16.832,-20.58,-9.652,-24.375,21.893,27.588,18.66,20.813,27.051,17.004,27.805,24.663,25.303,26.016,5.939,13.431
"2080-03",-18.617,-16.426,4.827,1.023,-10.276,6.418,16.985,25.215,24.741,24.852,23.414,10.689,17.988,22.568,29.434,26.353,2.556,8.412,1.621,13.461,29.845,24.42,27.523,25.953,23.874,23.984,28.04,-15.591,-9.296,-6.871,-0.628,10.639,-0.519,9.079,21.98,21.982,26.994,28.675,27.754,18.244,15.865,-25.434,-10.437,-21.927,21.949,27.924,18.899,20.543,27.705,16.98,28.001,24.463,25.597,27.524,5.651,14.477
"2080-04",-13.366,-6.272,11.397,10.236,-3.323,8.147,19.529,26.992,25.864,24.496,23.253,7.927,15.727,20.033,28.357,26.168,5.345,9.642,10.405,15.008,30.433,28.095,29.32,26.543,23.545,23.717,28.938,-8.797,-3.339,0.253,7.335,18.154,4.076,13.628,27.158,27.231,28.123,28.35,25.574,17.44,14.557,-28.549,-14.604,-14.391,20.945,28.125,19.653,19.94,28.111,17.66,28.579,24.285,26.996,30.197,4.65,15.546
"2080-05",-6.835,2.028,16.661,14.501,3.747,11.451,21.803,27.991,26.782,24.666,22.843,5.737,14.788,17.392,28.448,25.451,10.603,13.521,14.163,17.894,30.108,30.768,29.352,26.028,20.649,21.961,27.593,0.876,3.444,8.25,13.176,21.025,10.106,16.693,30.285,30.017,28.304,26.964,21.203,14.772,13.532,-32.824,-16.066,-5.415,19.853,28.582,21.107,18.225,27.702,18.984,29.207,23.225,29.09,30.875,3.597,16.355
"2080-06",-0.497,7.576,20.688,19.338,11.016,14.751,25.433,27.883,27.948,23.606,20.615,3.879,11.722,14.245,27.83,24.596,12.584,17.772,17.89,22.088,29.66,32.839,29.617,25.087,18.798,20.11,27.343,8.395,10.298,14.744,18.785,28.099,13.039,18.918,35.049,31.794,27.736,24.667,16.651,12.909,12.371,-33.397,-15.759,-0.454,18.684,28.38,22.308,16.771,27.128,20.687,28.251,21.81,29.585,30.548,2.459,16.936
"2080-07",1.205,10.856,24.232,21.432,11.849,16.815,26.81,27.83,28.842,22.765,20.698,3.894,11.63,14.038,28.351,23.986,14.997,18.928,21.566,24.575,28.631,33.707,29.031,24.872,17.828,20.007,27.162,9.362,12.801,18.086,20.328,31.52,16.211,22.438,36.439,29.7,27.072,24.038,16.259,12.055,11.331,-36.03,-21.338,0.526,17.673,27.867,23.441,15.885,26.428,22.554,27.845,20.688,28.171,28.676,1.761,17.151
"2080-08",1.021,9.386,23.415,20.844,9.788,18.643,27.86,28.272,29.249,23.616,23.822,3.852,12.142,14.591,30.17,25.218,13.029,20.012,19.152,25.82,27.642,33.412,28.402,25.3,19.233,20.829,26.517,6.687,11.917,14.288,16.401,28.465,15.31,22.324,35.605,28.37,26.867,24.638,18.136,11.828,11.532,-33.937,-21.488,-0.116,17.26,27.321,24.097,15.094,25.977,23.541,27.711,20.234,27.651,28.348,0.67,16.887
"2080-09",-4.156,3.444,19.694,17.402,4.5,14.303,26.505,28.135,29.595,23.811,27.099,4.842,12.098,15.741,31.599,26.568,9.908,16.6,15.466,22.359,27.117,31.948,28.618,26.099,20.977,22.057,26.708,1.998,7.444,8.217,13.313,24.696,11.082,20.303,32.892,27.478,27.214,25.745,22.171,12.53,12.016,-34.198,-24.278,-2.721,17.504,27.322,24.105,15.226,25.906,23.22,27.603,20.143,27.731,27.998,0.64,16.275
"2080-10",-9.707,-0.95,12.966,13.522,-1.892,9.707,23.676,27.363,28.806,23.724,28.236,5.53,13.593,17.966,32.012,28.409,8.448,12.779,11.467,17.803,27.821,27.749,28.052,26.449,22.694,24.466,26.696,-4.471,0.931,-2.586,6.591,18.899,3.879,15.794,27.888,24.8,27.154,27.536,25.307,13.517,12.321,-31.306,-18.059,-6.46,17.756,27.153,23.255,16.041,26.677,21.959,27.622,20.77,27.4,27.942,1.343,15.337
"2080-11",-11.445,-9.099,8.607,7.812,-11.632,5.232,19.776,26.477,27.825,23.181,26.826,7.546,14.599,19.249,29.954,29.192,3.969,6.539,0.301,12.313,27.506,22.741,26.941,26.43,23.359,24.968,25.993,-14.617,-5.284,-10.002,-2.664,9.494,-1.979,10.365,22.831,21.309,26.999,29.036,27.78,15.197,14.009,-24.863,-11.672,-13.251,18.74,27.332,21.779,17.031,27.224,20.16,27.784,21.622,27.737,26.945,2.746,14.222
"2080-12",-13.706,-13.242,0.382,1.568,-16.372,2.701,16.13,25.197,26.089,23.519,25.521,8.515,16.31,21.714,28.42,27.089,-0.746,3.008,-4.965,10.813,24.836,19.362,25.614,25.757,23.974,25.258,25.029,-19.155,-13.483,-19.182,-11.126,3.524,-8.558,4.4,18.054,16.463,27.192,30.073,30.903,16.953,15.49,-19.758,-8.786,-20.944,19.955,27.478,20.531,18.591,27.822,18.426,27.996,23.158,26.997,26.871,4.411,13.431
"2081-01",-17.157,-21.611,-5.037,-2.934,-20.007,-1.526,15.773,25.499,25.932,23.836,23.894,9.473,16.962,22.273,27.841,25.811,0.022,4.464,-6.998,10.322,23.607,17.627,24.159,25.383,24.162,25.049,24.144,-23.042,-12.732,-18.926,-12.258,1.852,-11.923,2.588,16.562,14.417,26.69,29.7,30.845,17.669,16.973,-18.212,-6.77,-23.435,21.313,27.522,19.514,19.792,27.53,17.12,27.917,24.52,25.923,26.37,5.636,13.042
"2081-02",-16.318,-17.004,2.802,1.278,-12.654,4.07,15.76,25.25,24.55,24.322,24.194,9.801,17.384,22.873,28.95,26.414,-4.4,2.553,-5.756,10.911,27.294,21.454,26.247,25.463,24.732,24.713,26.404,-23.458,-14.169,-16.473,-9.297,6.446,-7.096,4.354,19.244,18.234,26.391,29.509,30.285,18.401,17.382,-22.065,-8.906,-23.509,21.757,27.398,19.037,20.707,27.278,16.615,27.772,25.099,25.756,26.968,6.129,13.675
"2081-03",-19.003,-14.551,7.274,4.413,-12.78,4.028,17.876,26.407,25.455,24.675,24.335,9.569,17.313,22.319,29.364,25.925,-0.48,5.8,2.11,13.316,29.955,24.767,28.069,26.04,24.161,24.629,27.826,-18.572,-9.807,-8.036,-1.442,13.211,-0.438,8.6,23.643,22.962,26.846,29.059,30.804,19.398,16.103,-25.952,-11.204,-24.445,21.741,27.87,19.195,20.693,27.69,16.855,28.127,25.016,26.47,28.427,5.692,14.48
"2081-04",-13.845,-7.507,11.321,8.594,-4.876,7.628,18.938,26.881,25.647,24.377,24.016,6.667,15.815,19.829,29.299,26.29,4.273,9.228,9.263,14.764,30.576,28.051,28.944,26.155,22.559,23.733,27.609,-9.791,-3.424,0.306,6.831,16.524,4.869,13.403,28.162,27.571,27.603,28.455,24.922,15.518,15.45,-29.547,-14.219,-15.634,20.955,27.805,19.89,19.923,28.075,17.357,28.764,24.404,28.056,30.076,4.408,15.305
"2081-05",-6.3,1.957,17.708,14.593,4.207,11.53,21.959,27.397,26.502,23.757,22.586,6.003,14.536,17.138,28.305,25.412,9.835,14.988,14.971,17.995,30.356,30.789,29.466,25.714,20.193,21.631,27.662,-1.059,1.853,8.19,12.131,21.531,8.694,16.717,31.891,30.547,28.389,26.999,19.984,14.016,13.617,-31.995,-14.714,-5.181,20.033,28.159,20.992,18.16,28.03,18.754,29.431,23.011,29.941,31.361,3.313,16.28
"2081-06",-2.203,5.647,20.934,18.001,10.024,15.12,24.968,27.133,27.873,22.529,20.849,3.919,12.281,14.039,27.756,24.274,11.829,18.283,18.679,21.68,29.682,32.853,29.139,24.484,18.214,19.842,26.904,6.598,8.803,13.361,16.243,26.435,13.329,20.126,35.796,31.261,28.031,25.748,18.236,12.908,12.148,-33.134,-14.704,-0.207,18.842,28.153,22.144,16.608,27.317,20.639,28.784,21.59,30.16,30.294,2.3,16.803
"2081-07",0.713,8.893,24.996,21.834,10.115,16.814,26.479,27.393,28.496,22.885,22.499,4.053,11.996,14.177,28.76,23.991,12.059,19.448,20.19,24.318,28.409,33.454,27.811,24.131,18.021,19.669,26.372,9.259,12.095,17.309,19.678,29.327,15.731,22.237,36.221,29.886,27.431,24.136,15.56,11.198,12.032,-34.191,-19.772,-0.094,17.743,27.514,23.318,15.837,26.522,22.314,28.077,20.684,28.213,29.134,0.967,16.939
"2081-08",-0.51,8.418,25.301,21.896,8.192,17.438,27.513,27.914,29.178,23.173,23.657,3.333,12.498,15.058,29.853,24.57,11.591,17.92,21.017,24.266,27.188,32.787,27.697,24.894,18.462,20.414,26.085,5.236,11.134,14.407,16.88,29.076,15.119,23.36,35.403,28.446,27.343,24.789,17.652,11.065,12.184,-35.94,-24.014,-0.653,17.413,26.993,24.11,15.499,25.985,23.515,27.972,20.004,27.644,29.064,0.497,16.717
"2081-09",-3.836,4.166,20.953,18.994,2.951,15.531,26.509,27.669,29.253,23.611,28.105,4.562,12.712,16.866,31.487,26.403,11.377,17.338,14.243,22.331,27.203,31.56,27.959,25.616,20.48,22.173,25.995,1.04,6.455,5.463,8.195,22.892,11.007,20.809,32.187,27.151,27.46,26.508,22.441,11.964,11.98,-36.174,-25.041,-3.576,17.608,26.79,23.959,15.314,25.76,23.139,27.743,19.792,27.24,28.641,-0.22,15.985
"2081-10",-8.861,-1.358,15.13,13.254,-3.719,12.496,23.901,26.388,28.345,23.423,28.247,6.102,14.155,18.069,31.374,27.832,8.202,13.475,7.974,18.937,27.699,28.597,27.02,26.018,21.341,23.89,25.864,-7.274,-0.805,-0.539,4.145,16.157,3.779,15.537,27.458,24.83,27.291,28.239,25.544,13.119,12.408,-30.994,-20.731,-9.865,17.84,26.68,23.03,16.065,26.272,21.888,27.73,20.417,26.968,28.73,1.275,15.137
"2081-11",-11.474,-9.07,5.841,6.961,-10.1,4.833,19.621,25.762,27.407,22.721,27.398,7.598,14.828,19.874,29.817,28.872,2.501,8.222,3.93,14.446,26.562,22.677,26.11,25.732,21.812,24.795,25.027,-17.345,-9.562,-12.038,-4.503,10.79,-3.58,11.015,21.858,19.685,27.314,29.37,28.337,15.382,13.437,-24.18,-14.043,-16.135,18.679,26.318,21.744,17.062,26.79,19.916,27.958,21.591,27.558,27.973,2.461,13.978
"2081-12",-16.13,-16.866,1.701,2.158,-20.521,2.972,18.223,25.268,26.381,23.273,24.5,8.579,15.857,21.217,28.124,27.517,1.559,5.714,-2.916,11.141,23.972,17.906,24.838,25.401,22.613,24.986,24.13,-19.609,-10.241,-17.278,-8.814,4.429,-8.054,5.43,17.954,16.83,26.762,29.865,29.748,17.351,15.116,-18.994,-10.193,-21.54,20.041,26.69,20.455,18.473,26.974,18.548,27.394,22.861,26.389,26.987,4.065,13.264
"2082-01",-18.942,-19.943,1.025,2.303,-21.321,0.579,16.361,24.912,25.377,23.14,23.305,10.138,17.146,22.932,27.837,27.404,1.294,3.913,-5.764,9.112,24.633,17.066,24.471,25.862,24.417,25.314,24.974,-19.896,-17.573,-22.221,-11.742,2.358,-9.886,2.498,16.102,15.45,26.504,29.702,30.126,18.074,16.705,-18.091,-7.775,-20.18,21.092,26.505,19.328,19.704,27.261,17.454,27.763,24.094,25.687,26.274,5.514,13.115
"2082-02",-19.929,-22.013,0.599,-0.335,-21.988,1.61,17.449,24.664,24.826,23.451,23.153,9.628,17.493,22.886,27.614,26.645,-0.593,4.01,-6.649,10.868,27.152,20.416,25.865,25.7,24.361,24.965,26.665,-20.131,-11.165,-18.155,-10.54,5.223,-5.978,4.053,18.066,18.531,26.259,27.943,28.886,19.092,17.389,-22.409,-10.012,-23.622,21.642,26.116,18.841,20.597,27.549,16.949,27.478,24.701,25.389,26.465,5.929,13.256
"2082-03",-19.162,-15.263,5.405,4.911,-15.075,3.468,17.644,25.755,24.943,24.182,22.701,10.314,16.715,21.092,28.205,26.023,1.097,6.751,2.099,13.051,29.611,24.318,27.243,25.344,23.853,24.471,27.219,-15.741,-8.695,-12.214,-1.103,11.844,-1.974,6.597,22.238,22.271,27.197,28.655,27.817,19.097,16.09,-26.312,-13.041,-20.68,21.796,26.593,19.131,20.338,27.678,16.878,27.925,24.833,25.441,28.114,5.377,14.167
"2082-04",-12.709,-7.266,11.555,9.465,-2.732,7.57,20.374,26.737,25.545,24.037,22.184,7.745,15.417,19.012,28.126,25.803,5.379,10.348,8.456,14.909,30.812,28.614,29.373,26.077,23.079,24.038,28.872,-11.027,-4.407,-2.145,3.859,15.806,4.634,12.573,28.342,27.761,27.756,27.854,24.846,17.038,15.268,-30.164,-13.87,-15.308,20.963,27.254,19.853,19.718,28.305,17.59,28.151,23.747,26.927,30.011,4.44,15.252
"2082-05",-6.424,0.186,18.309,14.81,3.187,11.361,23.719,27.458,26.845,22.718,20.831,4.865,12.595,15.329,27.146,25.103,8.412,13.198,16.009,17.704,29.378,30.957,29.785,25.969,20.044,21.74,27.608,-1.085,2.794,6.993,13.752,22.345,9.325,16.977,32.52,31.22,28.343,26.743,20.838,14.798,13.838,-31.426,-15.168,-6.732,19.734,27.183,20.826,18.174,27.557,18.575,29.204,22.813,29.62,30.619,3.174,16.072
"2082-06",-1.229,7.348,21.666,18.682,9.166,16.049,25.156,27.166,27.891,21.593,18.574,5.265,12.093,14.214,25.754,23.488,11.817,15.007,17.887,21.701,28.903,33.012,28.127,24.267,17.759,19.628,26.394,6.828,8.872,13.394,16.513,27.457,14.276,20.146,35.232,29.698,28.084,25.273,17.46,12.76,12.986,-32.426,-17.404,-0.451,18.522,27.054,21.832,16.601,26.713,20.358,28.344,21.628,28.693,29.077,2.01,16.553
"2082-07",1.766,9.794,25.208,22.353,9.283,18.956,27.387,27.041,28.305,21.604,19.772,3.106,11.06,13.393,26.904,23.678,13.873,18.204,19.953,24.098,28.02,33.067,27.256,24.094,17.6,19.702,26.258,11.187,12.817,16.777,20.033,29.626,15.964,22.502,34.77,28.617,27.388,24.559,15.457,11.079,12.786,-34.846,-21.203,0.41,17.71,26.267,23.15,16.004,26.185,22.151,27.572,20.537,27.163,28.544,0.787,16.758
"2082-08",0.75,9.623,23.964,20.222,8.455,17.416,27.178,27.208,28.771,22.321,22.331,3.808,11.594,14.886,28.344,24.302,13.925,18.284,20.875,24.674,26.851,32.398,26.601,24.218,18.683,19.98,26.001,7.582,12.235,15.09,17.907,28.558,15.496,22.686,34.584,27.462,27.365,25.257,16.818,11.243,12.503,-36.248,-25.462,-0.635,17.318,25.99,23.842,15.403,25.723,23.103,27.08,19.941,26.415,28.124,0.158,16.535
"2082-09",-3.197,5.094,18.486,18.378,3.866,15.731,26.084,26.885,28.528,22.825,25.029,4.242,12.439,16.487,29.57,25.817,9.841,15.277,17.756,21.291,26.718,30.898,27.233,24.871,20.021,21.474,25.987,2.483,7.657,8.537,15.166,24.275,10.974,20.02,32.146,26.729,27.03,26.611,21.042,11.745,12.331,-36.566,-25.167,-3.726,17.149,25.923,23.571,15.37,25.515,22.684,26.915,19.775,26.464,28.01,-0.019,15.757
"2082-10",-7.953,-0.655,12.876,12.906,-1.855,10.675,22.79,26.39,28.31,22.163,25.185,5.737,12.913,17.797,29.245,27.584,6.162,11.138,9.595,17.891,26.94,28.012,26.565,25.304,21.127,22.891,25.486,-5.994,-0.742,-3.262,4.626,17.334,2.72,14.477,26.733,23.964,27.015,28.176,24.796,12.312,12.871,-30.22,-20.019,-9.78,17.726,25.808,22.869,15.868,26.144,21.639,27.17,20.318,26.065,27.904,0.627,14.788
"2082-11",-14.377,-8.994,4.889,6.048,-8.156,5.122,19.243,24.886,27.076,22.149,24.842,6.944,14.471,19.699,27.738,27.529,5.209,8.382,3.899,14.246,26.117,22.275,25.693,25.397,22.503,23.965,24.926,-14.709,-8.791,-10.171,-1.364,8.486,-3.293,9.076,20.738,20.104,26.929,29.3,28.834,15.276,13.557,-23.145,-13.884,-18.787,18.764,25.871,21.531,16.892,26.943,19.866,27.173,21.279,26.688,27.072,2.217,13.823
"2082-12",-16.894,-15.759,2.9,1.388,-12.77,4.439,16.603,24.337,25.29,22.463,23.358,8.086,16.034,21.754,26.581,25.932,2.36,4.546,-0.306,10.121,25.275,18.403,24.453,25.614,23.403,24.802,25.135,-17.935,-14.309,-17.99,-6.957,2.465,-7.95,4.253,16.096,16.03,26.142,28.799,28.938,15.932,15.176,-17.933,-8.319,-19.052,19.733,25.766,20.226,18.196,27.228,18.327,27.146,22.563,25.301,26.401,4.123,13.175
"2083-01",-19.014,-21.581,-0.119,0.832,-19.888,-1.442,16.193,24.748,25.393,22.777,23.447,9.012,16.449,22.275,26.449,26.056,0.587,3.206,-2.49,9.618,24.129,17.022,23.819,24.878,23.146,25.087,24.265,-23.677,-16.094,-22.371,-11.071,3.409,-10.551,2.668,15.079,15.299,26.348,29.589,29.589,18.283,16.767,-16.716,-6.912,-23.064,21.164,25.996,19.195,19.55,27.178,17.392,27.242,24.197,24.524,26.376,5.683,12.89
"2083-02",-16.76,-18.272,-0.826,-0.228,-19.011,1.234,16.321,24.857,24.69,23.406,23.264,9.552,16.989,22.821,26.681,25.444,-5.247,-0.983,-8.076,9.446,26.869,20.246,25.085,25.315,24.18,25.167,25.643,-25.053,-14.974,-20.118,-12.877,7.209,-7.166,3.826,17.687,17.64,26.569,28.417,29.984,19.887,17.307,-22.474,-9.358,-18.556,21.774,26.353,18.798,20.544,27.092,16.681,27.389,24.763,24.632,26.439,6.236,13.166
"2083-03",-18.789,-14.337,3.385,5.391,-14.747,2.873,16.989,25.9,24.899,24.005,22.913,8.756,16.407,21.487,27.54,25.669,-1.137,1.859,-3.653,11.551,29.762,23.455,27.104,25.266,23.493,23.997,27.596,-20.539,-11.401,-10.219,-5.908,11.529,-0.53,9.25,21.966,22.228,27,28.505,27.815,18.065,16.9,-26.022,-10.426,-22.519,21.651,26.641,18.886,20.173,27.235,16.685,27.479,24.674,25.025,27.66,5.649,13.88
"2083-04",-13.745,-4.197,12.061,10.58,-4.93,8.715,19.915,26.524,25.333,23.951,22.636,6.405,15.159,19.157,27.586,25.378,6.17,9.718,9.305,14.52,30.058,27.525,28.981,25.808,22.485,23.057,27.833,-11.36,-4.526,-1.692,3.891,15.088,4.101,13.69,27.249,27.752,27.725,27.712,23.256,16.143,15.389,-30.373,-14.03,-16.1,20.904,27.325,19.559,19.315,27.39,17.512,27.915,24.049,26.714,29.559,4.57,15.068
"2083-05",-5.64,1.505,17.048,15.387,3.794,11.225,22.02,27.015,26.457,23.489,21.447,6.447,13.408,16.982,27.003,24.295,8.731,13.062,14.025,17.178,29.341,30.353,29.039,25.679,20.565,21.69,27.726,-1.513,2.324,6.503,14.428,21.286,10.606,15.794,31.251,29.62,27.7,25.635,18.536,14.216,14.065,-34.638,-16.891,-5.331,19.846,27.245,20.608,17.742,27.091,18.787,27.926,22.75,27.448,29.38,3.252,15.849
"2083-06",-1.514,7.256,21.405,19.831,9.768,14.105,25.572,27.067,27.565,22.841,20.669,3.539,12.705,15.075,26.982,23.405,12.275,16.683,19.316,21.025,28.606,32.659,28.95,24.62,18.04,19.668,26.987,6.134,9.983,13.612,17.324,27.148,14.043,20.01,34.805,30.6,27.526,24.39,15.856,11.966,12.949,-34.404,-20.997,-0.831,18.527,27.479,21.812,16.835,26.548,20.522,28.012,21.41,28.983,29.4,2.171,16.529
"2083-07",1.52,10.995,23.067,21.567,10.765,18.225,26.802,27.137,28.19,22.469,20.846,4.554,11.6,15.237,27.411,22.857,13.419,18.065,21.025,24.575,27.11,32.564,27.173,24.016,17.296,19.171,26.23,9.623,13.017,17.186,20.993,29.152,16.683,22.764,35.364,28.623,27.218,23.614,15.507,10.779,11.945,-36.545,-24.465,0.211,17.91,26.865,22.957,16.078,25.726,22.321,27.297,20.313,26.928,28.996,1.145,16.754
"2083-08",1.003,10.655,24.584,21.893,7.776,18.134,26.968,27.42,28.778,22.459,21.178,4.086,11.893,15.147,28.782,23.274,11.949,18.28,20.387,24.807,26.558,31.771,26.894,24.447,17.817,19.57,25.969,6.528,11.79,15.554,19.015,28.337,15.209,22.689,34.925,27.326,27.017,24.847,17.327,10.832,12.021,-36.39,-26.043,-0.261,17.326,26.187,23.839,15.545,25.541,23.339,27.12,19.883,26.556,28.341,0.239,16.505
"2083-09",-3.448,5.65,19.967,19.174,3.419,16.032,25.884,27.238,28.549,22.912,25.075,5.406,12.926,15.865,30.219,25.265,9.429,14.735,17.648,22.12,26.572,30.977,27.52,25.032,19.583,21.134,25.823,-0.232,7.537,7.385,13.807,24.044,9.93,20.186,31.625,26.412,27.141,26.265,20.665,11.827,12.162,-35.947,-27.32,-3.443,17.387,26.066,23.625,15.25,25.649,23.109,27.051,19.746,26.912,28.304,0.011,15.786
"2083-10",-8.708,-1.562,13.167,14.802,-4.839,8.888,23.664,26.948,28.197,22.829,26.722,5.692,13.392,17.925,30.595,27.641,7.616,11.701,6.901,17.989,27.264,27.942,26.566,25.063,21.125,22.372,25.678,-10.266,-0.797,-0.94,3.05,16.856,3.496,15.68,26.268,23.793,26.774,27.422,23.389,12.445,12.479,-30.029,-21.279,-10.376,17.769,25.872,22.955,15.826,26.105,22.082,26.851,20.273,26.264,27.227,0.962,14.736
"2083-11",-11.331,-8.297,4.992,5.013,-6.942,7.013,19.589,25.033,26.761,21.921,26.63,6.868,13.889,20.099,28.067,27.756,-0.2,7.457,-1.63,15.876,26.207,23.106,25.376,25.135,22.201,23.703,24.761,-17.758,-7.66,-12.711,-4.556,10.913,-3.751,10.094,22.018,19.648,26.703,29.002,26.994,14.645,13.842,-24.71,-13.982,-17.524,18.554,25.837,21.523,16.833,26.392,19.747,27.253,21.684,26.698,27.398,2.576,13.72
"2083-12",-17.338,-13.661,2.227,0.818,-16.468,4.596,17.263,24.753,25.687,21.907,23.57,8.959,15.273,21.049,26.302,25.885,-2.814,3.4,-10.346,11.765,23.529,17.756,24.122,25.03,23.269,25.005,23.581,-23.096,-13.852,-19.733,-10.166,5.368,-6.143,4.855,16.969,17.174,26.613,29.772,31.175,17.973,15.806,-18.175,-8.597,-23.774,19.843,26.095,20.227,18.112,26.762,18.245,27.302,23.125,26.13,26.802,4.035,12.987
"2084-01",-18.395,-20.477,2.828,-0.768,-19.001,3.668,16.768,24.37,24.805,22.724,23.52,8.967,16.732,22.349,26.858,25.855,-2.426,3.084,-7.061,10.374,22.622,16.557,23.279,24.79,23.631,25.115,23.573,-25.458,-17.155,-22.796,-16.379,1.416,-11.39,2.119,14.998,15.289,26.702,29.202,30.868,18.578,16.428,-17.403,-7.099,-23.32,20.946,26.196,19.391,19.759,26.504,17.249,27.113,23.886,25.184,25.871,5.577,12.749
"2084-02",-19.44,-21.36,4.271,2.389,-18.283,2.622,17.244,25.039,24.955,23.128,23.328,9.334,17.106,22.809,27.741,25.583,0.041,2.825,-2.97,9.077,27.054,19.335,25.099,25.236,23.542,25.168,26.492,-24.432,-14.347,-17.603,-6.801,6.129,-6.81,4.406,16.996,17.506,26.48,28.494,30.758,20.357,17.014,-22.312,-9.859,-24.124,21.777,26.507,18.816,20.251,26.604,16.773,27.357,24.387,24.429,26.906,6.085,13.291
"2084-03",-15.989,-14.046,11.119,6.254,-14.961,6.134,18.358,25.275,24.873,23.631,22.864,8.765,16.776,21.758,27.592,25.607,0.625,6.483,2.382,12.512,29.624,23.82,27.274,25.656,23.331,23.893,27.688,-19.7,-11.033,-11.431,-2.97,10.829,-1.888,8.103,21.447,21.908,26.94,28.398,27.748,17.893,18.117,-26.275,-13.487,-21.835,21.632,26.656,19.067,20.32,27.073,16.797,27.546,24.425,25.212,27.232,5.496,14.097
"2084-04",-12.219,-6.295,13.189,10.794,-5.273,8.191,20.22,26.722,25.681,23.548,22.586,6.406,15.296,19.6,27.56,25.505,3.272,9.561,6.938,15.987,30.067,27.527,28.989,25.848,21.93,23.122,27.917,-9.852,-3.258,0.503,7.655,17.823,6.136,13.33,28.045,28.327,27.085,27.393,25.307,16.59,15.679,-29.101,-15.049,-15.945,20.605,27,19.719,19.403,27.318,17.563,27.988,23.93,27.119,29.386,4.388,15.189
"2084-05",-6.769,1.352,16.172,14.892,3.227,11.712,22.562,26.866,26.267,22.869,21.417,5.063,13.983,17.596,26.648,24.253,8.685,14.374,11.292,19.628,29.34,30.891,28.734,25.244,19.61,20.77,26.933,-1.075,1.985,6.813,11.407,20.461,10.424,16.744,31.077,29.93,27.67,25.409,19.469,14.088,13.498,-30.631,-16.173,-6.881,19.649,27.408,20.795,17.619,27.181,18.812,28.554,22.841,28.582,30.219,3.262,15.923
"2084-06",-1.596,7.13,20.107,18.384,9.577,14.665,24.957,27.239,27.643,22.204,19.832,4.163,12.201,15.081,26.73,23.256,13.071,16.667,16.788,22.289,28.376,32.519,28.403,24.083,17.95,19.028,26.463,5.053,9.018,14.495,15.77,25.97,13.835,19.404,34.25,29.861,27.468,25.02,17.908,13.337,13.154,-33.836,-20.813,-0.738,18.466,27.031,22.007,16.517,26.591,20.503,27.601,21.501,28.044,29.018,2.177,16.449
"2084-07",0.954,9.328,22.554,20.659,12.427,18.305,26.769,26.938,28.191,21.541,19.6,4.54,11.013,14.311,27.006,22.717,14.473,18.295,20.282,25.541,27.102,32.779,26.724,23.558,16.781,18.366,25.594,7.898,11.528,16.035,19.735,29.356,16.651,22.415,35.534,28.215,27.205,24.549,16.839,11.556,12.219,-33.914,-21.846,0.269,17.734,26.655,22.936,15.75,25.869,22.3,27.071,20.309,26.745,28.254,1.401,16.687
"2084-08",-0.685,8.45,23.553,20.397,8.122,19.217,27.908,27.204,28.8,22.017,22.57,4.424,11.272,15.373,28.744,23.685,13.21,17.73,21.348,25.134,25.913,32.516,26.788,24.081,17.718,19.1,25.413,5.305,10.825,12.9,18.928,29.015,15.26,22.84,35.141,27.358,27.197,25.331,17.687,11.213,11.454,-34.892,-25.851,-1.584,17.207,26.176,23.723,15.222,25.586,23.038,26.861,19.832,26.221,28.133,0.58,16.458
"2084-09",-3.427,6.465,17.306,17.216,3.499,15.522,25.525,27.079,28.648,21.936,24.062,4.908,12.047,16.322,29.318,25.695,9.798,15.237,15.358,22.514,26.541,31.003,27.197,24.697,19.325,20.795,25.574,-0.472,6.791,6.476,12.246,24.453,10.323,20.319,31.935,26.383,27.173,26.544,20.213,11.479,11.655,-35.284,-26.082,-5.111,17.277,26.002,23.563,15.377,25.549,22.64,26.944,19.701,26.169,28.188,0.665,15.713
"2084-10",-9.478,-1.272,10.834,11.402,-0.329,11.043,22.331,26.228,28.097,21.551,24.727,5.684,12.575,17.544,29.047,27.546,6.783,11.256,7.029,18.04,26.717,27.544,26.543,25.169,21.601,22.736,25.404,-11.948,-2.866,-1.376,3.768,16.669,3.919,16.183,26.988,24.265,27.075,27.358,23.297,12.855,12.28,-28.652,-18.134,-11.994,17.646,25.693,22.89,15.612,26.048,21.349,26.892,20.521,25.746,28.006,1.324,14.713
"2084-11",-12.964,-7.845,4.521,5.874,-8.963,5.029,18.599,25.061,26.908,21.434,23.904,7.615,14.341,19.504,27.245,27.131,1.48,3.947,-5.459,13.949,26.05,22.694,25.506,25.137,22.569,23.33,24.809,-21.898,-12.119,-16.148,-11.488,9.212,-3.686,10.489,21.127,19.825,26.55,29.107,28.412,14.923,13.457,-25.12,-15.169,-18.271,18.785,25.534,21.565,16.838,26.341,19.645,27.411,21.68,26.824,27.393,2.46,13.356
"2084-12",-17.024,-13.818,0.234,2.707,-14.581,1.22,16.643,25.019,26.266,22.169,22.707,8.098,15.407,20.875,26.258,26.256,2.166,3.225,-10.367,8.814,22.571,16.737,23.698,24.707,23.004,24.002,23.04,-24.432,-18.76,-20.495,-15.45,2.957,-7.709,5.556,16.212,16.552,26.641,29.778,29.783,16.715,15.554,-19.943,-9.105,-24,19.945,26.089,20.353,18.276,26.659,18.146,27.057,22.794,25.968,26.158,4.289,12.714
"2085-01",-18.028,-18.63,-1.17,-0.696,-13.513,1.108,15.071,24.049,24.996,22.331,22.825,8.846,16.041,22.992,26.171,25.753,-1.76,-0.563,-13.333,6.936,22.804,15.855,23.513,24.587,23.867,24.069,23.704,-26.074,-18.49,-21.721,-11.852,2.753,-8.485,2.677,14.774,15.732,26.234,28.772,29.33,18.041,16.622,-18.903,-7.888,-21.46,21.094,25.9,19.132,19.895,26.453,16.989,27.066,23.898,25.133,25.972,5.556,12.634
"2085-02",-16.877,-16.776,5.083,0.5,-10.908,4.368,16.475,23.913,23.931,23.201,22.425,9.336,16.398,22.163,27.446,25.102,-2.101,1.956,-7.766,9.516,25.795,18.99,25.215,24.714,23.931,24.073,25.584,-25.609,-17.695,-19.245,-11.372,4.191,-5.621,4.221,17.594,17.894,26.751,28.814,28.557,18.592,17.443,-22.674,-8.912,-21.04,21.725,26.164,18.756,20.675,26.511,16.536,26.952,24.419,24.624,26.254,6.001,13.215
"2085-03",-19.131,-13.34,7.398,6.418,-9.076,4.854,17.572,25.337,24.998,23.753,22.851,8.839,15.943,21.23,27.802,25.412,2.153,5.381,-2.77,11.252,28.46,22.212,27.111,25.181,22.905,24.542,26.94,-17.809,-13.678,-10.893,-4.131,9.074,-2.603,6.437,22.001,23.473,26.789,28.58,28.581,19.261,17.086,-27.04,-11.348,-24.915,21.678,26.574,18.927,20.213,26.712,17.036,26.951,24.41,25.698,27.685,5.56,13.925
"2085-04",-11.56,-6.905,12.116,8.617,-1.977,8.654,20.448,26.219,25.504,23.089,22.019,7.751,15.055,19.004,26.663,24.873,4.069,9.203,9.664,14.847,29.618,28.002,28.336,25.301,22.333,23.367,27.866,-9.477,-4.025,0.798,7.66,18.287,4.214,12.696,27.609,26.893,26.98,27.876,23.861,16.641,15.633,-31.144,-13.802,-14.939,20.898,26.617,19.457,19.278,27.337,17.708,27.732,23.794,26.978,29.155,4.295,15.037
"2085-05",-5.396,1.604,16.586,14.494,4.975,12.183,22.509,26.094,26.194,22.487,20.552,5.062,12.768,15.923,26.459,23.805,7.748,13.372,13.681,17.136,28.147,29.068,28.068,24.449,20.008,21.32,26.167,0.285,2.447,7.798,12.732,22.952,10.092,17.015,30.477,29.121,27.322,26.266,19.77,14.868,13.841,-32.81,-16.773,-6.802,19.584,26.975,20.645,17.836,26.747,18.654,28.445,22.713,28.946,30.052,3.161,15.769
"2085-06",-1.064,8.061,21.432,19.41,10.428,15.197,24.929,26.115,27.093,21.683,18.899,4.096,11.231,13.734,26.124,23.227,10.866,15.919,18.057,21.646,28.452,32.007,27.845,23.37,17.387,19.147,26.12,7.591,9.798,13.571,19.029,26.436,13.974,19.207,33.787,29.179,27.269,25.323,16.833,12.833,12.729,-31.691,-16.8,-0.727,18.601,26.86,21.914,16.555,26.39,20.433,27.465,21.391,27.896,29.144,2.021,16.466
"2085-07",1.958,12.761,22.512,22.481,11.36,18.185,25.734,26.447,27.833,21.787,19.456,3.531,11.359,13.805,26.356,22.503,13.919,19.16,19.916,24.659,26.824,32.691,26.536,23.192,17.186,18.588,25.192,10.392,13.502,16.538,18.585,29.391,15.535,21.958,35.82,28.02,27.018,24.214,14.792,11.244,11.599,-32.517,-21.355,0.339,17.721,26.682,23.007,15.818,25.603,22.145,27.175,20.482,26.757,28.724,1.26,16.734
"2085-08",1.287,11.04,23.679,21.325,9.124,17.758,26.898,27.283,28.63,22.682,22.074,3.68,12.306,15.212,28.427,23.615,12.121,17.493,20.428,25.023,26.003,31.956,25.439,23.651,17.839,18.777,25.172,6.199,11.999,14.054,18.112,28.814,15.503,23.589,34.526,27.214,26.908,25.156,16.548,11.117,11.057,-36.369,-25.738,-0.642,17.014,26.415,23.853,15.183,25.411,23.068,26.839,19.801,26.238,27.913,0.814,16.462
"2085-09",-3.973,5.694,18.601,17.714,4.443,15.596,25.662,26.805,28.294,22.957,24.971,4.894,12.647,15.529,30.125,25.649,9.12,15.908,12.797,22.673,26.298,30.173,26.713,24.343,19.203,20.375,25.409,1.054,7.068,7.57,12.613,22.736,11.907,20.845,31.158,25.981,27.123,25.897,18.124,11.432,11.555,-34.835,-21.195,-3.903,17.34,26.479,23.656,15.098,25.692,22.956,26.838,19.796,26.213,28.236,0.924,15.767
"2085-10",-8.374,0.98,12.634,12.087,-0.947,11.776,22.842,26.504,27.756,22.895,25.316,6.988,13.49,17.455,29.633,26.926,6.421,12.967,7.093,19.199,26.836,27.311,26.262,25.243,20.677,22.61,25.559,-8.975,-1.151,-2.166,3.664,15.395,4.797,15.86,25.99,23.866,26.672,27.8,23.255,12.954,11.935,-32.003,-18.704,-9.59,17.701,26.556,23.02,16.01,26.165,21.551,26.796,20.138,25.807,27.455,1.815,14.846
"2085-11",-11.947,-8.465,3.666,6.511,-11.467,4.532,18.909,25.32,27.119,22.415,24.395,7.538,14.21,19.613,27.796,26.83,2.154,5.673,0.976,12.824,26.241,21.662,25.317,25.313,21.703,22.702,24.811,-13.748,-6.671,-10.895,-1.353,13.127,-2.894,9.227,21.568,19.807,26.592,29.161,27.823,14.803,13.18,-24.538,-12.279,-14.121,18.703,26.624,21.645,17.316,26.579,19.888,27.561,21.41,26.717,27.531,2.712,13.839
"2085-12",-18.343,-16.083,0.105,2.257,-18.979,2.435,16.798,25.194,26.007,22.817,23.372,8.337,15.769,20.779,26.43,26.34,-0.169,5.34,-1.794,10.7,23.271,17.67,23.886,24.826,22.837,24.046,23.184,-20.265,-13.363,-17.001,-5.146,6.777,-7.551,5.193,17.917,16.277,26.344,30.183,30.058,16.9,14.739,-19.158,-7.659,-23.814,20.1,26.687,20.394,18.489,26.975,18.594,27.46,22.804,26.207,26.481,4.381,13.134
"2086-01",-17.327,-17.465,3.139,0.827,-20.182,3.586,16.701,24.268,24.554,23.219,23.515,8.85,16.877,22.637,26.876,26.009,-1.089,3.958,-8.043,10.086,22.403,16.571,22.969,24.718,23.447,24.3,23.267,-22.986,-14.683,-22.401,-13.523,0.54,-10.511,2.549,13.588,14.215,26.46,29.559,29.597,18.364,16.656,-17.81,-5.782,-21.294,21.394,27.015,19.251,20.084,26.515,17.475,27.216,23.815,24.806,26.084,5.84,12.974
"2086-02",-18.941,-20.115,-0.962,1.858,-17.323,1.821,16.539,24.93,24.663,23.847,22.96,9.887,16.867,22.751,27.63,25.781,-2.924,5.666,-0.968,11.644,25.237,19.403,24.077,24.554,23.521,24.439,25.172,-23.693,-15.584,-20.79,-9.292,6.925,-8.378,3.089,16.929,17.535,26.625,28.861,28.522,18.543,17.156,-21.887,-9.093,-23.598,21.978,27.064,18.953,20.742,26.653,17.148,26.829,24.063,24.327,26.178,6.346,13.242
"2086-03",-16.577,-13.291,5.272,5.065,-10.045,5.115,17.651,26.004,24.987,23.896,22.463,9.306,17.04,21.684,28.068,25.925,1.532,8.287,0.84,12.852,29.098,23.393,26.992,25.372,23.278,23.977,27.329,-18.613,-11.083,-13.524,-6.437,8.112,-2.208,7.161,21.077,22.295,26.598,28.134,25.829,17.318,16.296,-25.804,-11.717,-20.911,21.814,27.624,19.114,20.327,27.123,17.165,27.399,24.465,25.585,27.658,5.774,14.097
"2086-04",-12.094,-6.224,10.342,9.663,-0.092,8.91,18.929,26.636,25.573,23.815,21.388,7.631,15.672,18.7,27.061,25.289,4.643,10.649,7.812,14.905,30.09,26.765,27.886,25.754,22.353,22.978,27.771,-10.696,-4.197,-1.178,6.439,16.524,5.252,11.381,26.125,27.656,27.284,26.945,22.371,15.51,14.585,-29.598,-15.504,-15.357,20.786,27.591,19.623,19.712,27.787,17.956,28.284,24.431,27.553,29.825,4.704,15.133
"2086-05",-5.361,1.73,16.222,13.295,4.457,10.584,23.009,27.405,26.718,23.647,21.486,5.926,13.501,15.987,27.348,24.863,8.238,13.622,13.936,18.083,29.31,30.378,28.752,25.685,20.055,21.3,27.231,-0.99,1.947,6.774,11.389,21.635,9.512,15.892,31.311,30.03,27.902,25.615,18.998,13.998,13.431,-30.332,-16.43,-6.305,19.657,28.159,20.835,18.215,27.379,19.114,28.773,23.45,28.919,30.31,3.379,16.049
"2086-06",-0.896,9.14,20.23,17.981,10.625,15.302,25.53,27.387,27.684,23.118,20.703,2.461,11.973,14.167,27.332,24.008,14.171,17.427,20.561,21.877,28.744,32.788,28.761,24.424,17.504,19.051,26.512,7.157,9.778,13.672,15.64,24.871,13.09,19.062,33.857,30.859,27.254,23.753,16.482,12.5,12.142,-31.693,-17.906,-0.569,18.466,27.958,21.985,16.904,26.624,20.614,28.221,22.073,29.089,29.904,2.06,16.698
"2086-07",1.487,13.202,23.687,22.539,10.487,17.185,27.185,27.387,28.609,22.852,19.512,4.498,11.321,13.348,27.789,23.32,14.33,19.494,21.659,24.662,27.661,33.296,27.151,23.737,17.049,18.173,25.458,10.383,14.102,16.262,20.537,29.605,15.906,21.763,36.358,29.791,26.833,23.565,15.651,11.566,11.608,-35.335,-21.914,0.488,17.59,27.531,23.273,15.867,25.879,22.703,27.791,21.081,27.771,28.566,1.039,16.915
"2086-08",1.174,10.493,23.493,21.203,9.545,18.059,27.602,28.357,29.516,23.399,22.106,4.243,12.2,14.616,29.307,24.204,13.236,19.216,21.29,25.516,26.375,32.603,27.074,24.668,17.539,18.967,25.312,6.991,11.294,14.396,18.713,28.998,15.064,22.221,35.491,28.536,26.702,24.293,18.131,11.639,11.527,-37.073,-22.747,0.042,17.141,26.996,24.144,15.385,25.576,23.634,27.738,20.479,27.204,28.324,0.928,16.734
"2086-09",-3.79,4.069,19.462,16.915,5.511,15.593,27.114,27.828,29.489,23.962,26.71,3.824,12.763,15.813,31.221,26.481,9.748,15.627,16.452,22.009,27.235,31.218,28.02,25.491,19.579,20.583,26.182,2.578,7.596,8.557,14.702,25.339,11.334,19.645,32.285,27.263,26.876,25.616,21.339,12.41,11.636,-35.909,-26.1,-2.746,17.169,27.032,24.048,15.461,25.808,23.729,27.616,20.333,27.2,28.363,0.623,16.124
"2086-10",-4.99,-0.021,11.832,12.379,-2.331,8.771,23.446,26.982,28.946,23.247,26.476,5.703,13.276,17.27,30.861,27.916,5.067,10.51,7.122,17.295,27.486,27.698,27.224,26.163,21.569,23.262,25.83,-4.848,0.921,-0.89,6.527,18.268,4.441,14.811,27.696,24.432,26.754,27.632,26.139,13.735,12.124,-31.624,-18.146,-7.085,17.796,26.979,23.132,16.084,26.332,22.259,27.548,20.829,27.474,27.666,1.159,15.131
"2086-11",-9.728,-6.425,4.9,6.679,-4.715,5.034,18.822,26.077,27.838,22.635,26.175,7.82,14.375,19.566,29.334,27.985,3.544,7.112,-0.793,12.957,26.457,22.208,25.988,25.547,22.991,23.575,25.084,-14.018,-8.179,-11.14,-4.396,9.004,-1.917,9.475,21.414,20.289,26.812,29.187,28.508,15.106,13.719,-23.924,-13.713,-12.288,18.641,26.9,21.87,17.106,26.868,20.56,27.77,21.896,27.43,27.281,2.692,14.156
"2086-12",-17.514,-12.035,2.9,3.665,-11.223,3.034,16.645,25.335,26.457,22.696,23.898,8.383,15.773,21.036,27.358,26.989,1.441,6.524,-2.971,10.764,22.931,17.164,24.158,25.139,23.395,25.022,23.484,-19.268,-15.812,-16.885,-6.31,4.578,-7.466,4.605,16.054,16.731,26.715,30.624,31.462,16.601,14.481,-19.051,-9.596,-18.461,20.044,27.323,20.438,18.843,27.31,18.96,27.745,23.195,26.503,26.764,4.203,13.506
"2087-01",-17.861,-20.338,1.913,2.634,-20.449,0.829,16.291,25.058,25.86,23.289,23.878,9.051,16.715,22.115,27.475,26.34,1.906,5.409,-3.854,9.497,23.545,16.86,24.39,25.378,24.067,25.477,24.183,-20.27,-14.583,-17.853,-7.151,3.712,-9.105,2.898,16.003,15.397,25.977,29.967,32.049,18.447,16.293,-17.019,-7.982,-20.343,21.261,27.382,19.217,19.88,27.077,17.857,27.409,24.217,25.697,26.15,5.669,13.365
"2087-02",-20.133,-17.726,3.761,1.504,-16.893,5.502,16.812,24.591,24.506,23.48,23.403,9.652,17.429,23.188,28.179,26.196,-0.736,7.158,-1.702,11.621,26.289,19.898,25.237,25.641,24.595,25.419,25.68,-22.366,-13.329,-17.815,-7.897,5.521,-5.757,5.691,16.352,17.695,26.195,28.863,30.201,18.704,16.717,-20.429,-8.351,-22.541,22.003,27.289,18.93,20.893,27.394,17.214,27.268,24.438,25.265,25.877,6.193,13.677
"2087-03",-16.017,-14.583,6.021,3.214,-10.632,5.689,17.338,25.338,25.032,23.643,23.196,9.174,16.434,21.844,28.456,26.185,1.135,7.199,1.524,13.081,29.84,24.516,27.501,25.783,24.117,24.687,27.857,-18.408,-9.715,-7.512,-1.557,11.017,-1.364,9.126,22.502,22.462,27.027,29.236,29.374,17.794,16.838,-26.2,-12.626,-21.979,21.77,27.338,19.113,20.872,27.65,17.222,27.499,24.577,26.098,27.702,5.641,14.408
"2087-04",-11.85,-5.759,13.002,10.457,-3.159,8.692,19.69,26.427,25.849,23.596,22.05,7.062,15.62,19.211,27.303,25.58,5.356,9.745,5.555,14.413,29.502,27.859,28.871,26.14,22.242,23.217,27.279,-12.073,-5.36,-0.47,4.429,15.257,5.229,14.138,27.75,26.564,27.741,28.872,25.651,16.233,16.027,-29.393,-15.186,-15.05,20.984,27.619,19.798,19.558,27.594,17.89,28.557,24.381,27.36,29.924,4.284,15.243
"2087-05",-6.628,0.29,17.573,14.213,5.1,13.169,23.067,26.833,26.5,23.575,22.332,4.645,14.305,17.482,27.292,25.28,8.897,15.161,17.436,17.944,29.592,29.378,28.78,25.71,20.313,20.96,26.886,-0.288,2.904,8.082,12.206,18.945,9.113,16.563,29.552,28.957,28.233,27.785,22.639,14.316,14.156,-32.073,-14.776,-5.834,19.714,27.639,20.857,18.097,27.569,19.167,28.897,23.134,29.014,30.645,3.026,16.067
"2087-06",-2.351,6.619,22.179,20.516,9.225,15.693,25.016,27.178,27.604,22.917,19.974,4.593,12.777,15.629,26.737,23.779,11.661,16.982,18.551,21.495,28.895,32.905,28.556,24.633,18.33,19.31,26.488,5.507,8.956,12.493,17.009,26.041,13.459,20.648,34.592,30.667,28.257,26.988,19.19,13.001,13.302,-32.889,-18.621,-1.338,18.653,28.07,22.2,16.98,26.975,21.006,28.46,21.528,29.695,29.757,2.101,16.746
"2087-07",1.618,9.256,25.214,22.641,10.311,18.923,27.553,27.7,28.415,23.003,20.642,3.004,12.576,15.12,27.307,23.217,12.78,18.08,21.594,24.851,27.756,33.386,27.276,24.029,17.605,18.293,25.763,6.394,11.452,16.647,20.263,28.97,15.603,23.219,35.677,28.68,27.646,25.197,15.742,11.087,11.653,-34.804,-22.81,0.283,17.914,27.904,23.434,16.084,26.239,22.827,27.72,20.6,27.588,28.471,1.038,16.931
"2087-08",0.468,8.968,24.391,21.791,8.887,19.799,28.236,28.167,29.158,23.927,22.876,4.282,12.51,14.451,29.27,23.949,11.709,17.152,17.321,25.448,26.848,33.118,27.16,24.177,17.56,18.546,25.786,4.722,11.019,13.346,16.686,28.57,15.622,23.321,35.02,27.682,27.394,25.812,16.739,10.909,11.535,-32.766,-23.04,-0.384,17.475,27.616,24.132,15.316,25.709,23.863,27.433,20.166,26.665,28.248,0.397,16.758
"2087-09",-4.165,4.214,21.304,19.005,3.355,16.612,27.626,28.157,29.356,24.253,27.307,5.115,13.016,16.704,31.175,26.332,8.06,15.287,14.472,23.353,26.908,32.116,27.597,25.24,19.913,20.47,26.312,0.827,7.408,7.336,11.851,25.11,11.852,21.081,32.894,27.098,27.244,26.911,21.671,11.91,11.683,-33.794,-23.803,-4.66,17.412,27.087,24.151,15.437,25.872,23.606,27.398,19.776,26.78,28.188,0.125,16.163
"2087-10",-8.4,-2.13,16.346,13.906,-3.012,9.746,24.446,27.036,28.792,23.04,27.546,5.869,12.712,16.639,31.353,28.178,5.617,10.679,5.054,18.598,27.494,28.417,27.2,25.685,21.389,22.489,26.167,-8.243,-1.299,-0.657,5.781,19.224,6.637,16.71,28.235,24.535,27.213,28.858,24.458,12.58,11.771,-30.687,-20.072,-8.981,17.933,27.033,23.112,16.012,26.507,22.29,27.611,20.246,27.047,28.23,0.698,15.112
"2087-11",-12.818,-7.025,7.04,8.852,-7.347,2.913,19.839,26.798,27.859,22.925,27.499,6.922,14.72,19.418,30.462,27.86,1.915,8.205,4.503,14.707,26.928,23.425,26.72,26.149,23.453,24.043,25.959,-14.662,-9.378,-6.521,0.803,10.77,-1.51,11.333,22.329,20.371,27.022,29.896,28.688,14.515,13.154,-22.849,-13.977,-16.74,18.797,26.669,21.904,16.969,27.229,20.637,27.92,21.576,27.44,27.171,2.415,14.353
"2087-12",-15.544,-14.425,4.446,4.848,-20.5,1.982,17.316,25.631,26.699,22.943,25.087,8.863,16.104,21.133,28.604,27.775,2.342,0.997,-5.049,9.23,25.484,19.582,26.036,26.364,24.032,24.326,25.809,-24.165,-13.738,-19.481,-12.908,4.109,-6.528,7.145,19.003,16.865,27.321,30.454,30.923,16.207,14.765,-18.703,-9.107,-22.209,20.075,26.927,20.475,18.228,27.843,19.039,27.861,23.073,26.484,26.342,4.258,13.349
"2088-01",-19.073,-22.194,2.04,0.972,-17.169,1.916,16.081,25.004,25.713,22.982,24.718,9.483,16.886,22.616,27.872,26.891,3.301,1.616,-6.124,7.52,23.773,16.719,25.929,26.219,24.728,24.613,25.674,-19.724,-13.716,-19.552,-12.518,-1.083,-9.726,3.896,16.047,15.247,27.011,28.913,31.618,17.983,16.313,-18.557,-8.058,-21.377,21.423,26.703,19.412,19.975,27.671,17.724,27.924,24.211,25.539,26.511,5.786,13.215
"2088-02",-20.37,-18.254,5.035,2.359,-20.096,2.145,16.683,25.469,25.177,23.638,23.776,9.8,17.4,22.783,28.357,26.056,0.787,4.414,-8.805,10.389,25.88,19.074,25.687,25.699,24.148,25.358,25.735,-19.237,-12.494,-19.778,-13.968,0.783,-11.03,3.768,17.068,16.465,27.227,29.288,31.417,19.733,16.688,-21.784,-9.444,-21.462,21.886,26.935,19.028,20.707,27.201,17.086,27.698,24.88,25.364,26.344,6.128,13.422
"2088-03",-15.537,-13.773,8.305,5.222,-10.422,5.749,17.598,25.979,25.469,23.869,23.185,10.291,17.301,22.148,28.381,26.079,5.147,8.607,2.883,12.583,29.981,24.496,27.976,26.151,24.812,24.59,28.25,-15.576,-10.817,-10.573,-2.528,8.223,-3.817,6.712,22.192,21.965,27.659,29.848,28.512,18.105,16.011,-25.332,-14.02,-19.003,21.746,27.145,19.142,20.75,27.539,17.329,27.894,24.824,25.749,28.198,5.632,14.505
"2088-04",-12.826,-5.642,12.816,10.787,-5.594,7.319,19.932,26.813,25.884,23.686,23.166,7.731,15.574,19.489,27.991,25.447,6.058,12.526,10.867,15.734,30.441,27.991,28.87,26.047,23.411,23.186,27.97,-7.583,-1.817,0.6,8.62,15.664,4.061,12.912,27.328,27.201,27.96,28.507,25.951,16.496,15.176,-29.299,-15.09,-15.334,20.98,27.501,19.832,19.575,27.866,18.082,28.348,24.038,27.023,30.069,4.386,15.481
"2088-05",-5.465,1.924,15.643,14.505,3.913,11.514,22.58,27.363,26.908,22.968,22.398,5.854,14.008,17.398,27.362,24.914,9.647,14.867,17.176,18.205,29.837,30.124,29.829,26.246,20.992,21.661,27.951,-0.074,3.611,7.524,13.145,20.652,8.732,16.661,31.057,30.461,27.953,25.718,18.662,13.674,13.179,-31.237,-19.387,-5.259,19.829,27.609,21.048,18.457,27.894,19.274,28.601,22.871,28.306,30.209,3.329,16.195
"2088-06",-1.382,7.225,22.491,18.257,9.753,13.169,25.632,27.152,27.831,21.662,20.625,5.128,12.029,14.825,26.725,23.46,11.258,18.653,19.015,22.846,28.29,32.707,29.047,25.261,18.591,20.174,26.869,6.488,9.701,12.731,19.264,24.962,13.825,19.874,35.259,31.428,27.78,24.548,17.307,12.675,12.548,-32.159,-21.332,-0.595,18.73,27.219,22.143,17.12,27.118,21.08,28.311,21.286,29.715,30.01,1.936,16.755
"2088-07",1.501,10.678,24.204,22.328,9.509,18.677,27.032,27.28,28.591,21.247,21.065,4.267,11.56,14.497,27.226,23.2,13.66,19.454,20.556,25.141,27.08,32.768,25.758,24.127,17.914,18.624,25.456,6.819,12.741,14.934,18.175,28.296,16.198,23.069,35.034,29.648,27.721,24.726,16.32,10.931,11.833,-34.509,-26.706,0.203,17.901,26.784,23.263,16.198,26.393,22.74,27.455,20.383,27.764,28.422,0.93,16.801
"2088-08",-0.106,8.904,23.773,21.659,8.907,19.107,27.825,27.275,28.993,21.926,24.484,3.464,11.402,14.652,29.29,24.804,12.888,20.163,21.99,26.565,27.46,33.034,27.514,24.752,18.731,19.65,26.661,5.176,10.086,11.037,19.194,28.052,14.954,22.762,35.034,28.067,27.289,25.694,17.335,10.752,11.213,-34.654,-27.943,-0.592,17.415,26.178,23.852,15.685,26.149,23.79,27.299,19.977,26.349,28.031,-0.244,16.606
"2088-09",-4.258,5.143,20.35,18.423,3.717,14.553,26.399,27.289,29.083,22.223,25.495,3.644,12.421,15.832,30.042,26.574,11.21,17.928,16.149,23.067,27.101,31.291,27.861,25.445,20.971,21.275,26.251,1.57,7.263,7.934,12.332,23.542,10.56,21.284,32.481,27.02,27.399,26.781,20.976,11.52,11.519,-31.37,-18.657,-3.712,17.389,25.785,23.803,15.36,26.654,23.248,27.385,19.824,26.895,28.354,-0.096,16.145
"2088-10",-7.099,1.769,14.98,14.368,-4.109,10.784,23.643,26.648,28.585,22.252,26.604,5.681,12.746,17.24,29.963,28.507,7.386,12.515,7.81,18.5,27.324,27.97,26.793,25.538,21.365,22.512,25.949,-6.448,-1.419,-2.944,3.542,16.636,2.786,15.452,27.308,24.379,27.349,28.542,23.878,12.099,12.943,-30.841,-19.23,-8.584,17.96,25.904,22.947,16.14,26.88,22.228,27.264,20.194,26.379,27.985,0.903,15.011
"2088-11",-13.818,-7.678,6.869,8.792,-10.521,5.231,19.225,25.583,27.639,21.957,26.08,5.839,14.051,19.732,28.071,27.722,5.197,7.978,1.915,12.788,26.342,21.518,26.025,25.954,22.312,23.249,25.17,-14.578,-9.84,-10.101,-3.127,10.229,-2.669,9.899,21.646,20.247,27.013,28.81,26.755,13.931,14.341,-23.422,-12.414,-18.469,18.704,25.685,21.758,17.185,27.416,20.666,27.508,21.281,27.083,27.703,2.415,13.911
"2088-12",-16.418,-17.67,-0.866,1.562,-10.545,-0.896,15.797,25.058,26.674,22.261,24.357,7.397,15.143,21.256,26.531,27.167,-0.351,3.457,-5.096,10.247,23.724,17.524,24.529,25.372,23.193,24.098,24.144,-20.161,-11.912,-16.11,-8.107,7.094,-7.048,5.569,17.379,16.768,26.617,29.992,29.866,16.181,15.681,-18.077,-10.058,-21.447,20.03,26.02,20.535,18.542,27.457,18.901,27.695,22.731,26.498,26.877,4.176,13.249
"2089-01",-17.925,-21.41,1.45,2.162,-17.661,0.907,15.232,24.552,25.644,22.734,23.264,9.106,16.178,22.565,26.386,25.812,-0.319,4.99,-4.629,9.951,22.425,16.02,23.399,24.985,24.168,24.906,23.352,-25.69,-15.968,-20.733,-10.863,3.687,-8.702,3.834,14.244,16.057,26.694,30.041,31.939,18.676,16.375,-17.141,-8.158,-23.265,21.108,26.169,19.344,19.914,26.977,17.789,27.557,24.067,24.918,26.425,5.591,13.062
"2089-02",-17.562,-17.282,4.521,1.604,-19.027,3.784,16.587,24.926,24.764,23.255,23.29,9.387,16.55,22.628,27.436,25.647,-1.366,4.829,-5.525,11.546,26.072,20.154,24.77,25.029,24.664,24.535,25.629,-20.983,-14.34,-18.914,-12.587,4.812,-8.111,3.338,17.308,18.208,26.684,29.131,31.029,19.52,16.557,-19.572,-8.558,-22.08,21.685,26.458,18.754,20.725,26.876,16.993,27.565,24.196,24.749,26.819,6.205,13.463
"2089-03",-18.375,-17.265,8.662,5.319,-11.156,7.45,18.467,25.6,25.34,22.98,21.774,8.88,16.519,21.157,27.071,25.258,2.585,6.939,2.67,12.249,29.026,22.522,27.61,25.53,24.383,24.357,27.514,-15.403,-9.824,-7.104,1.583,11.395,-0.429,7.618,22.477,23.853,27.094,28.779,27.581,17.725,15.779,-25.638,-11.89,-17.997,21.673,26.671,18.959,20.691,27.147,17.337,27.768,24.238,25.88,28.271,5.772,14.334
"2089-04",-12.118,-8.562,13.512,8.399,-5.092,9.276,20.851,26.294,25.808,23.029,22.482,8.087,15,18.836,26.661,24.843,4.398,10.613,6.623,15.321,29.862,27.628,28.644,25.685,23.126,23.78,27.731,-9.945,-3.357,1.326,5.045,17.623,5.711,13.385,27.737,28.663,27.379,27.708,21.917,15.01,15.501,-30.486,-15.388,-16.455,20.94,26.709,19.906,19.549,27.406,17.742,28.141,23.834,27.463,29.683,4.544,15.092
"2089-05",-6.361,1.761,17.465,15.128,4.422,11.004,22.835,26.963,26.566,22.767,21.589,4.275,13.599,17.395,26.38,23.946,9.324,13.459,16.888,18.157,29.176,30.134,29.006,25.089,20.934,21.573,27.076,-0.518,3.64,7.209,13.386,21.799,10.179,15.972,31.619,30.334,27.833,26.557,19.746,14.201,13.65,-33.732,-18.099,-6.105,19.552,26.802,20.912,18.331,27.138,18.759,28.477,22.614,29.257,30.099,3.195,15.926
"2089-06",-1.99,6.474,22.472,19.754,8.322,15.42,26.272,26.718,27.546,21.873,20.71,2.805,11.134,14.239,26.668,22.981,13.669,16.253,17.867,21.351,28.675,33.124,27.649,23.736,18.953,19.812,26.33,6.465,10.388,13.802,16.563,27.395,14.751,19.946,34.748,29.703,27.27,24.305,15.665,11.976,12.766,-34.14,-18.322,-0.684,18.508,26.616,22.159,16.892,26.708,20.893,27.523,20.989,28.065,28.565,2.341,16.469
"2089-07",1.533,10.697,25.423,20.647,11.118,18.542,27.701,26.663,28.308,20.943,21.279,3.257,10.444,13.726,27.203,22.865,14.925,16.821,20.999,24.864,27.258,33.256,26.528,23.088,18.626,19.8,25.691,9.724,12.805,17.464,19.927,30.787,16.317,22.62,35.96,28.063,27.117,23.977,14.419,10.774,11.275,-36.898,-25.293,0.352,17.821,26.305,23.301,16.227,26.247,22.292,26.843,20.226,26.547,28.477,0.81,16.675
"2089-08",-0.433,9.141,24.594,21.589,9.247,18.822,27.276,27.163,28.963,21.735,23.247,3.593,11.253,14.599,29.164,24.039,13.093,17.994,20.787,25.054,26.205,31.991,25.988,23.683,19.226,19.873,25.326,6.534,12.039,13.073,18.625,29.293,15.359,23.339,34.591,27.191,27.152,25.022,17.851,11.324,11.236,-35.737,-25.712,-0.435,17.393,26.229,23.918,15.494,25.991,23.198,26.69,19.765,26.348,28.338,-0.214,16.531
"2089-09",-4.21,4.289,19.329,18.256,4.287,15.398,26.392,27.561,29.088,22.425,25.318,4.576,12.774,16.779,30.125,25.503,11.245,17.344,15.787,22.782,27.109,30.71,27.198,24.847,21.129,21.672,26.276,2.253,7.029,8.445,12.704,23.741,10.273,19.797,32.118,26.725,27,26.441,20.209,11.648,12.458,-37.188,-27.973,-3.748,17.429,26.115,23.973,15.674,26.386,22.888,26.896,19.712,26.097,27.877,-0.093,15.866
"2089-10",-9.195,-2.001,13.88,12.202,-1.155,10.255,22.942,25.913,28.053,21.795,25.855,6.191,12.629,17.068,28.99,27.532,6.408,11.774,9.149,18.658,26.984,27.865,26.47,25.399,22.636,23.396,25.992,-5.832,0.249,0.397,5.683,16.929,3.647,15.731,27.46,23.542,27.08,28.602,25.019,13.065,13.189,-31.608,-21.392,-10.193,17.931,26.009,22.861,16.105,26.784,21.45,27.11,20.063,25.966,27.723,0.946,14.923
"2089-11",-13.67,-9.159,7.233,6.459,-11.416,5.102,19.181,25.748,26.937,22.227,25.055,6.425,14.117,19.373,27.814,27.545,3.168,6.96,2.388,12.952,25.963,21.43,26.185,25.982,22.621,24.142,25.507,-12.797,-8.561,-12.716,-4.705,10.445,-2.634,9.533,21.846,20.094,27.037,29.733,28.08,15.265,13.898,-25.59,-14.826,-15.974,18.637,26.118,21.801,17.371,27.215,19.717,27.523,21.519,26.755,27.643,2.213,13.783
"2089-12",-15.998,-17.105,1.981,1.346,-15.681,2.841,17.056,24.682,25.401,22.333,23.615,8.433,15.569,21.325,26.544,26.505,-0.486,4.597,-1.568,11.184,24.325,18.802,25.111,25.611,24.356,24.697,24.354,-19.31,-12.732,-18.246,-9.239,5.031,-8.073,4.338,17.483,17.302,26.431,29.245,27.018,16.907,15.651,-20.378,-9.55,-20.077,19.825,26.363,20.402,18.604,27.544,18.358,27.207,22.943,26.442,26.854,4.019,13.125
"2090-01",-19.056,-20.794,2.292,-1.627,-20.291,2.418,16.13,24.704,25.014,22.743,23.483,10.021,17.641,23.491,26.754,25.166,-0.813,1.723,-9.473,8.717,23.379,16.864,24.831,25.924,24.708,25.611,24.898,-21.834,-14.194,-19.465,-13.66,1.569,-8.806,3.789,15.983,16.241,26.421,28.684,29.558,18.996,16.403,-18.541,-8.014,-24.252,20.784,26.303,19.181,20.261,27.243,17.131,27.379,24.249,25.332,26.307,5.531,12.943
"2090-02",-19.16,-20.622,5.094,2.738,-20.969,3.263,16.928,25.05,24.735,23.68,22.636,9.03,16.89,22.272,26.567,24.65,-2.754,4.237,-1.743,10.994,26.245,19.942,25.29,25.309,24.896,25.505,25.375,-25.093,-15.317,-19.629,-9.427,6.752,-7.722,5.434,17.199,17.486,26.665,29.348,29.625,19.215,16.874,-21.828,-9.662,-23.928,21.64,26.547,18.826,20.985,26.921,16.783,27.616,25.104,25.347,26.758,5.978,13.303
"2090-03",-18.541,-15.637,11.246,4.475,-16.502,6.568,19.064,25.772,24.92,24.445,22.789,8.754,16.473,21.2,27.682,25.412,1.476,6.165,2.785,12.303,29.206,22.751,26.923,25.213,23.684,24.085,27.074,-17.624,-9.966,-10.434,-1.757,11.886,-2.518,8.109,21.398,22.478,27.341,28.796,26.42,17.673,17.227,-27.133,-12.383,-21.167,21.488,26.96,19.147,20.416,27.104,16.849,27.546,24.694,25.277,27.971,5.559,14.071
"2090-04",-11.888,-5.832,11.207,9.187,-6.198,6.886,20.376,26.515,25.678,23.719,22.505,7.716,15.343,19.266,27.15,25.333,4.38,9.344,10.525,14.819,30.37,27.756,28.788,25.879,22.855,23.737,28.339,-7.653,-3.681,-2.029,6.735,18.261,4.911,12.386,27.267,27.215,27.32,27.321,22.785,16.723,15.342,-31.397,-16.506,-13.043,20.766,27.19,19.651,19.759,27.637,17.706,27.408,23.674,26.205,29.274,4.353,15.113
"2090-05",-6.113,0.964,17.334,14.273,4.966,11.321,22.482,27.4,26.625,23.205,21.468,4.269,13.207,16.967,26.53,24.235,9.201,13.341,14.482,17.204,29.318,29.88,28.942,25.731,20.309,21.646,27.522,0.22,2.919,7.35,12.989,22.137,8.384,16.701,31.038,30.077,27.676,26.393,19.983,14.746,14.087,-32.347,-17.27,-5.313,19.618,27.382,20.729,18.453,27.201,18.799,28.103,22.632,28.279,30.249,3.116,15.93
"2090-06",-0.772,6.993,21.273,18.352,9.371,16.031,25.533,27.556,27.698,22.111,19.964,3.943,11.972,14.017,26.342,23.284,11.041,16.75,18.418,22.117,28.807,32.423,28.605,24.663,18.519,20.011,26.585,6.954,9.287,13.305,18.477,25.852,14.25,20.257,34.667,29.852,27.581,24.761,16.077,12.204,12.179,-33.803,-21.474,-0.706,18.338,27.367,21.898,16.822,26.779,20.652,27.811,21.482,28.977,29.398,2.028,16.486
"2090-07",0.732,9.67,24.762,22.659,9.839,17.868,27.159,27.342,28.345,21.914,19.547,3.966,11.038,13.828,26.864,22.688,13.301,17.85,20.69,24.918,27.539,33.01,27.248,24.119,17.954,19.478,26.281,9.569,11.95,16.914,21.769,30.362,16.457,23.133,35.725,28.354,27.044,23.202,15.195,12.446,12.257,-33.073,-24.774,0.001,17.661,26.833,23.142,15.943,25.909,22.266,27.333,20.683,27.18,28.352,0.691,16.768
"2090-08",-0.286,7.811,24.265,21.309,6.705,18.022,27.413,27.252,28.725,22.403,21.794,4.063,11.994,14.36,28.596,22.983,12.052,16.91,18.184,24.799,26.696,32.225,26.692,24.294,18.713,19.118,25.854,6.966,10.765,14.243,18.658,29.072,15.933,23.878,34.943,27.614,26.951,24.64,17.443,11.347,11.497,-36.512,-27.497,-0.448,17.177,26.628,23.813,15.38,25.499,23.386,27.208,19.939,26.495,28.346,0.246,16.394
"2090-09",-4.016,3.49,19.952,18.368,3.28,14.745,26.376,27.409,28.738,22.707,24.679,4.265,11.862,16.21,29.604,25.082,10.778,16.874,12.936,22.829,26.988,30.618,27.49,25.185,20.314,21.322,26.178,1.116,5.215,6.86,12.267,23.569,11.318,20.424,31.862,26.805,26.89,25.945,21.268,12.578,12.016,-34.314,-26.343,-2.929,17.257,26.192,23.924,15.588,25.87,22.617,27.38,19.82,25.895,28.208,-0.415,15.778
"2090-10",-7.972,-1.97,14.444,13.206,-4.458,10.814,24.178,26.716,28.475,22.449,26.351,6.194,12.76,17.053,30.156,27.061,6.654,12.553,6.047,18.104,27.69,28.11,26.61,25.675,21.901,23.047,26.088,-5.74,0.286,0.988,4.822,16.996,3.538,15.535,27.262,23.944,26.807,27.637,24.385,13.302,12.195,-31.117,-19.916,-10.002,17.855,26.373,22.836,15.871,26.456,21.667,27.443,20.467,26.571,27.661,1.264,14.931
"2090-11",-13.27,-8.392,9.677,6.951,-10.393,8.37,20.632,25.064,26.936,21.721,24.703,7.108,14.081,19.482,28.013,26.84,4.176,8.961,3.06,14.396,27.188,23.315,26.359,26.113,22.518,24.343,25.725,-15.517,-8.913,-8.093,-0.425,10.648,-3.072,9.822,22.108,20.513,26.597,29.186,27.999,14.903,13.788,-26.202,-15.944,-19.411,18.612,26.101,21.749,17.13,27.193,19.749,27.455,21.474,27.311,27.137,2.495,13.922
"2090-12",-15.992,-16.346,2.287,2.523,-17.933,2.574,17.219,24.635,25.813,22.271,23.816,7.686,15.435,21.505,26.601,26.361,2.843,6.715,-2.158,11.425,23.317,17.612,24.372,25.152,23.974,24.856,23.586,-20.963,-13.825,-18.132,-9.548,4.291,-10.941,4.591,17.134,14.678,27.039,29.93,29.932,18.038,15,-19.625,-8.69,-21.243,19.996,26.566,20.359,18.544,27.373,18.242,27.636,22.823,26.125,25.964,3.945,13.12
"2091-01",-16.155,-17.189,1.989,-0.821,-14.413,3.717,17.081,24.506,24.835,22.918,24.175,8.499,16.146,23.047,26.553,26.205,-3.623,2.591,-6.244,10.763,23.24,17.546,23.381,24.926,24.324,24.831,23.868,-23.625,-15.658,-22.069,-11.336,3.892,-12.288,1.374,15.43,13.861,26.535,29.584,30.362,19.813,16.746,-18.436,-8.487,-21.051,21.233,26.631,19.096,20.071,26.862,17.056,27.125,23.6,24.732,25.529,5.468,13.012
"2091-02",-18.946,-19.607,0.107,2.115,-16.309,1.787,16.339,24.806,24.754,23.057,23.075,8.788,16.248,22.41,27.407,25.779,-3.298,1.775,-4.925,11.426,26.478,20.79,25.437,24.743,23.563,24.303,25.86,-23.215,-14.409,-17.883,-8.884,7.576,-7.289,4.408,18.594,17.874,26.154,29.215,29.948,20.205,18.106,-21.71,-9.337,-23.753,21.911,26.591,18.717,20.559,26.639,16.982,27.074,24.211,24.494,25.797,6.019,13.323
"2091-03",-17.311,-14.341,5.328,4.817,-11.262,4.561,17.688,25.296,24.766,23.135,23.09,8.792,16.041,20.665,27.467,25.968,1.255,8.532,-0.895,13.563,29.314,23.356,26.957,25.072,23.145,23.922,27.042,-18.482,-9.684,-10.282,-2.4,9.613,-0.7,8.785,22.636,23.536,26.777,28.817,27.524,18.337,17.534,-27.567,-13.213,-19.526,21.735,26.857,19.084,20.321,26.963,17.056,27.256,24.352,25.579,27.614,5.515,14.105
"2091-04",-14.703,-6.046,14.354,10.497,-4.785,8.083,20.182,26.478,25.597,23.104,22.375,6.446,15.083,19.235,27.265,25.55,4.658,11.155,10.101,14.928,29.759,26.529,29.058,25.755,21.679,22.821,27.883,-6.456,-4.475,1.729,8.92,15.219,5.762,12.584,27.31,28.155,27.168,27.93,25.083,17.24,15.988,-30.969,-17.444,-15.346,20.855,27.028,19.658,19.537,27.333,17.773,28.113,23.888,27.429,29.63,4.435,15.188
"2091-05",-6.016,1.965,16.827,14.573,6.443,12.008,23.084,26.857,26.577,22.798,21.629,4.106,13.64,16.652,26.276,24.979,7.797,13.121,17.344,18.046,28.678,29.85,28.749,24.901,19.365,20.051,26.614,1.454,3.205,8.754,17.225,22.972,10.127,15.878,31.484,30.356,27.761,26.392,20.1,14.171,14.147,-32.676,-18.699,-3.975,19.656,27.241,20.714,17.943,26.973,18.911,28.612,22.819,29.001,30.19,3.107,16.027
"2091-06",-1.518,6.952,21.232,19.44,9.669,15.3,25.47,27.201,27.582,22.9,20.802,2.459,11.805,15.314,26.785,23.953,12.882,17.813,17.208,21.864,28.559,32.205,28.01,23.486,17.775,18.662,26.127,7.451,8.354,14.218,16.238,26.783,14.421,20.074,34.211,30.174,27.521,23.883,16.33,12.718,12.479,-31.54,-17.894,-0.784,18.692,27.629,22.186,16.853,26.815,20.646,27.696,21.714,28.365,29.145,2.075,16.654
"2091-07",0.68,11.788,24.143,22.4,10.061,17.544,26.911,27.261,28.243,21.971,20.434,3.237,10.612,13.467,27.388,23.573,13.476,20.146,20.588,25.814,27.823,33.215,27.496,23.443,17.35,18.156,26.275,10.905,12.721,17.303,21.184,29.017,16.587,22.495,35.809,28.437,27.035,23.514,14.41,11.43,11.737,-33.206,-23.746,0.29,17.786,27.216,23.238,15.978,26.326,22.332,27.111,20.684,26.482,28.604,1.086,16.885
"2091-08",-0.155,9.561,22.668,21.466,9.997,17.737,27.361,27.629,29.002,22.352,22.081,2.927,11.275,14.623,29.298,24.446,12.761,19.849,20.452,26.298,26.701,33.253,27.562,24.136,18.212,19.467,26.071,7.791,12.005,14.604,18.325,28.763,15.373,23.005,35.339,27.77,26.707,24.076,17.534,11.725,11.548,-34.558,-25.657,-0.035,17.143,26.626,23.902,15.547,25.98,23.476,27.096,20.23,26.133,28.651,0.04,16.686
"2091-09",-4.244,5.31,18.494,18.366,4.412,15.485,25.829,27.27,29.056,22.846,24.471,4.552,12.057,15.226,30.679,26.505,8.774,16.917,15.138,23.811,26.346,31.917,27.743,24.955,19.258,20.908,25.905,2.361,9.315,8.648,11.295,24.708,10.871,20.202,32.621,26.877,26.797,26.27,22.171,12.259,11.994,-33.701,-26.654,-3.37,17.11,26.788,23.757,15.419,25.949,23.073,27.202,20.091,26.586,28.749,0.177,16.074
"2091-10",-7.81,-0.383,13.326,12.685,-2.212,10.762,23.803,27.094,28.741,23.281,26.49,5.228,13.582,17.159,30.373,27.527,7.92,13.631,8.399,19.049,26.979,27.859,26.901,25.671,20.897,22.411,25.634,-6.982,-1.291,-4.036,1.917,17.05,3.888,15.252,28.038,25.103,26.732,27.388,24.182,13.328,12.375,-30.477,-20.684,-7.542,17.59,26.579,23.126,15.707,26.064,21.821,27.367,20.822,26.499,28.018,0.986,15.018
"2091-11",-12.876,-6.593,7.124,7.556,-7.93,6.2,19.932,25.722,27.448,22.964,26.694,6.148,14.25,19.685,29.332,27.907,2.942,7.219,1.544,14.204,26.073,22.445,26.105,25.875,22.792,24.196,25.358,-17.008,-11.446,-13.213,-3.489,10.398,-3.081,10.192,22.684,21.029,27.181,29.09,27.245,14.684,13.466,-23.917,-13.44,-14.011,18.483,26.964,21.706,17.235,26.816,20.099,27.702,21.791,27.279,27.944,2.585,14.072
"2091-12",-14.217,-11.07,2.295,1.735,-9.911,4.394,16.766,24.324,25.996,23.122,25.087,7.11,15.364,21.891,27.742,27.651,-1.654,2.431,-10.571,10.262,23.98,18.285,25.294,25.711,23.257,24.898,24.713,-23.429,-16.336,-22.801,-13.782,5.474,-6.72,4.517,17.68,17.67,27.026,29.819,30.614,16.683,15.517,-18.037,-8.244,-16.566,20.035,27.375,20.293,18.715,27.367,18.445,27.722,22.765,26.708,27.134,4.368,13.416
"2092-01",-18.266,-16.311,0.623,1.288,-22.943,1.79,15.839,23.911,24.664,23.585,23.487,9.392,16.46,22.601,27.423,27.097,-1.461,1.935,-13.717,9.532,23.141,17.393,24.107,25.309,24.055,25.102,23.865,-25.48,-15.376,-24.692,-16.47,3.456,-8.58,3.033,15.658,16.61,26.675,29.324,30.174,17.495,16.279,-17.481,-6.895,-25.067,21.277,27.409,19.018,19.674,27.145,17.311,27.604,24.221,25.845,26.603,5.794,12.954
"2092-02",-21.307,-19.725,0.559,1.513,-19.433,-0.721,16.059,25.139,25.225,24.336,23.871,9.014,16.328,22.734,28.221,26.49,0.205,6.05,-4.867,12.719,26.163,21.161,25.687,25.533,23.911,25.104,25.685,-20.998,-15.085,-20.596,-10.652,6.362,-7.451,3.032,18.753,19.354,26.932,29.363,29.824,19.044,17.808,-21.233,-9.545,-26.963,22.06,27.64,18.603,20.572,27.253,16.814,27.729,25.052,25.467,27.042,6.132,13.448
"2092-03",-18.886,-16.198,6.699,3.269,-12.376,6.362,17.307,25.779,24.82,24.288,23.875,7.831,16.061,21.335,28.797,26.906,2.884,7.135,4.991,11.718,29.047,23.492,28.61,26.319,23.757,24.565,28.064,-15.185,-11.547,-10.401,-0.89,9.725,-1.922,7.151,22.673,22.333,27.324,28.611,27.213,17.703,17.584,-27.448,-12.784,-21.878,21.804,27.773,18.691,20.488,27.595,16.737,28.288,24.946,26.574,28.89,5.671,14.252
"2092-04",-13.207,-8.452,11.467,7.537,-2.974,9.576,20.088,26.786,25.502,23.562,22.598,7.749,14.914,19.548,28.573,26.793,5.747,10.25,13.176,14.157,31.187,27.994,29.345,26.802,22.675,23.652,29.052,-7.638,-2.822,1.045,8.811,15.523,5.372,14.035,26.179,26.457,28.259,28.162,24.842,16.865,15.516,-28.755,-15.668,-15.431,20.857,28.038,19.698,19.319,28.149,17.388,29.182,24.5,27.695,30.705,4.56,15.458
"2092-05",-5.826,1.245,16.879,13.074,5.64,11.09,22.51,27.293,26.713,22.603,21.503,5.213,12.797,16.625,27.557,25.508,9.397,13.743,14.146,17.398,29.878,30.606,29.775,26.5,20.07,21.461,28.295,-0.471,3.196,8.317,11.935,21.34,9.011,17.038,31.535,30.879,28.224,26.543,19.59,14.122,13.887,-29.769,-19.289,-5.049,19.79,27.71,20.853,18.086,27.539,18.527,29.193,23.314,29.683,31.341,3.199,16.21
"2092-06",-1.675,7.356,20.463,18.221,10.73,15.302,25.541,27.064,27.811,21.844,20.35,3.761,12.006,13.917,26.733,24.126,12.488,16.586,19.415,22.367,29.618,32.348,29.14,25.118,18.234,19.892,26.598,7.1,10.104,14.695,19.121,25.285,13.64,19.486,34.007,30.18,27.875,24.853,16.393,12.123,12.374,-30.975,-20.682,-0.264,18.588,27.173,21.929,16.488,26.748,20.574,28.666,22.222,29.788,29.993,2.303,16.733
"2092-07",0.575,11.063,24.88,22.038,10.357,18.671,26.948,27.211,28.276,21.401,20.107,3.221,11.251,13.942,27.206,24.041,13.911,18.443,22.186,24.402,28.174,32.69,27.312,24.552,17.311,19.362,26.116,9.806,11.836,16.041,21.107,28.969,15.765,22.836,35.51,28.772,27.337,23.613,15.111,11.444,11.318,-35.853,-23.504,0.461,17.721,26.398,23.26,16.167,26.309,22.225,27.93,20.942,27.792,28.96,1.227,16.802
"2092-08",-0.883,9.025,25.28,22.017,10.266,19.274,27.271,27.412,28.731,22.32,23.499,3.8,11.698,15.319,29.409,24.571,13.712,18.487,22.932,24.474,26.908,32.365,27.331,25.083,18.385,20.978,25.947,6.799,11.737,13.341,19.206,29.51,14.451,22.491,34.909,28.01,26.931,23.816,16.357,11.495,11.281,-33.789,-26.132,-0.257,17.141,25.734,24.087,15.333,25.651,23.096,27.776,20.412,26.91,28.415,0.392,16.636
"2092-09",-2.512,4.627,18.555,18.07,4.778,14.948,25.708,27.28,28.804,22.85,26.545,3.666,12.484,16.445,30.504,26.393,8.402,14.207,12.452,22.347,27.054,31.506,27.452,25.501,19.869,21.613,25.892,2.023,6.479,7.467,13.462,24.985,10.954,19.588,32.087,26.476,26.783,25.237,20.245,12.325,11.753,-35.214,-24.573,-3.614,17.438,25.828,23.863,15.19,25.712,23.117,27.455,20.201,27.082,27.888,-0.239,15.817
"2092-10",-8.844,0.095,12.614,11.477,-0.009,10.922,22.799,26.228,27.954,21.927,25.621,5.995,12.954,18.009,29.496,27.92,7.696,12.746,8.445,18.255,26.984,27.681,26.104,25.502,21.501,23.343,25.441,-8.564,-1.962,-2.071,3.51,16.546,3.238,15.873,27.337,24.172,26.773,27.241,26.131,13.379,12.209,-29.683,-21.023,-9.381,17.777,25.393,22.853,15.891,26.124,21.622,27.351,20.429,26.764,28.056,0.486,14.832
"2092-11",-12.622,-8.013,6.621,9.017,-9.629,4.437,18.91,25.304,27.174,21.593,24.921,6.34,14.143,19.144,28.017,27.844,2.974,6.449,-1.309,12.091,25.975,21.491,25.049,24.962,22.527,24.274,24.795,-16.848,-10.941,-8.199,-3.353,7.489,-3.185,10.899,20.148,19.68,27.028,29.363,29.054,14.797,13.487,-24.471,-16.024,-17.455,18.833,25.749,21.582,16.799,26.642,20.104,27.722,21.673,27.407,27.788,2.106,13.743
"2092-12",-16.882,-17.442,4.608,4.571,-18.734,1.791,17.623,25.284,26.296,22.139,24.189,7.569,15.484,21.059,27.002,27.419,2.015,2.397,-5.333,8.372,23.941,17.015,23.602,24.723,23.24,24.846,23.735,-20.18,-12.028,-15.785,-7.917,1.079,-9.82,5.532,14.044,15.034,26.812,30.379,29.272,16.606,15.432,-18.324,-8.001,-23.033,20.057,25.872,20.137,17.972,26.947,18.671,27.487,23.003,25.633,26.422,4.136,13.005
"2093-01",-18.337,-17.468,-1.788,-0.833,-15.692,0.052,15.135,24.28,24.882,22.575,23.575,9.667,16.726,22.327,26.596,26.015,-1.156,4.061,-6.266,9.982,24.111,17.675,23.84,24.787,23.861,25.466,24.214,-22.14,-14.24,-19.722,-13.381,2.443,-10.092,2.637,14.973,15.369,26.337,28.877,30.238,18.945,17.284,-17.649,-8.188,-24.754,21.065,26.053,19.111,19.419,26.979,17.281,27.251,24.111,25.097,26.496,5.528,12.961
"2093-02",-16.802,-15.752,0.999,0.669,-22.698,0.725,15.888,25.171,24.975,23.218,22.834,8.884,16.785,22.056,27.021,25.428,-3.88,2.39,-7.656,11.31,25.843,20.3,23.958,24.625,23.123,24.333,24.281,-24.374,-12.221,-20.58,-13.335,6.36,-7.713,4.152,16.857,17.935,26.316,29.118,31.058,19.731,17.672,-21.125,-9.354,-22.559,21.715,26.105,18.714,20.153,26.757,16.425,27.77,24.933,24.816,26.28,5.967,13.103
"2093-03",-17.613,-11.743,7.742,6.838,-16.894,2.624,17.866,25.902,25.361,23.608,23.473,8.894,16.599,21.874,28.026,25.66,0.858,7.16,5.045,13.171,28.941,23.316,26.126,24.956,23.069,24.053,26.766,-18.408,-9.913,-9.532,0.517,10.765,-2.835,7.467,20.792,21.78,27.137,28.825,28.639,18.302,17.076,-26.82,-12.115,-25.358,21.827,26.421,18.843,20.305,27.144,16.909,27.957,24.296,24.998,28.315,5.403,14.044
"2093-04",-13.075,-5.09,11.044,9.946,-5.556,6.841,19.391,26.534,25.481,23.032,22.466,6.359,14.551,18.639,27.061,25.506,3.862,11.488,10.739,15.684,30.719,27.856,27.544,25.244,21.768,23.241,27.507,-7.628,-2.294,1.111,7.958,16.339,3.422,12.276,26.806,26.279,27.245,28.378,25.165,16.687,16.247,-29.94,-14.662,-16.234,21.017,26.723,19.48,19.424,27.749,17.565,27.644,23.541,25.953,29.554,4.467,15.075
"2093-05",-6.977,1.409,16.473,14.187,3.23,12.25,22.273,26.847,26.423,22.302,20.454,5.334,12.76,14.786,26.212,24.455,9.159,13.161,13.444,16.89,28.797,30.788,28.874,25.196,18.921,20.55,26.868,0.418,3.858,8.482,14.152,20.691,11.134,16.746,30.753,29.877,27.734,26.548,18.337,13.531,14.391,-32.144,-15.929,-5.779,19.631,26.904,20.639,17.753,27.259,18.69,28.653,22.871,28.382,30.471,3.314,15.833
"2093-06",-1.263,6.66,20.577,19.425,8.15,15.722,25.394,26.736,27.744,21.798,20.596,2.966,11.292,14.271,26.588,23.3,13.245,16.896,17.324,22.017,28.676,33.31,28.403,24.279,17.518,19.374,26.278,6.77,11.047,13.848,17.012,25.084,14.414,19.214,34.29,30.132,27.298,25.035,16.573,12.276,13.04,-33.284,-17.958,-0.974,18.702,26.752,21.78,16.439,26.703,20.635,28.211,21.649,29.065,29.435,1.897,16.487
"2093-07",0.297,9.718,23.6,20.472,9.197,17.409,26.598,26.826,28.283,21.306,21.03,3.547,10.826,13.922,27.14,22.796,13.206,17.513,20.926,24.551,27.479,33.457,26.662,23.896,17.259,18.552,25.65,9.734,13.221,16.893,22.099,28.61,16.64,22.641,35.509,28.524,27.237,24.577,15.454,11.481,11.911,-35.459,-22.291,0.113,17.636,26.523,22.866,15.499,26.163,22.165,27.627,20.652,27.656,28.989,0.997,16.627
"2093-08",-0.175,8.341,23.928,20.816,8.793,17.768,26.922,27.216,28.713,21.97,21.903,4.116,11.652,14.723,28.321,23.516,13.492,18.035,20.504,25.014,26.733,32.397,26.977,24.504,17.497,19.593,25.887,6.659,10.169,12.353,18.197,28.227,15.279,23.643,34.494,27.593,26.952,25.032,17.719,11.228,11.802,-37.281,-26.825,-0.106,17.185,26.226,23.719,15.425,25.762,22.867,27.507,20.177,26.816,28.389,0.168,16.372
"2093-09",-4.411,3.236,21.616,16.945,4.027,15.501,26.457,27.198,28.918,22.655,24.148,4.954,12.071,15.839,29.95,25.066,8.725,12.918,13.599,20.807,26.574,30.996,27.276,25.356,19.728,21.433,25.723,1.301,5.822,6.843,12.847,24.92,10.657,19.951,31.937,26.469,26.973,26.379,20.608,11.656,11.833,-34.854,-22.61,-3.397,17.107,25.96,23.654,15.138,25.675,22.79,27.347,20.03,26.601,28.211,-0.003,15.682
"2093-10",-10.018,-1.983,14.621,12.786,-2.567,11.687,23.163,26.182,28.205,22.404,27.123,5.668,13.265,18.057,29.931,27.52,5.38,10.685,8.505,17.466,26.803,27.071,26.566,25.362,20.713,22.649,25.434,-4.209,-1.275,-0.482,7.436,17.578,3.77,14.92,27.05,24.447,27.087,28.043,24.68,13.418,12.744,-31.536,-20.929,-7.727,17.788,26.086,22.807,15.86,26.035,21.84,27.508,20.259,27.198,28.168,0.534,14.824
"2093-11",-15.254,-9.396,10.692,7.877,-13.106,7.193,20.471,24.969,26.703,22.116,25.14,6.521,14.101,19.633,27.977,27.508,3.794,7.99,-0.406,14.104,25.898,22.282,25.321,25.178,22.27,23.025,24.517,-11.474,-5.692,-12.859,-3.678,9.291,-2.462,9.604,21.247,19.919,26.853,28.644,25.941,14.757,13.094,-24.506,-13.267,-15.348,18.67,26.02,21.34,16.82,26.562,20.116,27.071,21.128,26.764,27.159,2.235,13.707
"2093-12",-14.075,-13.115,4.243,3.904,-19.851,1.679,18.043,25.121,26.088,22.209,24.115,7.782,14.96,21.256,27.011,26.806,-0.915,2.84,-4.82,10.117,23.488,17.938,24.303,24.764,23.393,24.672,23.853,-20.799,-16.053,-18.739,-10.339,3.912,-10.009,4.055,16.847,15.415,26.32,29.55,29.111,16.886,15.897,-19.111,-8.726,-20.339,19.804,26.159,20.046,18.684,27.032,18.649,27.432,22.387,26.125,26.95,4.068,12.948
"2094-01",-21.397,-21.179,1.13,0.273,-18.537,0.905,16.259,24.445,24.956,22.503,23.491,8.381,15.792,22.615,26.637,26.28,-0.625,3.041,-4.655,9.204,22.979,16.314,23.826,25.16,23.733,25.018,23.672,-18.136,-13.915,-13.49,-5.761,4.326,-9.301,4.885,15.962,15.026,26.181,29.054,30.222,18.691,17.434,-18.609,-7.455,-24.723,20.8,26.234,18.902,19.888,27.086,17.547,27.475,23.954,25.515,26.433,5.634,13.096
"2094-02",-17.431,-18.843,1.56,0.82,-22.832,0.575,17.344,25.394,25.338,23.043,22.433,10.297,16.638,22.589,26.705,25.296,-4.153,3.622,-7.489,11.805,25.701,20.163,24.564,24.492,24.298,24.659,25.01,-23.477,-14.863,-17.176,-8.865,5.472,-7.53,3.964,17.571,16.259,26.277,28.644,29.987,20.394,17.577,-22.771,-8.998,-23.442,21.533,26.145,18.434,20.621,26.833,17.019,27.297,24.604,25.12,25.949,5.93,13.058
"2094-03",-20.524,-16.61,2.902,1.729,-12.276,3.364,18.094,26.345,25.106,23.623,22.876,8.745,16.38,22.084,27.535,25.882,-1.211,3.955,4.776,11.993,29.272,23.812,26.263,24.765,23.249,24.189,26.813,-15.645,-8.208,-10.02,1.827,11.992,-0.817,8.152,21.666,21.826,26.662,28.051,27.031,18.02,17.66,-28.281,-13.383,-24.684,21.48,26.682,19.044,20.732,27.172,16.782,27.235,24.431,25.263,27.226,5.393,13.904
"2094-04",-13.918,-7.436,11.755,7.992,-3.327,8.161,19.125,26.636,25.552,23.265,22.195,7.742,15.414,19.577,27.02,24.978,5.183,9.788,10.637,14.57,29.847,28.095,28.459,25.183,22.703,23.094,27.639,-9.614,-4.029,-1.086,6.407,16.871,4.479,12.431,27.918,27.237,27.34,27.246,23.852,16.613,15.356,-33.259,-18.957,-17.332,20.683,26.815,19.736,19.696,27.557,17.375,28,23.994,27.04,29.379,4.447,14.972
"2094-05",-6.642,0.965,16.702,14.832,4.642,10.571,22.769,27.155,26.596,22.913,21.407,3.824,13.371,16.646,26.522,24.146,9.481,13.957,13.421,18.352,29.264,30.548,29.156,25.217,19.968,21.345,27.253,-2.593,3.152,6.49,10.553,21.181,10.442,17.086,31.624,30.222,27.801,26.265,21.092,14.599,14.215,-34.581,-19.163,-6.958,19.583,27.248,20.677,18.466,27.323,18.708,28.715,22.917,29.17,30.1,3.077,15.829
"2094-06",-0.898,7.149,21.614,18.814,9.204,12.944,25.289,26.676,27.543,22.247,20.582,3.2,12.204,15.137,26.379,22.822,12.418,15.802,21.618,21.409,28.812,32.272,28.488,23.793,18.225,18.842,26.484,7.349,8.557,13.31,17.53,26.882,13.094,19.389,34.593,29.067,27.719,24.735,16.336,12.647,12.481,-34.571,-19.895,-0.551,18.629,27.036,21.866,16.813,26.452,20.592,27.672,21.397,28.465,28.759,1.825,16.38
"2094-07",0.848,10.517,24.497,21.305,11.075,16.433,26.642,26.939,28.47,22.113,20.881,3.115,11.139,13.576,27.284,22.52,14.271,19.108,21.019,25.078,27.464,33.072,27.455,23.796,17.033,18.348,26.039,9.468,12.478,17.434,20.369,29.283,16.665,22.181,35.597,28.307,27.065,23.462,14.864,11.576,11.942,-35.065,-23.928,0.17,17.602,27.09,22.958,15.935,26.016,22.318,27.33,20.431,27.147,28.449,0.712,16.692
"2094-08",-1.829,9.498,24.368,21.612,8.272,17.646,27.616,27.553,29.107,22.641,22.795,3.493,11.416,14.867,29.41,23.179,12.557,19.767,20.226,26.252,26.743,32.298,26.747,23.8,18.594,18.968,25.986,7.486,10.872,14.736,18.471,27.591,16.341,22.993,34.605,27.09,26.852,23.849,16.079,11.289,11.504,-35.221,-26.055,-0.533,17.127,26.48,23.597,15.31,25.907,23.1,27.11,20.071,26.389,28.016,-0.071,16.451
"2094-09",-4.076,4.955,19.155,17.936,5.217,15.923,25.759,27.355,29.232,23,26.629,4.814,12.35,16.192,31.058,25.299,9.503,15.579,14.066,22.594,26.62,31.17,27.476,24.856,20.259,20.717,26.049,2.48,6.834,8.2,11.998,23.96,11.618,19.583,31.984,26.604,26.998,25.856,19.765,11.799,12.151,-37.194,-24.525,-3.206,17.358,26.425,23.366,15.25,25.991,22.913,26.993,19.925,26.32,28.371,-0.312,15.804
"2094-10",-8.032,-0.337,14.34,13.341,-2.656,10.617,23.39,26.152,28.373,22.463,26.704,5.893,12.883,17.92,30.044,27.452,4.912,9.957,6.771,17.351,27.148,27.933,27.112,25.558,22.039,22.724,26.168,-6.83,-1.334,-1.598,4.379,16.524,2.824,15.319,26.891,23.374,26.845,27.243,23.256,13.084,12.76,-32.435,-19.508,-8.322,17.659,26.054,22.527,15.574,26.75,21.747,27.141,20.3,26.668,27.96,0.858,14.731
"2094-11",-14.533,-10.489,6.699,7.454,-10.79,6.124,19.451,24.895,27.017,22.334,24.459,7.895,14.227,18.886,27.749,27.239,3.808,5.211,-2.105,11.786,26.445,22.177,26.159,25.862,23.008,24.515,25.713,-17.101,-8.982,-10.475,-5.52,9.044,-3.131,10.207,22.333,20.466,26.82,29.002,26.38,15.246,14.262,-25.944,-14.343,-15.094,18.544,26.18,21.468,16.883,27.433,20.073,27.229,21.417,26.685,26.74,2.446,13.636
"2094-12",-15.6,-17.715,2.589,2.971,-18.948,-0.231,17.691,24.84,26.009,22.519,23.621,8.201,15.605,20.661,26.398,26.142,-1.22,2.654,-3.433,9.25,24.649,17.485,25.595,26.093,23.45,24.765,25.07,-21.502,-14.571,-20.745,-9.281,5.891,-8.876,3.764,18.523,16.581,26.404,29.56,28.507,17.094,16.335,-18.724,-8.628,-17.219,19.645,26.19,20.116,18.385,27.535,18.5,27.338,22.955,26.006,26.56,3.958,12.944
"2095-01",-17.699,-19.821,1.772,0.734,-17.855,0.91,16.54,24.336,24.554,22.808,23.259,8.933,16.443,22.238,26.802,25.375,-0.291,2.578,-6.245,9.202,24.111,17.601,24.63,25.696,24.009,24.682,24.99,-22.849,-18.219,-22.521,-11.475,1.902,-10.173,1.871,15.527,14.833,26.388,28.972,30.061,19.196,16.815,-18.12,-7.559,-22.015,20.738,26.396,19.067,19.628,27.227,17.428,27.393,23.95,25.031,26.527,5.466,12.875
"2095-02",-17.205,-15.862,-1.97,2.825,-17.365,-1.524,15.785,25.074,25.114,23.388,22.971,9.857,17.45,22.908,27.147,25.011,-7.683,-0.859,-16.34,10.932,26.585,21.113,25.561,25.227,23.9,24.702,25.604,-26.963,-14.033,-22.375,-18.594,5.242,-5.685,4.739,19.105,18.417,26.482,29.238,29.837,19.116,17.057,-21.467,-8.883,-21.405,21.801,26.408,18.823,20.235,27.05,16.882,27.364,24.632,24.931,25.963,5.948,13.093
"2095-03",-17.113,-12.864,4.782,4.763,-12.476,3.762,17.118,25.652,24.639,23.789,23.301,9.425,16.902,21.578,28.47,25.294,-0.092,3.499,-3.801,11.548,29.304,24.037,27.234,25.286,23.161,24.153,27.061,-18.562,-10.923,-11.716,-5.583,7.726,-2.897,7.924,21.736,21.482,26.938,28.395,26.537,18.51,16.488,-24.89,-12.676,-22.553,21.529,26.799,18.869,20.084,27.2,16.829,27.497,24.211,25.308,27.499,5.474,13.902
"2095-04",-11.953,-7.648,11.882,9.8,-2.124,8.406,18.532,26.266,25.204,23.603,23.187,7.705,15.906,20.522,27.831,25.426,4.843,9.481,8.049,13.803,30.033,27.717,29.055,25.847,22.41,23.636,27.952,-9.31,-5.069,-0.405,7.008,15.055,5.896,12.862,27.403,27.258,27.32,27.45,23.707,17.357,14.428,-29.937,-14.136,-14.779,20.666,27.162,19.58,19.136,27.577,17.65,28.008,23.979,26.686,29.689,4.485,15.134
"2095-05",-5.441,1.068,18.056,15.082,6.768,10.642,22.266,26.919,26.412,23.085,22.183,5.773,13.509,16.87,27.185,24.645,8.33,12.547,14.567,17.15,29.765,30.393,29.527,25.792,20.122,21.305,27.232,-1.18,1.892,6.902,13.127,22.704,10.896,15.442,30.947,30.244,27.659,25.684,19.06,14.511,14.274,-31.87,-15.596,-5.908,19.719,27.26,20.66,17.688,27.356,18.944,28.677,22.81,28.567,30.248,3.215,15.976
"2095-06",-1.472,6.502,22.54,19.246,10.864,13.298,24.895,27.045,27.525,21.916,20.276,4.943,12.191,15.562,26.769,23.344,12.894,16.956,18.355,20.959,28.725,32.643,28.326,24.487,18.387,19.424,26.503,5.844,9.597,13.73,15.595,25.955,14.238,19.457,34.634,30.065,27.571,25.175,16.255,12.244,12.799,-33.102,-18.936,-0.495,18.603,27.26,21.854,17.005,26.622,20.767,28.04,21.447,28.944,29.693,2.029,16.542
"2095-07",0.146,10.213,24.157,21.971,10.759,18.333,26.569,27.257,28.39,21.825,20.412,3.915,10.839,13.757,27.116,22.774,13.398,18.663,21.565,23.542,27.93,32.535,27.544,24.095,17.003,18.683,25.957,10.473,11.9,16.512,20.065,27.868,16.354,22.223,34.798,28.497,27.346,24.765,15.505,11.681,11.554,-34.192,-22.49,0.249,17.586,26.831,22.967,15.891,26.088,22.369,27.306,20.605,26.959,28.533,1.334,16.721
"2095-08",0.985,9.038,24.874,22.377,9.262,18.407,27.08,27.686,28.86,22.04,22.674,4.018,10.883,14.668,29.042,23.342,12.928,17.171,21.838,23.871,26.804,32.637,27.213,24.553,17.601,20.109,25.911,5.199,11.269,12.442,18.811,28.796,15.061,22.536,34.736,27.695,27.059,24.935,17.593,11.657,11.683,-34.2,-21.553,-0.448,17.212,26.386,23.768,15.399,25.788,23.403,27.348,20.113,26.57,28.299,1.073,16.648
"2095-09",-3.182,4.518,19.868,19.119,4.772,15.799,26.226,27.8,29.128,22.64,25.46,5.14,12.537,15.866,30.272,25.41,8.816,13.912,14.741,21.51,26.922,31.454,27.714,25.411,19.214,21.081,26.327,1.775,5.523,6.824,12.913,23.834,10.714,19.743,32.32,26.666,26.932,26.257,21.551,12.42,11.831,-35.729,-24.248,-4.703,17.071,26.17,23.753,15.375,25.831,23.375,27.353,19.943,26.965,28.242,0.787,15.894
"2095-10",-9.101,-2.501,13.851,14.176,-3.103,10.719,23.262,26.763,28.488,22.325,26.313,5.482,12.785,17.194,28.994,26.887,7.478,12.045,7.839,18.019,27.209,28.131,26.428,25.891,20.027,23.095,25.767,-7.871,-1.453,-0.295,3.565,17.556,3.61,15.249,27.295,23.15,26.696,27.42,23.577,12.832,12.283,-30.819,-20.387,-11.431,17.617,26.12,22.803,15.779,25.838,22.262,27.644,20.585,26.976,27.85,1.586,14.841
"2095-11",-13.579,-8.98,7.222,6.96,-10.685,4.884,19.766,25.981,27.709,22.82,26.861,6.413,13.842,19.423,29.063,27.765,3.375,6.199,-1.992,13.001,26.318,22.468,25.416,25.161,22.42,23.398,24.928,-17.164,-10.703,-13.656,-5.822,7.753,-3.847,9.882,21.282,19.897,27.237,29.227,28.135,15.44,13.761,-24.119,-13.267,-17.713,18.663,26.648,21.762,16.939,26.246,20.123,27.607,21.626,27.15,27.455,2.954,13.793
"2095-12",-19.118,-15.03,3.267,3.047,-18.811,3.151,17.062,25.067,26.277,22.388,24.833,8.054,14.969,21.356,27.003,26.897,0.839,7.154,0.455,10.867,23.086,17.039,23.721,24.913,23.453,24.547,23.528,-21.286,-16.092,-14.059,-4.487,5.493,-8.457,5.051,17.068,16.574,26.595,29.857,30.519,17.318,15.087,-19.627,-8.759,-23.594,19.943,26.392,20.188,18.667,26.914,18.401,27.382,22.777,26.087,27.051,4.425,13.195
"2096-01",-23.509,-22.537,1.385,-0.851,-14.875,2.075,16.853,24.512,25.035,23.152,24.334,9.548,16.364,22.301,27.699,26.617,-0.062,5.161,0.904,10.415,23.02,16.821,23.668,24.645,23.409,24.817,23.811,-17.825,-17.521,-14.403,-4.882,4.52,-8.956,3.28,15.512,16.401,26.145,29.426,30.655,19.239,17.136,-18.547,-6.958,-23.881,21.271,26.776,19.398,19.999,26.724,17.271,27.428,23.473,25.602,26.699,5.795,13.262
"2096-02",-21.325,-21.619,5.143,2.632,-17.775,1.956,17.357,25.014,24.859,23.157,23.883,9.169,17.096,22.869,28.199,26.485,2.156,5.053,0.505,10.659,26.49,19.935,24.834,24.86,23.265,24.823,25.46,-18.575,-12.258,-12.691,-2.627,6.937,-4.684,5.987,17.008,18.547,26.127,28.733,29.731,19.362,17.558,-21.151,-8.816,-23.071,21.729,26.851,18.893,20.823,26.664,16.884,27.175,23.881,25.076,26.001,6.216,13.655
"2096-03",-19.309,-17.551,5.622,5.617,-15.83,1.987,18.023,25.909,25.083,23.444,22.724,8.745,16.444,21.327,27.154,25.711,3.473,7.907,4.449,12.245,29.572,23.617,27.157,25.01,23.157,24.119,27.325,-13.949,-6.835,-8.178,-0.026,10.469,-0.459,9.482,22.169,23.388,26.414,27.853,28.859,18.719,17.149,-27.323,-10.884,-20.836,21.689,26.911,18.892,20.479,27.303,16.938,27.205,23.837,25.874,27.72,5.712,14.209
"2096-04",-13.146,-7.801,12.181,10.052,-6.464,6.986,19.471,26.78,25.744,23.882,22.543,7.805,14.981,19.176,27.593,25.576,5.351,10.256,11.866,15.375,29.129,28.662,28.156,25.556,22.357,23.031,27.356,-8.261,-3.699,-0.316,7.467,17.196,4.275,12.861,27.346,27.679,27.254,27.107,22.409,15.893,15.263,-31.555,-14.957,-12.813,20.855,27.107,19.571,19.533,27.375,17.523,28.294,23.891,27.595,29.394,4.532,15.145
"2096-05",-7.078,2.223,16.76,16.178,3.727,11.077,22.413,27.126,26.643,23.166,21.421,5.219,13.22,16.444,26.789,24.609,9.96,14.289,14.891,17.79,28.589,29.058,28.106,24.761,19.656,20.654,26.227,-0.752,3.225,7.347,14.051,21.591,11.185,16.856,30.995,30.086,27.942,25.631,19.157,14.272,13.951,-34.657,-16.854,-5.892,19.58,27.56,20.689,18.255,26.988,18.964,28.756,23.008,29.291,29.924,3.449,15.917
"2096-06",-1.908,6.232,21.515,20.547,8.823,14.529,25.007,27.123,27.356,23.284,20.874,3.541,12.306,15.02,27.212,23.41,14.071,17.412,19.934,22.08,29.036,32.143,28.029,23.285,18.097,19.061,26.163,7.396,9.223,12.992,18.703,27.067,13.444,20.252,34.333,29.705,27.412,24.015,15.772,12.337,12.507,-33.638,-16.535,-0.089,18.4,27.792,21.954,16.933,26.682,20.779,27.616,21.387,27.949,28.588,2.086,16.568
"2096-07",1.462,11.131,24.336,21.407,9.514,18.571,27.371,27.314,28.039,23.012,19.925,3.837,11.231,13.2,27.816,23.128,14.642,20.966,20.024,25.502,27.692,33.149,26.769,23.185,17.357,18.841,25.767,10.154,12.596,17.94,21.337,28.744,16.659,22.643,35.582,28.176,26.863,23.341,14.887,12.064,12.134,-34.811,-20.111,0.56,17.58,27.418,23.212,16.058,26.273,22.45,27.091,20.491,26.589,28.123,1.459,16.89
"2096-08",-0.701,9.431,23.941,22.127,9.112,18.244,27.085,27.85,28.923,23.352,23.664,3.689,11.552,14.912,29.433,24.585,13.675,19.606,19.616,25.722,26.612,32.806,27.428,23.891,17.315,18.816,25.745,7.52,11.691,15.252,18.219,26.95,15.547,22.909,34.814,28.056,26.963,24.374,16.911,11.24,11.59,-35.108,-22.734,-0.133,17.102,27.146,24.053,15.804,25.913,23.325,27.029,19.706,26.536,28.267,0.703,16.75
"2096-09",-4.934,4.871,18.996,18.698,3.098,17.413,26.586,27.49,28.874,23.323,27.038,3.272,11.477,15.501,30.892,26.405,10.523,17.325,16.446,22.889,26.702,31.272,27.468,25.171,19.14,20.902,25.909,2.856,6.952,8.761,14.034,23.8,10.644,19.503,32.637,26.976,26.775,25.22,18.967,11.566,11.032,-34.024,-23.559,-4.303,17.149,26.929,23.837,15.658,25.733,23.143,27.277,20.144,26.029,28.216,0.571,16.026
"2096-10",-9.08,-0.744,12.684,12.384,-1.502,11.511,23.075,26.593,28.058,22.85,27.096,6.087,12.549,16.826,30.557,28.266,7.945,13.258,9.572,19.278,26.914,28.436,26.907,25.679,21.344,23.039,25.684,-6.306,-1.001,-0.529,3.531,15.775,2.962,15.957,27.771,24.596,27.156,27.502,25.333,13.582,12.356,-30.802,-19.77,-9.947,17.648,26.885,22.94,15.968,26.144,21.797,27.8,20.757,27.421,28.444,1.321,15.086
"2096-11",-14.473,-9.36,6.238,8.69,-11.792,4.272,19.378,26.052,27.296,22.819,25.835,6.433,14.22,19.215,29.094,27.617,3.709,6.344,0.907,12.441,25.779,21.593,25.846,25.697,22.444,23.498,24.687,-18.292,-8.877,-11.349,-2.764,10.23,-3.59,10.256,21.743,21.009,26.97,28.722,26.146,14.585,13.351,-25.3,-13.22,-19.761,18.507,26.831,21.697,17.4,26.84,20.109,27.422,21.665,27.095,27.297,2.853,13.747
"2096-12",-14.604,-13.565,3.917,3.32,-18.958,4.044,17.889,25.423,26.035,23.12,24.631,8.87,15.603,21.22,27.499,27.131,-0.209,4.648,-11.713,10.858,23.479,18.551,24.313,25.465,23.703,24.366,23.885,-22.733,-13.509,-23.612,-17.465,3.319,-8.916,3.935,16.561,16.741,26.435,29.259,29.786,17.608,15.44,-19.693,-8.764,-18.078,19.858,27.155,20.242,18.704,27.183,18.586,27.517,23.072,26.321,26.985,4.279,13.05
"2097-01",-19.514,-20.553,-2.307,-2.707,-15.937,0.761,15.702,24.754,25.203,23.407,23.964,9.979,16.832,22.302,27.68,26.052,1.209,5.701,-5.161,10.626,23.372,18.043,24.026,25.167,23.765,25.233,24.117,-21.688,-16.548,-20.431,-11.246,3.04,-11.505,1.189,15.517,15.865,26.275,29.402,31.098,19.892,16.415,-18.336,-7.308,-24.649,21.209,27.245,19.143,19.896,27.069,17.247,27.686,24.256,25.672,26.915,5.618,13.063
"2097-02",-20.516,-19.492,2.326,0.5,-21.055,2.079,16.013,25.274,25.171,24.04,23.892,10.603,18.046,23.002,28.625,25.932,-0.246,4.308,-0.2,10.582,25.902,19.948,25.236,25.515,24.273,25.282,25.965,-22.277,-13.676,-15.232,-3.693,7.986,-5.447,5.763,17.259,18.787,26.332,28.433,30.937,20.274,16.51,-21.068,-8.5,-25.344,21.995,27.467,18.713,20.577,26.935,16.894,27.579,24.558,24.797,27.265,6.2,13.604
"2097-03",-19.548,-16.439,6.331,3.337,-11.304,5.868,17.33,25.369,24.626,24.165,23.839,9.51,17.177,21.895,28.287,26.119,2.86,7.593,4.674,12.309,29.402,23.778,28.009,25.998,23.884,24.748,27.855,-16.396,-8.996,-6.677,-1.218,11.467,0.195,10.342,22.788,23.043,26.828,28.152,27.807,19.04,15.991,-27.3,-12.15,-22.755,21.804,27.555,19.007,20.473,27.558,16.815,27.861,24.595,25.585,27.96,5.638,14.36
"2097-04",-14.841,-7.437,9.995,7.646,-2.415,7.399,18.692,26.664,25.436,24.082,23.583,7.495,15.618,19.215,28.178,25.849,5.934,11.407,10.259,14.491,30.503,28.495,29.495,26.491,22.598,23.666,28.559,-8.206,-3.471,0.036,6.509,15.662,4.445,13.226,27.816,27.701,27.833,27.736,24.913,16.843,15.226,-32.281,-16.29,-16.249,21.022,27.763,19.816,19.576,27.974,17.462,28.529,24.373,26.994,30.026,4.551,15.256
"2097-05",-5.482,2.737,17.235,15.743,4.135,12.571,23.331,27.709,26.886,23.561,22.069,5.444,13.511,15.93,27.564,25.069,9.927,14.492,15.623,17.973,29.178,30.343,29.496,25.972,20.531,21.519,27.399,0.229,3.471,7.373,11.897,21.893,9.589,17.14,31.064,30.923,28.034,26.32,20.225,14.558,14.234,-34.985,-16.414,-5.162,19.826,28.13,20.705,18.008,27.548,18.779,29.07,23.344,29.401,31.13,3.328,16.147
"2097-06",-1.08,6.861,20.741,19.046,9.513,15.539,25.23,27.444,27.855,23.013,20.739,4.282,12.373,14.801,27.433,24.038,12.154,16.219,19.731,21.179,29.15,33.112,29.257,25.233,18.23,19.816,27.07,6.853,8.586,13.396,17.271,27.208,12.838,20.167,34.969,30.765,27.566,25.056,16.527,12.848,12.65,-33.336,-17.585,-0.587,18.732,28.078,21.936,16.842,26.936,20.724,28.506,22.06,29.277,29.925,2.004,16.731
"2097-07",0.531,10.402,23.2,20.899,10.16,17.649,26.985,27.859,28.68,22.761,19.914,3.511,11.599,12.858,27.855,23.337,13.535,18.924,22.043,24.647,28.536,33.648,28.764,24.967,17.875,19.387,26.893,9.303,11.217,16.284,19.69,30.287,16.682,23.03,36.502,29.191,27.417,24.025,15.277,11.96,12.15,-34.859,-20.871,0.026,17.673,27.81,23.223,15.866,26.225,22.586,28.165,21.121,28.091,29.279,1.401,16.963
"2097-08",0.685,9.552,23.483,20.394,7.304,17.715,27.752,28.029,29.144,23.541,23.879,4.224,12.313,14.922,29.827,24.248,12.18,19.923,21.094,25.544,27.198,33.356,28.271,25.129,18.658,19.706,26.509,8.654,11.038,14.552,17.199,28.53,14.89,22.802,35.436,28.358,26.988,24.752,17.792,11.788,12.223,-35.687,-23.62,-0.284,17.221,27.337,23.997,15.356,25.616,23.336,27.735,20.368,27.247,28.975,1.055,16.805
"2097-09",-3.817,4.091,16.8,16.391,6.228,15.558,26.168,27.82,29.148,23.539,25.139,4.608,12.514,15.508,30.733,25.864,8.584,15.981,16.734,22.885,26.864,31.265,27.913,25.823,19.472,21.655,26.196,2.493,7.444,7.643,12.232,24.375,10.145,19.766,32.19,26.512,26.857,25.753,20.103,11.923,11.877,-35.072,-25.422,-3.021,17.222,26.989,23.936,15.627,25.775,23.028,27.619,20.209,26.798,28.13,0.651,16.01
"2097-10",-8.318,-1.747,12.338,11.613,1.318,11.422,22.249,27.15,28.592,23.694,29.286,5.408,13.974,18.292,31.458,27.761,6.798,11.309,9.17,17.774,27.23,27.787,27.013,25.871,21.706,22.787,25.776,-5.692,-1.482,-2.695,4.784,16.978,3.117,15.658,27.473,24.514,27.224,27.37,24.918,13.703,12.499,-32.837,-17.901,-8.71,17.537,27.136,23.086,15.746,25.995,21.821,27.796,20.705,26.812,28.133,1.595,15.078
"2097-11",-11.547,-6.464,5.295,7.072,-10.089,5.026,18.738,26.817,27.689,23.421,27.348,7.094,14.823,19.54,30.456,28.509,2.751,7.117,-3.215,14.42,26.212,23.086,26.15,25.551,23.473,24.061,25.146,-17.437,-10.547,-15.946,-8.691,7.926,-2.856,9.404,21.515,20.821,26.965,29.138,29.087,15.068,13.491,-23.259,-13.474,-14.706,18.613,27.09,21.732,16.985,26.727,20.05,27.949,22.018,27.428,27.487,2.733,13.974
"2097-12",-18.692,-15.328,2.699,3.253,-19.571,2.344,17.492,26.053,26.78,23.39,25.422,8.627,16.3,21.108,28.781,27.526,-0.614,3.771,-7.65,10.82,23.729,18.334,24.874,25.432,23.658,25.259,23.855,-21.128,-12.859,-21.75,-13.342,3.41,-10.216,4.134,17.964,16.451,26.755,30.384,30.561,16.7,14.603,-18.684,-9.582,-23.172,19.881,27.365,20.214,18.555,27.374,18.665,27.825,23.538,26.495,26.689,4.422,13.109
"2098-01",-19.996,-20.687,-0.418,-0.594,-19.336,1.394,15.456,25.111,25.362,23.6,24.393,9.533,16.939,22.58,28.371,26.979,0.949,3.128,-5.981,9.308,25,18.653,25.394,25.769,24.465,25.352,24.865,-19.734,-13.997,-21.278,-11.9,2.924,-12.499,0.673,17.453,16.049,26.158,29.971,32.426,18.471,15.7,-16.751,-6.197,-21.984,21.331,27.605,19,19.816,27.453,17.166,27.735,24.475,26.074,26.828,5.861,13.239
"2098-02",-19.573,-20.336,0.906,1.715,-16.794,2.414,16.261,25.206,24.763,24.007,23.733,10.593,17.985,22.506,28.078,26.374,-0.413,4.191,-4.419,11.099,26.381,20.247,25.58,25.989,25.05,25.542,26.097,-21.7,-12.3,-17.833,-7.849,6.068,-7.2,4.222,17.215,18.158,26.292,30.428,32.154,18.466,15.895,-19.461,-7.46,-21.436,22.082,27.539,18.937,20.366,27.741,16.922,28.163,25.052,25.57,26.595,6.4,13.708
"2098-03",-17.01,-15.272,4.723,3.369,-12.836,4.468,16.86,26.03,25.537,24.048,23.313,9.551,16.89,20.211,28.063,26.051,2.821,7.683,1.354,12.958,29.821,24.117,28.014,25.884,24.416,24.705,27.465,-18.803,-10.017,-12.125,-4.702,9.679,-2.751,9.058,22.973,22.65,27.145,29.357,28.362,17.74,16.112,-27.059,-12.031,-21.596,21.903,27.451,18.919,20.235,28.038,17.048,28.333,25.045,26.056,28.314,5.91,14.242
"2098-04",-12.656,-5.766,12.644,9.986,-4.289,6.995,18.645,27.047,25.824,23.916,23.166,7.687,15.734,18.759,27.848,26.286,6.001,11.43,10.699,14.931,30.755,27.858,29.469,26.444,22.777,23.373,28.545,-8.978,-4.927,-0.205,7.595,14.786,4.519,13.335,26.748,26.995,27.761,28.527,23.779,15.66,16.046,-29.371,-12.995,-14.18,21.124,27.733,19.756,19.514,28.374,17.617,28.624,24.396,27.291,30.293,4.684,15.444
"2098-05",-6.275,1.908,15.581,14.736,5.235,10.74,21.888,28.063,27.306,23.689,22.203,4.661,14.627,17.345,27.355,25.236,9.729,13.202,18.103,17.322,29.281,30.885,29.201,25.872,20.447,21.328,27.133,-0.127,3.048,6.681,13.535,20.194,9.495,17.274,30.772,30.326,28.248,27.625,20.34,13.577,13.957,-31.407,-14.673,-5.751,19.909,28.29,20.833,17.984,27.878,18.766,29.371,23.182,29.468,31.312,3.49,16.245
"2098-06",-1.763,7.108,21.548,18.488,9.561,12.975,25.017,28.155,28.302,23.155,20.728,4.454,12.236,14.412,27.204,24.139,11.396,16.099,19.918,21.215,29.024,33.508,28.986,24.754,18.911,19.845,26.576,6.864,8.89,13.435,18.689,26.17,13.436,19.981,35.847,31.857,28.201,25.985,15.93,11.787,12.666,-34.605,-19.251,-0.605,18.77,28.653,22.23,17.12,27.36,20.785,28.624,21.552,30.114,30.445,2.492,16.831
"2098-07",0.582,10.916,22.396,21.843,10.514,16.732,26.49,28.542,29.438,22.99,20.861,4.056,11.973,13.566,27.956,23.432,13.752,18.458,19.688,24.76,28.687,33.853,28.381,24.996,17.841,20.229,26.697,7.593,11.981,15.798,19.453,28.637,16.399,22.62,36.77,30.221,27.616,24.33,14.122,10.877,11.383,-34.074,-24.467,0.137,17.887,27.966,23.541,16.223,26.684,22.73,27.888,20.697,28.532,28.619,1.54,17.041
"2098-08",-0.525,9.948,22.263,22.157,9.677,18.18,27.486,28.216,29.67,23.171,24.898,3.444,11.764,13.888,30.306,25.742,13.836,18.505,18.787,25.5,27.253,33.048,27.716,25.138,18.333,20.119,26.007,7.748,10.719,11.752,16.927,26.844,14.917,23.246,35.099,28.742,27.221,24.903,16.713,10.692,11.79,-33.875,-22.483,-0.033,17.289,26.992,23.977,15.549,25.994,23.604,27.664,20.126,27.54,28.498,0.724,16.802
"2098-09",-4.691,5.6,19.158,19.202,3.895,15.553,25.942,27.676,29.669,23.568,27.339,4.667,12.935,15.346,31.76,26.772,10.867,16.684,15.206,22.999,26.903,31.816,27.464,25.774,18.446,21.182,26.03,1.462,6.011,8.135,12.359,23.061,10.964,20.392,32.997,27.548,27.163,27.123,21.801,12.545,11.952,-33.994,-22.96,-4.222,17.434,26.881,23.917,15.367,26.315,23.404,27.575,20.198,27.825,27.901,0.721,16.21
"2098-10",-8.085,0.368,15.977,15.922,-2.829,9.518,23.47,26.987,28.715,23.402,29.296,5.25,13.614,17.694,31.425,28.603,4.661,9.173,4.837,17.504,27.132,28.846,27.014,25.917,21.745,23.694,25.666,-6.453,-1.928,-5.231,-0.475,17.546,4.266,15.219,27.993,25.13,27.079,28.421,24.913,13.35,12.556,-31.834,-20.054,-6.827,17.888,26.715,23.076,16.035,26.559,21.963,27.377,20.622,27.432,27.889,1.422,15.114
"2098-11",-11.891,-4.634,8.216,7.494,-8.348,6.904,20.112,25.542,27.255,22.961,27.988,6.769,14.829,20.091,29.727,28.938,3.149,8.421,4.408,14.743,25.897,22.641,26.049,25.643,23.068,24.551,25.064,-14.789,-11.362,-11.003,-1.345,10.134,-3.956,8.488,21.811,20.142,26.79,29.639,28.161,14.506,14.449,-25.106,-13.867,-13.74,18.724,26.667,21.631,17.154,27.141,20.344,27.631,21.642,27.775,27.324,2.86,14.162
"2098-12",-14.636,-10.05,0.019,3.12,-16.906,0.272,16.527,25.306,26.601,22.823,24.191,8.864,15.886,21.5,27.503,27.689,1.494,6.453,0.187,11.991,22.913,18.669,24.171,25.507,23.853,24.536,23.583,-20.61,-15.538,-17.215,-6.466,4.628,-10.158,5.149,16.443,15.523,26.621,29.389,28.518,16.232,16.065,-20.378,-8.929,-20.841,20.031,26.572,20.17,18.612,27.504,18.713,27.716,22.813,26.644,26.636,4.336,13.302
"2099-01",-18.546,-17.375,-1.516,0.157,-20.489,-0.63,15.424,24.683,25.423,23.043,23.435,9.508,16.886,23.156,27.031,26.232,-0.852,4.926,-3.982,10.48,22.124,17.388,23.584,25.081,24.326,25.071,23.185,-24.86,-17.757,-19.219,-9.952,5.163,-9.517,3.977,16.251,14.918,26.511,30.01,30.855,19.22,17.473,-17.988,-7.425,-23.145,21.161,26.29,19.273,19.852,26.888,17.431,27.552,23.954,25.696,25.713,5.677,13.062
"2099-02",-20.279,-17.161,5.235,1.606,-20.527,2.04,17.279,25.04,25.128,23.388,23.079,9.662,16.764,22.627,27.567,25.619,-1.089,5.37,-6.378,11.311,24.59,19.385,24.383,25.265,24.786,25.516,24.895,-24.777,-15.049,-19.115,-12.633,3.276,-7.566,5.25,16.354,15.896,27.042,29.605,30.176,20.38,17.883,-20.646,-7.351,-26.612,21.816,26.493,18.818,20.55,26.688,17.076,27.691,24.658,25.06,26.291,6.167,13.268
"2099-03",-18.415,-15.811,9.091,4.986,-13.6,4.384,17.511,25.713,25.183,23.771,23.483,8.358,16.468,21.8,28.13,26.133,1.807,7.021,6.148,12.307,29.256,24.373,27.366,25.679,23.712,24.647,27.537,-17.832,-9.644,-7.845,1.012,13.803,-0.171,8.33,23.24,22.396,26.948,28.784,27.026,18.532,17.86,-26.392,-10.953,-24.162,21.562,26.552,18.848,20.502,27.226,17.032,27.656,24.575,25.609,27.431,5.659,14.256
"2099-04",-12.647,-6.642,12.933,8.73,-3.511,8.308,19.909,26.419,25.625,23.032,22.229,7.226,15.019,19.504,27.68,25.42,3.882,9.976,7.632,15.115,30.092,28.013,27.901,25.422,22.843,23.421,27.331,-10.878,-3.538,-0.193,6.402,17.335,5.99,14.171,27.525,27.513,27.683,27.962,23.295,16.338,15.922,-30.329,-14.828,-16.938,20.749,26.694,19.671,19.574,27.621,17.647,28.681,24.179,27.644,29.641,4.557,15.162
"2099-05",-5.974,0.876,18.847,15.272,4.849,12.558,22.827,26.318,26.586,21.786,21.798,4.485,12.857,16.322,27.26,24.684,8.718,13.878,13.843,19.051,30.019,30.52,29.265,25.224,20.918,22.08,27.525,-3.549,1.317,5.048,10.446,20.919,9.049,16.594,31.763,29.913,27.896,27.025,21.112,14.999,14.62,-31.603,-14.289,-6.362,19.747,26.602,20.657,17.896,27.566,18.846,28.673,22.83,29.026,29.91,3.39,15.935
"2099-06",-1.413,5.916,22.011,18.828,9.053,15.056,24.369,26.429,27.654,20.813,18.765,4.256,12.279,13.954,25.927,23.008,11.862,15.766,18.161,21.274,27.902,32.551,27.688,23.926,17.467,19.567,25.961,6.173,7.846,13.184,19.06,28.652,15.04,20.178,34.533,30.222,27.717,25.659,17.944,13.491,13.639,-33.921,-15.742,-0.723,18.633,26.352,21.755,16.586,26.691,20.665,28.02,21.517,29.054,29.67,2.138,16.46
"2099-07",0.305,10.68,24.652,21.164,8.498,18.149,26.522,26.858,28.414,21.053,19.778,3.288,11.61,13.164,26.82,22.65,13.977,17.183,20.57,23.965,26.812,31.778,25.514,23.321,17.359,18.73,25.434,7.25,11.6,15.205,18.053,29.514,16.27,23.385,34.388,28.494,27.413,25.331,17.602,12.393,12.493,-34.473,-15.607,0.065,17.78,25.775,22.833,15.182,25.873,22.358,27.132,20.314,26.773,28.606,1.361,16.507
"2099-08",-1.075,8.918,23.558,22.354,7.192,17.681,26.657,26.641,28.804,21.351,22.264,3.918,10.937,13.298,28.308,23.49,12.894,17.488,21.877,24.621,25.913,31.735,26.081,23.581,18.245,18.879,25.367,7.41,10.417,12.498,19.183,28.063,15.525,23.263,34.099,27.488,27.108,25.626,17.162,11.301,12.534,-35.382,-19.691,-0.541,17.542,25.4,23.447,15.005,25.637,23.281,26.845,19.779,26.316,28.382,0.81,16.355
"2099-09",-4.228,5.308,20.095,18.978,4.204,15.22,25.249,26.008,28.61,21.605,25.622,4.679,12.291,16.263,29.614,25.003,8.921,17.083,14.578,22.522,26.456,30.298,26.787,24.459,19.722,21.373,25.531,2.014,6.525,7.693,13.576,23.494,10.615,19.697,31.226,26.267,26.807,26.755,21.387,12.24,12.533,-36.121,-20.318,-2.54,17.486,25.133,23.245,15.12,25.569,23.191,26.877,19.687,26.297,28.202,0.699,15.731
"2099-10",-9.863,-0.107,15.247,13.842,-2.914,10.824,23.165,25.783,28.169,21.406,26.226,5.031,13.158,17.831,28.878,27.238,5.568,12.063,7.97,19.293,26.528,27.968,26.108,24.923,21.737,22.471,25.044,-6.355,-0.856,-0.915,3.888,16.134,3.14,15.202,26.584,23.92,26.976,28.415,25.813,13.574,12.914,-31.351,-18.122,-9.049,17.798,25.052,22.441,15.602,25.798,21.906,26.879,20.203,25.955,28.129,1.247,14.785
"2099-11",-14.089,-6.385,5.665,7.649,-11.797,4.875,19.559,25.173,27.164,21.571,24.232,6.673,14.217,19.045,27.384,25.796,0.769,5.6,0.332,12.641,25.313,21.292,25.022,25.255,21.36,23.862,24.501,-16.723,-8.627,-12.243,-3.599,10.195,-3.8,8.921,20.121,19.668,26.581,28.761,28.559,15.449,14.087,-23.942,-11.197,-16.045,18.729,25.082,21.325,16.747,26.415,20.225,26.792,21.316,26.245,27.157,2.74,13.519
"2099-12",-16.856,-15.173,0.069,5.368,-18.064,-0.405,16.323,24.655,26.028,21.692,23.828,8.33,15.177,21.562,25.824,26.241,-0.965,5.05,-6.53,10.581,22.794,17.255,24.133,24.609,22.489,24.346,23.242,-21.431,-12.399,-16.516,-8.488,6.139,-6.016,4.732,17.356,16.249,26.304,29.458,29.17,16.762,15.598,-18.879,-7.775,-19.946,20.004,25.296,20.092,18.327,26.604,18.743,26.918,22.557,25.792,25.86,4.336,12.963
"2100-01",-21.317,-20.404,1.276,0.071,-19.258,1.965,15.473,24.112,25.064,22.351,23.096,9.362,16.236,22.692,25.431,25.42,0.701,4.785,-3.569,8.964,22.078,15.538,23.646,24.83,23.519,24.817,23.232,-22.95,-15.373,-14.925,-6.627,4.921,-6.84,4.522,15.967,16.244,26.161,28.905,30.131,19.014,16.841,-17.345,-6.073,-24.427,21.139,25.668,19.044,19.752,26.532,17.449,26.598,23.407,25.04,25.604,5.973,13.011
"2100-02",-22.47,-20.872,5.566,4.13,-16.494,1.781,16.619,24.297,24.733,22.952,22.622,10.319,17.079,23.217,25.706,24.578,0.538,3.29,-3.612,8.846,25.267,18.291,24.82,24.471,23.205,24.384,24.835,-19.597,-11.076,-12.951,-5.098,5.123,-5.337,5.287,17.1,18.401,26.345,27.943,28.555,19.976,16.924,-21.929,-8.362,-26.766,21.768,25.971,18.766,20.535,26.388,17.078,26.935,24.009,24.694,26.05,6.398,13.344
"2100-03",-19.408,-17.539,7.812,6.72,-14.462,2.657,17.43,25.06,24.844,23.372,22.341,9.432,16.466,21.801,26.791,24.781,3.51,8.703,1.953,12.83,28.254,21.995,26.821,25.35,22.706,24.37,26.574,-16.212,-8.805,-8.87,-3.064,9.542,-3.774,9.28,22.066,22.706,26.89,28.205,26.395,18.92,16.794,-27.345,-12.097,-22.16,21.667,26.308,19.032,20.405,27.054,17.227,26.936,24.02,25.615,27.513,5.874,14.002
"2100-04",-13.066,-5.382,13.415,9.971,-5.297,7.52,20.268,26.551,25.621,23.254,22.107,7.263,14.703,19.089,26.629,24.758,3.447,11.725,8.064,17.337,30.33,27.712,28.675,25.668,22.479,23.469,28.102,-10.197,-2.335,2.143,7.58,19.041,5.504,13.117,28.837,27.878,26.922,27.631,23.687,16.835,15.722,-30.118,-11.918,-18.125,20.756,26.61,19.46,19.146,27.5,17.854,27.683,23.668,26.713,29.114,4.752,15.13
"2100-05",-5.255,2.376,16.622,14.562,2.461,11.448,23.142,27.143,26.698,22.488,20.864,5.745,12.948,16.079,26.28,24.226,9.206,12.741,12.705,17.425,28.641,30.157,28.184,24.806,20.236,21.435,26.549,-0.307,3.43,6.788,12.398,23.391,11.802,17.676,31.208,30.457,27.528,26.278,20.121,14.928,14.093,-31.455,-13.681,-5.759,19.734,26.922,20.476,17.889,26.799,18.91,28.151,22.502,28.61,30.088,3.434,15.946
"2100-06",-1.426,7.798,22.017,19.398,9.357,14.821,25.646,26.369,27.382,21.641,19.635,4.296,11,14.141,26.242,22.876,12.13,16.473,17.808,22.429,28.59,32.244,27.551,23.708,17.837,19.718,26.036,6.842,9.65,14.272,17.773,26.913,14.342,20.15,33.442,28.69,27.103,23.892,16.138,12.878,12.742,-31.972,-15.343,-0.985,18.562,26.535,21.796,16.821,26.169,20.88,27.11,21.204,27.501,28.342,2.217,16.448
"2100-07",1.125,10.009,24.098,20.866,10.054,18.43,26.979,26.737,28.04,21.015,18.977,3.966,11.196,14.178,26.129,22.129,12.267,18.204,19.887,25.644,26.263,32.592,25.621,23.406,17.17,18.946,24.973,8.883,12.683,18.167,21.965,29.129,16.854,23.086,35.468,27.311,26.786,24.155,16.283,11.765,12.511,-35.263,-21.38,0.076,17.615,26.398,23.036,15.724,25.477,22.176,26.764,20.208,26.592,28.295,1.6,16.64
"2100-08",0.619,9.082,22.379,21.188,8.426,19.386,26.637,27.439,28.907,21.999,21.891,4.041,11.604,15.152,28.329,23.067,11.974,18.919,18.883,25.875,26.307,32.508,26.792,23.729,17.364,18.482,25.679,6.066,10.629,14.28,19.576,28.598,15.718,23.545,34.637,27.227,26.598,23.909,16.279,11.213,12.156,-33.792,-21.419,-0.47,17.168,26.012,23.702,15.325,25.293,23.255,26.599,19.949,26.014,27.688,0.788,16.489
"2100-09",-4.271,5.499,21.167,18.249,4.088,17.084,25.954,26.883,28.686,22.405,24.866,4.593,11.857,16.304,29.768,24.678,9.211,15.494,14.244,22.738,25.633,30.585,26.7,24.45,19.172,20.559,24.978,2.844,6.764,8.794,15.736,23.758,10.875,20.294,32.276,26.481,26.686,25.607,21.314,12.422,12.481,-35.694,-19.189,-4.423,17.34,25.945,23.594,15.427,25.39,23.143,26.912,19.853,26.188,27.8,0.824,15.854
"2100-10",-9.156,1.006,15.346,14.343,-3.684,10.868,23.071,26.112,27.76,22.207,27.978,5.439,12.323,18.114,30.212,27.697,7.171,13.315,7.118,18.533,26.249,27.712,26.225,24.941,21.351,22.544,24.948,-4.591,-0.693,2.033,6.541,16.376,3.89,15.433,26.712,24.581,26.703,27.371,24.96,14.092,12.87,-30.66,-15.601,-9.182,17.81,25.799,22.72,15.825,25.975,21.821,26.899,20.116,26.178,27.497,1.45,14.995
"2100-11",-13.602,-9.172,10.969,7.908,-14.4,6.961,20.561,25.453,27.052,21.925,26.06,7.733,13.91,19.885,28.444,26.567,3.364,9.703,4.028,14.649,25.658,21.851,25.633,25.324,21.935,23.146,24.657,-13.117,-6.277,-8.994,-1.271,10.162,-3.419,10.542,22.133,20.396,26.29,28.432,27.122,14.926,13.811,-24.18,-11.677,-15.891,18.597,25.703,21.258,17.048,27.054,20.315,26.707,20.962,26.458,26.687,2.907,13.89
"2100-12",-13.375,-15.56,0.381,3.066,-23.333,1.187,16.641,24.651,26.144,22.536,24.291,8.515,15.2,21.351,27.15,26.202,-1.164,0.751,-3.287,10.36,23.514,18.45,24.322,25.05,23.273,23.552,23.545,-20.481,-10.053,-19.343,-8.579,6.545,-8.241,4.5,17.441,16.408,26.348,29.533,27.689,16.533,15.688,-18.766,-8.093,-21.806,19.839,25.831,20.086,18.609,26.926,18.604,26.98,22.345,26.187,26.467,4.408,12.925
