#Dataset: IPSL-IPSL-CM5A-MR_r1i1p1_rcp85_IPSL-WRF381P_v1
#Variable: meanpr
#Area: sea
#Interpolation_method: cdo remap
#Spatial_resolution: 1º
#Creation_Date: 2021-03-15
#Author: IPCC-WGI Atlas Hub (https://github.com/SantanderMetGroup/IPCC-Atlas). Santander Meteorology Group.
"date","NEU","WCE","EEU","MED","world"
"2006-01",2.916,4.489,0.662,3.348,3.419
"2006-02",2.213,4.021,0.975,2.947,3.119
"2006-03",2.76,4.343,1.943,1.527,2.904
"2006-04",2.094,2.454,1.605,1.726,2.163
"2006-05",1.682,0.683,1.103,1.129,1.762
"2006-06",2.022,1.493,2.933,1.106,1.513
"2006-07",2.018,1.358,3.327,1.384,1.64
"2006-08",1.764,1.416,1.297,2.086,1.921
"2006-09",3.362,2.863,1.681,2.068,2.523
"2006-10",3.305,4.349,2.38,2.191,3.277
"2006-11",3.142,4.919,1.75,2.224,3.3
"2006-12",2.879,5.328,1.572,3.498,3.539
"2007-01",3.13,3.436,1.506,2.686,3.372
"2007-02",2.048,3.504,1.134,2.711,2.943
"2007-03",2.543,2.859,1.6,1.519,2.761
"2007-04",2.023,1.604,0.965,1.749,1.809
"2007-05",1.3,1.888,1.232,1.224,1.646
"2007-06",1.767,2.066,2.563,0.936,1.455
"2007-07",1.745,1.881,3.998,1.092,1.427
"2007-08",2.141,2.456,3.056,0.897,1.712
"2007-09",3.766,1.028,2.154,2.152,2.777
"2007-10",3.277,2.861,3.359,1.988,2.851
"2007-11",3.04,4.829,2.28,4.28,3.794
"2007-12",3.029,5.184,1.524,2.708,3.643
"2008-01",3.062,2.818,1.211,3.034,3.189
"2008-02",2.902,3.906,1.04,2.124,2.977
"2008-03",3.338,3.01,1.184,1.184,3.064
"2008-04",2.328,0.988,1.136,1.397,2.032
"2008-05",1.482,2.203,2.284,1.044,1.732
"2008-06",1.605,1.238,2.564,0.951,1.402
"2008-07",1.735,1.819,2.729,1.673,1.697
"2008-08",1.859,1.356,1.743,2.111,1.966
"2008-09",2.885,2.034,2.723,2.422,2.803
"2008-10",3.281,1.79,1.176,3.03,3.539
"2008-11",3.68,4.143,2.216,1.781,3.33
"2008-12",2.561,5.408,2.479,2.917,3.514
"2009-01",2.535,4.972,0.835,3.167,3.606
"2009-02",2.342,3.95,1.13,2.634,3.245
"2009-03",2.08,3.796,1.364,2.257,2.645
"2009-04",1.715,3.08,0.885,1.769,2.346
"2009-05",1.176,2.288,1.092,1.345,1.66
"2009-06",1.896,1.126,2.979,1.085,1.579
"2009-07",1.041,1.256,5.615,1.826,1.364
"2009-08",1.783,2.042,2.635,1.731,1.869
"2009-09",1.731,1.421,2.026,1.964,1.774
"2009-10",4.036,2.955,2.129,1.275,2.943
"2009-11",2.971,2.621,2.158,2.3,3.266
"2009-12",2.878,5.584,1.781,2.413,3.496
"2010-01",3.044,5.468,1.479,1.714,3.383
"2010-02",2.729,5.49,1.241,1.357,3.113
"2010-03",2.131,4.653,2.259,1.358,2.713
"2010-04",2.661,3.155,1.89,1.174,2.58
"2010-05",2.053,1.846,2.328,0.901,1.743
"2010-06",1.342,2.124,3.534,2.891,1.815
"2010-07",2.08,1.745,3.281,1.274,1.548
"2010-08",1.709,2.629,1.989,1.765,2.034
"2010-09",2.982,4.632,2.453,2.055,2.619
"2010-10",2.979,5.083,1.89,4.187,3.515
"2010-11",3.483,4.51,1.183,2.849,3.384
"2010-12",3.34,5.432,1.125,2.815,3.743
"2011-01",3.14,5.611,2.004,1.951,3.953
"2011-02",2.358,3.923,1.158,3.139,3.567
"2011-03",3.112,4.589,2.216,1.012,2.916
"2011-04",2.099,2.037,0.829,1.339,1.949
"2011-05",1.344,1.797,2.017,0.94,1.549
"2011-06",1.269,1.503,1.232,0.953,1.395
"2011-07",0.731,1.18,3.232,0.823,1.171
"2011-08",3.469,1.452,3.639,1.611,2.28
"2011-09",3.072,1.32,2.442,2.621,2.72
"2011-10",3.994,4.272,1.231,2.616,3.252
"2011-11",4.163,3.371,2.65,2.938,3.404
"2011-12",2.958,4.572,1.011,2.272,3.47
"2012-01",2.14,1.851,0.775,3.025,3.223
"2012-02",3.117,4.866,1.507,2.778,3.571
"2012-03",2.018,2.874,0.771,1.547,2.741
"2012-04",2.442,2.871,1.077,1.056,2.055
"2012-05",2.262,3.082,2.199,1.091,1.918
"2012-06",1.674,2.731,3.462,2.7,1.951
"2012-07",1.417,2.045,3.207,0.581,1.286
"2012-08",2.131,2.599,3.206,2.107,2.084
"2012-09",2.388,1.411,1.454,1.108,2.14
"2012-10",3.387,3.885,1.132,2.596,3.168
"2012-11",3.182,6.113,2.26,2.781,3.584
"2012-12",3.537,4.405,1.983,2.666,3.368
"2013-01",3.369,3.439,1.516,1.449,3.647
"2013-02",1.926,1.126,0.983,3.031,2.403
"2013-03",1.987,3.357,1.328,1.458,2.315
"2013-04",2.067,2.742,1.453,0.961,2.123
"2013-05",1.623,2.047,1.314,1.407,1.589
"2013-06",1.447,1.802,3.005,1.479,1.483
"2013-07",1.771,0.423,1.898,0.652,1.397
"2013-08",1.799,1.537,2.195,1.611,1.947
"2013-09",3.992,3.021,3.224,2.453,3.185
"2013-10",3.198,3.279,2.086,3.345,3.466
"2013-11",2.831,3.983,2.152,3.583,3.403
"2013-12",3.4,3.908,1.81,2.475,3.312
"2014-01",3.028,3.416,1.97,2.207,3.3
"2014-02",2.862,5.797,1.863,2.018,3.287
"2014-03",1.931,1.871,1.546,2.212,2.623
"2014-04",1.845,2.445,1.253,1.043,2.105
"2014-05",1.497,1.695,1.307,0.924,1.493
"2014-06",1.566,0.891,1.86,1.063,1.401
"2014-07",2.364,2.189,2.364,1.416,1.626
"2014-08",1.637,1.226,1.81,1.417,1.735
"2014-09",2.526,3.508,1.257,3.064,2.981
"2014-10",2.832,2.282,1.441,3.345,2.941
"2014-11",4.063,5.027,1.885,3.364,3.94
"2014-12",3.123,5.383,2.067,2.479,3.507
"2015-01",3.545,5.405,2.056,2.576,3.79
"2015-02",3.603,4.529,2.205,0.901,3.364
"2015-03",2.796,3.61,1.413,1.794,3.027
"2015-04",2.105,2.484,0.954,1.342,2.256
"2015-05",1.589,1.987,1.975,1.984,1.841
"2015-06",2.023,3.284,4.473,1.212,1.828
"2015-07",1.567,2.348,3.694,1.911,1.756
"2015-08",1.855,1.141,2.568,1.95,1.812
"2015-09",3.375,2.568,2.514,2.121,2.64
"2015-10",3.219,4.917,2.387,2.954,3.347
"2015-11",3.749,4.788,2.45,2.519,3.398
"2015-12",3.345,4.079,2.534,3.761,3.481
"2016-01",2.824,6.369,1.857,2.744,3.885
"2016-02",2.427,4.256,1.173,1.599,3.158
"2016-03",2.552,3.32,0.876,1.663,2.902
"2016-04",1.848,2.83,1.929,1.682,2.176
"2016-05",1.483,2.576,1.09,1.459,1.846
"2016-06",1.207,2.017,1.17,0.72,1.26
"2016-07",1.22,1.719,3.998,1.501,1.321
"2016-08",1.783,1.712,0.834,1.099,1.656
"2016-09",2.688,0.569,2.585,1.037,1.89
"2016-10",3.604,1.726,2.931,1.612,3.025
"2016-11",4.327,5.898,1.699,2.184,3.608
"2016-12",2.978,2.874,1.398,3.752,3.244
"2017-01",3.52,3.891,1.437,1.483,3.259
"2017-02",2.998,1.931,1.865,1.857,2.811
"2017-03",2.102,1.898,1.309,1.744,2.365
"2017-04",1.987,3.198,1.548,1.384,2.239
"2017-05",1.964,3.174,2.802,1.395,1.924
"2017-06",0.966,1.585,1.86,1.176,1.467
"2017-07",2.368,1.309,3.827,1.226,1.546
"2017-08",2.759,4.464,2.664,1.684,2.06
"2017-09",2.795,2.045,1.817,1.574,2.523
"2017-10",3.727,2.799,1.396,1.367,2.927
"2017-11",4.048,3.112,2.041,1.638,3.452
"2017-12",3.016,5.825,2.645,3.466,4.09
"2018-01",3.205,3.727,1.445,2.825,3.468
"2018-02",3.271,2.444,0.989,1.678,3.227
"2018-03",1.799,3.886,1.54,1.898,2.645
"2018-04",1.69,2.956,1.166,2.259,2.431
"2018-05",2.1,3.384,3.001,1.236,1.974
"2018-06",1.565,1.913,3.454,1.264,1.559
"2018-07",2.11,1.456,3.246,0.985,1.393
"2018-08",1.947,1.181,3.204,1.179,1.698
"2018-09",2.961,4.578,3.054,3.892,3.116
"2018-10",3.113,2.391,1.83,3.799,3.208
"2018-11",3.058,4.658,1.699,3.231,3.89
"2018-12",2.074,3.315,1.601,3.399,3.169
"2019-01",3.155,4.067,2.057,2.474,3.464
"2019-02",2.595,2.468,1.154,2.814,3.105
"2019-03",2.609,3.994,2.494,1.203,2.807
"2019-04",2.008,2.726,0.626,1.094,2.352
"2019-05",1.744,2.392,3.422,1.193,1.63
"2019-06",1.992,0.906,3.04,0.394,1.338
"2019-07",1.18,0.965,1.951,0.898,1.275
"2019-08",2.233,2.314,2.546,1.507,1.816
"2019-09",3.121,2.205,1.984,2.318,2.752
"2019-10",3.884,2.854,1.119,2.444,3.565
"2019-11",3.394,3.69,1.599,2.834,3.414
"2019-12",3.22,5.682,2.081,2.596,3.628
"2020-01",2.671,5.426,1.617,2.805,3.487
"2020-02",2.667,4.855,1.522,1.694,3.254
"2020-03",1.868,3.158,1.119,1.942,2.794
"2020-04",2.029,3.297,1.693,1.875,2.5
"2020-05",1.854,2.351,1.375,1.085,1.781
"2020-06",1.181,2.389,1.811,1.48,1.528
"2020-07",1.392,1.751,3.417,1.417,1.391
"2020-08",2.059,0.999,3.474,1.61,1.915
"2020-09",3.188,2.395,2.576,1.643,2.61
"2020-10",3.502,3.277,2.595,1.949,2.974
"2020-11",3.42,5.405,2.533,2.511,3.597
"2020-12",3.512,6.108,1.49,3.322,4.061
"2021-01",3.236,2.435,1.211,2.376,3.354
"2021-02",3.189,1.867,1.575,2.083,2.965
"2021-03",3.151,2.177,1.144,1.848,2.709
"2021-04",2.374,1.887,1.85,1.108,2.089
"2021-05",2.053,2.571,1.724,1.941,2.207
"2021-06",1.392,1.928,3.265,1.322,1.404
"2021-07",2.042,2.311,5.306,0.969,1.424
"2021-08",2.215,2.598,4.018,2.653,2.279
"2021-09",3.961,3.758,3.802,2.497,2.615
"2021-10",2.96,2.531,2.086,1.622,2.681
"2021-11",3.788,4.366,1.277,2.343,3.702
"2021-12",3.664,5.659,2.784,2.708,3.712
"2022-01",3.075,3.62,1.496,2.183,3.268
"2022-02",2.709,3.482,2.33,2.748,3.086
"2022-03",2.415,3.206,1.702,1.532,2.493
"2022-04",2.157,2.86,1.229,1.536,2.169
"2022-05",1.767,2.666,2.798,1.51,1.898
"2022-06",1.334,1.302,3.651,1.763,1.342
"2022-07",1.988,2.295,1.772,1.438,1.504
"2022-08",1.237,1.296,1.414,1.08,1.481
"2022-09",3.514,1.583,4.246,1.308,2.511
"2022-10",2.981,3.995,2.579,2.78,3.176
"2022-11",2.771,4.389,1.173,2.914,3.317
"2022-12",3.428,5.508,1.423,2.4,3.746
"2023-01",2.733,2.03,0.54,2.286,2.922
"2023-02",2.548,5.188,1.033,3.445,3.293
"2023-03",2.396,3.049,2.032,1.513,2.768
"2023-04",2.232,3.625,2.176,1.262,2.383
"2023-05",2.09,2.697,1.576,1.807,1.936
"2023-06",2.124,1.848,1.572,1.231,1.509
"2023-07",1.181,0.574,2.642,0.812,1.092
"2023-08",2.369,1.625,3.015,1.629,1.941
"2023-09",3.267,1.271,4.238,1.85,2.582
"2023-10",3.299,3.255,2.633,2.682,3.206
"2023-11",3.147,5.006,2.138,2.508,3.265
"2023-12",3.754,3.403,2.207,3.362,3.58
"2024-01",3.216,5.49,1.81,2.897,4.082
"2024-02",3.213,3.633,2.332,2.175,3.196
"2024-03",2.291,3.591,0.851,1.624,2.793
"2024-04",1.846,2.839,1.519,1.272,2.263
"2024-05",1.567,2.627,1.908,1.216,1.689
"2024-06",1.556,1.987,1.827,1.481,1.739
"2024-07",2.526,1.072,2.715,0.654,1.489
"2024-08",1.895,1.132,2.825,1.732,1.739
"2024-09",3.286,1.781,2.546,2.098,2.39
"2024-10",3.661,5.121,2.411,1.706,3.04
"2024-11",2.575,4.751,1.401,3.786,3.341
"2024-12",2.88,4.453,2.039,3.355,3.404
"2025-01",3.075,3.916,1.532,2.673,3.389
"2025-02",1.931,2.833,0.996,2.64,2.645
"2025-03",2.373,1.453,1.849,1.721,2.193
"2025-04",2.068,3.481,1.642,0.882,2.266
"2025-05",1.784,1.872,1.375,1.29,1.722
"2025-06",1.397,1.992,1.637,1.776,1.818
"2025-07",1.394,0.576,3.093,0.594,1.243
"2025-08",2.69,1.72,3.883,0.851,1.81
"2025-09",2.601,2.477,1.589,1.703,2.428
"2025-10",2.216,3.749,2.776,3.497,3.061
"2025-11",3.03,4.673,2.725,2.493,3.419
"2025-12",3.294,4.495,2.152,2.072,3.228
"2026-01",3.412,3.563,1.757,2.099,3.395
"2026-02",2.787,5.38,1.981,2.138,3.245
"2026-03",1.981,2.433,0.734,1.593,2.521
"2026-04",2.454,2.727,1.454,0.525,1.966
"2026-05",1.267,1.986,3.259,1.429,1.456
"2026-06",1.05,2.181,4.694,1.267,1.411
"2026-07",1.602,1.238,3.037,0.994,1.398
"2026-08",2.24,1.636,4.704,1.484,1.89
"2026-09",3.569,4.819,3.112,2.116,2.652
"2026-10",3.862,4.862,1.969,2.383,3.519
"2026-11",3.204,3.098,1.89,2.463,3.089
"2026-12",3.696,1.864,2.175,1.508,2.744
"2027-01",3.4,3.925,1.116,1.931,3.115
"2027-02",3.199,3.642,1.751,2.529,3.034
"2027-03",3.302,2.574,1.114,1.132,2.851
"2027-04",1.646,2.83,1.249,1.532,2.294
"2027-05",1.043,2.163,1.107,1.399,1.526
"2027-06",1.329,1.816,1.865,1.096,1.134
"2027-07",1.436,1.334,5.306,0.584,1.137
"2027-08",2.189,1.592,4.384,1.366,1.824
"2027-09",3.799,3.736,2.35,1.609,2.789
"2027-10",3.044,5.305,3.768,3.66,3.418
"2027-11",3.822,3.838,1.347,2.855,3.432
"2027-12",3.142,4.64,1.323,3.253,3.606
"2028-01",3.108,4.686,2.084,2.298,3.787
"2028-02",2.518,2.817,1.493,1.172,2.892
"2028-03",2.243,3.169,0.849,2.126,2.886
"2028-04",2.252,2.43,1.719,1.09,2.094
"2028-05",1.193,2.6,1.36,2.061,1.769
"2028-06",1.725,2.223,2.018,1.839,1.596
"2028-07",1.582,2.312,2.205,0.977,1.332
"2028-08",1.781,0.863,2.732,1.093,1.84
"2028-09",1.786,1.204,1.928,1.273,2.018
"2028-10",3.023,3.578,2.816,2.799,2.992
"2028-11",3.828,3.162,1.906,1.806,3.252
"2028-12",2.975,4.051,1.316,3.209,3.213
"2029-01",2.501,3.686,1.711,1.914,2.954
"2029-02",2.288,4.176,1.076,2.508,2.84
"2029-03",2.566,2.919,1.099,1.934,2.572
"2029-04",2.514,3.719,2.025,1.489,2.24
"2029-05",2.063,1.957,2.02,1.18,1.767
"2029-06",2.146,2.968,2.944,1.329,1.638
"2029-07",1.873,2.482,4.169,0.85,1.381
"2029-08",1.793,1.591,2.118,1.94,1.931
"2029-09",2.75,1.468,1.442,2.229,2.528
"2029-10",3.639,4.204,3.405,2.142,3.015
"2029-11",3.975,4.679,2.483,3.008,3.759
"2029-12",3.396,5.23,1.991,2.272,4.038
"2030-01",2.448,4.244,1.222,3.105,3.156
"2030-02",2.502,4.066,1.693,2.717,3.283
"2030-03",1.915,2.472,1.569,1.331,2.351
"2030-04",2.028,2.882,1.681,1.781,2.295
"2030-05",1.462,1.848,2.448,1.273,1.766
"2030-06",1.2,1.78,2.033,1.752,1.583
"2030-07",1.561,1.661,3.395,1.153,1.481
"2030-08",2.108,1.256,1.586,1.13,1.633
"2030-09",2.356,2.276,2.878,1.657,2.375
"2030-10",3.728,3.957,2.978,2.793,3.606
"2030-11",3.978,5.897,2.33,2.044,3.484
"2030-12",3.317,4.718,1.884,4.295,3.833
"2031-01",3.513,4.058,2.341,2.536,3.398
"2031-02",2.678,3.472,1.587,2.9,2.818
"2031-03",2.026,2.582,0.974,2.702,2.399
"2031-04",1.894,3.386,1.53,1.495,2.01
"2031-05",2.09,1.338,1.579,0.92,1.705
"2031-06",1.853,2.242,1.994,1.613,1.497
"2031-07",1.212,1.921,2.402,2.066,1.455
"2031-08",3.132,2.029,2.361,1.157,1.914
"2031-09",3.534,3.662,1.908,2.749,3.16
"2031-10",3.487,3.426,1.173,2.936,3.21
"2031-11",3.128,5.502,2.575,2.67,3.7
"2031-12",4.089,4.055,2.106,1.252,3.442
"2032-01",3.209,4.225,1.772,2.342,3.174
"2032-02",3.619,3.681,1.789,1.103,2.859
"2032-03",2.054,3.015,1.261,1.562,2.536
"2032-04",2.284,2.038,1.017,1.561,2.288
"2032-05",1.247,1.119,1.376,0.892,1.697
"2032-06",1.685,1.476,1.764,0.899,1.46
"2032-07",1.573,1.871,4.442,1.328,1.511
"2032-08",2.573,1.514,3.719,2.041,2.059
"2032-09",3.555,1.983,1.278,1.554,2.419
"2032-10",3.419,1.669,2.187,1.939,2.871
"2032-11",4.083,4.652,1.148,1.089,3.417
"2032-12",3.615,3.381,1.826,1.723,3.488
"2033-01",3.409,4.55,1.067,1.849,3.3
"2033-02",3.497,4.135,1.621,2.164,3.34
"2033-03",2.681,3.538,1.298,1.492,2.718
"2033-04",1.39,2.347,1.08,1.611,1.85
"2033-05",1.301,2.033,2.688,1.354,1.714
"2033-06",1.804,0.932,2.127,0.657,1.42
"2033-07",1.581,2.541,2.73,0.939,1.321
"2033-08",2.488,2.438,2.504,0.968,1.811
"2033-09",3.276,2.841,3.759,1.459,2.527
"2033-10",2.827,4.741,2.424,3.586,3.651
"2033-11",3.07,5.689,2.7,2.893,3.695
"2033-12",3.363,5.122,2.81,3.981,3.909
"2034-01",3.418,5.294,1.07,2.608,3.83
"2034-02",2.212,3.196,0.483,2.334,2.943
"2034-03",2.974,4.602,2.245,1.346,3.013
"2034-04",2.076,2.804,1.288,1.406,2.146
"2034-05",2.221,2.855,3.546,0.901,1.624
"2034-06",1.679,2.156,3.301,1.906,1.742
"2034-07",3.091,3.68,3.87,0.56,1.543
"2034-08",2.456,1.803,2.583,1.053,1.74
"2034-09",2.932,2.604,1.358,1.94,2.302
"2034-10",3.607,3.86,2.234,2.401,3.193
"2034-11",3.794,4.76,2.251,2.767,3.577
"2034-12",2.391,4.156,0.828,3.883,3.589
"2035-01",3.216,6.135,1.678,2.791,3.729
"2035-02",2.831,4.269,1.498,2.541,3.033
"2035-03",2.937,3.365,2.223,1.461,2.683
"2035-04",2.138,3.199,2.174,1.823,2.337
"2035-05",1.671,2.037,2.227,1.806,1.658
"2035-06",1.769,3.092,3.132,2.249,1.858
"2035-07",1.358,1.344,3.181,1.316,1.339
"2035-08",2.232,2.804,2.103,2.296,2.022
"2035-09",2.818,1.976,1.47,2.064,2.377
"2035-10",4.013,3.815,3.388,2.688,3.284
"2035-11",3.372,4.743,0.712,5.234,4.099
"2035-12",3.301,5.074,1.216,3.51,3.695
"2036-01",3.031,4.481,1.75,2.863,3.122
"2036-02",3.097,2.353,1.548,2.136,2.825
"2036-03",2.527,2.089,1.849,2.223,2.298
"2036-04",1.027,1.019,0.668,1.543,1.714
"2036-05",1.333,2.075,1.783,1.524,1.562
"2036-06",1.431,2.662,4.244,1.1,1.49
"2036-07",1.946,1.347,5.042,0.561,1.244
"2036-08",1.35,1.263,1.898,0.439,1.233
"2036-09",3.063,2.617,2.702,1.083,2.555
"2036-10",3.388,5.877,3.909,3.473,3.608
"2036-11",4.201,6.132,3.972,3.311,3.984
"2036-12",3.675,4.256,1.9,2.281,3.471
"2037-01",3.566,5.435,1.874,1.611,3.535
"2037-02",3.617,2.025,0.993,1.671,2.825
"2037-03",2.88,2.786,1.555,1.653,2.365
"2037-04",1.849,3.259,0.966,1.723,2.201
"2037-05",1.186,1.857,1.608,1.514,1.318
"2037-06",1.389,1.954,2.485,1.092,1.335
"2037-07",1.839,1.746,4.169,1.598,1.524
"2037-08",1.438,0.943,1.771,1.048,1.61
"2037-09",3.405,3.08,4.585,2.812,2.983
"2037-10",3.983,6.253,2.651,4.224,3.952
"2037-11",2.919,4.34,1.665,3.319,3.317
"2037-12",3.196,5.552,1.249,2.515,3.762
"2038-01",3.866,4.167,1.241,1.998,3.346
"2038-02",2.667,3.993,0.897,1.633,3.038
"2038-03",1.801,1.3,1.277,1.199,2.006
"2038-04",2.021,2.82,0.918,1.059,1.888
"2038-05",1.748,2.552,3.269,1.199,1.699
"2038-06",1.763,1.119,1.718,1.188,1.585
"2038-07",2.547,1.351,3.506,1.02,1.579
"2038-08",2.599,2.099,1.722,1.246,1.693
"2038-09",3.04,1.476,2.523,1.785,2.224
"2038-10",3.858,3.116,2.008,2.041,3.149
"2038-11",3.388,4.833,3.155,2.578,3.292
"2038-12",3.724,4.71,2.004,1.492,3.207
"2039-01",3.383,4.718,1.763,3.133,3.716
"2039-02",3.232,3.362,1.377,3.246,3.038
"2039-03",2.695,2.679,1.241,1.327,2.688
"2039-04",2.117,2.399,0.792,0.883,2.172
"2039-05",1.599,2.942,1.088,1.639,1.621
"2039-06",1.341,1.41,2.572,0.721,1.088
"2039-07",1.522,2.127,3.802,0.8,1.144
"2039-08",2.092,0.82,2.601,0.646,1.611
"2039-09",2.105,2.855,2.042,2.666,2.373
"2039-10",3.154,1.843,2.478,2.16,3.113
"2039-11",3.755,4.299,2.284,2.222,3.312
"2039-12",3.866,4.273,2.196,2.69,3.658
"2040-01",3.055,3.645,0.954,1.636,3.371
"2040-02",2.079,2.276,0.808,2.584,2.867
"2040-03",2.569,3.078,1.669,1.528,2.382
"2040-04",2.088,3.413,1.327,1.579,2.205
"2040-05",1.722,2.467,1.785,1.449,1.621
"2040-06",2.32,2.078,4.144,1.305,1.619
"2040-07",1.633,2.66,4.959,1.54,1.693
"2040-08",2.77,4.427,3.605,2.184,2.235
"2040-09",2.637,3.116,0.813,2.635,2.695
"2040-10",3.031,4.281,2.675,3.009,3.11
"2040-11",3.188,4.918,2.809,2.944,3.424
"2040-12",3.407,4.389,2.245,2.263,3.536
"2041-01",3.282,6.522,1.803,2.28,3.666
"2041-02",2.814,3.88,1.71,2.157,3.113
"2041-03",2.625,3.951,2.069,1.224,2.506
"2041-04",2.111,2.549,0.97,1.059,2.16
"2041-05",1.958,2.747,2.817,1.293,1.708
"2041-06",1.859,1.689,4.714,0.457,1.225
"2041-07",2.08,0.482,3.34,1.455,1.478
"2041-08",2.215,1.513,2.634,1.147,1.577
"2041-09",1.838,2.277,2.178,2.212,2.415
"2041-10",3.614,4.221,3.369,3.648,3.477
"2041-11",4.34,3.56,0.656,3.169,3.87
"2041-12",3.306,4.924,1.565,1.93,3.461
"2042-01",2.965,2.607,2.005,2.045,3.04
"2042-02",2.645,1.934,1.924,1.894,2.51
"2042-03",3.232,1.318,1.731,1.583,2.639
"2042-04",2.373,2.671,1.719,1.254,1.75
"2042-05",1.391,2.325,1.104,0.982,1.189
"2042-06",2.027,1.362,3.23,0.758,1.42
"2042-07",2.947,1.934,3.405,0.693,1.658
"2042-08",2.834,4.414,2.706,3.13,2.521
"2042-09",3.079,2.75,3.605,2.016,2.628
"2042-10",2.924,1.551,2.292,1.273,2.807
"2042-11",3.086,3.534,0.958,3.832,3.841
"2042-12",3.369,4.901,2.056,3.423,3.739
"2043-01",2.968,3.935,1.185,1.265,3.067
"2043-02",3.294,5.12,2.178,1.315,3.032
"2043-03",2.777,3.137,2.063,1.167,2.663
"2043-04",1.8,2.349,2.221,1.683,2.034
"2043-05",1.181,1.896,2.552,1.294,1.49
"2043-06",1.673,1.709,3.189,1.146,1.3
"2043-07",2.751,3.198,5.519,1.222,1.707
"2043-08",2.381,2.676,3.071,1.423,1.873
"2043-09",2.558,2.239,3.426,2.18,2.497
"2043-10",3.799,3.399,2.982,1.204,2.925
"2043-11",3.722,4.273,2.428,0.833,3.144
"2043-12",4.124,4.447,2.183,1.942,3.55
"2044-01",3.001,4.784,1.038,1.85,3.204
"2044-02",2.839,5.017,1.37,1.716,3.071
"2044-03",3.245,3.522,2.055,0.99,2.438
"2044-04",1.821,2.821,1.494,1.759,2.172
"2044-05",2.106,2,3.662,1.031,1.379
"2044-06",1.461,2.439,5.3,2.187,1.529
"2044-07",1.651,1.462,2.827,1.198,1.536
"2044-08",3.556,2.994,4.97,1.251,2.138
"2044-09",3.331,4.773,3.329,2.128,2.724
"2044-10",3.393,4.038,2.602,2.635,3.159
"2044-11",3.612,5.029,2.508,2.863,3.471
"2044-12",3.697,5.606,2.729,1.359,3.264
"2045-01",3.351,5.435,1.972,2.46,3.36
"2045-02",2.551,4.81,0.865,1.912,2.991
"2045-03",2.03,3.38,0.995,1.61,2.846
"2045-04",2.655,1.678,1.692,0.506,1.941
"2045-05",1.853,1.776,2.484,1.799,1.959
"2045-06",2.235,0.809,1.557,1.006,1.491
"2045-07",1.841,1.579,3.262,1.211,1.301
"2045-08",2.72,2.556,3.117,1.843,2.084
"2045-09",3.056,5.4,2.948,2.748,2.56
"2045-10",3.561,2.485,2.349,1.059,2.653
"2045-11",4.01,3.777,1.96,2.621,3.257
"2045-12",3.661,4.695,1.993,2.324,3.594
"2046-01",3.859,3.943,2.326,2.245,3.318
"2046-02",3.513,3.984,2.265,1.1,3.124
"2046-03",2.445,3.234,0.674,1.449,2.706
"2046-04",2.534,2.176,1.211,0.583,2.118
"2046-05",1.717,1.914,2.616,1.921,1.699
"2046-06",1.458,2.336,2.896,1.277,1.435
"2046-07",1.461,0.931,1.465,0.947,1.237
"2046-08",2.348,2.153,2.035,1.852,1.988
"2046-09",3.81,4.837,3.399,3.39,3.293
"2046-10",3.618,5.763,1.935,3.96,3.491
"2046-11",3.764,2.636,2.065,2.205,3.013
"2046-12",3.6,4.573,1.229,2.366,3.335
"2047-01",3.628,1.984,1.288,2.816,3.099
"2047-02",2.886,2.114,1.218,3.135,2.579
"2047-03",2.7,2.722,1.665,1.691,2.245
"2047-04",2.168,2.359,0.683,1.3,1.828
"2047-05",1.369,1.919,1.716,1.625,2.002
"2047-06",1.211,1.762,2.392,1.116,1.176
"2047-07",1.601,2.112,2.448,1.093,1.433
"2047-08",2.141,2.907,1.591,1.907,2.177
"2047-09",3.271,3.324,2.666,1.447,2.564
"2047-10",3.303,5.291,2.006,2.929,3.463
"2047-11",3.614,5.261,2.111,2.83,3.505
"2047-12",2.674,4.742,1.68,3.632,3.316
"2048-01",2.766,3.689,1.438,2.27,3.155
"2048-02",2.038,2.998,0.717,2.611,3.021
"2048-03",2.1,1.857,1.268,1.204,2.323
"2048-04",2.319,2.896,0.555,1.185,2.194
"2048-05",1.876,3.023,2.802,1.646,1.925
"2048-06",0.803,1.179,2.768,0.962,1.028
"2048-07",2.103,3.564,0.641,1.233,1.694
"2048-08",2.279,1.032,1.591,0.861,1.612
"2048-09",2.577,4.791,2.433,2.584,2.649
"2048-10",3.539,3.714,2.168,2.37,3.322
"2048-11",3.457,6.295,2.19,2.816,3.404
"2048-12",3.663,6.525,2.743,2.624,3.59
"2049-01",3.773,4.676,1.641,1.942,3.516
"2049-02",3.637,5.208,1.348,1.333,3.554
"2049-03",2.772,3.756,1.991,1.149,2.586
"2049-04",2.607,2.278,1.669,0.785,1.87
"2049-05",1.493,2.531,3.135,1.855,1.887
"2049-06",2.02,2.093,2.587,1.884,1.662
"2049-07",1.665,2.916,2.647,1.452,1.396
"2049-08",2.296,1.082,1.778,1.23,1.799
"2049-09",3.342,1.472,2.239,1.053,2.283
"2049-10",3.455,3.002,3.211,1.873,2.972
"2049-11",3.568,4.813,2.788,2.055,3.214
"2049-12",3.35,4.092,2.989,2.875,3.467
"2050-01",3.191,4.51,0.945,2.03,3.364
"2050-02",2.977,3.909,1.272,2.173,3.223
"2050-03",2.395,3.253,1.073,1.276,2.348
"2050-04",2.203,3.479,2.311,1.307,1.972
"2050-05",1.49,2.23,2.919,1.538,1.767
"2050-06",1.359,2.112,2.683,0.494,1.361
"2050-07",1.77,1.327,3.57,0.776,1.348
"2050-08",2.406,1.791,0.844,1.081,1.801
"2050-09",3.231,2.876,2.897,2.066,2.724
"2050-10",2.531,2.45,1.636,3.261,2.852
"2050-11",2.641,3.77,1.804,3.807,3.301
"2050-12",2.282,5.729,1.656,3.778,3.52
"2051-01",2.496,2.915,1.562,2.318,3.267
"2051-02",2.258,3.875,1.672,1.73,2.896
"2051-03",2.155,2.175,1.088,1.627,2.45
"2051-04",1.887,2.016,1.054,1.228,1.867
"2051-05",1.944,2.732,2.095,1.228,1.732
"2051-06",2.814,4.38,3.644,1.297,2.017
"2051-07",2.58,2.618,1.285,1.027,1.632
"2051-08",2.666,0.898,3.046,0.764,1.68
"2051-09",2.422,1.947,1.606,1.502,2.182
"2051-10",4.45,4.389,1.354,1.991,3.534
"2051-11",3.33,3.994,1.624,3.578,3.435
"2051-12",3.511,5.054,2.558,2.524,3.57
"2052-01",2.935,5.014,1.455,2.791,3.555
"2052-02",2.205,2.525,1.072,1.778,2.573
"2052-03",3.013,4.294,2.716,1.669,3.094
"2052-04",1.724,3.47,1.303,2.226,2.319
"2052-05",1.888,3.084,1.929,1.618,1.738
"2052-06",2.223,2.612,3.188,1.174,1.645
"2052-07",3.191,2.299,2.782,0.439,1.551
"2052-08",3.7,4.357,3.62,2.249,2.666
"2052-09",2.819,2.022,1.881,2.135,2.389
"2052-10",3.119,3.791,0.594,2.79,3.217
"2052-11",3.903,5.205,2.459,2.572,3.548
"2052-12",3.272,5.29,2.355,2.106,3.291
"2053-01",2.744,5.111,1.775,1.865,3.247
"2053-02",2.738,5.18,1.78,1.526,2.879
"2053-03",2.701,4.137,2.567,2.097,2.673
"2053-04",1.776,2.533,2.203,1.652,1.951
"2053-05",1.818,1.933,3.563,1.316,1.64
"2053-06",2.208,2.029,3.487,1.214,1.444
"2053-07",1.161,1.662,2.407,1.013,1.279
"2053-08",2.974,1.881,2.411,1.801,2.017
"2053-09",2.798,1.587,2.128,1.629,2.454
"2053-10",4.181,4.024,2.611,1.891,3.371
"2053-11",2.681,3.085,2.369,3.091,3.289
"2053-12",2.922,2.532,1.624,2.578,3.187
"2054-01",2.96,6.128,1.767,1.994,3.497
"2054-02",3.58,5.148,0.867,1.132,3.57
"2054-03",3.588,3.39,1.697,1.352,2.834
"2054-04",1.933,1.826,1.181,0.912,1.827
"2054-05",2.216,0.992,2.761,0.685,1.592
"2054-06",1.986,3.021,3.021,2.388,1.981
"2054-07",1.188,1.503,3.311,2.15,1.658
"2054-08",1.974,0.851,1.607,1.015,1.607
"2054-09",4.318,3.482,4.088,1.743,2.939
"2054-10",3.534,4.356,1.432,2.291,3.377
"2054-11",4.533,3.367,2.628,1.306,3.255
"2054-12",4.024,5.368,1.823,2.647,4.148
"2055-01",3.472,4.784,0.951,2.745,3.603
"2055-02",3.376,4.383,0.771,1.122,3.434
"2055-03",2.489,3.293,1.152,1.826,2.784
"2055-04",2.58,1.426,1.221,0.905,1.925
"2055-05",1.607,1.606,2.475,1.426,1.501
"2055-06",1.418,2.169,3.728,3.236,1.937
"2055-07",1.556,1.313,1.828,0.907,1.277
"2055-08",2.225,1.602,5.366,0.968,1.747
"2055-09",2.973,1.291,1.91,2.169,2.609
"2055-10",4.384,5.668,2.024,2.245,3.53
"2055-11",4.427,3.043,2.545,2.683,3.635
"2055-12",3.9,4.786,2.103,2.373,3.692
"2056-01",3.434,4.416,1.101,2.328,3.403
"2056-02",3.238,3.297,1.162,2.165,2.754
"2056-03",2.583,2.72,1.022,2.238,2.47
"2056-04",1.927,2.777,0.882,2.165,2.193
"2056-05",2.646,1.097,1.377,0.97,1.778
"2056-06",1.632,1.348,2.649,1.109,1.507
"2056-07",2.033,2.259,3.548,1.291,1.483
"2056-08",1.774,0.585,2.311,1.571,1.885
"2056-09",3.517,3.974,1.347,1.844,2.766
"2056-10",3.03,3.124,2.738,3.327,3.161
"2056-11",3.623,4.732,2.641,2.625,3.556
"2056-12",3.99,5.333,2.789,2.238,3.623
"2057-01",3.789,6.306,2.279,1.61,3.725
"2057-02",3.866,5.842,2.128,1.321,3.579
"2057-03",3.007,2.445,0.651,1.472,2.797
"2057-04",2.608,1.778,1.47,0.69,1.984
"2057-05",2.286,1.908,3.442,1.34,1.921
"2057-06",2.211,2.172,2.649,0.822,1.503
"2057-07",2.114,1.623,3.374,0.835,1.588
"2057-08",1.997,1.473,2.854,0.772,1.571
"2057-09",2.565,2.864,2.352,2.511,2.563
"2057-10",4.08,4.408,1.381,2.527,3.174
"2057-11",3.9,5.042,2.965,2.83,3.695
"2057-12",3.486,5.653,2.85,2.358,3.265
"2058-01",3.465,4.564,1.602,3.239,3.548
"2058-02",3.543,5.84,2.176,0.966,3.187
"2058-03",2.926,4.303,1.975,1.51,3.044
"2058-04",2.721,3.211,3.64,0.791,2.158
"2058-05",2.744,1.649,2.666,0.588,1.63
"2058-06",1.689,1.055,3.338,1.246,1.498
"2058-07",1.523,1.968,3.939,1.634,1.401
"2058-08",2.629,1.787,2.755,1.944,2.04
"2058-09",3.714,5.343,3.908,2.098,2.836
"2058-10",3.141,4.8,1.981,2.314,3.165
"2058-11",3.185,6.516,4.209,4.033,3.881
"2058-12",2.582,5.415,1.508,3.328,3.573
"2059-01",2.697,4.009,0.945,2.519,3.107
"2059-02",2.352,4.584,1.902,1.853,2.617
"2059-03",2.202,3.141,1.173,1.62,2.565
"2059-04",2.653,3.503,2.661,0.915,2.263
"2059-05",1.459,2.413,2.93,2.061,1.824
"2059-06",1.934,1.115,2.703,0.743,1.369
"2059-07",2.597,0.876,1.926,1.14,1.767
"2059-08",3.793,2.254,4.312,1.363,2.228
"2059-09",3.136,1.42,2.878,1.932,2.55
"2059-10",2.69,4.209,3.082,2.833,3.336
"2059-11",3.693,6.264,2.758,1.997,3.395
"2059-12",3.255,3.962,1.369,2.36,3.45
"2060-01",2.81,2.341,1.228,2.363,3.179
"2060-02",2.999,2.037,2.303,1.251,2.466
"2060-03",1.945,3.756,0.814,1.742,2.46
"2060-04",1.901,3.22,2.206,1.431,2.103
"2060-05",2.556,2.329,3.732,1.258,1.983
"2060-06",1.318,2.759,3.425,1.856,1.673
"2060-07",1.518,2.336,3.075,1.584,1.651
"2060-08",2.304,3.22,3.684,1.961,1.962
"2060-09",3.151,3.1,1.506,1.963,2.457
"2060-10",3.275,2.335,3.769,1.537,2.768
"2060-11",4.256,5.919,2.382,1.89,3.62
"2060-12",3.977,3.362,3.088,2.861,3.409
"2061-01",3.981,5.182,1.254,2.682,4.004
"2061-02",2.911,2.985,1.053,1.387,2.725
"2061-03",2.717,3.043,1.803,1.008,2.214
"2061-04",1.912,2.455,1.625,0.606,2.012
"2061-05",1.569,1.82,1.534,1.03,1.533
"2061-06",1.852,1.123,3.013,0.209,1.241
"2061-07",1.973,1.144,4.411,0.475,1.315
"2061-08",1.517,1.5,3.732,2.657,1.78
"2061-09",2.689,1.879,1.479,2.229,2.399
"2061-10",3.913,4.177,2.899,2.419,3.375
"2061-11",3.787,4.959,2.764,2.045,3.641
"2061-12",3.002,3.921,3.122,3.476,3.642
"2062-01",4.225,4.531,1.233,2.248,3.909
"2062-02",3.537,3.94,1.786,1.408,3.203
"2062-03",3.189,4.804,1.978,1.382,3.074
"2062-04",2.173,2.997,1.494,0.642,2.041
"2062-05",1.553,1.348,2.691,1.519,1.654
"2062-06",1.774,2.192,4.326,0.703,1.302
"2062-07",1.498,1.566,4.513,1.009,1.251
"2062-08",2.037,2.196,2.798,1.646,1.792
"2062-09",3.464,2.326,2.699,0.727,2.568
"2062-10",3.377,2.883,3.163,1.372,2.99
"2062-11",4.691,2.66,2.243,1.15,3.22
"2062-12",4.243,4.594,2.947,1.628,3.59
"2063-01",3.349,4.659,2.074,2.136,3.218
"2063-02",3.903,3.625,1.782,1.144,3.19
"2063-03",2.9,4.145,2.508,1.411,2.898
"2063-04",2.314,2.766,1.416,0.949,1.827
"2063-05",2.181,2.67,2.962,1.163,1.803
"2063-06",1.367,1.651,1.908,1.47,1.408
"2063-07",1.642,1.115,2.349,0.651,1.244
"2063-08",2.21,1.233,2.412,1.378,1.727
"2063-09",3.134,3.337,4.969,2.245,2.404
"2063-10",3.639,4.965,3.519,2.956,3.332
"2063-11",3.785,5.724,4.126,2.087,3.496
"2063-12",3.464,3.326,2.788,1.947,3.22
"2064-01",3.341,5.863,2.34,1.593,3.507
"2064-02",2.868,3.814,1.677,1.672,2.817
"2064-03",2.112,3.08,0.956,2.01,2.603
"2064-04",2.304,2.468,1.227,1.525,1.994
"2064-05",1.984,2.368,2.268,1.033,1.627
"2064-06",1.573,1.407,3.421,0.48,1.255
"2064-07",1.156,2.151,4.788,1.1,1.408
"2064-08",2.961,2.364,3.179,1.437,1.956
"2064-09",4.569,3.552,2.627,1.82,2.797
"2064-10",3.892,4.693,2.501,2.25,3.215
"2064-11",3.761,6.359,2.428,3.35,4.001
"2064-12",3.775,4.851,2.409,2.8,3.536
"2065-01",3.06,4.503,2.476,3.111,3.532
"2065-02",2.791,3.65,1.6,3.015,2.999
"2065-03",1.851,2.902,2.046,2.081,2.477
"2065-04",2.714,3.578,1.898,0.704,2.311
"2065-05",2.004,2.468,2.223,1.238,1.863
"2065-06",1.06,1.842,5.091,2.499,1.459
"2065-07",2.073,0.68,2.826,0.832,1.402
"2065-08",2.376,2.519,3.486,1.016,1.758
"2065-09",2.454,2.494,3.637,3.302,2.861
"2065-10",2.757,4.53,2.562,3.298,3.263
"2065-11",4.004,3.358,2.023,2.215,3.432
"2065-12",3.435,4.009,1.648,2.158,3.616
"2066-01",3.909,3.896,1.403,1.769,3.625
"2066-02",3.134,6,2.805,1.623,3.363
"2066-03",2.406,4.223,0.852,1.725,2.987
"2066-04",2.38,3.142,1.437,1.331,2.296
"2066-05",2.136,2.662,1.806,1.21,1.825
"2066-06",1.796,2.357,2.66,0.877,1.362
"2066-07",2.422,1.035,5.573,1.203,1.524
"2066-08",2.292,1.727,2.439,2.018,1.999
"2066-09",2.823,1.309,1.699,1.695,2.674
"2066-10",4.179,4.001,3.261,2.06,3.391
"2066-11",4.332,5.488,2.013,1.413,3.607
"2066-12",4.207,3.436,1.927,2.288,3.574
"2067-01",3.838,5.1,1.426,1.988,3.719
"2067-02",2.383,3.704,1.64,2.655,2.887
"2067-03",2.424,2.229,0.833,1.793,2.817
"2067-04",2.456,2.745,1.588,0.978,2.389
"2067-05",1.985,2.298,4.153,1.341,1.847
"2067-06",2.083,1.689,3.148,1.561,1.495
"2067-07",2.419,1.937,2.247,0.946,1.59
"2067-08",2.807,1.95,2.65,1.723,2.12
"2067-09",2.306,0.319,1.959,1.852,2.254
"2067-10",4.025,3.895,1.843,2.413,3.354
"2067-11",3.724,3.243,2.646,2.357,3.596
"2067-12",3.64,6.151,2.869,2.286,3.53
"2068-01",3.711,4.346,2.174,1.379,3.303
"2068-02",2.435,3.324,0.841,1.86,2.665
"2068-03",2.885,3.273,1.688,1.117,2.63
"2068-04",2.598,3.466,1.451,1.675,2.402
"2068-05",1.92,2.086,1.737,0.783,1.754
"2068-06",2.233,2.081,2.456,1.503,1.61
"2068-07",1.585,0.959,1.996,1.325,1.375
"2068-08",2.703,1.226,1.632,1.148,2.028
"2068-09",3.743,1.018,1.412,2.453,2.858
"2068-10",3.253,2.722,1.706,3.005,3.204
"2068-11",3.65,5.62,3.055,4.116,3.9
"2068-12",3.357,5.293,3.008,2.82,3.58
"2069-01",3.008,4.429,1.31,3.061,3.879
"2069-02",3.145,2.759,1.066,2.139,2.9
"2069-03",1.818,3.212,1.236,2.176,2.504
"2069-04",1.98,1.303,1.032,1.16,2.015
"2069-05",1.52,2.453,2.08,1.687,1.85
"2069-06",1.796,1.432,3.098,1.664,1.641
"2069-07",1.118,0.924,2.901,1.149,1.385
"2069-08",2.311,2.803,2.022,2.612,2.12
"2069-09",3.135,1.364,2.751,2.018,2.676
"2069-10",1.729,1.712,1.619,3.235,2.81
"2069-11",3.86,4.813,3.419,2.36,3.563
"2069-12",4.48,5.465,3.771,1.34,3.647
"2070-01",4.254,4.759,2.418,1.578,3.714
"2070-02",3.968,3.578,1.531,1.654,3.349
"2070-03",2.821,3.528,1.848,1.416,2.749
"2070-04",1.809,1.888,2.036,1.079,2.033
"2070-05",2.039,3.075,2.991,1.289,1.696
"2070-06",1.385,2.106,2.967,1.056,1.228
"2070-07",2.093,1.452,3.056,0.902,1.48
"2070-08",1.763,2.798,2.079,3.426,2.345
"2070-09",3.745,1.724,2.807,0.829,2.427
"2070-10",4.014,6.901,4.394,3.441,3.767
"2070-11",4.092,2.786,2.852,2.001,3.338
"2070-12",3.715,3.151,2.414,1.017,3.183
"2071-01",4.576,3.72,1.978,0.846,3.559
"2071-02",3.543,5.063,2.878,2.373,3.57
"2071-03",3.03,4.366,2.338,1.03,2.876
"2071-04",1.708,1.868,1.903,1.347,1.858
"2071-05",1.079,1.4,3.11,1.336,1.502
"2071-06",1.584,2.982,3.835,1.267,1.415
"2071-07",1.746,0.908,4.195,0.561,1.22
"2071-08",2.784,1.464,2.27,1.465,1.812
"2071-09",3.872,5.837,3.642,1.792,2.798
"2071-10",3.273,6.497,3.498,4.214,3.649
"2071-11",3.654,4.863,2.05,2.746,3.743
"2071-12",2.53,2.383,1.971,1.988,3.2
"2072-01",3.023,4.616,1.653,3.03,3.436
"2072-02",2.248,4.568,1.411,2.878,3.728
"2072-03",2.114,2.653,1.065,0.968,2.701
"2072-04",1.407,2.671,1.058,1.725,2.187
"2072-05",2.595,2.768,2.59,0.982,1.857
"2072-06",1.993,1.762,2.631,1.363,1.557
"2072-07",1.115,1.802,2.894,2.4,1.57
"2072-08",2.054,1.123,3.14,1.019,1.735
"2072-09",3.557,2.978,1.84,1.476,2.624
"2072-10",3.157,1.935,1.429,1.553,2.784
"2072-11",3.854,4.56,2.632,2.843,3.565
"2072-12",3.884,4.076,1.727,2.437,3.663
"2073-01",3.112,3.758,1.599,1.977,3.112
"2073-02",3.545,4.019,1.104,1.903,3.518
"2073-03",2.426,4.12,1.546,1.582,2.619
"2073-04",1.548,3.183,2.004,1.535,2.257
"2073-05",1.217,1.661,3.903,1.176,1.57
"2073-06",2.573,1.825,3.316,0.873,1.682
"2073-07",3.076,2.025,3.232,1.645,2.053
"2073-08",3.349,2.34,3.564,1.788,2.346
"2073-09",2.437,1.811,1.082,2.12,2.7
"2073-10",4.163,2.697,2.397,1.716,3.112
"2073-11",3.701,4.043,2.994,1.23,3.239
"2073-12",3.412,4.884,1.93,2.574,3.452
"2074-01",3.42,4.741,1.957,1.963,3.243
"2074-02",3.044,5.839,1.302,1.797,3.331
"2074-03",3.668,3.402,1.891,0.634,3.035
"2074-04",2.564,1.977,0.966,1.182,2.242
"2074-05",1.887,1.781,3.395,0.72,1.502
"2074-06",2.262,2.287,4.922,1.346,1.673
"2074-07",2.411,1.106,4.407,1.087,1.594
"2074-08",2.942,0.941,4.262,0.638,1.56
"2074-09",3.154,2.526,4.168,3.411,2.911
"2074-10",4.167,3.538,2.449,1.588,3.099
"2074-11",4.097,6.115,3.273,2.729,3.929
"2074-12",3.362,3.821,2.133,2.321,3.421
"2075-01",3.751,1.769,2.257,1.303,3.059
"2075-02",3.462,2.321,2.792,1.6,2.948
"2075-03",2.903,3.787,1.566,1.024,2.537
"2075-04",1.73,2.014,1.69,1.46,2.114
"2075-05",1.47,2.476,1.593,1.472,1.602
"2075-06",2.285,1.911,3.515,1.331,1.412
"2075-07",1.128,1.43,1.325,1.901,1.767
"2075-08",3.346,1.88,3.313,2.171,2.362
"2075-09",3.882,3.198,3.657,1.324,2.745
"2075-10",3.933,5.443,3.633,2.648,3.34
"2075-11",2.565,3.702,1.47,3.791,3.759
"2075-12",3.794,4.421,1.946,2.805,3.503
"2076-01",3.711,2.967,1.258,1.489,3.486
"2076-02",2.872,3.062,1.966,1.653,2.647
"2076-03",2.612,4.071,1.559,1.799,2.789
"2076-04",1.602,2.164,1.175,1.49,1.962
"2076-05",1.982,2.414,3.522,0.459,1.473
"2076-06",1.82,2.025,3.891,1.372,1.414
"2076-07",2.221,0.756,3.368,0.879,1.444
"2076-08",2.084,3.095,2.002,1.713,1.944
"2076-09",3.837,3.322,1.456,1.772,2.972
"2076-10",3.748,4.527,2.959,2.265,3.316
"2076-11",4.154,6.88,4.154,2.339,3.935
"2076-12",3.979,6.03,2.092,1.648,3.5
"2077-01",3.886,3.151,2.655,0.857,3.122
"2077-02",2.777,1.978,1.568,1.474,2.741
"2077-03",4.194,4.152,1.758,0.869,3.109
"2077-04",2.212,0.847,1.091,1.032,1.891
"2077-05",2.488,2.137,3.73,0.743,1.717
"2077-06",2.054,3.464,5.1,1.986,1.826
"2077-07",1.728,1.989,4.651,1.644,1.367
"2077-08",2.556,1.131,3.089,1.381,1.83
"2077-09",3.525,1.707,1.901,1.711,2.722
"2077-10",3.633,2.465,1.54,2.923,3.053
"2077-11",3.305,4.546,3.317,3.081,3.536
"2077-12",3.658,6.202,3.364,1.773,3.409
"2078-01",3.588,5.991,2.414,2.614,3.995
"2078-02",3.39,3.686,0.876,1.389,3.073
"2078-03",1.942,4.181,0.783,2.584,2.745
"2078-04",2.116,3.348,2.144,1.136,1.948
"2078-05",1.282,1.978,2.397,1.579,1.612
"2078-06",1.309,2.134,2.884,1.194,1.248
"2078-07",0.986,1.88,4.217,1.79,1.393
"2078-08",2.096,1.922,5.009,1.52,1.817
"2078-09",2.453,2.744,1.963,2.276,2.733
"2078-10",3.946,4.284,4.041,2.295,3.09
"2078-11",2.785,3.182,3.025,3.273,3.29
"2078-12",3.399,4.663,2.083,2.417,3.351
"2079-01",3.403,3.532,2.464,1.39,3.169
"2079-02",3.511,5.242,2.178,0.804,3.367
"2079-03",2.178,3.262,1.397,2.932,2.882
"2079-04",2.382,2.309,1.96,0.923,2.327
"2079-05",1.523,2.522,2.4,1.454,1.627
"2079-06",1.73,2.092,3.791,1.553,1.503
"2079-07",1.839,0.728,2.553,0.803,1.494
"2079-08",2.343,0.522,2.382,1.072,1.732
"2079-09",2.946,1.172,3.206,1.674,2.477
"2079-10",3.648,3.512,3.544,2.108,2.955
"2079-11",3.621,5.526,2.952,2.068,3.475
"2079-12",3.369,5.088,1.521,1.598,3.33
"2080-01",2.001,3.233,1.099,2.738,3.256
"2080-02",3.157,2.544,2.003,0.8,3.109
"2080-03",2.507,3.451,2.158,2.083,2.917
"2080-04",1.707,3.241,2.672,1.221,1.956
"2080-05",1.962,1.754,3.413,0.81,1.414
"2080-06",2.573,3.091,2.887,1.898,1.846
"2080-07",4.387,4.612,5.338,2.24,2.462
"2080-08",2.274,4.015,4.87,2.143,2.015
"2080-09",3.563,3.383,4.934,1.92,2.7
"2080-10",4.055,5.386,2.749,2.206,3.38
"2080-11",4.222,6.162,2.773,2.956,3.853
"2080-12",3.293,6.129,1.927,3.391,4.016
"2081-01",4.113,1.915,1.401,1.347,3.219
"2081-02",3.126,6.119,2.973,1.913,3.158
"2081-03",3.238,2.264,0.909,1.603,2.872
"2081-04",2.162,1.662,2.6,1.398,2.059
"2081-05",2.307,1.753,1.962,0.616,1.654
"2081-06",1.16,1.535,4.256,1.43,1.349
"2081-07",3.057,2.997,2.909,1.91,2.1
"2081-08",2.331,1.311,2.312,1.807,2.108
"2081-09",3.646,3.834,2.978,1.671,2.799
"2081-10",3.58,3.832,3.785,3.136,3.173
"2081-11",3.212,4.622,2.998,2.588,3.348
"2081-12",3.219,6.311,0.633,4.137,4.323
"2082-01",3.508,5.32,2.249,2.004,3.623
"2082-02",2.97,3.974,1.479,1.469,2.926
"2082-03",2.843,4.18,2.426,1.715,2.59
"2082-04",2.656,2.521,3.412,0.846,2.106
"2082-05",2.196,2.05,2.354,0.524,1.422
"2082-06",2.065,1.654,2.314,0.686,1.386
"2082-07",2.534,2.721,4.821,1.562,1.871
"2082-08",3.055,2.397,1.93,1.064,1.863
"2082-09",3.989,4.436,4.129,1.711,2.638
"2082-10",3.212,4.15,3.995,2.32,2.746
"2082-11",3.709,4.247,2.708,2.74,3.418
"2082-12",4.459,3.53,2.535,1.742,3.417
"2083-01",3.296,3.368,1.138,1.248,3.169
"2083-02",2.765,3.236,1.862,1.992,2.859
"2083-03",2.662,2.914,1.203,0.92,2.297
"2083-04",2.162,3.565,2.393,1.077,2
"2083-05",2.826,3.124,1.971,0.982,1.951
"2083-06",2.052,2.57,3.463,1.11,1.502
"2083-07",1.521,1.472,2.238,0.519,1.178
"2083-08",2.733,0.962,4.082,0.521,1.565
"2083-09",3.78,3.182,2.915,1.694,2.875
"2083-10",3.884,6.51,3.651,2.883,3.482
"2083-11",3.782,4.965,2.435,2.415,3.901
"2083-12",4.117,4.447,1.923,2.148,3.744
"2084-01",4.2,5.066,1.982,1.514,3.488
"2084-02",2.949,3.724,1.939,1.633,3.198
"2084-03",2.887,3.708,1.824,1.504,2.807
"2084-04",2.503,2.938,1.483,1.132,2.068
"2084-05",1.856,1.944,2.409,0.918,1.522
"2084-06",2.318,1.461,2.74,1.312,1.459
"2084-07",1.539,2.644,4.574,1.727,1.611
"2084-08",2.336,1.423,1.969,0.773,1.509
"2084-09",2.866,1.553,1.199,1.558,2.592
"2084-10",4.199,4.646,3.197,1.592,2.888
"2084-11",3.426,4.803,2.843,1.965,3.342
"2084-12",3.8,3.169,2.495,1.417,3.162
"2085-01",4.286,6.595,2.899,0.989,3.574
"2085-02",4.016,3.384,2.335,0.705,3.322
"2085-03",3.219,2.415,1.391,0.79,2.48
"2085-04",1.994,1.637,2.105,0.986,1.96
"2085-05",1.912,2.927,2.714,0.852,1.677
"2085-06",1.794,1.39,4.275,0.953,1.327
"2085-07",1.215,1.054,2.835,1.215,1.428
"2085-08",1.717,1.944,2.344,2.042,1.88
"2085-09",3.359,2.384,2.681,1.395,2.546
"2085-10",2.669,2.397,3.341,2.821,2.726
"2085-11",3.873,4.962,4.296,3.165,3.71
"2085-12",2.024,4.837,1.224,3.471,3.226
"2086-01",2.988,3.572,2.042,1.493,3.231
"2086-02",2.399,3.36,1.126,1.856,2.889
"2086-03",2.539,3.036,2.056,1.505,2.737
"2086-04",2.049,2.047,1.143,1.253,1.88
"2086-05",2.114,1.398,3.074,0.855,1.553
"2086-06",2.19,2.091,5.696,1.309,1.68
"2086-07",2.197,1.679,4.429,1.376,1.791
"2086-08",1.994,2.758,2.599,1.691,1.994
"2086-09",4.225,4.299,4.426,1.704,2.757
"2086-10",4.329,3.726,2.899,1.353,3.236
"2086-11",4.278,5.148,2.414,2.025,3.559
"2086-12",4.409,5.687,2.621,1.305,3.553
"2087-01",2.385,5.065,2.153,3.012,3.332
"2087-02",2.817,3.548,1.984,1.805,2.863
"2087-03",2.027,2.652,1.509,0.987,2.412
"2087-04",1.937,3.302,0.909,1.549,2.068
"2087-05",1.954,1.819,3.145,0.67,1.438
"2087-06",1.663,2.034,2.759,2.319,1.744
"2087-07",2.01,2.28,7.395,2.051,1.689
"2087-08",2.706,4.046,4.202,3.068,2.359
"2087-09",4.072,1.491,1.534,0.853,2.51
"2087-10",3.572,4.948,1.674,2.639,3.309
"2087-11",3.267,5.434,1.306,3.388,3.509
"2087-12",3.374,5.723,2.831,2.183,3.525
"2088-01",3.181,5.995,2.899,2.528,3.645
"2088-02",2.477,1.572,1.264,1.759,2.386
"2088-03",2.652,3.625,1.376,1.558,2.776
"2088-04",2.45,4.248,0.872,0.933,2.385
"2088-05",1.206,1.719,2.684,0.823,1.352
"2088-06",0.926,1.197,2.709,1.14,1.124
"2088-07",1.581,1.193,2.215,0.727,1.279
"2088-08",2.536,2.774,1.66,1.063,1.646
"2088-09",3.498,3.806,3.076,1.181,2.462
"2088-10",4.389,4.944,3.513,1.809,3.339
"2088-11",3.823,5.834,1.931,1.848,3.631
"2088-12",3.11,6.746,2.963,3.121,3.661
"2089-01",4.097,4.512,3.027,0.685,3.236
"2089-02",3.76,5,1.262,1.408,3.695
"2089-03",3.646,3.025,1.578,1.667,3.102
"2089-04",2.718,1.1,2.79,0.355,2.021
"2089-05",2.322,0.876,3.419,0.484,1.716
"2089-06",2.761,2.167,3.555,0.443,1.574
"2089-07",2.412,2.522,5.805,1.648,1.794
"2089-08",1.489,2.819,8.992,2.565,2.088
"2089-09",2.803,1.946,3.616,2.535,2.58
"2089-10",2.927,4.346,2.706,2.571,3.123
"2089-11",3.486,5.524,2.732,2.896,3.465
"2089-12",3.073,4.494,2.783,1.796,3.09
"2090-01",3.818,4.259,1.121,2.61,3.683
"2090-02",2.319,3.338,1.001,1.962,2.899
"2090-03",2.626,4.461,2.306,1.741,2.73
"2090-04",2.203,2.621,2.19,1.505,1.934
"2090-05",1.404,2.634,1.305,1.364,1.49
"2090-06",1.657,2.237,4.082,0.952,1.36
"2090-07",0.951,1.343,4.241,1.827,1.506
"2090-08",3.498,3.954,5.451,1.727,2.213
"2090-09",2.863,5.487,5.222,3.82,2.928
"2090-10",2.942,3.014,1.955,2.149,2.758
"2090-11",3.668,3.95,1.825,1.906,3.552
"2090-12",3.52,5.264,3.891,2.413,3.615
"2091-01",3.318,4.528,1.657,1.637,3.095
"2091-02",2.263,3.487,0.529,2.418,2.874
"2091-03",2.501,4.8,2.063,1.7,2.821
"2091-04",2.259,3.113,1.702,1.018,1.928
"2091-05",2.018,1.805,3.427,0.966,1.72
"2091-06",1.763,1.506,2.702,0.296,1.05
"2091-07",1.898,1.937,5.242,0.596,1.285
"2091-08",3.591,2.815,2.497,1.291,2.008
"2091-09",2.902,5.364,6.63,4.204,3.158
"2091-10",3.124,3.936,2.776,1.81,3.001
"2091-11",4.712,3.529,2.666,1.437,3.515
"2091-12",4.475,2.827,2.713,0.78,3.376
"2092-01",3.714,4.359,2.252,2.36,3.609
"2092-02",3.151,4.754,2.003,1.428,3.235
"2092-03",1.455,3.043,0.581,2.67,2.816
"2092-04",2.353,3.947,2.252,1.115,2.31
"2092-05",1.614,2.201,1.752,1.352,1.517
"2092-06",1.958,2.136,4.717,0.62,1.373
"2092-07",3.041,1.87,4.095,1.206,1.757
"2092-08",2.639,1.81,3.282,0.913,1.846
"2092-09",5.06,5.103,2.767,1.679,3.026
"2092-10",4.64,3.484,4.334,2.932,3.432
"2092-11",3.916,4.102,2.755,2.094,3.394
"2092-12",4.334,4.717,2.033,1.883,3.592
"2093-01",3.271,4.87,0.954,2.968,3.785
"2093-02",3.257,5.142,1.322,1.789,3.128
"2093-03",3.164,3.858,2.174,0.861,2.923
"2093-04",2.015,0.945,1.781,0.532,1.878
"2093-05",1.266,1.152,2.864,1.545,1.51
"2093-06",1.088,0.804,5.514,0.735,1.175
"2093-07",1.54,1.602,3.016,1.691,1.288
"2093-08",2.078,1.441,3.015,3.008,2.333
"2093-09",3.681,1.544,2.168,1.727,2.801
"2093-10",4.002,3.138,3.828,2.665,3.187
"2093-11",4.137,4.966,4.655,1.805,3.62
"2093-12",4.333,4.477,1.989,1.316,3.691
"2094-01",4.271,5.232,3.25,1.529,3.519
"2094-02",4.177,4.769,2.158,0.895,3.225
"2094-03",2.14,1.624,1.509,1.554,2.552
"2094-04",2.019,2.552,2.103,1.195,1.985
"2094-05",1.448,2.613,1.339,1.126,1.373
"2094-06",1.62,0.82,4.286,0.675,1.157
"2094-07",2.157,1.154,2.604,0.929,1.336
"2094-08",0.968,2.042,3.762,2.331,1.706
"2094-09",3.192,3.431,4.476,2.266,2.812
"2094-10",4.173,3.417,4.693,3.076,3.361
"2094-11",3.348,4.928,3.655,2.364,3.133
"2094-12",2.995,4.632,2.142,1.844,3.621
"2095-01",2.431,5.195,1.365,3.028,3.424
"2095-02",2.526,3.714,1.522,2.034,3.074
"2095-03",2.019,2.514,1.814,1.404,2.685
"2095-04",2.604,2.991,2.097,0.997,2.567
"2095-05",1.546,2.435,2.37,1.162,1.538
"2095-06",2.009,2.15,3.534,1.483,1.546
"2095-07",1.355,1.201,2.084,1.281,1.299
"2095-08",2.455,0.584,2.004,0.659,1.765
"2095-09",3.889,3.659,2.839,1.527,2.739
"2095-10",4.404,4.647,4.119,1.78,3.533
"2095-11",3.768,5.782,2.669,2.268,3.53
"2095-12",4.44,5.537,1.943,1.582,3.858
"2096-01",3.493,3.763,1.566,1.346,3.676
"2096-02",4.248,4.994,2.4,1.573,3.844
"2096-03",2.81,3.504,2.306,1.359,2.836
"2096-04",2.264,1.181,1.461,0.691,1.876
"2096-05",2.27,1.958,4.659,0.507,1.354
"2096-06",1.86,3.023,4.695,2.541,1.768
"2096-07",2.174,2.871,4.391,2.699,2.021
"2096-08",2.356,3.01,2.045,2.826,2.325
"2096-09",2.602,3.672,2.211,2.338,2.376
"2096-10",4.02,3.969,3.59,2.24,3.32
"2096-11",4.645,4.213,2.734,1.145,3.235
"2096-12",3.967,4.123,2.387,1.277,3.287
"2097-01",3.427,5.151,1.667,1.731,3.401
"2097-02",3.91,4.399,2.041,0.797,3.173
"2097-03",1.947,1.782,1.492,0.832,2.39
"2097-04",2.56,3.092,1.156,1.323,2.684
"2097-05",2.399,0.689,2.465,0.277,1.618
"2097-06",2.446,1.419,4.226,0.568,1.514
"2097-07",2.629,1.385,4.677,1.101,1.924
"2097-08",2.826,4.016,4.372,1.877,2.122
"2097-09",3.041,1.43,2.526,1.126,2.421
"2097-10",4.802,4.619,2.565,3.246,3.609
"2097-11",3.881,3.998,2.04,1.855,3.22
"2097-12",4.324,5.627,3.152,1.53,3.722
"2098-01",3.761,4.438,2.31,1.129,3.321
"2098-02",2.743,1.25,1.13,1.331,2.788
"2098-03",2.917,1.475,1.661,0.83,2.356
"2098-04",2.213,2.426,2.457,0.488,2.073
"2098-05",1.559,3.478,4.233,1.261,1.451
"2098-06",1.825,2.15,4.006,1.551,1.539
"2098-07",3.125,2.528,3.857,1.6,1.832
"2098-08",2.643,2.099,2.554,1.797,2.133
"2098-09",3.963,2.561,1.405,1.55,2.802
"2098-10",4.712,4.748,3.166,2.542,3.286
"2098-11",4.398,4.312,3.698,2.482,3.447
"2098-12",3.596,4.128,2.445,1.738,3.433
"2099-01",3.987,2.698,2.406,1.255,3.413
"2099-02",3.788,3.702,2.611,0.992,2.937
"2099-03",3.072,3.405,1.83,1.125,2.591
"2099-04",1.953,2.61,1.436,1.412,1.927
"2099-05",1.992,2.28,3.59,0.926,1.801
"2099-06",2.688,2.586,3.825,1.015,1.531
"2099-07",2.612,2.199,5.263,1.503,2.004
"2099-08",3.435,2.247,1.811,1.256,2.421
"2099-09",2.991,2.599,1.61,2.035,2.712
"2099-10",3.499,4.651,2.258,3.457,3.244
"2099-11",3.688,7.246,3.184,3.278,3.902
"2099-12",4.079,6.701,3.549,2.345,3.842
"2100-01",4.836,4.168,1.889,1.27,3.9
"2100-02",3.635,4.348,2.165,1.294,3.142
"2100-03",2.884,5.326,2.507,1.632,2.812
"2100-04",1.767,2.928,1.718,1.199,1.911
"2100-05",2.072,1.785,1.925,0.956,1.555
"2100-06",2.475,1.846,3.485,0.41,1.457
"2100-07",2.96,2.716,3.737,1.172,1.827
"2100-08",2.922,1.833,3.727,1.946,2.093
"2100-09",3.824,3.161,2.681,2.822,2.887
"2100-10",4.85,3.039,2.699,1.891,3.208
"2100-11",4.448,3.88,2.427,0.989,3.095
"2100-12",3.941,4.99,2.209,2.217,3.498
