#Dataset: CMIP5_CanESM2_r1i1p1_rcp85
#Variable: pr
#Area: sea
#Interpolation_method: cdo remap
#Spatial_resolution: 2º
#Creation_Date: 2020-07-28
#Author: IPCC-WGI Atlas Hub (https://github.com/SantanderMetGroup/IPCC-Atlas). Santander Meteorology Group.
"date","GIC","NWN","NEN","WNA","CNA","ENA","NCA","SCA","CAR","NWS","NSA","NES","SAM","SWS","SES","SSA","NEU","WCE","EEU","MED","SAH","WAF","CAF","NEAF","SEAF","WSAF","ESAF","MDG","RAR","WSB","ESB","RFE","WCA","ECA","TIB","EAS","ARP","SAS","SEA","NAU","CAU","EAU","SAU","NZ","EAN","WAN","ARO","NPO","EPO","SPO","NAO","EAO","SAO","ARS","BOB","EIO","SIO","SOO","world"
"2006-01",59.212,63.114,23.001,140.721,164.153,152.65,66.979,31.851,67.559,71.129,25.312,92.991,NA,10.895,139.251,59.379,104.328,46.089,NA,42.265,2.494,25.219,95.391,7.833,179.505,7.851,161.069,114.239,19.662,NA,NA,63.541,28.601,NA,NA,93.095,0.87,9.846,173.055,115.298,2.363,14.521,31.847,56.792,38.209,37.968,22.285,65.098,301.65,102.477,107.891,105.698,67.739,29.678,17.965,229.687,77.273,64.881,94.857
"2006-02",43.523,47.378,19.561,90.732,45.783,147.058,22.78,12.111,45.338,81.887,13.622,86.463,NA,13.882,122.178,64.464,101.724,84.073,NA,46.894,7.526,45.777,47.702,13.64,56.367,11.575,109.199,113.683,8.238,NA,NA,58.95,20.831,NA,NA,79.09,0.961,12.522,127.159,212.956,3.647,11.648,20.355,40.086,38.31,41.751,11.256,54.993,252.189,90.594,114.672,79.387,70.129,3.898,2.843,149.848,101.259,73.7,87.987
"2006-03",50.476,59.053,39.949,122.036,78.818,159.976,30.827,37.735,42.902,195.205,11.594,302.066,NA,15.632,125.942,55.446,77.946,127.337,NA,68.451,4.14,67.307,84.194,1.786,93.574,12.707,159.287,146.544,11.422,NA,NA,67.663,25.291,NA,NA,90.138,0.437,10.14,142.289,117.834,10.62,69.18,39.573,80.356,63.015,60.358,12.667,60.042,262.613,95.401,105.331,112.056,61.341,5.445,9.709,108.239,134.426,82.584,95.835
"2006-04",34.649,35.183,29.359,71.726,130.54,124.385,41.072,119.463,45.703,204.205,10.372,266.025,NA,21.422,129.765,64.376,47.059,126.026,NA,44.098,2.283,104.94,170.089,37.629,161.561,17.549,73.338,61.576,23.526,NA,NA,64.946,52.284,NA,NA,136.359,10.237,21.554,140.17,161.085,15.88,30.465,65.239,68.133,60.403,55.68,19.607,47.328,243.881,101.54,76.786,119.07,65.97,7.724,13.877,109.753,111.605,89.558,94.816
"2006-05",47.953,31.542,34.43,36.546,30.147,116.68,14.392,119.042,43.535,202.48,20.944,294.095,NA,32.441,63.515,52.484,42.765,62.783,NA,33.193,3.922,134.116,97.462,67.683,117.284,11.423,66.977,87.839,18.477,NA,NA,67.348,61.178,NA,NA,125.272,0.355,25.318,198.456,74.329,18.894,25.377,95.841,76.383,58.417,71.054,17.787,60.828,264.383,92.673,70.513,169.674,66.344,16.616,137.594,179.649,90.771,89.029,99.091
"2006-06",43.371,31.593,42.273,22.691,83.69,115.326,48.663,226.126,89.298,212.566,92.031,69.637,NA,42.792,100.462,59.625,34.941,33.206,NA,19.809,4.065,259.823,24.278,5.143,30.213,15.616,51.057,47.188,23.135,NA,NA,49.621,20.56,NA,NA,195.849,3.378,43.627,202.423,41.286,28.893,30.771,98.496,101.656,54.378,56.109,25.045,129.154,208.488,81.346,59.241,171.038,67.113,113.917,32.745,165.119,62.425,83.167,97.773
"2006-07",50.408,50.755,40.804,18.669,95.889,86.947,73.661,206.209,70.395,115.159,214.613,26.871,NA,39.655,57.82,66.639,55.062,7.232,NA,6.89,6.177,172.293,2.909,6.592,22.373,18.07,36.727,31.312,29.996,NA,NA,64.601,0.65,NA,NA,202.122,0.105,135.67,241.697,11.083,64.883,21.545,88.945,112.739,48.645,50.048,23.838,168.405,218.604,77.106,52.215,144.556,66.256,115.238,53.916,204.167,46.576,82.356,98.791
"2006-08",67.473,48.343,49.306,15.99,75.184,141.502,73.627,236.602,79.967,186.01,178.397,14.028,NA,39.637,55.229,56.278,58.587,10.66,NA,7.574,6.792,150.041,4.062,11.521,21.41,12.316,18.993,20.402,35.317,NA,NA,80.386,5.883,NA,NA,224.374,0.583,264,217.95,12.916,8.976,39.543,55.602,60.552,39.822,52.15,41.786,176.152,178.665,70.313,81.68,84.145,60.642,104.473,234.547,232.115,28.132,79.252,96.863
"2006-09",66.053,78.563,53.466,49.956,189.001,117.647,131.741,205.316,107.452,164.485,106.456,6.341,NA,23.947,122.062,60.801,76.223,35.765,NA,18.797,4.221,148.459,5.442,10.863,22.414,13.281,29.868,13.535,43.373,NA,NA,108.117,7.9,NA,NA,148.759,7.791,203.517,187.638,14.208,8.138,30.213,51.304,49.418,36.047,50.591,45.138,177.295,122.538,65.159,88.45,78.072,58.512,125.77,266.904,212.216,25.959,73.534,90.161
"2006-10",66.232,78.076,55.998,120.588,169.064,152.921,100.909,143.776,112.672,145.38,28.461,4.688,NA,22.071,75.849,42.179,89.805,78.438,NA,45.184,5.104,188.556,5.179,37.46,28.839,7.212,28.696,12.618,43.537,NA,NA,86.982,19.091,NA,NA,121.143,5.948,219.817,231.832,13.158,3.832,33.996,30.274,45.422,37.958,48.781,36.362,179.179,118.632,71.937,107.696,71.333,47.023,127.836,229.084,276.422,30.986,69.751,94.518
"2006-11",61.173,60.212,38.282,111.336,52.538,120.604,41.464,97.221,109.502,147.918,71.527,37.245,NA,18.348,131.028,54.487,68.903,92.471,NA,71.018,2,146.182,6.281,20.399,88.768,6.081,53.159,58.729,35.849,NA,NA,62.541,14.275,NA,NA,101.967,0.265,123.781,215.33,26.747,10.192,86.886,28.105,78.042,30.627,35.848,27.015,154.341,123.841,73.823,123.845,86.099,60.913,111.048,235.892,218.55,71.843,65.093,92.077
"2006-12",45.512,73.571,37.709,112.232,59.316,154.144,57.15,51.953,76.871,89.431,41.388,100.435,NA,12.351,135.215,43.588,92.37,174.114,NA,82.511,2.085,20.38,52.159,22.071,77.209,5.055,168.485,129.063,21.152,NA,NA,78.522,7.504,NA,NA,98.369,2.201,90.681,291.102,85.218,5.758,99.974,24.978,85.066,48.913,26.993,21.447,126.396,203.047,76.71,117.837,116.448,60.416,120.827,207.007,230.875,107.081,66.885,98.494
"2007-01",38.459,69.341,28.863,132.606,174.186,73.573,62.143,26.505,68.234,44.292,23.398,144.623,NA,22.148,156.122,65.709,114.039,86.161,NA,41.467,0.597,2.38,173.339,0.874,86.791,9.474,78.161,66.785,13.105,NA,NA,60.307,6.366,NA,NA,69.191,0.311,33.352,310.455,221.353,6.155,77.284,46.361,110.492,53.11,42.577,18.649,80.001,207.959,98.847,82.048,98.741,60.431,23.063,155.803,239.298,96.82,66.093,95.13
"2007-02",32.322,65.254,20.963,79.372,90.601,134.128,37.173,25.976,34.782,57.525,13.282,141.567,NA,13.038,139.352,60.173,94.425,82.699,NA,39.126,0.248,24.839,140.769,0.396,74.134,12.807,110.704,60.671,17.055,NA,NA,41.337,30.734,NA,NA,68.582,0.01,49.958,219.269,347.311,51.518,71.154,42.721,93.31,49.988,40.473,15.765,71.805,152.632,102.294,90.694,83.221,61.333,43.494,36.815,143.723,90.274,68.17,85.766
"2007-03",45.745,47.224,16.279,106.502,45.388,79.482,16.201,30.446,23.366,72.528,12.31,143.172,NA,22.607,107.435,63.775,92.739,113.576,NA,41.723,3.393,92.399,51.512,1.412,138.595,9.886,116.322,92.051,19.105,NA,NA,50.783,44.43,NA,NA,92.883,1.156,31.378,157.42,228.393,39.927,91.071,44.024,82.126,68.663,54.621,16.547,68.745,168.493,136.629,74.852,112.237,80.043,18.07,42.557,139.183,109.992,82.614,93.473
"2007-04",52.071,39.383,28.547,70.786,24.851,82.039,10.495,101.962,39.646,155.288,17.061,436.667,NA,24.611,53.308,60.437,33.339,103.045,NA,44.565,2.109,146.793,163.558,9.763,108.665,12.954,107.765,61.845,15.547,NA,NA,40.415,30.415,NA,NA,143.76,0.518,63.816,170.144,131.775,13.093,117.321,44.653,100.55,73.224,58.706,14.359,74.146,166.147,104.366,64.591,206.761,52.703,13.084,78.243,111.316,113.7,88.12,91.258
"2007-05",40.478,60.526,38.435,31.897,12.768,103.945,8.344,219.134,41.885,150.367,66.416,200.309,NA,57.445,85.373,66.965,28.404,126.931,NA,46.138,3.914,203.245,79.448,8.792,31.972,23.064,53.127,57.48,20.162,NA,NA,53.4,38.538,NA,NA,131.017,0.751,132.824,172.558,121.51,40.323,67.641,64.491,82.615,69.043,67.062,16.704,110.797,129.82,108.313,68.277,249.263,71.523,89.077,260.6,212.859,86.09,87.08,98.056
"2007-06",43.503,43.456,33.767,34.206,40.431,113.76,40.36,277.866,51.294,141.751,156.656,61.922,NA,52.298,83.988,76.44,40.881,7.835,NA,6.58,7.491,308.986,29.546,6.048,25.657,27.368,43.124,26.296,22.445,NA,NA,76.253,4.304,NA,NA,162.893,1.052,255.926,205.766,43.325,39.723,66.837,101.229,133.661,61.098,60.866,21.186,131.427,135.854,101.287,50.424,208.778,56.049,109.399,283.736,156.38,65.007,79.9,92.648
"2007-07",51.812,40.579,46.853,17.696,89.545,125.479,62.955,183.122,74.858,115.917,179.911,29.204,NA,46.976,36.203,67.546,25.078,21.667,NA,10.857,7.375,231.616,3.063,17.472,23.807,10.239,49.28,42.195,27.954,NA,NA,88.861,2.231,NA,NA,199.012,20.291,165.024,233.862,22.929,62.067,34.841,86.861,102.725,43.305,49.192,28.786,165.121,134.414,90.508,64.92,138.088,54.015,97.181,238.797,223.034,51.462,76.513,96.691
"2007-08",68.36,51.727,59.231,26.489,39.349,98.657,53.09,192.602,73.005,193.283,145.144,8.106,NA,31.163,47.896,57.518,47.174,42.552,NA,14.589,4.438,192.379,3.86,49.565,10.131,24.922,29.63,12.789,37.133,NA,NA,104.299,0.379,NA,NA,197.695,16.705,148.722,218.45,5.62,64.211,46.498,94.254,129.412,55.148,37.765,31.366,170.082,106.88,83.54,76.195,80.605,41.797,92.46,286.707,220.916,55.374,76.986,94.683
"2007-09",77.791,87.476,45.335,43.028,135.144,120.019,82.579,183.814,122.379,102.606,73.562,5.206,NA,37.518,50.183,70.083,77.397,16.801,NA,20.527,5.674,112.083,7.811,29.32,17.371,7.357,27.231,13.247,35.863,NA,NA,111.562,3.145,NA,NA,164.766,1.497,303.596,229.899,11.325,9.65,34.577,61.825,73.517,43.724,37.902,35.046,171.808,88.988,75.824,103.024,55.505,48.539,127.533,349.886,241.068,36.348,68.99,89.514
"2007-10",76.602,73.166,67.137,82.256,65.051,128.372,49.696,185.664,154.347,146.525,72.394,6.138,NA,27.115,77.718,47.399,116.273,92.215,NA,49.06,4.337,182.574,3.308,14.206,8.316,6.958,23.554,11.472,47.37,NA,NA,97.387,36.086,NA,NA,73.791,11.772,247.553,254.702,20.646,13.086,81.283,34.041,75.022,50.217,42.972,40.981,180.329,86.902,79.326,104.928,84.36,46.295,101.058,277.698,175.834,43.987,68.338,90.614
"2007-11",62.128,70.663,37.038,116.958,45.552,90.731,58.526,106.527,116.693,139.958,88.141,16.031,NA,15.065,144.657,41.107,101.398,152.619,NA,72.909,1.997,136.307,26.057,13.958,58.968,5.582,58.487,57.357,30.589,NA,NA,63.071,14.881,NA,NA,130.525,0.451,189.247,245.106,66.578,5.915,46.676,47.834,66.311,46.016,37.491,31.562,163.082,99.684,75.721,102.704,111.732,52.63,125.694,264.411,186.549,65.01,62.681,90.908
"2007-12",63.145,78.003,35.864,108.267,90.652,111.764,64.325,47.725,71.942,108.365,44.806,105.063,NA,15.169,125.265,43.61,75.848,227.69,NA,92.21,2.054,21.13,50.539,0.926,65.899,6.345,129.798,96.661,24.163,NA,NA,63.179,7.73,NA,NA,90.63,0.429,133.459,327.434,192.222,3.804,107.176,51.986,70.506,42.655,28.832,19.67,123.27,134.099,90.308,104.13,138.598,51.864,80.868,271.141,238.827,86.42,64.019,97.217
"2008-01",51.099,67.04,39.371,120.734,30.089,80.741,28.978,32.727,58.353,86.054,29.534,215.681,NA,16.161,90.966,60.204,85.444,177.179,NA,86.402,3.499,27.084,35.095,1.572,35.618,7.962,119.221,140.905,11.699,NA,NA,72.936,7.621,NA,NA,104.133,0.345,71.126,328.422,292.014,20.537,216.936,26.629,108.869,43.541,36.029,18.319,95.721,153.924,109.623,94.094,117.425,58.235,39.521,86.554,144.418,86.818,66.06,92.829
"2008-02",47.913,50.578,32.302,121.438,83.654,32.771,26.665,25.437,55.217,67.533,31.249,249.285,NA,12.942,80.678,56.15,89.734,58.821,NA,52.52,1.661,68.106,28.254,0.56,76.934,7.168,141.775,155.573,16.867,NA,NA,45.072,35.676,NA,NA,83.349,0.032,38.031,202.876,279.752,2.608,182.559,31.66,116.848,51.957,40.808,19.206,58.984,159.883,115.745,69.722,110.957,51.118,21.922,72.298,136.833,100.294,65.108,82.316
"2008-03",52.722,38.809,31.26,92.727,46.253,49.841,29.892,44.599,44.596,91.955,13.31,362.517,NA,18.07,139.745,62.288,91.431,103.09,NA,44.919,1.912,87.318,109.636,0.985,103.859,13.09,140.886,108.067,21.209,NA,NA,52.31,51.803,NA,NA,122.697,0.566,41.542,207.689,232.938,123.269,74.89,92.341,87.626,69.741,50.529,27.544,62.243,162.073,120.101,65.122,141.157,61.634,12.651,65.34,123.332,104.093,83.779,91.767
"2008-04",41.204,49.336,24.484,82.928,16.982,85.879,8.529,74.84,41.925,197.786,16.032,334.186,NA,36.273,81.841,59.894,62.698,65.834,NA,28.435,3.062,92.535,159.765,17.164,234.186,11.906,88.909,77.461,13.748,NA,NA,45.68,11.429,NA,NA,103.435,0.228,48.494,185.252,191.816,33.632,59.121,53.796,98.091,66.02,59.228,16.069,69.52,151.369,124.759,60.452,203.981,55.813,23.576,155.561,134.284,90.571,85.547,92.294
"2008-05",51.202,47.833,32.359,40.81,12.916,68.253,24.355,246.833,45.454,192.892,60.683,219.353,NA,50.286,55.064,72.167,45.816,36.474,NA,18.739,4.716,185.71,85.558,28.648,76.141,18.271,70.03,65.023,22.715,NA,NA,43.255,14.933,NA,NA,117.81,2.159,162.177,201.73,138.987,20.027,42.566,94.393,99.573,60.987,48.364,24.977,114.489,152.155,108.802,58.117,226.894,56.052,93.508,282.439,188.715,77.317,87.749,97.955
"2008-06",58.077,30.471,27.479,23.393,97.617,82.026,38.812,204.733,75.302,125.344,140.513,44.235,NA,50.829,97.783,61.753,41.845,14.086,NA,11.77,7.198,289.229,30.943,3.379,20.825,22.073,55.612,70.208,25.003,NA,NA,65.632,2.874,NA,NA,177.291,0.399,161.11,213.851,44.338,60.403,20.931,86.621,84.784,49.899,45.565,27.316,132.439,149.339,87.582,42.707,209.756,61.683,97.891,131.25,172.239,51.839,81.196,92.735
"2008-07",58.121,52.084,39.274,17.644,65.772,111.391,69.097,213.191,94.171,159.206,229.481,14.021,NA,54.731,53.921,64.92,42.446,11.339,NA,7.016,7.341,204.984,3.032,27.929,17.679,22.449,50.504,57.764,25.87,NA,NA,76.67,1.423,NA,NA,101.737,0.441,262.552,224.388,20.721,96.428,65.086,89.272,86.485,45.231,47.843,22.997,148.317,160.261,97.491,61.17,134.453,61.459,104.704,228.357,195.12,56.994,78.391,95.093
"2008-08",59.92,60.957,54.232,25.975,64.826,89.837,59.496,214.998,66.085,157.47,147.944,6.685,NA,44.146,37.361,66.857,38.031,10.217,NA,9.289,7.431,182.016,4.312,68.389,12.315,27.214,27.742,23.565,41.867,NA,NA,71.726,1.108,NA,NA,131.34,1.676,214.59,239.672,13.345,46.149,29.556,66.827,92.586,56.872,44.062,32.603,167.488,148.221,76.435,71.592,72.024,53.591,123.885,292.962,235.29,39.153,78.615,94.836
"2008-09",73.668,75.219,66.57,16.965,78.076,139.297,84.291,201.978,109.532,182.497,85.368,4.326,NA,21.483,79.759,48.823,76.83,40.488,NA,27.086,7.12,138.498,5.363,9.947,10.356,10.488,29.316,16.533,35.922,NA,NA,96.333,14.242,NA,NA,230.476,1.697,227.112,251.991,6.637,14.024,38.944,69.254,61.823,43.205,42.593,42.335,172.679,128.601,73.825,100.715,58.767,54.276,91.034,269.255,167.68,32.98,75.903,91.531
"2008-10",59.979,82.593,56.958,90.058,213.731,140.786,87.909,173.632,164.075,143.935,57.576,6.012,NA,16.542,114.524,44.778,82.035,101.901,NA,54.472,2.904,126.412,9.218,19.742,23.95,8.091,18.885,14.918,45.138,NA,NA,80.507,15.734,NA,NA,83.894,13.808,218.812,258.814,31.946,5.642,11.163,47.333,73.19,35.393,26.165,27.961,165.623,128.651,69.826,102.826,62.221,43.468,125.265,259,206.997,31.995,77.18,93.368
"2008-11",53.925,55.217,42.702,156.793,116.089,140.766,97.122,120.655,115.182,152.324,38.127,7.366,NA,22.029,134.213,50.2,117.001,72.43,NA,57.621,1.222,134.544,12.943,10.125,41.03,7.975,43.193,33.499,25.766,NA,NA,78.861,7.461,NA,NA,63.133,2.022,148.798,255.278,26.049,9.596,24.649,29.652,71.044,33.231,41.164,25.502,160.444,137.98,68.552,116.784,80.004,57.625,94.835,244.837,234.691,73.231,62.807,92.216
"2008-12",56.218,41.178,36.994,126.928,85.19,100.848,51.086,50.567,78.732,109.41,33.733,40.596,NA,17.469,119.743,51.853,118.796,90.632,NA,73.662,4.819,29.532,106.203,6.181,51.579,5.213,57.411,76.142,27.834,NA,NA,70.442,18.465,NA,NA,86.597,0.692,163.23,259.96,131.912,2.349,37.31,49.989,85.415,32.129,29.452,24.103,115.79,190.834,89.294,115.56,134.805,48.618,42.483,250.124,188.465,82.636,64.614,95.425
"2009-01",36.613,46.75,28.59,98.682,114.725,102.302,95.208,66.63,83.543,97.426,22.174,144.204,NA,16.871,122.248,61.399,127.609,81.262,NA,56.112,12.141,43.825,75.031,5.36,64.762,5.645,115.169,135.052,21.592,NA,NA,78.303,8.926,NA,NA,70.059,0.361,47.051,207.965,257.107,7.248,43.989,30.753,78.411,31.782,39.872,23.866,99.798,234.878,99.69,102.659,102.27,56.226,40.889,84.109,178.432,90.505,66.642,95.515
"2009-02",36.903,43.375,21.31,142.797,46.987,97.19,45.154,34.161,40.819,96.243,24.851,227.916,NA,19.42,115.515,64.653,107.406,32.1,NA,29.432,3.439,31.232,40.784,0.563,56.296,10.026,80.217,104.461,16.781,NA,NA,31.46,37.629,NA,NA,103.295,1.36,4.651,116.572,178.058,26.388,22.612,51.876,52.797,38.728,31.788,17.982,58.622,198.875,106.265,90.407,91.319,54.602,2.506,3.938,108.389,128.93,61.97,85.197
"2009-03",45.639,31.551,26.622,77.817,138.585,143.632,47.679,54.874,40.103,137.19,9.797,114.723,NA,31.353,86.027,82.602,110.234,131.098,NA,51.986,1.203,71.424,110.567,3.199,62.008,10.324,65.192,69.08,18.321,NA,NA,43.897,101.669,NA,NA,111.38,5.043,6.99,116.333,230.206,14.414,22.244,60.714,74.828,63.757,44.981,18.405,61.702,237.308,113.037,94.345,102.445,59.648,3.357,3.307,86.17,127.102,78.647,93.262
"2009-04",53.054,32.629,26.479,44.41,70.231,68.646,17.783,59.109,47.137,161.35,26.456,271.001,NA,40.417,86.217,56.519,53.128,52.98,NA,40.512,2.837,69.382,146.915,24.271,182.168,14.56,87.7,107.275,18.184,NA,NA,32.155,91.554,NA,NA,139.668,47.932,8.632,141.517,154.147,8.867,85.02,47.95,79.597,64.453,57.578,21.89,56.715,252.395,99.115,74.47,173.287,63.08,15.806,36.73,112.664,90.371,84.365,93.501
"2009-05",41.983,46.03,34.132,25.646,23.53,79.667,11.75,185.763,47.634,214.064,70.948,130.979,NA,41.158,130.986,51.658,36.454,85.74,NA,34.637,3.351,141.285,110.896,47.62,52.706,52.381,52.52,28.825,13.603,NA,NA,79.738,98.576,NA,NA,115.185,2.953,43.274,202.699,41.92,38.252,85.532,57.545,90.519,61.749,64.859,18.848,87.964,264.904,101.855,58.109,166.394,73.575,34.723,80.263,168.135,75.607,86.379,97.801
"2009-06",36.443,29.109,36.912,13.382,47.533,60.606,45.944,254.895,93.212,140.554,234.036,31.188,NA,45.62,80.146,65.186,39.105,16.542,NA,21.456,5.614,219.285,23.901,10.112,24.505,31.228,60.85,54.447,33.803,NA,NA,55.636,19.358,NA,NA,172.361,3.675,111.204,213.981,27.123,68.516,95.575,88.782,115.371,47.992,53.876,26.364,134.057,214.362,89.954,63.553,147.71,67.521,91.109,82.137,179.954,62.234,80.397,97.216
"2009-07",66.726,62.361,57.417,24.506,66.961,116.312,79.979,242.52,89.944,139.583,167.927,13.521,NA,53.383,49.326,80.1,43.548,40.341,NA,14.993,10.495,215.683,4.051,6.437,15.238,20.118,23.429,27.894,27.177,NA,NA,93.843,2.929,NA,NA,225.917,0.334,182.702,207.032,12.675,29.936,19.213,116.19,93.648,67.741,47.438,34.859,167.884,207.56,81.989,63.406,103.647,58.469,107.589,185.012,194.584,40.063,82.736,100.742
"2009-08",69.157,67.209,52.911,24.274,73.225,106.386,49.965,197.463,70.541,206.996,116.655,5.696,NA,29.373,35.809,55.397,54.554,13.421,NA,8.947,6.588,154.762,5.621,14.241,13.816,20.412,37.308,16.978,34.426,NA,NA,87.339,2.359,NA,NA,155.99,4.077,232.509,213.785,7.832,8.637,16.884,63.69,67.245,46.194,41.603,28.887,164.827,198.688,66.128,80.229,67.475,50.92,119.265,287.8,244.426,32.409,82.901,96.772
"2009-09",66.318,85.937,57.633,65.912,156.102,162.233,89.182,174.717,94.313,133.946,48.517,5.181,NA,24.449,82.96,48.803,80.974,40.291,NA,18.604,5.61,138.615,5.73,7.574,10.845,8.781,26.192,13.007,41.494,NA,NA,75.323,1.97,NA,NA,197.154,5.528,217.107,204.551,7.437,7.772,42.036,51.758,61.415,43.569,50.274,34.674,190.329,158.081,66.219,109.483,55.463,53.138,118.453,276.917,181.314,28.988,75.612,95.481
"2009-10",68.28,87.854,73.18,74.156,66.523,129.05,73.789,137.503,109.715,137.219,45.463,11.491,NA,31.615,111.617,52.889,68.721,157.205,NA,49.066,6.518,177.561,3.923,35.197,90.946,8.335,54.634,22.417,33.943,NA,NA,91.829,22.415,NA,NA,78.102,0.33,188.175,196.365,22.041,3.265,10.728,27.797,39.046,36.113,40.14,26.879,183.528,172.671,67.817,116.521,62.689,58.865,94.156,238.193,264.699,34.549,72.192,95.714
"2009-11",35.503,62.834,38.334,130.808,76.27,99.271,55.714,79.452,86.312,121.365,31.265,6.491,NA,10.981,133.364,40.634,80.675,91.581,NA,37.883,1.451,175.713,8.106,25.776,89.149,6.01,78.224,73.786,25.895,NA,NA,86.14,62.193,NA,NA,53.364,1.374,46.71,203.727,21.999,1.902,31.203,20.786,58.328,41.81,45.597,17.445,157.185,166.741,64.393,112.381,98.443,47.713,96.844,96.259,279.428,59.878,64.09,91.027
"2009-12",56.466,64.968,41.774,91.19,51.738,79.12,41.787,41.771,62.293,63.106,21.421,32.976,NA,11.658,141.066,46.222,101.838,208.691,NA,99.416,1.51,44.238,39.567,3.282,68.487,7.169,203.144,114.823,17.716,NA,NA,75.882,19.94,NA,NA,39.816,1.336,152.865,238.575,61.376,3.46,92.536,33.272,93.205,46.224,45.973,14.755,109.009,245.672,69.575,110.01,96.374,60.693,107.236,191.494,257.732,86.085,59.934,95.161
"2010-01",61.901,50.639,33.732,116.099,70.397,140.924,39.094,18.569,52.72,59.441,26.673,109.371,NA,8.467,136.771,46.338,88.683,138.769,NA,76.351,1.465,17.223,131.431,1.155,43.632,8.582,81.913,81.142,16.132,NA,NA,66.136,20.509,NA,NA,90.186,0.496,29.192,215.257,193.925,3.475,110.377,27.625,92.063,35.905,32.185,19.271,74.672,254.54,95.964,117.819,87.558,64.758,42.74,51.176,260.688,85.289,69.174,94.79
"2010-02",51.174,55.851,32.392,115.676,57.604,154.551,28.923,20.292,40.71,82.071,12.444,102.093,NA,23.81,89.882,71.266,56.851,128.474,NA,58.713,6.01,60.881,59.906,3.889,24.549,9.12,95.566,105.754,9.816,NA,NA,67.694,19.085,NA,NA,77.18,7.693,45.265,147.535,219.038,2.014,68.074,30.087,54.665,50.132,43.862,17.635,65.5,202.197,106.719,111.736,84.552,53.975,24.131,34.511,132.543,97.625,67.93,85.622
"2010-03",49.747,47.873,30.398,108.986,46.92,158.863,25.491,24.027,34.686,115.91,15.683,233.269,NA,26.096,89.822,76.359,69.946,76.715,NA,51.986,5.503,75.483,59.655,4.945,140.11,9.655,135.806,107.1,12.405,NA,NA,58.575,103.631,NA,NA,99.144,23.495,20.128,159.264,199.571,51.854,55.668,42.267,62.249,59.821,59.704,15.291,56.517,247.069,108.654,102.875,109.73,63.103,8.043,15.542,120.668,108.566,87.885,94.556
"2010-04",38.92,33.845,26.506,62.69,65.523,117.16,20.965,70.638,32.17,162.176,11.776,267.334,NA,17.343,81.435,54.003,54.537,69.732,NA,24.318,2.104,119.893,173.944,5.62,105.984,11.529,60.86,42.885,18.222,NA,NA,46.257,85.681,NA,NA,106.164,1.01,11.777,180.013,118.415,13.823,58.078,63.67,77.502,69.894,77.075,13.78,43.406,243.341,99.404,75.37,123.845,67.701,3.91,42.312,119.651,102.878,94.343,92.375
"2010-05",50.586,40.077,37.379,32.86,10.152,113.587,5.26,181.577,57.041,205.291,34.169,194.926,NA,41.944,116.491,57.996,41.84,36.227,NA,15.292,2.929,165.308,79.25,47.605,139.301,50.746,44.339,34.039,23.848,NA,NA,30.298,68.034,NA,NA,136.401,1.027,78.739,183.556,45.215,27.33,28.572,63.232,114.742,63.08,66.611,24.341,87.696,232.702,104.209,64.429,182.207,79.022,53.001,139.953,210.107,65.291,86.254,97.883
"2010-06",53.596,47.485,35.11,21.857,78.363,110.372,36.944,268.261,63.912,144.143,198.802,81.219,NA,49.089,77.924,48.517,50.899,8.807,NA,9.609,5.487,190.086,14.434,5.247,32.104,17.241,34.378,27.973,30.353,NA,NA,88.011,5.339,NA,NA,164.833,1.129,147.237,214.336,10.295,15.219,25.543,73.523,95.289,43.924,49.007,30.023,146.072,212.01,97.824,55.478,167.798,64.685,117.471,86.764,178.92,45.512,79.847,96.811
"2010-07",74.117,48.859,62.607,16.552,70.051,117.908,37.781,196.183,51.571,126.188,147.03,11.289,NA,40.805,76.001,50.101,30.843,17.952,NA,10.621,7.704,211.897,1.867,6.997,18.749,21.371,47.641,42.519,23.487,NA,NA,104.287,3.886,NA,NA,164.913,0.024,182.957,177.844,12.585,17.672,33.92,94.108,69.352,34.439,63.65,36.94,168.454,195.606,88.558,66.295,104.278,63.277,119.097,247.424,209.814,40.053,83.389,97.721
"2010-08",49.9,67.008,45.614,27.437,55.89,124.111,58.318,192.787,57.059,187.04,129.432,5.041,NA,43.186,53.424,48.747,38.901,27.324,NA,9.947,7.861,198.048,3.286,13.421,17.412,20.126,18.943,15.959,43.378,NA,NA,53.48,7.017,NA,NA,159.497,0.414,210.718,214.334,6.897,15.166,36.539,58.576,64.523,49.795,53.011,36.19,176.524,194.881,74.632,78.947,59.702,56.666,132.28,285.548,197.867,25.027,79.067,97.481
"2010-09",61.463,84.537,56.384,45.865,106.293,138.116,62.664,130.15,87.379,122.384,78.71,4.441,NA,38.989,56.417,55.477,64.735,16.546,NA,10.362,5.993,124.299,5.202,17.747,9.01,11.685,40.893,24.799,42.34,NA,NA,89.496,3.49,NA,NA,131.829,5.202,223.625,173.52,9.042,3.53,16.326,40.325,43.896,48.776,50.485,38.816,173.114,204.959,61.354,98.605,73.691,55.076,98.266,300.483,159.734,34.005,75.756,93.194
"2010-10",86.776,83.884,36.898,121.143,105.074,143.64,58.215,173.727,110.361,189.706,47.771,13.134,NA,26.37,89.506,35.386,78.872,71.374,NA,51.802,6.049,172.946,5.709,54.476,50.973,10.936,29.045,11.473,35.574,NA,NA,77.218,49.002,NA,NA,68.901,0.51,115.239,168.827,17.691,4.902,62.78,34.331,79.286,47.531,57.122,36.71,184.108,192.556,68.045,103.651,72.774,51.458,59.417,164.157,242.71,35.047,68.153,95.521
"2010-11",86.404,88.688,41.164,97,91.485,128.018,65.809,109.798,81.766,167.372,73.046,11.803,NA,25.277,154.683,56.538,97.966,71.671,NA,71.635,3.214,187.716,5.413,38.678,82.211,15.788,48.63,39.134,34.9,NA,NA,59.204,72.487,NA,NA,86.524,0.101,91.434,154.421,9.922,6.29,56.561,28.696,64.272,43.79,36.732,34.386,139.622,194.786,67.146,101.958,110.393,59.511,125.533,168.307,304.396,51.553,60.872,94.31
"2010-12",57.923,90.941,25.712,99.25,125.891,129.154,69.992,28.542,56.45,56.215,41.001,48.353,NA,12.019,118.717,41.425,110.305,152.531,NA,80.225,0.672,54.001,41.188,16.242,161.088,7.113,116.704,90.445,23.859,NA,NA,40.832,52.543,NA,NA,87.382,0.529,110.806,204.652,35.135,2.169,51.436,15.753,66.801,33.74,38.19,21.032,90.877,294.643,76.273,106.532,98.414,55.272,90.852,139.893,260.098,71.314,59.343,94.472
"2011-01",47.124,60.288,23.132,151.183,175.666,159.422,63.289,24.198,67.616,80.382,18.751,182.957,NA,19.638,117.448,46.945,105.35,225.309,NA,94.761,1.577,26.977,84.701,8.106,163.731,5.792,138.812,91.091,12.454,NA,NA,67.987,70.229,NA,NA,93.634,1.632,17.515,153.41,210.16,4.009,41.829,23.401,39.303,34.062,39.635,13.833,68.953,283.16,101.072,110.402,96.112,60.574,42.913,47.995,269.593,69.813,73.434,95.976
"2011-02",52.248,58.268,26.651,142.737,111.932,131.587,78.183,31.595,67.385,94.666,13.427,96.811,NA,19.315,74.345,50.009,69.639,185.686,NA,70.345,2.242,52.651,48.356,2.406,81.739,7.883,135.249,140.179,8.866,NA,NA,57.669,51.694,NA,NA,68.4,0.482,2.033,139.344,147.89,1.79,77.79,30.816,62.067,34.157,47.931,14.654,56.168,239.707,106.167,90.642,85.594,63.794,3.767,7.375,160.769,70.023,71.341,83.919
"2011-03",45.341,61.1,24.072,70.14,60.573,133.526,29.348,28.751,44.777,135.35,17.836,335.783,NA,19.043,100.068,66.722,94.689,69.974,NA,59.245,1.951,90.309,52.522,2.398,118.142,9.462,130.422,69.762,16.41,NA,NA,44.459,93.702,NA,NA,110.68,2.618,14.658,136.912,185.347,6.72,76.387,27.602,69.872,72.854,58.01,20.935,51.573,240.233,104.019,81.568,118.813,73.935,6.061,11.318,149.289,112.697,85.169,92.255
"2011-04",34.981,50.836,38.185,58.592,31.829,60.232,14.502,83.466,39.2,186.484,9.655,270.39,NA,40.103,105.892,57.429,56.856,118.594,NA,40.254,3.067,105.706,128.889,8.838,208.382,16.239,86.866,72.099,17.85,NA,NA,36.562,119.089,NA,NA,132.181,1.018,34.912,174.069,92.617,28.599,52.811,54.269,58.243,59.048,57.11,14.713,48.891,267.866,95.035,69.125,157.058,71.22,18.176,33.162,119.366,93.378,91.313,93.455
"2011-05",42.061,42.685,34.218,35.798,13.403,98.278,8.667,120.574,35.774,144.376,26.825,269.926,NA,43.403,130.266,55.877,36.778,66.679,NA,30.651,5.041,150.493,59.091,37.945,68.873,17.58,73.449,73.868,17.542,NA,NA,53.665,90.442,NA,NA,149.753,4.338,72.802,193.197,104.371,19.677,53.15,77.19,71.987,57.491,78.104,14.928,74.391,224.994,89.154,74.787,159.028,79.621,38.513,175.77,171.156,85.579,95.769,98.482
"2011-06",42.876,31.722,35.968,26.259,9.752,92.651,14.645,258.683,36.61,152.056,92.319,185.527,NA,28.817,82.816,40.266,37.416,24.135,NA,18.148,5.774,244.964,18.676,9.124,56.696,39.101,63.374,30.707,27.282,NA,NA,66.05,19.913,NA,NA,140.697,17.826,99.877,230.423,32.427,45.002,52.217,110.283,95.724,54.155,59.603,22.556,124.821,190.935,80.13,65.535,186.969,69.555,128.862,128.065,224.03,65.857,85.462,99.173
"2011-07",55.07,60.133,36.082,16.071,37.665,123.957,52.704,252.927,59.649,182.842,177.731,25.183,NA,33.228,38.359,71.546,59.227,11.854,NA,7.424,5.463,189.407,1.619,15.136,21.445,16.264,31.54,28.083,52.661,NA,NA,55.649,10.431,NA,NA,194.818,1.932,228.011,220.183,18.399,19.458,79.113,110.205,115.593,59.082,48.46,34.794,154.088,188.089,79.624,61.936,138.535,53.989,127.411,211.54,191.113,39.928,83.186,96.7
"2011-08",62.321,52.086,60.845,26.964,68.383,98.56,68.212,164.615,74.846,157.876,133.863,7.69,NA,30.408,64.659,52.889,59.496,16.06,NA,9.467,7.89,173.21,4.637,31.591,19.31,13.155,31.267,24.697,38.813,NA,NA,51.164,2.836,NA,NA,186.258,0.358,317.678,255.628,11.678,24.919,16.842,62.555,70.655,46.474,47.882,42.015,173.709,156.242,73.852,67.355,78.697,54.653,144.047,276.247,209.825,31.764,81.431,96.594
"2011-09",71.333,75.516,45.856,42.545,128.818,111.74,109.519,221.135,116.71,162.319,94.832,6.603,NA,26.437,97.964,43.518,80.265,8.12,NA,6.799,5.806,163.733,3.452,10.199,16.978,16.015,27.731,12.196,48.112,NA,NA,76.882,6.043,NA,NA,157.489,4.631,268.779,209.327,11.538,8.45,27.513,46.944,51.058,47.849,52.622,38.429,172.181,119.072,65.621,83.671,82.919,48.77,129.832,298.786,209.087,28.631,71.583,89.627
"2011-10",61.619,63.792,61.982,95.744,71.753,157.968,98.808,162.75,137.536,143.114,64.094,7.454,NA,17.021,126.14,49.364,135.639,92.796,NA,43.301,5.467,175.165,6.521,37.561,38.595,6.362,52.552,36.877,38.176,NA,NA,71.685,26.237,NA,NA,85.052,1.956,140.169,213.707,11.736,11.74,44.939,36.215,68.971,46.338,53.313,35.273,181.366,101.594,75.319,124.61,89.657,52.218,97.947,175.223,246.416,53.377,73.361,94.224
"2011-11",75.414,80.053,57.739,120.555,41.327,93.901,43.696,118.392,111.857,146.481,65.407,49.023,NA,13.563,118.238,46.399,79.437,136.366,NA,82.393,2.719,74.006,21.541,55.853,96.413,7.22,49.996,17.326,23.216,NA,NA,69.804,10.401,NA,NA,92.292,0.389,200.665,228.085,12.033,5.532,83.675,23.04,74.717,41.312,45.523,23.918,163.16,117.548,74.265,88.788,113.45,52.711,187.192,314.031,259.59,53.655,67.247,92.536
"2011-12",58.012,50.529,49.764,159.789,34.63,77.248,55.013,42.542,69.006,80.488,31.281,116.358,NA,11.446,156.276,47.084,78.093,204.639,NA,77.906,7.46,64.856,57.565,7.642,175.73,6.208,95.973,48.141,18.213,NA,NA,68.496,2.921,NA,NA,68.068,1.347,125.909,296.464,121.726,3.921,77.774,30.658,59.742,45.357,37.42,12.889,122.84,179.433,84.085,108.46,110.468,58.924,111.53,164.196,279.074,70.877,66.827,96.738
"2012-01",56.433,59.497,41.407,147.314,63.911,72.73,54.776,29.341,66.077,42.459,29.7,266.445,NA,16.428,126.744,55.718,95.052,149.022,NA,72.492,2.315,19.512,91.647,2.54,51.292,5.615,164.87,178.453,15.329,NA,NA,54.011,18.116,NA,NA,61.154,0.505,54.872,287.204,293.846,10.562,98.319,42.933,73.897,53.307,38.432,15.33,96.288,156.618,103.717,88.985,113.649,58.596,79.339,104.42,171.758,112.633,65.245,93.711
"2012-02",49.498,54.424,27.214,131.156,33.501,56.816,17.081,24.179,50.2,56.296,17.666,240.814,NA,15.452,85.792,68.141,65.398,74.528,NA,47.252,1.122,42.67,56.084,0.371,57.481,8.26,127.46,156.116,15.447,NA,NA,46.343,8.104,NA,NA,102.893,0.026,45.181,190.635,368.845,24.197,107,64.079,66.358,46.126,31.984,24.116,69.072,163.422,102.999,71.928,102.295,56.655,25.79,84.73,187.496,107.108,67.44,87.957
"2012-03",48.339,43.567,23.576,131.51,6.55,67.483,14.102,35.663,17.857,82.896,15.999,388.33,NA,20.905,104.387,58.788,78.704,174.198,NA,65.612,3.444,117.199,54.84,0.749,49.043,8.979,114.77,133.486,12.496,NA,NA,30.88,38.811,NA,NA,95.884,0.585,75.51,204.645,294.641,37.788,99.258,61.214,92.494,62.637,55.263,15.501,78.651,134.359,136.623,70.78,139.827,57.014,11.67,149.666,98.885,97.904,84.419,90.571
"2012-04",39.822,45.412,26.741,72.73,12.416,46.868,5.977,92.483,31.206,154.783,15.565,381.373,NA,32.895,82.172,55.055,48.074,52.588,NA,34.712,2.643,99.545,238.749,1.999,115.895,10.951,57.29,78.126,19.777,NA,NA,50.268,17.104,NA,NA,67.793,0.557,84.618,177.155,154.3,64.403,73.138,78.602,111.38,65.608,65.548,16.212,76.854,151.016,113.905,60.617,190.237,61.837,31.027,131.904,122.91,92.661,84.693,90.377
"2012-05",26.886,37.087,22.903,30.518,44.056,97.949,26.469,241.169,66.423,160.911,69.292,174.496,NA,37.901,75.044,62.787,40.952,98.182,NA,37.001,3.08,172.581,201.33,39.452,89.823,23.281,32.865,50.304,21.083,NA,NA,53.304,31.37,NA,NA,115.721,5.03,63.372,155.036,76.99,52.501,49.573,80.626,137.124,69.066,60.186,20.285,123.89,124.73,105.259,53.372,221.938,59.606,55.227,199.906,154.64,92.517,87.101,94.179
"2012-06",38.718,55.674,45.331,20.332,34.84,100.256,53.518,208.472,57.381,132.239,162.325,58.414,NA,41.529,42.816,54.317,25.667,18.455,NA,8.036,4.958,263.32,58.075,7.463,20.642,24.002,56.409,63.496,22.636,NA,NA,48.949,2.468,NA,NA,135.374,0.707,251.536,180.644,81.051,75.231,154.825,80.277,83.554,52.071,57.969,16.296,158.846,114.118,91.752,47.953,237.008,49.404,91.743,302.082,158.296,66.733,83.94,94.103
"2012-07",47.937,50.559,40.779,11.045,57.403,83.293,67.447,218.752,98.444,134.258,204.848,13.647,NA,53.968,36.729,54.347,28.406,13.73,NA,5.291,3.634,288.206,5.029,11.093,18.237,19.28,34.323,19.841,32.262,NA,NA,105.428,1.642,NA,NA,176.464,0.248,143.975,157.285,25.222,54.005,78.59,84.831,128.747,61.076,55.192,34.87,171.859,119.647,81.308,55.931,156.73,52.29,98.08,122.666,195.06,52.969,76.773,93.988
"2012-08",63.522,69.536,56.952,18.326,51.5,60.588,71.486,211.203,68.463,151.645,120.904,4.904,NA,25.343,34.962,66.999,42.273,30.761,NA,12.059,5.849,180.597,1.964,20.562,15.395,11.494,31.767,23.757,38.614,NA,NA,107.541,0.227,NA,NA,158.611,0.101,207.056,217.706,10.294,31.899,47.001,79.04,96.88,42.128,49.153,39.89,178.61,122.08,81.123,73.733,70.45,55.465,89.485,231.3,277.424,38.484,79.211,93.883
"2012-09",86.074,77.545,55.9,72.788,125.442,108.792,103.458,180.612,119.094,174.588,77.704,5.571,NA,21.795,57.399,44.004,67.264,9.667,NA,14.024,5.578,235.789,3.443,17.729,15.847,13.131,30.778,13.484,40.163,NA,NA,99.886,5.639,NA,NA,108.873,3.551,229.172,233.836,12.586,6.426,41.457,51.558,105.757,46.28,39.351,32.754,181.592,76.569,69.181,99.254,79.244,42.88,78.645,302.433,214.205,33.752,73.811,89.624
"2012-10",72.613,79.679,53.766,111.872,138.723,119.099,174.119,259.449,157.703,137.483,69.571,4.558,NA,17.422,157.818,43.997,102.198,74.423,NA,36.603,3.068,164.304,7.554,27.043,29.605,9.154,28.595,11.371,36.986,NA,NA,102.528,19.152,NA,NA,100.706,14.969,226.265,269.102,20.622,5.972,66.18,32.943,66.919,43.546,44.725,32.96,200.562,73.544,72.452,111.556,71.712,56.855,134.117,264.043,234.874,42.82,72.643,94.136
"2012-11",55.542,85.489,33.27,90.347,91.485,141.285,28.959,88.631,121.15,124.159,38.271,25.666,NA,20.386,102.385,44.589,90.992,84.14,NA,39.016,0.862,95.661,21.46,18.546,101.776,4.79,74.871,56.276,25.885,NA,NA,63.542,12.242,NA,NA,63.848,2.401,147.788,274.411,52.496,2.389,69.949,35.721,129.675,54.829,42.214,17.01,157.182,80.304,81.272,95.762,125.726,45.82,84.969,299.274,225.737,75.934,62.976,92.265
"2012-12",52.621,50.1,39.897,118.34,72.938,126.374,39.001,62.379,98.292,104.364,63.903,139.951,NA,16.169,150.737,52.322,116.109,140.495,NA,85.22,2.084,44.902,70.472,5.271,137.541,5.286,206.406,208.804,18.207,NA,NA,73.85,5.037,NA,NA,58.763,1.173,86.852,274.366,111.391,3.003,49.31,31.072,68.285,45.44,31.181,18.045,133.854,114.117,77.379,103.541,149.034,54.514,76.697,184.017,229.561,89.229,64.746,93.673
"2013-01",61.583,71.492,24.904,151.079,48.182,73.638,25.687,32.704,47.513,80.918,35.202,219.813,NA,16.494,95.739,61.527,90.186,134.602,NA,63.082,1.12,23.082,116.823,13.981,80.185,8.413,197.064,128.271,17.467,NA,NA,45.714,7.543,NA,NA,82.733,0.728,68.262,288.762,322.05,16.826,151.503,36.881,94.689,39.354,36.628,18.4,91.484,184.643,105.507,85.189,111.277,54.491,100.209,82.455,203.879,97.095,61.274,94.419
"2013-02",44.928,65.565,26.806,65.609,91.7,53.077,37.806,29.409,36.187,47.005,12.667,145.751,NA,20.616,106.402,52.537,93.052,190.502,NA,80.932,1.454,48.761,32.442,1.106,39.325,8.509,125.518,214.688,6.707,NA,NA,57.009,10.335,NA,NA,70.753,0.052,21.327,220.21,274.693,28.235,85.886,37.142,93.144,45.755,47.034,15.224,75.334,147.74,115.354,73.947,102.382,54.582,19.477,54.689,142.025,102.311,64.077,84.429
"2013-03",43.829,56.338,26.633,63.223,10.799,59.627,6.927,26.422,21.128,85.692,16.632,313.426,NA,25.051,95.689,66.452,74.189,128.905,NA,37.799,10.364,84.595,14.256,0.653,124.913,14.201,158.192,138.273,9.784,NA,NA,72.147,32.347,NA,NA,97.541,0.017,36.312,178.962,326.097,49.083,71.788,61.371,46.058,58.315,45.23,13.198,69.843,176.651,117.138,68.892,135.854,63.09,17.052,51.075,121.174,114.039,81.981,91.236
"2013-04",39.705,32.995,26.728,58.014,8.293,60.451,5.542,62.553,32.063,119.462,15.357,299.066,NA,32.571,69.733,54.757,66.705,65.88,NA,27.161,3.907,108.167,139.216,14.789,98.905,10.759,73.495,47.648,16.262,NA,NA,46.659,7.025,NA,NA,123.965,0.634,82.192,186.897,178.633,25.033,35.303,68.972,78.358,57.677,64.582,17.766,62.794,165.09,105.985,51.131,168.496,60.083,32.808,136.209,138.399,102.411,88.35,90.414
"2013-05",34.497,50.478,23.075,22.272,22.275,96.877,13.022,154.631,31.588,173.175,55.286,241.128,NA,35.64,69.309,59.001,48.962,39.587,NA,17.127,4.563,162.197,103.416,4.393,21.672,23.172,44.805,48.734,26.353,NA,NA,49.288,22.03,NA,NA,133.105,1.11,112.78,182.502,192.533,61.251,68.687,69.235,81.83,50.194,67.396,14.361,103.724,132.712,113.972,51.881,246.098,62.59,83.087,177.971,166.465,77.79,85.595,95.135
"2013-06",39.005,59.759,38.723,15.032,36.081,84.801,32.553,207.539,49.093,128.117,150.252,59.137,NA,47.437,53.718,61.018,41.535,37.635,NA,13.012,4.728,268.617,52.412,1.241,22.641,19.463,37.442,45.365,25.479,NA,NA,38.788,3.197,NA,NA,205.637,0.965,109.228,208.538,43.352,40.593,42.743,97.445,80.213,42.407,59.259,20.539,146.566,140.228,96.879,49.984,215.241,62.027,122.121,108.842,147.08,63.268,82.435,94.93
"2013-07",51.378,54.274,44.936,26.274,11.362,58.639,34.788,235.023,35.298,193.58,169.171,18.251,NA,65.738,58.277,72.981,44.809,23.314,NA,9.545,4.362,327.198,4.674,7.363,19.695,55.184,33.836,33.078,43.821,NA,NA,79.813,1.949,NA,NA,142.685,1.314,130.668,216.634,14.244,57.06,50.844,93.637,105.939,56.189,54.26,26.28,162.995,169.23,80.075,60.237,149.892,59.031,96.736,164.559,146.143,56.919,80.169,95.212
"2013-08",68.676,46.639,48.752,23.585,73.111,83.515,68.716,169.358,102.278,126.703,148.17,9.475,NA,36.251,45.499,52.34,53.011,48.715,NA,20.239,7.381,202.915,4.625,45.747,8.35,16.408,24.191,10.504,40.972,NA,NA,107.611,3.113,NA,NA,214.671,1.815,200.626,206.097,5.934,50.514,48.847,75.657,125.037,48.229,48.785,32.387,164.442,152.206,77.638,78.241,94,44.637,111.526,251.139,239.663,46.98,73.686,95.971
"2013-09",71.437,85.95,61.986,21.332,87.625,120.198,91.621,208.504,68.916,161.353,52.838,7.364,NA,30.15,77.187,61.925,79.178,33.921,NA,22.688,6.049,116.642,5.753,15.174,9.681,8.038,30.515,10.92,32.601,NA,NA,123.779,9.003,NA,NA,141.349,2.501,235.446,250.664,22.827,16.058,76.083,42.303,105.172,51.094,36.839,31.754,169.87,131.137,68.817,95.637,53.567,45.925,91.875,288.722,138.375,47.985,69.01,87.184
"2013-10",74.264,78.408,43.009,87.975,63.152,169.142,70.42,174.719,151.533,157.297,56.816,7.043,NA,25.377,97.033,56.596,83.789,79.78,NA,59.76,9.594,163.465,5.27,13.989,7.763,6.316,34.418,22.497,41.243,NA,NA,62.93,23.515,NA,NA,164.705,0.959,205.539,267.538,65.589,21.28,72.966,46.366,102.32,50.858,38.8,43.034,177.498,114.895,73.837,142.553,56.187,49.317,76.707,254.622,185.305,55.599,72.176,95.844
"2013-11",53.124,67.404,35.951,122.643,42.404,109.25,48.467,105.109,109.023,137.931,32.227,11.418,NA,14.853,86.646,42.933,107.534,101.629,NA,55.875,1.284,124.598,18.968,15.711,46.194,5.418,60.538,33.847,27.128,NA,NA,65.121,19.249,NA,NA,152.683,5.933,176.911,285.315,90.976,3.512,63.926,43.224,77.92,41.5,41.358,24.851,160.601,116.457,78.104,119.964,98.544,41.536,151.03,298.654,196.552,66.131,62.002,94.142
"2013-12",40.063,79.638,28.593,88.28,130.665,91.212,91.682,68.028,78.522,103.343,23.284,84.041,NA,12.209,138.04,40.96,118.128,131.738,NA,62.326,0.376,25.094,49.581,1.722,99.39,5.889,96.732,118.139,18.111,NA,NA,70.917,3.63,NA,NA,89.346,14.393,156.39,348.224,164.388,14.401,62.296,63.571,78.187,40.129,41.041,18.956,120.84,164.02,88.938,89.884,122.932,57.561,107.819,306.959,178.629,90.904,60.674,94.522
"2014-01",45.796,49.135,27.689,101.659,69.627,101.22,43.78,32.169,52.967,39.972,27.179,148.404,NA,12.941,134.154,59.668,96.022,138.896,NA,97.406,3.089,19.012,76.334,1.131,70.211,6.572,109.988,115.091,8.461,NA,NA,76.058,8.285,NA,NA,117.697,0.146,60.423,274.033,284.369,15.899,112.496,40.097,111.836,42.446,44.213,13.978,91.777,182.597,106.689,86.945,92.487,55.139,32.153,94.493,157.828,98.225,67.4,91.528
"2014-02",45.553,74.242,23.513,63.537,24.914,93.022,21.432,21.942,27.97,49.881,18.343,189.359,NA,12.401,85.901,53.938,97.483,105.898,NA,53.21,0.632,36.791,62.693,0.619,113.911,7.75,105.858,110.914,19.315,NA,NA,43.896,22.267,NA,NA,90.768,0.51,62.009,226.632,349.36,54.229,131.393,51.576,110.048,48.505,40.303,19.328,70.947,156.468,106.33,76.14,76.474,56.623,21.219,124.63,153.164,91.947,68.161,84.848
"2014-03",42.914,38.403,17.798,78.645,72.079,83.959,37.991,51.118,35.974,107.741,10.046,196.841,NA,22.729,86.666,70.418,67.171,116.821,NA,58.446,1.824,72.78,42.335,0.71,141.409,14.351,91.997,45.936,10.895,NA,NA,56.722,16.365,NA,NA,117.357,0.226,20.184,202.884,222.916,33.657,100.501,66.448,97.009,70.806,42.004,17.255,66.578,188.115,120.227,80.9,114.707,53.603,9.17,48.946,114.061,113.12,79.164,90.976
"2014-04",44.114,44.706,26.348,58.567,92.424,67.056,20.038,106.104,30.179,191.989,13.26,285.465,NA,29.417,82.501,70.603,51.45,113.817,NA,42.799,2.619,144.142,217.164,45.864,153.701,27.838,57.67,48.319,13.353,NA,NA,54.605,43.771,NA,NA,137.22,0.513,34.254,173.981,151.682,47.911,17.164,68.446,93.4,73.774,53.657,12.962,67.475,184.219,100.466,60.344,174.253,65.384,14.727,134.804,120.792,88.827,85.264,90.817
"2014-05",34.283,57.888,30.115,37.39,13.254,56.546,11.998,191.067,32.591,204.98,33.527,205.841,NA,38.049,86.191,76.106,46.567,67.515,NA,32.681,4.02,177.934,91.893,16.73,35.368,29.666,48.461,70.164,20.972,NA,NA,45.617,30.641,NA,NA,140.293,2.234,61.45,254.205,78.375,54.348,37.139,85.973,78.311,63.401,72.479,17.871,99.349,190.572,107.943,56.004,227.302,69.507,60.562,122.494,176.815,72.95,90.549,99.639
"2014-06",55.465,43.742,36.9,19.72,98.529,104.325,45.838,257.527,57.909,159.303,176.158,92.66,NA,35.832,46.949,59.856,22.095,73.403,NA,25.553,5.729,198.792,35.275,7.396,25.829,20.152,30.332,51.464,21.002,NA,NA,48.731,0.935,NA,NA,197.863,3.861,170.735,218.383,37.012,61.696,21.18,89.596,125.444,52.525,51.606,23.479,127.195,174.453,94.403,69.721,210.605,49.447,145.336,234.515,141.599,47.518,83.178,93.012
"2014-07",50.841,43.644,51.029,15.607,27.948,103.891,28.965,196.438,53.46,177.164,166.273,11.13,NA,31.993,66.298,58.63,40.448,9.742,NA,7.045,6.61,201.074,11.042,10.997,12.239,25.169,40.945,47.508,34.886,NA,NA,102.323,3.047,NA,NA,102.003,0.078,165.146,250.913,15.836,46.487,15.229,85.249,89.573,53.934,47.476,33.542,141.771,179.255,86.439,67.863,128.241,57.325,103.302,225.215,187.676,47.374,81.861,94.743
"2014-08",60.255,55.309,57.811,18.066,77.996,105.847,75.976,230.505,78.377,152.461,108.637,7.749,NA,24.88,63.164,57.937,55.162,33.193,NA,12.153,5.652,196.738,5.016,35.855,14.068,17.505,29.2,16.961,42.525,NA,NA,160.471,3.046,NA,NA,149.313,0.968,255.328,248.857,13.977,28.477,30.577,66.907,99.197,48.856,30.501,40.081,163.127,160.216,75.886,73.771,73.496,51.417,151.632,258.752,236.891,33.76,83.515,94.726
"2014-09",79.542,78.918,56.534,42.097,84.077,121.905,58.428,165.667,106.761,131.349,80.487,4.09,NA,21.743,46.29,61.531,72.335,7.518,NA,16.537,6.796,114.139,5.889,23.444,11.268,8.572,28.385,11.266,36.395,NA,NA,65.619,10.289,NA,NA,150.841,3.943,238.415,246.68,8.571,5.378,27.29,57.538,61.395,43.8,41.862,40.157,152.079,137.317,72.475,102.321,50.794,47.767,103.419,325.222,253.764,30.252,77.008,92.386
"2014-10",80.046,60.613,52.066,102.088,160.805,117.379,102.147,167.333,127.694,121.608,30.393,6.047,NA,20.038,111.609,44.234,119.343,20.752,NA,23.754,6.52,148.009,5.951,16.625,23.921,5.691,33.605,14.893,28.385,NA,NA,73.3,15.066,NA,NA,171.522,0.625,276.502,262.242,21.943,3.654,30.031,43.603,59.187,36.567,41.716,35.474,178.624,135.996,69.417,101.812,50.643,51.119,102.524,351.892,209.652,45.89,71.572,94.331
"2014-11",60.462,50.148,55.214,128.831,60.065,112.073,64.743,115.617,91.387,156.192,38.775,16.922,NA,14.961,156.74,44.005,132.096,84.842,NA,45.288,0.274,104.426,28.039,22.888,20.669,5.934,42.132,25.386,26.18,NA,NA,61.284,22.213,NA,NA,85.142,1.136,216.68,304.748,59.311,3.392,86.563,33.155,90.688,49.923,43.771,24.689,158.503,136.558,71.513,110.406,83.072,52.515,80.621,248.881,170.834,52.725,64.862,91.715
"2014-12",58.641,68.718,43.352,155.536,103.469,131.294,67.615,68.676,62.163,87.402,24.918,72.356,NA,15.554,84.289,47.071,118.124,119.436,NA,50.242,6.095,37.28,92.202,2.354,108.957,6.563,81.558,44.292,20.596,NA,NA,57.55,21.104,NA,NA,89.203,1.635,58.055,284.545,117.48,9.778,68.17,51.324,94.488,41.105,34.364,13.278,133.124,189.84,83.673,112.429,116.01,52.033,50.46,97.445,216.22,71.656,63.982,94.556
"2015-01",45.543,43.598,36.61,146.029,16.309,96.168,30.531,25.586,54.203,61.585,27.196,72.906,NA,13.877,96.399,53.686,97.229,121.606,NA,73.122,5.269,43.899,51.795,1.26,29.061,5.771,142.51,78.993,11.134,NA,NA,68.381,24.028,NA,NA,71.314,0.658,10.158,281.556,274.785,4.273,111.146,19.939,89.513,33.512,37.472,17.459,91.073,208.754,103.627,109.246,106.057,47.233,14.731,66.236,180.055,83.864,68.744,92.536
"2015-02",50.847,41.882,26.839,75.421,163.891,88.64,53.924,25.314,45.005,62.931,20.822,204.826,NA,19.394,101.173,57.813,56.368,155.959,NA,86.213,1.674,51.941,79.649,0.372,30.373,10.663,106.509,84.605,10.628,NA,NA,60.453,14.407,NA,NA,89.977,0.508,44.589,190.488,254.331,5.599,81.818,31.349,55.352,52.372,44.078,14.398,64.445,197.594,112.583,81.165,109.085,53.83,24.726,79.091,115.779,95.945,67.717,84.668
"2015-03",46.017,59.553,23.833,80.465,32.612,81.074,15.681,35.495,32.874,80.184,13.623,347.501,NA,17.482,96.971,63.881,66.023,142.049,NA,57.653,2.582,85.433,59.002,3.656,198.736,16.656,157.962,112.955,11.818,NA,NA,44.733,25.763,NA,NA,105.546,0.59,40.082,175.437,197.071,27.916,84.173,45.076,80.976,71.365,59.971,12.702,59.196,221.541,114.43,82.994,128.187,58.353,21.968,45.417,139.44,113.982,81.239,92.922
"2015-04",38.316,55.025,29.391,73.408,12.029,82.457,10.687,86.442,43.884,126.136,17.615,338.049,NA,46.832,75.086,74.506,42.52,106.21,NA,48.729,3.665,99.728,215.677,16.856,52.57,18.354,62.105,38.552,18.132,NA,NA,40.432,30.32,NA,NA,103.196,0.122,52.908,176.659,159.779,28.396,20.601,78.142,103.744,59.073,68.758,16.076,58.327,213.522,99.689,67.254,186.912,59.089,27.685,87.038,154.017,115.927,85.887,94.001
"2015-05",45.48,38.901,30.098,38.73,59.243,89.036,32.199,238.817,78.885,166.999,48.678,152.996,NA,41.343,100.36,50.366,40.504,37.54,NA,25.098,6.287,144.66,124.606,17.098,31.008,22.322,55.552,42.697,19.415,NA,NA,44.599,8.352,NA,NA,117.323,4.505,64.582,253.593,160.199,9.473,61.302,72.493,87.485,56.238,61.77,24.253,98.383,179.932,104.711,56.795,196.622,75.36,84.617,118.645,170.875,80.268,88.917,97.258
"2015-06",38.652,41.251,41.193,29.635,47.094,52.802,62.427,290.002,57.619,143.823,106.929,64.076,NA,51.72,51.816,64.352,28.354,22.18,NA,16.647,6.485,280.395,10.444,2.97,15.305,17.623,52.812,51.141,20.717,NA,NA,54.666,11.261,NA,NA,178.237,0.917,156.563,243.515,43.414,41.017,33.574,85.966,68.248,62.706,45.665,32.702,130.86,178.158,90.635,40.018,159.805,67.825,52.07,205.556,163.551,53.298,84.356,93.119
"2015-07",48.364,49.612,56.025,20.093,25.325,79.26,54.383,180.101,64.37,127.817,162.1,17.377,NA,47.945,49.092,64.07,41.712,10.273,NA,6.274,7.238,230.134,2.554,9.577,19.878,24.295,37.037,29.596,32.498,NA,NA,70.563,3.374,NA,NA,176.987,1.507,136.893,246.435,24.973,28.619,42.587,101.866,90.552,48.532,50.921,26.112,159.993,193.271,88.213,58.07,132.832,59.861,89.596,172.193,158.906,50.713,86.726,98.382
"2015-08",73.123,64.142,42.061,14.657,48.412,97.059,57.675,212.841,99.47,200.621,176.89,8.134,NA,44.087,59.812,66.412,58.143,32.756,NA,14.943,8.018,139.189,3.23,30.879,14.045,16.672,33.415,27.218,44.681,NA,NA,82.641,4.678,NA,NA,164.546,0.401,228.107,238.445,8.051,18.229,15.442,70.206,89.016,49.353,42.767,45.166,159.6,186.483,76.433,76.137,81.181,58.731,101.8,279.867,216.056,33.51,77.261,95.96
"2015-09",46.168,57.027,47.474,37.464,133.073,106.461,91.054,169.738,84.335,157.53,132.87,5.375,NA,24.47,82.467,49.562,83.451,28.36,NA,16.577,7.686,130.498,5.477,11.88,12.376,10.926,15.047,9.506,38.228,NA,NA,94.302,1.737,NA,NA,184.654,5.769,181.133,269.571,9.999,9.229,70.463,56.884,74.582,45.346,49.411,34.691,167.796,157.508,68.584,94.359,56.321,53.767,58.573,243.34,191.279,31.281,71.168,92.301
"2015-10",63.432,87.302,60.062,94.677,90.098,139.724,67.979,165.173,119.06,155.576,56.642,5.434,NA,16.293,142.621,42.566,84.734,47.065,NA,34.54,3.363,194.352,5.226,21.006,35.854,6.888,18.948,16.451,37.73,NA,NA,54.52,21.304,NA,NA,97.693,2.605,178.744,263.038,10.023,2.239,16.26,43.643,79.653,33.325,55.038,33.289,185.417,135.932,70.445,115.528,64.236,53.125,53.933,205.453,199.914,33.395,68.879,94.722
"2015-11",52.007,75.509,43.298,157.486,53.375,160.172,82.234,141.361,104.231,135.652,43.492,18.754,NA,20.797,148.831,40.268,78.335,256.544,NA,104.791,3.312,108.52,12.949,12.729,73.876,6.925,46.34,28.896,17.266,NA,NA,84.085,4.851,NA,NA,45.69,10.468,231.18,238.794,18.966,4.051,35.671,45.646,78.475,33.463,44.981,26.68,170.687,161.103,71.432,118.192,78.598,56.032,101.871,271,215.274,52.305,65.126,93.913
"2015-12",39.458,93.576,38.292,122.411,113.148,161.879,93.857,53.241,71.28,74.966,52.821,43.095,NA,23.489,129.014,48.89,92.485,208.821,NA,75.95,2.38,45.875,94.5,10.469,130.031,12.288,79.537,60.814,18.46,NA,NA,59.226,66.194,NA,NA,83.08,3.027,68.145,205.692,66.252,4.368,24.826,37.328,84.452,28.535,28.698,19.566,130.795,230.748,81.443,110.699,124.041,56.246,76.55,76.748,253.133,65.878,64.441,97.067
"2016-01",49.982,68.879,34.37,70.504,68.71,134.126,40.93,35.968,73.959,69.722,19.759,113.503,NA,18.833,181.642,60.57,88.555,181.374,NA,99.571,1.482,50.833,93.897,0.685,52.401,9.55,110.236,110.088,16.457,NA,NA,73.406,32.942,NA,NA,104.915,0.572,18.351,191.049,159.432,4.705,23.256,43.428,75.582,28.47,32.304,20.905,83.094,250.244,98.626,100.958,96.075,61.967,16.456,25.718,210.462,107.009,65.002,94.042
"2016-02",43.66,43.401,25.567,133.692,26.075,101.41,14.946,20.534,33.241,104.869,10.124,158.973,NA,17.059,89.534,56.318,94.806,81.699,NA,64.029,1.145,50.95,47.56,0.851,33.532,5.504,137.004,60.187,16.307,NA,NA,50.785,16.876,NA,NA,82.864,0.469,9.976,167.881,297.164,14.098,198.63,19.17,81.114,40.622,45.808,19.128,51.472,225.144,105.229,106.645,89.934,52.949,4.603,23.269,119.125,100.508,68.391,84.152
"2016-03",35.163,32.097,29.221,65.407,16.246,106.687,15.071,30.691,24.124,133.832,7.862,168.449,NA,14.373,168.924,48.163,68.207,183.94,NA,66.033,2.517,84.256,81.876,2.724,134.941,7.818,140.734,113.711,12.343,NA,NA,68.682,8.772,NA,NA,99.166,0.754,33.658,129.644,217.582,12.56,62.838,38.109,64.496,54.869,63.206,17.868,51.166,241.317,111.921,95.155,111.299,67.283,16.182,31.316,141.916,113.697,87.971,94.324
"2016-04",46.371,36.716,27.207,68.437,20.379,71.815,9.084,82.64,25.099,172.275,14.091,322.826,NA,26.198,115.96,70.312,60.487,59.226,NA,33.154,2.724,116.801,124.882,11.373,148.35,7.039,61.421,67.271,9.641,NA,NA,43.096,4.354,NA,NA,102.885,0.911,33.587,170.521,132.684,68.633,34.333,74.369,62.344,65.457,56.65,14.326,61.403,252.121,101.858,60.25,153.893,61.108,8.105,39.93,159.536,118.327,80.718,95.019
"2016-05",58.488,47.494,29.404,25.987,57.246,50.486,22.416,162.127,60.283,176.953,67.017,233.34,NA,35.321,52.373,93.261,33.91,20.301,NA,22.022,6.32,163.291,57.581,27.847,72.308,11.393,41.785,72.818,20.299,NA,NA,44.422,54.272,NA,NA,149.545,2.585,84.152,224.356,62.347,45.586,40.35,93.214,117.176,59.594,61.98,25.582,81.274,238.404,98.47,35.105,173.465,58.637,39.875,183.374,194.845,79.529,90.057,96.368
"2016-06",38.456,23.08,42.648,33.515,38.648,98.481,29.833,294.106,51.329,138.702,162.849,60.487,NA,31.159,77.43,57.315,27.081,57.271,NA,25.396,9.463,207.794,6.48,4.231,44.942,11.597,28.713,22.657,27.256,NA,NA,80.39,0.476,NA,NA,199.02,0.941,153.26,257.831,30.924,48.149,40.586,70.55,71.915,49.221,60.608,21.961,136.488,217.437,86.219,47.945,169.555,58.375,88.273,44.887,159.462,51.739,87.593,93.987
"2016-07",65.124,36.541,50.31,23.899,37.523,81.276,38.028,178.202,46.588,93.191,173.675,14.611,NA,70.358,68.681,68.741,38.879,13.507,NA,7.978,4.148,222.767,3.316,7.378,23.683,22.567,25.791,16.555,33.18,NA,NA,80.266,6.253,NA,NA,152.101,0.577,194.008,204.82,17.559,36.904,16.929,95.358,92.365,41.333,51.022,27.401,169.896,196.915,83.981,56.398,123.255,62.847,103.851,195.686,177.334,36.86,80.339,98.594
"2016-08",70.712,56.289,57.144,15.986,113.021,119.189,73.537,188.858,100.913,156.388,138.736,6.587,NA,31.474,60.899,56.636,47.773,36.834,NA,15.956,7.95,143.817,4.646,11.846,16.582,14.633,40.565,39.505,44.662,NA,NA,93.593,9.171,NA,NA,172.817,1.191,218.096,213.022,10.456,14.173,29.129,87.702,80.857,48.465,46.429,33.434,170.363,194.545,75.618,73.455,71.187,52.642,119.643,264.34,203.422,41.673,83.475,98.7
"2016-09",73.753,74.74,51.222,47.854,55.962,89.185,78.505,161.939,93.631,155.331,75.237,5.488,NA,25.195,85.287,50.373,87.937,7.417,NA,19.336,5.951,115.878,6.233,14.291,20.493,6.904,19.511,7.964,39.427,NA,NA,87.688,9.873,NA,NA,197.933,3.276,246.185,229.062,5.851,4.535,15.123,51.67,52.532,39.508,41.119,42.731,181.296,168.169,68.283,78.912,59.364,58.291,129.096,313.119,185.684,22.117,75.468,93.713
"2016-10",78.134,75.706,54.079,124.086,105.537,153.865,67.449,160.472,118.995,178.558,54.059,6.101,NA,20.718,162.221,46.761,111.733,13.209,NA,23.075,5.842,174.481,8.353,28.843,33.942,8.552,21.983,10.492,38.977,NA,NA,71.22,8.432,NA,NA,142.379,0.193,162.78,207.318,4.868,8.473,33.622,50.119,65.786,47.187,39.511,40.254,182.815,158.45,72.398,101.639,72.084,58.125,97.509,228.703,254.337,29.653,71.781,96.358
"2016-11",49.785,63.76,45.892,127.513,201.317,131.842,108.218,126.991,136.827,127.861,41.9,30.579,NA,15.248,128.934,54.042,114.974,94.552,NA,55.329,1.273,95.93,38.822,8.301,129.295,4.775,43.796,40.331,38.729,NA,NA,49.621,29.827,NA,NA,100.528,0.015,87.317,223.546,8.483,1.805,36.929,20.594,55.213,25.887,37.616,34.561,162.077,182.487,70.862,107.017,102.229,45.757,34.712,172.573,227.58,55.313,64.458,92.431
"2016-12",43.652,78.106,41.037,82.721,112.859,142.79,64.169,71.463,89.564,112.975,50.306,116.649,NA,15.055,137.814,53.538,102.536,98.146,NA,57.313,2.026,6.039,164.172,2.301,136.436,6.767,158.205,138.031,14.856,NA,NA,59.473,9.331,NA,NA,112.098,0.223,14.163,246.498,62.559,2.498,38.082,24.095,54.424,31.811,46.483,21.405,101.687,274.155,76.5,94.745,127.394,50.804,4.641,55.225,261.562,74.351,66.702,95.557
"2017-01",59.455,80.432,27.696,98.097,229.271,159.25,86.797,41.33,66.855,39.814,25.113,160.043,NA,11.917,132.439,62.854,64.997,188.835,NA,94.552,5.681,21.754,101.287,0.802,74.826,5.991,124.903,134.128,18.057,NA,NA,73.7,22.875,NA,NA,111.487,0.526,111.507,206.863,214.386,5.151,46.282,44.079,63.7,40.085,48.595,19.333,85.839,234.453,98.306,119.86,101.864,62.028,25.924,236.219,206.601,86.754,68.805,95.565
"2017-02",36.532,55.263,25.015,124.704,49.975,92.602,30.819,24.181,42.228,54.364,13.798,151.51,NA,14.875,100.836,68.508,83.833,71.72,NA,33.844,7.101,34.276,44.744,0.526,18.878,7.24,141.494,155.142,14.796,NA,NA,44.841,48.742,NA,NA,69.216,0.144,14.539,204.744,164.943,10.504,72.152,23.285,69.999,47.438,44.98,17.647,71.812,206.068,94.956,82.847,95.082,61.604,5.808,40.207,148.156,123.952,69.214,87.026
"2017-03",48.593,49.663,19.4,125.158,37.766,94.342,21.542,31.815,25.929,120.03,13.841,213.226,NA,11.947,89.129,51.321,97.434,20.897,NA,20.933,3.417,75.532,59.058,0.341,94.913,18.598,80.485,68.494,19.665,NA,NA,40.141,21.377,NA,NA,125.115,1.923,16.139,182.408,322.221,67.331,96.993,82.952,70.725,71.976,58.993,30.582,63.896,200.381,115.508,73.527,124.887,62.832,2.742,67.814,123.279,127.607,87.102,95.498
"2017-04",51.686,31.418,30.626,94.188,29.349,62.835,9.448,80.458,48.334,136.153,10.025,325.607,NA,39.687,79.359,82.917,53.726,31.005,NA,19.574,2.357,104.273,118.804,5.778,125.486,11.355,92.663,66.377,13.383,NA,NA,50.894,28.003,NA,NA,117.138,0.833,86.267,176.208,153.757,30.648,62.075,73.151,86.508,62.921,67.517,22.354,61.852,215.678,106.056,52.274,173.154,63.574,17.988,170.223,106.61,104.404,88.314,93.158
"2017-05",42.72,39.611,32.901,54.615,23.425,42.061,12.946,186.144,27.519,146.495,34.072,240.113,NA,35.54,65.282,81.925,44.828,137.165,NA,45.61,2.106,186.162,61.016,36.94,98.807,14.7,36.135,48.471,18.371,NA,NA,74.48,12.882,NA,NA,157.859,3.183,46.142,207.098,156.678,23.237,81.009,76.967,98.674,60.112,45.374,18.425,101.055,175.447,110.655,47.789,202.761,62.135,20.618,138.448,170.704,92.105,94.633,98.657
"2017-06",53.978,53.403,40.961,19.967,108.461,100.783,45.844,307.48,57.579,167.219,220.145,95.827,NA,53.017,77.132,59.378,30.906,6.884,NA,7.115,5.991,250.216,7.171,5.646,28.005,22.465,22.52,19.818,22.285,NA,NA,37.507,3.634,NA,NA,188.842,0.766,75.19,214.457,84.633,42.535,31.785,88.424,105.878,53.327,43.932,21.174,128.712,170.005,88.547,49.096,220.775,70.793,75.532,64.8,146.982,64.712,80.745,94.819
"2017-07",43.602,43.068,48.035,19.437,26.593,108.167,35.055,230.582,44.445,150.666,152.928,20.995,NA,44.346,48.544,79.112,51.309,31.867,NA,13.193,3.973,260.154,4.71,9.484,18.043,42.124,50.229,32.48,41.104,NA,NA,62.691,5.313,NA,NA,126.667,0.187,222.949,240.785,38.525,35.408,34.093,110.944,112.745,49.513,36.575,34.392,156.124,189.897,80.481,62.603,131.048,54.957,132.438,216.996,167.382,51.18,78.123,96.139
"2017-08",63.756,62.831,58.106,16.941,70.016,91.257,56.894,181.48,71.132,197.235,119.549,5.254,NA,52.678,61.896,60.158,53.1,31.312,NA,13.739,7.153,132.927,6.101,24.786,11.254,14.16,32.554,24.533,56.118,NA,NA,109.682,0.119,NA,NA,149.848,1.286,187.08,277.569,14.243,23.556,28.978,84.763,77.13,43.793,48.85,40.309,156.414,175.361,74.988,78.028,73.576,59.076,98.105,254.818,173.779,44.29,78.266,96.246
"2017-09",60.907,79.349,57.401,59.991,114.005,102.827,96.587,164.281,101.409,176.41,89.688,4.575,NA,42.074,75.058,56.613,86.27,64.575,NA,31.929,5.787,124.492,6.295,29.085,9.767,13.129,25.027,11.671,31.895,NA,NA,104.028,0.908,NA,NA,146.642,5.571,226.686,236.836,22.366,16.016,10.373,54.28,67.403,38.238,37.01,33.551,157.852,143.822,63.548,88.383,53.04,60.302,84.461,270.808,175.768,37.56,69.936,89.819
"2017-10",48.249,86.113,61.403,86.899,74.475,141.367,61.251,163.907,133.133,190.33,63.659,6.709,NA,25.014,123.796,49.209,105.891,93.829,NA,43.035,2.962,162.263,5.49,11.743,11.29,6.881,23.244,7.83,41.28,NA,NA,81.132,15.105,NA,NA,103.516,0.319,220.184,283.046,28.79,5.926,96.17,40.312,83.556,48.378,33.478,30.622,179.159,137.362,67.597,121.258,63.256,51.919,88.181,255.089,203.257,39.224,72.475,95.944
"2017-11",73.995,57.941,47.444,171.262,144.36,132.061,51.609,76.018,93.831,130.327,37.461,4.594,NA,13.503,125.854,40.833,89.196,104.421,NA,70.067,1.78,126.459,23.353,2.6,18.152,4.896,60.106,47.5,30.797,NA,NA,58.954,1.802,NA,NA,75.399,2.564,139.672,323.502,89.12,3.987,35.412,27.201,60.231,47.569,48.292,30.966,150.498,156.889,66.622,106.915,89.096,49.199,75.87,300.797,193.399,68.404,66.261,93.37
"2017-12",54.544,79.752,43.181,130.414,130.91,100.369,59.224,58.09,60.992,98.921,23.881,42.001,NA,8.352,118.196,33.481,108.277,141.91,NA,79.766,11.609,36.908,54.072,13.979,95.979,10.002,92.518,84.515,18.923,NA,NA,71.077,69.091,NA,NA,111.681,0.692,59.087,286.586,133.176,18.465,73.393,39.452,115.863,47.477,41.286,17.07,119.802,224.99,81.96,115.156,102.259,52.041,41.208,95.052,147.498,78.451,62.548,94.15
"2018-01",55.501,66.243,29.499,143.94,61.349,130.3,18.823,22.051,51.924,103.17,23.068,121.22,NA,20.467,74.589,57.771,90.498,117.141,NA,57.477,9.892,31.125,56.464,1.315,18.44,8.633,117.918,138.962,11.572,NA,NA,46.112,38.526,NA,NA,88.59,0.834,2.579,186.302,252.154,16.506,111.343,27.81,88.649,52.057,34.448,15.163,87.184,263.224,87.851,115.732,93.258,56.134,7.078,7.088,194.546,100.557,63.084,96.549
"2018-02",43.542,51.796,29.637,108.994,44.3,187.278,20.461,23.939,60.7,102.795,16.125,109.607,NA,18.641,106.677,61.917,82.285,100.212,NA,43.498,1.606,34.575,41.778,0.962,23.545,5.53,120.428,97.059,13.1,NA,NA,50.536,37.143,NA,NA,68.204,0.023,2.772,189.861,272.734,12.336,54.654,41.238,56.018,32.647,30.875,14.242,58.443,224.232,100.478,99.99,88.917,64.251,2.668,4.015,130.391,79.404,71.228,86.551
"2018-03",50.644,53.529,26.434,92.814,118.951,114.543,54,38.965,40.308,141.894,11.575,172.006,NA,14.486,93.407,67.373,79.334,88.076,NA,60.664,1.28,82.042,52.592,1.196,103.978,8.196,139.58,67.35,16.044,NA,NA,43.673,17.184,NA,NA,87.347,1.408,6.828,155.165,196.799,52.848,74.862,61.363,88.987,68.008,55.62,19.625,52.375,235.683,113.451,97.524,102.676,71.753,3.232,7.258,121.531,124.32,88.566,95.925
"2018-04",44.438,44.657,29.761,71.881,77.412,78.819,22.018,80.282,31.933,217.313,17.153,262.4,NA,32.091,110.269,72.695,71.372,133.893,NA,50.548,2.293,123.808,135.508,15.473,151.841,20.933,80.981,163.857,17.97,NA,NA,51.137,61.021,NA,NA,100.464,10.82,15.264,161.204,104.265,10.231,41.829,66.193,86.098,75.402,53.307,13.567,59.887,252.108,93.242,68.179,149.47,71.495,7.158,29.192,116.537,110.045,85.388,93.237
"2018-05",42.259,41.523,31.85,40.745,11.457,89.632,6.315,126.286,42.331,197.956,59.009,244.916,NA,39.57,80.876,57.986,36.324,20.023,NA,17.212,6.504,134.757,133.187,12.85,66.269,16.918,69.049,46.501,13.105,NA,NA,68.798,46.348,NA,NA,134.117,2.093,92.823,221.364,101.268,25.242,82.063,71.713,70.825,59.003,64.238,18.416,75.774,239.489,98.993,60.715,188.287,62.876,48.17,169.38,196.386,73.593,88.155,97.44
"2018-06",40.893,25.804,49.358,22.726,82.805,74.878,48.019,280.871,98.178,119.285,242.21,84.001,NA,38.377,35.532,68.602,34.591,25.983,NA,20.802,6.032,237.457,14.904,6.058,22.239,22.789,48.322,35.114,39.283,NA,NA,101.392,14.391,NA,NA,198.13,1.587,96.198,244.089,31.934,92.667,28.926,123.776,107.571,59.726,48.501,23.464,128.045,208.517,85.552,49.293,185.756,65.012,108.377,76.967,154.108,60.649,83.142,97.117
"2018-07",54.166,46.74,53.36,21.742,75.776,92.585,88.667,306.592,83.407,192.991,198.125,19.071,NA,35.02,70.112,62.256,41.063,30.772,NA,13.634,6.173,267.538,2.587,27.705,14.616,28.541,53.494,29.09,41.791,NA,NA,31.182,3.882,NA,NA,180.325,1.329,175.094,241.842,16.355,41.862,25.417,98.09,115.487,52.303,36.654,43.124,163.181,202.808,74.294,64.452,130.287,55.039,104.627,172.622,169.288,48.356,81.478,97.177
"2018-08",52.581,65.668,58.796,26.545,41.895,67.357,97.369,240.103,108.861,157.807,136.027,5.709,NA,28.133,57.068,44.349,52.835,12.864,NA,6.778,6.876,172.78,5.157,16.719,13.308,14.188,28.812,24.443,49.472,NA,NA,49.167,3.99,NA,NA,212.778,1.26,225.874,223.078,7.899,9.454,34.415,60.334,96.53,48.607,38.646,32.676,167.028,177.205,71.287,73.255,77.661,57.515,121.394,278.801,239.112,32.16,79.447,94.714
"2018-09",72.069,84.488,52.361,26.429,188.347,152.897,126.041,237.128,158.326,110.985,49.686,5.752,NA,26.463,63.895,43.578,69.702,10.561,NA,13.235,6.692,161.952,5.22,14.03,16.494,12.18,38.288,13.396,37.387,NA,NA,84.768,5.456,NA,NA,156.639,3.886,252.186,190.982,12.311,4.844,13.101,54.114,72.471,39.345,51.441,38.998,178.685,120.627,67.341,102.322,58.871,51.621,123.682,292.324,229.176,29.958,72.253,91.936
"2018-10",69.877,72.639,46.009,108.541,149.707,125.525,112.543,182.238,138.704,178.475,69.446,6.895,NA,22.57,114.808,45.967,119.633,12.846,NA,26.804,4.551,185.436,4.93,39.49,33.317,6.583,29.283,13.479,39.931,NA,NA,69.467,13.507,NA,NA,79.171,1.017,199.286,216.759,19.703,2.319,25.432,38.502,51.64,37.671,54.762,42.574,182.262,120.814,70.716,101.647,80.421,48.625,117.739,193.011,259.04,37.31,75.583,94.49
"2018-11",48.61,74.635,60.275,103.833,89.704,138.319,72.953,105.736,121.59,197.57,42.862,10.506,NA,17.113,138.798,49.007,104.777,136.518,NA,53.008,0.995,126.198,19.661,61.251,117.319,6.202,46.3,24.873,32.377,NA,NA,70.486,20.578,NA,NA,99.492,11.424,218.622,243.412,32.281,2.233,29.604,33.142,66.457,35.98,41.725,22.866,154.939,115.438,69.44,133.644,100.514,54.179,106.125,300.566,252.134,46.397,63.536,94.33
"2018-12",49.98,73.151,29.508,148.369,26.953,83.718,30.426,54.935,95.177,122.108,27.296,57.937,NA,16.419,119.637,49.321,94.799,197.364,NA,65.838,2.068,43.035,62.093,20.349,109.934,6.191,121.539,83.624,23.385,NA,NA,61.419,6.537,NA,NA,45.656,8.834,189.499,270.306,162.317,2.265,95.13,31.839,65.083,40.98,37.672,21.374,115.208,176.253,79.541,98.108,121.059,62.465,200.21,147.878,252.904,93.456,62.926,94.998
"2019-01",67.007,55.361,35.005,106.472,20.506,117.495,24.711,38.002,69.325,75.732,39.989,243.94,NA,15.806,116.956,61.391,84.543,138.272,NA,61.498,2.644,12.324,85.598,1.163,149.494,9.993,209.272,99.84,10.673,NA,NA,63.121,23.798,NA,NA,74.764,1.739,14.681,249.905,296.685,6.863,112.602,55.219,85.012,44.794,24.555,19.29,85.559,199.418,91.641,97.362,104.663,60.183,23.194,26.983,259.747,110.092,66.433,96.289
"2019-02",31.041,51.033,21.84,118.448,127.887,70.369,54.095,29.757,46.615,59.471,10.68,104.726,NA,13.538,84.448,53.199,93.123,33.504,NA,31.529,2.415,32.028,77.773,0.544,74.726,7.761,112.814,73.721,6.827,NA,NA,67.294,17.204,NA,NA,61.676,0.503,27.314,223.754,270.798,86.121,90.488,37.848,102.805,43.151,55.256,9.193,64.678,161.891,102.379,72.969,82.946,51.676,17.633,51.927,188.575,76.924,67.62,82.622
"2019-03",63.789,69.191,25.196,41.096,95.201,66.202,35.325,46.342,42.756,87.579,16.629,229.478,NA,19.941,55.008,64.77,69.289,126.342,NA,70.929,1.98,93.472,114.714,2.684,168.235,12.423,126.557,73.17,14.113,NA,NA,41.815,58.099,NA,NA,84.367,1.014,54.481,190.619,292.165,117.617,26.725,57.905,81.345,66.406,60.684,13.238,69.522,176.548,121.875,75.507,135.636,53.978,17.231,100.948,156.985,97.311,81.074,94.422
"2019-04",42.3,34.465,22.558,72.479,16.524,65.029,5.645,116.163,33.024,195.446,12.714,315.28,NA,32.802,80.578,74.187,72.106,30.368,NA,24.075,4.78,95.218,233.597,17.086,154.793,13.246,78.415,47.764,13.941,NA,NA,49.916,13.653,NA,NA,104.576,0.379,69.558,140.299,211.508,48.619,70.196,65.226,77.84,63.028,58.392,23.245,77.875,153.256,102.821,54.932,205.795,58.474,25.917,70.598,166.308,99.788,86.394,91.004
"2019-05",59.687,35.282,24.404,39.25,58.097,128.276,18.432,209.807,72.8,180.265,52.57,220.039,NA,39.947,112.577,52.694,36.06,15.304,NA,15.488,3.147,155.693,136.99,13.547,136.746,19.568,43.443,46.865,13.68,NA,NA,84.894,80.944,NA,NA,136.723,0.309,119.093,171.083,168.443,72.35,123.128,87.721,86.759,69.769,66.558,22.131,100.844,143.583,103.47,66.695,244.023,68.18,76.814,184.505,212.81,63.252,86.97,96.16
"2019-06",42.534,33.419,38.269,22.745,67.692,130.049,52.262,239.552,70.697,167.132,172.717,134.703,NA,56.632,83.129,69.244,28.653,66.952,NA,22.326,5.427,258.498,61.143,2.839,27.123,23.473,38.912,43.298,38.494,NA,NA,44.318,23.731,NA,NA,149.373,1.203,146.714,222.9,48.705,31.081,46.704,74.173,126.262,52.495,48.068,28.412,148.049,147.738,86.61,55.051,216.829,65.198,110.812,122.426,166.636,56.826,80.098,96.077
"2019-07",42.634,34.522,53.893,16.512,45.662,113.591,53.341,216.345,69.118,150.809,200.363,17.425,NA,41.495,62.305,60.212,37.122,29.483,NA,10.987,5.015,267.858,8.091,3.634,15.918,23.316,43.545,37.535,49.247,NA,NA,52.919,14.16,NA,NA,138.079,0.549,151.585,263.255,14.283,50.252,37.57,77.035,82.52,48.157,41.549,46.972,170.826,159.558,83.011,59.21,161.419,54.578,100.321,116.394,165.717,51.5,85.258,96.155
"2019-08",72.898,52.23,64.32,13.614,50.704,119.006,44.596,189.846,99.047,141.058,181.032,8.146,NA,44.468,46.915,58.75,48.946,16.428,NA,13.324,12.368,164.353,3.657,10.615,18.113,17.879,38.599,22.505,47.553,NA,NA,88.409,0.845,NA,NA,183.342,0.525,194.386,223.268,9.515,21.502,46.969,62.54,84.555,49.443,49.833,45.956,176.974,139.963,74.468,86.593,87.216,54.463,123.429,259.147,185.56,41.395,78.33,96.517
"2019-09",82.142,75.926,48.608,108.701,121.265,160.543,101.124,199.032,110.233,186.093,102.578,4.804,NA,42.37,47.555,57.086,93.887,19.7,NA,25.89,4.355,184.493,4.914,9.351,11.019,9.119,18.83,12.947,44.444,NA,NA,55.408,5.18,NA,NA,153.053,3.644,243.796,189.691,9.528,16.468,44.812,57.866,40.582,36.174,57.045,49.725,187.024,109.027,69.078,96.879,55.04,53.487,92.496,277.947,222.984,25.487,72.823,91.239
"2019-10",58.095,75.545,56.636,133.899,253.565,201.354,94.262,170.7,182.544,164.277,91.938,6.865,NA,20.974,134.797,60.707,112.784,93.008,NA,52.671,6.662,183.505,5.122,74.25,36.972,9.113,27.602,15.037,45.181,NA,NA,73.405,13.005,NA,NA,79.272,32.589,178.732,221.494,7.299,2.465,5.603,46.475,58.288,40.855,43.014,30.047,184.247,114.477,71.95,110.091,77.095,50.971,79.708,235.401,230.33,41.12,73.183,93.684
"2019-11",56.566,92.853,39.183,104.021,33.895,95.362,31.386,114.26,111.96,128.718,64.648,16.478,NA,18.704,117.266,47.008,97.7,125.649,NA,58.375,2.539,128.676,21.111,38.554,93.197,5.926,45.706,65.291,29.227,NA,NA,66.685,54.584,NA,NA,75.191,10.667,117.712,253.82,25.054,3.224,78.319,33.568,70.866,43.514,36.633,24.584,168.708,122.993,70.756,108.617,100.538,47.376,109.735,195.3,237.61,66.652,66.283,93.437
"2019-12",47.89,81.362,30.873,100.774,103.862,134.75,61.387,54.706,75.976,96.574,32.123,94.958,NA,11.799,133.449,53.132,113.281,47.016,NA,34.698,0.935,17.533,117.057,3.39,185.18,5.855,121.792,86.135,19.455,NA,NA,68.238,51.628,NA,NA,98.43,2.751,81.464,267.667,119.475,2.655,83.894,53.466,104.765,29.998,42.365,20.389,121.631,201.826,75.694,111.14,115.164,54.376,55.742,142.542,262.642,106.111,61.389,97.935
"2020-01",54.089,84.151,34.642,109.788,72.382,128.558,36.587,29.437,46.575,70.407,29.97,166.285,NA,18.442,114.606,62.322,97.789,113.071,NA,61.955,5.012,12.295,202.899,1.14,127.429,16.398,117.612,124.542,18.596,NA,NA,45.699,27.499,NA,NA,87.588,0.1,24.68,236.14,223.141,2.196,28.893,32.682,47.53,37.338,44.124,16.242,91.945,208.193,103.999,97.982,117.905,56.713,30.282,44.866,195.651,90.065,67.731,93.731
"2020-02",41.269,39.232,20.747,73.462,35.592,132.777,17.89,21.066,62.741,68.564,21.621,137.545,NA,17.969,70.363,59.484,100.393,79.461,NA,35.143,0.352,17.485,108.124,0.534,123.897,8.923,136.656,148.153,9.224,NA,NA,68.937,15.94,NA,NA,82.735,0.009,20.354,200.631,158.327,4.177,54.851,41.313,41.522,54.064,38.867,12.734,60.871,192.976,93.303,79.464,79.031,51.313,8.444,35.918,182.568,127.799,69.717,85.577
"2020-03",34.785,63.802,30.104,51.5,60.831,112.91,23.212,55.124,32.793,169.471,11.501,217.505,NA,20.835,90.919,57.015,88.135,95.877,NA,27.384,2.335,62.67,55.145,0.85,40.061,13.239,93.823,78.949,8.409,NA,NA,69.659,14.954,NA,NA,101.258,0.003,47.019,193.733,140.944,12.66,24.886,33.993,48.576,65.461,51.8,10.955,64.139,221.429,118.585,81.441,106.462,62.813,18.867,99.881,167.868,106.066,87.369,94.318
"2020-04",55.988,33.818,32.942,44.625,160.536,34.239,42.216,80.423,39.412,218.511,18.333,216.059,NA,21.837,112.737,63.004,32.55,48.381,NA,34.401,2.135,122.87,189.379,40.962,41.294,20.077,61.452,67.261,14.488,NA,NA,30.77,63.546,NA,NA,136.81,7.134,45.103,177.157,128.275,34.519,41.053,48.83,93.305,73.277,63.828,17.172,64.682,232.952,100.914,66.479,166.356,57.38,22.449,128.416,80.686,104.551,85.911,91.465
"2020-05",42.413,40.741,37.289,39.345,8.81,43.725,12.576,207.892,84.227,208.218,121.371,156.924,NA,45.833,125.379,55.889,27.004,52.001,NA,29.297,12.839,143.656,98.257,48.5,44.072,18.852,44.237,72.404,18.043,NA,NA,67.281,74.681,NA,NA,150.325,14.175,14.158,218.305,59.295,41.459,49.899,66.458,97.427,52.963,68.922,18.33,83.77,225.723,103.005,58.405,206.693,79.171,26.297,77.18,120.855,70.028,92.212,97.369
"2020-06",49.385,43.818,45.979,22.024,93.491,95.05,52.18,270.799,101.658,154.361,196.22,53.968,NA,47.034,54.289,64.422,30.024,49.667,NA,30.057,5.192,269.897,19.934,9.156,46.952,27.05,28.79,21.679,36.858,NA,NA,42.685,47.195,NA,NA,188.856,3.267,111.138,240.854,43.019,14.693,28.05,56.876,93.001,55.066,46.652,22.111,119.392,222.474,82.364,49.681,165.977,63.928,103.248,134.886,168.073,62.531,87.348,96.655
"2020-07",50.608,47.27,56.825,19.238,57.872,112.892,50.328,202.782,59.703,136.278,186.265,14.848,NA,39.372,61.039,51.875,37.704,14.552,NA,7.683,5.831,202.646,2.978,23.759,20.923,35.589,35.658,34.903,43.682,NA,NA,40.943,3.424,NA,NA,211.12,0.822,189.788,240.492,15.799,34.145,42.742,69.19,62.245,45.358,61.347,43.439,161.2,238.524,74.918,59.106,120.844,64.376,78.287,182.879,176.079,50.133,85.317,99.034
"2020-08",63.856,49.506,43.154,27.919,170.477,114.929,79.308,198.094,79.725,141.316,139.202,5.189,NA,37.108,40.23,58.502,51.303,10.949,NA,7.002,4.758,170.559,3.393,21.583,12.131,36.129,31.418,17.015,43.101,NA,NA,67.062,11.04,NA,NA,169.993,0.159,192.273,220.665,5.688,12.086,22.566,79.459,65.313,50.573,49.413,41.727,164.137,184.573,81.582,76.754,68.057,49.863,120.17,283.32,214.175,35.105,82.076,96.97
"2020-09",83.167,81.079,42.208,39.495,155.621,130.846,97.495,172.631,102.354,164.451,59.905,6.115,NA,31.635,65.071,51.541,76.173,32.576,NA,34.134,6.666,181.272,5.1,51.332,24.745,12.089,22.553,14.035,33.328,NA,NA,80.223,16.371,NA,NA,149.235,32.304,309.53,208.338,5.529,7.84,11.758,46.417,62.553,45.997,41.151,43.73,158.909,163.767,68.946,91.131,63.931,49.467,138.765,273.799,234.452,26.969,76.374,92.942
"2020-10",67.427,105.477,53.368,95.527,124.461,160.212,53.166,170.464,132.072,176.923,75.749,4.673,NA,26.21,57.354,48.442,74.748,112.609,NA,53.501,5.992,144.418,5.164,158.678,28.446,12.585,39.482,21.851,35.506,NA,NA,94.845,116.601,NA,NA,84.424,42.227,130.758,213.821,6.805,5.744,22.051,25.108,58.824,51.245,45.544,36.393,173.904,145.473,63.639,123.808,68.077,45.72,150.444,182.982,253.865,55.025,67.676,94.358
"2020-11",66.628,76.707,39.547,105.129,26.052,125.833,71.955,104.046,112.744,157.972,69.645,8.509,NA,9.367,103.648,38.622,104.729,138.301,NA,72.142,1.751,150.85,13.754,49.428,127.28,7.449,81.99,80.136,33.084,NA,NA,71.957,38.232,NA,NA,88.493,0.415,111.823,222.276,14.269,4.11,95.344,26.375,75.823,39.725,51.269,32.158,178.431,137.576,74.023,114.411,84.238,48.374,125.811,170.122,252.899,72.778,66.28,95.094
"2020-12",45.795,58.337,55.988,150.063,39.893,116.253,37.088,39.431,83.324,71.231,35.457,63.514,NA,10.452,152.469,49.302,114.185,137.922,NA,69.876,0.604,12.811,69.001,24.679,275.415,6.638,78.57,53.839,18.22,NA,NA,66.845,18.387,NA,NA,68.981,1.024,54.167,196.998,49.218,2.363,29.201,24.866,77.768,40.904,40.742,19.142,124.042,182.182,79.109,114.384,101.731,53.81,79.863,57.437,337.713,92.903,64.527,96.715
"2021-01",53.233,68.667,36.621,84.786,164.417,136.803,67.709,38.318,65.606,50.592,33.091,133.06,NA,13.36,123.744,50.595,112.507,110.816,NA,74.231,2.632,17.64,80.718,2.513,63.062,5.3,174.512,90.575,16.186,NA,NA,69.308,28.855,NA,NA,42.63,0.496,11.101,193.156,241.856,12.249,87.309,26.872,77.789,40.978,43.458,18.669,97.957,207.03,107.671,101.899,99.871,57.735,25.937,19.433,242.46,87.594,68.02,94.336
"2021-02",46.24,71.935,21.963,37.461,106.508,121.531,40.23,24.802,36.436,36.844,18.316,168.28,NA,18.513,58.159,56.002,85.083,72.013,NA,62.861,2.834,42.947,17.137,0.444,93.757,6.279,86.547,108.092,18.372,NA,NA,41.993,4.215,NA,NA,73.992,0.375,38.01,222.013,271.427,16.564,74.607,50.738,57.316,43.039,48.007,18.985,65.55,192.79,93.069,94.326,87.289,55.505,12.529,34.548,164.139,95.491,71.479,84.645
"2021-03",47.834,59.388,29.779,73.61,20.146,106.317,11.966,23.549,19.174,73.892,12.775,289.946,NA,13.433,109.827,64.165,90.2,86.355,NA,41.316,2.221,81.012,91.13,0.593,114.345,11.498,128.922,127.43,8.953,NA,NA,42.452,18.584,NA,NA,124.618,0.581,36.905,211.765,179.341,12.487,56.843,40.091,83.979,71.136,56.134,14.956,62.437,220.781,108.414,81.166,119.694,63.472,16.3,86.855,168.351,131.939,84.474,95.151
"2021-04",41.002,31.421,24.883,76.362,17.3,59.95,8.775,87.183,22.387,110.508,12.111,373.367,NA,29.112,73.685,73.647,46.988,44.802,NA,30.792,3.928,97.052,181.972,17.68,92.753,14.702,62.242,45.607,16.397,NA,NA,59.541,55.02,NA,NA,108.375,0.575,40.41,192.691,124.543,28.728,88.966,62.177,123.103,72.599,76.947,17.04,64.451,201.445,108.812,59.354,167.007,54.221,24.3,53.107,122.558,101.273,85.656,91.538
"2021-05",39.367,25.602,26.071,20.833,21.698,58.584,10.58,239.172,54.684,202.323,52.268,279.699,NA,44.033,62.979,86.22,31.844,66.317,NA,29.796,3.336,130.08,144.166,35.145,35.356,39.154,47.503,45.175,21.656,NA,NA,67.73,49.904,NA,NA,168.542,3.227,81.757,265.492,99.252,27.511,24.07,92.493,98.891,72.565,57.134,19.409,101.824,181.204,100.808,45.937,226.502,64.59,66.577,133.432,174.653,67.885,87.994,97.811
"2021-06",45.283,26.216,36.249,45.086,74.156,77.089,51.979,283.376,73.334,172.654,160.055,119.78,NA,41.688,65.861,59.543,35.56,46.901,NA,17.24,4.791,263.587,36.42,6.885,23.005,28.088,53.943,34.735,23.737,NA,NA,45.75,5.012,NA,NA,142.615,2.21,103.995,220.18,83.755,38.396,37.705,114.298,117.462,57.29,34.018,22.35,147.383,152.197,86.363,47.007,178.302,61.03,99.787,95.16,132.292,60.862,80.048,92.612
"2021-07",61.972,44.061,37.188,30.968,70.133,84.154,55.012,197.405,78.074,104.274,180.077,28.642,NA,40.789,51.629,55.503,44.01,6.401,NA,6.732,6.465,247.95,3.578,11.319,24.773,16.014,56.306,35.315,37.542,NA,NA,50.418,0.165,NA,NA,162.558,0.54,156.714,224.616,17.938,54.387,23.01,91.564,99.49,52.6,59.152,37.143,164.602,160.634,85.605,50.158,164.761,51.801,138.975,171.912,225.128,44.402,86.842,98.053
"2021-08",59.058,50.796,65.97,20.253,75.748,118.399,55.729,192.917,73.536,166.579,125.159,9.483,NA,36.022,88.47,59.434,43.283,35.393,NA,11.124,5.989,142.603,4.395,5.593,13.46,20.738,18.738,16.902,45.93,NA,NA,92.932,0.043,NA,NA,177.671,3.039,249.287,251.35,15.041,11.41,75.82,65.195,79.656,48.259,40.43,37.744,178.922,169.053,74.761,71.565,83.355,55.479,118.961,285.46,173.151,29.812,74.021,96.264
"2021-09",70.066,107.55,54.098,42.237,103.599,113.358,87.721,194.076,96.95,164.731,78.727,5.449,NA,30.408,77.167,46.3,98.352,8.053,NA,6.646,6.129,141.744,4.393,10.959,11.269,6.853,19.837,17.854,49.535,NA,NA,71.936,6.293,NA,NA,140.508,4.892,230.461,205.307,6.27,6.858,59.024,42.644,78.222,43.738,40.007,37.915,181.15,132.603,63.147,84.886,59.269,53.36,107.628,281.533,227.734,23.877,73.691,91.377
"2021-10",83.517,101.42,52.142,85.736,112.345,162.282,59.075,144.723,113.928,162.835,76.457,6.065,NA,16.659,153.465,36.702,91.13,101.95,NA,45.886,5.365,197.192,3.731,22.641,69.113,7.934,43.945,11.432,44.399,NA,NA,55.409,24.14,NA,NA,80.291,4.288,212.645,186.399,7.857,4.435,40.875,27.891,76.922,51.328,55.398,46.724,190.332,114.78,73.642,112.561,82.542,56.054,91.407,243.507,272.878,35.078,71.533,95.55
"2021-11",48.326,58.042,43.996,108.322,55.234,132.69,42.616,123.441,81.996,135.902,46.339,30.261,NA,13.676,160.275,46.792,75.02,250.785,NA,77.058,2.306,108.846,15.265,8.313,75.187,6.609,46.518,36.7,36.659,NA,NA,60.686,27.002,NA,NA,69.514,0.476,95.971,248.533,23.541,3.398,38.489,43.323,54.304,43.091,43.867,30.241,163.336,132.814,70.444,128.821,97.984,55.597,86.044,213.997,292.494,53.269,64.717,94.382
"2021-12",60.853,79.302,29.597,125.039,83.749,108.223,37.615,66.207,49.798,115.911,25.915,65.262,NA,11.49,127.614,55.733,85.018,193.864,NA,100.51,1.339,100.341,23.87,33.829,153.91,4.835,129.972,73.023,24.888,NA,NA,58.33,8.041,NA,NA,70.719,0.694,71.711,244.773,52.876,3.3,87.864,31.825,77.56,50.473,30.344,17.708,137.068,208.313,80.265,105.123,124.127,55.518,125.089,134.632,219.173,79.502,60.974,95.416
"2022-01",48.946,68.292,27.601,196.491,110.406,147.989,40.811,37.206,66.585,67.862,25.041,212.983,NA,20.033,110.133,61.635,112.703,50.707,NA,53.931,1.156,35.687,28.344,7.826,175.632,5.883,147.671,156.308,18.2,NA,NA,50.742,18.194,NA,NA,82.381,1.637,17.248,214.268,109.824,3.12,47.201,45.557,43.802,39.851,33.961,21.599,78.842,273.301,96.395,94.054,127.45,60.946,27.426,60.039,242.373,80.588,73.251,94.85
"2022-02",41.849,52.367,24.403,80.819,54.61,75.998,22.126,16.511,30.484,47.277,11.36,258.758,NA,12.894,91.146,40.851,83.694,141.015,NA,66.634,1.253,70.629,50.669,0.907,54.226,7.173,104.39,162.031,11.383,NA,NA,52.97,17.83,NA,NA,59.681,0.083,11.532,188.163,235.706,5.511,65.456,22.414,80.221,49.509,44.143,11.319,59.074,209.807,101.301,85.784,98.747,50.369,9.015,15.518,169.362,91.947,70.018,83.717
"2022-03",46.916,63.06,20.503,61.708,40.228,83.537,26.501,40.183,38.832,128.469,11.13,250.908,NA,23.908,78.217,78.303,74.332,80.336,NA,48.674,2.727,101.898,71.54,0.613,47.346,14.891,89.328,75.388,13.668,NA,NA,47.62,44.224,NA,NA,117.967,0.162,20.435,160.318,237.677,23.166,51.375,50.64,64.55,67.991,53.724,16.197,59.302,234.154,108.157,77.773,137.228,71.047,6.033,23.742,113.467,123.736,83.78,94.089
"2022-04",34.756,51.271,26.408,50.551,24.224,57.066,11.224,57.028,31.31,165.801,20.42,326.68,NA,33.089,62.407,53.195,63.184,105.164,NA,31.328,5.742,128.718,68.125,1.808,121.37,8.891,62.065,71.797,12.132,NA,NA,59.613,61.003,NA,NA,96.119,2.271,44.224,181.954,122.073,7.125,75.376,48.849,105.308,75.043,60.511,16.599,53.771,225.728,107.314,61.056,155.16,62.233,15.361,143.856,106.362,100.383,84.945,90.656
"2022-05",53.811,36.055,38.117,39.574,48.825,80.723,35.996,224.309,77.684,199.193,42.021,165.393,NA,44.764,81.233,56.703,29.741,60.677,NA,32.808,3.393,175.901,65.739,32.095,113.833,13.126,58.811,86.292,24.864,NA,NA,48.404,28.04,NA,NA,151.431,3.432,20.94,213.331,66.902,19.493,166.377,47.646,101.749,56.661,66.517,19.649,95.927,210.337,110.589,47.431,177.55,71.632,33.669,39.046,175.764,86.828,86.676,97.879
"2022-06",58.928,26.962,38.981,22.065,106.25,119.608,56.279,304.201,79.812,187.18,185.897,105.456,NA,41.839,87.986,49.311,24.695,21.221,NA,19.212,5.681,220.667,9.66,8.316,34.706,25.927,51.424,45.724,24.385,NA,NA,80.923,23.723,NA,NA,196.391,2.686,216.256,250.306,33.09,34.006,24.544,80.144,82.976,53.744,54.468,24.683,129.142,183.02,90.013,51.469,182.077,64.175,89.438,241.808,173.737,63.544,87.625,96.252
"2022-07",51.194,55.543,50.215,15.534,32.821,95.457,41.048,194.905,70.544,155.402,191.295,25.983,NA,51.12,44.096,72.817,63.506,19.734,NA,9.748,7.85,181.617,3.229,14.956,24.803,25.797,32.024,29.905,42.371,NA,NA,73.507,5.559,NA,NA,172.612,0.891,350.228,234.594,19.461,48.992,36.62,67.945,104.644,56.327,44.971,36.061,163.308,165.909,88.7,55.374,152.823,53.522,97.976,213.212,170.837,50.445,81.136,96.709
"2022-08",49.461,68.345,67.767,26.983,91.497,95.634,71.808,195.71,78.33,149.364,132.775,9.171,NA,36.715,24.246,60.6,77.327,11.108,NA,8.03,7.604,186.611,3.791,48.807,12.706,22.167,34.332,25.749,45.048,NA,NA,108,1.729,NA,NA,184.095,3.514,146.398,231.375,11.861,13.101,39.956,87.361,125.355,57.352,43.504,50.538,166.484,149.218,74.536,65.612,94.336,47.506,79.522,248.707,214.651,44.81,77.776,94.614
"2022-09",67.688,90.696,69.909,60.213,116.43,159.28,100.232,200.598,123.563,137.848,66.44,5.074,NA,37.765,76.942,60.238,79.198,20.058,NA,15.725,6.012,135.475,7.942,31.651,14.132,8.391,16.88,7.542,36.326,NA,NA,81.264,2.331,NA,NA,152.303,3.59,249.07,232.375,12.234,8.946,41.342,51.767,97.212,38.194,53.809,43.961,174.151,121.157,68.785,84.816,67.631,52.903,103.663,257.455,193.782,27.708,74.913,90.202
"2022-10",74.456,65.618,58.491,117.957,379.209,186.557,141.496,176.595,182.646,168.633,72.119,10.384,NA,24.673,95.43,53.619,96.071,33.058,NA,31.573,3.281,131.966,5.084,35.247,23.811,8.189,25.876,15.423,35.672,NA,NA,76.135,20.193,NA,NA,68.346,35.248,247.958,233.28,11.398,2.207,8.707,50.692,81.878,45.28,48.781,40.408,172.582,108.542,68.674,109.789,63.488,46.829,140.381,272.095,259.335,38.659,72.7,93.423
"2022-11",56.687,77.275,47.954,109.402,172.617,132.354,64.508,125.006,137.226,163.833,54.674,9.651,NA,20.976,102.525,46.908,111.136,72.404,NA,43.504,1.114,147.28,11.835,52.838,47.674,5.569,43.276,44.001,37.834,NA,NA,69.149,22.444,NA,NA,70.512,29.255,114.623,272.515,15.322,3.891,21.142,25.583,81.01,39.818,43.578,33.307,167.106,112.891,75.504,111.247,99.747,47.611,121.769,173.437,216.953,62.046,61.786,91.687
"2022-12",70.409,75.623,38.398,100.961,80.302,127.169,63.989,85.506,98.931,105.512,52.412,48.647,NA,12.732,121.97,44.765,122.186,66.64,NA,51.606,1.27,17.501,66.072,2.247,197.747,6.486,62.63,24.404,21.915,NA,NA,67.1,35.79,NA,NA,107.182,1.663,137.897,298.265,185.425,5.829,133.028,27.188,63.128,30.508,33.944,26.541,135.796,177.712,83.273,96.94,117.467,49.472,94.099,193.394,250.858,80.738,67.414,98.067
"2023-01",42.802,65.298,34.298,60.756,72.578,95.572,42.423,37.835,67.755,52.284,32.324,90.875,NA,16.841,98.896,62.602,115.823,104.177,NA,49.993,30.496,14.472,117.407,0.935,52.517,7.093,102.496,88.961,14.474,NA,NA,72.81,33.277,NA,NA,58.654,0.131,52.393,275.685,285.021,8.759,53.269,40.084,55.9,39.47,28.426,22.876,92.066,201.597,117.271,103.065,107.165,58.149,48.216,153.859,209.786,82.164,69.026,95.992
"2023-02",37.038,62.918,26.69,112.877,35.543,81.041,22.597,24.566,41.844,70.59,11.701,134.053,NA,13.017,77.223,47.718,112.548,84.537,NA,39.974,1.019,22.712,125.883,0.61,62.772,6.373,118.353,104.324,13.5,NA,NA,57.531,23.772,NA,NA,81.038,0.219,11.298,202.804,185.721,37.519,37.413,48.779,54.082,51.548,48.593,16.742,70.144,180.186,112.038,74.826,87.56,52.384,4.707,49.183,123.769,109.284,70.627,85.735
"2023-03",59.618,50.308,32.81,71.569,113.656,112.82,40.6,40.581,48.624,134.654,13.632,281.691,NA,17.386,89.67,51.221,79.219,44.066,NA,48.7,1.957,81.922,135.623,1.128,116.187,8.717,169.681,140.329,15.632,NA,NA,62.015,41.153,NA,NA,118.345,1.29,13.457,169.61,191.317,28.83,82.194,42.69,92.756,63.708,59.24,19.018,61.838,212.279,119.391,98.232,113.251,60.057,11.22,26.56,103.702,117.14,79.458,93.449
"2023-04",47.717,47.636,27.736,64.488,51.328,42.206,28.355,111.113,29.387,188.483,9.27,247.646,NA,39.007,96.31,69.074,65.129,35.132,NA,22.728,2.977,97.308,106.395,15.563,99.379,12.819,69.889,94.173,20.608,NA,NA,49.103,40.897,NA,NA,103.997,0.434,56.619,178.233,182.092,22.51,45.867,51.313,88.307,68.919,53.88,17.598,63.824,223.145,104.123,69.444,164.67,61.93,20.916,127.773,112.284,92.228,81.544,92.229
"2023-05",40.551,36.545,33.5,28.261,28.128,93.403,24.869,248.691,72.206,216.27,79.45,216.05,NA,38.935,122.902,61.624,48.043,48.681,NA,22.288,3.203,158.17,155.514,39.672,90.611,24.569,58.255,52.855,23.107,NA,NA,67.996,16.483,NA,NA,122.292,3.928,40.075,228.202,63.326,39.605,63.315,72.902,108.848,66.048,58.206,19.744,113.172,187.74,106.095,60.335,200.312,75.6,41.968,141.358,218.537,70.195,88.863,99.013
"2023-06",39.524,35.611,48.81,16.92,97.978,110.985,58.488,211.789,44.311,138.17,177.795,64.853,NA,52.187,56.062,70.112,42.393,18.374,NA,10.42,5.258,251.869,10.526,9.495,12.685,39.328,47.704,47.182,31.722,NA,NA,26.205,0.665,NA,NA,177.366,0.95,303.711,239.062,29.126,58.121,31.736,130.543,118.858,71.665,44.451,21.007,126.392,200.94,83.902,60.155,214.316,47.09,112.954,203.409,121.232,70.771,83.194,96.494
"2023-07",43.284,60.592,52.22,15.586,33.952,100.426,35.96,196.886,48.76,154.731,210.119,11.074,NA,51.639,39.224,76.31,47.874,11.84,NA,8.741,9.041,194.406,2.731,10.273,19.093,15.769,30.835,32.24,27.264,NA,NA,102.444,3.388,NA,NA,140.595,0.137,113.768,240.531,21.427,25.736,21.039,82.391,118.352,58.707,42.832,36.959,157.26,200.318,84.979,61.523,121.944,51.884,94.697,132.491,201.043,40.706,81.959,97.158
"2023-08",64.769,79.44,55.163,17.322,43.802,141.858,67.411,203.864,83.921,166.034,157.801,5.008,NA,28.975,25.505,77.45,55.053,9.707,NA,8.323,7.701,125.042,4.259,26.816,11.867,21.373,37,16.303,44.281,NA,NA,85.003,1.18,NA,NA,216.655,0.949,159.503,274.682,11.048,16.179,21.707,67.575,71.178,44.402,42.065,30.224,160.546,189.189,75.997,75.147,87.174,49.897,128.574,197.538,217.302,31.963,86.119,97.205
"2023-09",57.281,68.163,56.608,59.148,108.22,128.677,89.371,179.9,105.905,157.38,106.37,7.394,NA,20.422,103.443,39.634,53.492,102.423,NA,37.146,3.576,135.284,5.99,27.062,11.679,11.289,16.278,9.585,44.351,NA,NA,83.314,7.772,NA,NA,183.238,6.805,211.42,193.614,7.909,11.526,60.438,41.933,76.653,51.068,48.098,46.144,178.264,130.117,71.832,96.31,51.809,52.991,106.228,286.787,234.695,20.715,72.944,92.398
"2023-10",58.983,69.913,78.987,84.267,124.931,184.957,97.494,144.84,93.238,154.954,65.568,5.228,NA,19.346,85.283,39.602,81.809,15.668,NA,26.398,5.303,185.091,6.796,15.836,31.458,6.121,16.889,7.417,35.768,NA,NA,87.834,7.831,NA,NA,92.336,1.275,259.342,236.05,9.701,6.369,34.849,36.097,79.855,47.927,52.646,32.785,194.83,142.034,66.509,124.04,71.652,44.166,120.105,266.108,210.209,32.146,69.607,95.239
"2023-11",46.081,78.551,40.58,127.726,63.958,110.896,42.991,97.143,83.801,146.583,27.95,19.364,NA,16.458,119.878,41.822,105.007,125.959,NA,59.546,1.066,123.366,14.794,20.878,55.562,6.005,46.018,35.802,30.043,NA,NA,78.001,11.929,NA,NA,63.658,0.225,124.853,237.522,16.135,3.824,15.887,35.796,94.265,55.434,26.289,28.578,146.428,144.414,71.899,108.991,87.411,48.158,65.931,240.818,241.419,60.969,66.447,92.012
"2023-12",51.458,58.056,37.535,126.318,84.03,104.905,47.653,45.973,67.755,78.638,46.427,51.114,NA,12.852,115.402,41.772,90.768,136.837,NA,90.422,3.451,58.755,45.456,1.623,117.215,4.365,93.914,69.386,21.82,NA,NA,77.636,27.301,NA,NA,76.799,0.614,135.91,243.684,71.294,2.983,19.423,33.461,57.296,39.664,41.073,20.94,111.651,250.308,78.926,105.746,117.103,53.139,46.435,214.371,224.636,83.11,62.728,95.19
"2024-01",45.818,77.562,22.91,79.072,229.988,145.675,84.776,34.492,71.658,74.931,22.93,194.977,NA,17.769,123.156,68.085,114.68,124.699,NA,75.062,0.722,43.446,115.643,0.926,94.562,6.193,96.768,70.823,21.619,NA,NA,53.288,47.593,NA,NA,75.084,0.386,38.496,227.332,201.688,3.142,52.063,27.005,52.484,37.573,40.533,21.557,76.529,264.254,91.271,101.137,116.145,63.411,20.601,95.115,231.175,80.848,69.452,95.662
"2024-02",51.779,26.234,19.812,113.224,74.542,122.44,27.112,21.105,39.838,69.643,14.872,156.414,NA,19.58,73.844,47.728,66.233,119.429,NA,50.362,1.689,70.68,75.827,1.414,84.905,10.595,148.001,156.006,16.753,NA,NA,54.425,48.217,NA,NA,84.456,2.269,18.69,147.99,113.753,30.027,18.264,31.473,46.446,45.843,57.269,14.352,60.628,225.594,95.805,88.275,89.4,59.281,9.947,24.06,166.596,98.944,69.319,85.757
"2024-03",55.134,54.502,23.34,72.069,39.371,114.315,21.986,31.492,33.164,106.255,10.295,213.403,NA,19.141,119.865,66.899,68.975,132.107,NA,48.574,1.127,65.411,49.857,1.186,113.14,9.283,143.377,87.578,11.072,NA,NA,56.127,18.997,NA,NA,132.062,0.898,17.781,196.27,200.847,18.992,27.461,44.471,64.212,74.802,46.915,14.356,57.382,236.553,117.106,85.855,121.581,67.917,5.639,62.359,147.056,97.99,86.426,94.971
"2024-04",38.528,43.539,27.222,71.122,155.949,77.856,44.337,103.991,45.242,194.334,11.195,361.079,NA,28.759,112.75,63.765,33.986,111.743,NA,47.276,2.612,126.235,170.312,7.994,124.198,20.668,93.224,46.938,15.028,NA,NA,59.287,80.629,NA,NA,111.902,1.58,38.779,193.31,107.294,5.395,52.033,43.059,63.662,65.534,60.1,15.113,57.821,237.629,102.724,62.578,159.693,66.16,13.437,83.337,115.291,99.999,90.894,94.045
"2024-05",54.25,37.348,33.545,25.091,59.731,91.028,22.78,151.917,50.594,153.109,24.112,271.792,NA,30.256,90.095,46.896,38.827,46.635,NA,31.96,4.256,128.378,138.953,35.977,104.332,17.003,51.174,42.49,17.523,NA,NA,84.969,53.771,NA,NA,182.866,5.558,27.578,218.088,56.126,9.42,28.017,64.166,81.655,57.526,70.52,18.866,80.58,234.701,103.753,55.709,202.817,76.097,22.484,131.878,180.243,66.922,92.078,98.87
"2024-06",56.063,46.416,43.911,18.499,110.427,102.805,58.685,279.538,56.089,221.64,82.262,79.974,NA,35.394,89.538,51.022,32.95,8.151,NA,14.771,7.621,238.042,30.108,4.901,21.41,36.661,47.76,55.028,17.511,NA,NA,62.319,12.069,NA,NA,120.451,1.611,173.169,205.189,28.999,76.96,57.559,90.808,80.889,56.88,53.855,27.34,130.878,185.134,90.929,58.27,190.128,66.295,91.114,257.397,177.18,62.182,86.87,95.667
"2024-07",58.347,54.136,47.013,14.96,31.103,90.247,48.005,229.024,39.558,158.157,117.232,17.317,NA,38.132,51.723,61.966,64.389,14.093,NA,11.146,8.377,235.045,3.282,14.164,35.421,17.832,33.265,33.187,54.396,NA,NA,38.957,1.341,NA,NA,216.16,0.108,212.863,203.377,12.269,28.939,25.161,82.753,76.482,41.927,49.958,56.51,162.653,208.816,81.902,53.791,134.765,48.261,113.005,287.369,200.416,39.173,89.405,98.982
"2024-08",59.812,55.02,40.833,14.422,10.347,106.134,47.658,208.248,76.432,175.03,154.671,7.91,NA,30.45,50.72,65.902,45.079,32.491,NA,11.849,8.702,177.937,5.118,54.595,17.982,10.662,32.567,32.659,51.647,NA,NA,42.434,3.822,NA,NA,197.052,0.291,238.728,212.151,6.967,17.799,16.356,61.202,64.196,48.929,44.966,42.07,173.912,178.003,75.213,73.586,79.951,49.88,124.565,257.556,219.408,41.64,82.023,96.639
"2024-09",73.916,90.721,53.074,30.049,179.748,121.289,108.115,203.721,109.16,115.032,95.029,4.859,NA,34.166,40.777,51.236,89.877,14.548,NA,16.389,10.138,136.833,4.088,33.215,17.515,12.279,18.778,6.313,43.309,NA,NA,86.295,4.155,NA,NA,171.157,2.726,320.778,189.894,4.151,6.818,23.856,41.196,84.056,44.014,55.867,41.587,186.915,140.293,70.053,84.01,71.211,49.615,138.007,293.682,230.861,25.484,73.581,91.978
"2024-10",65.908,96.74,49.463,75.43,83.892,135.293,105.88,173.991,102.77,166.391,53.072,5.778,NA,21.167,111.112,40.246,96.545,63.633,NA,32.269,4.692,156.502,6.771,37.218,53.139,9.802,40.655,12.587,36.779,NA,NA,107.701,36.728,NA,NA,78.282,0.225,153.142,215.849,5.058,3.143,12.481,43.925,66.68,49.446,35.031,35.409,199.216,126.947,67.508,122.456,74.04,51.635,93.22,229.935,238.188,37.239,71.738,95.885
"2024-11",69.067,82.307,39.446,108.186,58.766,79.543,47.432,101.996,120.463,153.893,59.022,18.768,NA,14.48,108.942,41.814,111.339,167.387,NA,104.843,3.24,177.042,28.166,57.222,111.095,6.2,58.883,48.659,35.697,NA,NA,60.965,42.804,NA,NA,81.121,0.219,78.51,199.374,19.855,1.994,38.309,18.07,67.92,42.947,44.627,35.241,159.804,154.399,68.268,116.766,112.323,49.05,134.344,182.731,251.741,57.375,62.461,92.793
"2024-12",45.8,73.954,38.85,121.872,61.968,139.106,31.082,50.519,64.469,93.146,24.618,90.574,NA,17.309,104.618,54.949,96.383,97.054,NA,62.413,1.874,59.766,12.232,4.924,107.834,5.323,125.851,143.17,19.141,NA,NA,69.904,25.699,NA,NA,106.611,1.676,109.08,234.795,38.969,2.559,65.846,25.366,81.973,36.545,32.13,20.68,116.238,216.952,74.838,105.51,105.144,50.018,72.286,190.147,248.038,87.72,65.932,95.366
"2025-01",39.569,64.687,33.041,145.025,141.598,108.333,47.107,26.426,49.104,65.336,21.971,130.423,NA,13.06,103.77,47.952,102.701,156.785,NA,54.315,0.579,1.753,172.807,5.592,100.671,8.699,97.489,98.394,14.664,NA,NA,67.526,29.478,NA,NA,169.556,0.947,51.114,232.091,109.886,3.16,84.848,34.618,66.831,41.353,38.281,17.26,74.374,271.105,102.439,86.47,93.596,70.664,68.58,78.149,253.754,92.645,71.755,96.338
"2025-02",50.201,64.223,23.556,90.592,96.452,70.736,39.993,20.644,30.912,74.174,9.836,91.462,NA,19.324,98.054,55.773,97.958,96.126,NA,50.777,0.552,38.377,101.295,0.294,69.17,9.783,102.363,132.486,10.565,NA,NA,52.333,15.84,NA,NA,95.461,0.046,22.053,221.402,268.249,5.899,20.16,35.99,46.2,49.281,56.206,16.665,63.006,209.526,100.18,78.177,73.86,60.826,8.589,82.676,174.274,101.771,70.961,86.633
"2025-03",43.97,41.091,29.372,61.132,31.117,84.813,27.728,23.9,34.883,108.881,14.819,239.036,NA,21.133,87.631,66.127,81.848,88.263,NA,40.787,4.665,60.424,71.711,0.83,151.081,11.453,130.022,85.192,16.409,NA,NA,72.167,20.825,NA,NA,109.336,0.127,29.269,204.459,258.187,31.161,77.696,43.26,87.103,78.695,51.234,13.079,63.785,186.093,111.578,91.565,121.404,65.64,7.149,59.54,139.049,110.793,90.233,95.095
"2025-04",41.186,35.187,33.969,57.481,41.223,43.392,13.091,73.934,30.565,104.173,13.415,357.136,NA,54.593,102.63,78.464,49.371,88.837,NA,37.113,2.548,134.014,115.892,21.895,116.538,10.896,48.695,44.921,17.506,NA,NA,60.217,85.132,NA,NA,143.426,1.084,49.952,158.363,188.158,27.396,78.936,52.269,85.759,65.725,73.045,18.009,58.1,192.661,104.717,55.399,139.008,63.529,24.833,100.359,140.345,102.469,88.424,90.947
"2025-05",51.155,47.797,37.558,53.249,35.485,91.137,15.454,202.199,65.903,162.899,39.642,243.91,NA,44.214,93.331,66.444,51.096,15.893,NA,9.109,5.228,179.529,93.059,30.798,30.174,21.683,59.542,74.236,22.803,NA,NA,60.385,70.085,NA,NA,182.807,1.787,66.238,222.545,168.899,43.523,119.618,59.353,104.771,60.556,66.451,25.694,97.461,182.894,95.153,55.591,198.041,63.949,59.316,119.118,138.208,85.407,90.467,96.466
"2025-06",43.561,33.174,45.845,23.514,49.789,73.808,46.491,291.017,81.693,151.739,180.516,71.589,NA,35.302,68.002,77.749,44.574,8.164,NA,9.007,3.991,302.773,8.554,10.456,28.846,34.354,31.963,24.685,28.464,NA,NA,88.15,22.349,NA,NA,193.921,2.506,71.664,263.386,36.273,53.567,16.435,86.37,87.465,58.433,47.106,35.329,141.315,193.734,83.226,58.582,207.452,64.457,81.781,138.332,128.254,62.331,93.127,96.839
"2025-07",67.908,51.963,55.207,20.396,56.83,80.039,41.969,186.245,53.619,121.959,180.186,6.995,NA,46.365,47.147,62.456,38.732,29.571,NA,12.131,5.292,221.466,1.755,21.875,19.01,11.912,30.297,27.839,23.713,NA,NA,101.296,2.445,NA,NA,169.235,0.74,173.739,220.548,14.448,76.143,51.713,97.606,112.243,49.102,56.147,27.23,148.634,207.069,82.572,57.217,96.454,60.846,101.221,204.684,200.29,49.595,83.861,97.938
"2025-08",63.738,74.332,55.031,21.847,20.668,149.459,38.937,201.231,63.411,169.929,131.841,6.184,NA,31.16,53.008,64.941,37.087,18.797,NA,9.5,7.593,146.698,4.156,45.299,17.905,13.936,31.558,14.338,42.569,NA,NA,100.775,0.778,NA,NA,188.993,10.653,219.493,241.273,8.443,10.381,27.132,81.338,79.867,40.344,57.945,33.563,159.704,163.257,71.915,77.016,79.308,55.53,114.361,289.554,278.525,32.38,81.547,97.779
"2025-09",81.541,88.053,65.739,37.453,86.46,100.575,86.622,236.487,93.536,159.604,73.426,7.634,NA,34.421,95.943,56.202,98.45,23.678,NA,25.46,5.75,101.838,4.904,50.233,14.231,18.437,29.57,10.742,41.231,NA,NA,97.836,5.979,NA,NA,170.816,2.443,239.688,212.245,3.535,6.618,12.263,82.681,85.633,45.741,51.03,40.77,168.265,113.778,67.339,97.713,57.719,57.746,78.678,332.224,218.983,43.117,75.606,92.37
"2025-10",83.353,66.228,54.55,119.817,221.052,173.893,81.731,186.513,177.743,150.512,41.812,7.074,NA,19.348,103.124,42.887,78.61,15.027,NA,39.215,5.185,191.572,5.386,16.779,50.013,5.601,37.185,21.806,38.66,NA,NA,86.9,5.503,NA,NA,136.776,0.157,273.492,237.031,15.022,5.318,55.355,44.043,74.642,36.087,44.601,34.37,180.94,113.548,70.759,111.819,64.84,52.504,107.898,311.726,227.244,37.607,70.499,95.074
"2025-11",55.952,80.033,54.866,141.75,40.72,131.259,31.202,112.335,110.904,151.384,45.086,10.253,NA,16.896,130.397,50.907,88.629,197.09,NA,77.875,2.638,137.894,7.384,75.32,146.961,7.077,74.022,45.751,31.609,NA,NA,60.925,48.341,NA,NA,49.372,35.679,137.559,249.461,39.206,2.067,54.474,22.872,52.823,34.16,33.882,24.561,158.979,124.523,77.632,110.425,78.878,48.054,154.517,144.107,263.114,61.488,63.94,92.821
"2025-12",68.967,57.827,38.474,120.241,56.743,132.185,34.903,50.69,83.974,92.259,37.543,40.767,NA,13.467,148.16,54.606,76.7,197.122,NA,73.436,3.558,30.652,47.111,6.4,97.839,4.689,80.951,63.407,17.836,NA,NA,82.004,16.946,NA,NA,85.303,0.932,59.395,280.642,162.154,6.28,62.014,42.049,73.217,32.999,33.339,23.941,118.485,206.825,77.46,117.565,116.379,55.521,70.409,117.594,265.067,81.931,67.124,97.458
"2026-01",43.593,54.763,38.261,159.171,52.259,101.069,16.899,21.55,48.827,73.991,24.571,148.821,NA,25.484,104.12,59.161,83.236,170.728,NA,101.57,4.655,38.703,62.266,0.747,29.029,6.268,135.692,88.61,14.048,NA,NA,77.718,9.204,NA,NA,103.808,0.653,55.485,283.616,245.057,107.798,64.98,55.604,78.739,33.896,38.051,16.993,80.627,218.704,100.541,111.79,101.246,55.191,22.546,67.268,169.916,106.94,67.679,97.617
"2026-02",41.206,40.025,27.494,138.606,36.681,102.876,9.541,14.365,33.516,67.135,14.476,227.293,NA,17.13,81.24,55.661,89.174,117.982,NA,46.101,2.127,62.593,29.663,0.466,109.517,8.247,124.31,160.755,6.594,NA,NA,74.542,23.321,NA,NA,87.958,0.124,50.865,207.907,258.288,23.397,43.499,49.041,57.284,52.201,47.317,13.806,60.532,176.367,102.657,75.749,80.572,51.429,21.922,95.337,142.213,119.26,70.435,84.769
"2026-03",40.288,35.866,28.943,115.404,19.475,55.322,7.812,37.211,31.368,151.517,11.96,349.752,NA,21.904,94.959,74.661,103.234,52.729,NA,27.552,0.914,75.234,156.831,0.502,108.098,11.143,107.86,86.624,18.431,NA,NA,70.805,32.72,NA,NA,119.528,0.903,52.415,205.099,233.956,60.87,79.066,67.433,73.926,61.979,55.714,22.491,54.729,197.793,120.443,63.32,127.437,58.895,10.385,142.32,152.059,109.232,88.074,94.503
"2026-04",45.463,53.593,25.381,18.772,23.726,63.829,17.064,91.165,40.515,197.62,11.59,381.185,NA,27.811,91.167,59.493,56.341,42.259,NA,24.425,2.325,90.147,193.681,16.691,131.699,13.261,89.718,77.24,18.531,NA,NA,67.422,37.671,NA,NA,126.955,0.846,32.277,183.054,249.547,40.036,61.008,55.63,75.542,77.591,62.802,24.837,67.562,182.203,103.245,55.368,164.873,71.536,11.466,107.323,122.563,100.485,85.728,92.874
"2026-05",44.819,26.855,34.451,37.663,30.046,48.607,14.378,152.086,42.799,180.373,36.483,319.461,NA,46.336,66.303,60.619,39.482,27.093,NA,25.132,5.652,178.07,93.887,7.139,28.244,23.927,47.103,57.19,25.044,NA,NA,50.667,44.586,NA,NA,162.079,3.669,108.973,224.726,123.094,105.348,82.01,94.405,102.742,71.16,75.522,19.317,98.149,172.319,103.968,49.104,217.06,56.812,69.484,180.915,151.637,75.948,90.788,97.753
"2026-06",56.289,48.292,35.464,19.981,77.19,97.52,43.312,296.37,58.284,158.147,122.07,50.726,NA,55.255,41.906,75.831,36.267,25.186,NA,20.559,6.767,229.314,41.306,5.754,15.316,36.036,38.333,34.082,34.726,NA,NA,67.319,5.67,NA,NA,214.257,2.701,129.979,213.713,92.245,59.411,40.431,109.568,152.476,60.732,42.635,26.83,139.75,156.839,87.663,49.71,202.522,57.875,95.304,139.667,91.141,68.137,81.246,92.469
"2026-07",36.216,47.86,47.861,21.467,28.408,91.24,31.427,202.064,47.934,132.674,138.432,25.171,NA,49.577,34.742,56.204,53.878,33.679,NA,11.726,4.606,237.032,3.631,5.79,12.136,24.694,32.189,36.742,26.015,NA,NA,81.426,4.792,NA,NA,161.239,0.023,189.885,255.11,25.354,42.42,36.41,93.182,98.071,58.019,51.86,30.946,158.173,189.336,84.701,53.401,128.384,61.308,119.63,145.963,168.064,45.386,78.263,97.02
"2026-08",58.571,58.297,48.315,23.466,101.028,81.531,55.941,215.254,54.997,237.993,99.459,7.178,NA,34.779,61.863,58.758,51.197,57.137,NA,18.106,7.01,138.506,4.381,18.668,15.707,15.175,24.083,14.842,39.44,NA,NA,46.11,2.034,NA,NA,196.812,2.106,148.008,260.652,10.99,79.475,35.897,81.664,105.216,44.901,38.689,45.478,170.312,189.366,67.867,75.338,77.834,54.129,135.423,212.562,187.223,40.8,79.202,95.929
"2026-09",84.069,74.101,53.54,52.875,140.626,138.132,92.859,177.245,122.699,186.059,89.977,6.8,NA,31.84,78.876,60.146,60.975,15.401,NA,22.58,8.403,141.276,4.382,10.165,9.732,9.38,17.131,12.297,42.703,NA,NA,91.474,11.475,NA,NA,215.39,6.529,200.758,238.866,8.799,16.624,44.269,45.934,74.397,47.166,52.709,42.413,184.153,143.761,72.141,94.598,58.138,48.233,82.932,257.951,119.61,34.205,73.454,93.518
"2026-10",78.399,78.692,53.21,70.99,184.256,123.476,100.634,172.264,105.674,159.442,33.129,6.694,NA,25.63,138.911,58.054,94.137,13.184,NA,28.854,7.762,182.799,5.167,24.777,25.701,16.64,30.141,11.781,37.964,NA,NA,67.98,14.277,NA,NA,103.655,1.757,222.459,246.3,18.176,3.191,22.451,35.894,63.315,45.865,40.471,35.696,177.084,144.786,66.822,109.337,72.019,54.724,102.741,208.503,251.957,35.733,73.579,97.112
"2026-11",77.545,54.286,38.97,141.294,76.522,124.235,44.116,116.18,106.186,173.629,46.496,10.856,NA,16.348,146.668,44.366,77.284,151.008,NA,77.399,4.516,125.731,19.621,27.123,33.641,5.422,49.075,45.687,41.331,NA,NA,72.558,103.428,NA,NA,63.22,5.24,55.685,278.747,55.58,3.52,30.895,34.697,60.061,40.47,43.801,37.472,141.538,173.441,65.19,130.151,100.164,54.33,41.811,170.114,229.182,64.088,65.566,93.829
"2026-12",58.491,59.934,41.88,163.902,23.61,129.947,22.45,39.331,42.012,115.881,18.673,70.018,NA,10.978,131.047,39.05,89.902,169.896,NA,74.772,9.566,67.844,45.31,29.152,82.05,6.859,113.168,87.252,25.289,NA,NA,70.262,34.778,NA,NA,60.467,1.117,69.806,227.207,100.103,3.259,42.145,30.006,70.239,37.656,41.449,16.903,108.627,272.703,81.283,102.023,104.962,58.587,81.046,213.051,206.339,75.263,65.114,96.093
"2027-01",53.639,78.575,26.883,118.962,109.905,194.153,35.094,19.183,51.084,79.677,14.482,99.334,NA,18.033,148.46,50.366,83.604,238.156,NA,113.118,3.953,46.677,60.707,1.449,77.018,7.996,106.85,161.292,13.765,NA,NA,64.168,26.577,NA,NA,77.65,1.034,1.789,174.556,139.431,1.762,51.035,29.201,66.532,29,38.36,15.682,74.778,290.364,98.287,127.021,83.503,65.361,8.868,9.361,244.493,83.516,70.122,96.667
"2027-02",29.502,49.425,15.552,100.925,43.522,134.635,34.152,17.436,33.569,76.744,11.338,83.097,NA,10.029,170.409,31.332,63.671,176.695,NA,62.227,3.538,37.389,68.859,0.917,70.586,11.174,142.444,125.109,12.574,NA,NA,59.389,40.897,NA,NA,92.7,0.195,5.493,156.582,247.766,36.869,133.281,20.657,68.073,50.194,49.857,12.968,61.272,236.325,94.424,93.981,77.618,57.717,2.301,7.862,140.644,70.613,67.542,84.288
"2027-03",37.735,56.456,28.393,128.218,35.09,126.802,15.182,28.569,28.656,158.538,11.001,243.611,NA,14.254,88.765,71.42,73.625,138.146,NA,55.515,1.863,94.618,43.574,1.513,111.676,9.62,125.907,128.669,10.368,NA,NA,63.219,48.923,NA,NA,94.811,2.503,28.106,161.305,186.027,35.082,73.005,35.151,91.068,80.198,57.897,10.717,53.735,264.443,104.231,78.95,107.494,58.727,5.83,20.274,114.231,126.151,83.862,93.554
"2027-04",39.146,30.738,25.896,55.546,14.579,133.086,13.99,82.291,35.501,206.518,11.465,352.499,NA,30.045,81.751,63.996,32.756,85.539,NA,34.781,4,116.912,95.538,78.744,163.985,12.296,75.787,84.022,10.916,NA,NA,80.669,24.5,NA,NA,102.484,1.225,18.793,170.293,93.384,5.492,135.942,65.373,75.945,72.429,61.832,14.149,45.462,242.269,108.987,84.804,159.35,61.17,8.459,76.321,140.608,103.098,80.968,93.395
"2027-05",52.075,61.834,27.682,27.492,16.136,69.317,10.118,134.708,40.127,201.269,17.016,248.245,NA,20.993,157.113,43.984,47.231,10.811,NA,17.426,9.067,168.24,112.495,44.217,56.443,8.691,63.883,55.916,24.02,NA,NA,37.77,42.821,NA,NA,82.378,2.66,32.284,232.197,88.801,47.378,32.026,79.976,93.409,80.145,70.559,25.568,78.182,240.117,100.365,56.343,185.909,67.867,32.951,128.502,213.692,81.264,93.446,100.344
"2027-06",48.734,45.3,34.761,12.417,44.734,81.909,28.917,235.815,42.586,231.692,130.363,133.532,NA,42.015,79.775,52.701,35.086,21.678,NA,11.066,6.172,234.871,10.373,3.222,29.289,41.417,36.525,37.523,34.768,NA,NA,52.101,13.99,NA,NA,217.586,0.7,135.473,229.044,25.934,26.812,68.559,104.075,100.804,53.173,63.812,28.445,141.65,186.764,87.288,43.91,157.777,71.055,106.604,56.744,159.679,52.687,85.236,99.158
"2027-07",60.325,45.818,55.673,27.227,31.814,98.472,32.195,209.564,50.248,124.505,154.495,42.481,NA,48.266,37.978,63.081,39.902,9.898,NA,6.063,6.412,263.553,3.337,9.825,21.822,40.562,39.502,23.443,39.671,NA,NA,58.85,1.797,NA,NA,184.505,0.998,124.185,216.61,16.221,16.284,17.945,93.152,101.036,54.906,33.078,38.708,153.46,203.758,88.419,53.912,171.183,54.526,140.7,143.936,191.781,44.922,88.724,99.493
"2027-08",78.42,80,50.172,22.514,71.163,123.45,84.545,211.263,82.016,173.36,163.989,8.557,NA,23.746,73.261,50.188,29.376,11.547,NA,8.494,7.451,177.866,4.595,19.984,11.511,12.745,42.377,21.103,35.394,NA,NA,86.8,1.006,NA,NA,186.303,1.109,234.508,228.84,7.949,14.838,16.296,94.41,95.448,52.153,38.804,29.974,166.224,156.999,70.654,71.359,99.547,60.34,154.505,313.163,200.603,34.584,79.578,95.076
"2027-09",79.406,83.953,56.919,46.744,58.968,124.029,90.029,245.384,104.063,137.102,90.327,4.517,NA,25.094,75.365,48.743,80.852,44.493,NA,18.857,6.347,169.308,5.771,8.884,17.173,18.078,19.886,11.385,30.417,NA,NA,93.696,1.439,NA,NA,140.025,2.868,251.38,209.778,18.367,4.62,25.608,50.374,67.218,43.557,46.069,40.307,186.199,112.369,68.375,102.214,68.326,50.797,126.303,326.504,220.082,21.952,76.987,91.149
"2027-10",58.998,89.573,63.496,94.362,88.963,113.806,53.367,159.652,110.888,168.345,52.461,7.94,NA,21.628,88.982,43.461,105.02,42.175,NA,24.312,3.051,191.6,4.633,30.246,86.505,11.711,43.979,23.443,37.586,NA,NA,98.019,10.117,NA,NA,138.212,2.629,195.96,215.86,18.085,9.761,22.68,42.465,52.873,48.486,48.091,29.227,175.353,109.872,67.465,110.125,83.721,50.431,134.599,270.811,244.732,39.496,72.235,94.29
"2027-11",59.859,79.106,49.088,121.203,48.462,113.668,40.945,118.598,104.589,160.59,96.23,14.986,NA,19.453,119.508,54.522,71.457,122.586,NA,62.892,0.599,135.862,14.536,24.011,174.257,6.4,43.993,24.86,27.501,NA,NA,77.828,4.194,NA,NA,57.726,2.07,153.4,211.404,37.975,7.018,41.662,36.155,59.409,38.381,29.485,23.877,156.697,118.778,72.656,104.004,108.817,50.372,170.791,209.116,293.615,53.823,69.771,93.02
"2027-12",40.266,51.53,27.464,144.515,73.981,111.816,45.38,65.655,61.147,90.088,23.384,96.28,NA,7.335,153.688,41.465,98.509,211.977,NA,110.734,1.13,15.266,106.562,3.678,148.028,5.812,133.02,153.697,12.172,NA,NA,70.427,79.106,NA,NA,115.206,2,105.175,246.782,65.345,3.928,97.099,35.994,90.754,42.65,38.781,16.168,120.207,186.366,77.81,93.115,94.607,63.011,72.367,225.518,288.377,93.893,64.309,95.599
"2028-01",56.777,79.284,21.351,115.283,70.628,83.196,25.939,40.071,59.744,80.706,25.494,211.71,NA,11.319,149.646,50.822,111.136,104.979,NA,51.697,0.747,3.338,99.966,1.266,99.591,8.429,114.299,117.533,14.913,NA,NA,80.077,33.561,NA,NA,97.726,0.445,45.305,339.003,247.53,4.016,104.94,43.166,65.843,31.165,39.953,19.33,82.266,225.565,99.778,85.678,116.041,64.819,31.287,166.575,222.677,105.051,73.79,98.654
"2028-02",32.32,69.823,27.877,107.316,32.726,97.882,16.657,26.027,48.243,69.329,17.419,109.378,NA,11.859,113.985,48.995,84.046,90.924,NA,38.589,0.504,45.697,151.004,0.772,46.979,11.656,127.41,99.185,10.6,NA,NA,46.277,14.814,NA,NA,91.426,0.038,31.146,235.21,317.671,32.403,68.863,54.112,83.936,59.301,44.194,12.919,65.949,151.747,113.097,84.729,76.247,62.06,15.705,125.131,153.546,81.396,70.844,84.433
"2028-03",53.556,47.711,32.893,75.548,34.075,56.172,9.087,26.013,33.602,99.375,13.8,221.671,NA,23.426,72.951,81.168,76.466,128.125,NA,45.758,2.303,61.505,47.994,0.413,113.147,9.619,94.708,151.579,14.56,NA,NA,67.869,38.727,NA,NA,121.721,0.001,55.451,197.19,273.875,37.219,84.174,69.789,96.409,61.766,52.836,14.94,65.474,187.052,120.333,66.277,115.261,61.806,13.093,86.047,109.958,123.337,79.968,94.757
"2028-04",47.366,33.436,37.884,68.273,13.002,46.607,5.675,108.532,23.896,159.181,11.348,360.38,NA,28.913,95.53,79.789,60.315,102.961,NA,35.922,4.062,91.51,105.473,7.618,154.736,13.22,71.153,93.841,17.819,NA,NA,45.128,32.258,NA,NA,130.681,0.72,29.719,189.488,228.15,31.723,84.066,52.365,75.159,71.331,38.593,15.294,73.995,158.545,116.097,55.648,186.269,58.73,7.189,120.585,117.679,116.105,82.767,93.946
"2028-05",35.713,47.853,35.607,68.365,43.576,63.379,17.772,227.459,46.364,174.711,29.912,275.139,NA,46.453,70.257,88.171,42.093,55.981,NA,24.503,5.457,186.167,100.053,26.149,176.589,33.237,52.845,50.496,20.532,NA,NA,67.515,46.842,NA,NA,138.416,2.294,35.857,224.612,97.513,11.401,87.491,70.175,116.275,66.453,46.307,19.228,109.583,164.644,105.279,45.719,238.572,62.933,46.239,106.565,183.23,73.892,89.141,97.678
"2028-06",48.074,47.962,31.279,16.232,38.789,79.595,32.997,207.872,46.28,112.03,152.808,119.626,NA,43.166,35.288,56.787,33.1,44.519,NA,15.501,4.208,277.545,15.014,3.676,22.38,21.445,38.614,42.751,34.617,NA,NA,47.71,5.412,NA,NA,179.177,1.739,151.502,223.708,57.644,17.163,14.074,91.713,92.538,57.758,50.266,27.707,138.842,162.739,89.92,40.987,207.942,50.482,107.333,221.024,119.733,69.877,87.149,93.022
"2028-07",39.89,60.804,53.26,16.403,21.674,70.353,38.899,203.561,43.645,144.505,200.906,19.833,NA,52.526,64.361,61.162,26.566,26.611,NA,9.791,6.216,246.446,1.975,19.103,21.517,18.75,22.631,24.727,31.666,NA,NA,96.71,7.235,NA,NA,144.341,1.165,182.122,222.594,34.505,22.364,63.981,64.661,109.656,51.143,45.801,28.451,158.759,144.474,85.559,48.228,172.368,60.102,143.499,208.596,232.452,45.87,78.485,95.368
"2028-08",57.721,71.851,52.703,20.495,52.693,100.777,51.884,205.741,60.845,164.457,131.908,6.724,NA,39.822,52.261,69.165,33,54.61,NA,18.479,6.343,158.312,3.88,90.66,26.389,16.218,28.358,13.702,45.461,NA,NA,76.883,1.697,NA,NA,179.471,0.623,347.538,225.243,15.98,17.771,57.171,72.357,100.837,43.943,50.272,36.637,170.842,121.929,81.886,70.186,84.592,61.344,176.905,250.953,291.868,33.217,82.659,95.299
"2028-09",61.664,63.146,55.38,75.987,77.558,125.671,124.026,263.897,104.129,102.473,59.908,6.441,NA,23.921,53.919,67.207,72.617,18.345,NA,15.192,10.975,131.379,4.945,50.862,16.115,13.269,28.696,16.039,40.297,NA,NA,74.702,11.793,NA,NA,160.155,1.258,287.41,203.2,18.58,11.393,40.166,54.384,76.651,44.327,40.49,35.773,175.158,86.055,74.03,92.984,54.309,52.239,139.873,302.735,237.816,33.227,77.962,88.516
"2028-10",80.614,65.444,65.483,122.508,56.212,142.213,63.579,198.78,168.763,110.552,33.538,5.601,NA,16.734,79.334,37.342,66.599,74.259,NA,46.191,5.436,133.006,6.686,47.669,49.867,6.018,20.03,10.085,34.589,NA,NA,92.031,15.799,NA,NA,79.722,68.709,332.286,214.937,37.337,5.253,63.584,40.811,68.872,47.727,32.953,30.912,185.466,77.742,76.679,118.665,63.665,41,193.129,295.027,271.442,31.165,76.613,93.406
"2028-11",54.913,62.423,46.062,88.194,105.559,81.243,92.862,195.616,197.382,117.527,63.435,10.972,NA,13.246,84.483,59.235,120.22,90.933,NA,61.369,2.503,146.176,12.789,92.056,68.846,4.832,37.736,69.622,31.243,NA,NA,91.261,79.154,NA,NA,77.869,4.917,192.444,223.444,28.434,3.489,47.342,38.085,70.691,47.321,19.902,25.923,160.12,90.385,79.621,103.414,90.357,44.279,165.293,265.133,272.165,72.779,65.394,92.473
"2028-12",59.573,65.176,38.328,79.793,92.711,140.042,52.979,92.165,128.579,126.728,74.295,64.786,NA,14.496,171.447,44.753,90.742,158.5,NA,77.037,1.036,25.856,49.058,41.625,208.03,5.973,146.084,80.598,28.184,NA,NA,63.097,19.202,NA,NA,89.737,9.959,131.737,267.086,123.966,11.641,49.143,25.361,84.124,47.977,37.99,21.921,132.24,117.066,87.215,98.35,113.786,59.68,152.418,252.735,247.392,105.286,62.986,96.328
"2029-01",48.503,62.392,38.187,112.572,67.145,95.874,30.408,46.415,63.158,121.848,27.493,213.833,NA,14.368,107.368,51.657,117.987,114.484,NA,70.732,1.209,0.579,74.36,1.327,214.513,6.61,164.29,126.786,18.963,NA,NA,49.697,21.83,NA,NA,81.496,0.426,92.652,249.704,268.672,14.259,58.017,48.332,74.215,47.409,32.38,22.668,99.723,151.828,96.301,85.163,101.501,49.922,82.649,144.273,255.464,130.766,69.21,96.02
"2029-02",49.2,33.893,28.689,117.168,31.208,118.504,11.229,24.193,38.574,77.646,16.879,137.185,NA,21.542,83.18,72.906,88.025,14.434,NA,35.411,1.519,21.397,114.513,0.566,73.493,10.587,88.378,151.653,9.721,NA,NA,54.012,24.68,NA,NA,78,0.01,17.427,205.277,231.25,55.168,124.388,33.139,112.543,43.25,37.207,16.71,80.961,121.76,112.691,79.249,82.838,53.912,7.96,43.83,142.657,102.399,68.18,85.087
"2029-03",46.27,37.275,20.228,83.213,68.038,60.792,24.901,57.463,37.264,150.111,14.15,310.745,NA,25.254,64.279,59.855,71.387,88.089,NA,39.663,2.016,91.129,55.95,0.989,92.689,15.46,151.058,126.382,15.319,NA,NA,73.697,14.436,NA,NA,91.836,0.051,28.78,214.942,384.087,33.232,98.328,49.506,47.735,70.968,49.786,20.487,74.215,145.319,127.597,60.266,141.915,52.037,9.13,67.833,135.601,101.88,86.139,91.16
"2029-04",46.546,35.295,29.031,30.649,37.994,77.691,13.478,154.61,32.361,236.5,16.73,247.172,NA,35.13,95.372,61.55,81.194,88.169,NA,31.321,1.814,175.936,188.409,5.645,79.9,16.865,88.48,65.628,24.625,NA,NA,48.236,28.583,NA,NA,98.311,0.113,84.662,167.554,140.583,21.124,42.468,62.908,120.157,73.868,59.232,19.552,77.811,150.243,105.581,66.135,169.771,65.833,38.794,61.028,84.935,120.52,85.914,90.82
"2029-05",30.261,39.251,33.953,23.2,8.451,57.229,5.346,134.884,30.3,181.237,56.609,205.977,NA,45.988,77.821,52.923,37.774,9.345,NA,10.324,6.994,137.943,157.906,22.128,97.987,56.228,98.289,89.834,16.377,NA,NA,43.861,128.803,NA,NA,110.586,6.937,95.632,160.448,138.37,27.068,86.711,59.972,94.128,71.632,61.018,23.957,90.283,167.228,101.439,50.271,212.79,75.704,68.014,167.462,139.892,98.409,83.097,94.427
"2029-06",38.471,30.703,38.169,27.171,42.273,80.215,37.77,235.826,44.97,187.612,133.219,61.76,NA,35.825,59.007,60.628,34.517,67.711,NA,31.416,5.745,250.395,42.142,13.482,33.589,31.692,41.3,49.359,34.342,NA,NA,60.619,14.248,NA,NA,204.496,1.21,128.389,200.623,38.517,80.722,45.004,63.374,124.121,50.005,48.586,25.126,143.785,176.46,88.191,48.791,193.139,53.943,141.729,95.814,162.903,59.957,87.594,95.58
"2029-07",48.304,28.097,38.733,22.919,57.552,89.398,58.594,180.968,83.794,102.205,192.984,9.384,NA,37.767,60.574,61.508,33.766,21.105,NA,8.877,6.619,234.61,2.759,20.234,21.29,18.094,36.569,35.266,43.085,NA,NA,47.494,2.426,NA,NA,158.973,0.228,390.22,244.938,21.771,61.299,30.573,90.137,91.233,57.193,54.628,41.763,153.665,177.396,87.454,61.743,110.136,58.379,134.185,236.566,205.3,48.096,84.344,98.18
"2029-08",54.295,71.576,54.307,25.324,76.71,90.699,65.163,228.935,90.967,133.468,81.912,4.567,NA,30.284,36.412,50.791,51.946,42.973,NA,12.567,9.365,154.097,4.069,28.887,12.016,9.193,35.346,26.633,39.964,NA,NA,54.58,14.767,NA,NA,158.901,0.671,198.941,269.535,12.289,29.493,51.751,62.691,102.645,48.665,47.912,33.003,162.457,180.017,74.134,83.606,67.808,49.047,119.88,288.731,242.04,36.892,83.239,97.267
"2029-09",69.048,94.751,53.733,41.508,85.375,108.297,79.908,193.335,99.986,166.511,42.992,5,NA,33.391,67.64,56.561,68.493,15.02,NA,19.279,3.95,121.168,5.216,22.777,9.415,19.101,32.982,12.699,40.065,NA,NA,75.81,16.691,NA,NA,172.333,7.361,253.819,254.482,7.896,9.242,54.165,48.411,92.067,56.691,37.186,30.816,172.53,134.121,67.164,98.069,50.662,53.794,88.069,279.103,167.285,37.534,77.6,91.593
"2029-10",66.708,76.937,49.533,56.591,188.86,193.589,106.032,196.734,150.216,138.271,41.851,14.921,NA,34.471,106.79,59.414,130.074,60.951,NA,37.181,3.315,169.117,3.921,82.483,12.074,13.213,30.006,24.151,38.497,NA,NA,87.393,45.794,NA,NA,94.15,9.904,232.934,233.132,18.235,17.794,24.358,82.366,98.703,47.552,57.579,37.137,176.763,133.137,71.259,143.573,70.111,44.131,143.641,225.36,208.465,45.8,68.706,95.612
"2029-11",68.024,79.599,46.339,115.789,123.273,108.15,64.268,100.445,106.607,134.75,22.371,11.519,NA,14.09,145.766,39.868,96.12,121.65,NA,98.308,2.043,161.565,14.898,12.514,36.147,6.005,45.811,35.076,37.138,NA,NA,70.966,36.236,NA,NA,66.964,9.073,203.398,288.203,56.149,3.223,35.871,44.54,93.017,38.362,47.862,38.595,168.533,149.054,72.708,112.231,83.308,54.992,100.412,266.341,201.652,52.258,64.504,95.257
"2029-12",38.699,70.95,37.319,171.131,127.689,129.21,78.999,59.49,71.237,105.006,22.584,34.324,NA,17.146,135.46,52.749,81.246,185.175,NA,81.189,3.823,51.905,19.933,5.272,86.26,6.99,75.892,53.789,20.29,NA,NA,58.952,20.825,NA,NA,63.367,3.16,152.409,266.949,131.761,3.364,46.565,46.499,81.994,39.096,33.405,24.378,141.605,189.364,84.955,112.718,88.299,57.075,96.517,160.208,180.759,78.827,64.834,96.299
"2030-01",46.644,79.445,30.572,122.29,131.31,124.287,67.344,35.251,47.29,106.33,20.181,93.74,NA,20.251,100.069,56.45,81.319,147.48,NA,75.469,0.755,26.548,45.641,3.415,54.782,9.15,89.705,64.931,14.754,NA,NA,63.637,36.746,NA,NA,76.765,0.655,29.692,194.587,114.568,3.842,56.956,24.463,72.255,36.481,45.155,21.851,88.075,243.323,100.511,118.621,89.631,57.017,21.794,66.07,231.128,78.138,65.193,94.196
"2030-02",56.527,56.443,25.933,57.265,178.374,212.53,53.487,23.968,53.38,103.084,14.59,121.323,NA,18.654,65.357,49.849,74.532,96.176,NA,56.866,7.117,42.799,32.52,0.407,16.808,4.833,97.861,86.804,9.434,NA,NA,80.815,5.997,NA,NA,81.819,0.159,38.67,179.793,213.436,5.681,67.418,39.565,69.8,42.845,47.021,13.541,55.445,230.73,105.032,103.648,81.447,50.901,19.462,35.764,162.261,93.05,71.606,86.773
"2030-03",41.116,69.229,32.642,91.117,68.079,142.795,33.537,33.479,39.516,116.482,12.488,162.851,NA,21.648,91.613,61.629,64.507,157.252,NA,58.978,3.384,84.745,52.82,1.108,60.184,8.413,153.426,119.503,15.155,NA,NA,56.884,51.702,NA,NA,89.689,0.67,30.528,172.516,260.729,24.617,116.546,33.567,102.095,68.1,55.76,13.882,63.519,256.647,121.168,102.462,97.511,64.139,10.891,19.372,89.986,115.285,90.416,96.164
"2030-04",44.555,41.035,29.283,42.672,129.943,67.462,35.758,77.154,48.46,212.852,14.154,271.075,NA,14.641,138.077,54.354,50.87,92.385,NA,38.792,1.916,89.828,148.586,42.71,142.281,11.493,123.837,144.525,13.484,NA,NA,61.178,52.705,NA,NA,112.848,1.448,48.683,176.71,79.202,6.157,86.947,57.803,83.108,69.994,70.734,13.755,54.201,248.896,103.238,67.776,135.891,65.349,19.689,64.364,147.789,105.165,89.93,94.227
"2030-05",45.868,42.249,38.397,40.999,16.614,40.185,10.188,131.237,33.556,159.755,22.057,260.306,NA,44.021,92.731,55.281,28.408,40.088,NA,26.513,3.97,136.348,42.425,18.552,80.779,21.399,52.501,95.764,21.994,NA,NA,40.536,42.798,NA,NA,143.184,4.955,57.736,204.316,80.477,15.562,22.405,96.895,79.246,60.421,62.494,18.951,71.568,260.207,95.666,56.013,166.324,74.901,62.39,107.803,193.097,73.91,90.19,98.515
"2030-06",48.657,36.455,36.874,23.91,63.639,99.414,23.891,234.481,55.424,214.66,122.251,126.239,NA,44.122,83.991,57.189,21.989,23.05,NA,17.813,7.598,196.756,10.951,23.237,24.791,13.631,49.631,44.435,24.969,NA,NA,34.317,17.71,NA,NA,170.214,0.742,75.267,258.549,65.871,11.32,25.75,81.89,78.694,44.992,48.422,17.127,118.331,218.774,81.847,61.965,170.781,72.928,112.668,18.342,180.772,52.59,86.833,96.032
"2030-07",40.613,35.178,45.656,21.126,21.317,106.085,37.505,226.19,63.53,127.373,188.454,18.205,NA,47.299,50.937,60.364,71.953,10.777,NA,7.752,8.387,205.253,3.819,7.279,18.315,23.647,23.594,25.671,37.156,NA,NA,65.554,3.454,NA,NA,179.398,0.043,127.71,255.064,29.601,52.501,57.579,75.726,122.725,59.249,45.966,35.084,153.406,222.244,74.848,71.563,143.647,54.215,103.977,123.721,176.565,43.512,84.881,97.411
"2030-08",73.13,72.919,45.303,13.864,80.172,103.933,74.895,261.227,85.92,196.56,146.612,7.407,NA,33.123,89.011,60.242,53.539,17.543,NA,8.716,5.658,140.985,4.54,34.003,18.617,18.58,30.402,16.586,31.921,NA,NA,69.73,4.05,NA,NA,160.492,1.682,172.723,226.503,14.112,15.373,79.308,60.126,92.273,57.685,38.981,31.204,184.158,166.508,78.828,85.258,67.622,56.961,138.704,210.761,218.166,33.379,79.406,97.407
"2030-09",68.201,63.362,66.783,71.237,203.773,135.441,147.614,224.008,108.494,218.328,57.185,5.865,NA,35.681,40.883,57.097,77.02,23.385,NA,18.275,6.627,138.655,4.882,48.535,16.068,16.529,18.011,9.737,39.653,NA,NA,92.636,2.52,NA,NA,141.681,4.353,234.902,210.462,13.732,3.24,12.362,42.892,76.664,53.164,39.332,32.204,179.02,143.825,63.235,78.898,66.314,43.157,122.381,318.096,215.306,24.698,75.836,92.009
"2030-10",71.273,123.59,49.318,86.077,48.765,151.289,71,170.079,154.579,192.006,54.117,6.332,NA,12.49,126.782,37.696,107.282,48.233,NA,48.232,5.956,170.976,5.066,52.719,55.052,8.903,27.217,23.367,34.818,NA,NA,87.625,63.304,NA,NA,97.853,2.678,176.745,219.884,16.66,8.557,13.533,54.531,77.522,51.097,42.251,33.432,197.352,129.545,65.579,127.521,65.642,52.353,95.452,187.728,264.975,40.729,71.732,98.229
"2030-11",59.199,83.815,36.022,136.525,79.607,140.92,61.524,79.04,95.322,128.9,31.217,9.916,NA,13.858,153.233,41.661,95.693,252.015,NA,83.77,3.932,126.714,11.928,9.138,110.892,4.65,59.982,53.995,28.179,NA,NA,78.659,30.781,NA,NA,64.621,0.709,153.729,214.587,25.009,3.173,40.849,36.039,71.978,42.127,44.291,24.88,169.4,139.98,70.876,120.192,89.109,49.129,107.099,215.462,251.649,64.259,64.93,94.95
"2030-12",46.903,80.375,34.157,174.466,66.105,91.84,45.827,43.762,82.078,78.547,30.634,60.187,NA,11.257,130.204,34.144,119.561,135.81,NA,66.307,1.109,44.033,82.233,5.573,205.407,6.717,144.858,90.402,16.352,NA,NA,71.906,10.086,NA,NA,52.046,4.119,115.744,225.729,71.697,2.602,75.953,32.787,89.505,41.764,39.556,19.108,125.746,190.879,79.854,99.067,101.773,58.323,95.331,144.571,270.694,92.106,64.156,95.189
"2031-01",54.268,66.158,25.413,80.677,92.038,137.29,35.351,24.463,53.984,51.421,21.279,113.937,NA,12.035,201.297,51.957,114.376,176.646,NA,70.366,0.644,5.805,170.952,7.905,87.705,8.917,159.179,81.348,17.148,NA,NA,56.879,19.069,NA,NA,58.23,0.122,78.773,246.105,151.522,3.873,111.892,21.689,79.513,44.613,28.895,20.221,82.562,254.143,101.427,96.828,94.87,62.219,71.11,113.094,242.823,74.495,74.142,94.85
"2031-02",40.146,61.133,23.116,103.878,31.751,98.305,19.248,16.618,32.669,76.405,12.651,81.512,NA,11.739,114.914,48.776,72.235,209.489,NA,70.269,2.292,31.987,59.888,0.5,54.532,8.203,129.498,76.348,11.019,NA,NA,49.419,31.085,NA,NA,73.066,0.078,7.638,216.199,271.238,8.806,152.671,38.81,84.651,53.271,42.715,9.454,74.117,181.235,109.119,83.38,74.829,59.335,11.486,18.673,154.641,86.585,70.098,84.628
"2031-03",43.818,50.029,29.211,157.899,29.197,116.622,12.213,46.565,21.265,181.476,22.032,251.069,NA,17.993,132.885,64.035,92.793,77.596,NA,30.128,6.148,92.386,97.776,2.833,73.507,8.134,85.463,64.791,15.989,NA,NA,46.807,47.115,NA,NA,71.148,1.764,42.611,167.518,185.337,11.854,73.26,46.855,85.741,73.762,62.997,16.867,72.745,188.321,117.187,80.831,104.695,63.809,23.865,46.46,134.727,100.399,87.325,92.961
"2031-04",40.65,32.35,29.274,76.076,19.711,75.187,8.845,63.021,30.978,190.434,12.308,328.921,NA,34.808,100.777,51.224,52.764,89.339,NA,42.725,3.906,73.301,275.552,22.387,241.974,21.002,81.498,74.119,19.483,NA,NA,60.769,112.899,NA,NA,105.316,1.166,26.247,193.424,121.163,9.766,76.853,30.497,87.36,63.103,68.943,20.685,61.319,237.075,102.772,71.262,153.124,63.852,14.301,78.059,161.544,87,87.946,94.334
"2031-05",50.143,37.615,30.933,45.004,8.389,69.621,5.401,161.77,32.392,235.814,55.613,134.995,NA,42.049,76.963,67.57,33.905,34.157,NA,26.897,4.488,186.152,91.993,19.971,91.332,18.468,41.081,48.431,23.758,NA,NA,49.563,76.384,NA,NA,128.683,2.529,64.921,224.067,66.609,15.514,31.647,67.056,86.043,60.819,55.548,27.164,88.943,199.415,104.757,60.943,195.681,69.829,54.773,84.856,208.493,66.376,92.983,98.879
"2031-06",51.089,26.717,45.02,20.928,102.827,75.788,49.352,281.345,56.202,197.316,155.573,28.492,NA,36.33,71.004,52.594,54.438,11.067,NA,12.91,13.073,256.192,22.272,3.332,45.641,25.171,31.775,52.113,40.866,NA,NA,62.162,31.906,NA,NA,154.714,2.958,128.2,233.874,19.535,49.861,43.264,84.331,97.794,58.766,52.878,37.464,151.867,221.044,87.559,44.758,174.292,63.915,96.602,111.932,194.308,45.037,88.013,99.622
"2031-07",62.872,47.305,35.285,18.151,37.367,65.218,59.411,183.376,40.815,80.358,151.209,9.824,NA,55.587,63.802,72.252,38.277,17.041,NA,9.339,4.867,248.091,4.008,13.168,19.76,22.75,36.202,55.497,39.007,NA,NA,63.807,1.385,NA,NA,241.063,0.386,275.334,202.862,17.808,18.957,22.436,73.564,93.272,68.447,50.358,36.392,179.133,238.057,81.382,51.39,119.099,50.155,119.447,271.389,106.44,49.874,85.696,100.441
"2031-08",70.731,68.353,68.43,18.529,73.263,106.87,59.342,210.335,84.504,149.185,169.413,8.671,NA,34.1,56.57,55.465,55.3,9.061,NA,5.235,9.501,142.888,3.845,17.964,12.998,26.681,33.988,29.704,44.523,NA,NA,76.192,0.221,NA,NA,148.254,0.349,171.384,170.887,10.754,10.596,27.563,47.409,79.716,56.979,46.086,38.833,175.065,210.469,71.118,81.433,78.27,52.09,127.91,223.949,136.709,41.094,79.877,96.656
"2031-09",62.524,81.149,64.345,45.503,165.811,108.751,98.552,159.361,97.715,194.678,69.45,4.651,NA,35.587,66.334,60.951,75.278,34.323,NA,22.781,4.327,146.027,3.978,21.498,16.645,17.892,25.376,17.427,41.638,NA,NA,73.469,0.454,NA,NA,96.019,5.915,196.04,207.734,4.413,5.42,11.236,56.777,70.297,41.156,52.724,36.22,177.2,207.694,64.374,86.382,65.094,47.965,102.722,282.425,173.585,24.141,73.509,95.333
"2031-10",60.946,98.117,57.356,112.774,107.376,125.06,76.766,165.278,92.223,205.314,29.35,12.969,NA,22.284,146.879,48.171,110.175,44.292,NA,27.844,6.246,170.317,5.029,61.754,50.777,10.484,31.21,15.372,38.137,NA,NA,78.269,57.757,NA,NA,64.037,24.549,115.805,141.33,6.797,5.587,19.925,32.535,56.303,54.719,48.716,31.209,183.44,193.799,74.138,119.693,57.96,56.221,119.396,128.965,220.021,32.137,72.181,96.323
"2031-11",58.975,97.68,36.905,137.759,75.697,102.86,60.057,56.907,61.831,120.689,38.134,11.006,NA,13.103,195.895,36.411,90.105,171.479,NA,95.85,1.63,174.172,5.951,19.938,103.887,8.065,60.582,49.204,36.063,NA,NA,66.668,31.069,NA,NA,44.997,1.039,71.904,157.565,15.141,2.238,53.065,25.464,59.415,46.589,45.348,33.545,144.198,217.456,65.495,113.583,88.675,54.161,64.393,170.29,278.549,44.526,69.811,94.569
"2031-12",36.069,73.602,39.614,176.369,28.639,130.544,10.068,24.478,63.512,95.73,24.604,56.402,NA,11.505,172.867,39.222,103.424,258.065,NA,99.023,2.532,67.18,32.617,18.426,140.036,6.517,83.348,188.984,19.239,NA,NA,67.23,43.67,NA,NA,78.877,5.962,100.251,137.353,45.507,3.79,41.991,30.818,88.261,50.085,47.165,22.017,93.106,300.312,71.476,122.109,84.514,56.998,123.889,128.935,251.632,70.125,63.905,96.291
"2032-01",46.514,86.595,31.278,286.118,39.706,177.055,32.423,10.614,40.381,80.456,13.894,40.028,NA,13.035,194.797,55.498,86.595,174.713,NA,70.692,3.25,24.664,87.012,1.172,35.288,8.75,99.681,102.719,15.397,NA,NA,58.885,38.678,NA,NA,93.104,1.499,56.043,131.753,136.434,6.187,40.087,34.398,92.757,40.417,30.764,16.095,77.394,297.811,86.755,132.485,57.147,66.853,41.086,31.976,184.168,91.425,70.027,94.898
"2032-02",47.519,45.258,23.716,179.47,61.358,186.965,27.909,25.587,47.437,101.886,7.673,18.848,NA,17.765,108.761,62.886,71.547,166.164,NA,74.369,2.693,49.373,43.217,4.491,31,6.87,145.037,119.149,13.638,NA,NA,55.274,57.592,NA,NA,93.384,4.093,12.222,89.369,103.058,7.498,57.81,14.698,91.454,47.639,46.444,15.661,55.543,249.235,107.348,136.54,60.445,68.129,12.905,4.136,141.11,91.683,68.352,88.554
"2032-03",42.677,64.208,27.201,98.548,26.737,106.934,10.419,16.948,34.599,117.104,17.675,158.459,NA,26.831,87.462,75.725,100.252,54.807,NA,41.167,8.75,61.077,59.156,5.327,154.973,9.456,134.398,68.449,15.159,NA,NA,67.309,128.942,NA,NA,102.57,7.568,13.865,159.768,88.728,3.256,17.115,46.34,75.377,77.962,47.772,20.788,44.409,314.18,100.834,79.074,115.244,60.686,6.556,6.258,150.727,91.768,85.145,95.542
"2032-04",47.035,46.178,24.497,58.887,80.65,66.336,44.355,119.86,38.358,253.445,11.083,376.709,NA,31.486,121.264,63.675,57.9,31.914,NA,22.563,5.941,96.945,169.617,13.119,194.76,12.926,75.793,102.009,11.543,NA,NA,65.247,46.445,NA,NA,98.569,2.599,18.217,153.916,126.233,3.468,47.717,52.217,73.849,63.537,77.462,16.288,55.164,266.182,87.745,57.429,143.546,67.374,4.166,52.463,113.097,95.865,87.714,92.691
"2032-05",52.304,40.919,38.978,43.869,37.119,68.271,14.686,152.002,56.768,248.051,32.205,244.335,NA,28.925,118.992,55.859,35.197,62.342,NA,35.807,4.208,156.269,137.846,40.62,160.012,27.325,50.022,50.178,15.146,NA,NA,59.344,60.297,NA,NA,123.231,2.026,52.727,190.034,55.363,17.355,128.67,53.509,65.921,56.936,72.834,18.424,82.02,253.986,98.093,55.208,172.994,75.181,46.862,64.273,231.477,66.746,95.115,101.623
"2032-06",60.574,36.589,24.872,21.117,23.383,100.482,13.713,225.631,45.332,177.925,114.621,76.411,NA,58.949,91.107,61.397,50.491,31.339,NA,11.746,6.4,241.691,10.173,6.193,23.219,17.001,45.773,53.057,35.701,NA,NA,74.973,15.144,NA,NA,223.444,1.936,121.536,232.011,14.214,10.548,33.255,78.066,94.201,61.121,57.482,38.65,144.847,236.032,85.338,49.432,166.932,62.008,121.987,17.856,178.093,47.835,87.949,100.226
"2032-07",63.655,58.782,54.744,13.877,30.795,83.192,25.954,198.723,44.954,157.13,163.663,17.886,NA,45.012,62.045,64.502,24.783,14.873,NA,9.416,8.229,223.505,1.646,5.241,19.492,9.283,45.022,66.838,39.461,NA,NA,87.878,0.029,NA,NA,188.916,1.693,176.92,202.565,14.93,22.164,36.87,65.183,131.017,52.638,54.203,37.401,161.731,233.654,78.791,53.411,133.997,63.696,125.796,182.899,193.916,45.616,82.534,100.39
"2032-08",63.911,81.375,55.249,19.221,45.318,120.746,46.715,219.035,54.198,164.268,144.656,5.481,NA,36.961,76.9,43.851,56.701,18.686,NA,9.992,8.17,145.026,5.342,28.961,17.861,22.34,21.118,13.863,47.531,NA,NA,66.018,6.302,NA,NA,240.793,0.803,273.788,186.354,10.48,7.171,25.082,56.755,69.197,55.123,50.905,39.379,165.037,204.342,71.574,80.16,78.014,62.617,176.615,285.674,219.881,26.49,84.74,98.798
"2032-09",71.096,87.083,74.049,49.567,132.56,122.441,74.76,175.179,106.513,230.845,61.809,4.188,NA,27.325,64.66,62.675,86.962,18.493,NA,10.471,8.459,135.548,5.518,39.829,18.311,9.774,34.459,10.802,49.348,NA,NA,73.233,1.369,NA,NA,152.743,4.398,252.601,241.871,5.439,3.524,8.269,33.796,77.234,52.693,48.801,44.073,156.715,155.023,64.344,85.253,65.8,52.621,132.294,360.157,202.003,26.784,72.338,91.642
"2032-10",78.928,75.225,47.141,100.577,93.094,159.701,59.144,190.595,150.577,150.382,62.055,8.186,NA,21.779,149.821,40.125,109.528,17.247,NA,29.218,5.155,181.905,4.566,53.024,51.075,5.43,49.272,23.796,49.436,NA,NA,91.074,21.987,NA,NA,115.201,1.302,170.141,227.339,6.722,4.202,24.956,32.176,60.212,46.989,46.875,42.428,186.53,133.175,65.947,117.269,60.073,57.023,82.309,253.074,232.101,47.221,74.352,96.71
"2032-11",54.425,85.508,46.879,100.285,42.829,151.428,33.824,121.604,125.769,147.133,84.275,26.853,NA,11.795,117.807,32.738,134.917,54.02,NA,51.182,1.782,127.904,28.417,34.207,144.707,5.55,57.12,62.416,34.889,NA,NA,67.509,35.727,NA,NA,123.169,0.084,102.989,200.897,16.539,4.26,30.341,20.947,61.626,31.159,57.89,33.587,153.229,147.149,68.109,125.693,92.699,49.452,95.36,193.606,289.213,52.021,65.493,93.017
"2032-12",64.899,75.438,42.305,67.147,105.64,163.307,56.02,47.011,66.811,77.454,36.562,100.66,NA,10.519,167.978,48.175,117.836,76.828,NA,54.518,3.499,25.911,110.397,127.818,158.156,6.935,72.669,49.827,26.232,NA,NA,74.644,19.209,NA,NA,114.47,0.487,61.858,265.834,34.487,2.486,23.293,33.281,80,38.004,27.127,30.977,122.759,227.415,72.404,120.857,100.706,57.08,144.374,165.871,287.223,69.332,65.556,98.184
"2033-01",53.195,60.784,45.554,205.035,47.757,85.214,18.331,22.196,58.268,66.89,20.14,116.66,NA,21.281,109.874,57.581,75.787,155.6,NA,65.589,4.837,28.778,129.503,0.706,76.659,8.306,119.742,91.942,24.107,NA,NA,59.074,23.311,NA,NA,62.475,0.367,55.52,270.659,255.317,53.863,33.791,36.436,48.206,43.458,28.172,27.468,87.262,216.19,108.331,110.603,99.332,58.369,53.846,68.921,220.972,105.542,73.792,98.474
"2033-02",40.221,57.643,20.624,188.23,55.783,62.839,26.84,24.475,43.311,77.998,12.151,154.693,NA,19.981,99.977,55.284,89.561,48.218,NA,31.552,0.911,41.319,142.177,0.511,114.133,17.181,105.509,100.488,18.852,NA,NA,43.143,25.285,NA,NA,82.834,0.535,9.343,170.504,265.188,10.933,101.411,58.776,107.216,40.199,44.59,25.46,67.911,173.713,107.876,68.004,84.686,68.629,10.288,7.571,155.281,93.456,66.728,85.013
"2033-03",50.481,52.998,22.903,80.694,40.706,84.039,17.242,41.152,34.468,105.404,16.744,257.423,NA,30.373,114.309,65.279,85.698,21.524,NA,24.043,5.156,78.298,133.058,1.127,127.433,10.728,110.079,167.893,16.983,NA,NA,60.443,24.364,NA,NA,91.231,0.008,44.658,205.259,165.928,4.925,65.125,41.771,78.64,59.995,61.249,17.531,57.796,185.258,122.963,77.614,145.425,55.622,18.262,72.316,155.744,124.205,85.302,95.271
"2033-04",46.578,51.639,32.874,77.484,12.691,44.001,13.736,91.152,33.937,146.493,10.916,336.54,NA,31.138,71.154,83.386,65.79,45.281,NA,31.684,2.657,82.49,185.997,1.516,132.347,23.492,43.41,51.461,23.318,NA,NA,40.699,48.259,NA,NA,103.108,0.141,66.117,164.345,100.498,6.703,74.002,38.808,122.559,70.268,55.125,21.702,69.809,178.732,113.209,47.747,170.5,59.547,18.542,97.109,149.027,109.58,89.594,93.536
"2033-05",37.816,42.001,32.744,40.68,20.04,65.259,8.679,248.555,52.553,164.825,29.894,238.443,NA,38.054,68.103,66.673,30.128,44.092,NA,33.034,4.599,183.652,80.36,20.967,98.284,15.558,59.7,48.799,14.981,NA,NA,61.724,42.169,NA,NA,145.825,3.49,102.39,181.239,118.868,15.378,92.323,55.248,117.258,50.6,61.751,20.553,115.303,137.994,105.319,53.471,243.32,63.941,76.801,136.721,145.219,78.436,93.894,95.277
"2033-06",40.131,34.782,41.245,17.251,64.197,89.409,47.797,304.34,52.052,166.589,152.716,146.597,NA,41.644,71.426,55.95,38.287,79.844,NA,34.896,5.2,251.972,19.751,8.125,27.303,24.516,30.721,28.487,22.111,NA,NA,74.411,15.82,NA,NA,157.459,1.581,130.101,228.816,35.973,73.436,61.255,81.89,105.753,66.867,39.611,26.947,152.94,128.996,97.928,54.098,228.98,56.846,123.322,108.924,180.162,54.827,83.138,95.874
"2033-07",70.179,60.494,51.843,17.857,30.604,68.085,41.387,179.779,37.921,161.871,157.447,19.803,NA,47.467,40.995,83.61,24.776,43.248,NA,14.915,6.163,274.127,1.814,16.603,20.031,16.269,40.254,37.504,36.33,NA,NA,81.751,5.704,NA,NA,109.197,0.504,137.837,235.603,23.193,64.149,20.022,83.264,97.815,50.657,42.317,41.112,167.858,151.215,87.02,60.31,153.422,50.775,141.424,194.271,210.69,47.724,79.65,96.009
"2033-08",73.884,65.999,69.727,28.873,47.873,103.1,56.447,226.122,83.119,126.966,148.503,8.297,NA,27.411,49.941,53.04,54.144,14.443,NA,7.16,5.991,191.476,4.038,53.932,12.659,12.757,20.899,14.778,51.161,NA,NA,73.063,1.605,NA,NA,193.624,4.147,272.332,225.485,10.54,23.048,90.406,59.083,83.708,45.813,53.896,45.057,175.923,104.92,85.6,68.773,81.465,44.232,121.125,312.85,305.541,31.74,80.796,96.125
"2033-09",56.86,59.088,51.135,73.779,125.601,101.181,94.313,171.903,100.844,155.578,57.545,5.619,NA,17.477,69.657,41.973,88.744,11.237,NA,7.621,4.937,163.724,5.139,57.055,18.685,7.27,30.22,14.314,46.718,NA,NA,146.306,9.676,NA,NA,169.915,1.589,298.894,208.83,10.164,18.965,37.551,48.174,70.767,51.679,45.65,43.114,174.455,67.613,72.573,96.576,65.553,48.801,109.72,335.659,230.481,33.912,76.966,89.81
"2033-10",78.617,86.886,57.608,140.148,243.584,155.354,160.775,276.172,174.436,130.23,53.874,5.381,NA,27.477,132.979,57.707,99.459,30.593,NA,28.207,3.458,179.435,4.91,39.983,28.558,4.608,39.411,23.162,42.503,NA,NA,84.97,36.021,NA,NA,123.563,26.08,202.449,240.357,25.111,7.362,57.399,55.156,91.069,48.255,36.214,32.339,190.389,83.307,74.162,117.663,79.264,59.364,134.63,180.811,284.806,47.348,75.777,97.658
"2033-11",62.897,67.414,34.743,152.05,70.431,113.558,39.373,84.893,134.464,135.597,40.124,9.421,NA,12.238,123.313,39.935,113.304,82.987,NA,55.033,2.779,140.861,7.895,37.487,77.013,5.728,59.551,29.582,30.888,NA,NA,85.362,13.403,NA,NA,94.643,30.06,211.548,262.227,73.054,9.389,90.85,43.353,79.187,41.097,40.59,28.865,158.418,81.05,75.035,114.364,91.685,46.02,158.211,364.088,238.456,67.325,65.56,92.981
"2033-12",66.069,62.554,36.604,107.329,124.6,84.162,76.521,78.445,83.812,94.411,42.578,62.287,NA,12.56,126.157,53.026,119.739,87.166,NA,66.418,2.542,57.19,36.603,23.014,223.799,6.224,105.854,67.335,21.326,NA,NA,64.028,59.882,NA,NA,86.715,4.883,178.852,290.015,232.172,3.02,55.758,61.587,59.399,40.755,42.288,27.431,135.057,121.515,96.398,98.961,121.149,55.208,140.682,266.448,250.265,54.558,65.089,95.714
"2034-01",48.925,65.176,33.025,123.965,134.215,74.541,51.523,45.868,77.298,117.978,28.86,228.971,NA,11.699,116.901,44.015,113.26,115.991,NA,66.753,1.443,12.422,105.135,10.337,164.315,8.938,194.512,157.169,16.409,NA,NA,67.117,6.685,NA,NA,70.235,0.447,96.108,304.036,289.977,13.426,135.347,38.554,66.885,45.002,51.001,21.998,96.128,147.754,118.203,92.541,109.576,55.52,45.886,113.942,200.893,97.179,66.414,96.029
"2034-02",57.256,57.987,26.623,69.953,52.911,74.55,17.772,34.669,53.984,82.936,26.338,152.027,NA,10.755,91.474,52.036,104.346,61.272,NA,59.151,0.299,42.841,21.752,0.36,55.216,5.812,203.311,98.181,16.1,NA,NA,49.43,16.383,NA,NA,112.001,0.004,35.244,210.44,251.216,50.983,51.905,60.826,93.891,52.777,44.553,14.944,68.144,154.955,100.302,64.57,93.08,49.683,10.2,68.347,120.882,123.704,69.629,84.281
"2034-03",42.815,45.136,34.537,94.845,31.191,112.97,15.103,48.739,35.087,153.647,11.819,270.633,NA,14.782,74.754,63.035,94.561,131.815,NA,49.712,1.175,67.802,50.065,0.702,72.096,6.796,113.426,124.09,17.448,NA,NA,41.173,27.104,NA,NA,98.097,0.219,45.241,206.246,313.033,154.251,145.162,66.08,125.633,71.554,64.698,18.061,76.969,147.989,126.191,81.428,123.297,63.473,12.71,144.696,145.549,96.846,86.357,94.484
"2034-04",52.328,35.149,30.951,62.446,19.147,63.891,10.401,104.194,71.443,217.018,13.752,369.239,NA,28.071,56.123,61.854,69.291,62.741,NA,32.94,2.734,127.1,190.236,13.878,135.204,14.707,103.983,98.897,19.592,NA,NA,46.127,51.293,NA,NA,89.733,0.969,63.36,157.205,151.515,12.193,32.461,55.128,140.153,76.031,54.086,17.507,71.041,150.882,112.319,48.182,172.329,51.694,23.997,83.785,123.072,88.607,91.396,88.67
"2034-05",48.361,39.789,36.29,37.782,50.951,91.206,24.926,196.387,68.643,186.298,47.757,298.636,NA,40.872,89.909,85.936,48.72,16.932,NA,21.962,8.277,137.22,144.122,23.21,47.322,24.238,87.997,49.603,22.807,NA,NA,67.269,33.606,NA,NA,120.149,0.784,85.642,165.437,73.423,42.258,30.621,91.778,104.217,70.235,60.092,17.098,107.291,152.423,99.063,53.339,228.327,58.179,84.064,124.929,161.934,80.132,90.165,95.241
"2034-06",42.98,36.203,40.048,17.992,107.05,79.584,46.511,209.236,44.923,167.282,98.208,100.435,NA,46.656,54.739,77.279,43.134,9.351,NA,7.546,5.769,270.916,20.501,5.578,30.082,25.628,41.916,39.935,32.659,NA,NA,62.921,4.776,NA,NA,160.487,2.096,105.309,215.323,36.543,43.915,55.981,105.053,103.968,58.709,62.862,31.263,144.026,160.008,91.182,45.78,193.761,72.263,125.773,59.956,171.274,54.271,90.579,97.581
"2034-07",32.621,79.513,39.402,16.277,93.277,94.339,56.289,237.99,55.395,216.723,156.929,21.644,NA,47.535,51.626,70.819,39.466,17.997,NA,8.516,6.62,331.703,10.373,5.266,14.963,17.018,40.91,18.383,20.747,NA,NA,86.78,1.025,NA,NA,139.282,0.234,117.558,198.269,21.706,58.061,47.032,69.044,119.253,66.693,52.463,31.115,163.381,173.229,81.018,46.019,170.875,51.168,123.486,93.725,183.814,53.801,77.453,95.813
"2034-08",52.633,70.77,50.137,21.821,31.824,85.402,62.335,201.742,47.734,214.094,105.486,7.196,NA,37.739,36.531,70.241,55.414,6.903,NA,5.768,3.761,214.874,3.016,15.936,13.843,15.577,26.488,14.234,43.1,NA,NA,103.981,4.473,NA,NA,155.191,0.292,144.227,235.846,14.964,18.802,39.262,81.423,113.235,48.114,34.483,40.373,177.912,155.022,67.389,69.355,81.128,47.413,119.041,194.634,240.606,32.207,85.588,96.786
"2034-09",82.922,71.197,65.198,51.703,112.249,106.794,92.377,215.2,107.059,190.432,51.325,5.266,NA,22.291,63.38,42.508,56.112,33.851,NA,19.221,5.34,156.689,5.331,3.488,5.626,7.086,27.28,9.493,40.366,NA,NA,109.141,4.699,NA,NA,207.919,7.072,191.02,234.622,6.942,5.252,64.436,61.277,92.053,56.264,34.749,36.477,198.916,110.925,73.829,87.94,63.059,43.111,86.586,253.811,166.224,33.582,76.386,93.579
"2034-10",68.902,93.875,55.482,114.333,186.312,159.01,110.632,151.232,139.684,157.498,47.012,6.619,NA,23.183,108.056,54.751,94.956,37.026,NA,23.013,4.333,231.873,5.958,41.122,15.176,7.82,59.154,19.1,37.959,NA,NA,50.259,20.151,NA,NA,84.287,1.519,204.601,279.334,26.435,2.769,21.739,39.207,46.78,44.13,41.292,32.786,185.971,112.992,70.722,108.977,65.905,51.247,93.824,300.423,220.24,41.438,74.017,94.781
"2034-11",57.578,99.211,44.235,72.443,74.679,102.232,57.241,116.126,86.06,174.095,38.952,16.237,NA,21.16,165.006,48.776,110.915,96.567,NA,72.468,2.534,148.046,18.193,42.739,103.059,7.654,63.385,51.942,43.168,NA,NA,69.675,38.252,NA,NA,92.78,1.309,76.844,245.044,57.648,3.422,125.186,25.183,61.034,33.684,52.856,29.839,163.845,123.786,71.628,111.637,91.636,58.127,88.297,109.824,234.487,49.259,69.769,93.109
"2034-12",62.151,62.1,40.186,152.741,63.071,150.868,30.054,64.86,73.224,115.389,64.62,79.312,NA,13.649,131.638,51.276,95.682,196.872,NA,88.028,2.8,65.974,117.916,21.714,206.519,9.742,88.26,85.657,22.487,NA,NA,63.974,23.345,NA,NA,71.062,3.584,116.493,277.846,177.023,3.502,52.408,35.037,80.787,40.292,32.402,23.824,135.131,179.34,74.283,115.072,115.683,56.703,132.402,174.396,269.205,91.288,68.325,99.517
"2035-01",54.614,80.696,39.491,77.911,32.639,78.332,32.567,21.784,55.995,47.045,25.201,82.161,NA,11.646,115.953,37.483,86.936,147.91,NA,92.088,2.556,8.725,119.564,0.639,92.357,8.323,130.887,101.01,18.186,NA,NA,59.812,25.95,NA,NA,94.834,0.672,36.435,265.985,292.252,11.598,140.834,54.37,95.183,47.455,54.434,24.325,90.257,209.852,99.454,91.237,85.478,58.689,24.005,148.747,217.244,81.114,67.088,93.878
"2035-02",33.759,68.398,22.965,66.378,117.324,92.186,55.58,27.033,38.95,52.278,14.027,74.128,NA,20.811,105.282,67.351,69.729,212.723,NA,69.226,1.051,38.721,102.848,0.588,19.875,12.314,77.586,206.688,14.698,NA,NA,68.066,37.446,NA,NA,102.627,8.331,27.112,212.958,298.369,20.437,119.934,27.682,64.144,41.98,51.921,16.974,57.374,197.917,106.661,75.492,83.82,64.789,39.64,82.58,116.444,92.571,67.968,83.231
"2035-03",34.241,58.03,27.639,105.582,20.898,71.397,8.345,26.673,14.753,97.054,12.462,267.405,NA,18.53,85.848,58.005,95.978,60.915,NA,26.515,2.213,73.979,122.36,0.457,82.091,8.023,125.278,144.678,19.727,NA,NA,56.286,18.646,NA,NA,104.818,0.218,24.728,220.488,252.581,45.146,47.495,56.807,57.121,71.838,49.215,21.895,55.533,237.271,111.83,73.762,131.76,64.816,12.816,51.858,123.141,119.004,90.945,96.149
"2035-04",48.491,46.304,35.464,56.609,13.935,58.059,9.114,83.816,17.757,162.308,18.661,301.659,NA,27.844,104.192,71.645,56.948,60.675,NA,27.174,3.136,127.943,205.006,27.513,89.841,20.121,61.172,60.836,19.231,NA,NA,65.239,12.101,NA,NA,99.231,0.02,51.91,197.458,150.629,54.254,55.891,72.186,99.357,68.487,55.521,19.284,62.994,221.002,103.775,41.22,175.192,67.632,29.481,177.747,123.253,115.028,84.779,94.807
"2035-05",43.958,46.451,38.554,49.038,30.285,101.059,13.333,230.729,46.492,233.883,35.95,201.083,NA,33.369,103.133,56.101,51.135,89.964,NA,30.208,3.277,116.461,177.501,17.547,125.689,23.107,37.806,39.894,21.898,NA,NA,47.364,55.442,NA,NA,146.563,0.781,64.089,219.078,89.869,18.617,23.292,59.95,78.902,58.768,65.06,18.476,106.639,199.412,97.516,53.926,225.02,72.536,65.692,121.389,188.317,64.603,96.72,98.707
"2035-06",42.121,26.194,46.782,16.873,121.625,113.323,51.219,217.308,54.516,207.709,97.188,54.182,NA,45.721,53.845,62.745,36.844,25.536,NA,12.276,7.882,241.675,79.744,3.997,20.317,16.101,43.102,41.513,23.539,NA,NA,56.032,8.601,NA,NA,164.852,3.786,137.69,253.049,45.716,89.629,63.019,66.502,90.363,69.57,58.558,23.627,129.864,166.904,95.247,46.863,198.156,63.395,118.25,161.17,154.958,55.746,84.412,95.499
"2035-07",58.142,56.84,55.15,21.387,114.157,97.318,62.978,198.05,71.528,183.364,172.818,13.649,NA,41.802,34.239,67.666,23.738,10.289,NA,7.09,5.629,250.479,4.243,6.605,15.273,15.056,33.585,36.007,22.176,NA,NA,91.311,1.09,NA,NA,163.713,0.238,158.147,229.952,35.796,24.839,53.548,75.839,104.756,58.563,53.901,23.442,160.52,165.28,90.046,56.861,151.112,51.075,90.102,199.867,172.907,52.757,82.003,97.491
"2035-08",46.397,60.591,73.008,19.609,37.315,138.079,51.411,198.981,72.751,181.336,120.333,7.681,NA,27.432,45.532,63.486,43.904,39.489,NA,13.448,6.454,229.888,4.045,48.27,13.8,21.109,26.974,25.508,36.919,NA,NA,70.302,2.19,NA,NA,137.214,1.663,201.109,277.882,11.509,30.037,42.665,68.139,76.546,50.677,43.946,35.173,163.097,150.896,77.561,70.559,95.106,54.455,115.08,268.679,182.325,47.619,85.076,96.164
"2035-09",77.439,92.523,55.325,50.852,67.163,120.381,66.645,179.1,95.46,133.453,96.126,4.013,NA,33.966,33.07,50.904,62.538,18.653,NA,7.59,8.306,174.046,5.442,19.491,12.748,8.84,17.661,17.236,33.861,NA,NA,91.036,15.454,NA,NA,181.117,9.483,230.291,248.156,6.519,4.375,15.799,36.429,52.526,42.024,58.278,32.568,174.622,129.96,67.677,90.161,65.317,45.512,105.404,272.252,234.011,29.586,75.203,91.851
"2035-10",74.529,70.733,46.487,65.778,183.239,159.282,76.565,173.59,126.363,194.389,75.612,6.895,NA,20.705,98.717,41.705,91.87,14.44,NA,24.709,5.34,164.197,6.751,40.899,35.736,11.547,17.343,5.832,40.096,NA,NA,74.871,15.113,NA,NA,77.379,170.474,379.972,226.892,14.548,6.849,7.322,31.141,60.567,42.137,45.009,37.493,180.809,110.584,66.93,109.206,90.455,55.461,218.818,368.109,255.856,21.767,76.508,95.662
"2035-11",54.29,86.799,45.539,96.129,128.574,78.305,60.971,96.427,75.083,116.873,35.36,24.311,NA,14.487,132.809,47.025,126.578,35.313,NA,44.183,1.091,82.428,53.032,56.16,75.603,10.896,38.739,27.281,37.345,NA,NA,57.258,17.915,NA,NA,122.416,0.552,178.078,235.367,38.755,4.526,60.012,28.881,64.594,33.756,54.211,37.584,170.339,126.669,73.725,87.294,114.727,56.56,120.28,229.739,247.604,48.623,68.948,93.026
"2035-12",54.405,92.801,29.763,136.736,131.585,126.933,64.703,55.778,60.26,84.497,36.882,122.746,NA,18.329,112.497,51.965,109.251,171.752,NA,68.293,12.864,54.218,104.347,11.991,74.103,10.523,99.413,103.031,28.903,NA,NA,67.296,16.385,NA,NA,90.48,1.853,35.285,262.11,101.161,9.394,36.742,40.649,74.04,38.67,40.32,25.457,131.95,203.604,85.536,104.287,142.493,58.948,54.804,55.018,258.958,87.182,68.44,98.564
"2036-01",56.28,74.918,34.614,138.922,36.311,87.777,22.919,30.381,61.122,36.782,24.312,177.233,NA,13.008,144.684,47.004,95.779,212.767,NA,77.954,3.05,29.467,107.085,0.309,84.404,9.943,120.727,115.182,12.211,NA,NA,68.315,7.413,NA,NA,65.674,0.201,7.063,273.935,284.978,20.386,127.481,41.633,91.487,46.645,48.739,17.001,94.375,210.605,100.875,98.301,92.346,58.731,15.82,21.584,218.489,109.633,67.308,95.943
"2036-02",44.215,66.654,19.726,91.292,28.603,76.411,11.912,14.952,31.289,73.407,12.021,101.477,NA,17.619,103.367,56.327,92.116,91.401,NA,48.827,0.948,53.808,77.184,0.91,67.749,6.379,110.598,120.093,18.316,NA,NA,48.997,41.355,NA,NA,78.885,0.419,32.516,224.326,304.494,52.59,71.82,30.544,75.659,44.873,50.091,20.124,62.728,178.092,103.693,72.475,89.152,55.671,22.904,58.921,168.424,92.311,68.546,84.505
"2036-03",27.902,44.587,26.395,94.678,20.789,72.251,8.625,18.803,22.698,86.159,12.576,229.067,NA,21.956,105.606,70.543,90.876,170.239,NA,49.345,2.277,77.334,87.77,1.313,137.96,15.399,125.713,120.541,14.216,NA,NA,56.614,37.136,NA,NA,79.793,0.248,53.187,199.506,300.299,69.516,133.034,30.582,80.845,65.42,52.273,14.076,66.573,168.834,120.273,83.718,126.796,62.822,21.53,78.26,137.987,120.007,85.768,93.902
"2036-04",41.027,29.156,19.465,86.426,25.375,39.407,16.455,87.075,36.373,105.657,12.418,264.239,NA,21.175,79.868,44.948,52.406,40.525,NA,31.68,6.208,93.328,127.257,35.928,127.872,18.407,69.228,59.723,16.678,NA,NA,69.109,21.492,NA,NA,107.401,0.576,19.19,158.888,243.903,67.551,78.699,44.543,83.91,77.104,77.823,14.715,73.687,142.71,114.476,53.876,174.281,58.23,8.281,78.802,129.747,106.943,91.514,90.744
"2036-05",53.296,31.455,36.034,44.748,37.133,103.026,26.199,230.633,68.371,160.805,55.495,265.336,NA,42.932,61.257,71.899,22.241,41.455,NA,22.738,3.729,168.665,54.502,45.011,29.729,17.627,30.348,48.167,18.5,NA,NA,79.962,49.26,NA,NA,125.223,5.108,72.028,202.005,107.82,54.268,40.662,90.258,89.317,58.473,67.521,18.105,120.727,143.068,107.697,55.561,235.705,56.083,76.041,216.278,162.829,93.733,94.494,97.594
"2036-06",51.51,42.663,42.459,23.947,44.531,83.507,37.993,201.304,52.82,133.009,107.506,91.713,NA,37.997,40.212,63.113,33.781,19.172,NA,11.731,8.011,188.96,29.242,4.457,27.08,20.114,41.406,34.107,30.414,NA,NA,46.009,5.614,NA,NA,186.614,1.548,184.212,229.484,27.958,41.934,53.528,89.766,110.275,55.78,62.678,31.539,144.273,152.108,101.722,38.702,219.184,54.396,116.18,189.22,168.141,61.683,88.456,95.467
"2036-07",55.193,46.77,65.213,22.013,52.295,64.911,46.076,189.584,45.826,143.236,144.799,10.207,NA,32.216,37.867,57.126,37.665,22.821,NA,11.097,6.309,207.931,2.063,18.909,16.401,11.474,30.867,59.345,42.773,NA,NA,48.819,0.607,NA,NA,221.007,7.813,165.118,220.937,14.104,18.528,35.15,98.477,102.006,63.929,39.345,40.985,172.431,187.524,80.877,41.836,118.923,50.151,95.459,267.236,187.228,55.604,86.942,97.607
"2036-08",67.089,71.27,57.212,26.556,46.204,89.075,48.571,212.257,69.114,166.815,92.345,6.626,NA,45.1,79.841,55.527,41.897,52.913,NA,19.543,6.919,182.74,4.255,36.834,14.953,18.905,28.424,23.181,47.558,NA,NA,67.302,0.772,NA,NA,184.664,0.935,165.754,224.671,11.086,29.995,38.207,84.04,87.478,49.406,51.3,42.495,166.953,170.799,72.004,67.595,81.155,55.015,112.074,270.245,238.937,35.788,82.827,96.594
"2036-09",91.167,104.836,56.866,31.176,181.303,150.266,99.897,180.735,118.889,223.383,88.821,4.41,NA,27.903,56.943,50.95,76.535,24.428,NA,32.722,2.882,108.055,7.442,33.068,17.77,13.18,15.322,8.977,53.344,NA,NA,95.178,5.637,NA,NA,130.318,1.849,263.165,243.57,8.717,13.128,59.344,58.399,81.424,39.219,52.36,52.31,166.884,160.473,62.866,98.625,46.101,50.143,100.11,313.215,207.545,28.155,76.625,94.295
"2036-10",61.239,78.871,54.971,80.885,127.206,140.595,192.395,237.627,126.004,160.115,33.962,5.05,NA,15.939,124.196,45.379,93.555,31.852,NA,38.836,4.782,151.041,5.331,50.881,9.39,15.419,30.647,18.347,43.809,NA,NA,78.748,27.198,NA,NA,157.649,83.062,259.639,239.556,13.354,5.665,48.871,34.861,85.962,50.852,60.511,37.782,185.712,150.095,59.848,117.33,69.213,57.385,176.033,295.929,237.279,43.737,76.741,97.348
"2036-11",62.164,96.681,46.595,115.115,75.214,118.059,41.859,56.972,93.405,132.275,35.445,19.557,NA,18.61,139.548,50.158,114.831,107.59,NA,52.825,0.913,94.356,12.742,36.993,57.211,8.018,38.398,27.133,30.923,NA,NA,70.296,54.416,NA,NA,91.171,48.892,56.913,306.995,27.348,2.468,84.118,21.856,83.967,46.152,41.95,31.297,126.998,207.658,66.378,110.384,69.076,54.923,63.177,81.262,262.805,59.675,64.101,95.338
"2036-12",46.05,85.808,38.586,81.384,124.478,166.505,46.14,48.196,71.301,86.228,16.845,50.15,NA,13.511,128.589,55.657,101.543,233.121,NA,83.551,2.086,59.136,91.286,9.791,58.932,7.639,55.181,39.748,18.464,NA,NA,70.81,28.799,NA,NA,80.166,12.319,64.32,232.759,66.751,4.149,50.618,46.966,67.257,35.737,35.37,13.708,107.645,263.281,81.825,129.09,91.969,58.615,83.894,160.949,225.949,61.824,65.474,97.254
"2037-01",29.788,76.868,40.73,122,107.454,139.297,64.148,24.959,57.581,73.869,15.068,50.369,NA,17.433,118.039,44.037,90.033,241.52,NA,87.157,5.065,26.352,142.212,3.282,39.5,11.321,131.357,128.08,14.812,NA,NA,65.451,49.761,NA,NA,74.393,0.557,36.407,191.111,191.191,8.56,54.179,21.213,86.113,43.01,39.96,13.112,75.902,260.339,100.623,125.809,67.673,61.568,40.538,75.166,190.58,91.422,67.349,93.58
"2037-02",40.797,59.434,29.528,106.426,20.704,78.806,13.254,12.404,29.665,67.53,14.015,67.269,NA,11.148,79.284,52.985,77.779,78.883,NA,55.505,7.007,58.786,75.526,1.444,47.135,6.467,109.327,96.819,16.182,NA,NA,58.069,49.962,NA,NA,103.602,0.81,15.034,142.295,274.715,4.547,101.044,26.96,88.184,55.712,53.306,13.379,58.231,224.361,94.399,93.192,79.674,66.152,7.009,21.469,131.259,81.286,70.346,83.841
"2037-03",51.398,57.393,24.377,92.611,122.218,128.156,28.756,20.262,32.776,131.783,12.016,108.665,NA,19.936,85.18,83.892,55.319,166.991,NA,70.242,1.209,97.743,57.079,0.879,78.924,9.288,113.715,129.643,13.412,NA,NA,48.225,39.172,NA,NA,127.2,0.672,13.365,146.257,185.326,38.292,65.351,34.059,69.84,69.082,70.213,19.689,53.691,253.641,115.191,90.461,125.987,60.646,4.53,18.775,123.176,122.196,86.022,95.206
"2037-04",54.416,51.028,29.235,78.732,15.918,82.875,7.231,55.651,21.617,153.751,12.786,342.737,NA,35.374,103.651,66.601,40.792,58.174,NA,33.494,3.784,101.415,125.486,61.263,49.099,10.937,55.047,31.373,14.795,NA,NA,56.296,21.11,NA,NA,101.986,18.573,34.436,155.813,195.827,18.786,52.441,80.458,74.796,81.782,58.771,13.871,57.941,264.424,92.517,59.418,168.024,64.079,22.091,68.265,128.032,110.361,86.636,95.626
"2037-05",39.44,31.479,26.74,55.238,14.939,53.837,14.385,249.338,27.625,218.948,28.331,329.69,NA,54.825,59.038,81.13,36.906,55.626,NA,28.32,5.596,162.747,68.214,28.8,12.991,48.231,28.756,23.911,20.784,NA,NA,69.993,74.637,NA,NA,134.143,2.789,48.472,217.116,75.391,31.613,52.375,77.223,107.882,74.519,53.596,17.158,96.626,239.619,99.405,51.477,207.035,64.748,72.253,93.09,129.132,91.135,85.878,100.513
"2037-06",69.569,38.845,39.934,28.988,47.18,51.984,42.193,215.484,62.461,139.556,155.619,44.541,NA,41.311,77.239,50.658,17.536,30.186,NA,16.279,4.917,279.033,8.53,23.468,30.555,14.352,24.034,34.197,14.863,NA,NA,60.057,7.796,NA,NA,157.573,1.949,130.027,239.659,107.681,52.998,73.871,72.486,95.676,49.101,53.589,22.489,129.118,178.992,91.006,39.538,181.581,59.469,122.59,119.235,161.471,57.486,89.882,95.427
"2037-07",48.358,62.951,58.178,19.763,19.913,89.057,23.06,153.957,33.57,84.755,141.353,11.821,NA,42.268,60.354,59.818,23.688,25.23,NA,9.089,5.752,203.57,2.149,15.17,20.692,19.832,42.568,40.109,23.061,NA,NA,79.402,3.541,NA,NA,186.012,5.345,203.357,239.333,25.128,39.746,34.308,93.667,120.234,60.589,48.684,24.772,164.547,190.556,88.632,49.674,113.088,53.851,117.367,168.638,170.509,56.902,83.294,98.412
"2037-08",65.065,49.402,54.139,20.851,86.105,71.966,66.984,192.151,57.631,182.19,81.412,5.936,NA,38.418,24.546,53.868,70.626,6.799,NA,6.849,7.411,144.476,4.869,57.942,20.998,13.649,44.3,28.175,34.639,NA,NA,76.501,0.863,NA,NA,212.731,8.407,222.483,247.5,10.76,22.065,38.636,67.556,50.645,42.316,48.75,40.575,163.063,160.125,80.488,75.733,67.549,58.669,124.027,304.094,264.765,33.362,84.644,98.06
"2037-09",65.067,83.485,55.85,66.37,100.696,124.29,73.052,205.677,80.021,110.781,64.67,3.916,NA,24.01,62.127,41.703,76.142,24.812,NA,13.741,9.001,120.933,6.893,36.978,11.334,7.301,26.866,14.397,44.657,NA,NA,67.757,2.643,NA,NA,132.338,2.213,278.398,220.701,12.492,10.199,44.8,48.166,68.485,45.727,52.754,36.566,172.917,118.26,70.538,105.063,59.738,45.662,118.306,353.322,248.779,36.242,81.815,92.962
"2037-10",48.199,79.725,50.598,85.397,89.705,184.954,62.155,115.299,128.616,129.762,36.466,9.042,NA,19.611,137.073,57.763,86.421,105.881,NA,34.79,3.812,133.373,5.353,91.155,35.432,9.981,28.951,16.223,35.185,NA,NA,130.423,50.246,NA,NA,125.99,72.67,239.898,267.234,44.531,4.446,39.431,42.189,69.67,41.845,60.213,33.102,179.383,113.986,74.994,132.045,61.02,64.586,120.902,318.157,238.524,33.997,79.589,97.681
"2037-11",45.934,96.889,51.785,96.666,34.748,90.375,21.385,81.909,84.123,146.829,43.465,18.66,NA,10.224,107.945,40.648,101.083,174.728,NA,56.972,2.347,126.087,4.793,13.436,91.061,8.949,57.033,29.694,32.951,NA,NA,74.13,9.485,NA,NA,80.643,4.25,185.644,319.87,114.605,2.226,40.078,50.077,67.517,28.622,41.137,23.346,158.126,124.25,72.164,98.256,82.766,54.048,61.746,191.679,213.109,61.353,72.321,93.414
"2037-12",57.48,74.341,39.385,135.328,95.407,85.947,67.532,47.356,71.829,84.432,18.205,88.751,NA,18.912,170.713,58.266,100.215,101.156,NA,64.094,1.373,82.853,15.662,2.956,144.072,7.003,113.781,60.355,25.61,NA,NA,47.236,9.43,NA,NA,58.493,2.099,143.365,333.107,189.808,2.691,57.048,32.435,56.259,36.872,27.363,27.236,124.807,169.784,82.748,98.51,91.874,60.028,109.419,227.848,257.711,73.766,69.519,98.018
"2038-01",68.036,55.249,34.812,184.396,68.489,86.121,36.95,37.791,72.971,91.916,23.43,158.33,NA,11.891,107.002,40.117,96.794,145.744,NA,97.556,3.035,48.521,33.136,4.711,84.648,6.281,159.655,117.425,19.782,NA,NA,60.172,68.28,NA,NA,87.032,0.491,38.097,274.743,291.957,20.934,65.828,52.876,74.564,41.589,41.33,19.813,91.185,197.96,92.847,98.669,122.478,51.094,28.926,107.756,176.237,84.345,65.795,93.046
"2038-02",48.711,47.927,33.146,111.834,77.427,44.391,32.865,29.207,37.017,84.642,9.425,194.411,NA,12.457,125.33,56.783,72.228,91.018,NA,61.904,0.865,61.83,30.633,0.391,24.147,7.466,155.544,115.214,9.157,NA,NA,66.904,41.569,NA,NA,93.933,0.107,8.523,221.406,344.188,47.296,115.349,52.652,119.63,52.116,45.672,13.229,64.501,193.936,100.111,76.593,76.391,57.826,6.393,41.629,150.771,100.679,71.667,87.509
"2038-03",44.156,47.1,32.342,102.477,38.11,66.719,13.613,39.145,21.578,139.102,10.505,267.047,NA,25.49,100.394,80.572,85.909,67.754,NA,43.551,1.822,104.657,29.402,0.525,120.869,9.677,109.143,89.738,11.161,NA,NA,71.933,20.908,NA,NA,96.535,1.134,21.78,204.101,285.677,29.447,84.758,50.869,59.276,74.586,63.248,14.408,59.68,209.553,124.565,73.087,121.432,62.348,4.398,39.791,112.179,98.11,83.507,91.841
"2038-04",55.611,34.745,30.528,67.225,31.409,59.912,8.636,72.608,31.384,185.464,10.903,334.048,NA,34.377,81.151,65.645,51.289,63.907,NA,22.763,1.982,127.547,142.691,29.874,186.564,13.412,71.29,62.314,17.409,NA,NA,62.924,20.416,NA,NA,95.649,2.518,39.856,180.097,129.787,24.101,41.91,39.437,103.204,69.593,71.774,21.939,69.566,189.421,118.075,60.904,187.432,55.772,22.434,126.183,119.447,94.29,92.513,93.355
"2038-05",38.027,38.467,39.298,55.002,14.513,43.938,15.453,222.452,47.777,274.203,68.729,194.559,NA,36.193,48.402,80.247,45.394,19.471,NA,19.927,4.186,164.872,133.679,10.754,79.615,20.752,62.743,113.868,20.078,NA,NA,52.396,34.664,NA,NA,153.893,3.81,50.956,212.904,77.02,70.824,22.763,75.412,80.089,55.638,66.563,21.642,111.283,180.717,105.922,41.191,218.004,65.034,48.214,158.475,193.643,78.722,90.771,99.314
"2038-06",39.19,47.363,32.257,19.894,126.206,86.589,54.967,199.501,75.703,189.428,164.155,33.286,NA,34.215,40.403,62.781,41.871,34.243,NA,17.488,8.124,254.944,31.227,4.988,27.101,29.342,65.178,38.034,39.244,NA,NA,80.504,4.825,NA,NA,213.478,2.649,57.936,213.086,28.989,34.528,54.253,91.165,113.111,51.12,69.428,31.434,137.921,163.562,87.099,39.856,201.096,66.811,60.752,70.952,164.06,58.844,93.168,95.267
"2038-07",50.204,50.156,45.992,19.507,64.804,61.309,66.508,221.963,66.558,137.743,165.461,12.34,NA,37.306,34.221,59.071,51.619,12.734,NA,6.667,3.784,196.857,1.832,7.67,23.264,25.568,43.875,36.747,51.064,NA,NA,62.676,1.849,NA,NA,180.78,1.273,190.12,227.669,18.866,26.406,31.384,78.407,105.302,47.377,61.196,43.172,167.03,199.452,78.889,58.819,124.479,55.289,114.64,114.575,199.774,46.74,89.362,98.642
"2038-08",73.114,45.419,72.061,32.231,71.996,94.251,71.643,181.416,71.594,225.503,98.241,6.156,NA,31.498,57.652,57.012,49.407,34.981,NA,23.866,7.531,138.785,4.938,22.328,14.758,7.176,20.932,25.369,33.037,NA,NA,80.089,24.3,NA,NA,196.781,0.749,218.883,192.893,10.145,31.159,53.369,72.065,86.024,41.632,44.898,30.931,175.901,183.54,70.995,75.106,61.007,50.744,147.431,285.325,277.515,31.357,85.134,99.577
"2038-09",75.995,91.684,65.751,51.978,142.778,103.951,113.528,194.127,94.048,138.815,54.048,5.315,NA,30.857,82.993,45.413,76.009,7.621,NA,9.093,6.967,135.033,5.926,66.568,10.947,8.294,45.706,10.485,37.712,NA,NA,103.708,68.755,NA,NA,167.4,1.766,279.267,248.376,11.263,4.818,37.998,45.435,71.436,53.662,54.874,38.225,173.36,151.79,68.459,95.318,60.266,48.174,158.105,324.28,201.5,31.393,78.049,94.192
"2038-10",75.394,94.749,60.885,141.484,211.383,134.031,134.62,175.174,115.653,162.297,34.239,5.385,NA,15.72,74.236,42.447,107.394,65.462,NA,40.032,3.905,155.71,4.927,29.217,41.872,8.325,23.34,13.653,40.104,NA,NA,69.012,11.094,NA,NA,132.411,2.484,233.638,221.997,12.176,4.79,22.507,31.932,57.835,47.189,47.526,37.762,197.513,132.86,66.537,101.777,67.573,46.324,109.489,202.864,225.693,34.731,77.617,95.69
"2038-11",45.293,80.922,37.971,146.066,83.131,147.579,76.222,128.176,92.684,144.688,53.625,21.591,NA,14.492,173.871,43.407,74.415,166.633,NA,62.329,3.205,119.117,24.54,24.591,70.38,7.271,38.63,26.592,28.126,NA,NA,83.456,21.1,NA,NA,115.871,65.8,141.79,229.403,41.254,2.324,80.892,23.619,56.771,38.737,43.561,29.589,163.813,142.845,75.246,119.122,83.213,55.492,131.688,181.179,246.049,56.74,67.187,94.33
"2038-12",70.256,83.152,48.457,129.172,67.862,87.614,48.527,61.448,63.238,82.997,25.38,41.682,NA,11.69,149.311,39.112,101.466,105.977,NA,65.14,2.764,39.356,97.159,11.215,212.156,6.568,130.753,85.188,18.189,NA,NA,47.617,18.062,NA,NA,71.273,5.975,73.176,210.404,97.09,6.158,100.484,19.008,58.754,48.803,36.37,21.579,130.076,235.178,78.079,92.356,91.986,53.02,78.64,89.059,284.282,81.276,68.65,96.028
"2039-01",53.43,85.78,31.988,120.395,57.8,92.775,37.151,26.002,47.376,57.833,13.666,96.391,NA,13.992,114.693,57.043,98.753,124.455,NA,63.156,1.148,4.94,101.425,0.622,120.803,10.73,188.116,81.198,15.713,NA,NA,59.003,22.701,NA,NA,109.722,0.286,56.636,266.59,210.613,18.656,113.955,45.743,104.831,37.694,39.21,18.849,86.175,256.693,83.115,113.398,74.97,63.726,37.458,138.688,245.265,105.486,70.255,98.596
"2039-02",46.839,67.309,26.951,134.681,74.799,65.4,29.159,24.973,42.43,100.031,15.713,73.02,NA,20.044,108.783,67.613,63.413,112.494,NA,53.869,2.178,41.393,71.925,0.827,90.662,7.439,98.703,67.619,10.079,NA,NA,51.662,22.935,NA,NA,80.275,0.409,14.998,200.475,323.478,14.252,49.388,52.621,79.793,55.297,48.188,13.656,64.881,181.745,116.138,89.742,69.425,51.712,5.773,52.215,104.005,100.359,70.454,84.99
"2039-03",38.842,48.755,24.417,106.787,44.788,100.515,15.605,42.869,27.41,131.857,9.958,206.688,NA,7.348,131.16,40.751,65.834,80.655,NA,37.301,3.032,90.875,44.264,1.636,79.631,8.996,108.387,131.394,18.534,NA,NA,54.765,16.351,NA,NA,111.402,0.908,54.237,206.646,159.366,7.537,110.884,34.744,101.34,72.259,54.681,14.458,54.704,248.348,113.6,79.306,124.002,68.599,20.999,92.723,95.94,115.869,84.673,93.115
"2039-04",35.733,38.593,26.471,60.229,4.481,77.207,6.282,69.105,18.285,184.344,9.815,295.363,NA,29.696,111.877,61.712,66.199,57.29,NA,21.726,2.543,111.433,166.55,20.6,127.862,12.386,60.336,57.89,17.343,NA,NA,79.125,12.095,NA,NA,80.514,1.078,86.496,223.483,75.234,2.706,69.085,38.722,123.109,70.407,65.632,15.896,51.751,244.92,110.862,71.511,165.402,70.029,18.786,107.046,149.88,97.321,90.281,96.118
"2039-05",51.245,32.975,42.411,31.53,13.821,72.332,7.077,141.244,40.472,204.94,50.096,228.77,NA,42.125,71.833,64.264,22.588,15.794,NA,21.209,5.604,143.434,134.563,20.349,41.149,27.255,37.372,37.374,18.472,NA,NA,78.542,52.922,NA,NA,167.249,1.596,107.734,207.201,127.791,22.803,20.984,73.222,77.613,65.979,64.128,15.74,73.93,209.891,92.862,53.909,233.767,62.053,74.452,146.268,177.705,91.97,93.237,97.753
"2039-06",48.538,43.749,45.136,17.619,45.926,113.401,35.44,277.512,66.054,183.603,128.272,58.076,NA,40.618,46.148,49.913,48.197,44.75,NA,21.677,5.569,252.915,34.251,6.427,21.013,13.587,52.073,68.921,28.038,NA,NA,39.456,29.523,NA,NA,196.12,1.175,296.435,241.521,34.776,71.311,18.061,84.738,100.238,68.273,47.134,24.514,135.135,175.579,90.745,57.428,216.407,60.653,93.77,146.547,149.407,62.034,83.016,95.23
"2039-07",56.654,52.648,50.455,15.712,37.706,94.733,41.585,210.303,42.986,249.208,135.974,12.585,NA,50.492,36.119,64.908,28.839,16.454,NA,8.592,7.694,261.874,3.507,11.824,19.585,21.207,37.297,37.644,26.874,NA,NA,88.631,6.878,NA,NA,116.179,0.232,235.191,270.315,23.104,26.39,47.682,86.97,86.602,52.684,49.417,28.025,134.833,200.667,86.65,57.388,142.937,61.318,121.263,263.607,221.735,43.597,80.87,97.197
"2039-08",63.275,67.021,60.69,37.55,41.422,76.812,44.286,184.349,64.061,123.536,104.27,6.2,NA,40.968,56.924,54.202,44.262,15.954,NA,7.183,9.485,167.58,4.217,85.047,11.014,16.599,40.153,34.109,27.956,NA,NA,89.432,15.06,NA,NA,146.93,0.792,221.343,250.321,6.157,30.075,38.525,94.447,101.489,61.639,45.332,28.452,157.652,153.688,73.625,77.099,71.31,51.612,93.582,276.53,211.326,44.657,80.628,95.28
"2039-09",69.85,78.246,66.995,58.729,173.161,108.851,118.044,237.459,124.746,173.818,70.075,5.082,NA,42.181,87.33,65.721,42.594,59.788,NA,22.558,10.983,161.589,7.636,24.521,12.194,13.264,17.686,8.523,39.311,NA,NA,96.2,6.704,NA,NA,159.649,0.8,285.101,241.114,9.592,10.388,22.266,67.862,67.649,35.738,47.838,36.999,169.417,137.392,64.987,79.542,53.549,58.963,122.057,332.064,215.072,25.24,78.427,91.342
"2039-10",108.814,90.067,52.08,85.559,187.492,145.211,119.285,205.115,147.984,141.143,52.356,12.832,NA,24.236,130.473,51.922,98.965,47.555,NA,35.361,3.396,176.326,6.564,11.963,23.37,10.015,51.183,14.558,37.525,NA,NA,116.234,29.499,NA,NA,137.237,14.548,231.095,255.026,31.055,7.037,29.343,47.717,65.826,45.068,46.204,39.266,181.854,117.705,67.625,109.3,67.942,56.202,108.482,247.611,226.479,44.871,72.485,95.93
"2039-11",77.958,92.541,51.482,116.036,35.59,79,34.29,106.869,120.854,161.465,68.536,10.547,NA,14.033,130.179,57.812,85.125,61.575,NA,43.505,3.211,158.392,33.648,8.595,84.476,4.906,32.513,28.72,29.835,NA,NA,73.125,30.282,NA,NA,127.119,2.147,202.874,265.038,47.714,2.233,50.334,22.169,51.788,41.372,41.405,37.359,156.253,140.973,68.741,99.432,96.912,51.629,168.007,265.924,237.418,57.463,67.011,94.097
"2039-12",59.931,61.657,38.228,127.847,59.354,93.166,37.49,43.895,88.266,85.741,28.788,121.134,NA,14.448,135.474,54.615,134.868,102.845,NA,73.465,1.222,4.624,197.324,31.644,154.08,11.122,100.87,30.004,31.447,NA,NA,61.933,71.368,NA,NA,109.276,2.909,93.285,289.393,121.539,12.06,75.901,32.899,89.263,44.937,33.799,33.023,113.47,190.735,83.548,104.468,108.033,51.855,176.454,221,220.414,89.671,66.256,98.958
"2040-01",57.799,69.468,35.382,106.769,93.747,74.355,41.573,31.335,63.942,49.901,20.782,136.606,NA,10.268,125.658,46.467,107.108,66.81,NA,69.916,0.157,5.829,199.592,0.581,60.624,9.218,136.13,108.376,16.101,NA,NA,72.51,33.524,NA,NA,122.424,0.17,74.766,340.662,379.187,25.358,41.459,78.961,83.411,44.057,35.315,23.986,76.416,221.921,89.341,88.82,89.179,69.893,25.022,160.394,186.689,74.746,73.439,96.179
"2040-02",40.13,38.065,24.452,93.44,92.269,76.471,34.148,26.026,47.54,59.541,12.738,38.376,NA,15.531,80.931,59.545,90.688,126.431,NA,45.153,1.589,39.251,136.016,0.607,85.282,8.098,113.793,98.77,8.021,NA,NA,59.881,23.327,NA,NA,78.144,0.034,20.883,209.049,343.71,136.045,99.283,31.252,94.826,55.972,38.699,15.479,74.845,157.663,100.108,73.817,72.726,56.687,18.12,97.155,125.344,85.3,72.083,83.825
"2040-03",44.3,38.621,25.022,118.961,32.134,79.36,16.193,60.647,39.636,146.724,11.486,154.079,NA,28.67,103.969,78.947,99.68,80.318,NA,31.98,0.631,77.316,36.733,3.428,126.296,12.485,149.584,108.122,9.762,NA,NA,85.294,20.33,NA,NA,102.466,0.991,34.76,205.954,247.924,15.137,62.546,52.564,71.287,57.993,61.85,19.787,60.094,202.926,123.765,64.199,110.661,71.977,8.41,94.333,101.457,134.655,84.969,95.073
"2040-04",43.375,30.751,35.424,65.62,14.726,42.854,5.343,96.472,33.673,200.554,11.973,351.044,NA,41.221,60.944,75.823,87.023,25.808,NA,20.63,2.059,99.942,174.899,4.861,124.992,14.413,71.55,43.719,21.709,NA,NA,50.6,16.425,NA,NA,131.014,0.138,59.425,194.859,212.557,19.758,58.484,70.161,99.496,64.804,65.647,23.144,63.611,199.778,109.139,49.153,188.335,62.538,13.713,133.923,111.309,102.85,81.897,92.632
"2040-05",40.417,38.846,42.223,38.783,22.876,83.122,12.973,148.58,71.587,158.582,57.736,221.561,NA,40.761,99.215,74.403,52.199,73.161,NA,31.504,4.09,176.238,66.963,13.918,49.442,14.313,41.641,48.606,23.313,NA,NA,49.346,90.186,NA,NA,174.15,3.248,91.62,205.991,153.541,76.215,56.852,88.914,115.156,78.648,53.698,20.861,96.928,186.819,93.097,61.318,238.614,60.678,53.524,173.053,112.469,87.53,92.865,97.016
"2040-06",50.959,41.322,50.954,16.187,90.48,98.64,38.225,260.45,60.608,272.109,155.397,52.072,NA,43.167,35.918,69.968,29.865,24.963,NA,13.01,8.197,272.19,9.972,9.081,23.928,22.427,57.308,42.923,37.64,NA,NA,52.036,1.217,NA,NA,185.742,0.88,158.158,235.03,81.236,25.462,93.515,73.165,60.095,60.325,60.85,27.944,132.679,177.632,88.004,43.097,206.556,65.594,92.284,195.419,185.12,54.772,88.949,95.49
"2040-07",54.136,50.102,60.722,20.934,32.534,112.151,54.161,177.491,57.906,143.143,181.459,11.743,NA,42.207,55.459,49.204,38.85,14.845,NA,7.578,7.46,179.386,3.543,20.474,17.856,27.781,27.754,27.212,48.832,NA,NA,55.32,8.46,NA,NA,169.547,7.588,238.445,259.336,22.243,52.221,43.515,94.476,115.306,62.318,51.626,40.857,150.573,198.947,76.744,59.861,122.41,57.115,129.397,273.485,215.923,39.284,80.955,98.141
"2040-08",50.139,66.167,82.356,23.007,74.936,107.856,51.349,168.454,60.407,181.722,106.148,4.731,NA,34.197,60.009,59.111,40.102,60.782,NA,18.814,4.855,137.843,4.861,52.22,12.89,12.484,43.319,38.095,50.332,NA,NA,59.41,1.065,NA,NA,149.561,10.213,207.418,259.829,7.901,35.705,37.13,94.576,120.082,44.759,54.108,34.076,162.469,177.747,74.41,74.668,66.532,57.423,138.349,310.692,210.265,42.131,78.673,97.668
"2040-09",51.118,77.505,55.704,38.195,145.122,115.08,96.053,216.555,109.64,149.056,84.969,4.448,NA,35.382,66.502,55.223,90.914,6.898,NA,5.7,8.97,114.047,5.735,35.857,14.19,7.999,24.691,12.547,46.492,NA,NA,75.302,6.085,NA,NA,148.355,2.714,232.147,244.359,5.946,7.468,39.991,99.503,97.614,32.33,44.177,43.109,180.533,140.214,64.165,85.784,54.993,56.46,108.041,272.516,252.138,29.131,73.968,94.871
"2040-10",73.422,62.678,64.316,75.582,185.003,151.322,98.838,180.984,136.697,207.335,60.26,5.932,NA,23,116.273,51.173,121.873,60.651,NA,34.196,2.448,135.447,4.824,21.128,19.462,7.934,29.653,11.654,42.276,NA,NA,78.908,12.852,NA,NA,120.053,5.847,223.305,255.471,14.873,4.098,37.536,32.866,76.472,44.087,34.219,37.938,186.498,141.762,75.393,106.826,76.477,53.859,118.975,252.845,243.478,31.495,73.453,97.896
"2040-11",50.355,101.517,45.353,60.568,173.237,155.778,88.188,115.708,98.28,154.758,28.604,11.464,NA,19.117,158.239,55.929,135.174,63.364,NA,49.724,0.973,111.145,24.135,19.234,53.13,8.381,48.421,35.916,40.681,NA,NA,73.763,21.12,NA,NA,75.844,7.184,201.716,279.288,54.71,2.185,61.111,39.09,69.762,37.92,44.289,31.776,159.14,147.717,74.334,98.723,86.669,53.019,72.392,310.115,232.478,51.739,67.272,94.118
"2040-12",63.216,75.453,39.371,123.039,95.592,110.746,63.883,44.303,62.053,78.714,25.233,82.134,NA,18.494,146.83,53.934,80.739,199.911,NA,93.923,2.396,62.235,46.26,12.865,178.988,7.795,64.7,25.444,33.712,NA,NA,49.247,1.359,NA,NA,53.967,1.838,59.628,223.641,108.026,2.837,37.931,38.634,53.142,31.768,27.217,23.862,125.859,219.165,87.889,100.429,93.509,60.031,78.329,41.901,280.375,70.621,63.113,95.965
"2041-01",52.436,57.722,26.233,145.918,69.142,110.597,38.745,27.402,46.164,55.878,17.531,156.725,NA,14.286,119.294,67.891,108.76,178.52,NA,61.744,0.51,20.431,128.318,28.197,66.831,11.329,119.307,78.163,11.393,NA,NA,69.728,41.403,NA,NA,94.324,1.736,11.358,220.446,135.757,8.194,73.12,26.444,78.817,42.327,27.927,22.588,87.393,255.084,95.383,98.327,95.147,63.022,54.65,32.827,223.505,88.011,66.457,94.919
"2041-02",52.099,49.974,22.436,116.321,121.61,82.814,49.792,17.412,39.455,83.132,11.931,150.222,NA,15.363,109.293,50.802,89.153,86.723,NA,66.183,5.411,25.282,157.547,1.249,71.298,8.539,115.626,92.134,11.252,NA,NA,60.304,18.583,NA,NA,69.309,0.78,6.834,162.69,178.41,17.565,28.156,44.978,68.281,61.092,37.325,12.55,65.373,193.746,101.883,92.14,86.511,52.185,7.446,7.891,170.489,105.296,73.188,86.254
"2041-03",53.329,50.429,37.846,79.815,256.651,144.291,60.834,38.804,55.271,171.781,10.581,302.991,NA,26.779,93.485,80.807,60.689,77.665,NA,52.647,3.221,67.583,124.618,5.711,150.409,12.939,139.01,97.299,16.626,NA,NA,64.127,18.914,NA,NA,108.393,1.781,29.076,169.798,108.751,3.738,61.972,37.861,66.933,70.116,68.271,19.374,60.619,237.601,114.395,88.583,103.878,62.36,9.831,10.779,112.22,112.729,87.946,95.479
"2041-04",56.092,31.767,28.569,56.9,43.795,79.03,37.593,96.14,73.229,229.588,10.871,286.413,NA,22.851,116.263,63.959,89.14,10.907,NA,22.301,5.31,117.094,112.914,16.017,181.185,25.453,73.31,49.035,22.029,NA,NA,28.333,47.433,NA,NA,95.495,1.439,35.844,147.938,133.31,6.12,41.761,51.121,74.101,65.515,67.448,26.76,58.956,242.152,94.75,73.826,135.559,70.634,8.95,20.474,126.109,89.392,90.325,92.901
"2041-05",48.884,32.573,27.719,51.482,28.716,52.608,18.492,133.916,71.128,199.091,42.899,247.423,NA,36.515,92.163,65.133,50.554,31.352,NA,25.145,7.605,181.661,64,21.025,74.682,16.568,48.932,47.298,28.73,NA,NA,74.386,43.631,NA,NA,128.047,1.909,69.034,204.84,67.515,21.342,35.998,70.485,75.36,62.514,62.79,23.473,90.743,246.992,95.933,46.815,179.761,68.014,43.374,84.673,164.319,80.851,88.461,99.483
"2041-06",41.308,42.597,44.851,25.519,13.663,103.693,26.794,302.462,52.286,195.279,213.905,37.369,NA,50.939,73.859,70.188,29.94,43.48,NA,16.114,5.503,285.427,23.009,11.291,28.88,30.695,38.37,31.689,21.929,NA,NA,78.321,12.142,NA,NA,229.404,1,100.49,255.036,17.482,18.304,13.068,84.137,78.93,59.703,59.769,18.628,141.902,220.933,88.81,62.16,184.648,76.7,97.978,73.105,161.481,50.703,88.319,101.048
"2041-07",53.321,61.076,54.211,19.743,26.533,68.565,27.408,161.373,35.946,231.671,142.95,12.408,NA,55.33,57.117,80.714,48.902,10.828,NA,7.534,6.266,244.007,2.739,6.334,23.176,18.82,27.42,32.871,36.14,NA,NA,53.938,2.626,NA,NA,213.048,0.297,142.736,182.932,15.735,21.665,35.919,66.908,93.492,56.999,39.944,27.642,150.448,243.749,87.581,46.299,101.686,58.043,130.696,122.133,169.845,41.013,83.337,98.455
"2041-08",45.614,86.213,65.875,25.498,54.649,117.719,34.564,203.187,48.774,161.698,118.421,6.891,NA,41.63,99.524,59.231,50.125,25.559,NA,11.492,8.764,139.814,5.884,6.412,13.593,19.099,15.632,22.595,34.492,NA,NA,100.346,2.714,NA,NA,165.606,0.343,242.522,178.673,10.616,23.973,27.878,64.157,92.73,49.022,47.224,37.838,176.919,218.972,73.172,82.971,58.25,66.646,135.45,264.64,153.243,27.465,82.549,98.772
"2041-09",64.986,68.381,58.823,54.946,165.021,133.027,93.863,148.397,79.677,152.625,72.329,4.774,NA,26.448,76.275,50.35,72.935,8.801,NA,6.71,6.14,158.031,5.092,22.465,15.552,10.906,28.434,15.186,42.54,NA,NA,92.78,1.798,NA,NA,140.4,7.063,224.508,184.824,7.554,17.503,14.919,42.808,54.634,45.744,61.051,38.15,178.841,202.609,62.826,86.493,46.514,56.025,118.208,190.347,183.704,24.897,75.246,93.547
"2041-10",61.906,99.315,56.367,104.7,55.36,143.031,49.697,133.789,93.363,138.122,47.34,8.002,NA,27.888,122.56,45.097,91.189,91.471,NA,41.661,10.819,165.757,5.065,54.739,35.814,13.954,18.179,6.859,44.325,NA,NA,70.672,22.142,NA,NA,58.932,1.607,154.322,189.361,4.517,1.751,27.113,32.09,58.479,46.711,56.414,36.622,186.78,183.069,68.089,110.741,70.74,53.104,133.84,173.053,263.613,24.427,76.672,99.186
"2041-11",58.526,99.936,38.385,118.499,55.434,119.827,39.704,83.754,77.586,118.054,67.841,9.855,NA,23.655,177.758,57.039,85.421,106.395,NA,67.451,2.158,166.781,4.543,34.203,103.848,8.955,39.91,39.862,29.756,NA,NA,69.152,49.953,NA,NA,71.728,0.828,58.468,145.433,13.114,3.16,14.184,21.156,49.244,43.581,42.674,40.933,146.68,218.085,64.742,110,92.617,60.699,86.184,107.006,282.893,60.398,68.054,94.175
"2041-12",55.929,101.869,36.714,101.4,139.641,181.157,61.491,28.626,49.455,63.81,21.288,41.309,NA,23.171,127.874,59.197,104.499,90.685,NA,56.289,0.519,63.902,64.431,48.488,166.488,7.369,75.884,45.749,22.509,NA,NA,61.986,5.471,NA,NA,56.458,0.236,87.063,171.836,32.156,2.645,25.664,22.777,54.342,34.14,39.337,26.359,91.697,305.068,74.466,114.069,122.254,59.583,92.484,204.065,262.019,60.824,66.173,96.848
"2042-01",49.048,86.73,24.802,77.199,36.756,160.618,28.69,20.525,52.592,47.904,15.404,63.648,NA,11.209,185.968,60.279,103.945,191.083,NA,90.241,2.335,37.025,111.116,1.038,80.631,6.757,80.815,81.714,22.06,NA,NA,48.657,47.338,NA,NA,61.778,1.14,33.825,160.136,165.934,9.406,31.956,29.936,62.385,36.344,33.43,20.93,70.713,301.228,78.152,134.833,69.784,68.664,35.224,44.507,240.093,98.161,73.377,97.186
"2042-02",44.321,59.401,22.028,138.137,52.399,133.2,33.541,21.317,47.634,68.031,10.805,57.809,NA,12.591,120.389,51.569,110.332,101.409,NA,53.958,1.168,25.898,92.668,0.962,44.263,10.534,90.39,119.027,21.151,NA,NA,43.733,55.559,NA,NA,112.033,1.317,9.859,120.155,257.995,6.529,58.717,27.704,94.474,48.473,47.472,24.011,53.055,234.594,100.31,104.806,72.252,62.222,2.918,6.275,138.408,107.128,68.76,86.396
"2042-03",51.052,60.265,22.129,122.593,14.747,133.318,17.173,18.038,20.591,146.682,11.269,94.416,NA,20.38,124.898,74.979,88.56,94.793,NA,41.591,6.451,70.474,120.701,3.558,83.18,10.761,109.438,62.399,22.016,NA,NA,49.79,23.867,NA,NA,75.683,1.768,19.841,137.464,135.425,35.536,157.449,54.289,91.462,72.782,68.736,20.274,55.923,281.077,98.863,107.133,122.365,67.584,5.515,8.505,132.991,134.827,86.725,97.318
"2042-04",38.268,34.575,35.178,86.065,21.035,51.683,11.549,75.118,25.299,204.987,9.476,372.913,NA,23.335,117.026,71.188,42.413,128.753,NA,46.416,2.215,104.205,30.487,57.523,179.767,9.378,96.318,90.019,11.744,NA,NA,47.035,27.058,NA,NA,115.042,16.958,13.32,144.267,112.854,9.54,82.911,37.507,79.551,66.381,71.239,10.741,55.738,249.019,94.597,71.841,130.758,69.071,22.358,8.61,132.261,122.391,96.171,94.884
"2042-05",48.022,46.809,32.102,52.774,19.924,35.166,11.066,123.808,25.737,163.765,14.663,248.311,NA,22.623,105.015,45.367,33.282,27.995,NA,23.138,6.598,175.105,24.623,34.004,76.908,20.754,58.534,49.812,20.98,NA,NA,46.647,23.512,NA,NA,118.974,2.023,56.108,202.632,54.413,24.91,112.253,100.603,91.314,69.628,76.8,19.065,85.58,235.311,107.413,45.825,158.197,80.616,36.657,110.415,175.813,86.542,92.956,99.274
"2042-06",53.557,33.334,40.188,24.272,41.725,91.733,26.31,291.694,41.624,208.638,83.287,90.205,NA,44.291,99.564,56.989,40.26,5.722,NA,8.66,7.684,174.841,2.789,8.676,42.764,29.778,40.413,29.708,29.406,NA,NA,69.931,6.568,NA,NA,177.917,0.314,131.649,222.247,30.422,35.672,75.206,129.564,122.488,56.712,40.48,33.375,140.907,203.84,88.489,58.63,174.059,64.913,101.488,92.43,190.678,50.916,85.896,100.831
"2042-07",59.285,55.463,63.788,21.875,30.825,52.102,33.965,216.777,44.002,148.808,161.698,19.135,NA,34.285,65.584,71.002,36.011,11.919,NA,6.176,8.947,147.163,4.439,9.92,27.191,13.453,30.544,23.19,26.495,NA,NA,72.135,3.601,NA,NA,160.198,0.657,186.126,232.042,17.979,16.3,25.739,51.435,87.803,54.253,53.949,34.56,155.497,204.784,77.033,46.878,132.475,57.297,143.865,194.145,236.781,35.858,87.76,96.357
"2042-08",59.976,64.782,53.567,22.121,57.541,78.159,73.099,219.833,62.071,209.52,128.139,7.859,NA,37.438,49.454,62.92,66.542,43.541,NA,14.375,7.786,190.771,3.831,39.955,14.978,18.477,41.506,22.709,34.592,NA,NA,86.487,9.418,NA,NA,209.655,1.841,230.327,198.396,9.851,13.664,32.802,71.062,72.935,51.583,39.668,27.297,193.293,131.919,77.214,61.077,96.497,51.97,171.758,282.614,212.152,33.875,90.722,96.443
"2042-09",77.026,94.516,58.742,31.099,112.583,125.576,113.118,196.63,113.787,168.843,105.524,4.624,NA,36.063,67.281,59.399,83.15,25.072,NA,23.181,7.529,108.67,4.494,61.625,34.967,11.066,19.143,10.994,37.157,NA,NA,98.798,8.027,NA,NA,142.752,4.393,289.534,199.116,15.173,10.216,52.126,60.935,92.12,51.331,44.478,39.387,172.575,94.838,68.779,86.908,56.111,53.3,167.534,302.307,220.904,23.68,75.524,90.241
"2042-10",55.166,105.436,54.693,157.444,280.492,164.293,110.976,160.418,133.927,126.376,47.596,5.64,NA,16.168,92.292,45.046,91.048,69.106,NA,36.127,4.37,147.583,4.897,85.465,73.149,7.051,24.434,20.352,44.448,NA,NA,80.304,21.864,NA,NA,106.98,103.85,262.256,209.694,22.874,3.015,47.57,38.315,86.346,39.689,49.795,39.341,187.959,89.773,70.636,108.858,64.281,55.57,144.637,327.037,278.621,30.014,78.741,94.615
"2042-11",67.041,96.187,48.416,82.445,89.418,107.591,58.462,98.14,93.844,124.242,39.547,20.7,NA,12.059,139.119,42.806,102.254,160.324,NA,61.243,2.246,102.565,14.153,89.692,153.243,6.799,57.097,39.389,34.516,NA,NA,52.469,52.727,NA,NA,73.352,19.305,120.957,236.805,25.343,1.727,46.42,37.212,78.387,42.088,44.189,39.139,176.12,123.335,75.139,114.591,95.126,51.977,158.871,154.19,294.45,56.429,65.526,96.188
"2042-12",38.555,59.696,39.173,172.911,9.4,127.071,20.61,29.895,55.373,81.415,17.622,122.514,NA,9.612,171.195,46.626,93.079,224.873,NA,86.111,2.998,38.291,110.448,2.363,168.234,9.433,115.55,91.795,26.888,NA,NA,89.323,11.146,NA,NA,61.529,0.824,70.053,224.048,171.592,8.158,159.674,15.397,66.175,39.113,34.267,25.046,136.728,143.007,94.901,114.792,77.645,61.44,106.125,85.807,292.907,87.52,66.508,96.258
"2043-01",51.123,58.889,36.474,106.449,21.684,67.244,17.576,20.219,48.496,50.783,21.911,297.949,NA,9.764,122.512,56.005,79.45,185.695,NA,74.997,1.276,27.234,124.154,0.791,95.315,8.906,139.953,114.887,14.405,NA,NA,87.454,10.603,NA,NA,84.433,0.288,53.161,227.849,216.321,5.92,76.228,37.377,76.61,43.642,43.031,22.437,97.176,164.053,104.904,90.503,107.769,61.172,78.706,92.722,315.278,109.412,71.645,96.538
"2043-02",53.975,65.53,29.378,78.834,34.069,51.181,15.122,20.846,28.418,41.754,17.114,217.128,NA,8.355,102.875,33.833,77.822,78.367,NA,42.754,2.54,40.259,100.166,0.314,139.019,7.378,105.784,83.692,11.196,NA,NA,54.869,22.921,NA,NA,110.377,0.033,21.086,185.726,367.932,67.538,158.121,33.513,89.152,49.421,47.289,12.868,74.224,135.53,122.216,64.91,86.776,48.95,15.202,36.84,175.681,95.826,68.717,85.557
"2043-03",46.909,48.491,26.295,104.792,27.677,94.736,13.041,46.957,26.268,93.047,16.259,286.31,NA,22.138,95.864,59.592,125.04,50.048,NA,26.755,1.998,86.224,92.442,1.432,123.571,11.938,109.838,88.73,22.335,NA,NA,52.868,29.692,NA,NA,90.168,0.003,50.632,183.992,245.1,66.484,83.156,49.39,87.571,74.005,66.886,26.003,79.726,171.199,110.237,66.513,136.41,62.015,28.917,77.754,139.402,97.949,87.816,93.772
"2043-04",24.051,26.248,32.097,70.09,39.02,49.04,11.49,119.579,36.029,179.528,10.082,360.099,NA,31.039,103.638,84.767,62.615,65.381,NA,26.065,4.022,118.021,129.96,6.858,150.129,11.058,50.185,64.031,17.65,NA,NA,55.565,19.187,NA,NA,87.647,0.528,52.085,141.802,116.491,25.559,95.666,70.872,92.315,61.499,63.113,20.52,79.341,152.222,110.258,58.307,180.251,60.76,28.352,87.282,113.159,112.796,89.107,91.744
"2043-05",38.46,55.857,30.135,53.055,60.524,90.867,22.614,226.324,35.962,209.147,29.957,177.073,NA,30.331,75.625,63.095,33.742,103.558,NA,37.664,3.559,176.999,95.9,18.83,56.562,13.393,41.686,62.136,18.642,NA,NA,76.578,33.693,NA,NA,114.993,4.758,62.094,175.013,140.643,74.383,67.104,76.728,126.654,64.751,55.283,18.45,109.861,147.125,101.927,69.663,209.623,62.53,71.273,107.063,185.125,82.055,93.408,96.626
"2043-06",37.184,42.671,33.248,34.565,60.887,81.02,33.814,193.627,48.074,144.695,95.983,36.667,NA,43.752,47.278,74.507,47.763,18.059,NA,8.555,7.569,320.304,35.13,9.309,24.079,35.485,27.214,29.581,30.464,NA,NA,53.472,16.489,NA,NA,187.734,1.989,127.323,188.296,44.23,68.876,26.661,91.277,105.289,55.495,64.483,33.561,137.937,149.447,98.46,57.487,209.874,50.003,136.138,40.983,158.788,51.221,91.17,96.317
"2043-07",52.274,51.448,45.639,16.216,81.332,103.06,52.785,202.548,59.806,150.218,144.859,8.851,NA,40.435,47.848,64.099,45.857,14.911,NA,5.873,5.775,251.73,3.25,6.361,15.943,13.538,54.133,27.502,44.527,NA,NA,100.184,1.89,NA,NA,187.447,0.188,179.1,231.463,15.537,53.398,17.845,89.342,120.013,51.47,54.335,44.165,164.816,176.73,86.093,54.787,125.921,54.438,121.908,126.491,222.01,45.537,82.138,97.771
"2043-08",74.451,72.386,68.787,23.082,46.473,89.489,72.618,222.506,80.634,203.435,122.239,7.025,NA,39.205,31.205,64.702,43.592,17.558,NA,10.153,9.962,169.616,6.081,46.884,15.201,24.399,31.48,14.799,48.076,NA,NA,84.918,1.536,NA,NA,169.819,1.252,155.925,232.138,8.083,5.911,30.763,56.917,93.328,59.635,36.156,35.998,188.223,153.379,74.968,76.132,78.079,50.469,102.945,264.592,228.419,28.932,89.627,98.943
"2043-09",74.538,91.906,49.572,29.556,154.37,132.196,92.975,193.767,98.156,184.317,81.264,4.487,NA,25.856,73.669,61.446,86.215,26.461,NA,27.447,6.052,107.879,5.494,16.459,7.733,8.368,12.918,10.015,44.447,NA,NA,95.183,8.703,NA,NA,145.091,5.492,264.459,228.857,6.106,13.648,29.172,55.904,116.028,46.13,42.006,39.775,160.483,123.234,67.217,81.461,43.468,58.052,122.613,326.631,258.656,25.772,79.697,90.82
"2043-10",89.581,86.433,42.372,178.267,95.507,158.269,32.854,151.708,95.069,149.595,30.442,7.256,NA,16.049,75.695,43.597,78.114,50.725,NA,34.364,5.491,146.695,5.245,21.392,15.176,4.384,27.162,11.718,40.095,NA,NA,68.047,67.661,NA,NA,116.641,9.196,206.143,285.23,19.233,7.801,46.665,40.513,80.928,55.723,38.102,39.623,178.974,114.899,69.403,126.465,67.367,39.44,91.492,335.209,218.343,42.2,73.118,95.509
"2043-11",69.412,71.712,57.714,134.663,60.843,102.225,36.239,130.421,88.828,192.009,32.383,27.59,NA,11.478,130.896,39.454,77.263,70.847,NA,35.561,4.772,111.872,11.185,21.332,47.066,5.867,39.357,21.911,31.928,NA,NA,62.799,18.438,NA,NA,80.743,0.392,115.656,304.188,45.982,4.579,122.246,42.725,77.946,52.352,38.409,39.396,158.218,135.963,66.118,104.151,82.277,46.356,87.422,242.836,202.717,85.394,68.341,94.208
"2043-12",71.243,83.747,44.026,100.975,93.863,143.076,49.886,69.057,103.709,104.175,38.3,87.668,NA,16.85,131.21,60.759,125.264,84.525,NA,63.705,1.847,26.327,94.361,30.082,136.145,6.528,72.534,39.51,24.278,NA,NA,60.641,13.167,NA,NA,112.969,0.112,104.132,299.215,175.465,1.98,83.667,31.859,57.821,30.538,44.921,31.474,127.477,189.551,83.721,98.605,123.729,52.429,98.389,184.29,226.814,63.572,65.207,96.157
"2044-01",53.071,64.916,41.011,151.524,82.776,98.677,46.854,33.949,67.418,78.506,17.311,161.392,NA,11.413,90.823,47.159,105.581,140.2,NA,74.475,1.474,22.28,102.646,1.338,122.409,10.615,128.03,119.57,22.148,NA,NA,67.297,27.881,NA,NA,93.802,0.169,73.794,328.955,183.292,11.444,57.832,38.096,109.663,42.066,37.949,24.992,84.82,228.49,106.229,96.488,88.636,58.94,65.276,67.593,194.274,89.935,68.915,97.397
"2044-02",66.46,43.381,30.249,134.58,49.151,76.123,16.613,16.345,44.175,100.41,18.253,175.878,NA,11.598,108.484,52.169,94.813,40.863,NA,31.714,3.023,64.828,39.535,0.429,60.036,9.39,140.355,137.066,13.705,NA,NA,63.91,15.337,NA,NA,87.858,0.03,52.712,221.075,290.989,38.314,134.665,51.781,82.269,60.829,48.04,14.777,65.415,169.106,101.207,77.385,91.525,56.814,11.538,87.784,152.174,113.245,69.716,86.071
"2044-03",53.421,54.524,37.062,110.12,36.274,55.541,11.876,36.822,27.682,121.242,10.826,265.551,NA,24.567,99.308,74.292,70.892,116.536,NA,44.421,1.807,68.864,50.075,0.545,137.618,12.286,93.436,60.007,11.964,NA,NA,42.675,20.198,NA,NA,140.592,0,35.845,204.733,274.969,49.151,59.844,60.227,100.036,72.086,56.366,16.89,61.592,193.027,132.931,74.737,114.196,63.791,15.834,91.79,122.357,111.815,84.944,96.278
"2044-04",55.254,61.487,27.875,61.234,19.472,65.274,6.97,91.838,27.3,224.807,13.207,363.813,NA,32.224,76.214,60.47,50.288,81.738,NA,29.313,7.781,86.697,211.925,15.828,212.711,10.758,105.912,75.725,15.753,NA,NA,46.029,8.833,NA,NA,137.462,1.738,35.981,201.45,287.467,40.887,115.095,57.638,82.232,62.421,70.657,15.605,60.742,190.222,114.807,61.596,152.391,67.182,14.707,128.98,106.236,91.386,86.316,93.541
"2044-05",41.43,26.343,29.769,19.214,29.655,83.976,13.336,148.921,41.866,223.027,22.958,260.238,NA,41.559,60.5,68.795,50.848,26.634,NA,20.036,4.718,180.764,139.928,14.902,35.573,23.868,56.019,37.538,20.265,NA,NA,80.26,5.004,NA,NA,174.972,3.305,61.506,208.792,167.683,38.866,35.042,65.953,90.352,66.308,63.889,17.678,94.662,190.41,105.637,44.053,222.045,59.001,52.543,229.11,130.573,81.989,90.336,96.058
"2044-06",44.737,28.368,48.733,32.374,87.665,66.928,36.3,221.253,32.526,249.129,111.536,99.273,NA,47.333,84.647,57.435,39.342,21.377,NA,11.564,5.114,245.279,26.887,7.305,26.632,19.942,32.535,36.332,32.631,NA,NA,58.92,1.048,NA,NA,156.529,2.009,63.59,221.66,44.446,36.921,66.787,88.651,106.667,38.238,68.795,26.993,126.405,181.653,97.928,35.095,180.016,77.059,84.625,116.622,174.715,54.754,87.103,94.011
"2044-07",69.792,44.485,53.053,30.222,26.707,73.724,32.843,180.844,24.537,144.773,158.571,13.736,NA,40.458,69.347,95.193,30.627,15.566,NA,7.984,7.892,211.388,2.388,6.821,12.144,15.41,31.567,31.985,29.531,NA,NA,50.585,2.069,NA,NA,226.472,0.077,130.262,245.388,21.199,17.739,41.345,107.93,81.913,49.28,54.098,41.613,155.606,204.921,86.127,53.133,138.516,54.369,104.309,153.519,183.097,40.162,85.359,99.195
"2044-08",65.979,80.608,50.167,30.215,58.505,141.865,40.45,181.764,54.594,184.268,146.459,5.889,NA,35.615,59.635,68.743,57.253,31.726,NA,12.566,10.615,135.099,5.054,37.484,11.302,24.527,35.856,30.831,40.199,NA,NA,98.77,5.741,NA,NA,152.95,3.267,175.034,244.89,10.571,22.861,52.057,91.975,115.016,55.871,38.556,47.677,145.162,190.726,71.951,84.272,81.374,53.153,137.381,251.376,247.144,37.402,76.844,97.025
"2044-09",49.996,59.572,54.819,53.371,178.371,121.605,122.355,221.596,76.971,208.359,47.978,11.197,NA,30.325,115.855,54.357,73.501,18.164,NA,13.925,7.505,134.749,5.421,12.43,11.346,5.768,28.284,18.483,38.809,NA,NA,88.553,18.149,NA,NA,161.32,4.326,228.367,251.013,13.502,10.858,48.797,88.363,121.76,51.445,50.106,38.6,178.583,159.34,66.836,93.695,40.189,55.269,76.479,284.317,172.019,29.413,72.678,94.038
"2044-10",69.41,97.958,57.519,97.815,100.54,157.393,68.594,143.174,97.169,182.992,45.83,5.385,NA,18.826,129.201,60.185,120.148,91.732,NA,49.722,12.42,168.821,4.967,15.662,15.468,8.416,38.454,9.715,47.995,NA,NA,80.626,12.081,NA,NA,137.346,1.601,234.859,300.174,26.947,7.858,88.633,54.3,77.02,58.56,40.149,43.328,188.01,158.67,68.816,135.083,78.269,51.366,98.896,204.531,185.93,36.125,70.879,99.556
"2044-11",62.755,93.096,42.051,207.624,57.146,90.006,39.186,70.68,65.031,153.038,25.151,13.943,NA,16.886,182.054,58.644,116.616,145.688,NA,69.63,1.317,171.777,24.351,32.212,54.06,7.227,46.047,17.009,33.017,NA,NA,55.926,15.887,NA,NA,43.251,0.055,95.887,269.038,57.802,2.147,28.998,22.621,53.977,51.647,34.291,38.38,149.973,182.076,69.501,113.962,83.46,58.778,88.209,174.52,272.795,42.185,66.16,95.31
"2044-12",54.709,86.641,31.023,112.073,117.037,131.497,46.172,27.997,63.75,92.863,34.1,26.643,NA,20.125,151.13,59.042,107.052,236.066,NA,115.045,0.998,63.433,70.106,6.463,124.877,5.847,83.797,80.707,28.789,NA,NA,73.953,67.417,NA,NA,53.794,0.602,56.896,243.544,100.876,2.181,40.068,36.833,67.435,40.248,34.604,27.583,107.507,254.357,81.075,109.957,105.789,58.514,58.569,78.943,235.71,60.361,64.604,96.756
"2045-01",62.823,89.257,32.369,87.154,85.343,130.52,46.705,14.861,50.613,45.335,18.393,101.393,NA,18.184,135.951,73.366,68.16,95.74,NA,95.771,3.63,43.782,78.161,1.038,92.369,5.023,116.747,110.15,18.111,NA,NA,59.2,39.915,NA,NA,88.187,0.443,36.667,193.699,286.529,5.173,33.532,57.838,68.888,39.186,46.601,20.752,76.048,293.25,84.455,111.071,91.802,66.317,54.042,50.453,223.286,75.065,71.377,96.448
"2045-02",54.473,74.176,29.856,75.543,41.615,185.164,10.844,14.031,16.8,107.44,15.517,200.53,NA,10.179,66.746,65.601,99.838,88.041,NA,62.21,1.495,65.684,27.522,0.633,63.533,6.951,151.153,134.548,19.041,NA,NA,53.128,21.415,NA,NA,89.372,0.58,12.981,188.8,159.86,2.407,90.846,28.414,93.521,41.464,52.238,20.885,52.093,231.761,101.317,82.219,100.537,55.587,5.51,39.024,167.581,104.419,67.628,85.71
"2045-03",50.014,55.857,29.353,76.469,33.215,125.333,21.003,28.18,33.15,91.037,13.104,223.414,NA,13.879,103.297,73.808,78.214,80.985,NA,39.775,2.069,99.904,14.863,2.56,91.267,11.069,149.75,168.526,15.293,NA,NA,59.258,62.564,NA,NA,121.516,4.185,17.875,195.124,218.793,18.308,61.282,45.811,88.075,61.675,60.749,17.403,57.293,254.891,110.333,77.208,100.479,68.588,8.752,25.119,111.645,117,87.062,95.472
"2045-04",43.483,40.787,26.253,66.057,6.369,61.948,5.156,97.317,24.865,205.33,14.573,312.826,NA,23.534,88.953,54.057,60.925,72.764,NA,24.554,3.615,125.989,66.63,23.27,111.445,15.382,100.927,78.524,11.575,NA,NA,49.682,45.909,NA,NA,133.509,1.87,18.536,181.703,159.13,7.967,43.515,47.328,76.554,69.415,62.052,15.608,53.981,234.98,107.517,52.424,131.781,59.947,13.142,58.785,144.264,103.191,87.649,91.173
"2045-05",34.673,30.636,33.333,35.925,18.056,67.982,8.586,140.457,23.594,140.543,22.454,288.293,NA,35.538,72.75,57.542,31.911,52.223,NA,28.735,4.283,237.538,18.873,24.702,85.112,15.122,41.353,62.239,21.915,NA,NA,39.442,41.262,NA,NA,158.572,3.069,55.415,206.252,61.292,46.392,68.053,70.367,114.875,74.408,58.052,20.873,89.993,216.564,108.544,50.925,163.009,70.287,57.782,102.554,186.727,87.9,90.833,98.306
"2045-06",36.991,23.519,39.942,24.545,11.046,73.177,18.739,258.105,27.293,202.751,129.303,144.725,NA,45.057,60.734,66.855,35.806,18.137,NA,11.531,5.116,244.99,5.762,4.235,25.89,13.889,32.241,32.336,29.891,NA,NA,55.714,6.824,NA,NA,228.621,3.845,108.59,245.611,37.911,43.578,35.784,83.248,75.561,47.531,51.945,24.866,142.758,173.745,90.944,62.242,195.23,67.201,124.447,143.777,178.709,49.174,87.888,98.184
"2045-07",48.358,40.581,55.642,19.284,21.736,106.665,40.017,198.897,49.693,148.203,179.915,13.661,NA,44.078,44.853,68.252,41.585,13.405,NA,7.246,6.203,172.737,3.545,9.076,20.731,19.812,30.301,19.741,43.482,NA,NA,57.404,8.483,NA,NA,189.449,2.869,186.413,228.977,15.78,10.563,30.281,80.855,68.662,57.892,39.785,31.611,161.007,171.1,89.535,61.759,154.341,60.35,91.288,234.485,180.212,48.609,84.697,97.175
"2045-08",46.704,73.497,64.385,18.974,39.571,89.215,48.148,185.693,56.006,158.835,131.722,8.174,NA,48.507,38.126,67.769,75.216,34.36,NA,10.786,5.104,157.401,4.604,49.88,18.98,26.291,23.384,12.229,45.758,NA,NA,87.039,9.656,NA,NA,197.396,0.302,237.82,217.701,4.349,17.131,12.213,59.324,76.655,49.925,50.471,45.236,169.909,161.008,73.51,66.939,81.95,63.89,155.809,320.002,235.308,30.633,83.656,96.442
"2045-09",54.686,96.288,46.214,41.072,191.548,130.183,86.036,190.874,104.053,156.627,93.436,4.516,NA,27.143,69.343,55.203,66.708,35.155,NA,13.067,6.209,145.9,5.924,44.871,12.144,17.794,21.801,12.668,42.178,NA,NA,72.379,2.671,NA,NA,152.514,4.596,288.103,210.563,12.255,5.69,12.292,45.159,46.166,41.185,43.073,45.56,169.498,129.185,74.116,84.108,51.259,52.671,137.861,339.918,231.121,25.847,82.001,92.628
"2045-10",88.614,65.176,80.573,176.305,176.213,139.118,75.063,158.117,117.571,146.925,47.055,5.497,NA,19.698,79.994,47.367,98.876,9.33,NA,24.964,6.911,138.08,7.608,33.703,109.663,6.464,45.153,17.184,44.361,NA,NA,79.422,9.758,NA,NA,153.851,1.877,111.241,238.737,18.18,3.742,23.147,41.528,63.043,49.663,52.71,37.762,191.933,131.735,71.125,108.493,59.546,51.45,38.861,209.781,244.733,34.986,73.896,97.056
"2045-11",45.272,70.772,47.403,147.898,70.456,113.008,53.717,143.081,92.571,194.16,31.15,9.374,NA,13.539,155.521,43.468,95.777,141.057,NA,63.825,0.77,135.788,23.734,12.85,115.065,5.343,40.204,56.26,31.087,NA,NA,58.207,49.229,NA,NA,78.121,0.593,104.01,256.946,17.655,2.937,29.087,23.921,97.074,49.447,55.531,29.115,156.669,154.346,68.065,98.447,81.52,55.294,99.884,141.676,238.179,70.289,64.01,92.287
"2045-12",52.916,77.552,37.963,173.712,95.823,115.835,39.729,54.675,82.152,104.789,27.761,90.826,NA,15.213,159.917,50.622,90.592,163.398,NA,83.568,1.033,14.956,52.611,4.85,250.401,5.016,134.822,89.795,26.215,NA,NA,67.178,20.536,NA,NA,89.223,2.496,74.179,221.381,111.888,2.011,57.128,32.166,79.51,42.287,35.393,23.549,115.56,225.273,80.89,103.422,100.356,60.372,97.216,114.346,302.136,70.802,68.521,97.222
"2046-01",42.509,50.606,33.076,125.872,66.255,117.41,32.181,22.653,58.879,69.371,17.619,106.747,NA,9.361,139.067,56.531,106.232,145.3,NA,80.549,1.24,45.936,48.6,0.489,41.827,5.332,179.071,245.659,18.212,NA,NA,70.155,16.589,NA,NA,57.408,0.42,31.966,237.927,200.835,18.222,113.144,30.334,82.167,43.715,36.305,21.149,83.082,225.346,98.577,107.832,82.363,61.42,37.981,47.023,244.092,120.741,71.273,96.478
"2046-02",40.939,63.266,30.344,104.569,51.379,109.049,24.553,16.522,34.17,76.072,13.753,122.18,NA,19.322,126.996,65.884,113.206,63.962,NA,52.302,0.703,44.88,51.471,0.747,76.064,8.074,95.874,68.137,15,NA,NA,54.767,25.335,NA,NA,77.971,0.014,23.8,202.316,311.707,9.812,92.435,47.673,87.24,53.761,46.118,18.51,61.918,189.109,102.833,87.11,96.726,52.06,17.941,44.191,192.828,84.221,67.676,86.531
"2046-03",40.518,53.165,44.301,91.524,59.07,57.037,30.2,40.245,35.397,117.748,10.333,180.072,NA,12.327,104.048,51.822,90.22,99.799,NA,44.868,0.852,66.422,86.925,1.037,143.733,9.657,106.127,74.798,13.25,NA,NA,51.373,14.761,NA,NA,110.109,0.583,25.284,166.611,200.898,54.941,84.012,41.843,98.8,69.314,56.721,17.435,62.479,211.459,115.771,72.005,115.236,68.867,4.854,48.36,114.433,116.724,87.984,94.206
"2046-04",42.697,41.652,25.574,50.681,18.16,78.454,8.675,84.766,20.802,204.131,10.621,338.323,NA,38.053,80.294,78.957,55.351,53.491,NA,25.905,4.586,103.59,167.776,3.004,165.525,17.635,87.932,86.353,15.908,NA,NA,64.183,41.794,NA,NA,88.493,0.069,32.028,149.399,148.48,8.681,49.989,53.808,78.655,70.174,55.012,16.921,58.74,184.385,117.595,65.413,175.058,72.343,6.772,71.083,105.769,102.951,85.068,90.658
"2046-05",48.044,46.224,33.492,24.831,27.669,56,18.696,161.636,46.642,168.132,32.304,331.069,NA,40.268,47.325,78.507,45.314,33.506,NA,22.39,3.174,164.367,82.662,17.056,144.86,14.373,90.37,95.318,19.333,NA,NA,47.806,130.02,NA,NA,161.889,1.059,65.443,200.269,82.813,45.275,81.718,67.455,152.216,74.485,62.798,25.085,104.15,185.261,105.458,60.129,201.074,54.333,36.808,146.447,172.023,87.803,87.057,99.011
"2046-06",68.899,33.667,38.276,16.004,91.756,107.437,52.539,252.632,65.78,147.956,154.013,47.446,NA,38.491,71.469,78.503,31.196,15.844,NA,13.387,6.862,227.446,29.713,5.762,37.834,11.279,34.624,50.447,37.337,NA,NA,60.99,36.641,NA,NA,168.094,1.175,183.489,233.254,24.318,38.441,24.88,112.819,101.972,53.388,52.391,29.41,144.319,182.022,88.846,46.193,217.594,53.385,88.759,152.084,176.632,62.767,84.357,96.312
"2046-07",68.313,45.379,49.832,18.892,73.066,99.52,44.115,188.998,52.449,161.333,202.124,12.084,NA,36.029,82.009,49.422,32.304,9.205,NA,6.878,11.947,160.454,3.449,34.867,18.449,20.848,39.658,33.022,48.091,NA,NA,62.977,0.616,NA,NA,171.294,1.727,251.489,250.99,23.333,26.469,30.117,75.621,87.146,48.817,53.231,43.527,155.698,200.564,79.137,65.773,116.98,57.98,144.808,231.891,194.3,42.291,84.794,98.053
"2046-08",73.371,69.84,45.251,17.426,94.278,75.678,40.257,121.687,48.945,114.505,71.675,4.237,NA,31.591,46.94,67.841,60.085,17.586,NA,11.385,7.576,131.438,4.274,69.199,15.457,35.68,32.751,15.711,50.047,NA,NA,67.736,10.412,NA,NA,197.763,0.498,260.017,237.419,6.511,11.294,29.876,69.507,95.189,56.286,45.48,46.562,156.05,162.042,79.988,66.955,59.511,60.001,140.519,309.832,276.308,27.117,84.959,99.779
"2046-09",71.013,77.681,52.043,45.844,65.872,115.338,107.424,254.739,95.827,158.567,84.684,5.261,NA,21.546,75.825,36.569,82.683,56.532,NA,22.048,6.751,96.915,5.473,15.193,12.75,11.433,32.774,19.214,51.645,NA,NA,89.213,5.393,NA,NA,200.334,6.558,305.875,268.053,7.319,6.119,18.984,62.614,65.724,41.679,52.888,46.323,184.406,142.505,65.5,90.838,45.625,53.349,104.418,270.358,198.214,28.318,80.722,93.792
"2046-10",80.147,98.07,47.966,86.75,139.048,145.209,95.517,167.404,122.674,149.343,58.914,6.581,NA,15.472,105.32,41.315,113.946,25.912,NA,16.304,4.074,181.033,4.807,46.227,74.132,7.663,30.113,20.347,48.298,NA,NA,85.061,39.233,NA,NA,110.635,1.177,206.852,247.753,13.087,8.05,20.806,41.848,56.16,37.606,45.341,41.229,180.313,127.942,65.439,116.735,101.449,52.974,97.384,214.365,221.857,38.302,76.448,94.806
"2046-11",55.604,93.854,49.423,134.394,49.341,107.836,52.106,136.272,88.901,175.809,21.956,8.643,NA,10.414,105.304,33.702,107.614,138.419,NA,66.478,1.1,155.241,46.538,44.44,122.731,5.53,41.424,32.814,33.537,NA,NA,75.076,25.302,NA,NA,71.427,11.059,136.673,224.297,29.478,9.034,50.843,26.765,82.294,42.664,52.47,29.565,166.547,154.373,65.586,103.917,97.738,47.837,130.879,132.408,260.688,65.812,67.205,94.022
"2046-12",48.986,45.056,40.735,160.552,119.494,111.993,61.29,46.994,94.83,88.822,18.829,83.166,NA,10.508,146.58,54.662,108.878,122.905,NA,62.353,0.184,21.575,59.237,1.177,206.753,4.872,99.353,65.057,27.476,NA,NA,76.478,12.83,NA,NA,85.62,1.384,92.635,251.976,53.979,2.121,54.751,31.15,77.319,30.556,49.187,31.159,126.977,196.791,78.02,97.883,101.824,60.808,50.99,143.477,282.542,88.005,69.483,96.781
"2047-01",71.709,73.572,29.459,130.57,61.293,91.446,60.895,44.919,63.87,109.621,20.275,122.71,NA,15.694,95.962,63.246,95.552,65.999,NA,82.003,2.36,16.872,115.178,1.514,93.128,6.864,122.313,99.015,20.124,NA,NA,76.108,9.995,NA,NA,97.617,0.246,14.957,205.318,191.938,17.767,79.905,26.479,96.087,46.072,33.347,24.349,95.256,215.289,102.204,91.226,93.691,56.454,29.509,23.919,212.863,100.899,71.843,93.654
"2047-02",43.571,72.495,27.282,50.541,112.002,84.412,34.369,21.945,28.154,69.628,14.293,144.226,NA,11.832,118.053,44.332,90.734,101.777,NA,39.103,2.284,52.283,43.948,0.578,57.79,7.157,109.347,87.764,16.33,NA,NA,54.097,12.205,NA,NA,72.561,0.143,18.521,216.014,137.817,5.861,84.779,25.452,107.558,54.514,33.674,16.992,62.256,231.809,91.015,79.027,88.756,53.428,12.31,73.146,177.898,113.172,69.467,86.444
"2047-03",45.121,31.837,27.461,92.432,24.079,88.879,15.07,36.524,29.577,122.222,16.87,166.732,NA,22.128,68.626,62.948,103.438,63.078,NA,42.82,3.439,85.349,42.38,0.834,117.37,9.517,92.121,48.147,20.799,NA,NA,82.271,27.255,NA,NA,86.757,1.815,17.547,157.687,279.265,94.804,101.804,79.453,102.894,84.634,71.977,28.291,67.11,172.071,137.011,77.82,118.657,64.785,6.121,13.857,131.442,115.187,83.334,93.958
"2047-04",54.066,28.001,24.721,81.917,26.448,77.233,9.346,85.501,21.644,141.193,12.61,342.865,NA,30.237,111.314,49.284,46.611,81.4,NA,38.499,4.696,68.969,88.399,8.282,139.107,18.996,104.816,111.949,15.958,NA,NA,57.152,27.713,NA,NA,82.976,2.714,30.701,199.166,144.875,27.672,54.383,45.565,74.275,78.973,65.428,19.5,63.92,229.673,99.468,57.098,177.103,63.823,11.733,43.064,111.4,107.573,90.837,93.368
"2047-05",31.061,50.76,27.941,47.928,6.101,78.092,5.53,207.902,54.002,210.761,29.479,174.388,NA,38.145,90.452,74.346,35.411,53.434,NA,23.515,6.953,132.477,67.658,27.46,65.414,15.698,46.884,62.054,17.444,NA,NA,43.386,29.165,NA,NA,172.752,3.003,24.362,221.638,69.734,35.285,32.027,68.779,68.113,53.125,66.871,16.882,93.53,199.115,101.178,57.328,188.414,79.522,34.557,156.556,192.201,69.462,93.342,99.058
"2047-06",32.233,36.459,39.699,13.706,30.75,76.627,22.33,207.514,38.643,151.28,78.723,72.461,NA,43.844,88.369,58.91,43.6,28.941,NA,14.456,8.65,227.955,32.174,8.125,23.63,33.323,39.969,55.399,28.168,NA,NA,51.403,14.896,NA,NA,252.078,3.108,112.126,218.539,22.576,43.341,57.752,87.203,96.328,54.038,54.292,24.712,136.917,189.453,91.706,42.634,189.579,73.48,113.536,59.33,158.015,58.808,84.958,96.819
"2047-07",44.752,54.669,52.579,16.728,28.679,65.431,30.81,168.513,29.8,125.484,140.6,19.556,NA,39.802,50.078,70.219,41.317,10.045,NA,5.967,7.836,213.667,3.441,7.009,21.713,16.607,33.575,27.708,26.153,NA,NA,113.23,8.608,NA,NA,187.569,0.637,165.353,207.868,19.979,56.537,40.926,84.339,113.099,55.025,42.103,30.251,179.952,210.972,84.579,51.067,137.784,55.761,128.402,112.248,167.316,41.673,86.526,99.203
"2047-08",35.895,62.186,58.523,23.565,23.84,106.457,28.364,201.016,44.813,199.2,143.021,6.417,NA,40.227,67.301,87.262,44.077,63.339,NA,19.568,9.494,138.124,4.25,18.475,13.998,12.099,38.689,36.929,53.842,NA,NA,68.887,1.327,NA,NA,201.738,2.613,184.24,208.786,8.615,36.278,42.647,72.054,113.773,62.481,33.312,47.388,191.473,183.811,75.027,68.647,95.557,57.672,126.672,267.561,173.54,35.955,82.759,98.561
"2047-09",85.597,88.076,65.495,39.236,116.382,108.697,93.973,204.833,103.646,143.644,81.494,10.258,NA,31.112,95.845,55.686,61.82,41.862,NA,20.328,3.728,171.913,4.331,24.636,14.422,19.747,23.464,17.609,37.571,NA,NA,87.655,1.506,NA,NA,215.021,4.167,220.796,220.174,8.199,5.105,34.651,60.205,63.976,48.792,47.026,33.774,176.166,163.714,72.649,87.931,49.387,62.73,102.391,247.804,154.642,27.517,79.856,93.434
"2047-10",52.593,79.11,62.715,79.629,200.413,154.655,171.593,173.46,112.837,160.341,63.862,13.129,NA,24.401,145.319,62.573,109.879,127.73,NA,46.384,2.936,150.032,4.848,22.164,42.968,9.168,25.047,16.151,34.17,NA,NA,107.282,2.216,NA,NA,79.814,0.593,225.517,240.191,8.497,2.923,11.59,31.262,50.049,42.481,49.478,33.602,196.737,148.143,69.617,110.333,78.62,54.43,85.258,241.643,210.511,28.1,77.334,96.718
"2047-11",79.889,91.785,57.716,125.04,64.807,125.995,78.162,115.084,76.052,124.643,55.648,9.399,NA,13.459,130.24,40.544,86.513,93.618,NA,59.711,6.271,157.793,28.682,32.267,132.97,8.493,50.837,31.514,36.114,NA,NA,62.063,35.8,NA,NA,62.96,0.393,135.635,222.053,17.924,5.188,29.276,37.918,91.543,44.726,49.435,29.496,167.271,167.645,68.418,100.636,103.831,49.193,117.937,191.135,273.5,42.912,65.242,94.304
"2047-12",52.741,76.277,36.061,221.181,78.345,140.51,32.375,24.917,60.67,78.346,28.101,88.945,NA,12.486,100.863,49.719,97.211,166.39,NA,69.868,1.582,23.882,68.529,2.733,123.975,7.394,97.031,98.498,23.765,NA,NA,64.208,41.373,NA,NA,80.358,0.756,27.153,185.429,96.147,3.12,32.082,26.614,56.093,40.108,35.32,27.199,106.723,259.358,89.352,102.472,112.236,58.989,46.415,37.833,290.421,71.605,64.292,95.869
"2048-01",53.58,64.192,39.148,168.1,37.268,150.136,26.143,23.416,53.057,106.183,17.673,133.735,NA,10.189,112.122,54.845,77.481,158.997,NA,89.891,2.408,35.404,61.872,0.627,25.56,7.702,132.295,228.09,20.226,NA,NA,66.052,24.555,NA,NA,75.739,0.568,27.214,178.988,250.428,3.243,168.84,26.364,50.025,50.238,42.615,21.557,84.801,260.128,91.726,115.078,89.126,58.58,37.2,10.251,224.118,117.949,72.449,96.123
"2048-02",49.838,56.32,28.143,149.39,35.304,121.713,33.634,30.683,45.61,128.834,11.425,68.576,NA,9.279,141.952,55.91,80,63.112,NA,48.425,2.666,40.89,27.844,0.877,30.703,9.178,96.16,86.925,13.913,NA,NA,39.571,60.019,NA,NA,75.453,0.147,5.666,155.038,239.452,7.952,146.595,49.27,77.191,55.406,38.892,16.626,67.136,207.206,104.644,102.805,79.356,62.65,4.282,9.084,115.219,109.261,72.301,86.463
"2048-03",49.85,59.703,28.903,98.444,44.568,169.633,14.75,29.962,22.639,189.724,14.071,256.135,NA,33.299,113.32,69.68,68.816,196.095,NA,64.756,3.596,60.707,60.639,3.745,79.755,8.851,173.647,87.054,10.039,NA,NA,72.582,14.12,NA,NA,107.83,0.076,25.795,152.506,159.752,16.163,52.454,44.57,70.236,80.079,64.735,15.248,60.866,258.173,102.879,102.217,116.413,69.867,9.727,42.057,124.283,121.531,87.86,97.418
"2048-04",41.355,50.663,37.939,41.037,30.778,94.144,17.037,81.737,29.043,200.808,13.786,350.224,NA,18.45,99.781,51.166,31.431,57.328,NA,30.379,4.773,125.27,122.946,19.573,187.919,24.991,99.972,150.945,19.674,NA,NA,65.991,13.656,NA,NA,134.443,1.088,17.514,202.656,96.85,6.431,49.573,61.537,87.672,69.076,63.085,16.148,49.442,257.905,95.002,66.449,162.477,75.941,4.79,60.496,138.891,99.64,92.3,94.657
"2048-05",46.159,43.819,22.496,43.959,32.079,82.678,14.893,126.675,26.726,204.856,23.018,228.319,NA,50.588,109.127,72.555,34.323,45.377,NA,15.205,6.363,140.155,155.699,40.646,87.771,24.897,49.557,71.316,20.716,NA,NA,68.589,17.169,NA,NA,125.851,2.479,22.117,230.759,125.916,21.638,41.597,47.883,73.34,56.943,66.102,16.061,84.324,225.082,99.38,64.634,148.96,79.489,39.615,136.928,224.93,58.928,93.401,99.114
"2048-06",63.257,32.144,42.957,19.378,54.265,79.631,26.807,271.871,33.291,250.711,122.539,69.503,NA,50.461,106.599,61.82,47.244,13.219,NA,13.215,6.069,183.935,26.161,12.231,45.013,36.238,36.145,31.182,27.597,NA,NA,106.179,3.134,NA,NA,249.238,1.46,56.177,219.714,23.392,14.762,35.193,88.982,79.271,55.162,57.772,30.898,141.359,227.572,84.189,60.358,174.81,70.213,100.132,18.924,178.844,39.196,94.018,100.107
"2048-07",51.897,54.77,52.811,21.065,14.682,82.284,22.274,216.978,26.712,169.142,202.204,11.29,NA,32.621,83.417,51.843,31.434,18.655,NA,9.136,6.7,212.8,2.088,7.164,18.563,12.645,38.738,28.472,42.986,NA,NA,85.4,6.864,NA,NA,229.014,0.121,114.552,229.969,13.937,27.528,10.166,79.596,80.117,49.669,58.724,38.696,158.952,231.436,75.153,56.868,126.131,62.665,129.733,150.022,179.383,41.975,91.911,100.563
"2048-08",66.357,64.301,67.688,34.996,19.196,71.629,25.906,145.32,40.302,166.165,121.309,8.036,NA,35.738,43.36,42.544,41.918,19.024,NA,6.534,7.018,161.372,3.61,29.619,15.039,16.056,26.937,21.934,40.296,NA,NA,53.876,0.654,NA,NA,165.748,0.876,258.294,214.302,10.86,8.063,10.038,66.068,81.46,38.496,61.778,44.141,162.064,222.94,71.409,65.638,81.584,49.98,192.126,300.22,222.937,28.312,88.689,98.698
"2048-09",77.282,64.006,65.518,49.174,148.995,140.043,71.046,201.701,93.317,234.3,78.938,4.81,NA,27.403,76.578,55.702,82.487,36.932,NA,18.012,17.328,156.276,5.62,13.961,19.529,5.5,25.79,14.411,37.632,NA,NA,90.115,12.366,NA,NA,161.729,3.456,229.554,195.669,6.147,4.684,23.469,41.063,62.127,41.456,43.195,40.419,173.795,173.706,66.341,101.031,66.982,46.839,127.408,285.226,185.571,27.146,78.556,93.382
"2048-10",65.244,58.804,54.857,119.326,191.087,106.758,148.705,229.185,116.106,137.656,24.229,7.099,NA,12.62,124.09,46.745,116.255,41.985,NA,42.593,7.946,183.42,7.132,51.651,84.605,11.832,42.732,13.785,47.845,NA,NA,74.519,42.412,NA,NA,132.098,0.826,107.146,242.2,26.358,4.886,39.152,26.395,45.609,38.248,63.135,41.797,188.156,151.581,64.607,112.455,84.919,54.489,45.346,158.217,184.692,38.002,80.189,95.01
"2048-11",74.049,79.385,52.794,116.536,99.471,103.966,48.557,86,92.701,166.876,44.28,15.407,NA,14.16,131.273,42.069,91.054,84.753,NA,79.417,7.892,172.549,21.586,31.529,115.104,5.339,106.709,70.138,39.168,NA,NA,94.38,70.674,NA,NA,59.317,0.464,113.691,192.835,38.273,2.127,40.271,23.766,79.613,36.38,44.707,32.112,148.906,188.146,64.262,122.023,101.126,50.417,55.063,154.029,188.014,82.29,66.723,94.365
"2048-12",70.706,94.228,39.617,107.975,141.35,172.516,49.008,38.349,63.73,83.912,54.667,103.463,NA,12.764,139.173,52.759,120.442,119.167,NA,58.325,4.161,28.063,65.206,12.327,213.666,6.535,131.708,136.319,29.079,NA,NA,62.023,43.984,NA,NA,91.177,1.412,52.319,246.166,97.504,4.577,62.507,21.007,63.988,36.77,38.966,26.348,107.209,273.715,73.487,108.022,103.044,59.163,64.142,81.23,275.401,76.52,68.074,98.236
"2049-01",58.437,75.017,34.326,234.582,67.962,124.034,22.935,20.187,57.212,56.688,21.3,105.299,NA,16.699,151.552,65.719,112.574,139.169,NA,68.567,3.044,32.543,181.415,1.295,153.649,13.846,165.179,103.207,19.598,NA,NA,79.72,14.91,NA,NA,61.987,0.876,25.466,182.562,224.916,4.119,115.969,30.095,89.01,47.925,40.401,14.827,79.087,266.311,92.247,96.055,90.233,68.797,34.465,27.977,295.428,82.257,73.325,96.761
"2049-02",53.386,69.615,29.954,196.162,83.543,174.626,36.056,26.382,50.741,99.177,12.504,144.034,NA,18.644,129.568,55.779,83.829,96.883,NA,56.48,9.061,22.957,67.71,0.935,84.606,8.518,128.883,184.968,18.724,NA,NA,56.429,20.149,NA,NA,78.166,2.261,9.211,159.789,258.107,8.59,88.498,21.977,54.923,57.017,50.331,17.709,64.859,173.345,117.181,111.873,97.899,52.56,5.731,9.756,152.02,110.97,72.236,88.935
"2049-03",55.782,54.6,20.365,150.546,43.593,152.496,12.541,31.867,26.98,148.003,19.588,283.079,NA,13.812,111.401,51.404,84.199,55.528,NA,27.8,4.366,60.507,44.496,0.329,97.604,13.417,172.533,151.234,12.805,NA,NA,55.458,41.385,NA,NA,106.32,0.088,15.475,173.477,150.518,34.25,51.661,73.977,98.236,68.612,62.78,16.556,62.913,218.941,111.259,80.46,105.169,67.131,5.477,10.442,158.605,123.286,89.713,95.999
"2049-04",26.437,49.166,45.511,53.244,13.393,78.208,7.905,76.047,16.841,207.199,11.218,264.263,NA,33.051,106.962,37.318,67.765,153.712,NA,47.039,3.789,119.636,106.866,9.484,198.052,9.533,94.963,86.248,18.989,NA,NA,57.5,41.321,NA,NA,79.221,1.281,51.9,179.672,199.559,35.681,53.104,47.85,79.609,72.309,79.767,14.917,60.073,203.706,105.546,63.96,138.082,75.836,17.963,59.002,131.685,109.294,85.261,93.568
"2049-05",43.612,34.376,38.391,33.695,34.918,77.768,15.32,139.252,53.44,192.459,14.529,254.046,NA,49.623,77.4,89.559,42.983,25.958,NA,17.471,3.889,175.79,163.091,55.767,215.034,26.585,62.722,37.671,20.766,NA,NA,57.064,21.18,NA,NA,120.101,3.728,79.151,194.657,134.107,22.519,57.447,71.326,100.84,61.658,50.282,18.186,86.471,192.989,96.775,45.363,182.97,66.725,66.583,119.528,222.592,77.705,96.771,98.203
"2049-06",56.04,28.36,61.022,15.186,35.576,85.71,24.403,249.16,45.98,185.857,66.734,77.49,NA,40.346,47.212,58.268,40.624,8.802,NA,6.775,7.986,213.256,12.256,11.837,20.621,29.798,30.687,39.792,19.175,NA,NA,69.383,3.1,NA,NA,218.18,1.113,125.973,226.729,57.568,21.713,83.683,76.304,99.592,66.576,63.283,27.347,140.395,159.055,94.302,44.793,217.145,64.66,112.996,81.018,162.925,63.393,91.009,97.444
"2049-07",54.326,59.106,38.231,20.101,46.666,68.782,36.154,198.413,45.391,216.326,163.649,10.229,NA,35.774,53.709,72.671,60.822,7.433,NA,7.078,7.438,200.111,3.003,8.924,17.46,25.137,39.44,18.75,44.506,NA,NA,80.857,3.639,NA,NA,152.01,0.493,140.261,223.169,17.299,23.998,23.202,90.418,119.828,60.22,34.161,32.966,164.813,183.312,78.73,48.904,136.814,57.569,113.568,147.006,168.008,52.116,86.014,96.669
"2049-08",69.305,63.606,65.62,30.111,26.999,123.116,64.186,226.794,87.411,166.23,153.706,11.079,NA,39.211,30.571,75.011,51.066,10.669,NA,9.032,6.213,192.448,3.993,21.911,9.801,19.863,36.135,8.981,39.089,NA,NA,129.812,2.931,NA,NA,215.897,0.675,171.97,225.639,9.074,15.309,46.162,64.772,112.046,74.915,40.874,41.74,186.097,131.424,73.306,88.492,98.849,41.167,121.913,219.69,194.904,43.982,80.09,97.202
"2049-09",91.076,88.944,56.007,28.485,73.937,114.134,69.008,167.151,75.469,148.484,48.208,4.781,NA,27.554,46.907,49.199,86.897,23.16,NA,24.811,5.792,110.27,5.959,41.263,10.305,15.065,22.205,6.872,50.618,NA,NA,103.184,18.761,NA,NA,102.192,0.762,329.581,207.038,6.54,5.471,29.555,66.948,80.533,42.191,46.751,48.857,175.789,103.782,64.326,99.635,56.223,50.358,139.415,386.124,297.937,19.791,78.59,92.854
"2049-10",91.551,82.367,55.155,84.307,152.909,135.219,67.811,194.13,153.432,130.707,53.957,4.354,NA,12.999,88.364,39.564,80.306,24.721,NA,43.14,3.311,135.22,5.692,27.985,28.518,5.343,28.769,16.307,52.919,NA,NA,89.199,34.035,NA,NA,121.85,23.27,230.991,252.038,23.933,2.906,75.761,47.606,87.588,44.112,41.277,35.155,197.915,90.931,71.114,110.389,65.344,46.03,116.192,295.244,229.695,31.649,79.536,95.362
"2049-11",75.168,68.472,45.602,131.278,91.198,126.896,37.443,93.399,90.011,119.043,22.649,9.227,NA,13.053,116.591,46.274,93.324,94.506,NA,60.184,1.735,120.927,11.688,22.943,96.859,6.804,37.163,21.299,36.346,NA,NA,98.62,30.692,NA,NA,103.005,0.209,109.052,243.099,51.939,1.841,46.885,30.804,88.496,44.594,49.914,36.039,165.551,108.38,71.337,121.963,75.18,47.636,132.125,177.133,222.884,70.424,67.436,94.261
"2049-12",73.243,94.188,39.742,127.134,34.494,73.535,34.649,42.494,62.856,86.904,22.497,61.305,NA,14.722,159.378,48.768,90.802,107.002,NA,65.634,2.164,25.734,53.78,4.166,236.973,5.526,65.201,40.657,32.423,NA,NA,63.855,62.9,NA,NA,78.884,0.77,122.652,285.134,126.584,2.022,51.906,29.847,79.055,37.874,41.042,25.686,140.546,189.021,82.126,103.145,94.088,63.404,90.698,213.004,242.835,84.488,70.497,100.313
"2050-01",53.311,72.725,49.986,101.682,23.79,94.21,26.371,21.085,61.816,54.239,14.227,101.56,NA,9.412,131.551,51.459,93.19,151.797,NA,63.209,2.306,30.333,136.406,1.649,36.945,7.445,119.061,110.228,19.679,NA,NA,81.937,11.107,NA,NA,85.329,0.588,53.363,302.243,387.112,9.086,186.695,57.685,93.872,47.221,30.237,20.547,94.349,196.864,110.173,95.621,79.942,59.156,49.46,95.563,219.448,68.382,71.201,96.173
"2050-02",54.047,74.141,27.824,122.442,94.357,102.093,48.366,29.614,62.482,90.687,15.817,119.985,NA,16.707,90.715,49.316,81.778,147.265,NA,81.845,1.971,51.767,50.934,0.881,36.746,9.46,152.077,155.718,17.408,NA,NA,49.613,8.048,NA,NA,84.772,0.375,25.381,166.342,263.869,19.511,133.841,40.895,67.895,47.535,49.265,15.878,73.88,155.739,116.614,79.113,74.759,54.062,10.909,37.126,140.788,88.756,66.901,83.594
"2050-03",35.428,51.502,35.411,87.901,60.919,160.15,19.821,53.547,42.216,224.219,15.31,242.727,NA,23.731,188.462,82.214,72.654,102.684,NA,37.504,4.8,64.382,83.631,0.911,73.01,13.941,83.813,169.21,14.999,NA,NA,67.524,18.476,NA,NA,63.874,0.062,28.383,156.09,294.159,150.762,109.496,61.265,75.023,68.141,67.17,20.197,69.445,197.626,111.261,91.512,117.969,72.322,13.26,42.826,115.186,128.939,86.103,96.537
"2050-04",43.953,41.441,34.594,58.406,23.436,73.963,12.733,68.474,28.611,221.574,12.426,456.258,NA,29.551,119.541,73.12,70.549,12.252,NA,17.244,3.564,79.207,69.602,42.84,188.136,9.694,73.054,75.384,16.428,NA,NA,65.485,10.607,NA,NA,97.27,1.704,35.921,161.062,161.638,12.405,38.146,65.304,69.08,78.193,48.706,17.586,60.535,218.091,98.891,61.246,171.515,61.97,20.088,54.979,125.145,101.157,92.434,93.257
"2050-05",60.994,47.697,27.822,24.159,18.467,76.576,19.612,179.378,75.159,245.07,48.047,190.376,NA,35.423,115.032,78.454,51.914,23.679,NA,25.288,5.626,168.155,59.997,26.722,77.249,13.477,57.488,54.417,22.838,NA,NA,53.584,49.787,NA,NA,123.05,3.169,97.124,215.032,94.217,36.616,61.597,91.284,95.607,74.371,71.306,23.294,98.628,207.869,95.687,48.611,192.944,69.75,80.825,145.752,212.311,64.612,91.006,99.05
"2050-06",47.503,44.913,40.317,22.085,113.164,82.392,69.607,300.652,64.025,154.541,164.381,55.44,NA,48.384,51.929,84.012,47.547,4.531,NA,9.753,7.46,259.99,11.04,4.852,18.091,19.682,33.188,43.351,30.631,NA,NA,76.766,3.791,NA,NA,184.963,1.56,105.991,225.051,36.229,57.261,27.708,78.656,119.034,62.348,39.615,25.919,158.469,205.913,84.998,35.721,177.863,46.912,133.113,64.783,140.844,44.453,93.961,96.456
"2050-07",56.425,54.949,57.213,19.966,62.59,83.367,49.882,178.381,50.271,145.627,140.861,9.952,NA,46.872,71.514,60.937,34.5,7.957,NA,6.951,6.155,192.512,4.804,14.63,14.341,17.274,61.61,47.322,42.912,NA,NA,87.328,3.785,NA,NA,187.342,0.689,132.772,184.592,10.69,52.525,24.198,111.44,115.124,61.169,34.029,40.663,165.329,222.858,77.901,47.297,116.96,67.701,166.335,158.224,172.261,57.746,82.681,100.381
"2050-08",72.22,69.903,50.972,24.658,68.099,154.627,69.801,241.296,55.763,245.49,83.363,5.619,NA,38.812,42.245,69.984,50.22,8.768,NA,6.225,7.514,131.334,4.71,17.18,13.145,19.596,25.341,16.509,37.865,NA,NA,145.638,1.487,NA,NA,184.29,2.245,215.482,216.005,7.837,18.381,22.514,59.298,84.503,61.043,33.638,50.697,179.354,193.854,68.18,84.94,66.94,59.371,135.908,257.988,182.046,30.801,82.842,98.527
"2050-09",76.546,85.279,79.428,45.469,209.09,106.302,95.474,162.438,83.126,175.128,43.049,5.96,NA,30.649,62.46,40.454,77.477,84.157,NA,35.263,6.664,154.706,6.313,46.865,10.404,16.989,31.902,11.575,46.92,NA,NA,84.685,2.977,NA,NA,209.457,2.528,267.035,216.993,5.185,19.182,22.032,66.517,82.281,49.681,43.737,41.609,152.993,173.826,60.171,75.979,56.299,55.724,140.991,320.074,212.417,30.036,82.232,94.268
"2050-10",67.396,67.921,59.78,91.044,92.776,126.663,77.294,172.698,113.861,182.173,93.896,13.486,NA,16.873,166.741,57.552,94.883,112.789,NA,42.814,3.114,138.564,4.943,41.47,69.507,6.545,34.283,15.641,45.878,NA,NA,111.139,22.581,NA,NA,129.817,6.348,181.798,209.335,5.886,3.965,16.089,39.164,59.482,49.906,50.78,34.498,185.652,161.802,66.834,122.663,64.574,51.476,135.839,209.022,248.315,32.522,72.337,97.993
"2050-11",65.845,84.343,47.157,142.221,71.874,103.972,47.507,85.559,89.097,129.022,32.999,15.05,NA,18.684,186.75,45.918,98.18,127.969,NA,67.282,2.023,153.394,7.282,30.625,111.126,6.325,63.375,57.282,35.667,NA,NA,66.652,20.206,NA,NA,70.253,0.561,150.751,234.626,7.727,2.508,21.239,20.795,61.706,32.628,41.481,31.158,159.178,168.139,64.76,112.595,91.285,57.195,103.637,225.471,276.321,45.827,66.759,95.378
"2050-12",72.055,93.903,36.077,115.783,98.076,133.197,55.858,43.911,64.952,92.736,42.521,63.644,NA,16.07,149.34,52.819,140.011,79.751,NA,68.513,1.286,82.095,99.066,43.582,237.811,6.242,121.746,131.438,35.187,NA,NA,74.447,12.704,NA,NA,64.931,1.945,126.539,200.719,49.434,2.324,13.662,20.769,57.171,39.119,35.798,44.941,113.57,236.375,73.984,101.62,118.609,57.766,164.714,225.553,323.504,68.737,68.126,98.213
"2051-01",51.743,80.326,35.945,90.494,91.051,117.275,49.494,23.354,50.731,44.956,21.845,56.583,NA,17.176,132.257,48.449,111.841,135.767,NA,54.534,0.763,14.995,141.194,1.976,115.373,8.52,131.65,82.632,21.72,NA,NA,71.277,7.869,NA,NA,86.41,2.423,105.279,264.543,106.976,6.578,40.524,21.053,88.007,37.038,40.411,26.587,77.43,285.531,87.964,93.666,75.075,60.496,114.949,129.619,254.176,89.987,70.409,97.588
"2051-02",35.001,44.37,29.57,64.507,18.318,127.725,13.543,11.487,21.216,74.523,12.972,81.952,NA,13.19,75.246,50.17,92.089,152.203,NA,60.234,1.063,59.877,125.808,0.451,99.067,13.605,188.466,205.482,11.344,NA,NA,63.894,43.708,NA,NA,73.243,0.009,14.475,206.034,189.468,12.162,23.854,27.132,44.071,37.946,55.667,15.126,66.1,187.708,103.308,92.173,88.756,64.287,13.446,46.132,152.973,109.747,70.292,86.452
"2051-03",63.301,52.643,23.763,86.474,18.212,88.406,10.793,28.56,29.498,116.601,12.094,373.019,NA,27.314,72.691,73.719,98.657,13.895,NA,21.254,3.563,69.794,82.775,0.857,82.386,15.039,104.608,123.552,21.517,NA,NA,55.569,54.695,NA,NA,127.801,1.534,9.322,204.965,252.419,10.547,64.819,77.05,58.023,66.462,66.415,33.69,67.642,216.873,113.142,70.55,131.809,66.833,3.532,31.243,140.324,136.831,86.885,99.372
"2051-04",61.639,46.389,27.405,67.054,32.205,76.495,18.401,99.798,42.623,230.964,12.072,325.922,NA,25.541,94.675,66.483,68.52,41.804,NA,25.633,3.939,100.225,103.46,26.002,119.317,8.503,61.818,43.5,16.153,NA,NA,54.708,38.241,NA,NA,116.456,1.74,42.739,176.348,156.269,23.759,65.538,67.442,101.29,67.233,57.547,25.024,70.705,209.218,104.146,54.174,142.14,65.715,14.842,155.925,139.468,114.886,95.06,97.122
"2051-05",50.492,52.574,31.464,21.024,21.885,39.662,12.745,217.002,33.924,168.792,39.856,170.192,NA,45.803,122.457,69.961,37.745,7.567,NA,15.151,7.901,204.18,43.622,11.791,44.864,23.726,43.007,59.852,16.719,NA,NA,45.806,32.805,NA,NA,155.834,2.928,70.828,235.731,114.278,23.63,60.684,75.27,91.743,61.988,59.441,22.872,119.324,170.443,110.366,41.508,172.595,78.163,59.963,213.491,146.322,75.142,90.826,98.288
"2051-06",56.493,45.274,47.584,26.215,34.97,65.629,16.902,241.868,23.095,203.243,155.531,80.246,NA,66.861,78.226,78.587,47.973,8.609,NA,7.929,6.439,182.173,15.036,4.076,33.14,15.076,60.776,46.018,30.018,NA,NA,79.493,0.785,NA,NA,135.592,2.034,286.053,200.453,41.203,72.396,45.186,99.369,97.832,58.417,58.742,34.969,139.951,170.046,95.545,59.947,174.325,64.417,123.794,281.373,171.631,70.549,85.249,97.657
"2051-07",53.777,42.939,46.746,24.826,60.191,74.278,41.706,158.798,23.93,159.262,107.391,12.9,NA,37.928,67.646,59.029,24.768,12.279,NA,7.04,9.645,196.979,3.258,12.782,15.333,19.406,33.034,31.738,40.469,NA,NA,81.093,0.993,NA,NA,203.303,0.32,167.768,228.274,28.182,15.298,36.017,98.418,118.004,52.284,45.466,41.315,174.05,206.577,74.663,49.825,120.034,65.852,89.696,186.3,146.658,50.069,84.058,97.684
"2051-08",73.14,73.681,72.965,20.201,49.053,76.169,42.422,140.132,50.172,130.736,166.437,6.557,NA,36.52,32.347,68.049,38.867,13.392,NA,7.611,8.639,143.168,6.644,40.364,12.813,21.674,33.369,25.684,40.023,NA,NA,82.022,1.987,NA,NA,167.363,29.423,301.243,229.523,19.737,33.779,46.754,68.6,125.069,46.892,50.735,42.519,150.176,172.693,72.461,69.115,89.741,48.994,155.032,283.776,204.314,43.074,87.096,95.673
"2051-09",56.032,84.743,47.758,32.873,68.21,116.561,76.319,178.368,84.918,157.793,74.035,7.291,NA,30.081,32.443,62.505,72.628,55.27,NA,27.902,7.042,117.325,6.132,25.436,7.762,9.867,29.891,13.224,45.577,NA,NA,150.153,1.093,NA,NA,166.689,6.117,222.159,282.426,12.33,6.276,92.806,69.439,106.41,50.334,51.069,42.306,179.206,133.437,61.661,91.687,60.581,40.175,107.325,262.598,186.738,37.783,72.483,91.884
"2051-10",71.28,98.811,62.226,54.289,58.871,126.25,70.497,170.439,87.923,192.174,31.985,8.161,NA,24.751,110.812,46.593,85.431,116.484,NA,36.465,5.451,125.907,4.558,39.014,15.522,9.637,17.246,10.64,46.796,NA,NA,97.734,18.648,NA,NA,113.401,12.481,216.533,311.669,39.029,3.316,93.546,45.099,95.301,50.629,48.976,36.786,193.67,126.275,74.762,126.302,68.593,52.207,133.425,255.694,197.479,35.794,80.051,98.526
"2051-11",58.78,95.336,48.853,123.228,137.936,145.195,73.268,67.723,92.161,124.578,30.699,18.774,NA,12.304,164.971,44.501,99.172,128.382,NA,49.975,3.536,125.475,5.622,54.957,87.855,6.849,55.229,55.724,38.13,NA,NA,52.376,21.639,NA,NA,49.184,18.289,160.897,292.17,74.713,2.189,87.902,33.674,105.159,52.265,44.211,33.62,162.222,150.921,73.332,127.861,76.087,58.598,138.509,174.807,235.77,55.608,63.199,96.478
"2051-12",44.989,97.884,35.493,183.302,102.251,122.733,39.769,45.112,67.761,116.636,18.305,50.355,NA,10.306,158.151,38.862,99.067,192.914,NA,82.751,2.122,41.797,19.114,3.352,149.51,6.499,151.163,98.867,34.925,NA,NA,62.479,34.201,NA,NA,116.499,1.732,29.429,249.76,170.893,6.614,69.537,36.651,66.381,52.448,40.911,27.984,116.437,215.76,91.117,102.559,98.951,55.585,43.358,21.811,231.197,77.37,62.333,95.452
"2052-01",50.319,80.312,47.091,177.808,74.673,85.979,45.3,36.994,49.888,78.16,15.018,104.6,NA,12.87,145.73,64.354,88.607,144.28,NA,62.016,0.542,28.801,53.145,1.174,76.837,6.334,150.698,207.518,22.552,NA,NA,50.638,30.796,NA,NA,77.552,0.992,6.42,237.913,351.722,8.957,60.638,46.607,75.217,46.369,39.684,22.367,89.81,249.175,108.123,97.162,72.746,66.996,8.969,21.173,230.122,84.557,69.657,98.765
"2052-02",39.782,53.914,27.277,140.014,69.573,75.995,26.235,19.914,34.754,91.184,10.995,92.638,NA,13.102,124.189,61.422,79.885,88.243,NA,53.505,0.899,42.456,41.63,0.79,103.693,8.258,109.056,114.962,18.85,NA,NA,48.106,75.147,NA,NA,91.94,0.788,13.377,186.02,234.363,21.371,67.772,54.427,68.998,56.216,35.806,19.339,67.333,191.766,113.889,93.394,76.076,56.518,7.789,36.578,156.796,99.215,74.745,88.455
"2052-03",54.139,58.213,29.891,147.5,15.997,109.756,5.872,28.813,22.826,163.363,12.039,238.406,NA,23.424,124.059,64.185,65.513,137.163,NA,70.229,2.57,86.914,25.112,1.478,83.874,12.997,89.171,120.787,22.308,NA,NA,41,43.496,NA,NA,123.97,3.906,9.199,162.801,136.092,29.78,62.245,36.847,91.145,73.77,62.662,19.649,60.926,212.825,117.846,88.153,103.77,65.127,4.319,25.064,121.649,113.541,86.061,93.986
"2052-04",54.779,38.648,23.681,60.99,20.457,66.452,6.492,101.516,17.178,217.536,11.413,265.198,NA,31.152,89.995,71.046,49.52,56.579,NA,25.365,4.071,148.791,125.218,8.65,149.517,13.803,67.05,100.925,20.973,NA,NA,56.986,22.039,NA,NA,87.742,1.637,33.483,185.361,124.318,41.836,32.469,68.693,82.714,78.225,65.203,17.449,58.448,242.082,102.95,68.444,161.103,63.198,6.702,74.102,144.021,100.969,89.754,94.99
"2052-05",48.976,30.39,32.955,43.567,37.397,86.782,16.584,169.833,52.771,215.03,37.72,136.533,NA,38.409,104.926,47.944,50.691,40.624,NA,31.106,6.454,155.53,52.967,11.596,31.103,9.709,28.203,26.898,28.846,NA,NA,36.304,4.893,NA,NA,145.036,4.952,77.235,243.716,93.904,16.677,118.71,45.553,94.518,64.891,66.067,22.239,88.044,210.102,104.673,56.418,162.731,68.467,50.473,110.358,161.888,71.752,89.054,96.473
"2052-06",36.638,56.913,38.835,18.032,21.561,74.064,24.533,218.009,30.621,236.004,73.191,28.339,NA,26.786,39.083,66.366,55.913,10.89,NA,8.596,8.484,235.831,7.423,7.009,29.419,23.816,45.489,60.634,25.001,NA,NA,89.23,5.151,NA,NA,199.848,0.372,141.728,273.7,40.607,11.414,48.2,64.947,71.707,63.477,54.559,26.2,135.418,208.394,90.635,48.65,143.306,65.602,118.571,67.565,161.269,41.105,88.397,95.379
"2052-07",67.465,43.649,52.942,22.421,17.648,103.842,16.939,167.691,50.248,216.851,82.799,8.919,NA,44.767,106.398,49.102,37.798,11.643,NA,7.245,6.325,271.562,2.798,14.651,19.753,9.271,25.48,27.187,32.55,NA,NA,53.259,3.112,NA,NA,168.282,0.056,208.775,220.181,17.972,20.34,24.462,81.816,68.762,57.896,67.24,42.485,148.421,217.543,80.598,72.131,109.063,67,122.702,196.644,187.292,38.889,90.186,100.537
"2052-08",64.016,53.82,71.24,26.476,146.733,113.686,100.901,191.519,102.067,181.174,80.906,4.832,NA,45.578,58.416,64.32,46.456,10.478,NA,8.864,7.991,152.732,5.512,11.423,12.543,10.901,22.483,12.267,50.271,NA,NA,52.199,3.992,NA,NA,213.012,0.727,187.551,212.629,7.495,14.093,44.035,52.833,79.064,48.624,51.635,60.682,161.572,207.601,75.876,71.202,63.253,60.003,127.61,254.357,203.73,28.297,79.544,96.911
"2052-09",78.76,84.724,58.55,45.796,77.749,116.225,68.124,199.742,78.478,139.115,61.135,5.645,NA,26.632,55.041,54.829,69.515,20.955,NA,15.97,7.285,133.59,7.6,32.787,17.153,11.572,37.402,9.642,42.665,NA,NA,95.134,8.631,NA,NA,171.788,4.697,257.891,215.4,7.708,6.821,14.051,38.917,56.112,51.08,46.973,38.33,181.625,158.78,59.841,101.707,56.015,50.483,136.524,293.238,188.048,30.296,84.615,94.187
"2052-10",94.825,98.801,59.787,104.478,118.368,140.358,62.242,135.722,121.135,151.002,21.061,4.857,NA,18.577,62.748,51.267,86.431,95.213,NA,57.32,5.421,193.169,4.221,68.238,59.454,9.719,38.149,16.577,35.434,NA,NA,100.115,19.6,NA,NA,83.896,10.324,220.678,219.522,14.611,2.613,19.683,42.826,61.054,41.604,48.107,44.378,190.556,144.82,63.096,122.173,76.192,45.714,149.365,244.752,232.16,41.185,80.181,98.366
"2052-11",58.354,76.755,46.732,155.263,124.322,129.164,46.777,92.613,104.258,117.048,24.755,9.446,NA,11.73,99.007,35.569,101.308,111.533,NA,61.59,2.586,109.965,26.583,56.676,129.152,4.953,69.794,122.974,38.016,NA,NA,68,22.134,NA,NA,87.803,0.309,68.579,226.142,29.938,1.914,33.623,27.959,72.551,42.904,33.706,33.831,156.542,182.579,67.172,114.257,69.897,41.366,98.068,128.67,230.937,67.27,71.929,93.978
"2052-12",58.753,82.347,40.4,155.514,121.65,131.103,33.498,70.25,93.85,134.262,30.598,45.902,NA,15.696,116.074,36.438,107.534,111.346,NA,64.005,10.775,44.894,57.617,37.855,210.621,5.184,126.458,84.939,35.669,NA,NA,61.199,18.688,NA,NA,76.408,1.391,47.76,179.974,117.835,4.337,53.904,15.761,70.609,44.921,43.707,29.414,118.996,229.62,76.129,117.844,94.491,56.443,92.315,68.201,285.975,72.773,65.147,96.864
"2053-01",45.918,78.143,36.9,154.384,29.587,133.672,12.626,20.22,75.234,94.552,16.874,105.168,NA,15.367,134.869,58.774,93.429,124.612,NA,61.678,3.467,25.199,47.528,1.679,84.807,6.173,151.77,106.863,27.147,NA,NA,63.007,60.685,NA,NA,80.734,1.727,8.19,187.504,199.27,2.114,79.18,31.791,88.382,44.851,38.31,19.45,76.54,270.968,100.997,124.616,94.537,64.552,15.356,13.064,242.274,67.81,70.346,95.656
"2053-02",54.912,64.491,20.496,106.504,86.31,146.799,24.706,12.134,33.881,87.603,9.656,84.015,NA,11.413,104.262,53.567,77.983,66.517,NA,61.906,0.553,57.567,42.2,0.657,33.991,6.035,152.135,123.324,11.406,NA,NA,52.544,8.439,NA,NA,109.446,0.007,29.425,192.587,259.167,35.587,56.443,60.95,99.933,52.838,47.536,23.505,60.26,211.029,95.251,104.214,78.604,57.511,8.671,20.174,148.864,88.142,72.736,87.353
"2053-03",53.301,55.485,33.321,94.352,15.751,123.788,9.858,47.222,29.004,204.233,11.969,269.436,NA,12.069,114.183,43.633,67.876,131.827,NA,48.284,2.981,73.548,50.116,1.415,97.727,11.163,133.142,128.885,18.31,NA,NA,67.101,8.319,NA,NA,92.292,0.194,16.776,199.951,152.148,4.095,97.488,41.695,90.798,75.852,62.217,21.303,56.951,244.69,117.726,90.111,118.501,61.026,7.246,34.566,159.102,118.971,90.255,97.053
"2053-04",29.229,58.899,31.397,35.869,13.556,72.313,7.389,106.097,20.856,184.856,16.771,285.42,NA,22.472,70.854,62.208,52.876,83.196,NA,31.354,2.554,135.775,149.536,25.574,108.648,9.619,64.444,49.891,16.663,NA,NA,47.535,13.018,NA,NA,129.804,0.062,38.977,172.801,215.224,14.44,43.606,51.983,67.633,77.758,64.632,17.466,59.539,245.481,104.154,60.319,191.87,55.796,7.684,72.974,122.657,107.576,93.346,94.361
"2053-05",54.914,53.879,32.16,54.93,8.576,94.046,6.642,172.898,24.471,215.631,28.013,141.491,NA,45.355,109.953,61.305,51.868,24.196,NA,18.286,7.173,189.293,103.298,11.553,98.509,13.706,60.94,74.539,17.429,NA,NA,71.024,17.202,NA,NA,130.03,5.642,81.921,244.741,115.874,23.882,49.578,40.974,95.912,78.809,71.036,24.276,92.769,226.925,100.716,64.729,187.405,74.459,55.397,123.854,184.547,88.387,90.048,99.646
"2053-06",50.867,52.005,42.016,11.072,63.371,74.429,35.624,274.966,38.927,156.319,126.805,47.635,NA,53.424,57.839,78.018,56.218,4.459,NA,6.04,4.847,298.36,5.488,4.871,30.895,41.486,34.881,25.033,37.304,NA,NA,73.981,2.058,NA,NA,264.54,3.536,113.214,250.235,35.844,28.051,47.648,74.855,82.087,61.769,59.93,35.834,138.353,195.834,83.336,49.156,189.348,62.293,131.087,97.672,150.229,59.095,87.93,97.649
"2053-07",51.157,55.9,58.998,18.407,43.528,125.591,24.059,173.241,59.629,154.147,183.739,8.484,NA,54.137,37.326,84.07,73.011,13.651,NA,7.168,10.912,146.908,2.522,39.161,20.033,24.626,30.611,14.158,48.112,NA,NA,102.876,13.664,NA,NA,170.2,0.371,182.806,250.305,22.895,26.908,55.097,63.903,122.754,54.339,43.655,38.704,157.543,200.363,79.491,55.855,129.627,55.308,135.011,188.392,186.804,40.373,93.733,100.111
"2053-08",73.94,57.198,73.132,24.467,19.764,94.529,40.867,170.043,70.64,160.209,134.404,7.038,NA,38.654,49.95,61.62,61.04,25.005,NA,12.697,9.049,169.811,4.203,34.577,17.403,13.71,27.588,17.182,44.516,NA,NA,107.363,3.296,NA,NA,180.357,0.747,217.17,238.314,8.026,6.302,44.554,57.308,98.692,62.6,55.867,28.498,158.18,166.042,70.461,71.05,70.619,57.36,144.289,318.593,266.138,29.962,85.462,96.156
"2053-09",74.765,95.408,62.476,29.898,97.849,132.194,79.486,205.604,94.697,151.418,53.415,5.266,NA,26.416,53.092,49.95,89.377,22.044,NA,15.177,6.356,132.307,5.222,57.192,18.65,12.726,15.921,8.992,34.313,NA,NA,115.914,3.327,NA,NA,224.123,10.637,250.031,224.912,6.957,4.697,11.496,39.786,55.027,33.311,68.685,39.234,175.658,127.443,66.885,88.912,51.871,46.654,175.693,284.512,240.472,20.469,81.159,94.028
"2053-10",68.464,95.434,57.558,46.554,53.208,192.255,71.096,179.294,137.119,142.374,68.463,8.952,NA,15.508,107.997,54.675,96.09,89.911,NA,52.677,5.661,109.867,5.75,103.855,33.915,7.687,50.964,36.729,47.218,NA,NA,74.147,31.907,NA,NA,169.561,89.851,275.062,242.108,13.323,2.466,11.002,41.643,34.087,36.681,49.665,43.109,189.804,112.918,70.699,125.043,57.382,56.054,187.859,280.528,240.242,31.739,81.206,98.304
"2053-11",69.068,82.453,50.273,125.319,27.074,115.909,59.262,99.184,127.469,197.999,60.95,13.459,NA,18.633,118.833,50.93,80.464,189.292,NA,73.981,3.31,138.312,40.171,28.648,129.125,5.927,40.712,39.665,31.423,NA,NA,78.826,47.565,NA,NA,74.703,6.695,155.763,249.918,30.372,3.212,24.084,39.77,63.773,44.805,37.619,28.29,150.369,127.71,75.7,117.369,84.142,45.786,104.147,226.312,247.85,53.347,65.979,93.127
"2053-12",57.224,80.936,33.906,152.231,67.807,90.26,51.125,50.213,80.01,113.952,34.918,68.658,NA,14.394,172.206,66.332,92.369,194.087,NA,84.461,1.632,48.143,68.558,14.502,221.609,6.517,123.736,80.928,33.378,NA,NA,54.385,53.118,NA,NA,125.076,1.462,54.617,249.734,100.216,5.677,70.86,32.137,73.196,42.087,42.365,24.173,118.18,172.546,80.708,99.722,96.613,53.357,101.427,107.794,325.498,92.239,64.253,97.17
"2054-01",63.678,74.059,42.867,78.812,53.626,90.946,20.704,24.391,49.843,88.805,28.338,179.503,NA,10.563,124.842,59.503,117.668,88.829,NA,46.054,0.261,3.572,180.096,1.127,125.168,12.749,133.959,129.309,19.124,NA,NA,69.358,19.227,NA,NA,118.126,0.168,33.032,312.557,173.886,14.301,73.712,40.222,79.195,39.22,45.052,18.127,70.804,241.214,92.691,74.836,113.951,53.827,40.375,124.425,262.46,107.368,69.112,97.553
"2054-02",46.49,56.922,29.817,120.29,67.866,55.804,22.525,30.344,51.313,73.294,13.512,73.773,NA,10.884,113.867,57.787,101.471,73.304,NA,51.176,0.421,55.696,101.698,0.492,64.641,10.754,107.6,91.88,12.23,NA,NA,50.269,4.07,NA,NA,93.678,0.158,55.514,242.437,317.403,179.721,78.4,65.45,85.831,49.137,48.08,15.811,61.793,174,104.691,60.371,79.273,58.86,25.842,176.692,119.928,104.94,71.058,87.183
"2054-03",45.246,42.886,33.773,105.873,46.346,126.581,22.94,43.323,34.708,160.478,11.37,321.442,NA,34.473,63.548,85.679,93.647,165.679,NA,58.318,1.519,61.418,103.634,1.404,214.28,17.187,95.554,94.537,18.137,NA,NA,36.553,44.662,NA,NA,110.534,0.197,43.213,184.658,237.124,38.293,82.017,63.004,70.583,65.44,58.259,17.186,67.595,179.715,129.325,76.17,130.406,50.434,17.34,68.935,120.972,107.81,82.747,94.828
"2054-04",52.219,47.283,35.241,52.142,24.473,43.386,10.403,78.146,32.092,158.143,12.884,290.006,NA,35.11,84.411,68.973,49.684,35.929,NA,18.397,5.428,112.678,155.703,7.873,139.658,10.487,82.865,86.315,15.305,NA,NA,57.604,13.963,NA,NA,111.348,1.353,45.08,180.292,136.694,38.458,69.187,60.75,113.849,73.404,62.002,16.81,76.11,184.33,116.409,45.504,176.174,72.697,14.356,130.639,140.13,105.911,91.423,94.787
"2054-05",43.888,33.556,47.15,24.484,19.982,73.574,17.39,218.315,52.188,269.769,30.83,205.172,NA,52.358,65.268,81.968,54.892,45.252,NA,25.068,4.835,203.928,84.034,23.366,95.828,23.279,66.643,51.043,26.895,NA,NA,67.716,22.168,NA,NA,150.101,3.955,37.774,192.237,113.568,31.435,74.432,72.626,72.936,65.834,52.305,22.337,118.848,146.367,110.538,56.187,202.061,63.567,67.765,110.56,176.307,81.062,90.303,97.505
"2054-06",48.188,29.58,34.933,29.658,72.132,70.47,42.381,200.965,36.122,128.977,102.234,64.601,NA,34.799,72.857,49.822,50.727,5.36,NA,9.003,7.887,250.711,19.893,4.503,17.709,32.889,40.007,30.509,32.852,NA,NA,73.704,13.068,NA,NA,177.977,2.207,148.872,232.972,40.006,75.276,17.169,74.687,90.047,58.704,62.667,21.929,135.215,162.42,96.244,47.16,187.18,63.76,119.788,97.754,167.448,59.245,88.678,95.081
"2054-07",47.438,67.716,50.434,24.699,41.309,90.166,27.381,176.534,31.386,183.113,123.352,11.848,NA,48.16,92.903,74.596,41.571,38.66,NA,12.869,5.401,229.886,3.973,13.714,19.219,18.642,59.763,71.169,38.094,NA,NA,50.558,3.924,NA,NA,186.348,0.182,170.763,192.113,11.634,38.212,18.659,126.071,100.173,54.155,47.976,31.142,152.654,182.094,86.218,47.691,114.328,62.411,131.841,172.347,206.843,47.219,86.969,98.829
"2054-08",61.954,58.8,66.368,34.636,93.061,119.618,51.794,160.586,67.277,138.885,97.487,7.122,NA,36.291,65.088,54.537,48.074,18.13,NA,11.329,7.653,166.027,3.494,32.68,15.518,13.386,25.93,18.718,38.972,NA,NA,107.067,5.805,NA,NA,156.776,0.596,287.188,232.103,8.839,52.135,13.825,86.635,102.162,58.146,57.81,34.521,157.853,192.558,78.46,68.227,66.995,59.156,157.534,352.671,228.989,29.571,83.911,98.73
"2054-09",92.284,71.772,69.411,42.37,153.934,128.692,105.954,207.495,104.683,172.437,48.326,6.305,NA,30.649,68.511,58.448,90.312,11.879,NA,13.084,9.699,145.011,5.937,24.349,15.502,14.459,21.223,14.399,42.317,NA,NA,80.37,5.633,NA,NA,191.102,5.11,185.103,239.283,6.879,9.273,30.456,53.938,68.716,48.675,42.281,43.109,174.567,168.516,65.006,91.273,55.416,49.298,134.388,256.666,211.381,23.434,76.996,94.182
"2054-10",59.26,73.399,55.166,130.57,187.009,163.025,87.749,129.564,101.557,168.117,33.61,6.667,NA,24.241,143.622,53.46,108.75,51.434,NA,31.534,1.468,172.583,4.959,16.436,34.159,9.91,30.567,25.735,46.993,NA,NA,88.851,31.951,NA,NA,122.934,12.523,227.161,202.722,11.43,3.519,14.578,46.563,54.538,39.42,50.699,50.871,188.816,171.889,64.209,121.776,61.04,59.345,149.035,246.69,217.597,30.244,73.348,98.34
"2054-11",56.882,74.929,59.923,109.273,42.784,146.882,34.684,101.737,85.285,169.967,36.934,17.722,NA,15.676,183.264,49.355,115.378,108.418,NA,63.598,2.238,121.201,20.021,18.426,82.706,8.048,44.419,21.951,42.98,NA,NA,75.948,19.107,NA,NA,91.544,3.535,39.701,251.406,23.052,2.16,35.242,23.229,51.023,41.783,35.891,31.599,151.996,207.409,63.725,118.411,103.177,56.257,41.552,74.589,246.494,55.746,67.352,96.304
"2054-12",48.898,78.238,54.409,147.702,75.077,97.059,41.091,34.262,57.251,84.154,15.896,59.489,NA,13.754,157.511,59.429,102.186,187.329,NA,81.999,2.15,56.452,70.106,7.872,160.08,7.334,110.43,56.438,30.194,NA,NA,81.563,4.717,NA,NA,83.099,1.352,3.343,178.258,106.889,4.15,26.587,39.575,58.829,50.732,29.895,23.22,111.224,274.159,76.376,97.38,91.063,58.185,27.262,6.893,298.031,72.668,69.332,98.814
"2055-01",58.035,61.34,32.028,151.302,177.232,209.663,60.298,17.381,63.618,65.523,18.04,104.935,NA,10.662,145.939,50.823,103.234,76.543,NA,70.204,3.441,37.476,75.428,1.79,61.026,9.378,124.582,150.742,18.058,NA,NA,71.145,41.945,NA,NA,89.54,0.874,5.717,182.823,148.467,9.584,15.716,29.162,63.601,36.958,39.045,18.673,74.513,271.909,84.634,144.958,93.903,66.257,7.815,26.635,239.5,83.139,69.694,97.078
"2055-02",43.869,73.077,28.771,171.774,38.952,141.199,11.282,19.037,39.906,134.767,13.149,117.921,NA,18.353,146.597,46.373,83.862,112.093,NA,45.662,6.534,53.432,86.478,1.285,56.724,10.676,105.324,125.465,9.883,NA,NA,49.538,88.933,NA,NA,70.96,0.916,8.329,136.763,204.739,20.617,86.809,40.662,66.657,49.918,37.709,18.186,65.295,217.185,98.48,98.122,74.59,67.576,4.879,4.231,126.255,102.753,70.679,86.152
"2055-03",40.329,54.149,29.767,81.856,46.577,94.106,18.479,27.315,23.787,140.613,10.923,149.342,NA,25.183,117.456,83.819,102.001,59.574,NA,32.799,2.675,75.801,120.803,3.286,100.169,14.12,137.119,71.633,21.503,NA,NA,41.408,26.654,NA,NA,83.575,4.086,11.13,151.032,255.198,16.596,83.195,44.657,59.383,68.811,60.117,29.212,57.168,269.426,112.574,78.774,84.077,67.273,5.504,12.128,95.869,114.304,88.26,95.112
"2055-04",44.013,55.911,38.83,87.264,36.979,77.897,18.169,133.393,23.08,273.235,11.309,177.571,NA,34.383,132.106,68.139,56.48,66.396,NA,26.283,2.927,82.412,151.887,16.259,108.96,12.39,40.292,36.381,17.082,NA,NA,54.1,75.71,NA,NA,116.622,0.723,13.275,172.85,139.578,4.971,102.654,64.851,74.747,62.709,71.731,13.623,54.886,256.552,98.834,68.181,146.994,67.012,4.928,23.251,107.434,100.753,90.714,94.378
"2055-05",51.593,30.366,44.174,47.487,17.465,49.57,14.435,143.57,34.622,179.666,36.436,217.767,NA,34.869,123.23,85.222,28.522,68.663,NA,34.024,4.273,182.131,96.097,31.991,88.39,17.245,69.097,53.339,17.399,NA,NA,81.675,34.773,NA,NA,132.469,42.882,44.815,213.456,81.169,26.574,13.066,84.057,88.254,71.642,64.392,17.209,84.348,275.928,95.759,52.008,196.606,70.62,30.057,110.783,170.746,89.427,95.678,104.258
"2055-06",51.927,30.913,40.387,25.595,27.499,93.608,16.263,337.746,50.986,237.193,146.662,57.267,NA,45.571,66.306,76.448,26.204,30.493,NA,16.207,3.879,233.838,12.143,14.931,16.904,36.348,27.423,38.238,27.23,NA,NA,45.985,1.361,NA,NA,195.836,2.122,94.051,220.694,27.717,25.868,22.172,98.473,88.024,48.364,53.104,23.504,147.603,222.37,81.352,57.434,183.487,58.665,95.734,40.471,176.126,50.313,88.133,97.885
"2055-07",56.872,54.73,51.945,19.889,41.346,67.567,30.52,199.339,41.827,156.487,168.494,19.97,NA,25.114,90.819,37.901,35.532,30.001,NA,11.314,5.151,190.041,3.225,10.466,19.921,16.098,31.342,28.771,32.386,NA,NA,65.08,1.919,NA,NA,246.828,0.093,127.979,210.903,15.703,28.44,30.613,64.421,71.762,57.627,57.898,42.362,167.859,223.218,80.979,52.665,123.147,60.654,124.923,70.768,218.282,35.235,93.151,100.795
"2055-08",73.176,71.393,69.952,23.661,67.006,109.164,65.819,223.312,75.799,162.486,99.135,8.057,NA,39.488,29.842,64.74,52.847,23.764,NA,10.101,6.705,136.582,4.732,32.93,19.627,7.284,18.738,12.618,50.532,NA,NA,72.047,5.049,NA,NA,213.905,1.208,198.613,196.279,10.244,29.624,33.203,53.856,64.203,53.591,54.805,53.13,201.218,179.241,76.899,73.735,63.142,49.834,188.458,274.265,244.437,24.773,86.47,102.023
"2055-09",76.294,98.683,60.413,30.039,68.523,161.01,64.913,171.694,76.384,149.655,75.758,4.911,NA,22.621,61.354,38.59,66.998,15.533,NA,12.804,6.475,159.505,7.233,25.477,21.717,9.57,16.239,9.795,32.133,NA,NA,100.121,4.781,NA,NA,187.806,6.235,261.723,202.464,6.791,5.331,12.796,51.763,43.477,51.908,52.961,42.946,192.362,139.138,69.101,101.207,66.206,50.101,126.157,274.84,209.029,20.831,81.908,95.18
"2055-10",87.886,101.001,59.314,96.708,38.662,127.338,49.897,175.127,121.691,147.172,73.651,9.349,NA,14.597,160.955,37.454,84.615,73.606,NA,50.829,3.545,166.632,4.512,73.957,71.669,10.775,21.403,13.988,39.914,NA,NA,72.565,39.436,NA,NA,71.01,6.742,208.043,173.616,8.013,4.191,26.919,31.808,71.903,47.989,54.998,38.336,183.414,126.576,68.764,133.608,60.486,55.142,213.972,235.68,230.581,33.624,74.433,95.797
"2055-11",77.114,90.62,48.816,123.355,25.214,75.844,25.491,93.309,71.913,118.317,22.494,12.562,NA,14.76,199.103,46.01,101.561,101.826,NA,65.847,1.172,150.876,14.411,34.25,112.9,6.34,62.278,97.176,45.065,NA,NA,59.653,65.144,NA,NA,64.395,0.382,163.424,208.21,25.17,2.08,11.195,25.325,51.331,50.412,41.081,35.973,161.464,140.618,74.625,110.205,78.011,63.201,102.497,303.748,246.368,59.236,65.912,93.093
"2055-12",54.77,74.151,41.041,128.939,60.985,94.607,27.899,65.156,52.146,103.99,22.638,97.214,NA,12.299,136.204,45.927,108.374,194.82,NA,70.217,1.614,55.349,42.925,52.628,233.955,5.556,103.569,56.6,24.034,NA,NA,74.213,66.968,NA,NA,90.994,2.163,54.35,201.122,66.265,5.649,36.599,21.318,45.588,34.954,38.98,25.719,123.94,226.701,81.644,104.07,102.979,55.607,99.57,67.841,304.849,57.861,70.019,96.601
"2056-01",45.403,61.023,28.574,94.441,150.857,111.737,78.319,40.267,69.165,43.64,11.842,160.419,NA,14.85,117.098,59.389,90.389,283.749,NA,105.419,0.904,38.363,81.124,14.406,115.007,8.952,149.976,96.516,17.626,NA,NA,80.161,50.293,NA,NA,90.747,0.461,17.432,238.004,217.761,21.926,80.887,48.74,58.475,48.063,29.933,16.825,81.355,243.452,98.205,107.219,75.468,56.928,29.703,37.759,233.695,89.772,71.252,95.415
"2056-02",52.719,48.005,23.535,91.965,70.567,96.491,43.132,32.321,48.136,66.419,13.166,158.326,NA,20.404,58.803,59.124,104.01,27.838,NA,29.55,0.149,14.559,105.31,0.196,88.316,8.392,169.582,111.667,23.307,NA,NA,53.783,22.648,NA,NA,149.839,0.008,24,190.911,192.109,35.768,61.61,69.159,67.915,57.379,56.01,22.656,64.076,203.333,104.321,63.861,85.846,55.76,5.444,32.614,156.066,124.12,65.853,86.36
"2056-03",62.684,32.611,37.363,61.852,26.083,49.606,10.745,30.023,25.942,105.906,11.484,146.285,NA,20.764,115.811,67.182,103.982,134.428,NA,54.96,0.611,70.584,52.135,1.146,139.642,10.551,114.975,93.351,13.639,NA,NA,62.526,6.887,NA,NA,97.893,0.6,50.109,218.465,201.352,10.067,92.348,39.673,87.31,64.31,51.132,17.362,61.923,219.197,112.012,73.153,104.801,70.224,11.112,81.3,126.006,100.628,83.828,93.639
"2056-04",51.006,33.945,39.615,72.744,28.643,44.515,12.801,90.462,40.812,166.169,11.873,300.38,NA,27.1,115.075,60.583,65.508,12.397,NA,20.841,3.481,96.014,190.933,5.557,160.784,16.804,81.34,139.981,24.88,NA,NA,62.824,28.429,NA,NA,108.568,1.015,43.152,209.453,180.051,33.007,74.358,59.988,84.98,63.564,65.184,18.793,70.647,175.46,114.116,45.866,159.401,63.863,14.321,143.219,163.232,100.387,87.972,93.791
"2056-05",43.764,50.278,21.791,30.57,24.082,58.021,19.967,273.515,29.665,222.554,36.482,229.871,NA,29.333,119.603,69.375,20.296,47.541,NA,28.507,4.312,202.915,63.21,22.615,62.758,39.233,42.928,51.058,17.94,NA,NA,57.919,15.298,NA,NA,118.152,4.552,85.916,165.413,94.171,66.684,29.548,78.937,82.128,76.089,61.795,15.123,116.438,156.636,97.764,62.644,208.578,63.447,65.238,117.006,186.303,80.785,96.313,98.252
"2056-06",38.245,34.319,41.469,26.214,29.956,55.054,29.079,263.233,37.77,224.797,91.466,159.587,NA,44.663,55.082,62.95,27.922,27.706,NA,11.811,5.551,290.123,17.644,5.196,25.882,12.479,49.934,35.74,21.616,NA,NA,58.619,2.844,NA,NA,174.608,0.274,107.682,213.539,28.723,30.669,29.307,103.934,127.342,52.33,50.593,24.974,143.643,173.526,96.467,41.858,187.28,60.289,91.55,120.788,205.146,54.651,84.885,96.849
"2056-07",47.344,63.825,51.439,22.855,19.321,72.306,27.508,193.745,42.811,170.518,145.843,20.128,NA,41.491,35.434,68.914,42.56,18.879,NA,8.166,3.933,240.282,3.232,13.369,24.596,29.454,31.3,32.395,35.246,NA,NA,135.906,3.512,NA,NA,164.405,1.441,142.527,250.669,15.127,13.857,20.411,81.812,68.779,54.631,42.829,34.913,174.807,184.995,86.488,53.806,128.304,56.471,103.355,186.503,169.065,36.287,90.729,100.129
"2056-08",60.942,69.105,77.693,34.238,48.582,132.351,48.007,194.215,53.566,158.75,94.055,6.598,NA,29.511,24.292,63.148,61.023,15.117,NA,9.947,5.837,139.163,4.198,14.729,15.569,10.883,27.489,22.61,57.126,NA,NA,116.352,0.935,NA,NA,190.96,2.51,238.825,228.579,6.775,12.148,19.852,96.582,127.177,56.881,47.078,48.799,166.407,185.46,68.891,87.206,66.761,46.635,138.323,213.587,226.461,30.495,84.292,98.464
"2056-09",92.801,81.1,51.585,29.611,152.324,120.12,97.381,169.204,109.977,145.491,36.442,7.339,NA,26.896,52.133,56.143,67.305,12.575,NA,26.115,6.283,131.183,3.527,20.993,7.684,8.831,29.807,17.293,35.107,NA,NA,129.163,34.431,NA,NA,193.149,3.438,234.013,259.029,7.952,8.974,23.807,61.509,107.301,65.215,45.286,38.516,162.547,131.795,64.263,92.79,61.214,42.613,147.415,301.301,224.944,30.272,73.809,92.63
"2056-10",71.754,104.73,77.938,85.498,141.654,154.26,91.895,220.11,127.21,175.151,49.49,8.409,NA,13.453,120.728,50.654,75.789,73.731,NA,30.136,3.391,150.85,4.871,22.004,22.547,14.206,25.643,17.523,38.179,NA,NA,65.673,9.301,NA,NA,109.762,6.172,260.945,247.932,29.418,1.889,67.472,46.571,93.694,44.058,58.626,32.301,195.172,111.665,67.849,111.52,76.022,58.507,108.612,288.287,209.006,35.436,77.115,95.718
"2056-11",66.012,73.255,54.422,74.106,49.235,149.567,59.618,112.673,81.612,134.254,54.623,11.2,NA,9.818,135.353,37.041,102.246,74.263,NA,65.814,3.33,135.861,8.224,35.422,73.388,6.315,63.102,30.871,37.912,NA,NA,93.616,43.928,NA,NA,76.215,1.386,125.722,246.551,59.5,3.338,36.545,29.16,51.402,41.355,47.641,36.209,163.956,117.99,76.688,107.69,87.103,49.686,117.937,122.118,213.197,54.636,68.616,92.299
"2056-12",55.486,102.805,36.481,70.444,116.801,131.119,47.332,35.932,53.676,71.352,25.663,109.767,NA,10.992,129.952,43.524,114.597,92.132,NA,66.156,0.643,29.807,64.474,13.241,219.722,6.33,154.947,83.668,39.695,NA,NA,52.82,27.918,NA,NA,114.758,0.982,78.585,260.276,107.502,4.283,77.304,24.05,110.756,40.191,43.278,31.361,131.405,201.4,82.432,112.642,86.412,50.094,108.428,103.784,316.95,66.475,64.951,99.162
"2057-01",61.806,38.986,38.15,137.786,64.913,91.623,32.805,26.329,57.372,61.883,21.05,159.359,NA,16.705,97.433,69.325,89.682,102.185,NA,64.523,1.619,22.8,122.674,0.919,122.36,6.526,163.822,113.99,18.11,NA,NA,75.691,29.715,NA,NA,90.36,0.241,8.086,244.834,221.574,3.398,140.172,30.029,97.781,46.054,40.736,17.705,98.728,205.186,111.058,98.171,82.379,62.163,15.511,14.837,225.456,97.636,72.726,96.863
"2057-02",43.24,44.84,22.862,90.952,55.414,105.323,39.445,21.653,46.054,52.02,14.859,92.234,NA,9.591,90.858,47.494,92.122,161.927,NA,59.81,1.233,35.36,52.98,0.572,53.344,7.416,118.042,111.237,20.117,NA,NA,57.712,5.312,NA,NA,45.297,0.382,26.661,176.998,305.293,14.053,159.6,18.14,87.09,52.778,44.437,19.095,78.461,164.412,110.74,85.911,78.915,47.765,11.387,47.002,162.643,80.51,69.633,83.678
"2057-03",46.251,35.803,33.682,66.911,20.803,67.462,15.177,28.642,33.935,103.003,12.598,211.478,NA,17.333,101.024,45.031,116.487,63.565,NA,42.439,1.772,74.583,103.178,1.57,107.713,12.954,130.124,101.588,27.375,NA,NA,54.942,110.33,NA,NA,113.155,0.705,55.569,140.421,85.548,2.611,102.29,27.08,106.287,79.688,76.775,31.516,75.022,177.601,136.734,87.099,125.416,64.096,19.218,25.533,141.061,113.951,91.653,94.772
"2057-04",48.359,20.696,35.062,90.749,21.526,37.154,11.26,79.651,33.672,176.118,11.067,274.624,NA,17.627,130.554,46.228,61.811,78.791,NA,29.12,3.47,95.433,167.852,48.457,201.565,10.03,58.494,47.706,19.289,NA,NA,67.508,6.22,NA,NA,102.548,0.75,39.373,197.444,164.452,4.362,28.04,34.637,77.207,65.083,76.147,24.194,76.77,218.062,105.295,46.183,160.699,64.465,10.936,139.278,160.379,78.973,86.588,93.659
"2057-05",58.474,51.527,31.423,43.494,19.606,93.749,14.187,183.264,64.047,216.304,40.358,273.306,NA,32.285,73.645,67.459,38.339,46.087,NA,24.253,3.844,169.993,32.127,20.447,36.545,20.317,61.074,85.129,23.392,NA,NA,49.549,58.57,NA,NA,139.197,2.954,127.873,184.764,86.719,31.417,56.175,91.636,144.57,72.143,64.813,31.352,106.132,189.532,102.868,64.79,197.94,65.285,89.91,195.255,166.696,69.769,90.875,98.616
"2057-06",50.585,60.233,41.193,17.502,57.496,102.206,46.938,232.349,58.332,132.202,115.922,67.04,NA,39.254,42.411,76.976,59.05,17.582,NA,15.434,6.861,184.015,9.166,5.961,33.596,17.524,36.779,26.151,36.041,NA,NA,57.197,20.536,NA,NA,131.774,1.427,326.417,207.72,15.165,19.981,43.941,85.368,63.799,55.307,60.686,33.34,139.814,198.061,98.948,44.82,189.438,54.236,137.901,245.083,232.135,39.737,88.356,98.038
"2057-07",62.537,53.122,59.154,20.545,14.895,141.709,36.28,142.016,30.983,89.983,115.678,16.132,NA,48.718,45.964,78.861,44.366,11.782,NA,6.9,6.564,207.248,4.894,16.314,18.831,33.284,54.477,18.628,39.771,NA,NA,46.071,1.904,NA,NA,190.978,0.977,365.958,227.922,14.26,32.13,18.404,77.024,81.269,61.514,53.057,39.159,162.854,225.439,83.038,58.177,114.462,61.687,113.741,301.292,194.561,36.112,87.019,101.106
"2057-08",66.29,59.254,62.833,17.234,30.58,133.987,37.631,178.056,37.228,197.774,135.222,6.057,NA,31.604,57.032,73.672,36.36,10.143,NA,6.647,9.222,133.259,4.68,17.636,13.499,12.84,30.769,28.64,39.52,NA,NA,86.22,3.839,NA,NA,212.027,0.486,135.11,249.086,11.444,13.906,17.621,86.481,92.077,61.917,46.605,44.23,168.613,227.316,73.363,78.281,75.251,56.988,130.886,221.157,173.517,39.004,82.684,100.558
"2057-09",65.757,104.227,58.478,48.808,110.442,130.632,80.682,162.881,72.637,165.311,75.833,4.852,NA,27.672,46.981,46.358,77.314,10.1,NA,6.727,9.276,122.794,6.438,14.615,11.936,12.622,16.733,9.24,35.597,NA,NA,94.746,1.981,NA,NA,202.647,3.951,205.231,213.058,9.417,7.247,23.271,56.543,55.913,41.438,60.993,29.681,185.023,189.534,63.309,88.774,69.924,48.355,129.086,347.07,197.771,20.474,80.293,95.848
"2057-10",70.31,104.308,66.631,25.642,377.623,179.199,193.954,234.795,108.781,215.386,63.011,5.337,NA,22.034,137.195,43.232,104.222,28.946,NA,19.33,7.302,209.638,4.561,50.654,27.913,7.449,21.75,11.643,42.013,NA,NA,72.262,21.542,NA,NA,110.879,1.992,122.817,214.216,8.677,5.293,15.281,27.736,52.75,42.287,53.898,37.1,195.789,183.905,61.263,93.347,86.912,57.244,103.604,125.896,247.608,25.516,77.232,97.409
"2057-11",66.611,97.622,58.838,141.887,86.192,154.172,94.238,95.661,75.918,140.668,40.739,20.487,NA,15.562,173.098,36.455,90.664,72.843,NA,46.455,8.708,145.4,14.241,3.016,47.715,6.353,48.776,33.98,35.678,NA,NA,83.134,26.049,NA,NA,64.245,31.477,184.682,215.813,24.668,2.152,32.827,21.954,36.785,42.527,47.119,41.574,170,194.056,66.291,115.699,116.806,55.897,95.159,228.62,208.981,48.751,68.021,96.192
"2057-12",72.77,94.791,53.209,154.791,44.08,141.103,32.052,43.288,54.63,85.318,27.112,64.534,NA,15.518,182.969,58.313,64.127,126.97,NA,67.248,19.36,75.657,45.619,16.141,117.616,6.559,120.88,125.102,30.932,NA,NA,74.559,56.467,NA,NA,54.051,1.634,37.942,150.158,88.556,1.205,20.964,21.853,82.605,39.539,34.402,29.585,123.778,271.304,68.782,119.546,97.03,63.283,62.459,41.511,261.981,76.735,66.111,98.332
"2058-01",66.045,69.212,27.61,169.607,46.924,207.723,23.539,14.919,47.029,67.764,20.441,60.891,NA,17.902,164.56,76.898,64.223,52.381,NA,56.24,9.528,25.541,102.626,1.574,114.021,6.051,100.405,100.161,26.549,NA,NA,53.227,53.384,NA,NA,76.554,0.748,5.348,202.562,225.618,11.419,47.13,45.852,78.662,33.768,36.173,23.515,74.145,307.284,87.882,127.503,84.793,70.268,4.996,5.015,212.391,80.562,74.766,98.461
"2058-02",51.754,46.364,32.516,155.92,16.811,154.284,6.386,14.655,33.649,146.578,13.337,53.838,NA,13.533,110.357,59.074,92.755,125.632,NA,75.488,17.935,53.509,37.505,0.754,43.221,5.783,121.606,66.548,15.829,NA,NA,64.508,23.949,NA,NA,64.693,6.092,8.819,97.202,252.863,1.805,75.414,38.182,76.775,49.32,46.719,24.376,58.891,238.639,91.279,111.641,91.203,61.24,5.479,2.394,156.689,98.224,73.969,87.347
"2058-03",75.661,62.789,27.072,95.112,32.654,120.55,13.053,22.34,30.814,159.279,17.168,160.653,NA,9.993,142.577,61.513,83.426,34.007,NA,43.419,3.277,93.674,21.415,2.004,88.228,11.195,122.401,117.801,20.887,NA,NA,41.911,36.006,NA,NA,90.922,0.976,6.663,151.362,125.668,1.835,95.932,37.95,102.31,64.373,71.322,31.525,51.85,273.51,114.041,92.767,87.993,68.652,2.723,6.504,131.315,123.351,91.918,95.458
"2058-04",49.376,44.48,36.743,52.831,48.699,66.99,23.083,76.347,39.607,156.751,9.891,301.629,NA,28.592,104.651,71.712,73.899,43.54,NA,20.006,3.017,76.385,141.108,6.215,171.802,7.758,90.878,69.722,24.43,NA,NA,40.232,51.237,NA,NA,139.98,0.327,19.934,151.842,111.585,8.124,55.371,39.379,97.591,73.866,72.573,25.494,55.565,273.275,106.212,64.635,131.809,65.728,6.159,26.856,134.528,87.404,89.7,94.952
"2058-05",49.461,45.673,37.847,48.556,11.089,43.953,8.488,162.42,29.309,207.774,22.572,289.224,NA,38.448,115.148,70.84,48.47,15.114,NA,13.804,8.616,137.647,130.782,57.895,106.255,21.056,45.8,35.968,20.73,NA,NA,70.599,91.993,NA,NA,111.555,12.55,58.592,196.205,81.754,24.55,41.922,72.068,86.081,77.759,59.566,19.564,91.791,240.364,98.088,42.269,173.007,73.18,55.056,92.076,183.855,78.906,95.682,98.82
"2058-06",54.881,29.194,44.725,29.739,16.432,121.022,16.236,208.349,41.91,220.688,83.803,117.847,NA,38.947,55.77,70.14,29.353,14.017,NA,16.191,4.255,221.785,10.317,4.803,54.316,17.021,34.244,29.198,28.502,NA,NA,81.846,23.784,NA,NA,206.738,3.771,82.638,224.347,50.125,29.177,134.555,62.768,117.38,71.84,62.902,33.452,130.787,213.191,88.412,55.094,192.1,56.877,93.628,69.876,209.416,48.922,83.814,99.652
"2058-07",50.827,65.975,54.5,20.599,15.065,85.184,27.306,248.45,31.053,156.892,161.262,16.349,NA,37.462,51.304,63.144,44.604,39.588,NA,12.93,6.327,230.923,2.968,11.013,32.789,32.927,43.845,31.175,44.292,NA,NA,93.827,0.377,NA,NA,236.595,0.732,204.938,208.102,33.591,27.525,67.881,82.612,152.663,68.136,39.359,44.741,184.916,189.989,83.15,53.096,151.48,51.639,173.071,198.592,137.952,47.226,84.277,98.659
"2058-08",78.846,57.058,63.336,40.558,35.052,76.579,64.434,215.227,38.353,205.973,103.806,5.108,NA,33.684,51.434,58.456,68.484,11.768,NA,8.718,6.712,190.016,4.207,35.996,18.148,15.264,15.696,10.474,63.09,NA,NA,85.634,8.475,NA,NA,242.24,1.447,271.037,258.044,11.332,10.214,41.736,62.416,104.257,63.077,58.888,46.816,181.343,146.107,74.398,77.4,70.537,54.621,199.275,264.688,190.082,27.47,85.855,98.886
"2058-09",85.853,70.717,62.642,69.128,94.195,93.406,65.729,183.322,93.066,155.544,85.901,5.299,NA,28.786,53.619,48.458,90.453,8.27,NA,13.043,6.999,147.046,5.84,23.969,12.042,6.327,10.927,6.88,56.124,NA,NA,59.107,3.996,NA,NA,169.023,2.978,214.693,227.866,27.8,3.268,72.43,31.491,64.238,39.181,52.054,50.685,190.945,104.664,62.557,93.071,64.654,53.195,106.022,298.063,205.164,16.477,74.516,90.864
"2058-10",87.577,68.174,65.893,150.268,132.769,151.886,75.58,183.229,122.555,150.067,26.318,7.851,NA,20.382,132.813,52.099,110.297,22.988,NA,24.047,3.539,173.063,5.687,16.474,21.322,4.898,39.422,21.917,54.486,NA,NA,72.352,26.796,NA,NA,95.66,0.658,276.933,261.203,29.665,4.257,31.235,36.932,67.524,34.269,51.174,46.702,174.723,98.815,66.94,114.981,63.735,49.77,171.2,283.422,239.633,34.684,77.648,94.563
"2058-11",57.671,63.267,42.027,134.592,17.478,127.55,42.862,152.368,134.681,160.581,43.93,10.718,NA,12.272,144.048,39.95,143.227,51.743,NA,58.194,1.005,125.02,6.223,27.4,119.415,7.555,84.039,94.228,44.344,NA,NA,55.855,51.957,NA,NA,86.59,18.728,64.91,249.098,38.426,1.7,89.752,28.268,99.996,57.38,41.834,39.207,183.013,121.203,66.918,119.086,88.567,46.083,61.129,123.071,266.628,70.41,68.963,96.399
"2058-12",68.293,65.272,47.512,116.991,79.994,102.466,49.498,59.2,91.834,120.21,23.761,54.041,NA,14.403,153.085,51.71,97.099,127.915,NA,77.207,9.203,35.065,48.534,6.418,132.651,5.126,94.232,100.964,30.089,NA,NA,74.407,15.391,NA,NA,79.783,0.69,44.41,316.87,120.944,3.034,170.663,24.572,100.48,45.141,41.871,32.061,130.033,163.206,83.057,118.836,106.251,63.025,26.801,202.904,263.28,61.703,66.028,96.716
"2059-01",60.911,57.251,31.176,153.577,66.216,82.322,25.023,34.257,54.543,88.99,18.108,100.692,NA,18.869,119.964,60.666,74.404,220.661,NA,90.613,1.164,62.689,21.385,2.162,71.844,5.828,198.855,117.086,15.303,NA,NA,70.03,14.776,NA,NA,63.405,0.29,55.85,250.915,292.256,41.766,97.973,39.836,90.454,48.059,33.061,18.29,93.128,176.938,103.34,105.706,96.211,60.618,36.362,102.126,210.322,89.683,72.069,95.059
"2059-02",45.715,88.745,29.974,41.796,53.712,115.232,21.775,21.406,39.733,78.353,18.121,185.835,NA,12.322,141.467,34.051,75.32,98.305,NA,54.107,0.681,50.112,69.952,0.459,133.621,7.469,249.095,115.581,12.314,NA,NA,62.365,18.08,NA,NA,104.737,0.308,24.654,193.124,195.121,14.728,115.333,45.257,98.246,43.398,54.002,27.135,63.986,204.902,94.49,87.775,76.073,60.806,17.149,54.858,164.429,104.617,71.671,87.669
"2059-03",53.071,41.497,24.468,77.39,67.373,70.153,21.67,30.266,35.667,104.874,13.079,139.551,NA,21.976,109.205,65.481,100.007,21.723,NA,17.314,3.03,115.475,55.283,0.506,109.352,11.311,102.076,70.34,29.259,NA,NA,68.413,22.725,NA,NA,109.329,0.156,27.41,207.532,303.623,101.338,93.629,44.879,88.695,88.867,61.369,31.034,61.981,178.589,118.626,62.768,103.105,73.306,9.558,37.598,156.389,106.237,88.396,93.604
"2059-04",34.882,62.888,36.577,46.233,64.019,65.128,16.612,77.833,14.146,204.276,11.135,372.059,NA,15.437,106.316,58.064,91.453,46.264,NA,31.336,2.557,83.389,128.482,17.182,98.155,13.884,53.534,46.226,16.667,NA,NA,48.759,33.43,NA,NA,121.304,0.484,64.495,142.612,180.922,86.36,103.353,71.681,94.419,69.309,82.095,17.712,69.8,205.271,116.787,46.205,165.579,66.657,23.196,161.071,136.195,94.373,93.547,94.983
"2059-05",44.042,43.827,28.576,26.909,13.564,77.438,10.143,206.249,33.064,219.256,25.637,211.522,NA,24.431,97.107,55.317,68.54,38.228,NA,21.624,3.538,198.349,47.709,19.085,70.517,15.779,73.52,62.324,24.982,NA,NA,69.741,17.817,NA,NA,132.599,5.059,23.873,201.271,57.181,54.427,42.771,79.695,106.491,72.852,69.379,25.701,103.752,190.266,105.108,52.625,216.869,67.457,40.94,141.928,160.885,79.894,99.548,98.698
"2059-06",55.414,30.731,38.96,26.61,55.262,81.464,27.367,201.277,42.115,160.441,114.192,42.465,NA,39.29,55.893,75.335,35.602,8.489,NA,9.183,8.297,265.608,11.951,10.216,24.923,22.96,20.464,23.396,26.891,NA,NA,83.351,2.906,NA,NA,144.91,1.2,144.184,219.461,38.788,35.042,41.29,72.728,81.27,60.514,59.906,27.175,135.962,197.701,90.51,41.731,193.449,54.045,99.841,87.301,171.108,50.804,94.635,96.213
"2059-07",52.494,46.349,70.599,22.468,21.816,48.682,20.147,210.096,21.014,213.823,119.955,7.376,NA,41.162,73.899,81.002,43.952,13.487,NA,7.504,7.052,188.01,3.407,9.458,18.857,12.818,29.095,25.008,53.505,NA,NA,66.711,1.808,NA,NA,171.452,0.266,180.815,242.999,17.042,7.875,26.464,85.975,98.453,45.019,53.166,25.215,163.934,211.502,80.417,41.606,111.83,62.8,123.328,87.92,169.39,40.342,90.657,99.269
"2059-08",74.387,61.283,72.43,31.248,90.152,137.919,54.311,175.969,65.842,184.637,99.273,6.269,NA,27.497,48.001,52.215,45.907,7.147,NA,12.409,7.024,180.903,5.383,23.895,15.841,9.804,18.315,19.568,40.394,NA,NA,75.476,3.015,NA,NA,174.902,0.593,224.499,232.601,6.906,9.297,24.266,51.674,76.706,53.956,52.652,35.463,177.769,199.653,72.571,70.35,81.875,53.934,162.767,273.268,212.848,29.598,85.789,99.239
"2059-09",73.685,124.411,69.413,57.764,83.919,135.876,56.191,174.382,69.938,233.521,89.605,11.704,NA,27.407,161.396,43.778,60.993,53.86,NA,17.274,7.946,111.507,4.802,24.799,19.491,6.203,22.508,11.783,49.458,NA,NA,72.839,3.5,NA,NA,129.81,2.085,220.992,209.863,8.189,8.244,18.945,50.147,68.414,40.609,66.136,42.412,187.359,171.26,64.529,98.384,51.911,53.078,123.564,272.289,217.739,31.84,80.974,96.605
"2059-10",81.239,106.062,54.292,95.612,74.686,133.316,54.243,139.85,100.264,146.931,45.251,7.329,NA,25.254,148.96,48.834,86.488,84.131,NA,42.566,3.315,177.471,5.579,63.718,53.084,8.401,41.022,13.246,55.101,NA,NA,101.259,76.773,NA,NA,64.451,1.85,111.888,217.843,9.671,3.574,10.635,28.306,44.417,44.826,46.95,40.391,199.201,157.652,58.419,97.728,67.981,61.077,112.297,132.142,255.02,33.621,83.195,98.068
"2059-11",63.277,91.238,47.287,165.313,63.713,104.399,36.961,119.577,85.638,200.849,38.263,5.951,NA,9.239,91.993,34.848,118.491,86.291,NA,54.002,6.759,175.329,18.423,12.207,81.483,5.525,97.484,134.145,33.218,NA,NA,71.107,47.483,NA,NA,53.263,31.561,107.324,212.335,21.222,2.407,37.832,15.217,68.986,56.118,38.83,34.659,169.133,148.496,67.011,112.844,98.359,40.463,124.822,165.921,230.833,72.988,67.607,93.895
"2059-12",78.758,91.951,35.558,136.251,56.668,138.302,48.783,42.448,92.433,126.297,45.663,70.369,NA,16.749,125.215,55.541,103.637,156.676,NA,99.494,3.263,75.004,64.619,7.632,234.709,5.847,127.708,94.659,32.354,NA,NA,61.927,27.563,NA,NA,80.584,0.951,37.852,204.478,94.384,2.848,73.156,23.087,74.745,49.144,40.865,36.613,126.706,223.192,74.281,111.003,120.66,55.318,84.813,76.862,261.268,73.182,67.854,97.213
"2060-01",56.097,76.684,31.139,156.424,55.856,74.312,37.964,20.47,61.785,57.916,14.039,175.324,NA,8.298,91.264,45.482,101.298,167.046,NA,75.454,1.065,36.227,80.178,1.655,109.535,6.956,109.385,100.843,25.965,NA,NA,62.166,9.576,NA,NA,67.499,0.377,27.293,217.414,283.504,2.787,125.3,42.582,63,45.001,43.689,22.468,90.393,270.675,88.762,102.241,73.528,56.842,69.766,55.983,294.359,87.838,75.809,98.641
"2060-02",47.998,52.775,29.325,99.384,34.622,115.181,13.843,16.046,33.288,92.454,12.593,140.421,NA,12.18,90.505,54.418,75.868,54.805,NA,42.92,3.112,26.603,52.381,0.59,31.871,7.076,113.965,148.335,11.04,NA,NA,70.013,28.002,NA,NA,102.501,0.27,6.734,182.159,222.032,3.922,180.902,49.386,91.485,53.796,44.941,21.611,63.007,223.234,103.606,74.586,81.903,51.272,2.052,12.26,118.544,106.292,70.186,84.176
"2060-03",49.067,78.162,33.135,88.568,71.013,73.17,30.372,46.367,31.227,140.808,11.46,224.046,NA,13.91,107.469,77.66,98.91,62.608,NA,31.607,4.568,77.295,110.799,0.954,62.779,13.641,121.147,127.236,17.431,NA,NA,59.088,36.559,NA,NA,117.321,3.224,7.92,127.288,141.475,19.276,103.326,36.29,122.855,81.07,70.971,27.574,67.595,245.454,112.147,64.286,115.618,71.39,2.298,12.092,93.406,138.379,86.777,95.926
"2060-04",57.94,38.856,21.004,85.299,17.577,61.051,7.71,105.49,26.853,226.874,13.408,245.262,NA,20.242,90.558,74.392,48.013,109.646,NA,49.038,3.032,108.436,159.298,3.115,178.769,7.712,82.178,52.346,21.405,NA,NA,55.182,27.637,NA,NA,88.501,0.749,20.495,186.635,172.408,10.049,71.465,45.192,77.785,80.478,72.711,16.571,68.078,234.827,105.07,64.424,164.423,67.284,6.06,79.719,122.475,83.916,93.637,94.238
"2060-05",47.741,45.096,31.879,58.084,15.489,54.291,10.801,215.082,54.321,321.585,59.353,146.222,NA,43.451,59.103,71.456,37.384,82.242,NA,30.216,6.254,155.739,67.353,25.579,66.067,20.662,59.525,52.357,19.044,NA,NA,78.151,31.181,NA,NA,129.063,4.024,40.179,235.525,137.943,43.393,51.688,66.026,91.847,62.666,69.231,17.289,111.934,216.263,92.658,52.036,190.163,63.218,29.155,130.782,176.752,70.975,93.912,100.565
"2060-06",54.097,51.475,28.755,16.305,26.566,68.219,21.284,215.084,37.353,157.416,161.479,30.904,NA,31.643,97.688,54.675,28.2,10.316,NA,8.515,4.569,215.747,6.037,2.331,30.395,13.198,46.014,61.874,31.821,NA,NA,56.181,3.735,NA,NA,200.144,1.285,214.775,233.419,35.371,10.581,59.231,62.924,105.348,63.09,66.788,28.795,159.28,204.729,83.223,48.857,165.858,69.682,83.239,269.866,119.95,62.159,88.838,97.718
"2060-07",52.557,65.842,48.352,22.188,49.161,77.048,34.477,177.918,39.76,153.551,145.27,9.284,NA,37.897,40.14,61.499,53.441,9.557,NA,7.622,10.809,157.253,3.183,15.225,31.904,12.07,30.6,30.583,66.03,NA,NA,44.063,0.363,NA,NA,183.697,0.131,196.197,222.696,21.249,21.09,39.031,60.889,86.665,53.681,63.293,42.013,153.141,227.856,83.348,43.25,115.555,54.165,113.796,210.405,188.447,40.805,89.767,98.856
"2060-08",66.735,72.322,57.186,29.159,64.998,84.348,47.539,187.674,67.172,157.282,63.915,5.415,NA,32.648,39.776,61.608,40.539,12.349,NA,6.954,13.079,150.247,4.516,22.503,13.183,9.377,28.127,19.054,66.105,NA,NA,55.941,3.149,NA,NA,180.701,0.252,154.404,219.568,10.195,17.694,14.222,59.989,96.92,52.013,63.967,42.568,187.128,196.126,70.292,71.931,68.783,51.531,103.936,292.102,219.49,32.089,88.748,100.673
"2060-09",98.625,81.879,78.326,68.888,88.593,129.557,64.119,171.472,81.959,171.143,79.597,6.285,NA,31.489,73.343,59.971,57.786,31.068,NA,28.975,6.012,116.98,5.188,61.351,13.203,10.131,21.278,10.75,44.804,NA,NA,95.712,3.985,NA,NA,212.237,4.25,280.244,209.59,6.475,5.654,50.027,37.929,92.506,51.977,46.528,41.054,183.361,153.061,63.579,95.061,56.325,48.08,164.044,298.928,228.567,23.637,73.803,94.977
"2060-10",84.726,67.086,60.997,102.159,112.451,127.922,84.046,147.426,81.559,156.717,40.409,8.716,NA,11.419,120.548,39.087,83.428,61.864,NA,43.118,3.195,153.276,4.756,48.36,28.339,6.252,25.505,13.212,41.844,NA,NA,106.227,39.002,NA,NA,153.235,46.25,242.864,244.36,11.686,2.823,63.311,41.961,78.984,52.395,55.752,35.953,188.367,149.63,68.256,124.571,54.013,55.005,159.985,275.356,195.196,31.502,79.58,97.932
"2060-11",65.62,48.125,67.132,189.94,142.946,146.582,47.441,111.397,96.232,142.805,16.407,11.984,NA,10.579,158.723,42.043,70.797,166.194,NA,78.309,6.121,117.896,14.056,70.68,122.276,11.091,69.708,40.199,35.685,NA,NA,80.711,33.999,NA,NA,75.742,1.209,134.81,231.148,22.848,2.548,42.636,24.72,78.614,51.149,44.908,31.456,170.144,149.052,66.981,116.469,91.743,53.821,50.715,151.676,221.732,63.926,68.317,93.968
"2060-12",50.878,51.699,47.834,142.563,137.477,107.829,47.824,67.626,83.555,139.915,29.772,50.562,NA,12.663,127.56,51.583,108.642,181.149,NA,73.721,2.065,55.481,73.614,8.024,205.717,9.477,158.762,131.644,32.421,NA,NA,68.13,20.399,NA,NA,72.568,3.855,42.821,225.95,167.843,4.481,121.333,38.216,82.374,51.287,33.417,24.098,116.876,190.612,77.634,105.435,95.143,63.921,61.25,72.308,300.77,91.078,66.817,96.382
"2061-01",60.865,55.014,39.155,110.271,145.223,102.779,69.952,38.058,63.965,107.59,14.999,144.767,NA,11.735,92.088,51.416,112.255,95.977,NA,56.765,0.613,18.269,77.902,1.01,191.302,6.44,114.527,80.635,14.187,NA,NA,71.596,5.107,NA,NA,67.878,0.675,36.854,245.752,265.972,5.328,103.457,33.628,83.04,42.027,34.146,19.49,91.335,227.403,102.76,95.043,71.194,52.21,32.072,31.34,277.111,89.182,72.112,97.071
"2061-02",52.355,61.173,27.59,89.22,89.063,137.026,38.65,17.534,32.524,51.049,12.621,91.67,NA,13.387,163.333,61.426,87.724,106.006,NA,55.145,1.678,61.508,26.675,1.199,116.862,6.033,162.808,91.25,15.664,NA,NA,71.876,18.186,NA,NA,71.723,4.206,8.336,177.294,157.305,6.145,77.504,40.042,60.839,50.38,64.866,15.355,65.292,219.017,102.262,99.198,71.973,63.974,5.778,23.101,166.911,84.717,70.343,86.592
"2061-03",52.686,38.958,23.761,74.63,78.23,114.981,44.418,35.754,35.143,111.825,11.387,139.373,NA,16.094,137.785,58.232,92.252,196.296,NA,70.046,2.214,79.288,69.749,49.956,160.291,10.391,102.464,134.409,19.02,NA,NA,72.224,10.674,NA,NA,53.912,1.696,19.784,150.334,207.475,7.028,92.34,51.343,74.578,69.737,66.504,26.719,75.25,236.225,118.188,89.751,101.977,64.427,14.872,9.308,139.614,113.48,87.142,96.599
"2061-04",36.689,47.145,38.955,45.445,26.637,40.075,16.318,62.589,32.798,111.536,11.455,315.081,NA,27.049,74.428,58.316,63.662,64.971,NA,36.895,3.421,94.824,76.303,32.484,194.234,12.753,92.155,65.837,26.144,NA,NA,45.486,28.872,NA,NA,114.99,1.277,36.5,154.034,108.186,43.106,101.093,46.318,109.15,71.566,63.608,24.568,65.47,257.733,114.774,61.789,136.826,57.981,12.341,54.934,173.877,111.601,90.527,97.807
"2061-05",43.847,42.962,32.675,41.181,5.361,65.198,8.088,151.191,45.27,227.818,24.045,170.972,NA,42.37,136.532,50.773,35.224,45.51,NA,45.032,5.021,125.032,103.257,41.85,55.972,14.221,33.936,34.178,19.372,NA,NA,45.114,32.457,NA,NA,108.871,3.74,29.556,193.026,84.165,11.34,56.048,75.709,114.038,64.611,67.152,16.199,95.741,240.758,95.76,51.388,141.69,73.652,31.773,70.411,183.36,67.323,94.359,99.646
"2061-06",58.63,27.529,42.869,20.456,65.091,96.933,28.019,216.207,47.382,173.806,142.837,75.868,NA,46.188,68.701,77.247,35.69,12.21,NA,16.364,6.003,194.472,7.022,6.199,17.121,24.689,34.443,35.071,41.371,NA,NA,62.443,1.259,NA,NA,220.333,2.001,121.546,245.852,27.497,16.929,17.502,75.759,101.525,61.023,49.242,31.655,151.556,219.8,88.985,56.22,151.864,75.603,89.156,108.399,193.289,52.339,87.076,101.072
"2061-07",66.533,33.153,59.93,22.9,37.559,66.735,22.635,190.836,35.285,190.873,127.88,9.587,NA,38.374,61.693,56.075,34.276,8.34,NA,7.048,6.824,153.643,1.83,4.747,17.148,14.028,23.632,31.131,39.618,NA,NA,141.845,3.885,NA,NA,147.773,0.411,130.005,197.874,22.214,30.568,29.57,83.286,97.38,43.486,53.441,39.545,168.85,230.928,84.579,45.966,98.572,67.227,95.889,169.122,162.312,35.65,86.767,98.561
"2061-08",69.185,55.716,72.836,26.333,39.967,80.056,36.964,154.151,32.791,162.073,92.736,6.35,NA,31.673,54.737,48.443,42.212,12.631,NA,5.957,8.64,163.791,3.988,19.801,14.983,19.918,27.237,22.512,30.382,NA,NA,102.644,1.538,NA,NA,179.363,0.84,266.463,226.401,14.075,4.138,26.662,49.046,59.622,57.545,51.741,35.613,180.913,224.002,72.695,70.087,66.097,65.094,125.591,264.587,192.559,27.526,86.86,99.98
"2061-09",67.602,93.423,62.801,38.531,163.746,107.755,90.177,177.293,63.722,142.414,85.814,5.259,NA,19.208,110.47,47.397,93.536,20.122,NA,7.227,5.384,110.339,8.094,16.396,12.089,19.025,18.39,11.159,49.458,NA,NA,83.47,25.564,NA,NA,148.281,5.209,227.094,194.294,9.387,2.678,13.689,47.956,52.538,43.538,64.647,44.696,187.551,178.487,59.953,82.684,64.604,58.328,124.377,273.719,196.547,23.017,84.248,94.38
"2061-10",64.616,71.923,55.368,132.586,103.171,122.222,85.767,159.192,102.408,192.602,62.982,10.823,NA,18.242,141.896,40.021,110.558,77.541,NA,30.493,4.057,133.105,5.018,30.265,38.631,11.928,45.271,23.073,51.866,NA,NA,105.676,6.789,NA,NA,88.676,1.523,218.045,258.85,9.01,4.207,6.557,42.227,58.086,44.923,50.778,35.809,171.829,180.972,59.306,101.742,74.564,65.261,94.216,275.511,226.541,28.538,78.906,97.47
"2061-11",64.662,79.87,42.678,166.666,70.383,103.145,35.357,94.799,88.54,143.585,27.779,10.465,NA,15.492,132.63,50.364,124.658,85.197,NA,80.968,0.667,231.168,16.053,31.663,163.737,4.573,92.52,89.049,32.913,NA,NA,76.726,68.038,NA,NA,32.043,0.218,121.543,195.298,13.666,1.56,47.564,32.345,79.571,41.787,30.785,30.4,163.617,184.535,69.59,108.047,89.21,48.272,105.519,177.747,212.485,63.277,69.527,94.645
"2061-12",61.936,57.088,44.791,132.668,60.954,144.476,23.796,46.779,61.771,89.236,30.248,52.472,NA,16.396,143.642,47.525,118.849,199.986,NA,88.352,2.123,37.809,40.361,14.676,130.421,4.624,70.528,80.263,27.848,NA,NA,89.929,75.578,NA,NA,69.081,2.573,34.751,184.734,67.703,3.57,77.677,21.622,88.569,43.138,27.033,26.154,118.654,228.317,82.045,117.476,84.864,54.249,43.902,68.399,270.799,69.424,65.911,95.113
"2062-01",62.79,89.216,35.224,144.088,137.036,126.568,51.572,22.303,59.556,48.438,22.105,49.31,NA,13.017,116.567,58.227,90.12,148.072,NA,66.86,2.92,39.172,71.997,2.588,145.099,6.724,142.699,118.388,15.504,NA,NA,85.146,24.354,NA,NA,85.877,3.004,40.167,160.784,222.669,7.302,25.765,23.071,76.99,42.22,31.224,17.279,89.615,250.378,98.046,101.238,76.851,61.531,37.915,59.614,268.08,78.429,73.641,95.692
"2062-02",45.661,62.639,27.447,183.877,28.02,112.74,22.562,11.802,28.791,89.325,16.989,222.987,NA,10.141,99.32,68.489,86.795,135.69,NA,63.25,3.094,64.631,39.226,1.055,70.827,7.454,110.359,178.309,10.563,NA,NA,53.274,13.978,NA,NA,90.602,3.016,31.2,125.049,158.959,7.807,287.915,31.399,116.159,65.332,39.361,19.037,69.522,186.911,113.018,88.786,92.591,50.686,11.866,35.723,149.674,105.498,73.924,84.727
"2062-03",58.129,59.341,27.053,127.697,10.962,124.149,5.653,28.2,30.925,166.163,14.462,382.518,NA,13.026,102.696,63.789,81.289,61.007,NA,33.387,11.632,84.13,81.426,1.622,86.833,9.626,71.949,110.051,15.314,NA,NA,79.086,16.051,NA,NA,85.639,1.781,24.003,150.563,108.264,9.409,48.346,16.713,95.202,79.86,63.451,17.234,70.654,232.621,113.827,83.841,133.221,61.633,9.732,26.689,125.386,125.238,87.128,95.386
"2062-04",51.865,40.494,28.024,60.221,40.616,50.796,13.148,79.054,22.874,192.637,12.894,278.231,NA,30.442,103.849,65.696,60.951,70.568,NA,33.229,4.191,111.765,74.234,36.9,151.64,11.233,67.689,87.83,19.744,NA,NA,46.648,43.051,NA,NA,109.514,0.872,14.116,187.942,160.63,7.754,29.993,48.518,80.921,70.297,67.89,15.343,65.612,243.897,105.423,54.942,132.358,66.648,6.239,57.577,126.334,111.928,92.698,95.553
"2062-05",57.847,68.447,36.153,25.388,68.258,59.932,35.723,160.081,40.779,192.742,20.104,145.247,NA,38.7,124.71,56.402,51.576,22.491,NA,16.048,7.003,104.326,15.652,42.152,48.361,21.063,47.941,74.66,28.426,NA,NA,57.008,30.628,NA,NA,142.162,1.5,64.953,223.696,45.77,13.858,42.625,83.017,90.178,66.46,60.47,33.948,103.218,227.604,99.729,40.229,125.89,69.097,34.786,161.011,178.858,76.931,93.228,100.254
"2062-06",29.004,50.581,51.993,21.239,8.543,66.988,17.067,230.822,32.877,198.757,87.656,52.14,NA,37.477,59.793,63.476,27.884,28.947,NA,11.424,7.503,178.818,1.821,6.977,32.036,26.262,33.12,36.54,19.738,NA,NA,90.139,2.301,NA,NA,178.369,0.98,214.78,218.896,30.731,14.202,18.094,94.99,92.513,66.692,48.148,20.376,145.327,213.462,87.914,51.38,133.536,64.169,96.743,271.782,157.171,45.493,90.392,97.992
"2062-07",47.978,58.284,53.822,21.75,30.362,67.186,27.824,156.882,22.432,169.456,91.298,8.471,NA,37.67,79.354,50.399,56.227,11.528,NA,6.643,9.597,135.964,2.747,11.807,21.936,13.061,42.981,50.834,33.92,NA,NA,96.004,4.567,NA,NA,211.346,0.012,240.08,190.165,21.251,13.707,28.94,106.644,99.972,59.532,46.46,38.265,189.331,192.648,85.839,54.446,105.865,65.802,115.443,229.028,167.023,39.515,91.058,102.475
"2062-08",65.469,88.021,65.857,21.842,65.573,66.322,42.293,201.955,51.257,191.483,110.655,8.907,NA,40.35,59.932,71.424,64.579,11.957,NA,7.962,7.853,171.62,4.148,17.28,16.201,25.206,18.533,9.595,39.925,NA,NA,81.977,2.922,NA,NA,213.472,0.688,223.788,189.366,7.759,8.771,8.303,63.259,77.871,55.506,46.836,53.706,186.791,198.602,72.179,60.96,99.806,54.099,98.634,235.259,194.997,26.236,86.222,97.875
"2062-09",88.787,83.434,63.9,25.193,89.954,110.269,58.119,149.458,67.724,190.527,93.201,5.306,NA,31.087,99.155,50.799,86.072,21.976,NA,20.741,5.01,104.719,4.569,13.829,12.744,15.426,19.814,13.78,55.903,NA,NA,92.695,2.903,NA,NA,164.165,7.344,159.066,242.003,5.383,6.825,7.913,61.768,63.053,52.422,50.742,48.358,164.162,173.593,65.987,92.943,66.657,65.394,101.452,284.966,162.992,25.257,82.16,95.19
"2062-10",78.247,101.149,60.182,113.095,75.396,137.815,42.42,133.622,87.077,126.115,54.158,9.202,NA,17.818,100.913,54.22,61.888,44.926,NA,40.828,4.529,148.123,4.546,54.075,36.157,7.112,20.132,10.823,48.538,NA,NA,75.84,20.968,NA,NA,150.969,29.997,261.333,228.767,5.882,1.425,21.607,51.583,69.121,44.642,46.104,39.459,195.246,159.854,64.681,123.054,62.563,47.82,97.988,292.458,222.332,20.653,77.917,99.11
"2062-11",58.513,88.993,68.856,108.93,140.776,130.12,67.96,117.574,72.251,146.478,22.125,13.158,NA,11.954,172.13,49.892,102.366,143.942,NA,51.026,2.987,147.135,8.246,134.769,160.767,5.4,31.566,44.904,36.798,NA,NA,71.069,46.476,NA,NA,46.67,6.384,116.6,162.707,22.388,2.435,16.722,41.067,73.615,35.53,26.584,28.64,163.348,175.662,68.846,114.03,80.863,52.147,206.602,86.448,309.295,37.536,67.418,93.981
"2062-12",55.308,107.602,40.541,154.799,127.221,162.901,53.055,43.73,74.27,80.189,17.789,60.938,NA,13.989,135.277,56.494,118.985,134.221,NA,71.074,0.898,56.684,62.623,10.887,173.168,6.255,99.524,79.887,32.566,NA,NA,58.431,70.677,NA,NA,50.552,3.312,12.025,165.463,85.18,2.885,47.691,29.072,71.001,34.476,37.658,30.151,119.912,233.585,83.985,112.235,106.458,61.747,19.517,23.178,287.258,71.855,69.106,97.212
"2063-01",46.475,53.431,34.88,266.361,23.773,119.548,20.986,19.342,43.578,102.796,12.036,79.182,NA,7.97,93.307,35.862,107.308,155.085,NA,66.634,2.903,49.546,51.618,2.048,162.809,5.865,134.669,88.442,22.097,NA,NA,48.753,15.091,NA,NA,62.759,0.842,3.574,137.663,201.465,1.653,187.948,37.399,103.328,44.722,43.09,17.858,85.644,236.088,126.603,132.146,82.762,51.143,8.805,3.898,255.213,73.031,70.664,96.388
"2063-02",34.586,80.105,17.538,85.358,48.688,151.814,26.368,15.38,33.957,86.7,12.08,78.228,NA,21.661,153.174,60.692,82.768,73.237,NA,35.342,3.879,83.743,48.942,5.937,140.186,8.471,130.694,127.129,13.269,NA,NA,50.614,30.314,NA,NA,82.028,0.639,10.006,142.326,76.818,3.904,36.536,13.449,54.455,47.561,50.295,14.165,58.753,240.694,99.034,116.183,83.617,62.313,4.426,9.792,162.941,80.871,74.12,86.787
"2063-03",43.086,55.279,35.261,129.887,38.164,156.038,18.422,15.371,23.425,113.53,10.515,154.848,NA,15.695,103.077,59.925,70.336,180.701,NA,70.689,2.809,69.24,82.342,11.046,170.788,13.301,119.554,137.243,15.542,NA,NA,72.339,40.645,NA,NA,86.274,2.631,27.002,131.132,174.891,7.667,73.399,28.733,58.456,78.793,63.198,20.592,63.006,259.627,112.766,118.227,124.505,65.907,11.199,7.421,129.272,113.018,91.338,98.28
"2063-04",52.226,49.764,42.76,62.884,38.54,61.966,13.855,53.508,21.84,147.208,12.325,301.572,NA,19.821,101.789,55.367,54.167,100.495,NA,41.592,3.655,95.703,62.011,45.529,206.938,8.882,91.612,101.515,18.311,NA,NA,37.091,29.51,NA,NA,130.129,5.504,6.26,133.436,146.366,13.727,46.946,47.708,58.624,75.806,72.567,14.459,55.499,255.921,96.733,54.796,140.642,66.338,7.238,19.621,137.564,110.986,97.996,94.169
"2063-05",51.36,50.951,26.925,52.676,43.477,99.188,14.417,164.313,44.806,239.641,14.07,254.511,NA,46.227,127.524,57.306,50.604,29.088,NA,29.63,11.371,141.541,40.798,35.962,49.425,34.062,48.114,87.964,24.308,NA,NA,55.415,59.636,NA,NA,114.203,2.821,42.907,208.12,62.276,12.009,44.192,67.17,74.526,82.36,64.353,28.141,87.142,252.743,92.553,48.893,157.971,75.052,34.285,76.487,144.677,105.459,93.287,100.428
"2063-06",55.77,20.302,42.998,27.917,50.881,92.227,27.106,248.273,43.151,219.053,70.531,102.687,NA,42.081,68.822,68.093,46.498,8.94,NA,10.963,5.311,178.609,6.62,16.472,56.6,23.5,32.992,21.661,30.671,NA,NA,47.91,9.569,NA,NA,192.134,2.182,93.767,204.412,41.369,25.875,52.467,66.184,87.421,58.137,56.261,23.388,160.861,206.965,90.339,49.823,171.674,72.473,103.216,57.317,174.581,42.792,97.133,101.2
"2063-07",66.249,51.101,51.631,16.247,69.938,80.439,32.479,158.808,43.284,139.833,103.366,10.753,NA,33.742,56.546,69.646,59.551,8.496,NA,6.332,7.062,213.21,2.805,9.861,22.621,28.293,36.361,35.718,38.115,NA,NA,81.217,1.485,NA,NA,220.678,0.093,181,212.422,16.841,15.201,24.446,85.371,99.061,51.674,58.029,47.945,138.948,260.112,76.756,44.821,120.962,64.757,148.525,120.337,186.325,39.651,92.412,99.527
"2063-08",78.177,86.13,63.691,17.506,69.501,103.954,71.331,259.941,61.091,220.523,112.466,7.194,NA,37.698,57.307,51.846,68.771,8.815,NA,4.942,9.675,128.174,5.527,7.246,14.335,49.173,33.472,13.859,34.974,NA,NA,119.176,1.282,NA,NA,230.464,0.757,216.335,187.658,8.646,8.452,20.118,84.796,100.007,55.922,56.814,35.272,217.21,168.458,74.597,66.363,96.992,56.633,168.29,229.933,204.342,35.531,84.158,101.679
"2063-09",90.817,80.371,65.464,27.393,158.168,116.766,76.91,205.537,72.336,173.983,109.027,6.429,NA,16.318,123.243,48.771,76.152,9.089,NA,10.717,3.559,113.902,5.548,51.925,10.48,7.843,16.429,8.247,49.432,NA,NA,82.648,1.976,NA,NA,194.177,6.104,211.567,229.896,12.322,3.68,19.05,35.098,49.015,37.087,58.422,45.92,184.897,163.576,64.452,89.327,62.567,57.207,151.224,334.362,180.742,18.146,81.181,94.272
"2063-10",67.631,91.018,54.537,125.32,108.627,132.727,63.132,136.142,105.276,135.3,48.877,9.93,NA,21.946,139.249,40.478,123.753,58.887,NA,38.361,3.113,133.581,4.785,83.391,63.001,13.349,37.563,22.102,52.907,NA,NA,92.263,39.577,NA,NA,101.677,1.342,170.955,217.314,9.972,7.823,13.936,33.526,54.802,39.3,45.598,45.004,166.234,172.032,62.246,122.72,64.626,71.834,131.533,212.126,237.681,36.172,74.495,97.629
"2063-11",63.716,114.869,44.376,134.29,50.955,110.714,31.717,87.898,77.368,117.58,34.489,14.488,NA,18.62,151.068,55.031,107.81,213.341,NA,94.382,4.245,194.844,50.238,14.166,131.317,9.438,80.687,84.913,32.542,NA,NA,73.998,30.977,NA,NA,28.799,1.926,243.614,202.769,37.434,2.512,18.796,24.04,56.682,40.492,40.603,32.207,155.495,181.506,68.978,113.667,105.086,55.598,96.624,213.419,221.253,62.962,67.401,95.012
"2063-12",57.623,59.089,47.538,199.943,64.127,131.533,28.902,39.269,66.364,75.54,25.668,63.575,NA,12.939,130.067,43.876,115.044,120.773,NA,66.498,1.368,80.126,52.378,51.529,209.621,7.161,107.038,89.325,30.005,NA,NA,64.789,24.307,NA,NA,69.733,0.745,28.468,198.938,116.4,2.427,37.315,18.557,82.281,45.331,28.039,31.794,122.839,212.221,73.508,98.373,107.303,57.385,96.608,40.572,277.894,60.879,66.427,95.179
"2064-01",57.32,73.074,31.093,219.724,38.534,112.814,15.215,24.969,47.62,113.407,23.498,117.979,NA,18.384,79.155,50.826,107.577,90.247,NA,59.31,0.426,27.84,86.324,4.751,65.237,6.819,110.534,89.828,21.311,NA,NA,69.951,30.81,NA,NA,82.384,0.334,4.084,181.587,169.032,5.905,66.533,38.74,111.23,39.036,49.512,26.07,82.715,251.317,109.78,87.022,100.275,52.572,12.294,5.07,220.159,101.284,66.11,93.828
"2064-02",42.452,65.492,28.717,128.371,107.869,140.529,40.65,24.25,55.639,109.093,8.923,69.715,NA,10.847,119.388,55.324,78.049,154.565,NA,64.284,1.004,35.423,99.087,2.486,57.881,9.561,99.651,117.312,17.07,NA,NA,56.291,19.58,NA,NA,79.552,1.031,3.996,138.877,136.426,8.849,53.283,27.571,88.279,46.179,49.424,16.777,67.915,207.769,104.352,94.197,69.438,67.409,3.337,2.62,143.198,101.906,76.432,86.952
"2064-03",43.736,55.968,28.894,143.651,39.283,112.333,24.847,42.244,26.847,152.154,10.823,125.487,NA,18.032,122.457,67.22,90.338,91.45,NA,39.824,3.648,83.952,25.572,11.873,38.053,9.334,212.155,124.863,19.82,NA,NA,65.332,90.369,NA,NA,95.89,3.485,12.266,159.989,100.797,4.183,107.813,29.331,102.661,62.381,61.062,20.724,68.166,251.926,106.843,90.596,125.017,57.08,4.643,25.565,136.731,125.247,94.642,97.555
"2064-04",43.362,40.731,21.276,85.193,10.04,38.992,7.185,64.666,21.823,205.512,12.914,326.412,NA,15.297,109.125,72.676,88.239,64.532,NA,24.359,2.5,118.361,106.133,15.417,206.488,10.149,71.56,81.732,23.327,NA,NA,64.858,22.733,NA,NA,110.962,2.253,18.696,181.434,127.322,5.946,66.748,43.531,84.34,76.778,72.994,20.605,57.414,245.226,100.314,53.407,129.169,56.846,5.431,43.384,163.064,107.674,95.749,93.831
"2064-05",50.511,41.648,30.333,54.257,10.518,72.326,9.086,167.965,42.666,207.51,28.405,263.016,NA,49.584,68.931,66.807,71.074,14.009,NA,18.644,6.877,155.079,125.355,20.99,69.391,23.189,44.608,100.572,25.653,NA,NA,55.142,45.207,NA,NA,128.31,3.052,49.985,218.734,63.482,34.685,42.875,76.492,67.621,79.72,53.761,27.48,94.253,198.728,102.069,48.609,227.225,63.948,39.977,200.01,194.66,83.096,98.607,102.075
"2064-06",49.256,35.716,41.553,16.119,87.45,89.863,62.876,259.157,53.985,228.388,116.482,19.544,NA,39.29,81.537,55.266,42.337,28.542,NA,20.392,5.036,254.819,16.378,6.725,19.7,36.684,35.99,31.814,40.444,NA,NA,52.911,31.524,NA,NA,236.473,0.544,115.774,241.763,22.708,40.863,41.626,62.414,77.614,50.75,64.175,37.535,140.518,205.456,86.373,37.935,180.456,77.631,97.86,89.428,195.912,44.548,96.92,99.811
"2064-07",68.002,70.56,43.74,21.049,59.309,77.223,59.39,283.73,43.414,225.675,176.607,11.012,NA,29.501,57.602,62.584,50.652,9.506,NA,8.453,9.774,147.948,3.789,21.082,21.092,19.326,45.754,36.282,56.014,NA,NA,31.179,1.424,NA,NA,207.924,0.724,175.417,198.166,8.804,57.588,35.526,92.043,98.615,64.126,59.813,55.671,179.112,199.411,80.57,43.939,136.161,55.448,112.117,162.667,190.437,43.379,90.344,100.083
"2064-08",81.778,69.597,62.377,23.558,92.726,79.528,77.499,204.036,74.226,239.572,114.612,5.551,NA,33.754,69.884,61.634,40.145,19.129,NA,8.151,6.381,194.92,5.157,44.456,16.642,9.903,37.604,27.594,54.531,NA,NA,56.69,0.752,NA,NA,218.675,0.031,240.547,184.921,8.62,9.711,42.209,62.671,93.577,64.308,56.839,45.33,181.299,166.17,72.602,58.636,71.649,54.426,171.877,302.051,232.472,30.643,93.309,98.92
"2064-09",83.676,83.369,60.498,30.254,153.949,119.472,118.476,144.875,108.047,139.891,74.21,5.961,NA,20.818,50.076,47.405,101.72,7.903,NA,16.47,4.715,163.303,5.489,36.717,11.483,8.952,20.991,9.265,45.404,NA,NA,95.127,11.275,NA,NA,150.376,2.634,287.121,214.159,11.849,4.136,17.881,40.709,65.746,50.806,53.663,40.035,183.245,136.611,65.857,89.05,69.86,43.045,185.248,276.424,216.658,23.108,82.747,94.574
"2064-10",102.242,93.95,52.95,113.969,167.041,156.26,165.938,240.593,161.275,164.316,101.227,5.547,NA,18.219,76.551,43.738,67.989,36.796,NA,38.937,5.371,181.26,6.325,134.738,71.126,8.625,24.34,11.403,48.054,NA,NA,87.183,13.998,NA,NA,128.988,35.418,228.988,203.046,21.249,3.457,25.742,31.572,62.08,43.201,56.787,49.964,203.283,107.499,67.041,111.464,72.978,47.71,196.512,239.3,245.662,29.244,78.782,96.153
"2064-11",58.138,78.676,41.121,144.691,22.891,97.694,26.735,92.87,95.784,133.256,20.879,9.568,NA,7.782,91.584,33.731,108.263,133.557,NA,65.483,1.665,164.202,16.831,13.408,123.317,7.408,51.932,40.164,44.099,NA,NA,61.379,29.393,NA,NA,82.888,0.47,136.787,284.122,38.359,3.269,97.389,27.564,87.018,43.391,51.383,32.352,166.831,136.448,66.165,110.741,100.291,45.984,74.752,205.356,218.738,59.814,68.531,94.57
"2064-12",57.466,99.27,37.274,148.221,58.89,105.952,27.428,47.822,83.947,114.845,26.457,108.576,NA,15.673,156.253,67.164,126.532,53.517,NA,44.661,5.776,35.56,206.678,12.842,183.765,15.377,73.133,54.352,35.683,NA,NA,61.065,4.487,NA,NA,107.797,0.147,50.184,262.348,107.081,2.913,95.683,20.535,101.395,43.591,35.428,31.709,122.863,224.89,80.237,99.251,104.334,62.391,84.78,69.833,277.593,82.781,67.333,100.491
"2065-01",49.662,81.406,34.803,83.4,55.55,88.993,31.445,30.345,59.898,65.93,21.716,160.902,NA,9.069,113.936,54.59,121.644,209.676,NA,75.594,1.114,4.901,271.604,0.442,117.33,11.647,232.949,238.65,28.315,NA,NA,63.669,15.345,NA,NA,81.044,0.225,42.778,265.772,278.838,6.017,129.938,63.492,67.881,49.779,47.524,23.867,78.185,235.46,103.823,106.155,96.836,66.002,33.089,80.798,281.562,112.488,72.574,100.055
"2065-02",42.107,74.415,38.331,139.004,45.233,104.714,17.581,21.797,37.188,81.311,15.193,89.347,NA,12.37,94.037,58.072,92.331,155.341,NA,59.82,4.059,61.928,90.724,0.22,54.303,9.55,160.101,108.156,17.473,NA,NA,70.915,11.631,NA,NA,59.595,0.019,30.613,223.267,289.911,60.13,84.012,44.349,83.411,64.781,42.67,15,76.327,158.999,119.375,85.564,91.528,58.498,26.281,36.493,121.629,91.738,69.849,86.711
"2065-03",72.77,60.217,49.268,77.895,55.603,48.636,16.624,26.368,39.57,107.753,17.855,334.613,NA,23.01,107.205,79.524,92.768,59.456,NA,50.634,4.977,78.542,110.193,0.342,111.879,17.284,98.184,66.55,16.486,NA,NA,71.78,26.397,NA,NA,93.917,0.099,24.544,185.133,213.357,37.608,148.634,39.479,105.066,86.074,77.975,25.626,68.964,185.713,115.802,62.467,143.29,71.069,5.041,57.036,142.97,102.267,86.309,93.635
"2065-04",45.504,43.416,40.604,78.012,13.935,33.749,4.614,125.348,19.726,219.814,12.775,323.585,NA,26.586,56.959,63.963,52.327,39.897,NA,26.691,3.214,78.183,123.863,3.93,27.556,18.475,59.51,81.244,18.935,NA,NA,45.481,11.321,NA,NA,130.546,0.182,49.581,205.339,189.342,18.928,62.941,78.303,119.584,81.878,56.546,23.202,77.154,170.721,121.761,47.637,153.714,49.992,15.965,170.682,92.939,109.045,91.088,93.416
"2065-05",40.658,36.741,40.328,41.394,101.75,73.309,39.73,178.534,53.145,156.162,16.474,269.506,NA,42.797,77.625,67.381,56.059,43.441,NA,21.876,4.147,222.067,45.486,17.594,81.609,13.385,41.118,27.695,18.14,NA,NA,49.658,28.058,NA,NA,103.44,3.721,84.234,189,142.253,27.963,52.28,70.129,128.188,82.646,57.147,18.083,104.758,155.366,107.982,56.515,181.473,64.352,91.839,161.715,201.344,69.679,86.396,97.058
"2065-06",54.296,50.488,58.451,19.382,30.417,58.834,26.167,212.265,31.904,197.631,90.695,77.969,NA,44.965,57.292,59.766,22.114,45.883,NA,14.583,2.883,275.304,8.048,5.808,18.861,22.509,46.847,59.631,25.433,NA,NA,83.968,21.901,NA,NA,145.709,1.068,199.858,187.367,68.708,51.813,50.065,83.864,121.271,50.945,58.351,28.444,143.874,168.378,94.448,40.679,190.582,74.347,102.539,241.543,166.69,52.646,92.871,95.303
"2065-07",37.811,62.202,42.752,21.488,28.308,81.142,27.4,173.519,34.724,123.695,118.391,8.075,NA,34.577,26.734,67.766,37.148,31.854,NA,10.759,6.195,246.111,3.279,4.472,14.419,14.409,15.889,28.432,30.107,NA,NA,84.778,3.667,NA,NA,134.901,0.095,175.962,225.743,21.617,34.689,98.203,91.675,140.099,67.715,57.451,32.278,160.338,171.833,92.384,55.781,119.456,53.914,119.04,143.178,219.539,35.289,90.986,98.603
"2065-08",66.442,67.327,65.614,18.276,33.895,100.469,46.168,205.96,61.28,213.547,106.452,7.28,NA,46.034,24.766,59.906,60.784,12.348,NA,12.228,8.003,157.869,3.241,16.735,9.951,15.579,18.426,9.765,32.654,NA,NA,99.565,0.685,NA,NA,222.282,0.699,111.984,234.144,14.958,40.655,42.747,83.098,100.203,57.716,52.893,34.139,173.811,145.339,82.419,76.173,79.998,41.92,129.719,179.159,256.398,28.875,85.409,97.573
"2065-09",75.103,85.228,70.021,34.082,191.392,119.292,129.036,222.534,118.268,221.458,74.673,6.839,NA,30.07,107.613,50.272,85.892,6.733,NA,17.799,3.896,135.353,4.072,49.098,11.058,6.485,40.459,18.047,39.94,NA,NA,88.26,1.207,NA,NA,150.031,7.104,222.803,221.788,12.279,5.684,27.972,66.05,103.212,44.346,59.722,49.56,182.957,122.059,62.09,97.743,52.586,51.937,124.686,324.693,178.547,35.495,76.931,91.992
"2065-10",85.295,93.976,73.815,138.303,206.639,135.64,98.04,169.769,119.988,132.485,51.129,7.012,NA,21.636,115.215,53.451,117.592,36.758,NA,21.401,4.393,157.221,5.505,61.636,58.066,6.079,29.087,20.722,50.212,NA,NA,70.244,39.503,NA,NA,126.509,4.246,254.258,227.887,19.042,2.897,21.239,44.678,56.1,38.903,48.864,49.113,198.814,100.129,77.583,103.214,66.109,56.506,158.539,200.528,259.277,34.11,79.39,98.634
"2065-11",64.439,84.906,61.682,119.161,84.033,138.208,44.562,124.314,86.427,196.384,36.285,16.874,NA,14.263,142.68,53.216,97.654,121.7,NA,46.342,1.723,145.57,18.867,43.756,132.366,7.511,63.446,40.268,39.298,NA,NA,76.012,49.145,NA,NA,62.381,0.752,101.229,239.247,79.893,3.018,30.948,32.89,53.126,43.347,42.446,35.989,163.866,122.735,79.024,121.522,100.188,52.288,109.931,200.877,243.037,62.246,70.273,95.028
"2065-12",50.443,96.05,39.421,173.574,42.983,105.474,27.681,42.18,65.307,102.743,16.274,94.606,NA,15.668,147.098,55.307,130.445,163.41,NA,71.546,2.425,43.257,85.469,4.992,185.729,9.518,67.097,53.349,34.266,NA,NA,54.459,37.104,NA,NA,81.717,0.199,111.423,289.267,140.234,2.179,128.537,35.523,64.423,28.746,29.857,27.986,115.375,227.539,85.064,96.26,107.63,57.428,93.045,166.199,297.004,66.574,67.155,99.422
"2066-01",54.983,57.402,36.632,99.651,29.035,74.725,37.582,30.707,62.844,55.506,18.221,127.927,NA,11.43,139.473,51.167,98.695,128.915,NA,76.645,1.039,15.722,93.874,1.294,118.551,8.106,197.312,144.79,22.744,NA,NA,86.618,32.465,NA,NA,106.044,0.107,19.233,271.23,289.208,5.255,110.542,48.827,70.284,42.135,40.663,31.031,83.243,220.018,115.749,93.535,91.515,62.301,27.388,24.563,207.476,86.251,76.547,96.438
"2066-02",52.336,59.143,28.109,112.252,48.502,71.014,19.039,26.886,56.416,84.863,13.157,114.252,NA,22.567,117.531,74.148,89.518,65.152,NA,63.279,0.754,56.307,40.184,0.176,147.626,6.509,113.504,76.514,20.782,NA,NA,63.896,12.433,NA,NA,89.531,0.09,64.635,234.966,265.62,15.763,94.391,55.6,73.698,54.222,39.931,22.343,63.32,209.385,104.591,65.574,92.605,54.929,54.749,133.478,174.304,93.906,74.892,88.294
"2066-03",36.07,77.149,32.784,60.395,61.818,90.894,16.943,44.279,32.451,144.304,11.47,210.101,NA,11.546,124.704,60.764,129.669,119.485,NA,41.921,3.992,64.535,21.788,0.45,107.334,9.508,128.653,114.878,14.549,NA,NA,53.789,52.53,NA,NA,122.683,0.004,40.376,195.963,260.915,28.535,69.301,52.34,82.602,82.113,64.936,21.965,60.726,230.156,107.581,74.772,103.587,58.795,13.354,71.647,116.457,128.003,85.512,94.257
"2066-04",53.335,42.278,33.611,61.737,28.994,37.504,13.82,61.283,36.217,147.015,10.359,331.078,NA,12.911,53.774,57.091,64.726,49.924,NA,25.591,2.901,100.226,138.507,29.897,104.585,11.543,88.964,56.906,21.907,NA,NA,80.424,10.912,NA,NA,112.901,0.39,46.518,195.661,151.709,45.482,99.077,52.778,84.62,77.113,77.735,25.286,61.554,230.765,114.833,46.915,150.067,56.122,18.389,152.376,133.564,102.865,92.855,93.491
"2066-05",46.291,38.237,43.506,49.656,101.617,60.187,42.656,144.229,60.285,225.618,14.43,135.828,NA,41.357,60.929,59.131,53.772,9.876,NA,15.401,8.486,148.528,69.698,9.44,72.227,45.983,63.848,50.651,20.13,NA,NA,60.128,6.724,NA,NA,151.439,2.517,47.27,241.725,91.151,64.275,124.094,56.602,118.021,62.141,66.358,22.383,101.507,203.572,114.033,36.783,192.87,81.375,66.933,176.205,149.231,74.407,96.275,100.31
"2066-06",71.962,58.53,32.347,24.469,97.656,54.227,49.982,258.544,43.386,242.375,85.916,60.066,NA,44.007,49.347,54.197,36.613,27.976,NA,14.447,7.321,225.67,3.619,4.157,25.312,19.875,43.658,65.795,30.034,NA,NA,70.839,0.592,NA,NA,252.684,1.266,120.963,218.005,49.167,28.412,54.251,52.966,62.895,64.159,55.498,41.212,147.213,191.712,96.258,32.495,193.313,62.023,85.872,46.996,145.366,54.84,89.334,95.578
"2066-07",59.169,73.375,48.984,16.924,37.434,86.702,33.345,192.678,40.975,213.85,155.499,9.12,NA,52.716,59.555,70.139,42.484,12.791,NA,8.423,10.742,162.613,3.517,6.053,18.877,22.939,36.115,58.866,29.377,NA,NA,76.774,6.025,NA,NA,144.517,0.165,131.573,234.029,20.427,29.422,41.583,73.511,102.383,56.912,46.681,32.494,147.555,197.756,94.39,48.529,139.664,61.705,96.419,203.465,189.647,44.666,84.911,96.148
"2066-08",72.281,61.984,81.078,22.644,29.43,64.097,40.998,180.863,38.695,176.563,75.397,5.167,NA,33.338,54.98,56.588,60.867,11.831,NA,11.208,6.911,176.257,5.053,46.367,13.958,19.023,25.847,18.283,46.913,NA,NA,111.311,1.911,NA,NA,207.575,2.526,213.177,253.97,9.414,17.94,25.631,81.08,102.254,57.185,38.356,44.47,165.013,175.57,80.301,73.029,56.437,60.526,142.665,291.951,192.632,28.066,87.093,99.046
"2066-09",79.026,68.057,69.138,57.554,151.546,113.769,77.321,148.112,74.717,153.889,51.931,5.701,NA,32.545,58.339,64.165,88.808,10.175,NA,10.62,6.677,131.41,4.806,37.452,17.465,14.747,45.641,15.522,40.667,NA,NA,143.255,3.875,NA,NA,181.297,3.94,238.625,220.109,4.638,3.304,7.726,65.064,86.915,40.494,46.025,58.373,162.961,166.522,66.77,94.409,65.271,44.338,134.253,318.682,200.8,35.282,78.809,95.295
"2066-10",69.607,88.885,70.237,37.435,163.162,174.153,71.384,167.56,121.404,168.757,57.411,8.891,NA,23.916,133.437,54.367,111.508,106.033,NA,54.425,5.214,114.134,5.631,43.884,21.999,7.192,23.242,12.08,55.015,NA,NA,123.702,79.22,NA,NA,128.773,21.689,239.575,240.882,10.249,3.269,19.602,36.825,72.066,44.007,41.282,47.6,176.141,156.341,70.391,121.945,55.22,55.463,156.482,226.076,244.047,35.904,73.428,98.594
"2066-11",76.986,89.17,45.654,77.626,79.251,94.659,52.783,88.347,84.867,108.46,42.352,13.914,NA,14.838,174.868,54.417,144.13,48.18,NA,56.045,1.118,97.546,21.585,11.987,106.104,5.051,49.235,34.202,44.034,NA,NA,112.512,20.586,NA,NA,101.927,2.266,208.608,266.091,34.986,1.974,20.129,26.672,77.226,43.193,43.31,38.858,159.378,167.867,64.363,107.836,74.549,55.202,74.826,327.798,231.419,60.666,69.971,96.209
"2066-12",42.8,96.19,35.406,109.845,140.772,127.928,56.204,44.885,65.371,74.214,19.265,55.669,NA,9.869,193.841,30.627,144.042,95.307,NA,61.935,0.18,23.712,61.399,15.024,162.434,7.033,127.264,173.527,43.684,NA,NA,75.638,5.7,NA,NA,102.045,2.267,30.687,311.978,126.016,2.008,50.471,16.627,83.752,41.114,43.953,38.104,117.264,254.37,74.862,103.139,78.657,60.053,39.114,67.098,216.844,84.772,69.139,99.301
"2067-01",49.344,66.871,35.879,99.883,123.794,87.682,49.081,27.407,60.174,58.84,17.729,87.475,NA,15.011,138.625,54.893,138.668,85.38,NA,51.175,5.305,23.793,36.808,0.969,92.776,6.08,241.764,108.016,25.791,NA,NA,61.507,36.819,NA,NA,71.086,0.317,26.508,230.882,197.102,9.212,47.821,41.046,75.652,45.629,31.111,30.188,95.261,227.588,93.323,96.04,89.035,62.672,21.832,48.888,236.368,99.626,72.4,96.654
"2067-02",38.138,54.041,26.318,132.51,86.598,116.625,38.232,33.569,41.706,116.481,18.514,142.249,NA,16.667,117.026,68.864,108.269,86.775,NA,42.906,5.375,33.703,35.54,0.292,16.72,9.625,117.842,68.87,22.287,NA,NA,57.931,58.617,NA,NA,95.068,0.007,9.44,194.11,367.693,7.32,72.752,62.291,85.001,50.356,46.246,25.827,70.054,191.263,108.769,91.35,93.473,53.109,22.343,9.79,135.059,100.064,72.571,90.085
"2067-03",56.395,54.674,25.462,84.746,67.277,80.028,21.717,40.867,32.145,156.361,18.548,291.14,NA,13.176,133.435,49.828,115.418,80.625,NA,51.086,0.898,100.782,30.28,1.496,49.875,9.289,180.304,107.608,23.397,NA,NA,59.032,41.804,NA,NA,86.441,1.081,18.204,155.457,229.643,56.469,93.176,66.65,74.211,67.352,63.663,21.403,66.367,236.97,120.666,80.158,108.475,65.698,5.375,11.35,110.484,113.062,90.94,94.968
"2067-04",57.424,38.897,34.622,60.387,10.561,45.521,7.207,90.852,39.741,173.464,10.687,248.857,NA,29.638,54.695,76.307,72.827,29.484,NA,19.428,5.536,104.148,97.956,16.303,139.94,9.477,93.295,95.505,22.432,NA,NA,50.93,43.855,NA,NA,64.462,2.117,32.087,179.391,139.002,5.872,84.328,53.849,63.969,82.854,68.429,31.212,72.473,237.486,106.319,58.213,167.108,62.02,16.717,58.81,133.695,106.208,92.375,95.889
"2067-05",42.379,56.868,31.378,41.9,41.839,95.531,13.928,141.011,21.372,198.326,43.765,142.381,NA,34.42,123.316,43.529,56.853,94.163,NA,28.742,3.896,245.432,18.481,14.643,49.572,17.284,47.597,86.274,19.331,NA,NA,71.184,6.154,NA,NA,165.697,3.013,85.986,221.086,104.099,8.583,85.933,38.942,77.343,68.63,74.531,25.455,106.288,227.504,98.834,56.307,165.902,72.939,96.038,101.129,181.689,71.125,97.957,100.941
"2067-06",56.339,34.506,33.205,44.749,42.423,79.305,23.771,222.49,42.698,232.622,131.378,24.597,NA,39.788,63.598,47.883,42.789,9.129,NA,7.699,9.112,247.214,7.339,3.458,19.491,18.539,49.513,106.928,31.705,NA,NA,27.094,3.456,NA,NA,214.004,1.341,122.606,195.973,41.221,46.291,72.625,98.159,84.87,65.237,46.708,24.361,143.409,206.956,85.937,50.688,152.753,60.394,122.402,193.19,167.837,48.724,85.793,97.436
"2067-07",70.624,39.06,59.27,23.788,31.437,71.206,35.223,164.126,38.175,139.148,119.108,7.753,NA,44.097,50.48,54.782,36.463,19.167,NA,7.635,10.751,176.378,2.819,9.702,17.147,35.837,54.499,72.434,38.444,NA,NA,51.769,3.854,NA,NA,192.188,0.07,176.263,192.604,12.829,14.58,15.207,137.264,123.023,58.046,44.193,38.024,179.679,215.386,89.114,59.328,99.909,68.775,150.739,167.716,168.804,36.391,84.728,103.554
"2067-08",63.464,89.149,60.406,24.171,101.657,112.413,71.907,202.538,54.031,209.472,73.646,7.054,NA,42.158,38.777,62.6,58.812,11.476,NA,6.664,11.922,149.676,3.908,13.429,14.146,11.452,31.777,40.874,33.948,NA,NA,104.266,3.203,NA,NA,199.232,0.076,188.249,177.322,9.255,8.23,23.023,86.171,96.4,52.866,47.179,45.894,206.951,217.502,72.779,81.253,75.602,46.883,127.185,259.108,164.647,32.468,84.32,102.981
"2067-09",76.084,82.837,60.64,24.497,134.34,128.652,74.42,143.729,84.862,152.273,33.708,5.136,NA,25.829,43.618,55.48,76.248,8.917,NA,15.634,7.831,134.536,5.427,16.275,11.527,11.239,31.963,9.264,60.051,NA,NA,64.473,16.511,NA,NA,151.615,4.47,174.554,219.846,8.712,8.746,22.763,48.974,74.541,55.292,62.212,52.32,188.432,191.481,66.964,87.1,49.812,39.73,111.601,309.658,166.002,23.595,87.16,97.328
"2067-10",65.874,104.07,67.173,117.458,118.162,161.975,64.797,147.996,94.381,182.555,43,6.318,NA,15.852,114.237,53.912,102.974,72.137,NA,30.623,8.188,171.248,3.488,52.918,58.366,8.517,63.986,15.608,51.141,NA,NA,104.492,43.708,NA,NA,120.542,22.729,227.528,181.072,9.746,3.174,15.079,38.884,58.987,41.737,53.801,39.669,188.81,187.594,63.798,125.901,56.583,61.987,114.409,155.97,231.155,45.549,79.39,98.101
"2067-11",53.817,78.802,53.799,79.931,86.905,129.913,55.471,131.24,114.265,195.984,44.988,14.17,NA,12.92,184.633,33.88,110.225,123.187,NA,46.694,5.738,172.972,6.194,24.232,140.962,7.334,56.705,58.925,51.83,NA,NA,75.883,35.714,NA,NA,126.034,0.025,55.708,230.555,8.488,3.315,24.812,29.628,80.373,45.84,38.802,39.293,156.537,173.151,62.75,124.118,70.911,54.382,101.971,164.47,242.069,66.069,75.064,96.284
"2067-12",71.292,85.693,49.528,160.976,92.315,128.648,66.413,45.212,84.751,95.521,17.987,28.85,NA,12.261,138.827,47.931,107.234,172.19,NA,68.708,1.344,70.489,26.067,10.271,123.231,5.497,145.266,114.144,32.416,NA,NA,70.924,43.746,NA,NA,48.342,0.701,25.078,236.61,42.582,2.705,105.713,19.819,91.055,46.396,29.349,31.98,124.208,246.248,72.967,117.62,101.384,59.854,55.52,71.682,290.912,67.121,70.79,99.385
"2068-01",62.254,85.17,34.766,146.371,98.741,136.272,40.481,22.432,49.587,82.805,14.192,72.965,NA,14.811,196.279,59.447,125.127,118.804,NA,75.767,1.58,80.08,82.87,5.208,116.313,14.588,82.564,64.636,27.187,NA,NA,68.044,59.668,NA,NA,58.868,2.12,12.531,160.594,175.944,1.577,97.422,19.689,75.862,35.95,49.041,29.652,81.124,281.471,107.212,109.731,84.596,61.536,23.366,14.291,232.497,68.185,72.488,95.734
"2068-02",33.175,61.843,32.376,143.445,50.982,154.272,25.045,22.205,35.049,125.232,15.854,128.272,NA,8.331,136.226,54.967,102.118,75.249,NA,42.349,12.3,42.978,43.235,4.29,97.555,6.493,142.253,151.924,17.85,NA,NA,61.742,34.526,NA,NA,86.334,7.861,14.927,105.478,194.094,2.051,66.15,34.966,50.541,37.885,41.695,22.009,66.835,210.844,109.207,94.822,67.624,62.97,5.413,7.591,149.695,83.356,76.782,85.355
"2068-03",31.158,45.876,31.876,135.393,75.144,227.917,31.011,100.064,41.838,319.807,9.955,165.178,NA,16.007,109.102,52.852,97.778,141.525,NA,55.53,3.29,91.767,110.549,26.795,74.296,8.185,174.872,193.428,21.642,NA,NA,66.701,64.843,NA,NA,90.202,24.303,12.214,102.685,240.328,12.611,72.593,29.042,84.662,75.407,78.35,25.531,70.693,250.365,116.7,113.29,85.17,71.343,5.496,4.025,85.88,125.424,86.461,96.823
"2068-04",45.972,41.885,38.108,41.006,15.148,53.663,8.342,64.037,25.448,203.997,10.346,159.884,NA,36.086,127.034,92.424,55.868,104.993,NA,41.508,1.712,99.45,176.244,22.702,207.154,13.494,57.361,71.698,13.943,NA,NA,54.437,111.505,NA,NA,128.746,6.644,13.881,135.961,70.936,17.225,68.249,53.851,119.989,80.6,66.744,22.674,59.736,277.272,99.975,74.264,126.642,67.646,5.509,18.841,152.265,93.533,85.811,94.654
"2068-05",37.323,47.046,23.822,45.642,9.582,95.323,7.892,146.015,40.435,225.756,38.065,109.201,NA,36.359,79.455,70.419,55.901,20.815,NA,15.009,8.527,173.485,68.031,72.75,111.775,46.944,53.343,63.217,18.733,NA,NA,36.773,132.509,NA,NA,149.138,0.308,31.726,202.577,68.948,9.077,74.068,58.903,68.587,69.244,71.763,21.601,81.252,279.889,96.404,58.816,169.929,77.231,21.494,87.075,199.835,68.626,96.704,102.207
"2068-06",50.735,36.506,57.377,20.004,36.713,51.607,14.584,269.784,30.635,224.62,106.714,55.106,NA,44.379,87.336,53.012,31.157,19.642,NA,18.517,7.803,195.689,12.692,12.76,37.648,17.533,51.7,53.585,26.139,NA,NA,62.598,26.267,NA,NA,186.237,0.552,110.035,195.951,35.145,55.571,62.965,71.955,98.708,69.659,60.935,21.335,131.589,235.572,81.724,56.467,174.487,62.698,110.688,49.769,187.922,51.386,91.012,99.254
"2068-07",60.546,35.881,40.11,20.143,50.759,75.228,26.946,210.303,36.45,172.009,202.989,7.934,NA,43.675,83.456,72.474,44.028,16.943,NA,7.574,6.338,147.268,3.034,5.962,25.567,14.358,28.754,25.374,39.22,NA,NA,53.092,0.179,NA,NA,140.199,0.229,150.517,201.314,18.58,17.998,28.268,74.762,84.072,61.83,58.628,41.514,167.581,252.631,76.901,59.137,111.168,61.077,153.365,125.098,190.149,38.638,95.635,103.481
"2068-08",80.516,63.568,71.998,23.923,31.213,88.547,27.753,134.352,38.616,102.409,93.548,8.009,NA,28.768,49.215,48.498,60.79,13.57,NA,7.935,7.668,150.998,4.122,25.603,14.482,12.287,35.987,28.597,65.27,NA,NA,36.478,5.382,NA,NA,208.308,0.695,196.612,195.587,16.266,10.069,28.397,56.57,85.197,67.457,65.97,58.743,188.756,231.563,69.59,71.544,73.792,48.997,173.395,292.985,181.992,34.91,89.679,103.601
"2068-09",83.384,113.505,65.919,44.553,178.131,118.074,94.543,229.422,65.343,263.322,46.54,4.519,NA,28.608,85.574,48.005,82.68,11.496,NA,7.698,5.581,124.214,5.395,52.004,13.4,11.54,23.819,11.077,51.174,NA,NA,71.836,6.761,NA,NA,178.573,6.858,112.198,251.155,7.674,3.108,40.351,40.911,93.345,49.873,56.784,41.886,188.516,187.62,55.717,94.277,59.605,54.967,87.466,268.565,154.847,33.69,85.117,95.078
"2068-10",89.623,110.432,60.541,75.65,123.439,149.882,90.448,179.988,139.189,167.075,62.217,6.526,NA,16.327,86.412,46.058,55.802,94.154,NA,52.625,4.381,161.318,4.286,69.818,65.637,5.9,21.02,10.001,44.067,NA,NA,104.106,11.589,NA,NA,107.308,29.013,217.553,194.861,15.342,2.438,16.506,25.732,69.164,38.076,48.086,37.667,183.772,155.878,66.658,99.75,69.984,49.093,177.615,211.621,252.3,33.056,84.437,97.001
"2068-11",69.585,93.899,64.456,98.604,68.928,152.871,46.03,92.445,104.891,114.062,52.896,13.113,NA,10.465,135.444,45.093,108.021,105.897,NA,51.85,4.106,168.627,17.169,127.745,143.21,5.326,89.125,64.132,37.71,NA,NA,86.269,13.333,NA,NA,64.461,0.233,178.871,224.793,29.972,3.845,16.575,33.594,48.662,33.794,49.209,31.904,162.119,180.729,65.897,106.574,87.076,58.513,191.645,197.986,244.037,54.715,70.652,96.286
"2068-12",65.634,85.012,45.276,157.727,37.769,100.928,25.143,51.029,78.37,98.824,32.762,50.852,NA,9.649,134.999,26.943,75.691,136.535,NA,61.708,3.153,84.673,46.318,14.852,133.493,6.935,127.174,228.718,33.375,NA,NA,70.233,83.253,NA,NA,43.94,2.742,35.434,236.167,94.747,2.825,53.961,18.973,88.181,43.805,35.543,33.407,128.49,255.385,77.744,105.111,106.865,52.151,80.011,40.412,260.801,83.021,68.92,99.248
"2069-01",57.958,77.869,36.177,172.462,160.639,98.251,48.795,29.053,66.161,67.461,24.123,101.526,NA,10.365,136.03,40.248,89.236,100.295,NA,63.846,1.7,40.481,48.11,2.053,113.814,7.895,139.774,205.151,27.921,NA,NA,64.447,77.829,NA,NA,125.016,1.66,35.575,192.042,202.953,6.034,152.608,31.551,123.719,45.514,44.806,24.592,86.824,283.828,89.769,101.606,87.779,61.791,36.014,37.877,257.054,95.141,73.027,97.871
"2069-02",45.138,73.845,37.915,107.047,57.545,72.5,18.75,15.531,31.784,58.449,12.62,53.945,NA,12.674,83.63,75.319,70.763,68.507,NA,35.921,2.155,52.672,59.217,0.664,106.914,5.605,120.666,142.957,17.669,NA,NA,49.884,29.502,NA,NA,101.958,0.019,17.529,184.149,218.029,39.89,214.647,26.436,103.095,62.108,35.061,21.524,63.992,219.255,108.621,70.038,73.945,53.416,8.717,34.695,161.717,112.593,72.765,86.813
"2069-03",62.762,40.701,37.313,64.662,30.655,136.172,12.701,34.835,33.921,116.827,16.723,157.823,NA,17.806,119.124,70.315,76.939,77.464,NA,46.535,2.488,87.19,39.363,0.72,75.595,19.271,153.98,106.968,14.704,NA,NA,89.32,23.766,NA,NA,104.176,0.498,26.166,172.409,219.78,19.013,110.759,23.264,80.167,86.806,67.499,19.062,73.026,220.121,113.613,80.095,103.81,67.779,5.682,23.88,126.967,110.912,94.749,97.266
"2069-04",41.095,66.296,33.714,41.09,15.861,37.727,5.968,99.74,16.944,229.227,11.596,356.397,NA,23.614,97.552,66.924,70.896,104.107,NA,35.829,2.895,82.867,144.761,5.322,173.77,11.746,91.567,94.704,17.055,NA,NA,74.056,10.177,NA,NA,105.39,0.223,18.466,180.202,154.958,14.605,94.293,46.709,112.232,69.12,71.471,23.441,68.926,201.786,110.345,50.992,149.364,63.526,5.505,91.022,162.102,92.739,92.376,94.529
"2069-05",49.161,37.6,27.74,31.829,8.713,89.884,7.882,181.069,43.935,170.704,12.175,290.198,NA,39.532,54.193,80.258,37.293,39.427,NA,21.257,6.442,209.819,76.856,10.453,57.382,16.317,48.885,50.191,19.859,NA,NA,52.983,16.838,NA,NA,123.331,2.592,62.662,229.558,127.058,68.009,72.301,75.887,100.657,70.683,66.216,23.047,120.556,185.329,100.876,46.393,226.73,50.812,58.213,163.301,154.492,74.492,101.301,100.962
"2069-06",49.208,27.947,38.592,16.58,18.283,64.961,14.208,188.969,16.107,176.372,91.3,45.629,NA,41.847,56.152,69.292,36.984,11.122,NA,6.279,3.782,236.255,28.826,4.473,23.964,20.249,38.848,42.734,36.26,NA,NA,71.111,2.462,NA,NA,204.808,1.96,164.727,225.186,69.163,37.816,54.233,71.57,98.648,67.52,57.48,46.95,149.014,167.359,88.792,48.763,220.081,53.807,148.523,177.453,171.765,58.342,89.505,97.553
"2069-07",49.969,52.443,48.097,19.684,30.737,100.656,22.154,173.52,28.753,190.278,128.046,9.754,NA,42.813,46.742,58.286,60.694,22.027,NA,9.573,10.191,230.352,2.514,10.83,17.695,14.419,22.543,17.674,51.414,NA,NA,69.189,1.295,NA,NA,192.677,0.24,122.658,242.821,21.973,31.995,107.304,75.23,132.663,64.062,59.268,49.242,162.281,168.848,89.551,54.267,143.202,61.483,140.69,176.423,203.995,42.561,91.871,99.333
"2069-08",85.309,57.272,84.33,33.928,23.09,99.635,36.296,194.999,49.21,187.839,58.848,6.033,NA,28.981,32.209,70.353,39.409,16.553,NA,7.243,7.029,215.365,4.076,58.19,11.293,19.108,32.625,14.819,37.749,NA,NA,98.867,2.591,NA,NA,231.407,2.328,215.079,221.376,13.081,20.1,33.684,85.296,100.257,59.193,48.316,54.465,185.461,114.341,76.926,65.61,91.142,41.452,171.007,275.262,235.804,30.541,89.438,97.215
"2069-09",60.282,97.903,54.148,43.99,68.408,142.535,68.872,208.631,85.172,161.31,85.903,5.091,NA,23.289,45.405,54.299,64.022,17.648,NA,13.292,8.069,147.98,5.643,40.43,13.655,14.03,19.086,12.451,40.128,NA,NA,80.718,2.936,NA,NA,176.479,3.801,301.979,216.357,22.89,12.724,20.564,54.285,57.328,48.836,67.754,39.702,182.574,86.151,65.614,107.785,65.936,51.054,152.227,387.655,259.634,20.714,81.888,91.57
"2069-10",75.895,121.201,74.303,85.424,113.856,104.8,80.955,171.044,107.172,156.45,39.694,7.905,NA,13.839,123.411,34.759,106.123,68.143,NA,29.02,2.874,158.116,4.889,53.182,50.722,7.894,27.359,12.915,53.574,NA,NA,119.206,34.967,NA,NA,130.165,8.711,348.54,227.05,48.104,3.822,20.753,37.701,54.38,45.982,59.639,40.988,187.634,82.417,68.87,96.945,72.429,60.053,170.953,325.634,257.313,38.075,76.05,94.725
"2069-11",65.041,90.202,57.401,136.863,71.105,95.451,55.311,100.771,85.454,155.652,47.038,7.078,NA,10.12,126.541,43.176,120.944,161.198,NA,66.365,0.301,176.929,15.808,49.876,119.448,4.84,48.295,57.881,39.946,NA,NA,85.22,7.545,NA,NA,95.566,5.278,129.821,259.838,93.442,2.931,71.683,34.989,66.943,47.098,39.527,36.269,171.087,89.826,73.974,113.637,86.187,51.468,134.877,200.047,245.257,79.436,68.616,96.06
"2069-12",72.26,87.439,39.338,161.524,47.892,100.54,27.684,80.271,86.252,144.747,30.714,127.837,NA,12.023,148.197,50.191,100.508,124.689,NA,59.393,0.441,35.879,81.405,17.254,127.187,6.892,99.137,60.849,33.437,NA,NA,55.913,32.585,NA,NA,100.577,29.645,254.017,271.323,172.64,14.539,105.367,33.346,72.481,38.259,48.386,32.749,138.696,140.661,81.195,99.301,111.499,56.562,170.185,231.303,227.698,102.569,68.13,98.919
"2070-01",63.493,96.545,36.076,65.977,75.692,98.125,30.538,42.4,52.875,115.404,27.542,189.322,NA,15.895,116.999,55.845,131.479,87.257,NA,61.326,0.317,1.594,197.863,0.858,137.025,11.526,90.347,101.831,30.751,NA,NA,65.02,6.463,NA,NA,111.296,0.269,20.842,251.491,327.449,33.734,95.437,43.609,122.519,54.236,31.966,36.364,102.633,185.669,101.176,90.611,112.053,59.351,18.996,75.37,206.231,112,70.867,100.226
"2070-02",49.851,70.332,33.524,130.509,27.572,76.167,12.254,19.878,34.329,97.032,15.252,77.073,NA,18.801,64.448,58.8,108.661,95.126,NA,48.62,0.574,41.646,97.791,0.36,100.768,12.425,119.793,62.555,19.07,NA,NA,55.399,19.737,NA,NA,79.51,0.14,51.073,246.071,324.385,87.303,65.873,57.405,56.691,47.757,52.689,23.078,70.31,167.603,93.311,76.88,83.656,54.986,16.465,145.197,180.78,98.346,70.688,88.173
"2070-03",41.038,62.71,31.967,79.9,26.544,56.476,10.92,35.67,27.751,119.668,11.006,167.367,NA,10.88,88.254,59.706,87.115,122.17,NA,42.791,0.78,67.849,115.145,2.653,207.312,10.775,115.215,67.502,11.279,NA,NA,40.047,20.104,NA,NA,139.715,0.024,42.684,178.886,311.257,187.997,97.827,76.894,93.71,84.242,62.888,17.725,64.432,175.976,129.492,62.585,136,57.904,18.63,107.555,125.795,103.137,90.912,95.414
"2070-04",55.687,35.315,34.367,49.207,9.851,65.297,7.238,103.2,38.251,226.265,14.872,379.906,NA,24.102,75.109,68.087,39.065,88.007,NA,40.677,2.742,82.656,145.067,9.339,195.161,22.632,48.952,57.9,23.89,NA,NA,46.233,53.413,NA,NA,101.372,0.007,63.469,211.409,264.419,30.974,40.568,43,83.745,74.293,70.838,21.488,71.503,176.865,110.036,55.963,188.797,49.991,18.106,129.416,146.942,64.879,88.312,92.283
"2070-05",43.989,44.637,31.923,41.317,48.912,73.163,16.62,181.899,35.543,245.706,33.387,187.481,NA,43.174,94.392,72.374,35.778,68.286,NA,25.033,5.077,165.07,125.097,10.779,36.196,22.596,48.445,38.336,18.961,NA,NA,74.268,13.922,NA,NA,187.77,4.036,22.559,240.828,81.817,90.886,58.195,98.074,80.545,69.458,70.257,20.615,112.005,150.997,104.391,53.28,226.28,61.166,38.612,129.548,123.238,75.112,96.643,96.175
"2070-06",45.566,36.386,49.66,14.416,21.465,98.758,23.114,192.173,40.455,146.07,87.343,32.988,NA,72.671,51.611,79.414,46.953,14.761,NA,6.234,5.432,230.745,7.206,5.884,16.027,39.777,42.696,27.311,29.031,NA,NA,98.62,0.288,NA,NA,188.987,3.862,113.887,181.212,52.052,29.75,39.623,96.019,126.839,63.909,47.52,34.322,146.573,173.075,88.123,39.541,184.039,68.636,122.215,107.662,143.122,57.831,87.129,96.586
"2070-07",53.536,34.899,55.308,26.091,19.722,40.649,30.04,195.005,28.644,106.622,134.95,8.531,NA,44.258,27.355,79.628,20.547,18.752,NA,8.227,7.576,273.339,5.151,4.287,13.006,13.073,35.961,34.513,34.949,NA,NA,134.724,1.687,NA,NA,234.615,0.03,116.135,229.126,14.053,28.145,17.742,95.044,106.715,63.078,44.001,37.555,162.579,209.654,80.79,39.355,138.797,41.797,149.044,131.325,197.151,37.506,90.647,99.658
"2070-08",85.087,70.017,66.307,33.495,63.433,80.445,37.839,182.186,35.377,240.152,108.389,8.758,NA,48.329,80.48,72.124,64.8,7.29,NA,5.211,4.965,176.841,4.129,54.678,10.87,24.933,33.924,8.451,42.078,NA,NA,110.502,13.329,NA,NA,146.959,0.773,157.416,235.904,6.761,13.6,25.051,61.407,75.617,62.273,46.541,41.382,151.652,171.381,72.768,79.393,77.532,57.975,162.615,261.45,220.27,36.196,88.926,97.464
"2070-09",80.159,68.417,58.322,24.499,138.967,109.379,109.189,173.68,72.467,190.104,40.107,7.292,NA,26.779,126.74,58.353,78.049,2.864,NA,18.245,5.598,162.81,5.144,94.27,15.917,10.454,23.596,9.821,59.221,NA,NA,93.774,11.495,NA,NA,183.445,7.162,309.949,220.973,6.713,20.044,25.765,73.629,93.789,62.407,50.73,57.313,151.335,154.448,66.838,84.119,55.735,55.79,199.45,311.539,225.04,24.531,80.968,94.285
"2070-10",76.053,81.339,65.106,87.896,195.358,192.745,83.331,112.569,145.997,118.876,20.903,8.801,NA,14.623,149.525,44.328,112.945,104.266,NA,46.257,3.933,101.878,5.245,99.304,33.448,7.477,18.63,10.801,45.312,NA,NA,105.303,111.304,NA,NA,166.951,90.374,259.558,238.217,18.894,14.06,38.039,34.299,61.942,50.534,42.982,56.959,172.073,157.718,63.624,120.336,51.954,56.509,192.475,316.407,237.171,29.771,78.445,98.281
"2070-11",48.388,73.543,46.159,150.223,41.403,94.323,48.571,92.832,75.865,148.157,30.465,17.09,NA,9.885,163.014,33.261,118.541,106.733,NA,47.444,2.456,115.08,4.605,72.661,80.985,5.444,46.245,26.686,38.103,NA,NA,77.299,10.514,NA,NA,109.438,12.825,134.3,284.477,40.579,4.276,41.347,33.06,107.607,47.996,34.575,40.933,162.222,163.257,67.651,106.86,67.269,57.664,126.21,220.918,246.165,54.411,69.596,96.96
"2070-12",75.089,92.89,46.505,146.398,72.889,120.871,33.654,51.864,74.89,139.124,26.526,55.774,NA,7.972,163.749,38.158,91.546,140.854,NA,85.896,3.196,69.987,10.414,12.693,143.589,7.42,95.589,37.262,35.784,NA,NA,80.759,16.157,NA,NA,68.728,0.583,82.251,285.685,83.997,6.869,97.553,24.754,108.408,57.877,42.926,35.081,114.517,236.657,80.448,107.89,85.499,62.421,84.874,169.491,269.713,67.337,64,98.703
"2071-01",56.605,86.022,33.816,201.77,83.943,91.314,44.989,25.048,56.379,79.237,13.76,99.855,NA,16.135,115.341,65.295,94.902,136.049,NA,75.015,1.616,51.258,32.979,5.576,40.154,7.868,89.3,115.186,24.343,NA,NA,57.914,14.083,NA,NA,71.973,0.961,32.575,179.461,183.257,2.91,126.885,27.991,112.967,44.352,43.069,25.876,89.069,235.268,124.254,110.139,81.978,59.173,47.221,34.11,181.363,92.876,71.22,95.292
"2071-02",49.416,78.502,31.296,169.594,96.591,149.219,36.921,15.423,34.548,90.676,11.3,112.073,NA,15.099,101.159,66.682,73.859,88.422,NA,69.321,1.495,56.127,13.356,1.053,31.837,7.561,116.796,110.086,17.683,NA,NA,46.65,54.551,NA,NA,66.423,0.349,11.452,136.143,219.427,2.334,82.726,24.81,73.865,56.063,58.298,18.221,61.866,214.094,115.113,102.439,82.959,58.953,5.427,25.282,151.435,78.872,70.168,84.867
"2071-03",46.966,41.46,31.973,111.423,11.903,144.518,4.385,24.584,15.861,148.142,16.922,208.577,NA,19.784,108.68,54.055,79.852,84.306,NA,43.806,6.16,75.014,100.651,4.961,155.279,11.837,106.813,107.297,18.594,NA,NA,59.286,76.53,NA,NA,81.315,3.827,21.244,151.225,171.709,3.043,69.006,33.053,53.298,73.896,74.828,20.845,60.866,228.849,120.506,94.1,108.943,65.718,12.355,31.112,136.235,108.826,90.191,95.846
"2071-04",56.387,38.021,27.33,58.185,28.846,64.453,17.78,78.041,45.937,217.236,11.665,299.024,NA,39.851,81.649,75.372,53.195,43.339,NA,23.323,3.787,117.773,109.456,36.003,161.101,19.998,72.279,53.457,20.274,NA,NA,77.469,24.037,NA,NA,107.631,4.807,18.826,187.511,110.006,6.558,18.147,56.594,72.79,82.067,69.587,24.508,50.034,265.15,100.899,58.309,146.439,61.472,7.617,31.432,162.121,90.991,94.609,96.363
"2071-05",39.915,70.807,25.312,19.412,27.365,84.076,12.124,164.935,22.789,250.712,15.344,271.904,NA,24.324,144.092,59.678,51.001,22.749,NA,16.142,7.025,172.541,72.789,39.333,48.047,46.658,49.982,58.222,21.637,NA,NA,46.054,62.236,NA,NA,157.003,3.476,80.627,238.39,63.055,6.401,46.252,53.066,74.398,81.417,47.423,20.263,87.261,234.877,99.834,62.195,157.175,72.094,44.084,79.924,135.396,91.795,102.951,100.894
"2071-06",62.851,42.445,34.95,23.369,30.704,53.356,14.918,237.521,31.666,177.678,90.648,23.765,NA,45.262,85.956,42.668,41.941,12.568,NA,17.715,8.355,238.378,11.318,12.583,24.183,42.391,51.437,43.899,46.798,NA,NA,57.777,10.115,NA,NA,170.956,3.064,111.578,217.259,31.239,10.324,31.507,70.954,88.776,85.444,51.293,41.126,145.728,219.626,90.106,58.211,166.303,68.203,124.514,89.783,142.228,73.107,91.358,100.71
"2071-07",64.7,57.387,60.789,24.247,55.474,41.228,26.131,143.826,24.544,131.124,161.443,12.75,NA,36.336,51.38,69.367,34.076,15.422,NA,7.035,6.741,132.583,3.056,23.93,17.253,27.303,35.877,22.429,23.079,NA,NA,96.937,0.787,NA,NA,223.091,0.816,135.008,177.989,15.419,17.369,29.458,75.924,67.625,58.277,50.531,21.067,145.873,274.704,71.512,50.647,114.682,67.394,168.017,145.173,213.116,48.439,99.933,101.504
"2071-08",77.039,79.578,69.418,27.778,48.295,88.589,32.915,198.189,30.42,226.783,66.949,5.314,NA,36.584,39.548,51.17,62.869,11.169,NA,6.892,10.609,152.959,4.752,34.659,11.59,14.71,32.357,24.674,42.067,NA,NA,69.727,0.913,NA,NA,221.437,6.189,365.794,208.959,10.607,31.914,11.04,78.383,65.014,67.621,62.182,55.586,172.843,247.735,58.544,67.888,64.368,52.148,177.777,345.96,172.788,36.106,85.711,100.712
"2071-09",76.55,68.829,74.484,80.867,111.232,123.686,69.395,127.754,53.343,155.028,39.99,5.531,NA,19.358,111.179,36.535,108.736,11.495,NA,16.719,6.289,115.996,5.719,16.168,13.829,9.469,32.82,9.31,51.256,NA,NA,116.126,15.086,NA,NA,165.073,4.113,302.391,228.387,7.754,3.229,15.546,52.097,73.29,51.876,46.316,59.831,163.956,194.353,56.58,98.596,57.252,58.051,126.487,341.12,157.761,33.852,85.244,96.236
"2071-10",99.554,79.609,64.619,102.448,115.682,151.466,78.626,166.631,81.659,154.586,27.103,6.313,NA,25.182,130.584,51.586,113.638,49.313,NA,36.794,3.369,193.229,3.276,33.921,56.468,8.384,40.484,16.89,50.102,NA,NA,106.521,26.405,NA,NA,150.599,26.849,147.005,183.376,10.199,3.259,10.045,44.787,63.777,61.133,45.349,45.48,186.79,187.917,65.428,122.425,66.752,61.982,139.715,186.53,225.515,36.083,80.543,102.162
"2071-11",42.375,95.573,32.152,177.206,67.288,129.87,36.226,72.799,85.357,143.92,36.017,29.614,NA,14.132,191.004,48,109.71,193.224,NA,60.619,0.823,130.592,8.829,25.249,100.274,7.724,69.691,50.249,41.01,NA,NA,83.303,7.394,NA,NA,51.567,0.138,99.019,191.416,15.356,2.446,40.191,9.561,59.453,46.335,54.619,33.997,150.199,210.874,65.486,111.244,70.766,54.194,96.213,127.868,248.02,56.149,69.994,94.488
"2071-12",79.748,106.693,46.306,134.792,79.62,186.506,37.409,33.804,54.016,90.828,23.237,42.482,NA,11.903,156.643,41.525,149.566,67.313,NA,71.178,3.418,69.052,23.934,9.948,83.759,5.75,120.9,98.5,44.109,NA,NA,55.475,48.126,NA,NA,103.011,0.533,26.921,205.878,54.605,3.093,63.913,20.947,96.452,42.808,39.299,43.349,100.398,303.349,69.532,108.17,95.704,59.312,40.215,27.052,287.021,64.129,71.581,98.691
"2072-01",54.525,81.139,32.308,255.763,46.758,124.945,16.231,19.71,51.966,94.674,17.262,60.568,NA,11.916,201.351,43.824,127.094,100.87,NA,45.261,4.597,26.613,90.966,1.866,113.545,6.414,123.612,115.833,26.682,NA,NA,67.506,56.588,NA,NA,81.767,1.348,4.665,210.094,243.237,10.476,35.874,31.524,67.217,48.239,37.935,26.883,81.685,293.14,76.965,121.485,63.593,64.989,6.486,7.757,226.784,106.239,69.077,98.485
"2072-02",52.151,59.296,30.119,104.615,88.324,126.645,35.107,31.14,53.012,109.836,14.715,81.171,NA,10.475,99.374,50.11,101.674,146.616,NA,64.814,3.009,19.708,46.696,1.164,57.603,7.772,83.771,96.193,22.024,NA,NA,41.981,13.213,NA,NA,57.169,0.452,4.323,162.22,180.492,24.185,51.664,38.846,66.54,52.666,52.861,18.402,55.793,253.381,89.925,89.968,70.856,59.481,5.836,2.609,151.212,122.102,76.588,90.092
"2072-03",54.56,59.443,40.419,68.773,41.093,131.117,15.304,29.676,37.881,156.814,14.031,125.142,NA,22.584,162.512,59.124,84.629,139.382,NA,71.423,5.295,76.934,28.448,8.036,167.945,13.654,118.895,63.276,20.129,NA,NA,70.074,97.67,NA,NA,102.128,23.729,18.243,117.017,175.06,13.077,174.42,34.656,113.094,68.409,47.428,17.665,54.207,254.072,117.556,110.006,89.682,70.105,9.169,3.407,93.45,107.083,90.054,96.998
"2072-04",45.04,53.248,44.593,79.628,34.009,100.852,14.273,68.534,32.742,178.067,11.653,169.429,NA,14.844,206.279,65.645,66.683,56.634,NA,28.757,4.18,107.636,77.688,103.539,232.668,14.805,85.34,125.131,18.908,NA,NA,49.611,75.822,NA,NA,90.368,5.702,13.002,121.325,115.723,10.221,109.322,47.723,72.874,69.814,73.876,26.015,49.452,294.059,99.448,68.121,114.688,83.272,12.266,14.38,116.785,123.404,93.806,98.227
"2072-05",55.787,35,40.044,49.255,8.982,60.138,4.449,118.72,50.154,167.283,34.571,137.571,NA,29.782,146.441,37.127,66.467,29.445,NA,22.014,5.591,139.43,32.593,137.891,90.086,7.948,40.009,61.603,28.037,NA,NA,84.341,106.252,NA,NA,134.665,1.04,45.245,176.975,90.788,18.084,111.638,82.502,85.477,62.222,67.516,19.233,74.843,268.02,93.427,66.838,140.427,72.09,41.504,81.3,172.953,85.204,105.705,101.995
"2072-06",41.735,48.925,41.927,16.177,12.463,86.992,10.776,220.117,39.529,190.297,91.927,5.23,NA,34.941,135.115,36.445,33.919,7.234,NA,10.842,8.292,125.392,3.425,19.945,30.312,16.666,26.976,42.512,19.553,NA,NA,67.649,75.942,NA,NA,182.107,1.454,90.367,226.7,48.203,15.065,41.965,106.039,81.56,59.13,71.267,20.15,119.568,266.188,77.758,61.957,112.041,80.439,119.316,30.387,192.417,50.329,94.832,102.113
"2072-07",61.689,76.147,45.492,37.219,12.283,90.756,10.866,133.979,26.44,105.282,101.824,6.864,NA,39.521,94.968,46.986,57.379,14.506,NA,7.683,9.58,145.983,2.644,9.309,24.276,30.93,56.894,53.165,40.403,NA,NA,72.926,1.855,NA,NA,192.169,0.166,131.614,203.241,19.01,17.035,30.543,78.319,89.327,54.325,62.732,48.428,137.307,283.551,73.854,51.316,94.816,75.323,162.988,144.019,194.603,42.76,92.693,102.236
"2072-08",91.511,57.762,68.647,22.83,81.662,126.385,27.591,179.474,43.581,190.352,113.203,6.151,NA,33.681,134.294,53.728,50.171,9.382,NA,6.388,7.23,162.517,3.968,34.284,17.013,24.296,26.672,19.574,53.432,NA,NA,87.647,0.722,NA,NA,185.66,0.075,153.721,185.801,8.275,4.56,24.228,82.007,74.839,46.36,58.727,58.979,164.937,260.207,59.102,72.949,76.576,69.784,169.412,187.892,190.352,28.055,94.427,102.43
"2072-09",78.962,82.161,64.403,33.599,157.842,114.04,67.422,137.896,51.25,163.571,119.093,6.684,NA,21.224,96.984,34.906,79.944,7.169,NA,9.4,6.391,152.426,3.284,61.05,24.768,8.997,54.423,15.314,44.365,NA,NA,123.621,9.858,NA,NA,194.186,2.055,271.8,228.074,11.309,9.207,25.408,30.015,46.409,56.424,43.394,45.015,154.946,220.34,48.864,88.841,63.004,61.213,204.626,376.192,179.682,36.924,86.195,94.896
"2072-10",66.097,99.801,54.02,172.206,91.074,106.955,83.597,201.287,65.449,153.846,35.438,9.264,NA,14.436,144.243,47.172,117.221,64.775,NA,25.432,4.97,163.308,4.753,41.65,108.826,6.687,54.387,26.518,48.323,NA,NA,97.044,25.701,NA,NA,108.477,1.215,206.9,250.241,16.647,2.211,37.482,47.076,66.689,44.077,49.587,42.115,178.866,200.483,58.258,105.554,65.507,71.458,101.317,370.532,199.088,46.291,86.393,101.043
"2072-11",82.66,88.784,50.095,156.54,56.549,125.692,33.75,65.681,69.693,122.104,54.247,23.91,NA,16.857,153.182,34.692,110.896,81.58,NA,67.955,4.712,151.166,25.822,63.04,182.959,6.928,46.888,35.288,45.205,NA,NA,79.656,46.422,NA,NA,98.862,0.537,92.668,213.662,24.2,2.437,47.955,22.009,68.777,51.566,43.557,44.672,152.97,216.081,59.848,112.556,108.514,54.392,99.174,157.401,259.822,48.45,71.578,98.02
"2072-12",72.79,95.224,49.071,115.003,47.769,97.032,39.285,30.343,57.58,61.77,17.205,72.727,NA,15.442,141.64,58.646,96.35,186.074,NA,99.647,1.945,75.982,63.1,45.348,201.865,5.826,102.223,83.173,36.395,NA,NA,79.211,29.151,NA,NA,88.317,0.677,60.97,228.965,77.127,4.292,90.641,41.621,87.368,53.029,44.24,34.542,94.412,315.569,71.958,113.487,93.255,61.183,92.81,124.804,315.035,72.733,71.318,101.808
"2073-01",40.981,70.859,35.932,219.401,51.062,135.396,19.092,13.892,36.572,54.807,14.066,124.815,NA,12.236,119.456,60.724,97.371,126.265,NA,60.21,0.711,31.369,68.561,5.492,81.542,8.327,146.156,148.93,29.656,NA,NA,66.094,53.374,NA,NA,112.427,0.487,59.479,227.331,210.707,9.42,54.779,26.286,70.116,49.967,34.862,31.983,71.271,277.081,89.328,113.118,79.996,66.357,51.842,47.065,253.535,90.311,73.486,97.428
"2073-02",59.011,32.053,29.39,146.23,13.129,54.67,10.915,16.192,36.407,70.725,15.352,105.944,NA,18.339,157.13,57.05,92.165,69.204,NA,46.08,0.626,34.444,84.835,0.426,186.655,7.518,108.456,71.849,21.181,NA,NA,64.184,20.485,NA,NA,66.681,0.007,54.351,204.255,252.812,19.953,96.541,40.189,81.344,61.49,32.314,21.858,64.686,188.531,101.774,69.871,82.368,59.455,18.366,108.898,193.168,105.418,79.662,89.051
"2073-03",49.479,65.691,30.163,96.286,5.675,42.355,5.143,18.336,26.134,107.308,12.898,274.186,NA,20.251,87.914,71.23,85.487,140.808,NA,42.925,2.625,71.15,50.215,0.592,179.087,7.62,109.217,62.273,18.666,NA,NA,72.093,21.313,NA,NA,147.87,0.026,33.512,218.313,265.021,70.991,52.07,112.019,132.505,84.171,65.538,22.573,62.245,192.613,123.674,59.637,131.676,61.327,6.469,86.811,147.518,124.807,95.94,99.84
"2073-04",48.307,37.353,35.107,97.643,7.385,30.76,4.376,92.152,31.367,102.605,13.666,402.339,NA,23.143,89.078,90.414,73.139,29.684,NA,18.545,7.146,89.826,93.222,44.035,141.996,6.908,96.908,72.866,23.911,NA,NA,59.654,17.418,NA,NA,89.159,0.278,41.201,169.973,264.765,64.628,65.014,74.212,71.661,75.438,65.301,20.384,79.868,133.258,122.822,42.932,174.536,60.934,13.533,195.793,119.26,98.536,95.674,93.801
"2073-05",54.633,48.964,37.678,43.309,35.651,80.59,24.963,271.646,58.728,105.344,26.725,286.647,NA,30.495,69.928,50.25,36.876,12.105,NA,19.085,4.032,230.177,123.705,21.325,90.307,22.831,36.227,41.163,27.642,NA,NA,80.463,14.698,NA,NA,154.127,4.541,152.702,160.219,167.336,101.634,55.962,66.619,90.38,76.788,74.489,23.659,124.273,127.418,104.955,46.645,190.705,58.37,50.488,261.588,173.292,86.821,95.204,97.433
"2073-06",47.664,43.728,36.271,17.98,35.202,60.076,30.704,172.472,35.41,150.03,94.293,60.936,NA,35.678,95.883,64.716,49.625,9.551,NA,8.243,6.038,207.034,6.3,29.901,32.63,49.049,54.457,16.389,48.947,NA,NA,84.268,26.449,NA,NA,140.196,2.309,227.937,162.619,67.948,60.034,101.948,80.169,100.434,66.372,60.377,30.266,135.803,135.78,98.274,33.712,174.246,69.871,217.634,281.264,212.266,58.618,95.914,96.401
"2073-07",53.335,55.519,44.652,15.693,17.382,67.888,27.435,172.968,26.786,110.752,85.734,16.375,NA,26.31,54.982,68.213,53.362,14.651,NA,7.705,6.565,302.694,4.09,60.266,24.689,11.787,35.021,29.521,47.818,NA,NA,86.071,6.002,NA,NA,183.094,1.015,308.024,198.247,29.933,30.859,55.996,113.426,112.416,57.854,62.861,36.524,171.588,136.971,82.04,42.594,109.701,65.621,148.749,349.448,256.948,41.155,90.52,97.425
"2073-08",67.416,56.589,45.128,22.202,50.388,71.987,55.299,218.105,70.429,176.276,127.718,5.84,NA,24.987,45.662,61.758,69.328,12.41,NA,9.13,8.395,171.403,2.844,64.737,17.124,20.711,29.748,22.971,50.446,NA,NA,113.629,0.599,NA,NA,164.965,0.221,334.864,204.511,14.333,26.177,97.172,106.429,129.358,62.47,62.32,40.621,181.435,96.938,84.319,55.275,85.805,47.27,204.647,353.416,293.61,34.869,94.277,98.464
"2073-09",95.581,80.394,70.922,49.306,92.641,110.032,115.707,219.75,67.212,125.303,52.817,6.043,NA,32.653,100.33,62.83,79.235,7.504,NA,28.039,4.675,173.319,4.828,43.67,13.269,10.801,23.09,5.594,56.811,NA,NA,105.917,10.247,NA,NA,182.557,3.499,274.559,193.236,9.697,7.84,29.546,85.562,98.428,43.524,50.427,38.713,208.472,70.996,70.036,93.86,50.809,52.239,188.214,278.467,252.818,26.957,82.58,93.891
"2073-10",97.832,110.33,59.484,66.647,126.562,163.106,77.163,184.951,123.123,201.518,97.086,11.629,NA,22.522,130.559,51.787,98.035,42.646,NA,22.499,1.529,175.802,3.401,152.697,57.977,10.553,37.666,15.816,40.714,NA,NA,92.064,57.169,NA,NA,128.922,219.238,304.948,195.566,25.666,3.267,61.732,54.069,90.745,48.382,38.076,35.343,170.82,84.76,68.342,111.782,67.238,52.278,262.27,306.671,301.441,36.317,74.2,95.382
"2073-11",75.172,77.609,49.064,124.133,64.943,152.506,66.817,90.61,113.897,110.496,21.299,13.268,NA,24.384,154.888,57.05,110.911,149.932,NA,67.631,1.306,160.013,24.519,109.127,93.56,10.152,50.785,38.667,39.316,NA,NA,94.19,73.818,NA,NA,119.592,17.961,145.247,212.428,73.47,2.311,13.369,45.17,54.769,43.187,36.948,47.204,171.473,109.474,75.385,123.303,87.087,52.958,210.148,248.965,289.953,52.918,64.479,97.43
"2073-12",65.44,65.978,40.017,148.887,36.125,123.336,23.961,51.392,61.256,122.431,27.913,82.756,NA,13.804,150.746,53.345,101.813,232.228,NA,93.03,3.162,86.151,26.365,27.928,135.654,7.34,68.215,58.372,39.065,NA,NA,60.208,18.091,NA,NA,108.845,0.494,168.09,280.907,205.388,6.713,79.141,25.856,61.655,35.146,34.406,38.07,125.039,165.235,78.849,108.833,108.488,53.117,103.267,265.74,232.529,89.171,70.739,99.43
"2074-01",67.082,43.272,31.51,126.86,32.778,121.267,20.425,31.861,63.1,103.584,20.989,204.5,NA,12.651,122.84,46.022,92.638,202.463,NA,95.022,0.891,34.256,205.754,1.957,116.69,12.568,144.73,88.68,29.005,NA,NA,97.105,6.595,NA,NA,119.466,0.394,104.972,265.081,332.77,20.742,153.208,63.834,94.589,44.129,32.143,24.669,91.471,178.063,105.926,94.764,83.564,65.667,92.615,197.406,176.613,108.75,73.292,98.221
"2074-02",25.08,58.455,38.078,103.342,105.289,76.163,37.101,40.732,43.029,133.466,9.466,81.091,NA,8.02,100.061,51.951,99.874,74.1,NA,30.399,0.548,31.189,72.489,0.16,117.96,11.551,110.322,74.497,16.658,NA,NA,71.428,6.347,NA,NA,93.869,0.003,59.09,250.794,270.023,27.154,171.959,35.931,78.633,55.731,49.294,17.861,61.865,184.038,114.734,75.262,64.097,61.077,26.122,167.224,134.328,90.229,73.482,87.01
"2074-03",45.911,60.721,35.492,66.902,80.131,111.098,37.256,47.538,38.995,175.23,13.401,228.801,NA,17.963,111.244,48.455,84.906,115.008,NA,35.747,1.804,90.416,43.564,2.621,172.055,10.83,115.377,63.539,21.793,NA,NA,84.561,19.491,NA,NA,124.378,0,73.931,206.363,273.279,124.476,181.617,52.539,96.098,75.857,69.852,18.224,60.562,194.263,119.718,75.894,122.893,61.708,16.524,162.447,113.888,117.681,88.984,95.748
"2074-04",52.336,32.447,34.927,78.627,12.999,48.185,6.563,106.637,20.335,264.999,12.667,242.373,NA,23.941,95.321,71.022,85.24,48.602,NA,18.453,4.229,83.081,188.785,7.157,100.968,17.511,74.218,49.626,21.684,NA,NA,45.427,9.674,NA,NA,111.598,0.687,51.702,188.837,258.338,43.401,97.186,45.778,123.431,76.048,66.497,19.372,62.862,199.704,112.566,50.956,153.763,68.299,24.096,131.067,112.597,98.412,90.454,93.489
"2074-05",48.98,46.562,34.047,34.112,9.799,72.306,10.019,182.153,48.881,253.979,25.899,218.503,NA,33.482,104.256,87.621,44.036,30.813,NA,25.526,7.734,166.407,136.219,24.7,41.524,11.903,66.108,70.286,26.052,NA,NA,54.485,10.845,NA,NA,142.003,5.266,36.833,215.077,180.896,98.952,60.909,74.131,106.917,81.91,61.68,24.569,104.477,164.432,105.281,45.943,227.446,60.608,52.524,137.479,143.305,75.263,89.766,97.959
"2074-06",50.081,41.064,40.194,34.671,53.766,100.482,26.166,187.546,38.733,182.524,108.679,96.12,NA,27.802,54.114,59.258,52.494,26.909,NA,12.614,7.015,275.532,34.073,7.561,29.029,19.974,30.859,31.466,30.065,NA,NA,83.775,8.377,NA,NA,132.418,0.79,209.771,222.24,73.414,58.477,27.921,110.092,91.172,55.338,64.926,33.723,126.915,188.894,89.089,46.943,205.351,63.019,139.094,222.095,120.102,54.581,94.448,95.228
"2074-07",75.025,61.943,61.958,20.568,40.753,61.599,30.369,179.73,46.844,127.217,136.253,11.174,NA,43.656,55.166,72.498,41.671,15.828,NA,10.874,6.725,238.582,4.363,9.506,19.297,32.623,41.614,24.853,40.954,NA,NA,83.643,0.94,NA,NA,185.257,0.059,126.465,234.511,10.857,21.82,15.831,107.718,92.594,65.019,59.171,43.118,147.248,207.061,88.783,53.804,135.155,64.054,114.304,154.715,227.396,41.981,96.201,102.443
"2074-08",59.857,67.513,99.914,29.414,46.221,101.41,50.522,205.547,51.498,218.223,78.262,7.875,NA,29.015,42.687,58.34,56.961,17.675,NA,7.473,7.423,159.543,3.89,28.053,11.959,6.444,15.485,19.459,61.147,NA,NA,76.511,1.042,NA,NA,259.696,1.332,192.029,229.866,14.046,19.051,23.319,78.322,84.591,47.078,60.398,50.828,179.061,187.356,70.896,69.93,71.537,46.813,150.159,261.352,207.623,31.898,84.874,99.618
"2074-09",111.336,101.939,64.233,53.485,191.659,140.706,75.894,172.347,91.139,134.247,34.085,4.918,NA,19.562,72.654,47.455,56.888,22.361,NA,22.57,6.877,165.021,6.639,49.339,14.212,6.026,15.788,8.906,43.773,NA,NA,104.387,6.802,NA,NA,209.094,3.508,251.24,230.041,4.038,2.618,10.624,50.3,67.181,43.832,55.779,47.043,166.668,148.09,64.965,91.612,53.674,60.16,163.007,318.511,220.123,20.254,80.082,93.742
"2074-10",78.303,87.773,65.582,37.261,193.273,193.821,96.603,178.62,114.45,146.742,30.961,4.777,NA,17.927,80.771,46.495,128.719,48.028,NA,26.53,5.329,108.691,6.306,86.057,58.08,6.591,27.216,12.971,47.778,NA,NA,110.954,16.948,NA,NA,143.115,118.975,251.351,219.804,11.941,2.076,33.112,18.87,59.867,52.589,58.322,40.887,185.008,131.315,74.949,119.527,56.327,48.374,224.128,252.433,249.096,36.422,78.463,97.865
"2074-11",75.644,110.61,47.549,76.748,67.362,107.83,53.846,104.842,86.806,117.545,42.678,6.606,NA,14.82,112.657,57.571,129.265,54.635,NA,43.561,1.304,131.834,29.197,44.875,91.871,6.122,45.46,28.375,45.421,NA,NA,75.648,24.788,NA,NA,79.307,0.615,202.63,270.252,36.605,5.506,50.401,35.275,64.377,43.587,31.627,41.577,172.456,149.509,71.532,103.517,99.892,47.791,142.134,254.002,258.334,65.253,71.945,97.72
"2074-12",46.442,100.807,38.324,114.091,51.506,97.063,37.365,50.022,48.049,91.471,23.059,59.13,NA,9.988,145.655,53.175,134.624,149.371,NA,59.927,0.59,24.311,52.772,13.902,208.878,9.064,109.729,87.524,43.25,NA,NA,62.655,39.717,NA,NA,99.652,0.727,207.109,300.798,99.725,2.969,71.19,28.26,74.995,48.939,42.364,37.464,103.973,246.488,72.848,97.596,82.257,69.371,136.563,317.911,267.178,105.091,68.876,100.244
"2075-01",49.861,70.432,41.733,121.531,91.832,119.127,34.945,29.31,65.014,81.801,20.495,203.285,NA,10.379,118.279,49.862,126.874,165.822,NA,69.023,1.448,12.514,55.966,6.148,168.241,7.49,236.072,88.342,24.351,NA,NA,86.766,34.165,NA,NA,102.809,1.906,46.465,264.147,260.436,21.482,45.367,33.196,99.624,54.315,34.91,27.092,77.269,234.116,103.864,107.382,87.529,51.643,90.54,98.121,223.129,109.158,72.671,98.4
"2075-02",40.683,55.398,32.506,139.452,36.704,83.565,13.878,28.772,47.543,143.376,14.269,131.412,NA,18.496,94.419,82.412,113.275,109.181,NA,57.577,0.527,52.706,48.115,0.342,74.9,8.866,92.782,81.238,21.974,NA,NA,48.355,42.19,NA,NA,95.863,0.442,32.91,161.973,317.987,52.35,61.738,60.328,69.084,56.303,63.99,26.709,61.786,188.021,122.795,83.973,81.361,56.029,27.626,84.981,107.238,115.321,71.997,88.372
"2075-03",49.657,53.348,30.259,59.588,81.548,63.811,37.873,39.349,21.994,132.232,13.419,195.748,NA,20.448,117.032,50.58,72.396,95.149,NA,55.671,2.639,91.421,39.33,1.378,128.344,9.637,168.265,132.241,15.43,NA,NA,75.49,18.341,NA,NA,85.363,1.411,49.076,184.468,294.707,45.504,114.296,64.529,90.965,70.465,53.183,18.215,67.233,216.273,121.832,81.04,98.92,61.207,20.73,131.976,123.405,103.615,90.275,96.748
"2075-04",40.068,53.584,24.72,59.316,26.81,60.939,21.686,83.729,35.878,193.684,10.428,216.438,NA,23.434,149.262,68.099,59.341,79.411,NA,35.356,4.778,130.451,63.178,89.514,131.626,7.376,62.473,85.365,14.965,NA,NA,47.051,39.496,NA,NA,125.478,0.679,19.498,181.713,138.707,25.598,87.024,53.916,101.551,74.924,79.694,16.77,55.354,238.886,104.901,69.171,119.682,76.833,22.896,46.133,140.74,102.539,91.171,94.13
"2075-05",55.232,44.143,37.15,35.097,33.977,83.789,15.497,155.548,41.97,217.589,13.95,145.674,NA,40.485,130.342,84.009,39.113,20.496,NA,15.349,6.82,246.058,37.447,27.153,66.313,25.813,44.977,55.142,17.786,NA,NA,62.853,26.42,NA,NA,136.525,1.728,53.356,232.321,87.455,19.495,89.235,61.007,79.862,72.542,68.781,17.49,93.105,208.817,106.433,43.611,159.275,78.309,47.383,101.413,173.979,80.277,99.8,98.783
"2075-06",61.214,38.505,41.967,36.722,112.034,90.735,34.601,243.52,60.826,234.118,91.583,62.955,NA,44.375,69.516,67.333,44.083,5.399,NA,12.712,7.38,243.826,7.977,6.895,28.395,14.318,38.514,25.162,36.366,NA,NA,35.821,7.798,NA,NA,183.417,2.185,92.601,196.87,33.733,38.204,61.065,68.138,97.702,70.496,60.468,35.022,146.778,200.845,87.499,40.901,183.212,60.358,115.374,134.377,187.657,55.505,97.315,98.06
"2075-07",74.837,54.965,57.174,21.39,57.899,73.222,30.953,167.63,31.354,152.176,109.309,10.528,NA,44.659,30.803,70.462,35.721,15.776,NA,8.147,14.375,142.144,2.803,10.454,17.401,9.127,28.197,23.102,44.343,NA,NA,71.716,6.757,NA,NA,163.509,0.844,158.282,255.384,22.765,20.507,38.241,89.534,103.306,68.971,46.032,60.23,145.157,225.299,80.683,58.256,110.542,54.705,125.822,168.567,182.486,45.039,94.271,98.932
"2075-08",88.358,40.441,45.502,33.408,80.63,115.904,69.745,205.608,74.436,261.029,65.795,5.776,NA,35.109,59.051,67.084,51.349,7.565,NA,16.796,9.611,134.913,4.115,47.895,16.654,12.835,25.24,15.501,48.313,NA,NA,125.105,5.799,NA,NA,153.469,0.499,255.249,230.075,12.61,18.687,17.256,100.96,106.393,71.926,43.807,40.046,158.07,198.836,69.02,70.767,71.159,61.96,145.373,259.459,218.833,38.353,84.43,98.485
"2075-09",88.557,88.097,58.575,51.919,78.284,94.563,92.65,206.248,62.312,142.302,48.425,5.533,NA,43.591,68.997,59.682,104.351,13.325,NA,20.421,5.041,147.58,5.093,34.334,10.389,8.54,14.389,15.05,40.724,NA,NA,77.599,4.075,NA,NA,169.417,3.211,312.932,258.005,10.585,3.339,9.073,56.99,53.794,63.281,36.997,52.317,176.659,171.39,62.081,92.907,42.326,53.19,132.526,375.199,196.673,21.844,76.19,94.459
"2075-10",83.46,71.101,61.457,218.467,219.396,152.814,77.704,142.459,109.017,165.947,23.097,13.058,NA,15.211,115.017,59.055,106.029,42.671,NA,36.151,4.934,125.129,6.563,77.842,48.848,5.085,17.361,13.581,45.507,NA,NA,94.169,73.164,NA,NA,115.74,9.669,238.202,220.003,13.625,1.337,8.076,40.041,71.948,37.955,45.926,48.163,184.478,160.195,68.328,100.604,77.445,58.96,115.604,253.029,237.761,30.716,81.78,99.087
"2075-11",59.75,77.386,53.367,110.884,136.12,185.97,54.443,57.523,104.974,150.013,30.69,14.343,NA,14.437,158.562,42.237,121.368,145.239,NA,80.549,3.567,141.36,23.776,17.228,131.374,7.755,51.529,61.473,35.233,NA,NA,97.563,57.556,NA,NA,85.863,0.004,113.467,232.292,25.918,3.381,34.873,33.505,65.532,40.359,48.579,33.565,143.368,185.46,62.394,140.508,103.316,50.942,54.435,177.776,245.283,63.651,72.444,97.516
"2075-12",54.863,109.105,39.778,90.975,88.263,143.612,33.62,30.964,59.562,68.605,16.944,62.628,NA,9.076,151.018,32.612,109.614,231.446,NA,102.761,1.037,45.815,90.695,4.56,164.092,5.227,109.408,74.847,36.707,NA,NA,71.238,57.24,NA,NA,123.583,0.377,33.582,252.515,91.97,1.925,105.206,24.427,97.635,49.925,33.199,34.65,100.489,299.728,79.88,109.14,96.181,58.438,49.95,79.857,250.208,65.809,68.907,99.331
"2076-01",51.896,68.863,41.955,101.84,138.931,220.719,40.267,17.916,55.661,58.16,13.908,100.54,NA,10.438,173.959,46.472,106.713,186.463,NA,75.211,3.842,11.589,73.862,0.658,91.024,8.875,161.239,125.365,29.054,NA,NA,77.929,20.549,NA,NA,72.155,0.531,36.945,230.888,185.918,6.79,87.986,60.434,64.863,48.873,38.588,28.796,78.423,262.286,94.663,122.079,84.826,63.763,35.598,90.548,230.133,119.691,75.985,99.7
"2076-02",51.637,72.394,30.3,118.737,12.572,53.754,6.841,16.379,25.697,101.68,17.324,120.302,NA,8.565,103.076,48.804,96.207,63.198,NA,39.846,1.714,36.632,82.504,0.401,42.807,8.439,83.704,142.147,22.141,NA,NA,67.576,34.72,NA,NA,87.232,0.031,19.391,157.085,277.815,4.96,99.2,58.871,98.734,70.159,49.296,22.661,70.665,206.76,99.867,78.904,88.753,54.611,9.534,8.039,126.72,131.885,74.043,88.54
"2076-03",54.37,46.386,29.384,104.714,30.141,105.316,9.76,23.257,22.748,121.043,15.907,100.136,NA,18.078,118.023,65.525,115.504,40.469,NA,24.297,2.87,54.158,103.524,0.577,124.098,12.381,89.114,53.196,24.103,NA,NA,52.688,33.775,NA,NA,92.806,0.117,49.521,205.058,223.307,11.331,66.078,36.299,77.51,77.455,70.548,27.001,58.089,254.414,115.787,72.157,106.024,73.14,16.269,66.782,154.563,128.216,86.475,99.305
"2076-04",47.918,55.052,34.423,88.14,22.978,69.769,11.355,69.308,19.405,138.513,11.558,262.813,NA,35.032,80.99,84.538,64.649,62.979,NA,21.771,2.375,81.255,120.809,28.454,103.084,11.731,79.868,89.969,21.97,NA,NA,39.033,19.969,NA,NA,125.5,1.106,30.965,190.318,155.076,8.406,60.674,43.015,95.56,73.867,78.048,28.993,60.105,231.366,125.606,47.232,143.033,61.828,38.432,109.687,141.196,104.648,90.308,96.683
"2076-05",43.6,47.038,44.625,25.466,17.47,82.691,6.297,172.516,38.543,246.47,40.91,183.02,NA,38.936,128.258,76.392,60.007,32.653,NA,12.831,7.26,215.687,46.912,15.921,105.03,28.749,41.784,27.024,25.059,NA,NA,113.719,13.023,NA,NA,210.126,3.017,92.709,219.571,134.095,33.306,86.735,55.339,104.457,66.135,61.885,31.01,93.625,206.525,107.996,56.227,179.547,76.554,75.271,161.243,156.59,76.829,99.682,102.288
"2076-06",40.364,49.288,38.857,26.911,39.688,69.588,26.547,194.726,32.17,204.276,67.816,115.229,NA,28.327,46.872,70.879,46.78,12.585,NA,9.926,7.976,210.054,7.943,10.47,42.294,15.205,33.3,28.136,25.943,NA,NA,73.536,20.711,NA,NA,196.39,0.678,157.162,200.167,40.147,51.948,54.182,74.213,106.303,57.245,63.865,28.78,135.052,197.132,98.346,34.4,154.915,63.899,141.863,159.262,204.581,50.328,98.804,96.764
"2076-07",51.709,45.056,44.481,18.969,57.253,72.872,29.482,153.154,31.686,150.674,140.278,10.402,NA,37.454,50.765,64.053,49.087,17.829,NA,8.029,7.358,222.751,1.94,7.69,22.299,7.423,30.603,31.316,28.68,NA,NA,94.333,6.916,NA,NA,216.375,6.694,254.011,245.259,35.025,60.274,32.777,82.392,93.653,56.627,56.248,36.299,159.717,204.129,83.827,40.481,126.046,63.524,122.46,163.869,181.017,38.649,91.512,98.852
"2076-08",56.818,71.491,65.69,22.161,29.366,93.189,31.007,176.758,30.097,198.262,78.539,6.622,NA,27.17,46.005,54.295,39.592,30.1,NA,11.74,8.021,137.057,3.996,38.8,17.319,14.821,19.088,12.823,29.003,NA,NA,132.92,2.84,NA,NA,206.098,5.517,222.793,251.522,10.479,10.759,39.839,69.798,72.956,36.46,67.864,36.015,156.181,197.182,67.388,61.764,84.762,51.709,141.066,341.288,273.62,25.165,96.01,98.071
"2076-09",82.227,100.116,65.953,40.671,118.755,142.967,68.845,152.396,45.659,190.443,55.178,5.619,NA,13.789,121.376,39.085,76.793,24.923,NA,18.568,5.203,118.686,5.036,28.402,13.463,10.512,30.67,11.736,44.757,NA,NA,82.029,15.517,NA,NA,195.203,3.633,147.415,226.686,11.479,12.538,34.47,48.179,58.496,45.566,50.935,42.47,180.75,159.468,65.827,104.767,56.797,56.857,91.095,239.523,184.738,27.722,87.982,96.134
"2076-10",93.993,104.043,65.357,122.124,130.306,156.124,98.298,166.391,102.666,140.666,40.934,21.995,NA,14.848,190.255,32.967,98.957,50.037,NA,23.242,3.115,142.608,4.058,34.514,43.775,5.674,41.405,21.343,39.35,NA,NA,67.883,29.853,NA,NA,110.437,9.636,309.55,237.968,33.703,3.467,26.002,27.98,66.648,48.473,71.432,48.599,188.863,149.25,68.06,111.13,55.089,67.368,191.494,261.451,251.736,39.646,84.197,98.949
"2076-11",52.618,74.001,52.027,145.374,100.302,105.91,52.587,69.649,91.705,116.425,36.366,10.445,NA,12.971,149.136,44.514,112.679,157.344,NA,58.064,2.564,116.791,11.379,147.104,121.078,5.325,57.394,48.494,34.802,NA,NA,83.029,17.299,NA,NA,103.81,3.869,167.243,256.736,62.994,4.009,41.009,58.986,65.944,45.867,40.032,33.698,161.576,145.33,71.44,109.032,83.085,50.178,196.424,189.298,250.199,62.476,74.315,97.732
"2076-12",46.96,93.821,54.489,95.52,179.024,111.432,68.732,36.634,63.114,78.526,19.431,44.559,NA,10.683,139.214,54.882,98.159,229.178,NA,85.717,1.695,62.987,18.597,7.21,137.536,6.931,94.398,82.615,42.066,NA,NA,60.298,6.576,NA,NA,110.646,0.691,88.443,300.98,136.307,4.143,134.419,33.051,77.452,57.93,37.831,33.089,111.726,217.327,76.987,120.596,91.648,62.668,138.341,199.81,245.567,122.353,71.198,102.637
"2077-01",63.317,52.222,33.458,161.165,76.156,84.579,29.991,24.6,63.987,50.869,13.436,111.262,NA,7.808,92.662,53.171,71.469,237.446,NA,103.655,0.873,56.07,30.53,1.02,196.895,6.964,103.449,92.398,25.783,NA,NA,78.791,7.969,NA,NA,85.19,0.135,14.887,289.478,387.737,63.362,170.737,33.744,79.234,54.032,38.704,28.163,82.198,242.682,105.197,102.302,76.114,57.234,25.273,33.438,216.44,84.861,73.97,97.349
"2077-02",44.346,57.805,52.763,104.526,59.536,150.073,23.797,24.226,37.79,102.968,13.383,146.711,NA,11.462,99.783,65.906,85.079,137.141,NA,41.907,4.121,58.576,8.399,3.667,106.857,6.658,151.875,145.799,17.529,NA,NA,82.939,43.105,NA,NA,99.493,0.371,6.371,154.053,301.779,32.163,106.399,33.594,83.133,56.021,58.648,19.956,75.682,198.483,111.671,106.825,74.562,56.268,7.394,4.683,130.034,85.697,76.564,87.347
"2077-03",42.313,60.573,30.351,137.397,11.984,68.931,6.824,24.441,12.871,123.493,11.495,175.113,NA,16.531,168.073,62.817,68.052,67.777,NA,31.841,4.813,82.984,19.354,4.437,195.264,8.663,134.455,107.642,14.531,NA,NA,72.331,16.358,NA,NA,82.357,1.376,19.705,181.594,178.073,44.168,69.3,51.839,77.695,73.726,67.617,18.795,68.679,259.22,109.708,81.302,81.765,70.23,19.76,29.826,162.592,130.504,86.83,97.948
"2077-04",47.992,49.743,43.11,51.232,21.531,68.765,8.659,66.534,22.89,164.167,11.287,238.913,NA,25.244,57.787,55.301,46.069,37.875,NA,16.548,3.176,49.253,19.439,29.054,112.826,11.588,71.596,49.587,17.831,NA,NA,32.746,7.257,NA,NA,125.017,0.032,28.038,170.118,86.529,25.706,56.609,59.124,104.43,90.34,67.959,24.206,58.8,263.959,112.812,51.695,139.846,55.731,11.962,133.167,172.088,112.9,92.49,96.265
"2077-05",44.993,69.829,43.759,21.316,18.553,71.348,11.564,161.993,42.572,168.356,26.212,35.238,NA,48.885,102.401,80.619,52.411,8.838,NA,16.526,8.542,168.78,23.245,8.401,31.831,8.212,52.039,56.207,15.66,NA,NA,43.123,6.962,NA,NA,171.397,2.309,135.456,237.23,134.027,18.376,63,66.589,122.007,76.132,65.714,22.91,110.865,233.74,96.131,46.897,154.427,70.514,72.385,264.979,168.142,72.096,89.017,100.305
"2077-06",47.913,60.117,41.176,12.696,37.723,81.762,21.72,196.192,26.734,215.416,116.091,30.243,NA,57.705,66.775,86.454,22.614,22.571,NA,12.068,8.448,232.608,6.751,8.982,23.776,24.25,48.049,48.53,34.107,NA,NA,53.337,4.651,NA,NA,225.843,1.777,94.808,270.88,57.612,50.451,75.633,64.552,70.492,61.6,50.032,27.413,130.512,217.589,88.602,49.989,148.929,78.93,81.433,90.01,128.681,55.541,92.16,98.314
"2077-07",62.315,57.438,52.912,18.886,28.504,84.297,22.181,226.227,15.608,160.188,97.621,6.25,NA,46.903,51.008,69.998,43.348,15.814,NA,8.057,6.764,185.449,3.535,5.37,18.156,18.142,38.97,47.24,35.432,NA,NA,76.078,3.008,NA,NA,196.257,0.906,172.573,236.518,17.256,10.482,57.057,91.831,99.945,58.719,53.396,37.913,156.155,209.051,77.773,58.683,98.816,63.762,117.88,167.393,152.795,42.905,94.018,99.144
"2077-08",71.515,74.405,67.905,22.132,68.444,93.095,35.808,197.509,49.38,213.073,54.423,6.562,NA,28.566,35.145,59.089,50.812,11.108,NA,8.533,10.729,164.846,5.383,22.345,13.865,10.066,19.537,11.317,45.329,NA,NA,81.058,9.886,NA,NA,215.094,0.525,162.598,221.614,12.731,19.619,39.205,67.14,87.556,41.676,61.893,50.704,174.92,206.896,69.197,61.423,54.442,53.156,146.422,184.32,215.6,29.446,94.927,100.141
"2077-09",83.21,95.922,58.997,19.994,104.144,130.2,72.569,174.605,69.611,155.43,73.761,4.085,NA,18.243,53.72,46.882,56.931,20.68,NA,24.086,4.021,92.885,7.578,78.348,14.668,9.157,36.76,9.391,46.487,NA,NA,109.457,13.403,NA,NA,198.552,3.496,282.012,227.557,11.156,6.794,17.443,47.934,48.723,32.656,49.317,46.512,185.121,150.689,64.185,89.507,40.278,44.258,158.402,250.938,232.761,29.264,92.282,96.451
"2077-10",88.032,103.58,78.327,88.57,180.028,166.277,74.846,177.727,133.547,191.825,89.234,5.572,NA,20.217,85.575,46.169,97.153,14.877,NA,28.524,3.404,101.215,4.536,176.785,38.346,7.356,30.197,22.466,53.313,NA,NA,124.384,137.661,NA,NA,142.522,111.518,277.98,250.379,25.541,3.027,29.613,38.13,56.647,59.471,43.993,48.47,185.233,118.915,68.049,109.955,52.371,52.315,218.068,354.7,242.56,32.509,79.082,98.503
"2077-11",74.327,86.696,50.752,135.044,95.787,199.897,68.421,88.284,107.755,130.132,29.307,8.888,NA,12.98,115.898,52.794,90.586,117.537,NA,52.568,1.439,139.246,6.156,19.712,123.256,6.918,56.927,26.298,39.39,NA,NA,98.661,11.407,NA,NA,131.435,0.651,198.411,295.826,47.335,2.517,99.9,31.417,85.808,47.69,45.183,42.552,169.288,142.84,65.844,114.58,72.842,52.049,114.11,232.768,272.587,73.655,74.266,100.449
"2077-12",42.77,88.938,48.738,164.434,32.631,71.976,27.21,32.982,66.147,92.101,24.505,27.342,NA,13.635,143.402,52.67,87.44,169.523,NA,71.238,0.725,79.917,12.289,2.893,108.242,8.096,99.456,87.007,30.841,NA,NA,77.689,14.544,NA,NA,93.761,4.199,85.41,307.343,156.665,8.748,64.429,26.553,60.148,57.106,33.218,31.632,128.675,191.987,78.243,98.742,70.976,52.352,90.977,119.403,217.807,86.111,72.4,98.184
"2078-01",53.322,62.098,45.585,195.831,173.903,106.189,59.02,56.713,76.407,94.957,23.65,61.445,NA,11.058,111.495,51.605,98.775,129.548,NA,61.732,0.428,11.207,36.228,0.83,157.49,9.495,136.868,76.833,19.375,NA,NA,88.075,28.575,NA,NA,112.114,0.343,24.548,276.51,334.11,36.189,213.601,50.072,118.713,46.307,39.625,21.538,96.89,211.833,97.144,88.05,83.432,57.513,15.031,49.792,222.833,107.434,70.358,98.401
"2078-02",46.746,75.057,30.906,153.459,80.858,84.287,27.662,24.561,29.094,95.113,10.455,103.299,NA,11.315,99.967,59.807,76.795,86.191,NA,43.771,3.748,39.531,43.668,0.308,111.354,11.148,108.754,66.257,17.186,NA,NA,63.687,14.909,NA,NA,67.28,0.059,41.704,189.254,244.719,10.266,79.763,31.662,121.936,50.541,58.566,15.613,74.209,186.768,127.29,91.553,76.844,54.905,33.169,52.023,155.228,80.075,76.714,87.621
"2078-03",55.957,61.486,37.592,100.971,67.94,94.472,22.379,42.83,30.298,167.924,13.86,183.974,NA,22.533,107.994,74.946,84.197,83.987,NA,40.476,6.092,67.284,51.841,1.119,122.726,9.003,98.668,97.782,11.775,NA,NA,57.983,25.262,NA,NA,111.084,0.006,19.92,182.607,227.655,18.531,68.529,41.253,69.418,73.26,74.381,23.406,62.459,224.192,107.875,87.258,98.273,72.512,6.828,41.195,140.536,105.953,93.124,95.056
"2078-04",59.832,55.316,28.761,62.068,44.211,63.481,17.901,92.104,37.812,287.421,10.682,183.41,NA,21.644,105.298,61.456,73.271,34.658,NA,24.817,2.47,88.987,128.042,12.234,93.557,9.093,50.737,48.146,22.747,NA,NA,55.375,1.587,NA,NA,105.262,0.413,48.122,198.378,151.092,5.814,39.564,34.955,57.603,79.745,82.535,31.764,68.863,229.163,109.025,50.501,124.287,56.478,17.058,140.049,158.203,98.858,94.02,96.472
"2078-05",40.156,46.213,36.461,37.352,18.796,103.571,8.703,178.781,37.183,249.494,36.868,85.574,NA,30.614,102.991,62.37,41.458,56.893,NA,24.853,7.42,140.022,15.191,17.899,20.919,21.867,52.269,45.676,15.906,NA,NA,92.269,56.091,NA,NA,132.316,1.93,59.57,179.488,117.86,42.999,45.125,77.483,79.308,65.679,71.124,19.955,92.821,211.787,102.646,55.049,167.197,76.281,41.278,190.582,118.227,85.816,100.329,99.61
"2078-06",56.168,39.233,36.867,26.934,18.327,49.684,17.644,183.307,20.94,164.841,113.478,24.094,NA,38.633,87.568,62.092,31.022,15.519,NA,9.904,6.373,206.709,3.742,9.351,29.292,35.099,33.872,32.731,32.362,NA,NA,49.489,17.496,NA,NA,154.753,0.621,163.141,181.272,62.209,88.946,29.864,92.148,123.858,75.73,61.166,23.525,139.607,231.079,89.314,40.416,150.585,69.469,112.91,125.985,172.759,48.889,90.954,99.154
"2078-07",54.041,47.829,50.321,23.406,54.454,87.115,23.155,136.825,27.188,147.485,104.951,6.466,NA,45.257,81.58,60.341,51.528,12.103,NA,8.818,10.119,180.013,3.191,7.941,17.948,22.647,36.487,33.986,29.68,NA,NA,115.389,0.392,NA,NA,240.829,0.02,218.366,236.963,21.813,53.125,26.447,94.827,80.991,59.787,55.87,31.059,147.603,246.818,79.43,57.441,106.739,72.459,110.401,159.449,141.125,49.599,94.856,102.084
"2078-08",51.273,50.473,75.416,24.013,46.118,115.595,33.518,188.064,37.479,156.263,63.922,5.211,NA,37.059,28.003,72.201,54.881,14.098,NA,7.394,6.395,122.69,5.513,13.756,12.502,22.745,25.017,24.315,58.596,NA,NA,106.654,6.142,NA,NA,210.259,2.529,132.446,215.394,7.655,11.334,29.296,81.743,95.875,65.612,54.631,48.448,157.877,236.539,71.495,71.967,63.623,48.028,109.957,166.945,201.615,33.363,89.907,100.747
"2078-09",86.774,69.378,67.894,20.434,141.157,127.109,84.927,162.319,56.05,182.087,56.827,6.164,NA,20.668,57.378,48.943,112.114,7.511,NA,15.031,4.7,142.146,4.841,24.106,10.554,7.239,13.879,10.442,40.09,NA,NA,166.417,2.775,NA,NA,116.357,7.012,224.008,205.935,10.289,12.383,23.012,55.902,57.558,59.171,50.977,58.366,166.876,198.903,65.598,87.538,59.681,59.947,137.928,269.583,189.156,20.951,87.538,97.042
"2078-10",72.988,98.742,85.981,126.829,281.239,168.174,111.944,161.42,101.624,163.817,33.302,6.405,NA,29.002,94.166,52.213,111.744,80.036,NA,32.285,4.827,157.831,4.857,89.113,48.974,4.983,30.294,20.078,57.658,NA,NA,104.96,60.027,NA,NA,140.178,47.137,155.847,213.675,13.255,3.315,25.532,52.756,80.178,61.079,46.343,56.319,193.349,185.358,58.205,100.442,72.382,53.383,159.639,171.359,258.256,33.9,74.855,100.31
"2078-11",81.682,92.156,58.866,79.395,137.37,147.123,55.082,72.186,89.483,153.302,38.02,12.87,NA,13.965,171.18,48.098,106.283,63.917,NA,67.331,1.571,168.558,8.861,10.325,106.338,4.464,77.495,73.305,52.707,NA,NA,63.569,24.586,NA,NA,67.22,11.235,83.474,233.83,36.301,3.405,33.126,27.153,78.624,37.16,36.358,48.688,163.912,198.413,65.825,111.35,78.373,53.701,38.325,147.564,254.617,58.985,72.049,96.919
"2078-12",50.195,82.56,51.059,252.324,42.004,99.895,34.113,34.488,44.105,85.761,14.908,28.186,NA,10.118,142.747,42.831,106.993,157.564,NA,68.672,0.797,51.063,80.355,23.855,163.51,6.688,88.751,126.134,38.267,NA,NA,51.317,16.36,NA,NA,48.159,0.504,106.6,172.568,188.761,1.118,96.926,12.898,70.514,39.996,34.716,34.688,128.04,255.347,86.475,113.153,73.377,55.536,113.627,132.166,254.466,60.538,71.728,98.36
"2079-01",53.028,73.132,36.157,209.345,89.147,122.104,50.676,28.914,56.985,76.454,17.344,60.796,NA,13.395,141.656,56.76,85.897,206.296,NA,97.476,3.258,43.587,55.143,3.032,101.527,6.368,290.68,154.117,26.748,NA,NA,88.77,32.078,NA,NA,77.152,0.181,3.15,149.275,193.949,15.656,135.188,29.515,72.765,59.292,48.419,27.657,82.176,275.149,94.373,126.965,83.664,62.983,6.268,17.001,227.648,90.419,77.798,98.613
"2079-02",49.726,65.218,27.817,154.239,116.019,133.696,44.1,20.123,46.67,101.108,9.661,70.673,NA,13.694,143.771,61.828,99.949,88.108,NA,59.805,10.911,31.296,33.672,1.167,86.112,8.581,92.115,178.565,20.882,NA,NA,68.066,113.104,NA,NA,87.067,0.93,6.182,136.202,173.42,6.3,58.032,43.311,76.47,53.058,48.223,25.458,62.916,240.964,99.013,120.065,67.474,59.293,4.234,3.617,128.556,108.617,76.002,89.196
"2079-03",50.222,82.57,28.956,100.154,22.882,187.383,17.746,43.698,35.586,193.272,10.526,132.05,NA,23.558,148.921,81.239,57.722,107.875,NA,74.476,1.929,82.48,71.755,25.834,106.006,12.011,92.234,111.326,17.953,NA,NA,52.612,13.82,NA,NA,90.232,26.931,18.91,137.236,107.267,7.677,56.451,66.166,85.377,79.616,60.139,28.292,56.33,256.577,103.236,130.31,106.17,62.867,19.646,4.207,101.888,128.922,94.686,98.468
"2079-04",58.43,36.161,27.474,73.822,24.503,128.247,8.48,70.847,19.98,211.113,10.913,253.631,NA,28.727,147.503,73.232,72.626,73.751,NA,33.452,6.054,87.739,40.324,27.147,187.757,7.036,87.321,103.284,21.403,NA,NA,79.79,43.189,NA,NA,104.028,0.857,18.035,143.411,65.971,5.852,38.535,48.393,71.618,66.879,68.651,18.232,47.462,297.22,102.979,94.049,112.907,80.026,8.648,24.05,140.658,100.997,91.462,97.184
"2079-05",61.308,26.265,38.59,31.902,66.199,88.375,28.167,164.685,67.054,282.004,29.728,144.498,NA,32.848,138.415,65.346,29.226,10.797,NA,20.749,8.586,154.667,21.898,128.081,101.073,16.17,51.417,54.824,17.831,NA,NA,72.262,71.693,NA,NA,142.2,6.706,49.995,162.946,47.306,8.704,29.239,86.42,98.724,68.594,63.424,19.965,87.5,250.711,96.023,44.57,147.337,78.298,97.46,54.263,198.369,82.812,96.92,100.158
"2079-06",42.232,29.918,38.772,12.968,44.302,74.931,25.761,185.76,30.145,192.195,83.605,37.19,NA,38.353,72.837,69.703,25.902,12.368,NA,14.587,8.318,131.704,12.353,19.732,35.806,15.709,30.53,49.667,28.029,NA,NA,57.407,16.048,NA,NA,185.198,0.635,112.805,177.395,26.218,47.889,28.974,74.886,82.482,63.059,59.008,32.259,138.959,228.881,80.839,58.295,134.886,66.892,132.399,84.593,243.287,49.156,92.864,100.774
"2079-07",66.839,57.062,60.152,19.471,29.298,103.524,18.542,190.207,28.722,179.357,144.287,10.086,NA,42.358,43.947,80.077,32.071,10.303,NA,8.304,8.922,150.465,3.71,7.013,15.052,33.144,39.782,24.632,53.727,NA,NA,40.283,0.405,NA,NA,177.896,1.797,284.865,183.783,11.99,50.394,44.839,73.233,84.392,64.057,53.535,49.566,165.06,226.741,80.691,64.933,134.551,68.121,171.353,331.364,204.373,34.389,96.097,103.808
"2079-08",82.572,62.699,71.922,20.35,68.078,67.775,37.116,156.53,40.912,159.538,69.713,5.098,NA,42.088,64.163,72.253,58.421,11.023,NA,6.023,6.781,148.366,4.19,22.273,10.861,19.469,47.53,21.067,49.634,NA,NA,69.831,2.827,NA,NA,241.059,0.395,191.907,209.607,7.496,8.483,6.218,83.623,85.2,68.743,49.143,41.947,178.986,213.427,71.234,61.443,61.809,57.555,193.835,300.74,199.353,35.746,88.323,101.751
"2079-09",86.482,85.046,68.175,30.181,187.544,129.489,100.581,180.175,71.74,205.465,43.793,4.939,NA,32.074,67.331,56.122,97.559,19.325,NA,10.784,5.4,87.873,5.446,23.068,10.484,17.26,15.929,7.45,50.747,NA,NA,109.211,5.076,NA,NA,236.362,5.026,215.833,199.003,7.634,4.378,9.688,54.826,60.44,56.073,54.752,51.093,180.529,188.84,67.322,88.643,52.907,55.89,143.234,261.853,164.669,20.048,87.282,97.764
"2079-10",66.853,81.737,60.631,74.745,173.97,157.143,116.959,178.252,84.463,178.317,41.833,5.876,NA,18.349,128.257,49.431,122.971,63.968,NA,25.433,2.455,149.921,5.152,26.651,53.249,14.405,26.069,6.808,57.301,NA,NA,96.408,39.226,NA,NA,122.547,3.556,221.128,213.8,6.305,2.302,7.472,31.832,62.378,34.179,49.065,41.923,210.502,158.783,72.419,105.092,71.38,56.095,153.465,281.366,237.851,25.386,77.539,99.144
"2079-11",62.924,97.609,45.198,198.408,49.954,166.669,53.933,93.847,101.555,168.481,33.393,8.382,NA,15.635,156.468,53.397,84.36,128.828,NA,55.92,1.661,180.729,10.592,43.86,95.433,8.494,44.431,29.739,39.748,NA,NA,76.682,6.133,NA,NA,27.817,0.599,140.733,188.529,21.102,2.274,12.606,22.954,53.205,47.076,42.864,29.237,157.475,190.83,66.409,128.031,80.98,51.809,155.584,214.885,249.795,46.859,72.279,95.737
"2079-12",54.712,107.1,44.666,139.021,108.845,118.017,34.516,31.993,51.794,92.411,17.466,77.661,NA,11.527,131.723,47.571,85.478,196.802,NA,71.728,0.68,53.421,58.855,25.052,110.726,5.657,93.376,92.047,32.847,NA,NA,66.731,61.597,NA,NA,42.756,2.315,63.757,169.784,43.85,2.484,57.13,23.309,93.875,54.678,52.963,33.351,111.301,255.515,84.713,108.882,91.094,59.013,144.213,67.744,266.941,80.574,70.3,98.177
"2080-01",54.104,101.409,37.324,196.231,56.932,106.258,27.074,17.771,61.464,56.257,12.974,70.361,NA,12.639,156.899,55.021,103.814,177.217,NA,66.994,0.532,58.267,71.856,6.765,80.321,6.434,181.985,173.195,28.917,NA,NA,63.795,53.741,NA,NA,47.822,1.484,8.225,162.573,241.227,2.997,66.875,24.957,70.279,48.873,32.16,28.058,87,257.184,109.97,103.037,86.87,69.161,23.222,14.289,242.642,80.901,79.12,96.452
"2080-02",39.239,90.158,26.074,156.321,97.851,120.644,44.303,15.254,48.78,104.054,13.179,75.591,NA,11.642,91.354,57.17,97.598,90.755,NA,49.196,2.089,64.482,30.707,2.011,118.253,6.065,140.846,106.621,22.729,NA,NA,43.561,39.64,NA,NA,71.932,1.042,15.664,95.417,176.021,29.801,62.907,26.218,52.449,54.31,41.711,26.351,70.91,180.086,113.83,97.527,99.165,53.315,8.001,4.106,153.016,86.63,82.187,86.711
"2080-03",42.653,55.815,30.112,114.7,36.658,100.231,11.397,33.751,25.415,155.743,9.952,106.937,NA,13.377,95.341,74.094,94.733,72.406,NA,41.584,1.199,91.264,90.596,5.017,100.678,12.23,122.475,139.629,17.055,NA,NA,71.334,68.5,NA,NA,115.792,5.831,8.591,116.319,175.474,43.776,49.611,40.784,94.397,77.56,62.198,20.502,70.019,252.959,98.286,76.237,110.216,76.397,3.257,4.479,107.334,131.121,94.66,96.548
"2080-04",44.735,54.926,33.349,42.464,41.465,59.322,19.566,65.56,16.802,216.253,13.914,336.701,NA,21.578,125.367,52.231,66.027,71.676,NA,39.431,2.855,72.711,71.989,9.395,112.745,13.289,79.468,92.827,18.117,NA,NA,61.018,58.945,NA,NA,86.653,0.715,24.06,159.596,104.606,23.571,34.412,45.982,88.368,86.407,70.21,25.652,70.169,238.851,106.012,55.433,169.171,63.202,7.501,45.162,87.656,111.2,93.451,94.592
"2080-05",44.889,57.385,47.414,50.75,16.778,27.726,6.584,160.034,41.284,270.627,15.671,207.896,NA,35.463,105.244,82.968,82.184,10.356,NA,7.559,7.756,183.837,23.557,11.063,143.844,24.768,61.48,56.539,30.426,NA,NA,52.684,84.431,NA,NA,129.042,2.981,49.183,180.869,34.539,17.762,74.342,46.125,97.44,86.339,66.077,23.764,106.876,254.843,100.445,47.897,199.083,69.527,38.668,21.794,125.002,103.589,97.166,102.049
"2080-06",46.854,29.959,39.924,18.122,25.984,39.693,17.08,203.421,27.281,199.74,99.404,10.019,NA,39.046,108.529,56.523,37.753,13.418,NA,10.878,7.248,204.577,5.295,8.595,41.73,21.094,61.321,78.765,37.456,NA,NA,38.874,10.944,NA,NA,195.264,0.5,123.819,184.883,14.468,28.165,51.956,56.335,100.334,65.615,62.171,35.357,159.382,249.369,95.19,36.453,157.52,69.661,93.035,98.344,175.558,50.151,85.51,101.963
"2080-07",53.359,44.747,52.684,20.515,24.657,44.321,22.573,172.554,19.398,132.745,77.126,6.607,NA,44.188,78.753,63.72,31.725,29.775,NA,12.19,6.098,152.873,3.384,8.911,17.387,23.737,36.723,18.942,45.989,NA,NA,89.665,1.923,NA,NA,212.284,0.123,165.544,131.8,9.212,30.052,12.593,99.506,93.343,63.969,45.983,34.119,169.983,238.844,81.35,39.508,94.108,70.39,183.409,160.978,174.89,39.767,90.996,101.723
"2080-08",74.825,81.546,73.748,22.568,25.884,69.416,23.558,149.346,29.622,171.355,69.454,3.864,NA,27.125,101.605,41.959,43.429,16.134,NA,8.206,5.825,129.338,6.758,19.424,13.423,20.832,29.924,17.742,36.791,NA,NA,101.794,3.191,NA,NA,294.141,1.013,158.404,152.337,8.499,8.76,28.802,79.938,86.656,60.198,61.129,45.599,172.509,227.494,67.23,69.925,52.67,70.969,150.281,227.088,139.562,30.458,90.426,100.559
"2080-09",97.902,92.971,60.613,72.645,131.746,106.341,51.486,138.035,52.011,146.928,62.983,4.672,NA,19.15,64.996,43.754,58.946,14.37,NA,17.105,7.41,100.407,5.501,38.597,14.205,15.289,19.45,7.948,26.506,NA,NA,93.947,14.859,NA,NA,168.798,2.663,202.571,214.678,18.153,7.788,17.734,42.816,65.616,53.097,68.575,37.57,176.73,215.145,55.874,81.379,52.383,59.674,136.236,295.382,163.356,20.152,86.551,95.486
"2080-10",68.662,98.289,46.393,46.093,50.981,114.936,34.175,166.334,71.665,155.228,50.194,6.678,NA,18.998,94.056,49.296,77.467,176.961,NA,53.084,2.911,137.357,5.891,77.538,64.86,6.885,32.289,11.181,46.541,NA,NA,104.049,23.435,NA,NA,143.346,151.89,294.091,217.689,11.023,2.894,7.671,30.943,63.17,56.013,54.371,45.516,185.879,191.72,62.475,137.91,72.783,53.902,246.059,283.543,198.283,25.739,82.863,101.356
"2080-11",63.255,113.949,58.801,117.056,97.635,120.778,49.298,106.974,66.766,118.469,27.309,8.424,NA,13.725,101.514,40.869,91.278,117.245,NA,51.489,4.062,167.609,5.622,58.305,154.626,5.23,56.96,26.232,45.707,NA,NA,80.039,6.549,NA,NA,67.576,4.125,113.551,193.835,40.281,3.082,31.492,21.031,48.294,52.537,56.276,41.356,175.823,178.136,65.704,108.267,90.084,53.739,188.629,137.878,222.208,45.926,70.721,94.587
"2080-12",73.241,120.842,45.871,118.252,220.81,209.244,65.937,57.895,63.435,78.65,26.579,56.858,NA,9.636,185.893,43.181,99.311,90.231,NA,62.748,0.855,94.535,63.81,25.275,170.348,5.84,113.115,161.08,41.06,NA,NA,63.169,63.374,NA,NA,96.29,1.2,87.4,234.88,103.836,3.728,147.171,23.993,72.217,53.31,47.884,39.515,116.568,253.284,75.95,111.983,100.779,57.898,71.604,133.306,263.259,69.795,75.039,99.975
"2081-01",81.187,96.49,49.457,115.155,46.99,101.027,20.68,23.168,56.137,52.257,16.023,76.44,NA,12.249,187.338,63.239,79.307,169.207,NA,70.549,1.31,47.132,55.924,4.039,166.353,6.642,193.381,219.849,31.622,NA,NA,63.132,24.657,NA,NA,72.04,0.362,24.025,176.259,219.583,33.815,48.404,34.03,76.722,58.248,33.121,30.349,80.626,279.993,100.029,91.415,79.232,56.459,33.976,115.434,243.996,80.902,73.364,95.467
"2081-02",53.175,73.357,35.862,168.266,109.569,80.413,47.767,27.403,39.884,93.506,15.894,83.421,NA,11.506,106.012,61.916,88.556,46.797,NA,34.209,2.166,52.446,72.114,2.328,142.125,9.09,165.344,162.678,24.923,NA,NA,41.045,23.851,NA,NA,91.423,0.744,4.692,126.745,225.025,2.161,77.212,44.155,58.05,63.111,54.83,25.91,78.279,203.241,104.021,82.721,103.865,55.006,8.024,3.296,202.891,104.162,73.605,89.083
"2081-03",67.297,68.671,28.943,79.405,11.718,62.582,6.551,27.276,26.917,88.038,12.018,165.099,NA,16.072,124.842,59.819,94.197,40.074,NA,32.009,1.931,74.104,75.832,3.629,165.744,11.907,100.556,101.236,26.207,NA,NA,72.009,55.953,NA,NA,110.324,0.185,7.951,189.106,249.608,13.438,68.408,52.685,67.737,84.596,67.148,25.135,69.633,225.328,116.514,68.212,113.089,72.363,5.116,16.34,174.458,108.372,94.147,97.301
"2081-04",56.161,66.291,31.659,23.069,25.267,60.446,16.397,93.701,43.804,169.804,12.825,235.816,NA,24.693,116.045,74.51,78.698,24.151,NA,16.506,7.742,106.601,74.223,13.445,98.984,10.003,47.938,82.036,23.028,NA,NA,65.677,26.348,NA,NA,142.81,0.716,20.422,160.59,134.818,20.265,57.55,68.863,129.519,90.273,71.783,27.514,75.499,191.645,113.404,58.198,150.207,59.537,5.382,87.024,128.915,118.438,97.644,95.726
"2081-05",49.474,28.926,25.185,27.474,28.765,53.398,9.662,241.382,23.415,282.936,21.988,164.081,NA,38.033,55.911,83.878,47.884,24.839,NA,19.482,9.171,137.526,61.232,11.615,69.904,26.151,40.55,56.394,23.004,NA,NA,98.801,24.535,NA,NA,181.752,1.717,90.06,227.695,114.978,39.952,72.748,102.184,118.118,84.532,67.944,17.511,122.872,165.587,105.553,53.746,201.532,66.22,31.206,153.72,134.55,85.528,101.311,100.383
"2081-06",57.817,19.752,50.259,28.398,36.755,79.25,23.472,198.642,36.118,124.481,150.928,64.379,NA,43.08,22.273,64.91,54.731,6.719,NA,5.689,6.674,272.235,11.42,5.856,55.062,14.457,43.788,43.103,29.881,NA,NA,64.924,3.643,NA,NA,205.649,1.752,70.572,224.362,34.474,10.961,46.988,76.456,105.505,76.032,56.306,29.092,152.539,181.244,91.587,42.751,203.046,60.291,97.739,36.614,194.666,53.317,97.4,100.76
"2081-07",57.782,62.148,59.885,29.135,28.135,39.505,25.794,169.754,27.485,178.312,118.06,7.082,NA,53.836,56.319,77.965,60.461,7.123,NA,5.492,9.536,156.181,2.861,9.306,28.785,11.256,27.253,17.848,46.317,NA,NA,68.53,6.313,NA,NA,131.543,0.223,205.538,230.626,20.314,37.882,32.855,82.471,99.954,75.457,54.487,38.167,171.219,181.635,78.093,37.8,130.359,58.139,174.268,249.381,215.577,34.927,90.951,100.737
"2081-08",67.996,88.438,64.545,24.091,31.981,87.074,31.352,181.992,31.923,177.37,89.696,4.871,NA,30.006,42.989,65.602,55.219,9.282,NA,7.132,7.778,171.991,3.789,14.095,13.884,7.62,26.577,29.961,64.615,NA,NA,69.177,4.924,NA,NA,259.748,0.159,243.499,217.952,6.464,12.25,41.271,80.366,129.433,64.101,41.056,62.202,179.429,127.578,88.266,74.006,81.371,52.82,180.022,259.057,216.191,31.094,90.979,98.25
"2081-09",48.248,93.729,61.86,20.616,87.99,115.86,66.411,194.023,54.076,206.503,45.802,5.802,NA,20.941,51.072,47.824,84.283,35.478,NA,12.784,5.293,138.5,6.159,79.196,12.22,11.809,21.555,9.211,48.134,NA,NA,151.969,0.631,NA,NA,216.538,3.441,233.323,209.956,12.996,4.655,29.159,55.116,104.097,63.12,41.008,47.179,191.9,97.89,68.447,97.817,50.159,54.236,171.483,293.933,245.353,22.468,83.016,93.928
"2081-10",77.163,83.283,64.697,154.693,97.006,160.497,71.046,187.339,115.692,177.295,62.658,7.955,NA,15.804,71.636,40.29,85.691,14.864,NA,19.452,5.758,194.715,4.118,29.644,40.53,5.594,24.222,9.292,41.471,NA,NA,88.572,18.918,NA,NA,147.177,18.329,248.67,207.705,25.357,2.383,70.558,30.345,87.288,53.449,47.286,49.863,205.912,87.665,73.617,118.759,70.035,43.407,161.161,269.145,223.849,28.346,84.227,96.522
"2081-11",86.014,75.594,65.481,175.601,138.744,142.813,80.7,90.66,72.844,140.166,23.577,24.965,NA,10.46,152.906,45.741,130.325,87.694,NA,40.411,2.082,134.391,13.792,35.421,102.786,7.082,41.981,37.564,55.319,NA,NA,101.249,42.823,NA,NA,54.025,0.2,110.822,280.937,83.718,3.653,39.002,48.631,51.563,46.754,40.526,42.042,172.716,121.851,66.514,125.462,101.586,47.336,109.744,234.538,295.808,50.155,76.67,98.387
"2081-12",51.456,96.404,41.478,199.107,52.757,130.337,26.799,48.046,59.157,112.322,20.487,87.248,NA,9.711,131.832,34.717,125.076,195.152,NA,85.512,0.691,37.254,46.942,9.398,158.305,5.736,200.325,104.251,38.975,NA,NA,67.273,2.191,NA,NA,65.231,5.415,200.936,307.096,167.936,4.386,120.465,57.263,95.242,46.392,46.649,31.342,124.613,192.273,77.981,113.7,79.121,55.78,103.207,246.048,231.744,89.759,69.179,100.147
"2082-01",52.416,58.811,38.243,182.546,53.88,94.651,22.32,21.888,43.708,65.302,14.326,101.984,NA,10.487,139.677,50.264,100.515,243.378,NA,80.18,3.213,30.419,59.416,2.459,147.9,6.215,158.447,129.568,25.981,NA,NA,77.365,4.14,NA,NA,84.848,0.742,15.154,272.778,238.992,9.198,157.387,41.403,155.485,60.003,55.753,31.329,105.247,184.151,104.136,104.911,69.706,58.484,26.992,28.077,226.096,98.296,73.282,98.255
"2082-02",49.764,69.727,37.728,246.836,6.601,75.953,16.748,26.907,34.185,119.218,20.543,146.553,NA,11.731,78.217,55.239,96.452,120.542,NA,51.515,1.677,92.867,7.678,4.783,32.514,7.936,111.294,123.11,26.73,NA,NA,65.338,84.315,NA,NA,48.624,1.2,13.754,168.801,234.205,85.836,32.56,41.003,110.259,59.284,52.419,20.356,73.816,159.013,115.966,78.194,93.123,52.389,29.275,26.93,138.571,91.622,76.74,84.044
"2082-03",60.857,85.083,40.062,89.456,47.99,110.406,13.662,28.039,22.017,190.678,16.668,282.032,NA,16.528,95.267,59.02,95.411,70.368,NA,39.144,2.481,83.283,14.087,4.084,206.195,12.387,158.207,139.492,19.049,NA,NA,71.084,52.018,NA,NA,101.392,1.031,24.79,230.25,193.072,4.123,30.049,27.06,68.25,78.411,66.601,28.722,63.611,234.137,107.865,81.903,111.612,63.937,9.453,36.218,174.048,109.257,90.321,96.976
"2082-04",52.641,57.906,38.769,35.364,23.635,69.035,12.452,75.788,32.617,269.637,13.26,335.1,NA,17.683,112.701,74.745,52.964,57.22,NA,30.221,3.134,115.798,51.714,5.851,61.283,13.304,59.286,48.531,25.684,NA,NA,95.979,47.551,NA,NA,116.875,0.308,63.354,151.688,229.911,4.936,58.19,44.745,90.949,77.063,76.487,24.715,67.312,193.838,103.645,53.509,164.103,66.64,32.522,65.479,134.218,92.067,100.252,95.103
"2082-05",35.116,52.176,38.787,23.785,11.163,34.012,12.417,227.796,46.481,304.057,41.322,144.24,NA,37.574,109.842,73.52,43.975,24.253,NA,15.099,7.38,185.345,31.477,34.889,43.835,14.756,51.336,63.044,17.713,NA,NA,86.48,32.247,NA,NA,115.968,3.545,103.885,214.187,128.661,68.993,67.833,81.612,77.96,83.776,72.142,19.185,104.779,202.288,111.678,44.768,169.937,71.794,81.388,144.103,154.041,79.675,98.37,98.548
"2082-06",58.311,33.365,43.655,17.068,42.975,76.112,17.859,133.867,24.041,142.701,94.052,53.578,NA,50.13,98.907,77.412,32.943,6.203,NA,9.661,7.344,237.433,5.878,4.158,32.692,26.582,40.442,32.563,35.678,NA,NA,63.869,6.328,NA,NA,237.676,1.17,129.201,219.166,27.514,20.569,81.529,78.303,119.259,69.85,70.27,24.49,117.853,245.869,94.944,55.268,146.001,82.035,138.491,108.709,173.89,51.786,89.838,100.571
"2082-07",69.221,59.339,69.395,25.601,11.174,67.684,22.599,188.309,15.102,124.335,100.516,9.154,NA,43.7,56.061,68.429,54.895,13.968,NA,6.447,5.793,160.155,4.635,16.39,29.459,21.388,18.279,18.13,39.019,NA,NA,58.665,2.882,NA,NA,184.017,0.024,282.964,193.03,9.936,9.978,51.668,56.757,81.906,77.745,54.814,52.641,153.374,256.115,90.765,43.757,93.715,51.41,179.943,220.839,224.491,32.768,91.926,101.934
"2082-08",72.842,55.991,89.424,31.024,45.576,75.103,28.123,138.006,31.406,176.675,66.047,9.207,NA,37.848,69.488,52.066,78.7,9.285,NA,7.309,7.24,144.048,5.745,41.407,19.315,13.537,29.585,19.815,49.251,NA,NA,93.907,3.935,NA,NA,228.892,1.128,188.874,207.346,8.047,9.805,31.845,51.338,63.463,58.188,74.462,45.913,160.204,257.786,66.743,62.124,73.534,53.645,176.36,277.908,202.272,30.47,92.007,102.287
"2082-09",71.286,88.496,70.833,46.734,120.491,139.863,61.56,195.731,73.479,234.444,68.896,5.576,NA,25.504,101.467,60.672,121.013,14.768,NA,16.243,6.447,129.337,5.653,22.147,13.351,6.12,23.623,17.721,58.994,NA,NA,97.998,7.905,NA,NA,152.44,5.306,232.438,211.715,13.31,12.621,19.394,48.44,49.55,58.227,59.156,59.899,157.316,201.142,59.021,90.132,54.675,60.644,166.287,276.329,179.898,26.731,82.871,95.957
"2082-10",98.39,93.133,58.272,102.04,208.153,129.869,101.903,154.062,88.28,146.294,66.696,8.457,NA,16.405,115.432,48.387,101.698,26.392,NA,30.13,6.379,136.9,5.432,54.891,67.169,8.728,30.001,12.557,44.828,NA,NA,156.514,25.914,NA,NA,190.323,8.498,180.478,208.718,13.324,4.706,44.218,46.864,83.323,52.607,44.933,32.858,198.848,186.617,60.288,95.082,64.279,61.088,96.208,284.489,182.461,42.49,83.424,99.201
"2082-11",61.615,103.32,50.659,100.407,79.693,136.632,63.313,93.812,50.444,132.353,36.488,11.766,NA,11.966,164.201,40.831,128.298,150.662,NA,81.951,1.74,163.073,10.358,88.982,162.938,7.056,69.236,29.728,43.796,NA,NA,83.857,57.047,NA,NA,82.951,4.133,74.15,180.507,54.418,3.902,29.196,16.39,76.767,47.778,41.568,36.373,167.22,189.062,68.943,107.485,84.52,54.631,185.742,72.939,242.997,57.762,76.283,97.489
"2082-12",84.002,89.347,53.095,89.234,48.741,91.296,46.056,37.902,50.582,63.477,23.802,46.347,NA,9.913,167.348,39.632,126.342,152.917,NA,91.111,1.964,78.304,64.949,42.304,236.694,7.368,124.49,75.59,39.002,NA,NA,94.723,14.71,NA,NA,72.896,0.456,78.838,257.44,85.319,3.431,99.48,15.654,89.503,42.832,40.429,33.364,111.756,254.062,70.667,99.911,95.57,67.229,115.598,143.032,324.966,65.848,69.592,99.719
"2083-01",70.236,91.432,31.861,200.496,187.199,213.35,84.89,24.778,66.488,64.823,14.78,86.854,NA,13.846,97.447,59.059,95.448,122.008,NA,104.064,1.176,35.617,128.409,2.303,86.832,11.077,144.08,170.298,25.541,NA,NA,78.894,65.308,NA,NA,81.384,1.434,27.948,252.824,269.74,4.9,103.526,36.347,68.174,52.61,44.928,29.603,92.682,234.501,106.129,130.055,89.339,66.683,16.377,39.624,201.005,75.229,74.664,97.975
"2083-02",63.302,63.493,32.189,132.185,38.267,87.476,22.007,20.73,29.018,115.507,14.428,61.859,NA,16.524,94.799,65.405,87.321,41.361,NA,50.616,0.682,63.81,41.017,2.624,73.219,8.002,109.91,68.01,21.158,NA,NA,65.617,31.46,NA,NA,106.017,4.758,11.598,114.166,135.747,3.529,323.828,12.501,96.984,53.168,46.963,25.498,72.69,213.334,113.815,90.521,91.627,51.392,6.106,6.522,118.303,98.248,72.33,85.379
"2083-03",59.108,52.789,44.853,101.095,19.65,158.972,12.92,41.534,46.078,177.661,11.182,244.58,NA,20.562,88.709,71.248,82.649,104.811,NA,43.376,2.627,54.129,24.38,11.437,172.533,10.814,129.797,129.778,14.407,NA,NA,91.601,68.622,NA,NA,133.457,13.182,10.627,135.246,150.972,24.868,115.529,47.697,122.782,87.165,69.132,19.596,58.771,262.365,110.2,98.775,96.729,61.895,4.321,15.871,140.649,129.428,87.024,98.223
"2083-04",51.837,53.87,27.507,34.642,72.676,109.229,20.691,110.137,33.394,203.491,10.511,99.818,NA,12.121,150.87,46.029,65.765,30.625,NA,21.651,2.921,85.97,111.366,2.216,121.421,14.452,54.714,55.338,20.31,NA,NA,75.785,17.399,NA,NA,98.356,0.24,30.934,188.002,137.157,6.063,35.163,60.425,51.065,78.178,70.039,23.51,71.144,246.123,101.496,71.498,95.475,69.077,8.626,77.518,132.654,108.544,100.669,98.121
"2083-05",60.274,48.343,42.386,23.797,16.175,62.327,10.598,180.574,36.08,225.032,27.876,66.801,NA,17.087,121.655,65.057,37.426,19.47,NA,26.797,7.545,132.882,34.295,31.466,153.849,24.15,56.639,81.904,18.525,NA,NA,68.094,31.071,NA,NA,148.47,2.937,58.85,211.669,56.771,14.727,40.969,52.451,89.918,76.521,66.662,25.518,105.093,241.981,98.78,55.711,157.508,80.782,28.64,140.148,169.204,84.845,99.814,101.842
"2083-06",46.482,45.949,40.817,13.845,12.286,75.255,12.066,201.99,14.405,234.318,95.496,35.345,NA,43.658,106.965,65.588,52.771,22.233,NA,10.535,6.269,215.482,2.804,7.367,26.442,16.463,29.903,32.526,38.214,NA,NA,91.785,9.717,NA,NA,220.151,1.318,141.155,214.063,32.465,9.524,29.218,90.047,75.063,57.819,61.477,27.717,123.693,242.626,93.413,49.118,143.655,88.948,108.452,109.519,181.896,48.26,95.077,100.85
"2083-07",59.315,60.378,62.636,31.466,29.962,49.888,21.557,133.003,15.416,151.76,89.948,4.98,NA,51.196,70.227,51.846,71.395,9.563,NA,6.303,5.71,145.501,3.875,10.705,24.071,20.501,24.925,15.383,31.748,NA,NA,145.666,2.254,NA,NA,245.58,0.313,161.619,201.914,14.637,10.089,18.835,81.667,81.13,48.81,63.836,29.931,158.746,257.656,74.872,36.728,95.016,72.394,141.569,94.519,228.518,27.571,95.106,103.735
"2083-08",96.5,69.168,63.133,21.231,57.8,107.958,34.982,162.062,29.386,195.175,71.725,6.51,NA,51.464,59.197,69.288,44.409,9.497,NA,7.321,12.213,104.46,5.796,18.282,13.598,13.11,23.572,12.111,56.802,NA,NA,105.515,1.844,NA,NA,243.085,0.142,183.614,204.382,8.574,4.666,14.356,75.81,75.218,57.381,59.628,54.365,159.913,269.289,77.214,67.022,72.025,64.246,166.8,186.304,164.912,28.971,90.034,103.113
"2083-09",98.156,95.302,69.458,23.128,175.365,105.778,103.752,159.71,54.663,171.012,55.552,5.987,NA,26.701,83.945,44.886,63.164,24.981,NA,30.017,6.326,86.116,4.967,32.398,10.591,7.583,23.104,17.677,28.953,NA,NA,92.206,7.579,NA,NA,173.134,1.546,211.355,218.936,11.078,2.644,10.761,65.189,68.769,56.015,61.883,41.626,181.152,193.087,55.56,77.762,64.16,59.471,152.524,303.69,181.48,28.932,82.889,95.65
"2083-10",77.294,111.531,73.301,116.304,58.271,154.772,51.496,151.64,62.398,145.106,41.297,6.087,NA,13.288,145.085,37.447,79.095,35.7,NA,32.881,5.957,175.761,4.489,29.185,64.09,7.745,31.333,12.773,55.325,NA,NA,119.082,34.263,NA,NA,178.65,2.583,196.124,229.116,16.313,2.199,10.382,34.167,71.539,55.254,49.142,49.249,199.05,186.054,58.274,115.914,71.494,57.636,81.723,252.23,202.915,32.297,83.769,101.946
"2083-11",48.592,78.173,37.072,179.632,68.552,153.734,44.545,123.065,52.784,141.136,35.595,10.665,NA,11.349,150.855,44.801,94.519,197.296,NA,65.491,1.611,130.663,5.218,62.536,129.209,9.72,49.44,28.817,38.548,NA,NA,96.627,26.521,NA,NA,72.071,2.258,67.296,204.639,35.547,2.063,28.07,17.762,62.529,36.251,50.035,33.19,183.101,165.429,66.469,108.347,84.498,54.806,143.87,84.737,252.961,55.481,72.199,95.154
"2083-12",67.922,101.645,50.718,165.31,101.041,97.956,41.423,53.416,60.928,110.769,17.027,55.187,NA,14.511,118.192,50.109,106.763,180.811,NA,71.405,1.079,76.227,82.836,16.145,211.799,7.739,119.369,106.879,40.343,NA,NA,62.236,54.393,NA,NA,75.772,4.798,55.576,192.665,82.29,6.42,132.447,26.6,69.613,52.702,30.337,35.178,129.258,226.081,80.052,95.66,82.928,67.465,72.709,61.587,287.827,75.767,69.473,96.525
"2084-01",57.266,77.569,56.222,207.385,57.851,89.839,20.993,20.819,38.881,51.92,15.964,75.478,NA,8.458,146.037,62.13,90.049,191.65,NA,83.264,2.358,29.723,59.504,6.286,239.756,6.259,197.743,128.716,22.299,NA,NA,65.365,33.527,NA,NA,93.328,0.628,14.625,173.825,216.795,2.797,167.921,28.539,91.716,50.722,48.72,35.438,95.731,232.761,103.348,105.822,55.929,63.051,30.321,8.922,249.918,103.33,71.906,97.439
"2084-02",54.927,72.811,34.263,194.99,28.987,100.608,21.731,22.322,34.909,92.754,11.757,78.999,NA,11.639,110.363,52.489,74.118,150.662,NA,64.356,0.959,65.48,18.931,1.326,84.977,5.677,106.608,111.645,19.424,NA,NA,55.818,13.015,NA,NA,73.416,0.071,18.344,133.674,192.481,4.079,193.668,39.479,86.158,66.655,59.04,22.312,75.361,188.68,126.719,97.01,84.291,61.842,12.127,5.159,191.709,99.206,77.807,88.599
"2084-03",55.541,49.006,35.497,142.837,4.706,116.057,5.602,24.681,28.539,140.707,13.599,193.31,NA,18.474,125.421,74.971,80.811,87.263,NA,42.876,2.385,89.398,40.892,0.942,89.438,12.669,120.424,108.401,26.784,NA,NA,58.613,14.223,NA,NA,52.125,0.24,28.086,182.458,241.272,7.394,113.651,38.717,126.164,91.595,67.382,31.704,69.488,231.26,108.596,90.008,119.891,60.015,12.308,37.278,139.549,113.647,92.091,97.448
"2084-04",54.695,42.886,34.169,75.693,50.544,73.576,15.965,79.601,17.406,221.339,12.417,290.404,NA,23.409,115.071,62.018,28.726,100.172,NA,34.342,3.69,111.811,94.485,7.962,168.572,12.94,106.636,93.276,22.208,NA,NA,42.832,51.986,NA,NA,77.499,0.668,31.461,161.237,125.419,5.922,37.557,47.567,64.526,86.736,75.753,18.635,67.43,212.683,110.808,63.81,152.757,63.733,8.996,46.5,132.71,111.518,94.635,95.013
"2084-05",39.3,27.196,37.397,43.028,27.025,67.182,9.244,140.39,24.983,154.626,19.757,138.682,NA,49.392,83.433,91.292,65.853,58.027,NA,23.049,5.847,162.046,89.207,11.255,124.173,9.941,48.992,52.161,27.606,NA,NA,89.607,18.512,NA,NA,119.61,2.797,108.669,217.143,71.831,19.803,23.415,81.957,76.836,64.456,65.597,23.677,111.285,197.661,105.493,43.552,149.561,67.873,62.344,155.519,208.002,68.952,102.729,101.145
"2084-06",49.552,29.27,57.316,27.944,45.548,30.559,19.105,180.111,18.093,171.609,68.809,37.67,NA,34.851,96.752,58.887,31.411,69.629,NA,21.597,4.688,212.672,15.112,4.277,25.906,21.8,40.917,51.113,28.518,NA,NA,52.036,3.36,NA,NA,125.397,1.472,95.12,208.829,21.486,85.496,77.627,91.835,63.865,72.03,65.844,30.706,147.155,213.553,93.886,38.734,163.57,69.725,89.908,74.459,182.847,50.955,100.231,101.084
"2084-07",80.577,61.001,50.027,18.864,16.579,107.834,19.625,149.009,22.622,178.908,145.125,13.51,NA,37.973,127.745,50.103,36.68,8.45,NA,6.873,7.798,148.251,4.887,14.922,14,23.746,33.65,26.571,35.259,NA,NA,64.526,2.951,NA,NA,223.682,2.967,107.144,188.122,26.116,44.786,26.542,73.929,65.189,66.353,54.324,50.858,168.233,233.734,79.234,49.286,121.118,76.153,144.038,101.047,169.639,46.073,99.779,103.369
"2084-08",80.171,76.463,69.229,24.247,25.383,73.86,30.418,143.349,36.465,138.869,85.801,6.931,NA,35.181,109.906,54.664,41.611,15.259,NA,7.607,8.45,169.334,4.234,15.543,11.613,12.935,29.834,10.771,59.818,NA,NA,49.305,0.915,NA,NA,207.655,7.572,178.26,183.892,16.065,21.512,49.815,77.592,88.228,65.335,63.871,60.435,158.578,230.606,62.825,62.2,72.095,68.233,168.994,217.433,168.672,39.607,95.078,97.861
"2084-09",91.25,115.377,64.218,48.333,123.273,111.193,61.088,142.037,44.029,140.321,42.491,4.845,NA,30.207,109.577,35.128,98.595,12.557,NA,14.445,8.7,131.719,6.087,45.472,14.063,13.452,25.358,21.446,41.347,NA,NA,136.008,5.758,NA,NA,189.579,4.959,256.304,195.564,13.577,3.673,103.485,43.854,81.464,52.542,53.11,47.46,176.503,212.806,55.615,88.791,53.271,60.593,120.619,291.755,195.533,24.594,84.587,96.626
"2084-10",78.416,106.445,69.39,116.91,153.406,165.444,55.536,127.866,89.489,157.198,48.62,10.495,NA,17.688,158.128,55.044,136.957,111.882,NA,38.463,5.768,149.607,4.765,70.171,76.909,14.36,48.554,16.752,55.43,NA,NA,143.359,12.019,NA,NA,61.285,3.28,201.815,243.288,12.268,1.864,9.239,52.861,72.32,56.733,51.984,41.274,163.703,212.673,53.036,112.533,61.924,78.523,130.711,218.925,241.562,34.735,84.533,100.437
"2084-11",67.683,99.845,66.384,75.79,58.821,103.894,37.427,68.639,37.861,86.479,21.065,10.45,NA,22.542,173.174,58.943,135.494,93.131,NA,59.802,2.733,153.28,12.07,61.764,181.383,6.701,52.378,25.852,50.459,NA,NA,70.255,45.082,NA,NA,85.269,1.462,121.634,261.829,35.684,1.924,24.313,30.018,46.256,44.671,39.864,42.003,162.292,210.078,62.333,91.643,82.739,54.646,93.191,218.902,292.011,45.467,76.08,99.829
"2084-12",61.098,98.582,53.149,201.172,170.824,128.373,59.206,50.282,65.748,76.88,15.698,69.009,NA,10.833,128.299,59.628,108.845,139.542,NA,64.639,0.887,39.218,78.006,22.233,192.351,5.739,141.547,126.372,40.135,NA,NA,54.467,17.121,NA,NA,76.379,6.733,14.75,163.933,136.639,5.011,45.23,26.127,67.733,47.68,45.494,38.734,120.208,264.102,79.261,120.884,90.193,54.482,51.82,18.17,251.159,74.394,73.816,98.697
"2085-01",59.525,104.065,36.884,175.912,67.523,159.432,38.407,28.534,71.213,68.085,17.756,94.087,NA,7.702,141.68,41.352,109.808,233.45,NA,82.112,0.899,42.347,64.151,3.933,100.694,7.093,217.31,180.406,36.042,NA,NA,79.47,31.657,NA,NA,49.629,0.307,18.32,143.171,276.467,50.179,102.31,26.905,73.713,40.68,47.448,29.581,91.134,253.212,95.814,114.906,79.099,59.874,37.654,13.254,234.598,112.81,80.079,99.4
"2085-02",60.406,48.677,29.685,182.236,47.134,150.505,24.897,29.532,52.581,100.09,9.943,48.285,NA,11.259,103.675,43.326,88.416,170.921,NA,66.616,2.603,30.271,42.071,0.368,60.155,7.203,83.166,148.387,19.36,NA,NA,57.507,35.428,NA,NA,45.401,0.049,8.371,137.623,223.609,4.656,64.169,40.319,95.982,58.139,41.659,20.455,71.844,209.252,95.092,119.718,59.216,64.138,12.567,5.596,151.328,121.023,76.874,90.175
"2085-03",44.922,37.438,32.853,110.358,13.434,149.39,17.199,53.564,24.067,185.072,14.544,246.854,NA,12.385,134.82,50.901,64.501,133.055,NA,51.71,5.786,56.095,22.951,5.519,134.196,9.643,97.962,131.56,21.447,NA,NA,52.008,39.189,NA,NA,70.787,0.133,14.802,124.818,195.573,16.349,114.999,61.506,134.648,80.85,71.75,23.565,67.378,207.628,116.841,95.781,104.423,68.028,14.212,2.844,135.477,137.239,94.493,96.905
"2085-04",53.578,47.965,27.599,87.689,53.517,78.996,21.361,84.492,42.596,245.452,8.647,142.241,NA,24.203,104.599,66.599,71.118,63.732,NA,26.598,2.863,91.545,49.383,58.402,225.868,11.229,55.265,34.913,21.566,NA,NA,48.747,45.052,NA,NA,102.429,2.901,33.457,155.049,111.814,27.934,60.303,62.167,127.319,86.095,85.121,18.855,67.292,262.217,93.938,76.416,93.167,71.455,19.982,27.245,159.585,87.495,95.164,97.545
"2085-05",55.735,48.279,47.892,44.398,11.811,79.833,9.707,152.813,36.287,206.25,22.508,90.921,NA,44.957,136.648,66.865,28.685,16.105,NA,20.683,6.473,151.556,17.732,34.862,57.817,16.817,58.079,59.411,30.218,NA,NA,42.059,54.173,NA,NA,110.788,4.301,76.679,180.654,58.519,30.909,32.715,71.342,112.279,91.091,68.474,31.471,97.47,255.544,99.93,55.808,138.814,76.719,51.504,91.793,190.612,81.169,96.944,102.606
"2085-06",55.241,40.035,41.955,27.328,20.552,69.184,13.776,235.044,25.646,202.492,62.421,20.412,NA,49.878,134.008,70.546,45.891,50.142,NA,23.04,6.516,158.191,3.509,16.461,13.432,34.466,36.59,42.196,37.044,NA,NA,85.959,33,NA,NA,238.511,2.314,89.497,173.834,41.797,14.765,49.295,68.161,113.121,63.771,70.622,26.019,147.56,236.494,85.083,52.11,142.521,77.209,143.677,90.707,160.189,56.825,101.268,102.297
"2085-07",53.924,66.507,52.936,21.625,15.307,35.808,9.216,136.889,15.16,192.455,85.147,6.584,NA,42.151,101.912,66.545,57.204,13.339,NA,7.571,7.318,118.484,4.772,17.341,11.641,29.948,43.876,32.828,28.794,NA,NA,100.097,3.234,NA,NA,203.116,2.105,162.096,195.449,14.389,25.92,37.98,82.519,82.576,61.668,50.19,23.089,136.265,283.558,71.564,44.664,88.451,75.341,200.781,227.583,209.059,48.863,93.764,102.029
"2085-08",62.979,69.934,58.769,20.828,10.696,69.135,18.434,195.38,18.567,251.447,63.356,5.563,NA,33.946,55.369,60.887,36.05,19.452,NA,9.626,6.91,142.917,5.833,51.878,11.64,11.73,12.833,9.714,48.71,NA,NA,86.607,5.81,NA,NA,214.723,0.03,222.281,214.091,12.13,37.108,55.069,69.648,106.131,57.51,65.98,47.168,143.719,251.359,61.431,77.268,68.962,58.606,198.872,217.619,204.417,27.835,91.79,99.214
"2085-09",78.339,91.49,71.73,36.954,46.963,111.033,34.883,116.507,43.382,138.965,41.36,6.167,NA,29.714,97.777,44.91,57.872,13.791,NA,29.543,10.276,65.258,7.133,49.14,13.9,10.631,20.415,8.177,40.956,NA,NA,135.077,2.688,NA,NA,238.891,1.936,232.685,238.958,8.165,3.599,7.127,45.793,65.975,46.844,45.46,51.369,172.476,207.972,53.522,95.65,61.671,63.748,153.897,350.443,176.985,20.731,86.746,98.117
"2085-10",89.253,117.819,74.482,93.769,108.312,146.009,69.538,216.012,97.609,154.378,37.195,8.404,NA,12.58,119.557,43.283,108.215,74.741,NA,36.279,5.414,153.805,6.249,24.498,44.291,8.75,36.951,28.287,50.953,NA,NA,93.661,36.826,NA,NA,136.983,27.189,237.848,228.352,9.49,1.739,10.632,43.702,59.482,39.601,57.288,52.71,191.433,171.248,63.545,100.254,66.703,57.197,195.804,265.328,227.538,30.15,83.981,100.608
"2085-11",65.533,75.904,54.941,143.615,113.48,139.326,58.513,102.372,83.409,161.192,25.304,8.952,NA,16.231,137.768,36.829,103.794,108.489,NA,64.514,1.3,129.074,4.271,55.333,164.333,9.2,58.088,31.952,56.427,NA,NA,86.227,31.92,NA,NA,67.342,0.215,126.758,216.922,43.83,2.556,27.672,23.513,42.713,38.919,57.044,42.582,161.597,160.299,65.943,112.807,84.913,54.059,151.347,228.119,294.212,57.796,71.414,95.403
"2085-12",72.923,88.63,54.752,99.886,111.759,218.9,53.693,54.475,63.117,99.922,18.046,21.262,NA,12.646,170.177,58.917,119.438,138.22,NA,76.124,1.236,78.373,13.947,16.238,296.141,6.246,142.824,108.283,34.175,NA,NA,91.014,15.105,NA,NA,76.065,3.832,87.309,271.943,107.148,3.178,15.78,32.128,57.316,44.97,39.202,33.962,133.338,212.247,68.08,127.088,79.975,60.012,98.82,113.5,310.806,83.487,71.232,102.584
"2086-01",60.186,86.816,44.076,200.252,104.191,107.061,46.588,40.602,56.714,79.149,16.197,91.791,NA,11.067,130.164,50.482,134.791,46.459,NA,32.638,0.32,15.651,31.646,0.88,221.931,5.916,155.833,112.176,28.552,NA,NA,56.148,60.275,NA,NA,81.6,0.583,12.128,211.682,276.623,8.053,64.181,45.734,105.967,55.081,41.017,31.016,93.972,234.968,92.331,95.057,71.378,55.832,19.731,31.273,239.545,120.359,72.617,98.141
"2086-02",60.16,65.329,26.441,152.127,65.238,82.694,24.879,30.916,44.56,119.427,9.973,60.594,NA,12.455,96.259,50.047,121.919,78.812,NA,51.579,0.391,56.454,19.789,0.994,73.464,6.966,104.296,101.917,20.363,NA,NA,59.044,21.208,NA,NA,92.46,0.999,10.372,127.38,180.165,3.868,57.542,18.059,52.998,58.003,42.056,20.802,68.156,187.553,116.968,69.223,79.025,55.923,6.433,5.2,113.769,100.514,77.72,83.682
"2086-03",64.93,66.973,38.42,131.746,31.03,108.012,16.242,36.718,35.722,154.363,16.844,310.035,NA,19.492,115.522,63.514,92.191,89.459,NA,54.438,4.349,44.031,50.522,5.305,117.246,10.454,75.917,108.759,19.96,NA,NA,58.708,4.571,NA,NA,70.309,7.981,18.944,145.41,264.405,29.185,133.587,63.777,67.82,68.182,80.328,20.326,67.161,259.297,118.224,90.465,99.458,59.484,5.078,8.204,111.508,140.446,91.05,100.531
"2086-04",43.026,52.583,32.278,102.109,177.595,114.034,46.066,77.017,47.708,211.424,12.116,151.896,NA,21.574,88.434,50.528,88.528,68.327,NA,20.936,1.132,82.883,78.217,22.418,176.391,9.096,60.781,72.355,30.796,NA,NA,51.968,27.386,NA,NA,102.651,1.591,21.593,205.447,148.314,9.133,88.208,69.357,94.55,75.524,68.485,25.93,68.756,240.045,114.767,53.842,118.62,65.802,6.532,36.55,124.67,96.344,95.801,96.959
"2086-05",39.202,48.154,56.172,35.609,13.632,38.945,8.551,139.551,38.719,288.924,62.682,130.582,NA,22.925,109.145,48.829,63.083,21.799,NA,17.257,5.829,185.315,96.709,28.091,70.46,22.427,45.199,37.904,30.997,NA,NA,47.527,83.002,NA,NA,158.97,2.282,91.046,174.451,122.557,49.925,65.761,68.295,127.475,74.264,76.805,41.691,93.029,235.266,97.838,44.862,190.072,70.084,58.242,199.459,194.51,86.27,104.676,102.146
"2086-06",43.587,40.402,46.828,21.553,93.367,58.787,27.351,230.52,23.557,292.227,94.901,16.427,NA,47.192,69.17,63.058,25.401,36.481,NA,15.373,7.044,195.841,12.177,9.553,16.814,24.976,36.405,28.741,38.759,NA,NA,66.038,20.387,NA,NA,207.778,1.268,81.057,233.375,51.733,14.107,43.354,104.864,132.038,76.518,65.189,40.67,139.563,228.598,77.781,38.589,148.534,69.479,103.784,22.074,178.061,63.676,95.401,100.394
"2086-07",79.784,46.264,50.525,22.715,10.194,79.126,12.26,197.499,20.605,175.617,86.565,7.35,NA,32.101,64.498,71.872,36.601,28.389,NA,11.608,8.05,154.389,3.224,10.63,14.09,23.201,16.585,12.344,41.998,NA,NA,82.056,2.936,NA,NA,174.598,0.028,146.363,215.19,16.952,11.02,37.382,84.829,134.275,64.206,48.828,49.265,151.213,217.176,76.14,48.547,106.854,56.591,122.57,138.778,224.566,37.015,93.846,99.259
"2086-08",61.023,85.25,47.06,25.535,16.572,94.347,30.157,185.373,36.344,249.19,95.057,7.388,NA,19.152,71.564,59.168,68.322,11.801,NA,7.37,8.295,170.285,4.34,38.621,12.569,9.608,20.548,16.004,32.224,NA,NA,101.67,2.071,NA,NA,203.901,1.082,267.315,205.89,9.253,8.303,21.167,66.285,78.285,60.031,46.847,47.346,176.353,192.761,73.055,75.625,77.072,56.029,156.509,300.299,198.072,27.738,100.08,100.393
"2086-09",84.563,75.942,68.453,84.926,215.404,133.153,97.011,166.517,78.39,216.448,61.221,4.687,NA,33.414,32.112,52.622,67.043,13.192,NA,10.331,6.666,120.048,5.457,21.686,9.986,3.75,11.775,7.879,55.302,NA,NA,130.442,6.051,NA,NA,169.806,2.173,232.268,189.514,8.043,4.574,29.38,55.747,112.98,58.445,55.784,50.277,190.974,134.443,59.21,89.497,66.273,44.515,145.428,304.339,231.737,21.312,82.398,95.209
"2086-10",73.834,112.133,73.812,91.83,344.488,175.013,143.261,172.368,116.317,165.711,77.792,8.6,NA,25.318,104.801,51.223,135.384,39.449,NA,23.769,3.38,149.447,5.082,33.631,40.427,8.146,19.329,12.02,55.852,NA,NA,80.812,25.679,NA,NA,172.148,26.019,296.749,248.613,24.965,2.047,22.91,33.06,60.298,37.738,66.617,50.686,190.808,137.354,62.431,104.928,75.348,58.027,142.337,307.793,234.085,29.214,79.797,98.786
"2086-11",63.689,110.112,56.282,136.907,41.99,83.516,40.767,96.652,88.76,152.242,28.698,9.189,NA,11.082,178.533,36.514,143.533,51.662,NA,45.134,0.977,156.653,15.373,50.448,140.434,5.196,48.01,27.088,53.37,NA,NA,84.049,43.64,NA,NA,109.385,1.382,163.582,230.738,73.538,2.356,18.277,31.025,60.116,42.414,48.213,40.577,173.229,120.069,63.611,93.988,84.083,58.984,169.386,238.163,303.146,49.585,72.366,95.831
"2086-12",57.33,103.885,47.429,102.525,90.916,107.413,38.819,41.549,89.935,114.41,16.036,34.858,NA,9.762,115.398,48.18,126.367,110.446,NA,50.285,0.552,34.007,108.13,10.454,202.837,6.525,145.661,78.424,40.185,NA,NA,79.267,62.061,NA,NA,97.426,4.071,55.316,293.39,169.233,13.061,52.25,31.068,79.663,47.958,30.787,36.48,126.046,199.087,74.208,100.198,86.679,54.593,69.212,120.423,234.358,108.685,72.698,100.694
"2087-01",60.909,75.924,41.126,72.889,49.811,132.603,28.61,32.013,60.207,85.453,19.807,148.565,NA,11.065,114.486,50.24,140.965,74.153,NA,42.789,0.282,11.542,131.617,1.033,77.302,6.78,108.897,62.067,36.998,NA,NA,68.953,21.493,NA,NA,90.488,0.45,29.307,311.015,385.11,25.838,166.462,78.097,106.273,43.986,37.025,37.941,92.152,224.516,88.577,103.413,88.969,57.917,31.858,70.448,238.061,96.614,73.871,101.794
"2087-02",51.43,52.367,40.577,120.381,43.037,74.465,24.929,26.054,49.191,101.994,12.802,79.381,NA,14.66,56.629,71.545,96.563,59.159,NA,41.577,0.855,60.452,56.887,0.569,72.381,8.084,176.382,83.878,30.347,NA,NA,60.063,18.209,NA,NA,78.303,0.242,4.528,144.762,375.39,52.122,201.175,45.788,72.934,54.141,53.395,26.243,84.04,136.567,134.024,75.9,77.882,49.92,3.635,6.244,108.519,100.163,78.624,87.155
"2087-03",63.378,75.166,38.197,44.602,120.326,93.983,39.743,51.109,26.63,158.616,14.131,177.047,NA,21.349,98.569,92.289,134.881,38.295,NA,40.465,1.164,95.196,30.795,6.32,272.745,17.401,177.329,134.558,34.341,NA,NA,79.846,25.855,NA,NA,79.75,3.259,24.129,172.382,219.532,11.45,167.848,56.584,90.819,81.564,83.281,40.167,72.688,217.505,114.088,68.567,122.808,72.84,15.649,16.998,144.756,111.104,86.238,97.007
"2087-04",34.087,41.511,35.565,74.151,22.504,77.92,14.567,106.927,41.256,226.147,8.618,198.636,NA,18.058,73.562,63.484,124.798,15.567,NA,8.194,6.179,77.855,106.265,12.32,91.22,24.255,86.713,67.293,31.722,NA,NA,48.181,46.213,NA,NA,114.331,0.554,41.536,162.221,184.582,35.252,44.556,58.345,86.067,78.566,75.852,28.052,77.086,232.438,106.512,64.832,159.49,59.679,14.533,85.414,138.361,100.159,92.569,97.592
"2087-05",42.876,56.846,43.929,34.522,14.371,90.637,10.624,170.318,38.307,316.543,33.494,90.18,NA,37.536,110.059,81.605,52.736,38.315,NA,25.258,6.824,133.632,67.083,37.662,66.33,21.626,58.291,57.958,28.748,NA,NA,53.849,49.064,NA,NA,147.575,5.497,90.19,205.606,71.801,86.069,26.294,131.289,97.709,75.072,73.828,29.782,92.724,230.49,98.034,49.148,192.272,72.239,84.763,125.308,205.337,60.631,96.933,101.687
"2087-06",65.687,37.161,42.103,28.377,11.09,55.282,8.612,188.882,11.846,200.678,78.095,48.903,NA,54.426,40.594,80.211,46.503,14.691,NA,8.786,6.18,228.434,13.958,2.668,23.573,32.23,46.432,45.925,31.746,NA,NA,54.396,2.924,NA,NA,230.541,0.623,234.115,231.642,37.912,83.494,36.237,61.851,80.837,66.028,56.903,41.939,131.271,231.395,83.19,51.401,184.384,72.814,113.209,198.489,171.196,50.376,86.944,100.301
"2087-07",50.474,49.096,70.306,19.09,12.377,70.034,14.357,191.552,19.473,224.069,108.651,8.792,NA,42.079,80.584,62.596,39.393,14.558,NA,8.518,7.229,212.797,2.781,13.017,15.065,12.547,30.265,29.856,49.472,NA,NA,67.208,1.98,NA,NA,153.559,0.06,208.083,231.801,18.207,18.464,25.129,106.714,97.943,72.471,59.484,50.582,151.008,250.952,73.027,51.879,118.66,57.207,123.479,217.025,195.342,42.378,100.46,101.679
"2087-08",80.67,74.624,78.705,20.328,58.109,89.116,32.832,177.919,36.413,220.404,68.699,3.971,NA,30.852,83.595,72.214,51.039,14.341,NA,6.705,4.541,140.128,4.34,21.753,10.547,23.946,28.622,11.171,59.014,NA,NA,58.957,2.574,NA,NA,205.069,0.255,149.291,210.061,9.153,10.258,30.101,71.443,111.138,63.878,42.971,69.359,169.291,213.502,60.315,67.145,65.971,64.825,146.484,229.511,209.038,28.537,89.221,98.635
"2087-09",104.076,96.303,71.428,28.37,95.392,148.391,58.818,149.414,64.464,202.08,36.989,5.015,NA,35.347,66.56,59.077,64.8,6.079,NA,10.514,7.164,106.659,5.452,34.638,12.7,18.229,19.651,5.997,63.079,NA,NA,166.97,20.715,NA,NA,125.97,5.261,263.006,229.137,8.708,6.8,59.141,69.787,111.124,57.975,53.274,57.957,173.576,172.814,64.682,99.451,40.706,51.177,204.039,291.206,250.021,23.31,80.327,97.413
"2087-10",86.202,88.211,70.19,156.038,194.604,159.938,79.257,168.019,116.07,187.667,49.807,8.168,NA,23.766,91.172,52.734,128.33,34.294,NA,33.203,3.855,152.399,7.897,74.511,53.338,5.438,60.539,13.856,55.789,NA,NA,112.84,16.432,NA,NA,102.973,6.876,225.655,231.249,11.028,1.117,11.258,48.315,62.578,37.061,46.502,48.601,189.286,165.046,59.834,112.316,56.969,64.68,168.748,291.168,225.605,33.162,78.161,100.292
"2087-11",60.337,104.152,61.246,119.359,90.724,113.506,36.854,87.25,86.405,122.704,33.185,15.402,NA,18.508,170.508,52.972,126.03,143.063,NA,62.912,1.379,149.727,6.236,59.027,66.824,5.451,69.585,40.272,43.189,NA,NA,73.155,21.621,NA,NA,84.523,10.854,172.538,286.087,41.937,2.106,66.554,33.939,61.075,40.567,36.866,39.529,175.79,167.822,73.189,114.464,90.184,52.891,126.574,249.194,227.43,48.618,74.08,98.86
"2087-12",57.32,92.546,45.463,137.489,31.301,109.641,15.818,46.354,47.025,130.279,26.327,52.117,NA,13.113,168.703,48.611,156.168,227.406,NA,91.296,2.237,65.723,17.031,29.122,214.306,5.586,89.865,44.109,45.259,NA,NA,96.696,84.284,NA,NA,93.876,0.383,31.287,246.678,146.661,2.751,150.803,38.641,84.075,43.259,26.056,36.608,118.853,239.595,81.845,103.473,95.506,55.913,77.587,78.349,276.206,69.07,69.999,99.363
"2088-01",64.588,102.105,40.792,128.098,43.917,89.353,18.984,27.088,48.164,67.779,15.048,170.182,NA,10.882,114.736,60.84,112.118,86.574,NA,53.486,0.429,15.011,63.172,0.89,219.381,7.613,126.327,48.131,27.18,NA,NA,78.603,31.807,NA,NA,127.235,0.065,45.948,256.912,196.851,7.594,62.982,30.092,88.884,39.259,30.159,33.087,85.211,256.02,103.733,97.643,81.633,55.382,43.146,75.994,269.617,98.828,72.211,98.797
"2088-02",47.13,75.864,34.221,133.614,99.409,79.944,37.224,24.69,34.852,92.675,11.672,163.122,NA,16.528,130.118,78.104,102.262,30.46,NA,22.204,0.44,29.931,61.227,0.224,95.124,4.821,118.106,49.583,22.601,NA,NA,57.152,35.243,NA,NA,75.791,0.06,23.764,221.845,285.904,30.157,107.737,44.235,62.558,61.167,48.91,27.754,75.736,182.29,126.033,72.387,82.476,56.617,21.475,49.052,144.565,119.297,79.224,92.065
"2088-03",57.664,72.186,40.066,48.676,18.278,101.003,9.667,47.038,30.069,186.39,15.56,345.324,NA,18.971,96.376,78.513,87.479,116.332,NA,48.836,3.562,80.694,25.132,0.752,161.159,20.945,123.026,55.246,16.146,NA,NA,72.145,13.334,NA,NA,93.578,0.001,38.099,188.392,254.18,18.041,61.321,45.104,71.845,74.824,76.712,21.654,74.661,204.086,130.594,77.833,130.289,66.954,15.828,47.36,146.405,94.202,93.612,98.9
"2088-04",53.063,53.479,47.44,43.931,10.57,34.283,10.124,83.446,31.115,165.71,14.606,220.733,NA,19.927,98.473,59.091,75.181,94.613,NA,39.316,1.982,120.924,87.365,40.417,117.632,9.645,73.649,35.881,16.927,NA,NA,73.873,16.875,NA,NA,144.206,2.552,72.805,192.761,179.964,73.197,48.115,59.247,104.328,81.938,75.694,22.153,73.116,194.457,104.104,50.578,148.256,69.557,19.838,190.559,134.81,92.479,95.86,93.834
"2088-05",37.476,40.094,34.188,36.866,35.525,54.319,13.899,174.018,20.435,165.106,20.565,219.535,NA,46.539,105.289,81.388,51.813,66.247,NA,21.946,7.547,221.284,27.746,13.522,32.785,17.165,57.802,64.707,16.693,NA,NA,67.868,15.059,NA,NA,198.527,4.489,74.295,200.287,116.306,54.423,106.94,76.366,96.18,75.118,68.818,25.021,107.721,207.695,112.061,48.653,181.52,70.778,95.999,127.23,139.693,72.222,98.728,100.524
"2088-06",45.738,41.185,55.112,23.302,34.88,46.166,18.482,130.841,24.891,147.21,104.831,49.606,NA,58.117,48.539,71.119,27.464,26.625,NA,10.087,4.282,265.859,7.674,11.947,18.53,34.03,53.5,52.386,39.732,NA,NA,53.831,4.689,NA,NA,168.68,1.929,268.401,195.886,41.358,12.626,41.42,90.443,95.495,78.155,53.155,29.856,127.006,211.421,88.556,38.561,178.321,66.843,160.815,172.972,186.844,61.1,86.262,98.029
"2088-07",71.671,72.183,48.721,18.111,23.002,61.016,14.7,178.619,25.395,167.607,106.836,9.325,NA,43.378,51.715,71.914,48.689,16.236,NA,8.031,6.546,155.731,3.877,9.467,15.707,18.152,39.782,34.171,41.965,NA,NA,80.998,0.84,NA,NA,185.429,0.767,166.071,198.78,15.073,26.154,29.726,83.891,90.104,61.449,68.613,42.8,167.413,245.293,72.932,48.617,104.459,59.152,153.032,223.434,199.786,43.487,99.222,103.27
"2088-08",84.91,62.183,71.692,27.492,65.725,55.562,43.969,192.9,27.071,226.277,48.078,8.009,NA,38.114,64.379,55.517,32.544,35.591,NA,13.118,9.085,129.5,6.7,26.869,10.557,11.156,27.32,25.472,42.331,NA,NA,132.909,0.503,NA,NA,252.99,0.338,104.735,207.821,11.833,13.476,38.852,52.595,84.071,60.447,64.418,37.808,181.696,229.268,63.125,57.223,63.865,66.385,122.17,195.879,161.661,45.342,95.469,100.94
"2088-09",88.246,77.014,65.923,40.403,192.405,110.945,87.651,126.944,62.082,116.495,59.736,5.49,NA,25.5,82.435,45.912,117.647,9.103,NA,10.049,5.884,99.471,4.981,26.239,18.272,9.103,19.355,9.823,53.18,NA,NA,135.429,3.373,NA,NA,240.309,2.47,246.152,213.468,7.856,2.834,35.254,42.931,94.969,66.38,55.978,52.076,165.521,202.871,61.389,82.357,46.521,58.33,149.867,347.803,184.181,26.009,83.804,96.744
"2088-10",72.305,112.084,52.019,156.787,167.449,161.123,111.173,193.348,81.505,173.996,51.021,6.778,NA,19.523,125.299,44.071,127.369,61.647,NA,26.057,5.438,136.928,4.942,41.451,57.736,10.791,23.441,9.041,71.997,NA,NA,120.29,15.353,NA,NA,144.371,3.197,160.306,248.716,15.378,1.723,15.488,33.765,57.378,58.156,48.234,50.043,197.525,183.358,56.878,95.234,65.893,63.25,91.693,273.287,197.818,26.64,87.082,99.49
"2088-11",67.794,88.373,45.74,164.428,77.002,147.78,48.396,88.085,74.94,116.373,28.855,7.235,NA,15.602,121.126,61.464,123.312,129.088,NA,43.612,4.352,151.784,6.302,116.285,130.729,5.054,54.638,57.433,37.861,NA,NA,119.148,36.22,NA,NA,47.69,1.555,136.945,207.367,24.012,2.495,20.489,25.93,66.745,50.534,33.408,35.223,151.152,204.264,65.434,107.159,91.878,53.148,202.969,141.224,355.4,50.971,75.77,100.335
"2088-12",66.963,98.533,44.754,101.131,68.116,114.588,36.18,33.809,48.634,64.829,23.427,15.177,NA,8.145,144.928,32.246,123.099,142.546,NA,89.295,0.863,95.531,27.593,15.087,159.511,5.839,169.123,96.608,36.164,NA,NA,82.086,81.647,NA,NA,72.485,1.202,49.973,186.358,70.655,1.541,65.235,23.26,96.197,59.389,32.108,43.128,113.991,277.519,79.138,100.422,86.147,52.329,51.516,124.918,214.25,82.234,71.975,98.271
"2089-01",64.879,56.064,41.406,204.476,83.814,203.983,33.944,24.673,56.452,109.055,17.08,47.639,NA,13.341,81.68,57.278,87.721,211.57,NA,74.984,4.792,39.494,42.534,1.104,87.157,6.825,87.999,71.638,33.384,NA,NA,67.538,21.002,NA,NA,58.607,0.714,15.402,173.353,180.179,8.406,78.715,33.219,105.233,56.972,43.928,30.651,90.655,269.583,97.902,123.168,71.347,51.425,32.399,10.853,235.411,112.645,74.536,99.565
"2089-02",32.283,58.349,27.266,128.266,24.005,141.104,31.933,29.622,34.266,148.108,11.088,55.761,NA,15.884,112.768,51.61,79.478,168.652,NA,53.93,5.882,43.177,36,2.559,72.903,7.015,100.434,104.531,17.586,NA,NA,69.166,35.099,NA,NA,84.53,0.332,6.067,125.445,97.929,12.884,57.971,25.009,71.267,65.194,63.536,22.577,67.487,201.883,112.547,109.859,60.059,53.905,4.187,3.529,127.051,107.533,74.003,87.083
"2089-03",64.49,61.4,42.334,96.262,14.021,142.209,10.905,33.434,24.706,183.685,18.073,168.404,NA,21.501,126.507,72.074,69.601,68.863,NA,45.326,5.515,79.117,21.587,15.359,157.648,9.107,126.714,115.46,21.941,NA,NA,78.841,36.742,NA,NA,87.1,0.006,24.951,141.382,238.662,5.219,61.676,54.194,93.357,79.647,65.167,28.092,66.609,240.419,103.353,100.201,92.713,68.193,15.535,11.381,146.492,123.321,94.208,98.186
"2089-04",48.184,65.529,36.673,40.368,51.011,70.215,11.728,93.661,35.112,277.323,13.736,168.34,NA,23.599,101.898,71.952,54.068,136.077,NA,47.614,3.23,99.1,45.841,11.212,154.082,11.673,63.858,54.183,18.687,NA,NA,56.65,99.552,NA,NA,122.599,2.2,31.599,143.266,66.364,3.564,74.299,51.91,87.331,70.649,67.856,24.456,55.368,277.386,93.868,61.269,139.302,73.298,16.745,17.864,139.45,102.767,95.752,95.493
"2089-05",59.277,37.7,50.571,50.754,19.874,83.185,16.351,177.392,83.92,257.814,56.092,155.646,NA,39.937,99.221,63.726,34.128,21.562,NA,18.779,5.5,152.269,56.065,60.309,144.417,38.624,42.832,49.306,23.332,NA,NA,68.379,148.554,NA,NA,114.253,2.416,47.509,183.739,55.993,8.638,69.678,55.194,91.877,80.086,74.602,22.626,84.017,255.662,90.868,54.659,178.131,75.261,33.42,47.783,137.163,93.477,106.542,100.732
"2089-06",69.706,45.053,42.712,19.552,47.411,91.452,18.354,187.994,67.363,209.042,182.923,8.119,NA,27.267,102.837,63.315,25.472,22.659,NA,17.568,2.954,161.196,4.1,20.352,29.003,20.831,32.563,44.022,32.362,NA,NA,89.438,26.431,NA,NA,174.136,0.432,77.858,163.439,20.876,17.088,49.663,84.828,104.051,84.977,64.943,38.316,115.84,265.88,83.139,49.486,137.443,62.987,92.659,141.244,181.397,69.233,100.884,100.464
"2089-07",60.899,72.484,48.229,19.337,30.306,87.614,14.592,162.918,14.051,108.127,120.205,5.906,NA,36.341,115.169,54.347,46.277,31.778,NA,12.7,8.312,120.176,4.355,12.716,11.361,31.214,35.054,13.574,37.451,NA,NA,114.463,3.429,NA,NA,220.154,0.298,202.169,203.15,11.673,12.289,32.061,95.368,130.341,58.416,52.903,49.803,155.93,261.413,73.158,39.68,90.829,76.13,132.891,224.732,158.604,42.508,96.045,103.367
"2089-08",64.759,86.153,66.501,21.948,39.448,73.867,24.348,107.038,24.602,97.476,81.693,6.653,NA,30.42,83.422,65.542,72.823,24.146,NA,10.697,8.731,131.176,5.477,86.071,11.193,16.085,34.502,12.573,48.807,NA,NA,118.032,13.633,NA,NA,172.561,1.045,238.911,221.467,12.877,11.093,64.844,52.138,80.483,58.69,58.23,64.029,152.533,257.704,65.82,56.643,59.099,62.667,204.828,283.447,202.832,39.232,92.819,100.983
"2089-09",78.676,68.207,68.325,34.993,78.274,119.154,52.614,164.456,27.827,185.329,47.753,7.883,NA,20.253,128.455,43.025,87.79,13.025,NA,13.673,9.722,66.042,8.055,67.911,10.688,14.563,18.539,7.042,49.851,NA,NA,123.605,4.77,NA,NA,212.4,1.611,212.655,202.752,9.118,17.889,69.866,58.615,103.278,57.71,58.891,53.092,150.158,230.931,55.556,98.759,46.928,79.43,142.276,236.08,165.249,28.273,89.626,96.893
"2089-10",83.846,68.007,51.954,141.755,186.373,167.456,80.057,121.116,65.146,151.19,40.371,9.543,NA,30.386,226.654,40.326,140.646,46.336,NA,29.21,9.243,139.137,4.281,38.739,97.136,9.969,43.244,15.998,57.821,NA,NA,127.593,42.471,NA,NA,73.039,1.317,214.455,198.517,6.725,2.052,14.772,38.558,55.645,54.347,64.132,51.303,167.103,218.022,62.862,122.788,57.44,64.007,105.982,305.098,224.666,31.86,82.967,100.396
"2089-11",50.739,106.034,43.72,78.042,65.254,126.276,41.635,64.532,46.2,103.241,20.925,11.846,NA,15.316,160.404,44.109,134.73,114.231,NA,60.911,2.1,142.798,9.775,36.15,110.266,5.806,51.523,29.034,56.283,NA,NA,71.517,64.578,NA,NA,71.072,3.888,117.121,209.076,11.849,1.848,9.13,12.706,49.286,39.966,56.75,51.867,151.066,246.302,63.505,112.024,72.781,59.669,111.859,149.859,281.322,53.742,73.56,99.97
"2089-12",81.498,135.837,48.656,46.178,158.922,112.453,57.124,22.654,35.186,52.21,19.192,48.633,NA,10.639,221.075,38.479,160.066,53.948,NA,54.95,1.12,55.102,55.134,25.543,194.526,5.188,89.798,69.175,49.194,NA,NA,72.364,32.274,NA,NA,96.782,2.959,46.316,186.605,91.067,3.705,31.82,27.548,62.925,43.318,36.604,47.601,103.829,305.61,79.708,102.894,73.529,66.561,55.873,35.828,264.569,72.435,76.198,99.554
"2090-01",65.004,99.133,46.424,122.171,141.637,136.49,63.233,32.701,54.319,73.151,17.782,72.468,NA,7.65,152.316,42.317,153.455,56.259,NA,59.913,5.567,44.66,71.11,2.439,125.262,8.092,141.743,184.157,38.073,NA,NA,57.141,49.785,NA,NA,82.65,0.297,6.997,158.461,179.511,7.879,125.615,23.995,119.68,39.098,28.189,42.391,84.442,268.157,93.793,120.846,95.816,67.821,4.712,12.466,219.055,93.565,73.827,98.661
"2090-02",54.291,44.721,33.297,110.818,26.226,140.116,30.38,21.055,34.584,97.32,9.937,138.038,NA,12.341,121.271,56.902,85.891,160.388,NA,68.649,1.243,55.718,24.093,0.874,120.36,8.052,122.438,101.109,27.564,NA,NA,56.406,52.78,NA,NA,95.69,0.294,8.229,116.207,203.628,4.132,71.228,34.073,93.862,67.138,63.011,28.044,60.286,224.715,112.925,106.337,85.847,61.932,5.375,1.808,109.377,120.388,74.581,89.172
"2090-03",53.918,69.443,46.241,112.29,28.355,161.87,10.917,45.395,22.028,195.639,12.15,230.07,NA,15.904,131.683,58.565,86.516,76.868,NA,38.637,9.279,62.132,17.293,9.405,136.041,10.397,97.765,131.346,16.345,NA,NA,65.493,31.447,NA,NA,111.787,1.159,13.124,130.084,144.325,28.19,23.953,36.006,75.659,81.448,90.382,25.6,67.375,241.113,110.242,117.437,97.736,70.737,8.333,8.859,108.366,136.841,91.51,99.283
"2090-04",66.576,66.388,36.636,67.856,7.031,83.076,5.153,129.808,29.686,226.502,11.366,112.966,NA,9.312,157.66,49.052,70.362,60.247,NA,34.949,3.345,86.281,52.368,28.299,110.587,13.007,59.136,66.28,24.973,NA,NA,61.107,18.176,NA,NA,125.886,6.575,20.373,140.475,102.077,21.586,30.866,29.51,112.765,78.667,85.692,26.626,63.553,265.088,101.991,71.627,101.022,68.183,6.028,61.053,160.796,132.675,96.864,100.157
"2090-05",37.795,36.403,40.818,60.655,34.858,38.643,13.902,174.736,48.318,197.183,39.446,82.133,NA,35.931,96.804,79.921,24.181,23.597,NA,14.779,6.993,112.452,11.765,45.871,93.333,16.693,58.765,63.745,28.311,NA,NA,63.082,20.051,NA,NA,116.552,1.309,39.372,185.79,83.952,9.538,33.403,55.858,75.422,66.332,68.609,23.823,99.217,251.502,103.278,44.636,132.819,71.334,27.547,145.115,200.215,110.77,101.561,102.849
"2090-06",46.372,33.262,40.746,25.45,9.28,39.136,9.204,183.258,11.736,273.088,102.882,9.262,NA,39.028,84.113,65.106,51.006,17.49,NA,10.464,7.688,205.27,3.278,3.561,23.011,13.884,30.591,40.734,34.942,NA,NA,91.546,13.235,NA,NA,270.764,0.849,174.39,205.85,53.565,29.465,68.07,88.382,107.779,70.199,55.096,29.134,129.918,219.514,87.316,37.187,124.102,72.849,139.641,218.137,156.235,55.964,92.166,98.832
"2090-07",63.799,70.389,37.59,17.782,29.492,71.623,23.081,183.762,21.153,249.733,86.925,14.489,NA,38.991,64.657,78.336,52.698,8.01,NA,6.402,8.668,201.331,3.332,7.86,17.813,20.698,20.44,24.577,56.682,NA,NA,93.574,1.444,NA,NA,212.59,0.263,176.641,239.61,22.193,42.736,53.578,87.342,143.031,76.881,53.563,46.029,149.868,208.349,87.105,51.381,111.871,59.226,183.615,117.553,194.519,38.004,92.096,101.798
"2090-08",72.15,63.304,57.979,15.175,29.787,64.712,28.706,182.308,26.569,191.159,103.343,5.824,NA,43.029,101.81,57.787,51.159,8.986,NA,7.562,9.746,109.043,6.282,32.415,10.09,16.869,22.135,6.961,55.319,NA,NA,102.862,0.593,NA,NA,233.545,0.41,108.157,233.339,13.511,5.512,26.66,75.515,108.073,45.21,57.865,61.238,181.938,183.133,77.984,71.81,59.021,73.408,155.337,138.014,206.574,25.051,91.456,101.439
"2090-09",95.684,92.127,69.311,44.735,132.848,106.711,78.292,142.181,69.702,141.605,37.554,5.208,NA,33.769,80.038,53.601,84.719,7.167,NA,9.376,4.286,130.224,4.992,47.817,13.851,7.378,25.997,15.077,55.236,NA,NA,81.75,4.06,NA,NA,150.628,0.805,253.886,215.583,14.679,3.215,20.567,49.565,76.89,56.123,72.594,57.528,165.965,133.208,68.009,86.461,44.619,53.68,182.65,327.198,250.421,29.469,83.789,94.382
"2090-10",82.046,109.684,64.107,102.118,157.151,153.8,88.408,150.205,96.155,158.603,41.981,9.24,NA,20.707,139.771,58.048,119.708,35.981,NA,35.008,4.75,114.273,5.672,100.564,58.829,6.539,33.473,14.469,66.176,NA,NA,97.937,24.402,NA,NA,138.715,82.372,253.731,245.362,36.59,3.005,13.896,34.609,54.225,56.309,62.089,58.815,188.666,128.534,68.933,127.462,49.139,62.362,180.934,292.474,262.146,32.205,83.039,100.133
"2090-11",63.861,103.045,49.213,138.971,15.907,96.697,6.786,88.667,66.754,157.484,22.932,16.08,NA,18.182,141.65,47.395,110.16,93.401,NA,40.113,2.269,139.261,13.464,52.945,87.765,5.614,47.952,41.336,47.992,NA,NA,91.635,10.42,NA,NA,84.766,4.552,220.285,246.871,72.603,3.884,51.604,40.354,65.843,44.426,37.362,35.886,148.317,161.792,69.302,108.641,68.076,51.664,142.049,271.612,257.692,65.881,72.109,96.588
"2090-12",39.882,103.857,43.581,157.385,127.211,178.834,43.468,54.062,57.206,106.589,14.536,47.45,NA,10.735,138.319,40.792,95.029,277.395,NA,99.486,1.545,65.201,13.458,6.239,291.553,8.927,119.685,78.988,35.457,NA,NA,72.603,12.036,NA,NA,68.987,11.913,152.622,333.603,216.959,4.237,163.761,47.254,104.924,52.972,44.032,35.659,133.099,184.605,71.682,127.783,67.593,59.561,132.4,228.705,244.377,104.963,68.575,103.483
"2091-01",46.588,110.146,38.177,168.128,99.305,122.174,32.946,39.947,55.539,76.108,12.705,63.347,NA,13.73,148.753,64.523,115.969,115.961,NA,44.243,0.11,34.206,29.836,2.084,40.763,8.618,111.286,121.029,31.737,NA,NA,79.605,26.577,NA,NA,85.983,0.457,14.43,254.005,352.484,17.942,190.367,31.668,102.139,63.271,37.913,32.012,105.845,222.019,111.104,105.686,78.426,62.771,28.356,17.519,214.224,96.335,74.382,100.227
"2091-02",61.14,68.477,30.212,200.94,39.244,72.935,16.054,18.671,29.128,104.586,10.735,142.387,NA,10.759,129.93,64.038,71.059,57.259,NA,43.9,0.788,61.238,28.01,1.116,59.03,8.642,148.965,163.836,22.538,NA,NA,58.323,34.856,NA,NA,80.768,0.329,5.961,158.931,274.276,31.28,37.7,31.532,63.496,66.244,42.623,29.929,76.605,180.326,114.916,77.435,84.794,50.988,5.498,6.021,127.955,95.804,75.293,86.241
"2091-03",59.164,72.162,44.152,116.335,32.189,68.659,11.012,39.632,19.076,198.337,14.264,225.299,NA,16.801,105.133,71.049,65.564,53.092,NA,32.667,3.534,106.827,8.628,1.4,101.739,9.06,157.721,130.229,26.442,NA,NA,68.228,37.55,NA,NA,92.938,0.314,28.822,194.461,154.7,19.354,82.17,43.825,80.278,91.276,69.433,25.752,62.553,242.136,110.353,84.459,114.454,60.743,9.591,34.928,130.921,138.101,93.956,98.092
"2091-04",46.35,62.74,36.584,48.506,17.498,42.265,7.084,75.106,14.433,261.001,11.853,246.6,NA,25.332,130.84,67.143,50.998,77.424,NA,27.476,4.36,123.714,42.172,18.609,112.194,9.879,46.976,28.741,20.571,NA,NA,49.567,14.941,NA,NA,116.498,0.122,27.952,176.628,238.508,19.07,43.182,67.698,97.323,86.983,76.487,20.675,63.579,218.815,101.285,60.705,142.662,70.623,14.341,93.241,138.184,94.625,99.363,95.693
"2091-05",57.97,44.951,35.072,45.099,48.096,99.898,13.685,180.274,51.437,276.084,38.025,85.404,NA,35.473,77.824,68.908,52.743,7.801,NA,18.591,4.197,189.303,34.764,8.554,76.137,12.041,28.361,30.269,31.222,NA,NA,87.598,29.937,NA,NA,194.11,0.788,57.139,226.073,149.655,49.803,58.189,50.028,101.034,79.498,71.768,29.21,93.524,214.685,95.171,55.041,194.165,62.772,46.626,157.061,165.418,69.406,98.856,100.81
"2091-06",69.283,39.169,29.822,36.483,69.953,58.843,47.2,235.637,48.933,221.773,171.444,11.937,NA,52.248,67.639,52.239,38.717,11.216,NA,14.111,3.151,198.746,6.676,1.735,18.967,25.008,39.849,35.17,22.198,NA,NA,54.657,7.728,NA,NA,186.102,0.974,109.4,214.914,45.664,57.932,44.784,89.437,93.163,74.443,67.904,28.944,151.525,210.774,86.687,39.334,156.009,71.598,76.091,88.551,127.256,60.541,90.769,96.488
"2091-07",70.614,58.263,48.638,24.22,37.688,56.397,23.304,199.931,27.593,192.621,97.026,6.581,NA,45.028,32.265,72.498,38.819,38.54,NA,13.651,11.318,133.666,3.431,18.176,18.445,15.614,38.584,37.803,41.098,NA,NA,116.489,0.228,NA,NA,213.311,1.672,176.372,246.479,16.24,127.876,22.861,122.262,97.927,62.403,54.313,43.402,150.922,207.223,80.396,47.598,94.864,64.488,145.962,233.814,192.717,47.448,89.527,102.169
"2091-08",101.584,67.413,69.519,21.052,30.687,43.186,34.188,189.334,48.934,172.906,66.32,6.832,NA,48.611,45.015,86.171,24.346,63.285,NA,24.514,7.849,150.852,3.662,27.859,10.062,32.033,23.653,13.748,46.059,NA,NA,46.191,1.284,NA,NA,233.138,0.204,257.133,226.101,6.04,21.563,27.071,114.939,110.988,56.395,47.649,58.442,165.798,181.891,70.699,66.26,69.189,58.669,156.996,245.607,269.977,24.902,88.914,102.506
"2091-09",88.366,90.589,59.233,49.139,158.35,97.73,63.465,160.565,58.454,184.667,47.848,6.217,NA,16.424,71.413,55.638,95.09,5.519,NA,6.829,5.409,85.055,5.98,59.642,10.124,13.304,26.788,14.923,41.684,NA,NA,95.179,4.401,NA,NA,169.131,20.381,238.402,247.54,17.224,7.217,100.994,72.85,107.659,52.573,45.501,46.682,164.784,140.069,68.881,88.435,39.313,53.083,145.624,317.945,232.597,28.076,84.086,95.988
"2091-10",88.356,90.229,76.39,84.401,169.885,167.087,76.706,176.39,93.346,150.853,37.592,7.519,NA,25.16,119.096,47.53,120.601,40.017,NA,31.181,2.395,125.977,4.683,63.234,17.979,8.644,17.004,6.058,56.176,NA,NA,135.839,19.228,NA,NA,141.425,61.905,267.679,282.846,20.562,1.494,34.221,39.176,79.145,60.099,63.854,49.715,189.425,130.237,72.447,124.27,50.588,54.799,177.32,305.779,265.577,28.209,80.375,101.278
"2091-11",65.214,73.404,48.135,159.928,218.262,109.7,75.51,124.247,123.768,193.362,33.919,7.617,NA,9.602,123.782,41.178,131.12,69.921,NA,36.402,1.181,108.897,4.176,126.469,72.21,6.72,28.266,18.101,54.764,NA,NA,90.65,38.506,NA,NA,82.742,17.186,288.942,288.616,38.36,2.692,67.024,32.187,74.97,44.964,41.721,49.443,151.586,143.411,74.18,113.385,60.169,52.334,133.737,318.076,248.449,55.104,75.103,97.978
"2091-12",74.108,115.487,47.127,71.285,100.482,141.511,58.144,69.203,72.123,134.02,29.132,47.84,NA,13.933,151.612,56.413,137.756,71.517,NA,50.492,1.582,56.618,25.716,32.238,270.518,6.384,77.61,52.747,46.752,NA,NA,83.92,62.521,NA,NA,98.145,0.535,14.571,264.371,129.812,2.135,74.101,21.796,65.226,42.057,38.5,47.044,130.133,210.355,88.437,123.046,82.813,56.23,63.223,57.651,258.381,95.237,70.215,103.546
"2092-01",51.46,102.258,36.278,83.449,107.141,110.904,41.561,22.271,50.129,74.995,13.911,141.737,NA,11.592,102.032,49.607,112.241,180.028,NA,58.036,0.502,21.903,74.073,1.369,60.586,7.743,108.009,94.199,39.787,NA,NA,101.27,39.806,NA,NA,74.654,0.646,31.678,332.926,359.974,9.778,56.787,50.748,52.449,46.062,46.869,39.788,83.437,250.126,117.997,114.89,77.685,62.458,35.034,46.351,226.071,92.382,73.532,103.092
"2092-02",45.612,64.851,38.818,42.72,132.591,204.099,47.171,23.577,41.69,105.772,12.845,111.841,NA,8.586,88.717,58.884,93.577,124.941,NA,44.651,3.071,58.702,26.744,0.872,34.677,7.084,76.964,91.037,33.305,NA,NA,85.989,13.046,NA,NA,75.655,0.018,37.799,148.913,105.419,4.06,39.69,35.146,45.589,55.777,58.568,32.537,63.492,183.789,119.845,112.132,90.214,57.413,19.895,25.506,162.926,103.024,77.171,88.355
"2092-03",40.357,46.908,25.385,147.696,23.054,198.43,14.708,33.462,34.545,188.045,14.871,170.713,NA,22.06,120.389,83.495,102.063,91.948,NA,34.38,3.383,97.148,17.51,10.651,161.347,8.882,138.128,153.003,38.463,NA,NA,103.166,38.081,NA,NA,53.057,2.323,10.014,138.147,251.832,6.141,54.723,28.67,69.55,82.649,65.755,33.514,74.331,243.905,109.963,107.289,108.997,72.011,8.861,12.894,124.079,117.556,93.072,100.49
"2092-04",48.239,55.995,29.481,67.973,71.947,72.21,33.539,71.438,40.168,165.422,9.654,183.043,NA,12.669,141.185,31.417,53.69,19.35,NA,21.426,8.918,74.455,64.589,47.827,134.707,7.087,66.43,82.672,21.287,NA,NA,62.931,6.153,NA,NA,122.362,0.495,25.255,152.912,134.967,17.144,71.478,76.727,89.021,68.553,70.014,24.484,56.212,289.488,103.555,56.111,97.046,66.813,14.655,55.124,143.615,104.385,92.482,95.88
"2092-05",47.752,58.219,43.409,30.703,21.674,35.701,15.371,269.564,30.111,256.023,18.196,120.136,NA,51.9,111.828,68.2,36.821,50.053,NA,20.436,7.083,176.715,83.618,26.959,50.799,24.788,33.522,88.057,23.023,NA,NA,53.013,19.155,NA,NA,162.287,10.349,54.055,175.951,85.479,35.565,40.612,60.493,68.681,83.944,85.491,21.287,104.205,230.7,102.003,50.685,152.1,71.369,34.659,98.613,181.155,78.436,107.781,101.332
"2092-06",54.23,39.655,54.266,26.178,64.974,59.599,23.982,170.066,21.359,239.095,54.762,22.977,NA,34.491,92.029,55.649,45.567,19.13,NA,8.771,4.49,197.048,11.022,5.306,30.511,32.342,35.646,29.024,28.08,NA,NA,54.539,7.23,NA,NA,209.769,1.205,93.689,189.411,32.562,19.267,52.767,61.122,99.43,67.546,57.838,22.055,115.97,257.154,93.022,48.193,145.254,68.051,132.393,24.254,199.248,54.43,98.395,100.255
"2092-07",72.258,44.566,58.889,22.32,43.07,86.661,20.992,146.454,19.271,106.181,110.428,8.428,NA,38.138,57.838,61.425,39.741,7.466,NA,5.966,9.3,151.545,3.546,6.923,14.151,24.2,22.639,21.383,39.79,NA,NA,106.454,0.665,NA,NA,228.311,0.587,168.574,195.644,15.107,10.06,52.453,72.501,85.911,66.542,64.224,40.117,154.374,287.744,80.197,42.81,102.873,65.523,154.007,196.253,179.801,36.547,102.035,103.83
"2092-08",64.198,68.065,71.175,23.968,17.041,65.627,17.222,165.696,11.22,183,43.223,7.963,NA,33.411,88.927,43.482,48.13,32.303,NA,11.089,7.232,126.33,5.712,56.522,13.897,14.384,32.066,28.323,33.023,NA,NA,104.527,3.746,NA,NA,177.343,3.287,180.276,230.31,12.936,14.622,10.801,80.413,58.944,76.118,76.308,39.993,146.628,257.104,62.575,81.47,58.245,59.546,210.434,285.588,209.768,37.095,97.687,101.036
"2092-09",92.687,88.04,64.209,63.659,133.219,118.661,59.092,147.634,33.502,188.538,58.587,7.009,NA,24.862,110.312,61.956,98.705,47.991,NA,27.706,8.816,99.3,5.49,37.849,29.039,7.687,15.746,9.079,53.12,NA,NA,79.418,14.214,NA,NA,202.12,3.65,229.145,196.121,12.145,4.197,19.656,32.326,73.382,62.353,60.512,53.844,174.195,219.909,62.793,88.221,57.236,65.778,122.801,330.066,166.302,20.613,86.33,98.479
"2092-10",80.089,67.824,81.407,72.996,118.454,159.241,60.464,149.602,83.777,169.54,59.234,14.52,NA,26.587,210.105,58.045,104.825,69.025,NA,26.422,3.902,107.323,4.008,114.274,97.464,7.43,25.808,28.473,52.386,NA,NA,126.876,27.934,NA,NA,83.656,1.638,176.325,192.004,5.328,2.18,13.119,46.846,63.842,47.44,58.286,45.157,182.226,202.009,62.984,105.739,65.554,67.86,155.169,147.879,217.297,31.392,81.668,99.76
"2092-11",34.201,92.567,44.323,153.106,78.315,155.904,53.317,67.313,67.249,113.989,18.773,10.401,NA,18.236,187.331,51.405,130.894,185.598,NA,65.902,5.79,130.329,8.552,48.323,194.954,6.854,40.823,28.027,51.33,NA,NA,92.272,48.828,NA,NA,172.761,0.111,117.745,217.781,17.13,1.26,14.312,31.887,64.715,37.393,46.387,44.222,160.576,233.362,68.329,118.204,81.817,52.135,90.43,163.511,228.276,45.122,73.5,100.739
"2092-12",75.022,110.491,40.911,224.707,63.895,117.643,22.989,22.472,36.498,65.36,13.465,64.864,NA,13.908,163.134,61.73,80.382,238.399,NA,85.218,2.365,101.172,77.906,10.967,114.532,8.656,79.474,75.103,46.155,NA,NA,60.227,43.354,NA,NA,42.924,41.776,60.972,151.826,81.925,3.364,50.715,12.84,58.055,43.262,46.507,39.626,117.817,299.734,80.92,93.494,90.21,61.252,109.661,25.075,262.124,71.25,71.682,99.44
"2093-01",62.396,68.142,42.097,166.065,64.752,112.91,22.743,17.502,60.429,56.255,13.868,112.533,NA,16.551,114.418,58.268,84.729,189.761,NA,95.244,2.724,53.248,140.601,5.948,73.138,8.727,141.084,140.797,36.769,NA,NA,92.06,48.976,NA,NA,85.764,1.248,3.239,179.614,204.656,4.916,24.41,36.287,72.288,54.82,40.178,35.449,77.735,304.184,85.647,108.328,91.231,72.667,11.37,6.629,196.382,102.733,75.312,97.634
"2093-02",49.433,50.742,39.995,183.127,36.876,167.066,17.311,13.731,45.852,100.652,13.652,62.286,NA,9.457,147.528,46.991,67.399,67.411,NA,45.466,4.916,40.089,104.042,1.05,133.422,10.255,139.521,127.769,26.362,NA,NA,66.035,7.4,NA,NA,128.35,0.369,7.445,140.642,165.669,10.553,96.252,34.173,102.788,61.673,42.596,38.634,66.82,203.647,99.487,99.034,82.961,65.545,2.518,4.117,144.774,126.911,79.149,90.303
"2093-03",61.127,53.196,36.302,119.968,59.742,110.182,21.942,24.701,26.317,178.783,13.357,98.703,NA,13.308,177.586,56.196,81.561,136.202,NA,56.454,2.988,69.512,102.858,18.141,101.067,8.525,74.545,46.478,22.913,NA,NA,87.125,26.058,NA,NA,99.467,5.1,11.943,133.129,277.602,42.536,60.985,39.21,68.653,83.669,68.558,31.397,69.975,246.381,108.161,103.082,110.901,75.755,6.378,9.899,110.427,111.823,96.424,100.045
"2093-04",36.867,54.335,34.019,38.314,70.087,71.4,21.706,73.419,25.912,211.794,10.218,249.491,NA,22.74,70.378,62.712,71.268,43.048,NA,14.12,4.212,66.945,111.135,7.193,176.501,11.668,91.446,68.774,24.492,NA,NA,37.048,15.521,NA,NA,137.86,0.084,19.51,156.007,147.748,17.92,76.273,76.79,96.633,85.615,73.63,22.549,69.917,247.767,96.355,58.459,144.226,72.332,4.052,28.77,115.31,114.75,98.234,97.588
"2093-05",52.453,45.487,40.636,34.328,12.575,54.871,23.412,254.927,31.775,224.285,11.809,319.662,NA,27.612,71.521,67.474,49.884,34.989,NA,21.124,5.308,138.904,70.91,9.246,104.605,23.343,56.614,37.737,39.91,NA,NA,71.704,43.965,NA,NA,131.92,1.727,25.341,187.493,70.763,34.839,64.72,58.735,89.892,83.087,74.254,30.425,121.508,235.591,99.96,56.145,171.511,70.744,22.067,117.115,151.386,70.945,105.047,103.554
"2093-06",53.702,46.134,39.795,27.649,6.821,22.272,9.698,166.543,10.318,191.921,38.492,93.986,NA,49.232,88.839,70.049,43.224,11.513,NA,7.712,6.07,245.636,10.025,13.052,29.199,33.638,45.39,39.111,33.373,NA,NA,44.925,6.713,NA,NA,195.19,1.2,136.164,197.171,26.261,31.74,32.207,80.347,113.506,82.293,50.534,35.272,151.271,217.397,97.364,30.875,151.573,69.677,90.677,114.933,140.641,57.177,93.997,101.267
"2093-07",61.942,75.919,46.477,19.424,22.038,52.009,18.711,168.607,20.097,144.85,85.068,10.386,NA,42.686,66.511,80.802,40.173,8.875,NA,6.223,8.972,142.386,3.657,12.56,19.402,21.596,27.474,26.291,55.422,NA,NA,47.931,1.251,NA,NA,207.916,0.807,205.318,227.717,16.063,40.668,45.571,85.499,109.073,68.308,54.67,57.55,151.428,224.041,81.153,38.562,122.238,55.416,142.335,216.776,187.2,42.32,97.413,100.21
"2093-08",75.593,75.192,59.706,21.721,36.503,55.325,48.539,194.984,33.152,182.378,92.472,7.325,NA,34.213,55.008,69.078,66.013,6.378,NA,7.645,9.5,194.97,4.281,40.815,12.288,13.359,22.091,14.333,61.663,NA,NA,74.915,0.688,NA,NA,183.824,0.281,309.834,219.545,15.905,13.174,48.85,83.916,127.253,56.043,58.754,56.628,187.081,169.014,72.1,53.615,75.581,56.248,172.186,289.371,226.321,28.19,90.058,100.128
"2093-09",85.15,96.293,76.493,28.21,121.161,149.346,50.998,128.792,57.703,153.568,46.927,5.976,NA,30.034,59.337,56.929,84.674,5.02,NA,9.598,7.125,103.137,5.92,107.007,11.392,7.231,18.398,11.845,45.839,NA,NA,91.925,3.054,NA,NA,177.672,7.393,327.332,233.068,22.073,3.173,36.594,71.819,103.512,45.671,57.654,45.124,184.994,119.066,68.543,88.539,50.065,48.461,195.647,330.5,235.156,26.731,84.815,97.671
"2093-10",90.947,104.163,66.687,62.32,366.174,171.943,134.477,170.595,117.811,164.388,35.556,6.152,NA,21.74,109.356,64.083,130.166,10.768,NA,17.491,3.07,152.385,5.687,59.016,26.324,9.623,30.96,8.115,67.495,NA,NA,91.003,51.081,NA,NA,206.828,49.237,290.044,218.131,32.914,6.307,21.315,58.428,91.748,49.446,52.061,49.271,214.151,112.566,63.984,108.929,81.322,64.104,197.151,296.775,246.943,32.595,84.3,104.242
"2093-11",59.491,78.548,53.027,205.29,94.828,109.011,50.358,101.21,58.38,158.94,11.518,15.921,NA,9.951,143.511,40.22,115.314,92.45,NA,36.08,6.479,116.965,3.705,74.051,114.354,6.957,42.547,28.194,57.063,NA,NA,102.203,3.567,NA,NA,79.936,38.775,132.378,319.431,57.596,1.745,28.26,26.995,69.69,58.595,35.731,43.649,179.109,121.448,74.517,111.925,51.424,52.809,161.388,207.686,287.985,51.326,70.55,99.187
"2093-12",53.956,65.455,42.791,116.061,82.899,108.699,42.888,41.785,79.737,100.818,19.303,69.404,NA,14.576,146.1,45.286,128.452,191.708,NA,65.518,1.59,109.318,35.277,10.595,153.171,6.561,99.75,78.308,36.71,NA,NA,106.43,21.192,NA,NA,77.062,3.9,60.754,266.799,136,6.49,90.392,17.942,69.926,38.894,35.107,39.363,123.849,184.497,87.014,110.627,100.883,51.038,70.396,126.318,270.111,66.606,69.655,97.359
"2094-01",64.878,88.114,38.955,59.294,96.293,113.136,49.17,58.94,98.842,170.309,40.025,90.686,NA,19.914,123.364,50.234,98.701,128.331,NA,54.703,0.936,31.998,77.307,1.703,208.96,7.618,160.716,159.205,41.421,NA,NA,74.103,16.588,NA,NA,71.368,0.366,43.304,246.617,351.691,6.883,152.919,24.891,92.195,54.852,52.972,32.015,101.871,202.046,101.874,96.736,78.299,58.059,51.731,43.427,222.646,107.306,76.948,99.265
"2094-02",60.767,59.805,26.974,107.636,90.372,69.715,28.721,27.113,38.084,153.312,13.694,40.124,NA,6.766,157.508,47.718,113.515,51.413,NA,49.438,0.615,21.74,67.264,0.148,102.541,9.58,153.074,122.126,29.785,NA,NA,84.736,45.174,NA,NA,96.599,0.032,11.204,202.779,262.136,10.928,71.144,50.72,118.068,64.255,45.964,33.44,77.897,192.782,100.139,85.899,74.221,68.284,7.134,13.603,141.341,115.996,73.665,90.802
"2094-03",53.018,65.179,31.157,90.585,53.405,77.142,16.263,45.172,30.173,187.359,12.397,148.358,NA,26.219,87.136,85.094,104.78,20.617,NA,13.866,3.772,83.232,44.651,1.157,135.891,12.731,99.226,85.452,29.229,NA,NA,47.517,26.642,NA,NA,102.525,1.043,21.606,189.876,277.331,36.686,55.154,34.349,99.122,84.232,80.119,31.317,63.883,241.547,132.483,65.175,102.52,58.99,4.307,58.793,119.62,93.561,93,96.16
"2094-04",55.92,39.941,32.452,88.69,23.76,57.506,11.632,108.163,17.177,268.269,10.842,223.11,NA,15.63,123.213,65.368,60.825,42.565,NA,16.026,5.535,143.409,53.435,22.485,164.349,9.814,85.702,62.282,26.872,NA,NA,73.911,18.858,NA,NA,84.006,3.964,17.598,179.951,121.091,21.344,162.944,49.24,78.56,82.725,83.341,28.948,73.563,202.145,120.435,55.81,146.718,60.588,8.102,120.52,107.147,102.692,97.388,94.323
"2094-05",51.23,64.889,46.055,36.18,10.008,59.431,5.628,103.571,24.944,218.351,21.634,87.929,NA,40.681,132.768,62.758,39.092,12.91,NA,14.579,7.517,181.716,30.377,39.332,79.857,19.24,43.89,50.19,26.223,NA,NA,71.245,40.382,NA,NA,142.126,5.189,35.064,211.606,179.067,47.638,41.991,88.996,105.976,73.155,56.676,16.705,101.449,229.511,96.155,43.154,147.772,83.926,29.494,104.834,154.468,75.382,102.585,102.91
"2094-06",53.943,34.79,46.429,15.899,69.204,37.393,30.468,162.629,19.889,179.812,86.878,39.584,NA,48.776,26.239,80.074,46.042,13.625,NA,8.295,5.051,156.887,3.687,10.635,32.612,22.911,34.934,48.541,37.316,NA,NA,143.164,4.786,NA,NA,216.3,1.108,150.487,198.555,25.347,30.73,42.854,83.541,79.458,81.734,67.059,40.341,129.507,238.508,93.797,33.887,145.776,61.588,135.667,126.167,188.905,44.703,99.438,100.636
"2094-07",72.586,47.385,49.15,21.476,24.527,63.576,16.53,139.638,20.523,206.474,72.584,7.473,NA,33.482,88.496,58.806,50.353,7.615,NA,5.843,5.579,134.675,4.246,3.516,15.872,19.533,48.785,23.33,42.04,NA,NA,47.318,0.004,NA,NA,166.062,0.786,160.933,240.067,15.846,6.588,17.351,82.904,71.048,62.08,53.787,52.449,154.694,251.002,76.328,40.267,107.925,67.733,130.821,213.17,188.407,35.505,97.337,102.202
"2094-08",78.076,70.464,71.537,23.605,21.357,73.421,22.409,153.014,27.947,161.397,66.056,5.465,NA,27.952,78.39,64.505,67.949,13.085,NA,7.686,8.443,166.397,5.367,17.644,19.892,14.038,21.866,14.664,52.171,NA,NA,71.018,2.626,NA,NA,200.351,1.316,151.813,193.873,9.177,7.262,23.934,80.698,98.105,70.659,54.343,55.817,163.307,219.594,67.894,62.07,56.916,56.909,167.32,254.291,228.136,34.35,94.452,100.759
"2094-09",102.688,91.54,72.25,68.183,122.849,131.759,78.219,223.916,77.981,183.973,93.462,5.767,NA,27.758,95.239,45.228,69.115,9.053,NA,17.144,7.728,79.683,5.755,33.566,17.467,7.475,9.466,6.25,53.467,NA,NA,88.762,1.852,NA,NA,185.962,3.692,294.748,223.774,10.548,17.092,27.654,43.289,39.986,47.304,61.125,57.562,185.03,177.047,64.009,80.165,55.469,52.789,146.476,366.427,190.687,19.685,89.167,96.598
"2094-10",68.474,124.839,61.794,130.355,233.386,187.74,99.054,127.123,92.258,142.195,39.312,6.588,NA,26.477,125.725,35.119,98.891,33.1,NA,22.867,2.68,151.304,5.328,44.535,24.32,7.074,31.345,13.123,49.93,NA,NA,105.659,8.146,NA,NA,128.023,40.82,293.725,232.598,15.116,1.951,8.311,41.849,50.489,51.349,58.528,48.928,200.408,164.732,63.303,109.983,69.922,60.426,198.297,232.259,217.239,27.751,86.952,101.834
"2094-11",67.923,90.568,57.909,148.948,90.258,118.891,36.536,87.333,79.346,137.129,34.113,6.97,NA,11.563,101.347,43.502,117.122,89.104,NA,41.128,3.059,167.47,7.713,33.312,163.538,4.488,48.72,23.723,46.996,NA,NA,84.043,27.108,NA,NA,49.586,0.679,145.629,227.547,22.012,2.761,57.262,27.019,79.422,54.159,51.92,41.533,148.648,188.277,64.413,110.4,88.492,50.34,172.512,264.132,285.819,63.634,73.129,97.144
"2094-12",67.622,96.669,43.98,166.836,101.096,129.981,38.473,37.35,70.406,100.014,21.689,50.972,NA,10.56,161.75,51.226,138.351,107.358,NA,66.195,1.978,79.641,15.7,25.389,200.561,6.339,173.061,131.818,43.794,NA,NA,89.066,51.554,NA,NA,58.85,3.815,66.706,192.597,80.675,4.408,194.449,17.698,88.706,52.735,41.922,41.131,121.287,245.545,84.263,113.336,85.937,62.001,95.392,101.546,273.667,96.985,73.044,101.465
"2095-01",55.013,75.439,38.479,197.136,53.19,112.472,28.863,18.537,43.881,61.335,12.055,95.975,NA,6.136,176.667,44.709,94.968,122.6,NA,71.356,1.822,39.018,40.391,2.681,147.536,9.376,183.628,117.066,32.489,NA,NA,88.078,28.396,NA,NA,65.479,0.526,2.066,162.159,221.506,2.915,207.884,25.206,135.856,45.25,48.564,30.429,92.666,250.071,112.129,107.421,63.279,60.7,7.779,9.72,230.754,112.585,72.748,98.778
"2095-02",45.575,63.222,35.535,118.702,124.294,87.855,65.271,32.181,39.416,109.384,12.974,91.659,NA,10.316,85.929,48.751,100.998,67.455,NA,58.476,0.777,32.11,68.638,1.401,42.588,8.849,98.695,123.426,22.956,NA,NA,62.53,67.032,NA,NA,93.535,2.141,9.526,106.326,165.59,2.004,130.605,20.197,49.921,57.121,63.06,24.898,66.697,213.221,132.063,83.797,85.392,54.422,3.671,4.48,140.586,93.29,79.235,87.258
"2095-03",40.507,75.673,30.438,152.764,39.625,134.371,43.312,55.401,51.464,172.854,11.123,114.965,NA,10.45,121.237,54.339,88.28,153.119,NA,50.654,2.068,73.656,95.774,7.479,131.727,18.469,157.664,217.146,30.441,NA,NA,49.036,24.837,NA,NA,93.11,3.812,11.698,157.249,133.052,3.166,84.61,31.319,77.536,88.76,79.399,23.314,67.11,266.238,114.352,98.752,97.289,67.738,3.689,10.482,122.492,112.544,90.346,99.202
"2095-04",52.948,63.65,34.217,83.237,14.711,71.421,8.902,95.673,33.125,200.583,12.108,243.04,NA,23.591,126.132,72.157,61.745,79.306,NA,35.666,2.457,68.432,78.58,90.825,208.326,18.407,68.463,66.477,18.129,NA,NA,59.128,21.72,NA,NA,111.521,16.781,16.172,165.84,112.811,32.398,55.224,63.695,88.522,93.746,70.628,23.262,57.824,289.245,104.019,72.546,96.994,82.242,7.776,37.126,158.918,87.158,98.562,99.514
"2095-05",53.266,44.938,29.963,23.76,14.064,41.183,8.433,201.625,26.657,238.443,17.653,94.65,NA,22.499,159.82,68.16,44.226,39.696,NA,14.68,4.656,192.172,15.928,43.534,51.011,7.757,47.311,66.073,19.29,NA,NA,54.446,14.684,NA,NA,139.177,3.619,25.05,199.789,59.55,11.472,50.28,71.282,94.592,75.254,72.293,16.956,98.992,238.94,103.4,52.421,148.016,69.004,30.419,140.589,121.681,101.255,105.443,100.018
"2095-06",55.814,58.44,61.763,24.515,7.606,47.503,14.417,248.818,23.237,204.677,62.74,39.536,NA,34.168,108.545,44.222,41.867,12.481,NA,6.781,6.005,259.534,4.335,10.282,39.457,17.264,42.25,46.444,32.781,NA,NA,75.415,6.332,NA,NA,201.518,2.062,81.64,213.288,35.753,8.991,110.038,64.931,92.384,59.603,75.724,33.53,133.109,221.45,92.797,40.534,159.495,77.856,83.153,28.092,182.697,64.716,101.814,101.265
"2095-07",63.514,43.078,64.925,18.849,37.757,39.498,15.368,158.398,23.475,198.335,114.528,8.668,NA,23.936,74.212,48.898,25.771,25.554,NA,8.864,3.653,202.311,3.793,13.088,26.945,23.22,25.602,24.371,44.402,NA,NA,77.81,7.958,NA,NA,167.835,0.612,134.732,170.678,17.516,25.614,55.087,50.249,83.397,50.806,78.775,39.632,151.09,271.094,72.339,39.65,107.276,67.774,122.241,162.619,211.509,30.896,103.498,101.062
"2095-08",91.296,63.427,76.121,23.82,72.264,76.676,31.204,190.127,36.904,215.714,94.366,6.669,NA,21.653,90.893,44.06,61.161,5.479,NA,6.263,10.344,121.131,5.053,34.605,14.19,21.796,23.608,10.126,31.076,NA,NA,55.566,5.869,NA,NA,201.826,0.096,244.06,217.029,16.184,9.883,59.986,61.936,80.736,58.325,57.647,33.183,160.93,233.308,73.42,58.535,81.634,58.236,195.578,278.067,201.869,29.497,91.99,100.042
"2095-09",96.876,89.277,67.25,51.72,106.337,121.319,59.955,173.364,50.214,177.047,39.081,5.054,NA,18.042,96.35,51.783,76.087,7.063,NA,22.753,8.922,93.784,5.278,66.149,16.661,9.261,34.834,7.596,47.745,NA,NA,99.224,7.615,NA,NA,192.871,9.309,314.105,242.213,12.763,2.667,16.363,51.53,68.568,66.8,53.32,52.939,172.386,181.242,54.093,79.103,42.307,66.618,187.975,365.795,182.983,26.731,92.167,94.889
"2095-10",82.942,88.502,68.638,71.73,65.638,201.183,76.192,173.907,105.042,164.037,59.098,6.058,NA,14.41,89.76,38.663,151.126,51.051,NA,23.851,3.033,140.421,5.895,54.953,80.257,4.863,23.505,14.264,66.839,NA,NA,148.741,14.437,NA,NA,177.652,21.868,164.495,270.584,12.125,3.063,24.569,42.177,68.991,47.712,56.557,54.025,196.516,161.989,57.835,133.075,68.821,44.685,145.897,249.938,256.605,29.384,85.767,102.197
"2095-11",76.166,98.702,55.043,181.696,85.31,138.96,90.996,103.904,91.689,168.236,28.796,9.15,NA,11.422,167.936,46.409,99.083,61.536,NA,37.507,4.402,173.051,27.669,26.702,145.038,7.896,59.768,39.155,52.879,NA,NA,69.821,27.66,NA,NA,113.631,0.054,130.686,260.363,26.866,2.065,38.154,22.065,65.789,43.914,49.68,47.992,175.672,171.287,59.887,113.508,84.271,54.665,73.973,179.362,244.671,49.75,74.353,98.903
"2095-12",67.717,105.251,40.51,113.491,21.998,90.497,24.246,34.669,68.951,72.495,20.25,66.43,NA,13.097,166.543,42.483,115.492,91.26,NA,76.746,0.602,73.103,57.113,29.393,181.993,6.227,112.98,96.782,48.322,NA,NA,56.637,40.211,NA,NA,100.745,1.851,14.204,270.078,109.01,5.402,76.369,37.699,79.861,35.907,29.231,43.422,110.708,282.349,74.635,101.071,85.568,59.728,50.924,26.056,227.195,70.386,74.339,100.303
"2096-01",60.236,84.316,39.91,122.305,45.267,118.668,27.07,23.37,52.988,93.112,17.509,94.323,NA,8.492,124.7,49.995,112.43,126.095,NA,54.282,3.67,40.701,47.972,0.986,103.319,7.592,180.205,147.796,34.922,NA,NA,75.776,19.318,NA,NA,106.032,0.38,61.726,269.886,253.902,11.674,105.416,39.964,61.994,52.925,34.975,38.078,84.761,243.717,113.752,113.202,89.488,57.029,34.763,103.256,257.178,93.824,73.124,99.856
"2096-02",43.274,76.224,35.565,135.751,21.753,73.335,9.687,16.884,31.094,126.15,12.841,113.301,NA,13.182,109.005,58.583,78.789,97.544,NA,29.854,1.165,47.274,73.424,0.193,70.794,7.862,141.617,160.754,20.001,NA,NA,66.564,10.063,NA,NA,104.112,0.016,8.604,184.022,359.664,60.578,146.315,40.138,83.716,60.144,61.498,26.6,72.088,196.828,96.008,69.778,93.369,59.104,7.6,20.283,162.11,129.43,76.535,90.108
"2096-03",58.805,79.494,37.706,38.364,20.786,54.47,10.113,37.861,27.844,123.953,12.621,151.176,NA,12.352,91.561,68.253,81.165,80.657,NA,43.164,0.393,88.246,28.407,0.821,139.159,11.875,73.863,105.078,20.328,NA,NA,63.045,5.393,NA,NA,119.618,0.02,25.924,192.345,340.527,48.386,174.577,67.069,122.634,88.081,55.494,28.123,71.795,194.181,121.395,74.123,129.272,62.487,7.055,57.504,126.323,103.593,93.799,98.078
"2096-04",56.951,51.449,39.355,78.395,9.244,45.039,7.261,118.983,38.049,253.521,11.693,250.201,NA,21.121,75.426,97.758,62.756,30.488,NA,20.457,3.426,135.816,67.663,3.523,110.649,9.607,80.359,66.174,15.725,NA,NA,58.04,11.289,NA,NA,112.983,0.015,33.806,187.797,225.565,64.897,42.796,65.241,117.743,89.566,72.974,26.641,76.885,196.714,116.605,47.947,146.655,54.234,10.953,123.51,139.853,98.753,92.897,95.316
"2096-05",62.184,49.429,42.159,37.634,54.771,42.009,31.98,192.529,39.031,262.419,48.272,166.292,NA,30.167,78.565,89.097,46.735,38.5,NA,23.278,5.578,150.294,53.952,22.299,60.915,11.431,47.998,46.939,29.673,NA,NA,88.923,31.786,NA,NA,148.508,3.105,101.581,181.359,157.156,19.258,58.211,70.686,137.955,85.878,61.255,30.956,114.43,181.211,95.864,42.303,215.876,60.319,65.443,183.912,185.67,84.147,100.318,99.358
"2096-06",53.256,51.626,50.507,18.884,11.444,33.868,10.934,175.98,15.858,169.65,112.896,23.461,NA,47.668,49.91,75.283,36.838,16.767,NA,11.3,5.428,205.047,11.617,28.493,25.265,13.492,31.783,46.802,41.67,NA,NA,92.149,1.762,NA,NA,146.401,3.713,277.218,214.381,47.77,28.934,44.949,68.071,95.774,78.471,59.997,35.592,139.126,176.506,89.722,43.122,161.965,64.429,139.067,364.891,199.192,55.11,93.461,97.227
"2096-07",52.716,72.289,70.398,21.903,49.987,55.174,32.945,179.637,29.535,172.319,95.259,7.611,NA,44.666,56.258,77.456,22.693,26.049,NA,9.237,5.078,188.561,3.89,106.865,24.857,17.605,33.025,28.036,37.188,NA,NA,45.943,0.038,NA,NA,157.408,11.79,279.359,235.611,22.742,87.642,57.172,79.948,117.78,65.315,50.37,47.434,165.213,151.69,89.97,33.041,105.968,58.875,189.779,369.784,265.085,39.676,91.989,99.754
"2096-08",61.737,89.332,56.215,25.311,58.46,92.524,68.032,211.277,37.307,188.694,72.265,6.289,NA,32.808,46.682,67.929,50.585,10.018,NA,10.753,10.074,146.876,5.08,106.373,30.474,13.919,24.411,13.951,26.884,NA,NA,46.6,7.095,NA,NA,141.22,0.957,322.896,226.058,28.829,21.608,47.539,63.057,135.656,56.447,69.24,53.874,183.124,117.581,75.309,71.897,49.834,54.527,172.45,317.702,273.757,29.214,91.663,95.223
"2096-09",75.741,96.651,70.185,41.168,51.287,138.784,84.675,207.171,103.405,124.405,59.483,5.61,NA,19.595,63.079,60.777,90.012,9.501,NA,18.662,9.445,66.265,4.975,177.16,42.952,7.699,24.831,10.987,59.909,NA,NA,115.538,47.448,NA,NA,167.725,130.723,248.049,194.043,16.986,13.993,32.117,56.175,67.333,64.118,47.528,47.57,196.836,69.253,75.291,89.15,26.286,41.583,224.081,225.616,290.44,31.493,84.92,93.802
"2096-10",98.578,102.84,74.088,74.735,318.517,194.058,132.485,264.284,176.261,134.827,36.085,5.112,NA,21.223,94.2,54.118,116.397,69.16,NA,31.14,6.862,114.629,4.908,157.343,77.389,7.961,22.689,12.793,54.622,NA,NA,116.563,123.193,NA,NA,172.711,105.02,293.68,212.793,32.44,3.256,55.991,42.684,78.103,50.881,62.909,51.295,193.72,73.184,67.425,108.388,56.03,48.172,246.472,303.567,311.199,32.097,79.452,97.792
"2096-11",71.027,96.062,49.284,181.536,26.814,110.829,52.988,122.649,111.741,160.963,29.523,7.377,NA,16.941,84.652,38.375,129.388,80.577,NA,54.328,2.765,124.776,14.901,64.981,114.647,5.602,29.407,25.964,49.925,NA,NA,80.2,55.18,NA,NA,91.526,13.45,262.524,263.743,69.63,4.241,22.939,34.9,62.6,35.453,42.007,51.056,187.057,91.855,76.905,113.67,70.197,43.773,130.053,378.574,248.249,56.622,70.867,97.499
"2096-12",76.271,109.892,68.023,136.42,51.868,68.995,21.658,52.12,82.694,146.888,13.673,40.305,NA,11.751,124.525,56.032,92.403,138.636,NA,62.14,2.091,51.169,48.825,20.517,214.74,5.97,100.686,75.479,41.146,NA,NA,80.866,15.975,NA,NA,106.986,7.345,116.029,312.478,193.398,13.451,48.099,46.697,60.546,49.046,36.246,34.054,128.398,149.917,94.273,109.967,97.431,48.881,130.002,284.479,271.232,90.679,71.142,104.121
"2097-01",75.718,66.23,62.418,167.391,30.819,64.462,16.859,43.965,71.408,121.086,14.015,145.543,NA,8.226,152.45,57.566,94.719,117.212,NA,66.74,1.15,33.054,43.762,1.994,306.936,10.063,179.971,97.682,39.273,NA,NA,86.67,44.007,NA,NA,137.868,0.354,100.981,304.492,336.447,39.905,137.877,33.141,85.264,50.549,31.198,35.587,93.6,189.404,115.789,87.594,69.104,56.622,73.961,151.242,179.561,94.718,70.156,100.278
"2097-02",67.275,48.725,40.074,127.307,55.141,61.713,25.183,46.444,38.418,169.644,13.058,102.798,NA,8.977,103.32,72.422,58.727,102.107,NA,46.059,0.924,65.722,42.353,0.665,111.95,11.641,108.273,63.198,23.163,NA,NA,78.529,25.339,NA,NA,116.46,0.021,23.548,207.575,306.153,23.071,71.138,75.866,86.192,57.651,41.222,24.569,71.087,169.269,103.929,64.639,92.066,61.85,12.197,27.052,126.635,112.951,77.211,88.93
"2097-03",67.277,66.435,37.895,133.948,41.914,40.835,10.226,44.794,32.371,182.534,12.636,183.291,NA,19.721,90.059,68.62,89.014,18.05,NA,20.796,0.917,75.333,58.682,0.738,115.639,13.734,83.664,35.386,17.97,NA,NA,86.467,17.853,NA,NA,116.334,0.015,48.127,194.646,231.996,11.245,135.209,23.387,89.16,81.338,83.404,37.437,68.465,216.979,122.804,58.961,107.65,65.901,22.41,96.663,123.067,119.915,88.789,96.342
"2097-04",54.139,32.529,38.856,90.3,45.155,64.275,24.306,101.632,54.503,226.083,12.395,291.244,NA,15.877,73.717,56.835,52.546,19.19,NA,15.628,5.168,78.078,108.154,37.832,142.371,11.723,56.959,35.351,23.205,NA,NA,66.677,23.721,NA,NA,160.47,2.753,54.054,193.731,249.746,36.296,39.846,68.796,67.206,76.296,79.044,31.039,70.18,200.803,109.635,52.948,152.402,60.412,19.626,147.714,150.077,91.206,96.872,96.643
"2097-05",54.188,44.048,23.443,33.953,49.061,60.899,15.659,128.71,27.419,241.658,13.038,174.637,NA,33.087,98.899,78.02,44.995,9.482,NA,20.87,8.219,170.387,48.62,8.57,40.588,13.37,41.624,60.529,36.922,NA,NA,65.418,11.194,NA,NA,147.526,1.875,184.805,222.087,139.105,34.512,20.255,62.737,66.947,75.278,49.733,26.794,89.976,209.224,100.255,36.234,165.215,66.159,107.665,264.268,159.467,90.653,102.859,98.438
"2097-06",48.7,41.149,48.926,20.233,14.704,68.128,24.654,236.759,23.782,288.868,72.421,29.201,NA,44.011,76.483,56.331,42.634,17.237,NA,9.978,7.764,261.976,15.403,7.113,21.866,13.599,33.586,32.944,38.602,NA,NA,48.612,0.708,NA,NA,200.38,0.364,136.102,192.023,41.668,53.717,42.336,78.244,96.828,67.696,73.539,34.082,141.756,187.686,88.921,44.926,180.806,65.002,101.524,193.007,149.429,54.035,97.783,96.867
"2097-07",58.952,32.659,79.975,29.668,26.748,42.482,19.384,130.896,21.92,92.938,111.09,8.557,NA,48.873,52.164,73.376,22.516,40.161,NA,13.492,5.651,175.396,4.535,20.101,13.183,30.16,41.778,16.467,28.724,NA,NA,86.513,0.557,NA,NA,150.327,0.371,218.14,208.975,14.556,46.331,23.976,109.86,79.77,71.576,61.668,37.754,148.228,224.115,78.257,39.487,107.197,61.149,160.723,252.487,228.029,44.346,100.208,101.749
"2097-08",87.489,50.975,63.186,22.263,28.87,81.936,37.989,205.017,30.081,183.25,68.875,4.262,NA,33.516,36.285,59.677,48.073,9.122,NA,5.982,5.861,144.336,3.614,41.22,13.403,6.737,26.501,12.716,27.149,NA,NA,117.575,5.504,NA,NA,142.039,0.633,246.442,201.661,8.118,17.646,19.007,56.765,93.59,63.345,74.662,31.877,172.645,188.885,72.377,78.967,58.581,48.231,176.621,345.77,256.96,24.886,94.47,99.827
"2097-09",85.571,108.255,71.647,21.491,138.302,125.266,61.006,150.415,66.929,168.454,49.175,5.345,NA,21.861,50.294,64.488,82.308,5.559,NA,6.143,6.927,114.915,5.022,46.376,12.686,11.562,26.946,6.736,51.611,NA,NA,103.049,7.971,NA,NA,174.724,1.507,263.415,196.408,6.073,10.576,19.168,66.995,81.462,64.895,32.998,51.178,169.085,162.547,57.287,91.834,56.832,44.361,139.922,296.839,211.05,33.943,90.129,94.615
"2097-10",85.439,114.33,62.398,94.105,126.177,199.01,89.847,184.526,107.988,172.743,67.692,8.033,NA,16.231,116.037,39.062,143.948,13.062,NA,23.928,5.437,136.876,6.432,40.705,35.478,6.868,19.953,11.225,47.169,NA,NA,96.955,24.501,NA,NA,114.134,22.207,299.44,259.231,15.706,2.032,64.189,27.15,80.946,47.447,73.119,58.319,205.849,127.249,62.611,106.799,53.171,45.678,203.237,327.308,219.406,36.991,86.153,101.339
"2097-11",59.562,106.569,58.548,117.308,101.753,145.484,58.264,71.075,75.9,134.132,17.46,12.877,NA,9.966,139.249,47.983,117.869,157.937,NA,51.921,1.483,140.424,5.585,62.294,210.017,6.072,66.16,59.558,50.22,NA,NA,76.405,24.022,NA,NA,102.342,6.48,129.426,225.632,61.558,7.684,56.166,25.389,54.485,55.675,30.813,43.635,171.542,141.782,69.931,119.898,89.74,56.312,174.07,148.958,292.493,58.423,76.373,97.99
"2097-12",58.957,98.55,47.833,178.472,76.326,104.465,36.293,33.013,55.889,99.29,18.902,27.392,NA,10.372,145.636,47.54,125.352,94.737,NA,60.141,3.491,50.707,26.774,15.628,163.272,5.382,92.924,65.742,45.846,NA,NA,63.868,17.18,NA,NA,69.325,1.854,173.794,283.008,111.268,2.199,135.371,24.905,69.054,59.034,37.57,42.329,122.423,207.624,78.016,100.869,81.822,49.041,139.029,239.644,248.385,106.094,72.037,100.94
"2098-01",61.405,102.175,46.515,150.125,143.088,89.278,74.886,37.677,78.351,78.666,16.736,104.861,NA,8.328,124.545,54.671,149.971,114.136,NA,72.525,0.748,10.254,121.925,2.472,182.146,10.967,166.681,76.727,39.007,NA,NA,76.421,8.541,NA,NA,74.126,0.081,33.896,251.725,254.792,12.192,92.464,42.36,109.148,48.101,43.698,45.611,101.796,237.854,103.481,93.618,87.67,55.23,30.998,95.015,208.339,133.296,71.333,103.666
"2098-02",57.899,54.735,34.178,169.213,23.7,78.025,13.129,14.922,40.184,92.138,10.512,50.61,NA,8.028,110.48,65.957,78.448,128.446,NA,53.587,0.573,71.206,16.478,0.083,69.328,7.244,98.361,86.125,23.352,NA,NA,60.98,6.632,NA,NA,57.305,0.003,10.603,207.687,347.248,35.272,117.866,28.539,88.817,59.474,46.941,26.489,74.936,192.572,121.24,82.729,69.311,61.445,10.1,25.667,148.037,99.427,77.44,88.792
"2098-03",56.418,64.087,40.921,117.94,20.196,87.81,7.553,43.535,18.414,169.898,14.249,221.89,NA,14.972,127.548,59.674,72.522,99.295,NA,48.933,4.413,110.774,14.551,1.132,85.993,10.207,199.216,107.421,20.034,NA,NA,71.92,11.365,NA,NA,105.903,0.702,31.608,146.753,187.847,11.661,66.711,38.23,95.496,72.85,84.78,25.995,73.069,229.205,120.479,78.173,129.468,66.267,20.138,22.101,130.126,117.165,91.945,95.85
"2098-04",60.908,43.089,35.968,80.39,17.788,47.011,7.223,95.389,16.712,285.462,11.642,245.196,NA,19.62,71.035,57.279,55.747,55.146,NA,28.991,5.23,111.738,33.129,11.296,96.53,10.523,64.717,68.598,25.894,NA,NA,88.84,19.322,NA,NA,95.3,0.732,29.831,190.05,91.974,11.649,59.387,57.73,96.613,102.259,85.385,25.517,72.929,237.596,107.09,52.4,151.757,62.902,7.379,90.171,135.247,109.608,100.115,97.514
"2098-05",29.424,41.169,28.155,50.488,50.319,89.329,16.592,154.667,32.714,316.262,18.534,47.47,NA,48.294,106.313,71.838,54.555,12.315,NA,15.022,5.507,184.949,21.408,35.214,54.032,15.807,53.957,99.829,26.264,NA,NA,57.267,59.483,NA,NA,119.126,4.248,54.748,194.838,38.567,49.03,65.317,85.313,111.704,81.676,82.995,24.536,95.721,229.853,105.867,55.887,158.518,71.629,50.107,187.937,165.727,92.573,92.509,99.954
"2098-06",58.852,45.401,47.169,19.773,51.412,55.474,32.608,254.292,30.001,222.655,125.05,13.138,NA,33.429,97.779,55.438,31.792,24.221,NA,10.874,6.365,183.75,6.511,4.339,16.607,16.498,23.141,29.272,34.497,NA,NA,36.149,8.098,NA,NA,193.433,2.152,68.984,184.975,42.134,46.829,35.148,84.16,90.581,62.508,83.878,39.924,139.727,261.211,86.418,52.06,148.431,73.111,108.119,44.061,162.713,59.352,98.322,101.176
"2098-07",38.421,64.887,53.579,17.245,22.778,54.089,17.588,127.81,19.325,128.608,87.64,7.144,NA,46.54,52.531,83.614,53.259,10.477,NA,6.807,10.736,173.217,4.163,32.375,13.536,22.315,23.42,24.7,48.146,NA,NA,62.041,4.733,NA,NA,217.146,1.212,155.008,219.907,15.361,13.153,50.278,101.153,133.849,79.557,63.384,49.976,145.512,268.479,83.409,42.821,91.103,58.164,170.818,171.012,195.739,41.796,87.511,101.672
"2098-08",49.825,75.942,66.369,27.064,83.963,52.765,45.522,176.22,28.287,259.578,61.78,5.008,NA,41.056,40.396,83.788,61.312,15,NA,5.478,4.638,108.257,7.377,24.838,10.142,12.585,41.196,66.064,65.993,NA,NA,71.167,6.762,NA,NA,165.935,2.534,148.3,205.096,10.846,21.514,32.038,87.147,102.912,70.042,50.458,57.291,162.372,223.742,76.218,57.925,62.233,59.438,139.786,266.011,174.328,52.45,89.023,100.687
"2098-09",97.643,76.421,58.776,48.592,141.798,98.696,85.491,201.738,47.332,204.9,62.913,5.229,NA,20.659,83.695,41.15,77.786,4.838,NA,19.696,11.576,108.079,4.281,14.372,10.525,8.188,22.762,11.375,68.115,NA,NA,117.059,5.462,NA,NA,285.995,4.751,245.561,194.011,12.537,20.181,11.648,80.267,89.012,53.947,55.762,69.371,185.808,202.4,58.294,87.958,68.131,53.256,139.142,224.935,183.711,23.362,80.878,98.225
"2098-10",84.342,127.801,74.194,90.035,137.26,132.477,97.68,134.452,75.754,141.562,45.214,6.915,NA,20.037,91.828,56.613,124.823,19.405,NA,26.398,3.637,142.482,6.47,36.249,24.016,5.967,33.461,12.679,62.701,NA,NA,107.469,27.201,NA,NA,153.984,3.959,220.258,243.807,27.848,1.381,41.152,46.15,53.951,48.855,54.14,62.396,193.863,182.835,74.879,97.047,60.972,57.388,108.99,271.738,245.618,26.323,86.851,100.948
"2098-11",49.121,123.571,57.072,184.264,49.942,131.681,40.236,101.289,71.842,157.966,24.406,10.33,NA,15.513,157.731,37.616,116.974,131.032,NA,44.524,3.462,122.731,8.412,28.902,99.376,9.644,60.779,53.267,49.688,NA,NA,82.407,8.466,NA,NA,117.42,3.488,97.697,248.926,37.08,2.009,66.271,23.545,90.683,52.932,39.909,41.395,176.968,206.526,76.695,107.521,61.289,50.36,84.669,130.654,223.276,49.559,71.736,99.214
"2098-12",43.042,77.306,60.551,120.533,64.06,158.028,43.801,50.272,54.76,93.645,16.531,14.988,NA,8.371,139.511,33.309,106.926,194.473,NA,64.388,3.734,95.307,31.562,13.597,84.986,6.966,156.448,181.603,32.582,NA,NA,68.769,19.714,NA,NA,59.039,0.663,17.894,159.629,153.573,5.104,151.238,27.902,65.213,51.164,50.247,37.73,122.599,214.25,102.28,127.641,83.5,59.994,67.384,21.5,254.796,81.67,73.018,97.022
"2099-01",50.298,83.318,35.704,201.556,42.093,134.917,32.79,27.07,45.423,101.08,13.183,46.649,NA,9.783,124.322,54.981,127.874,80.322,NA,60.731,0.29,32.184,53.622,2.227,115.494,7.112,167.553,218.346,35.917,NA,NA,75.279,50.186,NA,NA,108.608,0.906,3.589,91.442,112.692,4.229,180.919,37.149,128.14,53.725,54.256,45.878,88.409,262.375,119.125,130.223,69.141,61.609,7.918,2.892,214.485,114.174,80.082,100.306
"2099-02",62.886,76.253,46.416,109.485,19.082,108.999,27.693,14.377,21.168,120.202,12.559,89.262,NA,12.393,59.877,53.4,71.718,106.777,NA,73.439,5.493,54.812,21.065,6.048,37.791,6.594,127.516,156.542,31.323,NA,NA,68.038,83.59,NA,NA,84.742,10.996,15.217,101.245,45.647,5.219,42.089,27.257,64.185,67.068,56.409,36.643,69.716,245.727,103.905,89.875,81.935,47.512,6.692,5.038,125.101,107.203,74.096,86.287
"2099-03",63.625,71.388,45.649,117.056,60.731,160.125,21.259,35.405,31.067,210.05,13.457,124.212,NA,11.662,114.823,66.665,63.529,119.371,NA,58.054,5.096,93.984,36.147,12.67,89.027,12.297,107.485,167.336,22.691,NA,NA,53.282,16.754,NA,NA,95.398,2.3,10.327,136.348,83.358,4.088,96.375,33.8,64.032,78.041,67.016,30.572,56.16,304.355,110.94,122.528,81.417,67.195,4.325,2.913,131.982,103.556,99.51,98.791
"2099-04",58.122,61.391,32.384,57.58,36.824,72.995,14.819,88.871,32.637,246.288,10.64,63.932,NA,20.465,177.494,61.316,35.718,156.505,NA,56.717,3.984,100.35,75.569,137.375,116.192,11.216,60.721,62.793,19.911,NA,NA,71.579,29.644,NA,NA,173.424,64.342,24.13,154.357,92.8,4.625,101.319,35.77,85.272,81.977,74.17,25.541,56.195,279.76,103.529,76.096,108.162,78.819,17.092,29.815,141.144,78.772,99.265,96.656
"2099-05",47.306,72.608,42.266,28.881,21.164,73.152,15.37,132.723,39.901,206.945,71.247,19.176,NA,48.404,144.919,55.007,52.866,36.827,NA,30.71,4.466,92.9,94.073,29.458,96.25,30.769,52.578,86.996,31.261,NA,NA,92.169,51.289,NA,NA,155.972,3.885,57.825,191.312,68.935,10.275,47.399,83.647,99.559,101.491,78.283,34.339,84.577,281.632,90.773,49.204,149.947,82.527,36.728,152.735,183.182,74.82,100.523,105.032
"2099-06",62.153,58.54,41.399,18.489,66.056,38.728,28.27,132.508,23.561,154.642,54.151,6.741,NA,54.675,77.741,68.129,49.182,14.625,NA,9.206,5.237,196.512,3.719,7.439,41.878,10.42,43.322,24.385,37.019,NA,NA,38.407,2.661,NA,NA,237.233,1.191,98.24,192.185,63.675,9.447,61.351,66.393,108.87,55.131,71.581,50.685,136.8,271.852,85.122,33.006,126.7,84.101,125.12,45.304,148.156,43.342,102.391,102.254
"2099-07",65.167,41.692,52.886,21.817,21.192,54.714,18.121,179.911,13.258,140.844,82.137,6.735,NA,33.539,117.828,53.45,42.534,15.583,NA,9.664,7.04,145.436,3.714,17.795,22.138,19.411,22.683,19.868,44.51,NA,NA,83.056,3.46,NA,NA,207.272,0.015,172.1,202.485,17.435,12.328,38.589,70.456,81.368,58.208,72.234,46.801,142.009,308.845,70.439,32.788,90.444,65.744,156.274,138.789,188.987,34.139,102.28,102.313
"2099-08",74.54,70.718,65.386,22.455,71.999,75.327,31.624,179.27,29.763,235.108,60.947,5.631,NA,30.211,86.455,47.087,46.521,9.476,NA,8.597,7.831,124.305,4.335,26.162,17.092,19.473,36.492,17.086,41.931,NA,NA,121.014,1.196,NA,NA,167.322,0.08,138.102,197.609,17.142,6.844,31.095,57.492,67.115,74.646,44.866,49.286,157.106,285.835,59.498,52.334,70.825,71.526,154.361,164.781,158.899,30.084,97.942,100.275
"2099-09",111.471,102.544,64.489,28.749,172.401,128.234,89.695,165.167,50.059,171.811,50.131,6.431,NA,29.36,106.17,47.914,78.812,10.102,NA,19.892,7.481,121.182,4.135,61.922,21.456,20.67,18.029,5.454,58.631,NA,NA,80.807,11.919,NA,NA,189.578,2.137,206.638,222.346,9.908,5.605,14.069,49.739,72.137,49.851,55.74,44.132,170.818,226.714,52.045,90.952,52.604,64.134,181.528,289.613,152.602,25.378,90.296,97.459
"2099-10",95.328,109.053,72.771,113.677,153.975,130.507,80.664,144.283,76.791,167.796,59.732,7.574,NA,15.497,101.985,54.29,78.581,19.52,NA,24.143,8.963,88.487,4.788,115.405,88.669,5.976,31.633,10.342,70.068,NA,NA,103.314,29.004,NA,NA,115.316,33.536,211.691,252.868,10.2,1.432,8.94,40.612,58.702,58.759,52.266,47.952,204.598,205.077,53.658,93.515,70.082,53.248,211.882,220.305,194.719,40.329,88.667,102.625
"2099-11",73.853,115.24,65.918,61.483,166.888,170.526,67.495,97.966,75.676,138.469,19.637,10.74,NA,14.424,170.106,36.407,150.305,73.831,NA,33.186,1.993,133.173,12.617,95.141,149.804,5.024,86.243,60.962,48.479,NA,NA,84.455,107.751,NA,NA,63.575,0.461,76.319,174.542,22.832,1.332,17.402,26.489,41.511,55.501,48.811,60.185,164.967,198.347,66.567,103.983,69.614,52.885,131.189,131.421,275.119,60.701,73.641,97.71
"2099-12",65.591,107.378,40.903,156.269,87.855,171.441,35.015,29.132,55.274,59.09,13.891,51.388,NA,9.893,182.652,42.678,89.34,192.651,NA,74.828,0.736,79.354,29.382,19.213,92.83,8.08,124.392,202.726,43.669,NA,NA,87.479,30.435,NA,NA,50.015,7.216,171.021,196.16,97.576,1.586,42.36,17.248,71.702,52.051,46.983,40.178,122.253,254.518,74.885,122.529,79.8,62.234,104.577,127.293,263.836,73.229,74.462,98.714
"2100-01",52.114,80.816,44.101,250.053,53.078,182.8,44.474,14.669,43.837,50.529,16.086,56.247,NA,8.716,192.458,47.92,109.912,205.33,NA,77.711,0.543,70.234,32.271,4.597,113.623,8.261,163.28,155.117,43.894,NA,NA,71.457,69.101,NA,NA,61.96,0.317,7.639,117.342,237.889,4.274,79.919,20.871,84.322,48.932,42.452,41.364,88.839,259.855,100.916,124.791,73.36,66.828,32.304,6.885,211.179,78.412,79.56,96.251
"2100-02",54.413,68.076,37.364,221.148,58.04,160.418,22.813,13.268,49.758,95.635,13.748,64.344,NA,11.444,130.153,61.67,73.68,149.531,NA,46.821,1.049,37.403,46.406,0.352,104.45,5.941,133.801,178.178,23.439,NA,NA,50.365,10.157,NA,NA,86.675,0.538,17.333,121.367,186.128,3.757,96.021,13.346,86.36,58.727,52.517,25.493,73.259,226.649,114.257,107.722,61.617,59.647,15.974,3.185,193.792,108.814,74.535,89.43
"2100-03",64.036,68.324,52.559,101.74,10.721,75.115,11.031,22.864,29.754,163.207,13.098,155.242,NA,30.106,93.449,78.077,69.016,70.893,NA,49.511,5.006,68.247,38.025,1.259,117.995,9.785,73.715,70.632,35.591,NA,NA,64.897,64.724,NA,NA,116.852,2.527,17.011,162.917,61.846,7.928,65.546,48.12,80.361,92.112,80.687,34.814,66.141,268.144,106.637,78.222,105.248,62.553,9.667,5.871,142.812,128.038,95.839,99.845
"2100-04",63.407,59.038,48.372,60.597,24.525,93.334,11.758,76.033,38.221,251.316,12.906,290.447,NA,35.076,67.296,91.349,51.883,38.88,NA,20.792,4.022,99.878,43.822,13.904,101.026,16.517,45.003,32.021,19.876,NA,NA,56.903,46.93,NA,NA,91.934,0.518,44.59,155.627,97.712,7.822,66.43,41.868,86.011,75.233,83.243,23.939,69.671,243.599,112.275,68.698,133.168,68.831,21.071,49.375,118.989,95.091,101.536,97.19
"2100-05",59.841,47.26,48.623,20.874,91.873,95.529,34.975,202.583,27.436,308.004,13.725,186.852,NA,30.313,72.765,62.058,22.858,61.367,NA,34.038,4.803,188.43,38.754,27.53,126.126,15.045,76.924,102.569,24.548,NA,NA,89.218,5.734,NA,NA,99.991,1.337,46.359,241.356,47.746,5.18,40.99,53.798,74.492,82.747,81.208,19.51,114.833,224.404,104.589,60.166,164.991,80.621,27.099,85.095,176.796,71.539,102.704,103.445
"2100-06",56.873,39.915,54.346,14.631,53.815,68.362,23.281,153.632,21.376,195.689,57.526,47.028,NA,48.758,103.419,65.684,45.694,9.565,NA,12.586,7.807,175.03,3.205,16.766,62.545,17.901,30.198,22.193,32.104,NA,NA,39.933,14.924,NA,NA,165.027,0.75,219.757,168.137,28.211,20.245,89.031,60.073,90.088,71.658,72.056,25.585,143.189,250.665,85.423,50.984,124.12,71.669,92.764,164.769,191.23,41.956,102.268,103.373
"2100-07",76.902,53.305,78.217,23.495,21.576,77.156,16.628,152.281,23,135.191,69.594,6.817,NA,22.939,56.415,61.224,28.527,9.089,NA,6.869,5.217,162.138,3.4,30.881,20.276,15.023,28.633,31.942,31.308,NA,NA,89.543,1.957,NA,NA,190.722,1.183,358.057,184.043,15.457,14.763,26.821,65.381,79.272,71.133,85.769,41.702,175.817,263.487,79.678,54.804,104.651,64.255,221.17,311.256,204.856,29.023,101.051,107.429
"2100-08",99.454,75.648,82.014,25.749,18.838,86.72,21.192,175.669,21.399,194.025,60.869,7.686,NA,24.811,66.134,56.577,35.228,17.179,NA,10.644,9.88,128.3,4.891,57.346,13.176,14.22,53.839,23.056,50.062,NA,NA,90.685,6.994,NA,NA,200.478,0.683,181.661,201.751,12.102,10.561,25.259,66.749,82.33,74.296,67.478,66.983,178.105,243.688,65.498,54.348,65.556,64.911,177.987,281.128,182.851,34.551,100.876,105.083
"2100-09",95.617,101.204,78.801,34.747,245.28,107.732,112.967,180.856,54.078,144.546,53.269,6.602,NA,36.725,145.383,59.084,82.797,8.29,NA,10.39,7.827,103.706,6.974,23.582,10.691,10.516,23.43,11.282,40.952,NA,NA,127.28,2.677,NA,NA,219.281,2.945,219.483,200.663,4.006,2.351,5.188,51.766,64.129,49.664,58.473,36.012,184.794,197.144,61.855,82.822,52.685,65.035,143.921,333.552,151.138,24.128,86.616,94.706
"2100-10",89.59,126.077,68.31,50.498,196.077,106.51,83.558,108.748,69.583,120.624,28.239,8.633,NA,26.125,128.623,54.636,133.353,36.021,NA,28.462,5.199,162.533,4.585,99.144,80.137,9.112,33.164,12.303,63.267,NA,NA,97.161,54.343,NA,NA,102.94,60.641,230.288,181.188,15.773,1.198,14.083,43.689,60.09,47.923,59.97,52.654,201.198,194.345,70.247,106.635,66.952,54.61,226.29,249.466,218.25,25.031,83.644,103.85
"2100-11",63.263,124.844,58.953,149.784,94.993,152.828,51.158,99.84,68.932,163.873,24.817,11.6,NA,16.286,152.596,40.918,126.513,139.481,NA,71.62,3.675,192.908,14.087,28.975,201.204,6.64,70.706,56.342,50.71,NA,NA,84.072,47.246,NA,NA,36.002,0.176,26.658,144.454,24.372,1.294,24.553,21.084,63.032,44.325,51.96,45.704,172.169,210.316,69.433,115.629,85.414,50.641,83.617,27.616,266.582,52.585,75.017,97.329
"2100-12",47.44,79.455,47.779,154.924,77.47,172.867,41.26,46.118,63.608,108.154,17.201,64.288,NA,9.481,138.854,36.594,104.674,165.328,NA,76.443,2.051,81.076,100.359,35.23,222.241,8.511,144.293,107.389,43.75,NA,NA,80.234,129.672,NA,NA,46.458,3.508,14.053,152.257,114.245,2.499,57.523,14.178,84.154,55.266,54.93,36.781,125.161,243.4,83.256,112.506,91.065,59.081,51.895,22.241,271.938,69.611,75.61,97.886
