#Dataset: CCCma-CanESM2_r1i1p1_CSIRO-CCAM-2008_v1
#Variable: tas
#Area: sea
#Interpolation_method: cdo remap
#Spatial_resolution: 0.5º
#Creation_Date: 2021-02-18
#Author: IPCC-WGI Atlas Hub (https://github.com/SantanderMetGroup/IPCC-Atlas). Santander Meteorology Group.
"date","SEA","NAU","CAU","EAU","SAU","NZ","full_domain"
"2006-01",28.215,28.614,23.747,25.365,15.408,16.671,21.139
"2006-02",28.285,28.841,25.04,25.784,16.571,16.999,21.558
"2006-03",28.167,28.465,25.281,25.384,15.818,17.457,21.157
"2006-04",28.303,28.432,24.912,24.236,15.256,15.943,20.631
"2006-05",28.41,27.78,23.969,22.242,13.944,14.475,19.836
"2006-06",28.214,26.698,22.005,20.754,12.851,13.82,19.096
"2006-07",27.766,25.435,20.362,18.787,11.278,12.222,18.255
"2006-08",27.555,25.468,20.261,19.904,11.567,11.678,17.882
"2006-09",27.455,25.614,20.365,20.417,11.983,12.303,17.923
"2006-10",27.454,26.102,21.257,21.231,11.948,12.261,18.16
"2006-11",27.707,27.267,21.752,22.342,12.631,13.376,18.928
"2006-12",28.162,28.195,23.016,23.687,14.518,15.252,20.089
"2007-01",28.45,29.014,25.04,25.372,15.58,17.849,21.148
"2007-02",28.288,28.99,26.215,25.52,16.124,18.673,21.568
"2007-03",27.974,28.367,26.065,24.985,15.738,18.019,21.361
"2007-04",28,28.329,24.638,23.709,15.331,16.609,20.804
"2007-05",27.973,27.647,23.626,22.26,14.345,14.805,19.964
"2007-06",27.651,26.208,22.021,19.735,12.682,13.63,18.996
"2007-07",27.537,25.496,19.725,18.886,12.067,11.982,18.132
"2007-08",27.193,24.902,19.977,17.435,11.346,11.666,17.818
"2007-09",27.165,25.318,19.655,18.959,11.6,11.834,17.905
"2007-10",27.349,25.997,20.426,20.166,11.951,12.412,18.151
"2007-11",27.631,27.273,21.671,22.024,13.212,13.422,19.015
"2007-12",28.071,28.016,24.721,23.546,14.658,14.924,20.236
"2008-01",28.215,28.626,25.885,25.009,15.849,17.343,21.03
"2008-02",27.957,28.452,26.21,25.225,16.655,18.007,21.341
"2008-03",27.785,27.915,26.08,25.035,16.182,18.212,21.263
"2008-04",27.655,27.903,25.118,23.694,14.952,16.829,20.731
"2008-05",27.661,27.21,23.073,21.668,13.871,15.106,19.716
"2008-06",27.784,25.968,21.898,19.293,12.791,13.381,18.885
"2008-07",27.292,25.17,20.251,18.85,12.204,12.371,18.146
"2008-08",27.264,25.117,19.669,18.058,11.37,11.808,17.793
"2008-09",27.304,25.259,19.64,19.343,11.85,12.669,18.003
"2008-10",27.568,26.216,21.197,19.532,11.831,12.58,18.327
"2008-11",27.645,26.929,21.565,21.148,12.817,13.418,19.08
"2008-12",28.089,27.848,22.664,23.724,13.827,15.201,20.083
"2009-01",27.995,28.53,25.16,24.715,15.271,16.646,21.176
"2009-02",27.637,28.287,25.654,25.375,16.084,17.351,21.255
"2009-03",27.639,28.218,25.083,25.281,15.334,16.472,20.887
"2009-04",27.847,27.891,24.119,23.28,14.567,15.236,20.351
"2009-05",28.152,27.156,22.437,21.922,13.885,14.045,19.657
"2009-06",27.916,26.019,20.48,20.184,12.568,12.993,18.748
"2009-07",27.599,25.568,19.874,19.251,11.895,12.214,18.173
"2009-08",27.415,25.28,20.116,18.642,11.081,11.969,17.929
"2009-09",27.355,25.178,19.406,19.459,11.537,11.941,17.92
"2009-10",27.495,26.019,20.669,20.068,11.761,12.049,18.115
"2009-11",27.566,26.903,21.971,21.518,12.584,13.03,18.794
"2009-12",27.853,27.804,21.915,23.05,13.675,15.151,19.956
"2010-01",28.28,28.652,24.135,24.807,15.122,17.53,21.378
"2010-02",27.929,28.267,24.952,25.777,16.07,17.283,21.58
"2010-03",27.79,28.047,25.712,24.849,16.382,17.209,21.244
"2010-04",28.058,28.21,24.649,23.798,15.337,16.122,20.814
"2010-05",28.214,27.298,22.978,21.46,13.682,14.16,19.936
"2010-06",27.95,26.085,20.923,20.096,13.129,13.012,18.998
"2010-07",27.63,25.442,20.166,19.427,12.315,12.494,18.327
"2010-08",27.172,24.753,19.834,18.565,11.833,11.605,17.75
"2010-09",27.159,24.93,20.004,19.25,11.488,12.355,17.74
"2010-10",27.302,25.622,20.245,20.701,11.509,12.911,18.12
"2010-11",27.72,26.678,20.911,22.22,12.798,13.006,18.744
"2010-12",28.129,27.902,23.038,23.309,13.987,14.384,20.019
"2011-01",28.389,28.57,24.206,24.542,16.196,15.853,21.031
"2011-02",28.278,28.778,25.772,25.626,16.784,17.097,21.376
"2011-03",28.199,28.544,25.954,24.558,16.333,16.214,21.057
"2011-04",28.241,28.143,26.017,23.485,15.776,15.485,20.707
"2011-05",28.289,27.654,23.308,22.319,14.788,14.233,19.79
"2011-06",28.099,26.546,21.58,20.42,13.256,13.437,19.004
"2011-07",27.811,25.793,20.662,19.703,12.213,12.698,18.275
"2011-08",27.544,25.482,19.982,18.878,11.796,11.932,17.948
"2011-09",27.26,25.553,20.637,19.919,11.809,12.687,17.821
"2011-10",27.536,26.156,20.722,20.878,11.99,13.108,18.298
"2011-11",27.592,27.069,22.31,22.54,12.969,14.082,19.118
"2011-12",28.128,28.212,23.503,23.943,14.677,15.793,20.326
"2012-01",28.295,28.602,25.981,24.919,16.047,17.43,21.264
"2012-02",28.226,28.633,26.883,25.546,16.641,18.174,21.632
"2012-03",27.981,28.21,27.221,24.909,16.133,17.587,21.329
"2012-04",27.648,27.961,25.527,23.77,15.423,16.88,20.746
"2012-05",27.564,27.373,24.187,21.792,13.826,15.537,19.947
"2012-06",27.621,26.445,22.014,20.569,13.311,13.326,19.076
"2012-07",27.476,25.736,20.409,18.913,12.044,12.508,18.308
"2012-08",27.366,25.569,20.009,19.181,11.942,12.067,18.093
"2012-09",27.536,25.752,20.202,18.576,11.656,12.179,18.058
"2012-10",27.633,26.406,20.62,20.88,12.27,12.628,18.364
"2012-11",27.809,27.164,22.068,21.207,12.862,13.881,19.1
"2012-12",27.844,27.987,23.037,23.287,14.72,15.569,20.222
"2013-01",28.281,28.515,25.448,25.183,16.396,17.931,21.252
"2013-02",28.176,28.667,26.625,25.539,17.372,18.152,21.524
"2013-03",27.894,28.119,26.686,24.656,17.772,16.979,21.371
"2013-04",28.091,28.089,24.777,23.596,15.66,16.044,20.561
"2013-05",27.773,27.3,23.855,21.865,14.44,14.344,19.716
"2013-06",27.694,25.977,22.311,19.991,13.542,13.273,18.868
"2013-07",27.449,25.578,20.929,19.233,12.517,12.933,18.242
"2013-08",27.296,25.119,20.181,18.427,11.114,12.07,17.886
"2013-09",27.669,25.868,20.059,18.717,11.078,11.959,18.06
"2013-10",27.903,26.791,20.87,20.454,11.569,11.996,18.366
"2013-11",28.079,27.563,22.212,22.438,12.534,13.599,19.258
"2013-12",28.395,28.309,23.519,23.965,14.138,15.822,20.221
"2014-01",28.278,28.566,24.842,25.003,15.394,18.106,21.191
"2014-02",28.167,28.485,25.778,25.612,15.797,18.847,21.678
"2014-03",27.873,28.237,25.56,25.072,15.47,17.426,21.335
"2014-04",27.943,28.081,24.581,23.083,14.8,16.264,20.769
"2014-05",28.013,27.266,23.479,21.272,13.918,14.565,19.864
"2014-06",27.845,26.241,21.22,19.081,12.648,13.659,19.02
"2014-07",27.556,25.674,20.351,18.334,11.855,12.453,18.381
"2014-08",27.551,25.524,20.035,18.273,11.447,11.647,18.075
"2014-09",27.611,25.724,20.434,19.255,11.664,12.442,18.196
"2014-10",27.786,26.334,20.391,20.321,11.69,12.722,18.397
"2014-11",28.156,27.196,20.785,22.063,12.407,13.722,19.32
"2014-12",28.333,28.231,23.03,23.001,14.111,15.722,20.327
"2015-01",28.158,28.542,24.603,24.551,15.467,16.846,21.143
"2015-02",27.955,28.384,25.845,25.237,16.705,18.025,21.468
"2015-03",27.804,28.333,26.16,24.354,16.201,17.826,21.377
"2015-04",28.107,28.387,24.833,23.662,15.044,16.88,20.902
"2015-05",28.41,27.927,24.233,22.639,14.188,14.658,20.179
"2015-06",28.309,26.598,21.857,20.277,13.12,13.476,19.131
"2015-07",27.927,26.01,21.438,19.352,12.017,12.759,18.501
"2015-08",27.712,25.44,20.449,18.825,11.562,12.192,18.135
"2015-09",27.715,25.662,20.108,19.975,11.532,12.131,18.002
"2015-10",27.845,26.348,20.938,20.668,12,12.787,18.449
"2015-11",27.996,27.456,21.99,22.472,12.656,13.904,19.127
"2015-12",28.157,28.111,23.035,23.753,13.666,15.171,20.161
"2016-01",28.317,28.902,25.027,25.148,15.253,16.578,21.219
"2016-02",28.319,28.86,25.702,26.158,16.059,17.281,21.497
"2016-03",28.184,28.431,26.458,25.163,16.231,16.796,21.453
"2016-04",28.442,28.18,25.601,24.394,15.958,15.728,20.799
"2016-05",28.472,27.609,23.281,21.804,13.753,14.522,19.845
"2016-06",28.216,26.516,21.099,20.827,12.936,13.232,19.112
"2016-07",27.605,25.452,20.127,19.19,12.132,12.171,18.254
"2016-08",27.397,25.155,19.934,19.458,11.819,12.472,17.926
"2016-09",27.348,25.017,21.12,19.496,11.787,12.069,17.947
"2016-10",27.53,25.56,20.493,20.166,11.583,12.408,18.292
"2016-11",27.908,26.652,21.451,21.479,12.569,13.477,19.015
"2016-12",28.19,27.571,22.655,23.086,14.256,15.297,20.048
"2017-01",28.326,28.435,25.497,24.121,15.904,16.416,21.043
"2017-02",28.246,28.722,26.568,24.89,16.255,17.958,21.474
"2017-03",28.285,28.564,26.536,24.447,16.291,17.797,21.354
"2017-04",28.257,28.443,25.702,24.268,15.053,16.936,20.888
"2017-05",28.448,27.979,23.926,22.259,14.006,15.101,20.122
"2017-06",28.225,26.818,22.097,20.204,12.586,13.157,19.029
"2017-07",28.191,26.201,20.615,18.598,11.654,12.084,18.42
"2017-08",27.981,25.827,20.432,18.745,11.296,12.018,18.02
"2017-09",27.933,26.084,20.31,19.274,11.345,11.989,18.067
"2017-10",28.063,26.747,20.913,20.91,11.655,12.657,18.379
"2017-11",28.353,27.741,21.853,21.913,12.747,13.617,19.143
"2017-12",28.514,28.31,23.433,24.031,13.76,16.293,20.311
"2018-01",28.211,28.731,25.744,24.352,15.698,16.529,21.158
"2018-02",28.319,29.004,27.092,25.538,16.83,17.082,21.802
"2018-03",28.176,28.539,26.409,25.538,15.811,16.716,21.252
"2018-04",28.477,28.734,25.201,23.624,14.721,15.846,20.782
"2018-05",28.66,28.2,23.705,23.067,13.911,14.223,20.047
"2018-06",28.587,27.311,22.619,20.218,12.833,13.518,19.152
"2018-07",28.163,26.414,20.091,19.759,11.55,12.415,18.342
"2018-08",27.894,25.926,20.107,19.46,11.098,11.426,18.076
"2018-09",27.939,26.382,21.063,20.274,11.872,11.883,18.057
"2018-10",28.016,26.88,21.338,21.262,11.521,12.496,18.364
"2018-11",28.089,27.667,22.701,22.079,12.568,13.387,19.116
"2018-12",28.296,28.565,24.462,24.208,14.364,15.401,20.251
"2019-01",28.57,28.916,25.504,25.508,15.777,17.152,21.23
"2019-02",28.495,28.999,26.958,26.197,15.764,18.364,21.703
"2019-03",28.374,28.768,27.57,24.754,16.291,16.89,21.555
"2019-04",28.197,28.297,25.585,23.608,15.031,15.206,20.677
"2019-05",28.117,27.67,24.075,22.211,14.179,14.33,19.885
"2019-06",28.115,26.063,20.839,19.302,12.656,12.636,18.898
"2019-07",27.879,25.622,21.074,18.612,11.881,11.827,18.369
"2019-08",27.508,25.316,20.474,18.579,11.408,11.757,17.991
"2019-09",27.48,25.332,21.232,19.002,12.122,11.617,18.012
"2019-10",27.497,25.851,21.847,19.555,12.041,12.186,18.375
"2019-11",27.713,26.912,21.974,21.553,12.362,13.633,19.089
"2019-12",28.244,28.054,23.089,23.485,14.245,15.524,20.494
"2020-01",28.51,28.609,25.067,24.698,15.667,16.779,21.345
"2020-02",28.12,28.579,26.033,25.293,16.676,17.249,21.572
"2020-03",28.245,28.69,26.944,24.751,16.344,16.963,21.46
"2020-04",28.301,28.398,25.463,23.185,15.303,15.981,20.755
"2020-05",28.337,27.867,23.918,21.966,14.467,14.998,20.162
"2020-06",28.274,26.401,22.185,19.677,12.965,13.076,19.301
"2020-07",27.876,25.575,20.905,19.614,12.156,12.202,18.516
"2020-08",27.579,25.012,20.639,18.66,11.648,11.884,18.065
"2020-09",27.37,25.122,20.819,19.185,11.581,11.802,18.003
"2020-10",27.57,25.815,20.931,20.438,12.046,12.568,18.423
"2020-11",27.816,26.954,21.111,22.166,13.061,13.729,19.099
"2020-12",28.312,28.185,23.27,23.961,14.754,15.635,20.389
"2021-01",28.475,29.023,25.614,25.426,16.341,17.888,21.548
"2021-02",28.31,28.85,26.049,25.879,17.159,18.168,21.953
"2021-03",28.212,28.605,26.032,25.571,16.521,18.261,21.594
"2021-04",28.364,28.553,24.926,24.266,15.361,16.627,20.993
"2021-05",28.526,27.937,23.024,21.934,14.415,15.055,20.14
"2021-06",28.252,26.97,20.932,20.222,12.648,13.711,19.087
"2021-07",28.009,26.192,20.771,19.458,11.987,12.735,18.633
"2021-08",27.983,25.834,19.76,19.764,11.469,12.025,18.059
"2021-09",27.869,25.966,20.087,20.099,11.327,12.644,18.175
"2021-10",27.902,26.503,20.539,20.512,11.789,12.781,18.508
"2021-11",28.14,27.224,21.559,22.153,12.733,13.746,19.254
"2021-12",28.439,28.331,22.68,23.607,14.39,15.561,20.495
"2022-01",28.443,28.92,23.696,25.188,16.298,17.717,21.385
"2022-02",28.378,29.112,26.05,25.273,16.856,18.242,21.78
"2022-03",28.312,28.726,26.304,25.186,16.226,17.865,21.563
"2022-04",28.414,28.558,26.157,24.471,15.706,16.731,21.027
"2022-05",28.547,27.85,23.832,22.823,14.584,14.761,20.135
"2022-06",28.559,26.972,22.407,20.835,13.412,14.094,19.365
"2022-07",28.081,25.868,20.354,19.12,11.957,12.631,18.6
"2022-08",27.992,25.855,19.754,18.807,11.637,12.404,18.219
"2022-09",28.052,26.068,20.236,19.322,11.665,12.458,18.319
"2022-10",28.073,26.738,21.212,20.845,11.762,12.737,18.521
"2022-11",28.34,27.784,22.879,22.293,12.555,14.263,19.455
"2022-12",28.672,28.697,23.843,24.36,14.746,15.897,20.748
"2023-01",28.848,29.011,25.894,24.693,16.303,17.183,21.622
"2023-02",28.317,28.83,26.063,25.75,17.022,18.571,21.682
"2023-03",28.319,28.91,26.916,25.358,16.72,18.388,21.705
"2023-04",28.463,28.807,25.762,23.981,15.494,16.441,21.103
"2023-05",28.671,27.639,24.4,21.546,14.383,14.71,20.229
"2023-06",28.484,26.753,21.366,19.724,12.661,13.859,19.158
"2023-07",28.108,25.989,20.436,18.161,11.631,12.59,18.549
"2023-08",27.806,25.443,20.309,18.333,11.513,11.876,18.155
"2023-09",27.628,25.314,20.302,19.214,11.689,12.445,18.106
"2023-10",27.826,26.206,20.592,20.517,11.921,12.882,18.447
"2023-11",28.096,27.257,21.701,21.554,12.632,13.752,19.172
"2023-12",28.317,28.171,22.869,23.43,14.151,14.918,20.364
"2024-01",28.459,28.888,25.181,24.593,16.251,16.854,21.336
"2024-02",28.26,28.813,26.026,24.698,17.243,16.89,21.735
"2024-03",28.502,28.884,26.978,24.746,16.865,17.312,21.737
"2024-04",28.571,28.849,25.634,23.929,16.106,16.726,21.208
"2024-05",28.593,28.011,24.189,22.466,14.995,15.155,20.436
"2024-06",28.27,26.715,21.789,20.863,13.192,13.486,19.174
"2024-07",27.886,25.674,20.961,19.242,12.571,12.524,18.593
"2024-08",27.495,25.191,21.016,19.061,11.81,12.295,18.212
"2024-09",27.312,25.202,20.956,19.522,11.656,12.362,18.2
"2024-10",27.715,26.045,20.572,20.752,12.201,12.589,18.48
"2024-11",28.01,27.239,22.235,21.631,12.993,13.709,19.375
"2024-12",28.476,28.098,22.645,23.252,14.5,15.466,20.468
"2025-01",28.879,28.904,23.256,25.122,16.45,17.474,21.465
"2025-02",28.576,29.053,25.876,25.262,17.084,17.906,21.95
"2025-03",28.526,28.633,25.663,25.038,16.566,17.659,21.631
"2025-04",28.556,28.629,25.188,24.187,15.58,16.619,21.137
"2025-05",28.648,27.876,24.991,22.407,14.776,15.43,20.404
"2025-06",28.442,26.643,23.193,20.052,13.349,13.503,19.464
"2025-07",28.008,25.842,21.185,19.69,12.439,12.472,18.682
"2025-08",27.654,25.397,20.544,19.504,12.599,12.814,18.443
"2025-09",27.707,25.557,20.614,19.802,12.334,12.776,18.335
"2025-10",27.866,26.392,21.286,21.518,12.492,12.943,18.641
"2025-11",28.18,27.481,22.38,22.185,13.172,13.307,19.302
"2025-12",28.67,28.465,24.06,23.65,14.486,15.441,20.486
"2026-01",28.624,28.82,25.999,25.304,15.623,17.411,21.242
"2026-02",28.439,28.854,27.064,25.568,16.708,17.929,21.681
"2026-03",28.498,28.722,27.303,25.209,16.3,17.573,21.588
"2026-04",28.576,28.572,26.289,23.644,15.735,16.225,21
"2026-05",28.581,27.626,24.363,21.694,14.301,15.017,20.146
"2026-06",28.278,26.946,21.256,19.887,12.788,14.116,19.205
"2026-07",28.241,26.108,20.618,19.245,12.036,12.509,18.496
"2026-08",28.082,25.778,20.766,18.609,11.357,11.852,18.296
"2026-09",28.096,25.898,20.638,19.348,11.583,11.993,18.238
"2026-10",28.112,26.659,21.181,20.851,12.708,12.894,18.707
"2026-11",28.388,27.794,21.704,22.932,13.113,14.231,19.428
"2026-12",28.656,28.377,23.57,24.124,14.695,15.355,20.583
"2027-01",28.582,29.213,25.167,25.257,16.095,17.039,21.441
"2027-02",28.746,29.121,26.569,25.526,16.648,17.469,21.868
"2027-03",28.619,28.983,26.106,25.15,16.444,17.216,21.62
"2027-04",28.733,29.044,25.701,24.791,16.215,16.582,21.204
"2027-05",28.947,28.222,23.579,22.12,14.492,14.426,20.215
"2027-06",28.734,27.187,21.221,21.205,13.141,13.843,19.238
"2027-07",28.169,26.224,20.683,19.454,12.501,13.115,18.718
"2027-08",28.176,26.102,20.308,19.338,11.754,12.182,18.341
"2027-09",28.113,26.267,20.704,20.172,11.774,12.227,18.292
"2027-10",28.052,26.616,20.949,21.081,12.147,12.469,18.553
"2027-11",28.163,27.693,22.141,22.31,12.765,13.423,19.207
"2027-12",28.504,28.554,23.202,24.303,14.311,15.772,20.599
"2028-01",29.068,29.485,25.631,25.986,16.111,17.474,21.63
"2028-02",29.068,29.537,26.694,25.975,16.687,18.477,21.886
"2028-03",28.846,29.143,27.29,25.568,16.898,17.692,21.872
"2028-04",28.715,28.887,26.688,24.41,15.464,16.397,21.116
"2028-05",28.571,27.969,24.009,22.767,14.445,15.315,20.223
"2028-06",28.489,27.091,21.708,20.288,13.128,13.956,19.333
"2028-07",28.069,25.848,20.123,18.762,11.75,12.132,18.602
"2028-08",27.893,25.578,20.432,18.788,11.813,12.263,18.371
"2028-09",27.848,25.986,19.906,19.765,12.037,12.272,18.295
"2028-10",27.949,26.729,21.172,20.197,12.216,12.719,18.652
"2028-11",27.993,27.55,21.879,22.304,13.093,14.061,19.334
"2028-12",28.145,28.439,24.297,23.303,14.547,15.974,20.503
"2029-01",28.459,28.787,25.225,24.113,16.366,17.017,21.53
"2029-02",28.752,29.344,26.657,25.338,17.212,18.369,22.074
"2029-03",28.546,28.703,26.523,25.105,16.821,17.834,21.75
"2029-04",28.1,28.229,25.127,23.49,15.396,16.963,20.924
"2029-05",28.119,27.47,23.506,21.851,14.385,15.164,20.14
"2029-06",28.301,26.609,21.404,19.866,13.116,13.832,19.308
"2029-07",28.135,25.895,20.786,18.983,12.514,12.68,18.731
"2029-08",28,25.619,19.897,19.48,11.784,12.475,18.331
"2029-09",28.201,26.052,20.322,19.138,11.569,12.907,18.434
"2029-10",28.306,27.157,20.571,20.586,12.048,13.631,18.761
"2029-11",28.625,27.988,21.288,22.453,12.755,14.223,19.639
"2029-12",28.739,28.688,22.403,24.241,14.36,15.45,20.59
"2030-01",28.51,28.887,24.493,25.469,15.996,17.443,21.549
"2030-02",28.675,29.202,26.14,26.196,17.053,18.335,21.859
"2030-03",28.633,29.161,26.673,25.616,16.398,17.581,21.752
"2030-04",28.569,28.825,25.425,24.327,16.053,16.56,21.287
"2030-05",28.82,28.595,23.357,23.482,14.841,15.483,20.319
"2030-06",28.857,27.51,21.711,21.536,13.294,14.207,19.544
"2030-07",28.37,26.378,19.472,19.767,11.633,12.914,18.651
"2030-08",28.2,26.155,20.373,19.446,11.767,12.077,18.461
"2030-09",28.134,26.409,20.732,20.146,11.861,12.202,18.485
"2030-10",28.244,26.912,21.314,21.167,11.817,12.587,18.647
"2030-11",28.37,27.629,21.288,22.891,12.822,14.216,19.414
"2030-12",28.559,28.611,22.534,24.561,14.364,16.208,20.598
"2031-01",28.811,29.306,24.699,25.959,15.946,17.661,21.704
"2031-02",28.693,29.325,25.53,26.372,16.63,18.444,21.854
"2031-03",28.565,29.104,26.179,25.706,16.602,18.82,21.967
"2031-04",28.781,29.046,25.388,24.735,15.803,17.286,21.431
"2031-05",28.919,28.273,23.422,23.113,14.86,16.084,20.624
"2031-06",28.67,26.826,21.352,20.92,13.003,14.674,19.457
"2031-07",28.174,25.919,20.632,19.689,12.094,13.233,18.753
"2031-08",28.069,25.78,20.623,19.498,11.565,12.564,18.386
"2031-09",27.856,25.791,20.778,20.167,11.931,12.927,18.451
"2031-10",27.907,26.056,20.21,21.62,12.262,13.747,18.755
"2031-11",28.344,27.633,21.855,23.286,12.685,14.845,19.615
"2031-12",28.801,28.51,22.795,24.43,14.283,15.999,20.652
"2032-01",29.005,29.17,24.325,26.078,15.719,18.113,21.626
"2032-02",28.943,29.461,25.414,26.63,16.038,18.123,22.208
"2032-03",29.095,29.541,25.593,26.211,16.496,17.572,22.08
"2032-04",29.217,29.419,24.831,24.8,15.551,16.225,21.471
"2032-05",29.314,28.522,23.466,23.077,14.651,14.553,20.651
"2032-06",29.073,27.149,21.794,21.013,13.505,13.942,19.607
"2032-07",28.64,26.609,20.554,20.371,12.311,13.119,18.975
"2032-08",28.252,26.246,20.796,20.013,11.944,12.704,18.65
"2032-09",28.095,25.998,21.335,19.822,12.215,12.128,18.505
"2032-10",28.143,26.491,21.441,21.11,12.609,12.969,18.883
"2032-11",28.436,27.591,21.977,22.632,13.166,14.382,19.721
"2032-12",28.976,28.847,23.423,24.2,14.429,16.277,21.05
"2033-01",29.037,29.457,26.08,26.091,16.071,17.734,21.843
"2033-02",28.928,29.526,26.885,26.511,16.596,18.735,22.176
"2033-03",28.746,29.191,26.232,25.798,16.418,18.007,21.936
"2033-04",28.772,29.083,24.857,24.87,15.569,16.989,21.286
"2033-05",28.633,28.386,24.292,23.228,14.435,15.556,20.651
"2033-06",28.755,27.188,22.238,20.673,13.552,13.579,19.721
"2033-07",28.317,26.419,21.201,19.574,12.533,12.413,19.042
"2033-08",28.104,25.866,20.495,19.735,12.075,12.391,18.645
"2033-09",28.235,26.402,20.625,19.966,12.073,12.73,18.565
"2033-10",28.3,27.336,21.502,21.194,12.627,13.849,18.999
"2033-11",28.449,27.992,22.363,22.89,13.314,15.103,19.716
"2033-12",28.85,28.972,24.138,24.718,15.244,16.431,20.99
"2034-01",28.924,29.076,26.254,26.125,16.703,18.487,21.792
"2034-02",28.875,29.217,26.943,25.886,17.146,20.077,22.146
"2034-03",29.009,29.274,26.981,26.113,17.085,19.848,22.104
"2034-04",28.522,28.621,25.002,24.12,15.704,17.416,21.213
"2034-05",28.538,28.058,23.957,21.78,14.84,15.742,20.373
"2034-06",28.348,27.143,22.103,20.525,13.263,14.799,19.648
"2034-07",28.363,26.635,21.077,19.315,12.018,12.588,18.856
"2034-08",28.344,26.28,20.268,19.418,11.997,12.888,18.821
"2034-09",28.611,26.476,20.742,19.693,12.142,12.877,18.74
"2034-10",28.481,27.171,22.77,20.767,12.785,12.886,19.077
"2034-11",28.519,27.922,23.663,22.542,13.8,14.475,19.804
"2034-12",28.801,28.738,24.984,24.164,15.06,16.225,20.742
"2035-01",29.075,29.359,26.029,24.979,16.252,17.779,21.792
"2035-02",28.725,29.251,27.279,25.177,17.213,17.995,22.271
"2035-03",28.618,28.929,27.389,24.894,17.249,18.07,21.991
"2035-04",28.669,28.941,25.427,23.912,15.62,16.83,21.304
"2035-05",28.861,28.214,24.464,21.955,14.513,15.047,20.572
"2035-06",28.715,26.938,22.254,20.713,13.226,13.768,19.66
"2035-07",28.435,26.356,20.871,19.415,12.48,12.808,18.957
"2035-08",28.233,25.931,20.938,19.573,12.208,12.784,18.698
"2035-09",28.325,26.111,21.231,20.269,12.337,12.816,18.694
"2035-10",28.458,26.877,21.884,21.454,12.912,13.504,19.228
"2035-11",28.728,28.1,22.81,23.501,13.488,14.116,19.935
"2035-12",28.95,28.972,24.89,24.329,15.256,16.317,20.982
"2036-01",29.025,29.57,26.3,26.062,16.546,18.004,22.01
"2036-02",28.825,29.319,28.208,25.808,17.025,18.056,22.324
"2036-03",28.843,29.275,27.746,25.804,17.213,17.505,22.186
"2036-04",28.741,28.601,26.491,24.048,16.342,16.545,21.49
"2036-05",28.64,27.838,25.494,21.88,15.325,15.36,20.566
"2036-06",28.54,26.684,23.175,20.618,13.837,14.01,19.728
"2036-07",28.378,26.277,21.403,20.189,12.759,12.87,18.898
"2036-08",28.027,25.726,20.465,19.557,12.273,12.812,18.588
"2036-09",28.025,25.748,20.985,19.672,12.114,12.702,18.414
"2036-10",28.386,26.821,21.328,20.928,12.141,13.127,18.903
"2036-11",28.867,28.083,22.095,22.543,13.282,14.347,19.81
"2036-12",29.066,28.841,22.881,24.432,14.818,15.861,20.782
"2037-01",28.942,29.356,26.013,26.074,16.003,18.103,21.944
"2037-02",28.959,29.485,27.553,26.793,17.052,19.209,22.495
"2037-03",28.775,28.824,27.442,25.886,16.995,18.397,22.349
"2037-04",29.06,29.056,26.241,24.922,16.243,16.732,21.648
"2037-05",29.141,28.423,23.97,23.289,14.261,14.816,20.501
"2037-06",29.053,27.666,22.798,21.707,13.66,14.051,19.898
"2037-07",28.757,26.656,21.165,19.969,12.61,13.145,19.066
"2037-08",28.378,26.325,21.477,20.245,12.622,12.99,18.834
"2037-09",28.358,26.483,21.74,20.543,12.225,13.232,18.713
"2037-10",28.579,27.501,22.189,21.874,12.709,13.33,19.072
"2037-11",28.849,28.394,22.732,23.225,13.692,14.27,19.806
"2037-12",29.121,29.325,24.491,24.789,15.15,15.937,20.83
"2038-01",28.987,29.094,26.401,25.766,16.859,18.06,21.826
"2038-02",29.114,29.435,27.223,26.12,17.386,19.479,22.291
"2038-03",28.821,29.092,26.836,25.451,16.755,18.786,22.128
"2038-04",28.67,28.632,26.013,24.102,15.587,17.516,21.533
"2038-05",28.792,28.047,24.553,22.278,15.273,15.824,20.803
"2038-06",28.684,27.056,22.206,21.243,14.077,14.738,19.83
"2038-07",28.465,26.262,21.633,19.472,13.252,13.528,19.287
"2038-08",28.296,26.075,21.188,19.935,12.817,13.425,18.89
"2038-09",28.266,26.187,21.685,19.784,12.481,12.727,18.73
"2038-10",28.454,26.917,22.166,21.018,12.745,13.732,19.19
"2038-11",28.737,27.893,22.511,22.768,13.878,14.652,20.022
"2038-12",28.91,28.854,23.563,24.12,15.22,16.162,20.944
"2039-01",29.02,29.66,25.788,26.255,16.904,18.088,22.074
"2039-02",28.994,29.498,26.678,26.431,17.205,18.803,22.336
"2039-03",28.799,29.153,27.365,26.262,17.161,19.139,22.232
"2039-04",28.836,29.286,25.425,24.878,15.961,18.222,21.589
"2039-05",28.945,28.528,23.886,23.099,15.044,15.893,20.758
"2039-06",28.879,27.417,23.109,20.988,13.669,14.303,19.845
"2039-07",28.371,26.354,21.77,20.261,12.792,13.096,19.014
"2039-08",28.313,26.091,21.106,19.07,12.356,12.743,18.716
"2039-09",28.318,26.453,21.163,20.302,12.52,13.257,18.814
"2039-10",28.579,27.129,21.956,21.2,12.655,13.34,19.066
"2039-11",28.723,27.95,23.021,22.792,13.601,14.31,19.83
"2039-12",28.964,28.785,24.206,24.022,15.147,16.046,20.952
"2040-01",29.356,29.444,26.203,25.008,16.621,18.264,21.917
"2040-02",29.075,29.086,27.977,25.898,17.136,18.659,22.332
"2040-03",28.748,29.066,27.462,25.538,17.022,18.266,22.14
"2040-04",28.855,28.79,26.574,24.621,16.179,17.041,21.553
"2040-05",28.85,28.25,23.409,22.871,14.476,15.483,20.582
"2040-06",28.79,27.317,22.791,21.389,13.707,13.827,19.758
"2040-07",28.307,26.282,21.107,19.877,12.623,13.248,18.841
"2040-08",28.271,25.865,20.393,19.251,12.316,12.359,18.471
"2040-09",28.398,26.338,20.129,20.7,12.373,13.378,18.762
"2040-10",28.723,26.943,20.823,21.148,12.57,13.406,19.201
"2040-11",28.807,27.708,21.854,22.676,13.449,14.444,19.826
"2040-12",29.011,28.754,23.493,24.392,14.911,16.097,20.815
"2041-01",28.861,29.422,25.484,25.052,16.293,17.879,21.766
"2041-02",28.757,29.513,25.707,25.446,16.667,18.515,22.079
"2041-03",28.779,29.449,25.513,25.506,16.865,18.098,22.158
"2041-04",29.008,29.152,25.262,24.329,16.466,16.771,21.645
"2041-05",29.117,28.17,23.81,22.113,14.976,14.931,20.548
"2041-06",28.811,27.004,21.931,20.812,13.566,14.587,19.749
"2041-07",28.34,26.091,20.897,19.909,12.239,12.856,18.919
"2041-08",28.324,25.799,20.374,19.549,12.395,12.527,18.705
"2041-09",28.2,26.1,20.995,20.405,12.295,12.732,18.589
"2041-10",28.367,26.618,21.994,20.742,12.733,13.548,19.094
"2041-11",28.552,27.606,21.977,22.662,13.553,14.008,19.639
"2041-12",28.884,28.733,23.432,24.198,14.863,15.45,20.664
"2042-01",28.892,29.328,25.529,26.181,16.296,17.704,21.835
"2042-02",29.202,29.716,26.596,26.916,16.455,18.475,22.355
"2042-03",28.992,29.386,26.95,26.414,16.388,18.16,22.233
"2042-04",29.222,29.533,25.746,25.025,16.357,17.103,21.903
"2042-05",29.424,28.862,24.207,24.087,15.495,15.458,20.928
"2042-06",29.371,27.662,22.183,21.841,14.111,14.483,20.006
"2042-07",28.865,26.77,21.34,20.398,12.628,12.901,19.227
"2042-08",28.695,26.486,21.086,20.538,12.855,13.041,18.966
"2042-09",28.402,26.747,20.874,21.155,12.63,13.534,18.838
"2042-10",28.386,27.509,21.618,22.617,12.371,13.773,19.19
"2042-11",28.799,28.539,22.665,23.845,13.719,14.789,20.1
"2042-12",28.986,29.358,25.131,25.512,15.249,16.888,21.212
"2043-01",28.955,29.725,26.031,26.342,17.078,19.35,22.146
"2043-02",29.386,29.802,28.045,26.969,17.535,20.043,22.825
"2043-03",28.903,29.349,27.447,25.846,17.269,18.933,22.31
"2043-04",28.699,29.176,26.397,25.342,16.692,17.83,21.612
"2043-05",28.708,28.681,24.148,23.018,14.53,16.124,20.758
"2043-06",28.884,27.795,22.318,21.392,13.372,14.607,19.937
"2043-07",28.818,26.622,21.471,19.216,12.793,13.178,19.387
"2043-08",28.739,26.401,20.966,19.98,12.516,13.246,18.961
"2043-09",28.611,26.752,20.524,20.138,11.853,12.888,18.857
"2043-10",28.774,27.298,21.324,21.114,12.601,13.404,19.162
"2043-11",28.945,28.199,21.468,22.54,13.71,14.558,19.836
"2043-12",29.303,29.364,24.813,24.438,15.039,16.39,21.179
"2044-01",29.443,29.83,26.52,25.587,16.803,18.156,21.957
"2044-02",29.357,29.941,27.019,26.878,17.359,19.172,22.5
"2044-03",29.31,29.764,27.511,26.254,17.396,18.928,22.489
"2044-04",29.204,29.159,26.444,24.466,16.047,17.12,21.778
"2044-05",29.139,28.376,24.67,22.783,14.815,15.773,20.84
"2044-06",28.806,27.444,22.258,20.841,13.332,14.677,19.949
"2044-07",28.681,26.648,21.149,19.887,13.043,13.541,19.282
"2044-08",28.575,26.501,20.222,19.847,11.904,12.68,18.719
"2044-09",28.785,26.813,20.744,20.725,11.736,12.716,18.818
"2044-10",28.902,27.497,20.953,21.946,12.371,13.452,19.197
"2044-11",29.028,28.471,22.227,23.003,12.942,14.756,19.858
"2044-12",29.033,29.092,22.966,25.129,15.208,16.18,20.966
"2045-01",29,29.599,25.163,26.507,16.968,17.908,21.861
"2045-02",29.06,29.595,26.022,27.066,17.541,19.273,22.407
"2045-03",29.193,29.473,27.271,26.672,17.138,18.902,22.364
"2045-04",29.176,29.202,26.047,24.829,16.446,17.128,21.642
"2045-05",29.167,28.247,24.092,22.606,14.883,15.826,20.675
"2045-06",29.074,27.255,22.025,21.306,13.876,14.436,19.98
"2045-07",28.724,26.698,21.477,20.451,12.882,13.011,19.119
"2045-08",28.286,26.054,21.642,19.787,12.394,13.13,18.874
"2045-09",28.225,25.973,21.778,20.586,12.791,13.484,18.817
"2045-10",28.48,26.896,21.481,21.671,12.801,13.934,19.038
"2045-11",28.674,28.024,21.841,23.111,13.58,15.737,19.926
"2045-12",28.994,28.963,23.842,25.174,14.87,16.993,21.015
"2046-01",29.005,29.648,25.842,26.295,16.891,19.128,22.028
"2046-02",29.028,29.435,26.746,26.884,17.161,20.188,22.452
"2046-03",29.014,29.383,27.077,26.274,16.824,19.579,22.419
"2046-04",29.105,29.469,26.7,24.872,16.043,17.052,21.716
"2046-05",29.19,28.395,24.593,22.38,14.702,15.617,20.815
"2046-06",29.072,27.575,22.418,20.765,13.315,14.466,19.819
"2046-07",28.869,26.725,21.123,19.902,12.515,13.096,19.268
"2046-08",28.561,26.156,20.95,19.912,12.4,13.436,18.857
"2046-09",28.549,26.272,20.604,20.4,12.466,13.239,18.854
"2046-10",28.692,27.306,22.192,21.821,12.694,13.562,19.259
"2046-11",28.786,28.165,22.788,22.874,13.382,14.689,19.993
"2046-12",29.153,29.032,23.361,24.818,14.988,16.649,21.199
"2047-01",29.259,29.912,26.055,25.999,16.698,18.44,22.198
"2047-02",29.079,29.807,26.434,26.978,17.362,19.671,22.588
"2047-03",29.329,29.79,27.698,26.17,17.398,18.943,22.718
"2047-04",29.137,29.437,26.658,24.724,16.403,17.485,22.022
"2047-05",29.333,28.557,25.399,22.973,15.56,16.128,21.088
"2047-06",29.079,27.204,22.569,20.91,13.884,14.531,19.956
"2047-07",28.942,26.448,21.699,19.803,12.743,13.28,19.254
"2047-08",28.764,25.977,20.467,19.474,12.03,13.081,18.824
"2047-09",28.89,26.617,20.824,20.137,12.575,13.504,18.996
"2047-10",28.905,27.252,22.2,20.988,12.857,13.61,19.295
"2047-11",29.032,28.43,22.376,23.434,13.171,14.87,19.994
"2047-12",29.339,29.202,23.846,24.879,14.677,16.094,21.089
"2048-01",29.214,29.751,25.99,25.835,16.59,17.55,22.048
"2048-02",29.229,29.585,26.321,26.911,17.319,19.624,22.632
"2048-03",29.125,29.273,27.09,25.979,17.131,18.102,22.433
"2048-04",29.408,29.665,26.2,25.213,16.669,17.339,21.892
"2048-05",29.715,29.13,24.707,23.383,15.278,15.449,21.006
"2048-06",29.466,27.658,22.561,21.373,14.001,14.605,20.055
"2048-07",28.929,26.895,21.913,20.474,13.014,14.033,19.431
"2048-08",28.618,26.383,22.073,20.176,12.374,13.185,18.943
"2048-09",28.425,26.329,22.035,20.543,12.508,13.257,18.866
"2048-10",28.661,27.337,22.896,22.115,12.953,13.795,19.312
"2048-11",28.983,28.493,22.817,24.011,14.09,14.907,20.197
"2048-12",29.34,29.498,25.318,25.143,15.265,16.377,21.347
"2049-01",29.439,30.087,26.812,26.578,16.984,18.521,22.249
"2049-02",29.206,29.703,27.991,26.984,17.75,18.712,22.556
"2049-03",29.149,29.547,27.528,26.349,17.493,18.891,22.39
"2049-04",29.386,29.7,26.851,25.293,16.812,17.06,21.841
"2049-05",29.377,28.565,24.953,23.085,15.202,15.703,20.92
"2049-06",29.247,27.638,22.599,22.086,14.163,14.937,20.123
"2049-07",29.024,27.05,21.993,20.065,12.814,13.414,19.352
"2049-08",28.799,26.523,20.744,19.455,12.19,12.834,18.929
"2049-09",28.787,26.99,21.64,20.658,12.809,13.549,19.152
"2049-10",28.966,27.588,22.076,21.796,12.742,13.723,19.316
"2049-11",28.93,28.58,22.602,23.646,13.495,14.83,19.95
"2049-12",29.54,29.456,24.184,25,15.618,17.137,21.37
"2050-01",29.872,30.335,26.808,26.958,16.618,18.878,22.355
"2050-02",29.381,29.566,27.212,27.415,17.042,19.486,22.535
"2050-03",29.275,29.339,27.939,26.312,16.806,18.843,22.367
"2050-04",29.349,29.424,26.504,25.41,16.123,17.54,21.76
"2050-05",29.511,28.957,25.078,23.996,14.874,16.004,20.91
"2050-06",29.452,27.578,23.624,20.916,13.45,14.24,20.121
"2050-07",28.87,26.583,22.202,19.98,12.615,13.19,19.213
"2050-08",28.578,26.223,22.229,19.774,12.538,12.592,18.992
"2050-09",28.579,26.222,21.565,20.538,12.547,12.933,18.972
"2050-10",28.864,27.028,21.765,21.512,12.712,13.593,19.334
"2050-11",29.055,28.013,22.759,22.647,13.479,14.484,20.176
"2050-12",29.3,29.179,25.418,24.106,14.811,15.97,21.379
"2051-01",29.601,29.989,26.196,25.299,16.438,17.778,22.545
"2051-02",29.498,30.186,28.09,26.467,17.586,18.595,22.828
"2051-03",29.565,30.07,27.719,26.31,18.047,18.226,22.607
"2051-04",29.528,29.528,26.778,24.816,16.405,17.625,21.969
"2051-05",29.543,28.964,24.938,23.675,15.532,16.112,20.974
"2051-06",29.299,27.713,23.612,21.56,14.101,14.433,20.093
"2051-07",29.15,27.079,21.54,20.317,12.506,13.185,19.24
"2051-08",29.1,26.921,21.411,19.336,11.842,12.681,19.038
"2051-09",29.363,27.375,20.959,20.16,12.103,12.704,19.029
"2051-10",29.424,28.217,21.697,22.02,12.364,13.669,19.439
"2051-11",29.555,29.099,22.455,23.523,13.102,14.561,20.198
"2051-12",29.741,29.521,24.32,25.182,14.901,16.214,21.184
"2052-01",29.559,29.894,26.442,26.335,16.507,18.566,22.398
"2052-02",29.262,29.576,27.065,26.583,17.2,19.214,22.522
"2052-03",29.234,29.501,27.269,25.664,16.79,18.481,22.377
"2052-04",29.252,29.278,26.786,24.109,15.951,17.592,21.851
"2052-05",29.498,28.615,24.15,22.521,14.514,15.942,21.063
"2052-06",29.475,27.556,22.792,21.242,14.104,13.912,20.054
"2052-07",29.066,26.912,22.724,20.425,13.561,13.53,19.538
"2052-08",28.622,26.4,21.995,19.888,12.663,12.911,18.948
"2052-09",28.594,26.327,22.009,19.841,12.383,13.249,19.029
"2052-10",28.899,27.247,21.977,21.737,12.788,14.055,19.453
"2052-11",29.154,28.424,23.175,23.239,13.574,15.455,20.281
"2052-12",29.373,29.309,24.008,25.091,15.128,16.765,21.531
"2053-01",29.533,30.006,26.739,26.703,16.912,18.986,22.642
"2053-02",29.483,29.79,27.955,26.716,17.542,19.455,23.022
"2053-03",29.507,30.101,27.728,26.965,17.235,19.263,22.984
"2053-04",29.577,29.718,26.704,25.254,16.028,17.451,22.25
"2053-05",29.664,28.706,25.295,22.558,15.234,15.377,21.279
"2053-06",29.509,27.754,22.898,21.599,13.628,14.245,20.156
"2053-07",29.246,26.775,21.506,19.806,12.638,13.444,19.466
"2053-08",28.85,26.469,21.557,19.913,12.566,13.253,19.116
"2053-09",28.753,26.592,21.822,20.723,12.594,13.136,19.04
"2053-10",28.847,27.177,22.695,21.869,13.698,14.007,19.624
"2053-11",28.932,28.221,22.733,23.546,13.745,15.145,20.153
"2053-12",29.266,29.388,24.342,24.715,15.148,16.43,21.261
"2054-01",29.63,29.766,26.925,25.672,17.125,18.375,22.29
"2054-02",29.839,30.135,27.481,26.185,17.198,19.058,22.812
"2054-03",29.51,29.911,28.307,26.192,16.606,18.105,22.424
"2054-04",29.393,29.916,27.322,25.193,16.136,17.522,21.85
"2054-05",29.328,29.059,25.05,23.322,15.248,15.798,21.072
"2054-06",29.2,27.654,23.55,21.19,14.256,14.49,20.196
"2054-07",28.69,26.738,21.854,20.043,13.309,13.435,19.385
"2054-08",28.448,26.105,21.282,19.08,12.455,12.638,18.86
"2054-09",28.549,26.473,20.916,20.345,12.565,12.866,18.978
"2054-10",28.889,27.364,22.094,21.541,12.885,13.507,19.334
"2054-11",29.194,28.33,22.882,23.225,13.576,14.448,20.101
"2054-12",29.241,29.385,23.931,25.161,15.267,16.123,21.141
"2055-01",29.21,29.759,26.586,26.512,16.42,17.98,22.263
"2055-02",29.395,30.263,27.515,27.253,17.306,18.528,22.672
"2055-03",29.453,29.955,27.893,26.379,17.418,17.81,22.559
"2055-04",29.461,29.714,26.327,25.484,15.928,17.071,21.97
"2055-05",29.67,28.805,24.609,23.043,14.943,15.535,21.104
"2055-06",29.491,27.91,22.861,21.636,13.551,14.377,20.162
"2055-07",29.052,26.921,21.839,20.675,12.658,13.157,19.445
"2055-08",28.618,26.371,21.851,20.012,12.64,12.728,19.115
"2055-09",28.564,26.246,21.271,20.582,12.591,13.425,19.031
"2055-10",28.812,27.324,22.041,21.596,12.642,13.674,19.472
"2055-11",29.139,28.441,23.397,23.002,14.052,14.631,20.333
"2055-12",29.529,29.545,24.807,25.14,15.15,16.435,21.485
"2056-01",29.522,29.984,26.308,26.408,16.698,17.791,22.099
"2056-02",29.65,30.116,27.334,26.721,17.138,18.645,22.486
"2056-03",29.588,30.073,27.701,26.57,16.918,18.357,22.504
"2056-04",29.641,29.79,26.872,25.339,16.297,17.468,21.943
"2056-05",29.642,28.964,24.28,22.98,14.967,15.796,21.062
"2056-06",29.5,27.656,21.917,20.803,13.542,14.818,20.178
"2056-07",29.162,27.142,21.811,20.696,13.341,13.71,19.582
"2056-08",29.085,26.832,20.849,20.829,11.942,13.466,19.102
"2056-09",29.282,27.357,21.032,20.763,11.579,13.064,19.123
"2056-10",29.46,28.538,21.993,22.923,12.379,14.264,19.682
"2056-11",29.498,29.232,22.704,24.192,13.465,15.246,20.386
"2056-12",29.772,29.922,24.315,25.799,15.16,17.026,21.643
"2057-01",29.972,30.306,26.055,26.88,16.802,19.194,22.555
"2057-02",29.679,30.223,27.77,27.587,17.471,20.106,23.092
"2057-03",29.283,30.087,27.308,27.113,17.433,19.58,22.785
"2057-04",29.63,29.974,26.579,24.861,16.562,17.626,22.219
"2057-05",29.748,28.692,23.696,22.361,15.106,16.208,21.097
"2057-06",29.516,27.907,23.052,21.464,14.156,14.372,20.4
"2057-07",29.124,26.872,21.807,20.003,13.387,13.582,19.595
"2057-08",28.703,26.361,20.849,20.336,12.525,12.877,19.084
"2057-09",28.9,26.846,21.044,21.277,12.95,13.529,19.122
"2057-10",29.014,27.453,22.108,21.708,12.829,13.578,19.417
"2057-11",29.146,28.395,23.025,23.39,13.971,14.803,20.284
"2057-12",29.375,29.58,24.715,25.508,14.964,16.584,21.472
"2058-01",29.475,30.185,26.358,27.062,16.713,17.946,22.393
"2058-02",29.557,30.075,27.092,27.645,17.103,18.686,22.698
"2058-03",29.636,30.382,27.062,26.984,16.818,18.08,22.611
"2058-04",29.715,29.978,25.995,25.429,16.31,17.196,22.008
"2058-05",29.875,29.453,24.143,24.084,15.198,15.702,21.175
"2058-06",29.831,28.318,21.989,22.157,13.492,13.905,20.171
"2058-07",29.646,27.458,20.493,20.358,12.205,13.212,19.55
"2058-08",29.513,27.255,21.09,20.809,12.258,12.969,19.32
"2058-09",29.465,27.732,21.446,21.497,12.492,13.098,19.421
"2058-10",29.496,28.37,22.483,22.283,12.918,13.386,19.615
"2058-11",29.395,29.06,22.862,24.228,13.469,15.078,20.319
"2058-12",29.728,29.81,24.016,25.951,15.029,16.914,21.519
"2059-01",29.703,30.048,26.324,26.695,16.79,18.92,22.465
"2059-02",29.679,30.303,27.241,27.378,17.494,20.472,22.981
"2059-03",29.716,30.113,28.157,26.699,16.877,19.038,22.934
"2059-04",29.708,30.049,27.289,25.663,16.308,17.797,22.289
"2059-05",29.831,29.333,25.644,23.781,16.017,16.598,21.614
"2059-06",29.559,27.903,22.741,21.711,13.868,14.685,20.448
"2059-07",29.436,27.264,21.747,20.63,12.993,14.326,19.803
"2059-08",28.941,26.557,22.081,20.303,12.95,13.6,19.487
"2059-09",29.035,26.916,22.202,20.595,12.514,13.62,19.376
"2059-10",29.159,27.538,22.714,22.139,12.882,14.184,19.698
"2059-11",29.431,28.786,22.604,24.259,13.737,15.899,20.504
"2059-12",29.624,29.565,23.787,25.636,15.46,16.808,21.397
"2060-01",29.96,30.479,26.572,27.163,17.243,18.75,22.671
"2060-02",29.735,30.138,26.447,27.779,17.808,19.559,22.897
"2060-03",29.779,30.014,27.018,26.638,17.35,19.507,22.902
"2060-04",29.941,30.026,26.707,25.798,17.027,18.114,22.5
"2060-05",30.112,29.046,25.016,23.772,15.663,16.591,21.637
"2060-06",30.14,28.453,23.26,22.433,14.426,15.434,20.77
"2060-07",29.567,27.595,22.104,21.697,13.432,14.448,19.95
"2060-08",29.365,27.324,22.235,20.82,12.887,13.841,19.625
"2060-09",29.117,27.047,22.354,20.917,12.836,13.194,19.541
"2060-10",29.52,27.94,22.317,22.155,13.277,14.363,19.925
"2060-11",29.76,29.055,23.121,23.862,14.16,15.46,20.703
"2060-12",29.775,29.763,24.606,25.929,16.276,16.691,21.955
"2061-01",30.113,30.477,27.488,27.026,17.443,18.843,23.033
"2061-02",29.823,30.4,27.361,27.186,18.377,19.345,23.355
"2061-03",29.837,30.407,27.84,26.791,17.648,19.73,23.25
"2061-04",29.97,30.237,27.122,25.826,16.941,18.934,22.651
"2061-05",30.045,29.51,24.565,23.697,15.535,17.075,21.697
"2061-06",29.961,28.246,22.925,21.637,13.931,15.239,20.645
"2061-07",29.74,27.645,21.775,21.411,13.635,14.604,20.015
"2061-08",29.425,27.337,22.255,20.806,12.957,13.377,19.531
"2061-09",29.199,27.395,22.383,21.747,12.835,14.151,19.473
"2061-10",29.241,27.829,22.316,22.74,13.24,14.306,19.761
"2061-11",29.594,29.066,23.583,24.378,13.617,15.726,20.765
"2061-12",29.843,29.951,24.779,26.208,15.315,17.032,21.831
"2062-01",29.834,30.123,26.115,27.101,16.638,18.581,22.901
"2062-02",30.067,30.683,26.522,28.027,17.554,19.704,23.055
"2062-03",29.848,30.251,26.367,26.826,17.87,18.749,22.985
"2062-04",30.082,30.075,26.59,25.201,16.899,17.596,22.389
"2062-05",30.04,28.957,24.505,22.992,15.45,15.875,21.338
"2062-06",29.877,28.195,22.969,21.96,14.582,15.349,20.651
"2062-07",29.544,27.388,21.712,20.671,13.202,14.342,19.771
"2062-08",29.136,26.885,22.025,20.455,12.857,13.844,19.567
"2062-09",29.106,26.956,22.103,21.213,12.848,13.885,19.391
"2062-10",29.516,27.992,23.147,22.672,12.83,14.709,20.024
"2062-11",29.767,29.15,24.073,23.777,13.513,15.245,20.887
"2062-12",29.93,30.027,24.626,26.077,14.912,17.002,21.827
"2063-01",30.042,30.432,26.093,27.778,16.29,19.365,22.719
"2063-02",29.586,29.934,26.845,26.797,17.282,18.558,23.066
"2063-03",30.012,30.554,27.197,27.206,17.482,18.945,22.972
"2063-04",30.059,30.134,27.581,25.337,16.715,17.574,22.334
"2063-05",30.167,29.225,24.787,23.922,15.607,16.154,21.28
"2063-06",29.955,28.199,23.393,22.151,14.201,14.777,20.504
"2063-07",29.355,27.311,21.988,20.819,13.387,14.256,19.79
"2063-08",29.103,26.887,21.79,21.143,12.756,13.955,19.434
"2063-09",29.181,27.207,22.222,21.385,12.823,14.078,19.543
"2063-10",29.414,27.998,23.365,22.43,13.44,14.369,19.939
"2063-11",29.712,29.015,24.071,23.564,13.968,14.934,20.682
"2063-12",29.802,29.956,25.29,26.01,15.061,17.266,21.805
"2064-01",30.002,30.598,27.366,26.774,16.782,18.615,22.828
"2064-02",29.907,30.511,27.091,26.951,18.166,19.378,23.17
"2064-03",29.897,30.513,26.69,26.65,17.954,19.39,23.037
"2064-04",30.229,30.537,26.603,25.342,16.604,18.092,22.584
"2064-05",30.109,29.549,24.854,23.622,15.833,16.282,21.507
"2064-06",29.756,28.101,23.575,22.015,14.636,14.922,20.558
"2064-07",29.22,27.003,22.638,20.354,13.414,14.024,19.805
"2064-08",29.109,26.784,21.619,20.697,13.094,14.199,19.501
"2064-09",29.345,27.328,22.192,21.19,12.847,14.128,19.599
"2064-10",29.48,28.101,22.854,22.332,12.97,14.235,19.768
"2064-11",29.642,28.857,22.671,23.696,14.194,15.538,20.662
"2064-12",29.966,30.038,25.49,25.802,15.494,17.165,21.979
"2065-01",30.185,30.689,26.887,27.478,18.044,19.108,23.043
"2065-02",29.995,30.361,28.014,28.022,18.625,20.126,23.402
"2065-03",29.821,30.055,28.717,27.364,18.086,19.897,23.222
"2065-04",29.808,30.046,26.906,25.853,16.929,18.004,22.433
"2065-05",29.953,29.421,24.749,23.9,15.361,16.556,21.352
"2065-06",29.795,28.621,23.942,21.599,14.468,15.304,20.688
"2065-07",29.503,27.579,21.923,20.673,13.162,14.032,19.762
"2065-08",29.494,27.218,22.211,19.954,12.852,13.672,19.601
"2065-09",29.495,27.629,21.841,20.824,12.9,13.746,19.703
"2065-10",29.551,28.356,22.591,22.429,13.37,14.549,20.021
"2065-11",29.564,29.273,23.69,24.049,14.231,15.411,20.573
"2065-12",30.131,30.174,24.582,26.211,15.545,16.888,21.709
"2066-01",30.347,30.506,26.232,27.185,17.14,18.694,22.783
"2066-02",29.901,30.199,28.11,27.164,17.986,19.351,23.111
"2066-03",29.874,30.248,27.937,26.581,17.866,19.305,23.092
"2066-04",29.789,29.9,27.172,25.681,16.798,17.707,22.402
"2066-05",30.125,29.337,25.422,23.973,15.996,16.694,21.729
"2066-06",29.986,28.449,24.071,22.508,14.938,15.175,20.771
"2066-07",29.584,27.824,22.543,21.411,14.061,14.436,20.039
"2066-08",29.549,27.52,22.054,21.05,13.305,14.025,19.642
"2066-09",29.585,27.629,22.624,21.073,13.378,14.051,19.731
"2066-10",29.547,28.13,22.786,22.208,13.335,13.927,19.992
"2066-11",29.722,29.255,24.055,24.085,13.81,15.266,20.692
"2066-12",29.999,30.035,25.444,25.987,15.92,16.901,22.009
"2067-01",30.144,30.465,26.59,27.414,17.623,18.688,23.009
"2067-02",30.158,30.593,28.175,27.451,17.956,18.935,23.507
"2067-03",30.007,30.28,28.19,27.365,17.873,18.714,23.17
"2067-04",29.906,30.171,26.781,26.329,16.811,17.666,22.408
"2067-05",30.123,29.368,24.87,23.914,15.488,16.273,21.519
"2067-06",29.968,28.102,22.836,22.21,14.669,14.938,20.544
"2067-07",29.617,27.359,21.458,20.572,13.753,14.258,19.785
"2067-08",29.54,27.265,20.902,20.809,13.004,13.808,19.537
"2067-09",29.476,27.462,21.871,21.453,12.859,13.763,19.515
"2067-10",29.418,28.016,22.236,22.104,12.942,14.325,19.868
"2067-11",29.566,28.913,23.64,23.609,13.506,14.991,20.594
"2067-12",30.075,30.061,24.014,25.798,15.23,17.289,21.904
"2068-01",30.132,30.486,26.159,27.048,17.244,19.003,23.035
"2068-02",29.918,30.15,26.728,27.651,18.734,19.38,23.485
"2068-03",30.022,30.312,27.863,27.693,17.795,19.028,23.208
"2068-04",30.074,29.982,27.347,25.516,17.07,17.407,22.538
"2068-05",30.273,29.579,25.381,24.189,16.472,16.156,21.771
"2068-06",30.193,28.433,22.727,22.129,14.516,15.041,20.744
"2068-07",29.826,27.627,21.774,20.895,13.541,14.478,20.038
"2068-08",29.472,27.266,21.755,20.933,12.963,13.888,19.608
"2068-09",29.362,27.591,21.9,21.965,12.98,14.31,19.702
"2068-10",29.517,28.199,23.056,22.182,13.257,14.361,20.012
"2068-11",29.803,29.263,23.543,24.657,14.741,15.752,20.982
"2068-12",30.174,30.265,24.849,26.772,15.87,18.108,22.162
"2069-01",30.122,30.628,26.38,28.285,17.958,20.394,23.447
"2069-02",30.319,30.951,27.731,28.593,18.701,21.118,23.645
"2069-03",30.345,30.769,28.195,27.667,18.516,19.885,23.628
"2069-04",30.255,30.65,27.168,26.407,17.65,18.987,22.921
"2069-05",30.331,29.608,25.179,24.017,16.045,16.798,21.851
"2069-06",30.17,28.442,22.794,22.433,14.559,15.414,20.853
"2069-07",29.786,27.837,22.119,21.073,13.512,14.621,20.35
"2069-08",29.76,27.768,22.051,21.111,13.555,14.105,19.944
"2069-09",29.506,28.132,23.189,21.8,13.86,14.425,19.936
"2069-10",29.313,28.441,23.57,22.805,14.038,14.417,20.086
"2069-11",29.386,29.351,24.269,24.385,14.836,16.073,20.8
"2069-12",29.662,30.075,26.395,26.081,16.559,17.349,22.046
"2070-01",30.223,30.67,28.726,26.891,17.728,19.315,23.067
"2070-02",30.179,30.268,28.967,27.183,18.615,19.377,23.422
"2070-03",30.177,30.301,28.963,27.014,18.783,19.446,23.33
"2070-04",29.896,29.915,28.182,25.017,17.319,17.779,22.678
"2070-05",29.758,28.851,26.342,23.561,16.851,16.601,21.777
"2070-06",29.531,27.924,22.108,21.324,14.424,15.125,20.631
"2070-07",29.564,27.156,22.076,20.136,14.078,14.326,20.106
"2070-08",29.391,26.991,23.019,19.862,13.639,13.947,19.874
"2070-09",29.408,27.285,22.136,20.215,13.196,13.81,19.69
"2070-10",29.731,28.331,23.413,21.909,13.982,14.331,20.242
"2070-11",29.957,29.274,23.789,24.109,14.258,15.924,21.031
"2070-12",30.271,30.153,24.443,26.426,15.779,18.092,22.361
"2071-01",30.197,30.679,25.748,27.41,17.022,19.307,23.169
"2071-02",29.936,30.255,26.894,27.416,17.908,20.452,23.53
"2071-03",29.893,30.297,27.123,27.329,18.011,19.853,23.335
"2071-04",30.026,30.247,26.463,25.491,17.181,18.105,22.688
"2071-05",30.202,29.586,24.901,23.947,16.048,16.878,21.833
"2071-06",30.06,28.229,23.515,22.171,15.02,16.058,20.833
"2071-07",29.607,27.44,22.446,21.229,13.911,14.842,20.165
"2071-08",29.436,27.156,22.695,21.154,13.8,14.401,19.771
"2071-09",29.337,27.45,22.79,21.756,13.763,14.356,19.869
"2071-10",29.578,28.109,22.945,22.867,13.695,14.918,20.127
"2071-11",29.888,29.209,23.376,24.354,14.723,15.762,20.922
"2071-12",30.068,30.126,24.955,25.981,16.238,17.233,21.967
"2072-01",30.284,30.699,27.104,27.931,17.886,19.558,23.176
"2072-02",30.167,30.916,28.511,28.135,18.594,20.172,23.588
"2072-03",30.281,30.7,29.008,28.028,18.52,19.572,23.593
"2072-04",30.346,30.604,27.55,26.684,17.967,18.234,22.871
"2072-05",30.411,29.992,25.929,24.985,17.028,17.127,22.127
"2072-06",30.52,29.107,24.041,23.418,15.763,15.684,21.084
"2072-07",29.92,28.064,22.917,21.618,14.025,14.897,20.27
"2072-08",29.604,27.603,22.048,21.991,13.559,14.81,19.845
"2072-09",29.405,27.672,23.159,22.153,13.856,14.236,19.854
"2072-10",29.658,28.25,23.389,23.311,13.807,15.035,20.202
"2072-11",29.92,29.302,24.265,24.383,14.814,15.754,21.062
"2072-12",30.338,30.379,25.442,26.135,16.718,17.198,22.284
"2073-01",30.467,30.894,27.853,27.73,18.089,19.285,23.266
"2073-02",30.463,31.006,29.281,27.847,19.431,20.3,23.775
"2073-03",30.681,30.899,28.635,27.48,19.216,20.506,23.589
"2073-04",30.266,30.458,27.696,26.639,18.008,18.741,22.85
"2073-05",29.961,29.62,26.099,24.515,16.578,16.984,21.909
"2073-06",29.854,28.387,23.729,22.732,15.211,15.709,21.132
"2073-07",29.663,27.746,21.787,21.791,14.261,14.24,20.315
"2073-08",29.561,27.535,22.217,21.238,14.202,14.33,19.996
"2073-09",29.496,27.805,22.683,22.022,14.466,14.562,20.06
"2073-10",29.453,28.893,23.542,23.513,14.251,14.626,20.403
"2073-11",29.718,29.87,25.033,24.542,15.37,15.258,21.054
"2073-12",30.016,30.379,26.472,26.29,16.573,17.086,22.123
"2074-01",30.319,30.582,28.62,27.288,18.077,19.06,23.061
"2074-02",30.338,30.815,29.96,28.26,18.886,20.665,23.745
"2074-03",30.224,30.624,29.037,27.501,18.325,19.708,23.419
"2074-04",30.222,30.385,27.71,26.172,17.305,18.638,22.835
"2074-05",30.218,29.686,26.075,23.672,16.229,16.397,21.913
"2074-06",29.982,28.647,24.288,22.286,15.433,15.822,21.129
"2074-07",29.708,27.741,23.888,21.196,14.635,14.965,20.433
"2074-08",29.751,27.652,22.6,21.062,13.354,14.086,19.903
"2074-09",29.58,27.518,23.432,20.845,13.761,14.22,20.059
"2074-10",29.631,28.187,23.71,22.653,14.077,15.078,20.384
"2074-11",30.012,29.243,23.631,23.26,14.857,15.213,20.933
"2074-12",30.281,30.217,25.033,26.066,16.569,17.59,22.315
"2075-01",30.436,30.997,28.174,27.144,17.698,19.498,23.364
"2075-02",30.488,30.839,28.082,27.35,18.406,20.062,23.825
"2075-03",30.173,30.575,28.968,27.313,18.316,19.807,23.532
"2075-04",30.28,30.299,27.428,25.63,17.73,18.766,22.956
"2075-05",30.519,29.664,25.966,24.144,16.792,16.852,22.208
"2075-06",30.257,28.799,23.225,22.234,14.915,15.835,21.196
"2075-07",29.981,28.259,22.375,21.743,14.206,14.833,20.403
"2075-08",29.922,27.959,22.826,20.704,13.595,14.256,20.164
"2075-09",29.818,28.071,22.884,21.978,13.92,13.996,20.008
"2075-10",29.971,28.568,23.852,22.459,13.75,14.754,20.533
"2075-11",30.09,29.602,24.206,24.468,14.688,15.827,21.282
"2075-12",30.584,30.731,25.626,26.645,16.094,17.808,22.456
"2076-01",30.605,31.095,27.761,27.855,17.844,19.316,23.343
"2076-02",30.632,31.157,27.596,28.183,18.227,20.294,23.634
"2076-03",30.482,30.796,28.823,27.44,18.384,19.391,23.646
"2076-04",30.41,30.606,28.499,26.184,17.607,18.145,23.007
"2076-05",30.584,30.217,26.999,24.803,16.45,17.531,22.338
"2076-06",30.27,28.781,23.484,22.728,14.784,15.552,21.166
"2076-07",30.286,28.45,22.855,21.811,14.266,14.549,20.547
"2076-08",29.942,28.033,23.465,21.85,14.189,14.76,20.35
"2076-09",29.862,28.125,23.302,22.278,13.961,14.542,20.217
"2076-10",30.172,29.243,24.356,23.651,14.251,14.911,20.659
"2076-11",30.346,30.046,24.405,25.568,15.027,16.437,21.312
"2076-12",30.686,30.775,25.583,27.236,16.914,18.741,22.469
"2077-01",31.028,31.29,28.865,28.401,17.913,20.508,23.577
"2077-02",30.793,30.97,29.551,28.459,18.437,20.689,24.105
"2077-03",30.541,30.681,29.583,27.445,18.683,19.821,23.921
"2077-04",30.513,30.606,27.295,26.56,18.018,18.761,23.203
"2077-05",30.819,30.067,25.624,24.133,16.417,16.788,22.166
"2077-06",30.493,28.851,24.339,23.013,15.769,15.903,21.334
"2077-07",30.22,28.249,22.975,22.115,14.682,15.138,20.584
"2077-08",29.84,27.61,22.561,21.529,14.049,14.585,20.191
"2077-09",29.986,28.091,23.096,22.268,14.523,14.82,20.314
"2077-10",29.955,28.618,23.597,23.12,14.205,15.284,20.488
"2077-11",30.238,29.64,23.436,24.997,15.123,16.664,21.255
"2077-12",30.555,30.47,25.991,25.598,16.421,17.981,22.293
"2078-01",30.616,30.883,27.536,27.984,18.126,20.748,23.518
"2078-02",30.439,30.955,29.302,28.027,18.39,21.26,23.889
"2078-03",30.11,30.603,28.648,27.079,18.909,20.139,23.744
"2078-04",30.327,30.346,28.179,25.581,18.299,18.682,23.237
"2078-05",30.339,29.489,25.663,23.958,16.942,17.108,22.25
"2078-06",30.203,28.603,23.521,21.79,14.946,15.945,21.197
"2078-07",29.914,27.696,22.956,21.352,14.906,14.987,20.718
"2078-08",29.826,27.452,22.225,21.377,13.947,14.59,20.167
"2078-09",29.866,27.994,22.934,22.303,14.339,14.779,20.216
"2078-10",30.223,28.75,22.39,23.587,14.305,15.33,20.577
"2078-11",30.493,29.969,23.782,25.1,14.801,16.281,21.434
"2078-12",30.663,30.781,26.501,26.96,16.629,17.593,22.531
"2079-01",30.3,30.624,27.417,27.979,18.394,20.27,23.387
"2079-02",30.407,30.668,27.838,28.028,19.353,20.946,24.018
"2079-03",30.515,30.721,27.586,27.54,18.823,20.271,23.717
"2079-04",30.734,30.993,26.655,26.953,18.341,19.034,23.279
"2079-05",30.69,30.174,25.215,24.793,16.752,17.175,22.175
"2079-06",30.542,28.853,23.061,23.179,15.353,15.866,21.381
"2079-07",30.037,28.03,23.139,21.852,14.735,14.562,20.676
"2079-08",29.821,27.541,22.163,21.487,14.087,15.077,20.341
"2079-09",29.787,27.788,22.17,22.669,14.032,15.057,20.345
"2079-10",30.161,28.639,23.056,23.41,14.512,15.215,20.769
"2079-11",30.149,29.446,24.359,24.007,14.955,15.439,21.324
"2079-12",30.409,30.423,24.538,26.292,16.453,17.807,22.365
"2080-01",30.583,30.871,26.66,27.703,17.927,19.451,23.546
"2080-02",30.174,30.431,27.498,28.317,19.051,20.512,23.711
"2080-03",30.314,30.675,28.375,27.562,18.807,20.574,23.636
"2080-04",30.553,30.691,28.169,26.403,18.005,18.983,23.28
"2080-05",30.498,29.573,26.354,23.598,16.466,16.789,22.407
"2080-06",30.178,27.772,24.531,21.946,15.41,15.582,21.253
"2080-07",29.806,27.216,22.941,20.828,14.562,14.844,20.506
"2080-08",29.775,27.242,22.371,21.788,14.119,14.712,20.285
"2080-09",29.871,27.854,22.574,22.862,13.9,15.068,20.39
"2080-10",30.145,28.888,23.286,23.902,14.226,15.344,20.85
"2080-11",30.396,29.867,23.751,25.403,15.243,16.114,21.555
"2080-12",30.656,30.685,25.193,27.11,16.865,18.049,22.787
"2081-01",30.669,30.807,27.623,27.908,18.563,19.835,23.728
"2081-02",30.646,31.116,28.019,28.478,19.582,20.857,24.14
"2081-03",30.729,30.945,29.097,28.169,19.476,20.671,24.231
"2081-04",30.734,30.805,27.911,27.262,18.133,20.171,23.495
"2081-05",30.805,30.27,26.512,25.39,16.891,18.208,22.557
"2081-06",30.558,29.035,24.075,22.891,15.337,16.19,21.59
"2081-07",30.224,28.154,22.905,21.261,14.504,15.154,20.72
"2081-08",30.034,27.57,22.418,21.062,13.945,14.964,20.374
"2081-09",30.098,28.365,22.812,21.597,13.763,14.633,20.425
"2081-10",29.974,29.039,23.196,23.325,13.925,15.182,20.578
"2081-11",30.232,30.033,24.266,24.97,15.205,16.217,21.352
"2081-12",30.591,30.809,25.751,26.717,16.968,18.504,22.623
"2082-01",30.759,31.608,27.14,28.202,18.015,20.393,23.818
"2082-02",30.397,31.239,28.208,28.189,18.648,21.634,24.275
"2082-03",30.325,31.163,28.185,27.768,18.342,20.511,24.136
"2082-04",30.608,31.018,26.849,26.764,17.828,19.171,23.373
"2082-05",30.636,30.052,26.44,24.871,17.041,17.543,22.532
"2082-06",30.564,28.746,23.371,22.493,15.3,16.141,21.463
"2082-07",30.14,27.748,22.933,21.67,14.84,15.004,20.702
"2082-08",29.81,27.539,23.328,21.648,14.428,14.742,20.328
"2082-09",29.804,27.884,22.912,22.042,14.23,15.001,20.321
"2082-10",30.075,28.861,23.503,23.211,14.061,15.736,20.689
"2082-11",30.338,29.832,24.551,25.205,14.84,16.807,21.604
"2082-12",30.586,30.942,25.768,26.936,16.552,17.793,22.641
"2083-01",30.875,31.34,27.635,28.168,18.482,19.844,23.693
"2083-02",30.587,31.191,28.146,28.7,19.184,20.738,24.244
"2083-03",30.561,31.124,28.031,28.554,19.181,20.482,24.06
"2083-04",30.718,31.055,27.256,26.944,18.48,19.051,23.48
"2083-05",30.914,30.142,26.282,24.964,17.373,17.701,22.513
"2083-06",30.61,29.1,24.238,23.716,15.954,16.58,21.617
"2083-07",30.277,28.255,23.436,22.251,14.726,15.597,20.932
"2083-08",29.984,27.864,23.311,22.575,14.532,15.408,20.533
"2083-09",30.231,28.577,23.66,22.837,13.755,14.939,20.54
"2083-10",30.555,29.437,24.072,24.165,14.717,15.077,20.961
"2083-11",30.783,30.436,24.383,25.879,15.072,16.174,21.676
"2083-12",30.742,30.833,26.156,27.323,17.295,17.905,22.814
"2084-01",30.873,31.563,27.511,28.702,18.368,20.369,24.06
"2084-02",30.843,31.463,27.634,29.915,19.442,21.677,24.527
"2084-03",30.721,31.24,28.571,28.703,19.333,20.395,24.388
"2084-04",30.581,30.925,27.914,26.547,18.394,19.134,23.7
"2084-05",30.794,30.045,25.983,24.718,16.857,17.535,22.63
"2084-06",30.697,29.21,24.714,23.62,16.149,16.027,21.659
"2084-07",30.152,28.37,23.656,22.321,14.988,15.316,20.822
"2084-08",30.038,27.949,23.807,21.77,14.215,14.837,20.435
"2084-09",30.008,28.122,23.177,22.531,14.099,15.14,20.44
"2084-10",30.366,29.272,25.038,23.809,14.826,15.451,21.077
"2084-11",30.752,30.46,24.9,25.452,15.3,16.121,21.627
"2084-12",30.732,30.9,26.43,27.058,16.598,18.342,22.658
"2085-01",30.704,31.328,27.913,28.42,18.53,20.296,23.83
"2085-02",30.547,30.917,28.181,29.021,19.673,21.287,24.303
"2085-03",30.735,30.985,28.97,28.659,19.178,21.096,24.189
"2085-04",30.999,31.111,27.887,27.246,18.416,19.47,23.713
"2085-05",30.966,30.414,25.899,25.598,16.954,17.87,22.724
"2085-06",30.936,29.557,23.939,23.529,15.284,16.794,21.91
"2085-07",30.598,28.751,23.322,22.93,14.856,15.246,21.079
"2085-08",30.228,28.194,23.262,22.141,14.069,15.049,20.559
"2085-09",30.064,28.349,24.516,22.881,14.486,14.982,20.749
"2085-10",30.249,28.905,24.796,23.638,14.858,15.48,21.105
"2085-11",30.344,29.886,24.67,24.937,15.317,16.043,21.564
"2085-12",30.681,31.055,26.524,26.544,17.082,17.823,22.785
"2086-01",30.92,31.607,28.135,28.013,18.382,19.648,23.778
"2086-02",30.814,31.353,29.433,28.41,19.221,20.772,24.311
"2086-03",30.816,31.041,30.318,28.195,19.614,20.425,24.225
"2086-04",30.784,30.848,28.296,27.038,18.63,19.388,23.528
"2086-05",30.874,30.359,26.773,25.366,16.877,18.152,22.641
"2086-06",30.978,29.616,24.33,23.235,15.522,16.869,21.835
"2086-07",30.599,28.686,23.271,22.238,14.775,15.761,21.026
"2086-08",30.436,28.518,23.23,21.797,14.333,15.235,20.747
"2086-09",30.531,28.747,23.3,22.733,14.232,15.061,20.673
"2086-10",30.633,29.51,24.522,23.937,14.289,15.306,20.884
"2086-11",30.496,30.427,26.024,25.215,15.481,16.4,21.739
"2086-12",30.745,30.954,27.334,26.996,16.765,17.926,22.878
"2087-01",31.31,31.562,28.643,28.634,18.567,20.129,23.945
"2087-02",30.946,31.41,29.93,29.153,19.187,21.135,24.537
"2087-03",30.584,30.86,30.154,28.199,19.332,20.899,24.359
"2087-04",30.743,30.89,28.961,26.593,19.2,19.369,23.775
"2087-05",30.799,30.04,26.647,24.372,17.277,17.857,22.588
"2087-06",30.797,29.164,24.281,22.572,15.746,16.026,21.618
"2087-07",30.397,28.592,23.494,22.244,14.9,15.667,20.923
"2087-08",30.328,28.291,23.21,21.865,14.148,15.08,20.597
"2087-09",30.348,28.518,23.494,22.086,13.858,14.745,20.454
"2087-10",30.738,29.598,24.561,23.887,14.762,15.439,21.131
"2087-11",30.778,30.429,24.594,25.536,15.485,16.235,21.694
"2087-12",30.85,30.943,25.432,26.615,16.912,17.919,22.829
"2088-01",31.072,31.718,27.642,28.005,18.334,19.965,23.943
"2088-02",31.07,31.588,28.312,29.219,19.36,21.841,24.369
"2088-03",30.806,31.004,27.833,28.249,18.718,21.059,24.093
"2088-04",30.885,31.058,28.224,26.917,17.87,20.062,23.636
"2088-05",30.875,30.381,26.312,25.372,17.106,17.441,22.588
"2088-06",30.944,29.445,23.74,23.248,15.11,15.869,21.361
"2088-07",30.671,28.577,23.503,21.863,14.434,15.644,20.848
"2088-08",30.352,28.321,23.277,22.299,13.888,15.321,20.546
"2088-09",30.333,28.462,23.645,22.397,13.57,15.097,20.544
"2088-10",30.424,29.267,24.65,23.988,14.689,15.512,20.99
"2088-11",30.719,30.31,25.185,25.588,15.444,16.465,21.785
"2088-12",31.042,31.164,25.76,27.246,16.802,18.793,22.883
"2089-01",30.983,31.455,26.713,28.302,18.45,20.164,23.908
"2089-02",30.739,31.589,27.396,29.017,18.835,21.49,24.262
"2089-03",30.775,31.121,27.74,28.336,18.451,20.155,23.975
"2089-04",31.027,31.153,26.827,27.468,18.031,19.441,23.618
"2089-05",30.977,30.55,26.222,25.368,16.691,18.257,22.758
"2089-06",30.919,29.333,24.339,23.868,15.284,17.151,21.876
"2089-07",30.538,28.545,23.226,22.282,14.653,16.017,21.188
"2089-08",30.224,28.158,23.321,22.345,14.039,15.092,20.702
"2089-09",30.418,28.54,23.941,22.482,13.645,14.946,20.728
"2089-10",30.489,29.013,24.318,23.743,14.561,15.495,21.06
"2089-11",30.773,30.079,25.12,25.104,15.355,16.458,21.998
"2089-12",31.147,31.132,26.132,27.001,17.127,18.119,23.138
"2090-01",31.169,31.748,28.214,28.674,18.33,20.477,24.254
"2090-02",31.055,31.48,29.355,28.713,19.203,20.532,24.628
"2090-03",31.039,31.498,29.277,28.136,19.018,20.576,24.558
"2090-04",31.309,31.694,28.341,27.002,17.949,19.679,24.042
"2090-05",31.171,30.756,26.539,25.028,16.733,17.849,23.023
"2090-06",31.33,29.63,24.083,23.969,15.865,16.97,21.93
"2090-07",31.028,29.143,23.342,22.358,14.463,15.702,21.262
"2090-08",30.908,29.102,23.81,22.223,14.452,15.29,21.153
"2090-09",30.781,29.289,24.058,23.04,14.12,15.394,20.866
"2090-10",30.785,29.952,25.004,24.267,14.739,15.595,21.201
"2090-11",30.815,30.555,25.137,25.284,15.452,16.506,21.828
"2090-12",31.286,31.357,26.143,27.505,17.494,18.795,23.065
"2091-01",31.188,31.736,29.036,28.368,18.876,20.08,24.328
"2091-02",30.842,31.119,29.601,28.213,19.633,20.741,24.587
"2091-03",30.789,31.256,29.632,28.023,19.411,20.807,24.374
"2091-04",30.922,31.096,28.493,26.274,18.027,19.412,23.762
"2091-05",31.131,30.385,26.942,25.177,16.654,17.482,22.956
"2091-06",30.922,29.259,25.184,22.901,15.442,15.877,21.793
"2091-07",30.649,28.605,24.075,21.561,14.688,14.403,20.994
"2091-08",30.447,28.261,23.425,22.03,14.784,15.236,20.868
"2091-09",30.563,28.834,23.053,22.965,14.115,15.051,20.694
"2091-10",30.767,29.676,23.871,23.807,14.239,15.03,20.91
"2091-11",30.812,30.537,24.765,24.93,15.229,16.464,21.731
"2091-12",31.068,31.121,25.979,27.008,16.523,17.936,22.939
"2092-01",31.367,31.654,29.038,28.252,18.418,18.984,23.838
"2092-02",31.021,31.657,28.574,27.831,19.424,20.522,24.184
"2092-03",30.902,31.478,28.779,27.926,19.403,19.948,24.027
"2092-04",30.948,31.284,27.337,27.265,18.05,19.477,23.351
"2092-05",31.007,30.573,26.186,25.306,17.106,17.646,22.56
"2092-06",30.922,29.32,23.926,22.703,15.225,16.275,21.55
"2092-07",30.773,28.798,23.355,22.686,14.634,15.598,21.055
"2092-08",30.421,28.483,23.939,22.213,14.433,15.087,20.682
"2092-09",30.454,28.634,23.627,22.923,13.994,14.863,20.653
"2092-10",30.573,29.197,24.347,23.886,14.355,15.177,21.066
"2092-11",30.829,30.386,25.034,25.64,15.041,16.366,21.787
"2092-12",30.884,31,26.205,27.185,16.798,17.177,22.883
"2093-01",30.918,31.539,27.819,28.663,18.13,19.434,23.779
"2093-02",31.311,32.063,29.37,29.41,19.081,20.955,24.521
"2093-03",31.287,31.68,29.315,29.065,19.061,20.699,24.405
"2093-04",31.111,31.217,27.673,27.631,18.29,19.319,23.638
"2093-05",31.436,30.857,26.123,25.551,16.902,17.91,22.966
"2093-06",31.296,30.082,24.66,24.168,15.742,16.937,21.973
"2093-07",30.996,29.188,23.071,22.387,14.411,15.412,21.256
"2093-08",30.942,29.122,22.479,22.579,14.014,15.261,20.991
"2093-09",30.882,29.383,23.116,23.184,13.746,15.038,20.783
"2093-10",31.027,30.084,23.787,24.552,14.22,15.537,21.279
"2093-11",30.932,30.931,24.883,26.221,15.169,16.927,22.057
"2093-12",31.207,31.524,26.337,27.527,16.678,18.611,23.138
"2094-01",31.252,31.802,28.777,28.646,18.666,20.266,24.026
"2094-02",31.218,31.713,29.689,29.001,19.712,21.814,24.715
"2094-03",31.147,31.641,30.403,28.355,19.486,20.829,24.628
"2094-04",31.049,31.279,28.75,27.076,18.664,19.204,23.9
"2094-05",31.144,30.636,26.505,24.519,17.46,18.012,22.957
"2094-06",31.002,29.368,24.636,23.462,16.199,16.002,21.903
"2094-07",30.732,28.695,24.074,22.211,15.172,15.417,21.23
"2094-08",30.509,28.422,23.357,21.89,13.974,15.144,20.836
"2094-09",30.4,28.607,24.301,22.498,14.451,14.936,20.841
"2094-10",30.536,29.199,25.001,23.678,15.055,15.616,21.206
"2094-11",30.789,30.302,24.17,25.572,15.11,16.718,21.812
"2094-12",31.223,31.208,25.638,27.635,17.254,18.724,23.085
"2095-01",31.122,31.594,27.529,28.79,18.645,20.528,24.183
"2095-02",31.206,31.62,27.927,29.045,19.834,20.923,24.553
"2095-03",30.926,31.24,28.993,28.475,19.69,21.247,24.458
"2095-04",31.173,31.337,28.501,26.727,18.893,19.507,23.955
"2095-05",31.18,30.629,26.126,25.518,17.778,18.238,23
"2095-06",31.028,30.049,24.808,24.642,16.368,17.087,22.065
"2095-07",30.933,29.41,24.234,23.563,15.212,16.21,21.434
"2095-08",30.813,28.94,24.082,23.002,15.051,15.44,20.982
"2095-09",30.748,29.188,24.221,23.619,14.773,15.359,20.894
"2095-10",30.876,29.773,24.441,24.48,15.254,16.063,21.312
"2095-11",31.085,30.922,25.469,26.196,15.569,16.849,22.003
"2095-12",31.176,31.538,26.423,27.765,17.208,18.346,23.173
"2096-01",31.336,31.964,29.075,29.201,18.746,20.718,24.189
"2096-02",31.401,31.695,30.077,29.795,19.452,21.415,24.578
"2096-03",31.385,31.545,29.757,29.04,19.351,21.171,24.364
"2096-04",31.085,30.993,28.783,26.845,18.232,19.577,23.697
"2096-05",31.19,30.54,26.099,25.003,16.618,17.428,22.809
"2096-06",30.965,29.486,25.237,23.028,15.777,16.096,21.862
"2096-07",30.6,28.52,23.777,22.022,14.8,15.321,21.169
"2096-08",30.524,28.552,23.158,21.077,14.211,14.459,20.781
"2096-09",30.577,28.821,23.231,21.8,14.704,14.482,20.714
"2096-10",30.643,29.792,24.171,23.564,14.771,15.255,21.187
"2096-11",30.734,30.75,25.344,25.075,15.996,16.512,22.09
"2096-12",31.004,31.144,27.231,26.786,17.369,18.527,23.078
"2097-01",31.283,31.753,29.592,28.42,18.836,20.251,24.1
"2097-02",31.162,31.786,29.722,28.604,19.329,21.268,24.549
"2097-03",30.917,31.318,29.572,28.266,18.796,20.376,24.398
"2097-04",30.991,30.869,29.282,26.228,18.744,19.508,23.91
"2097-05",31.011,30.175,27.758,24.25,17.175,17.411,22.829
"2097-06",30.909,29.427,25.459,23.183,16.359,16.505,21.94
"2097-07",30.627,28.695,24.998,21.992,15.698,15.387,21.232
"2097-08",30.464,28.252,23.773,21.222,14.522,15.084,20.83
"2097-09",30.491,28.529,23.455,22.409,14.324,15.299,20.784
"2097-10",30.87,29.655,24.583,23.938,14.814,15.62,21.262
"2097-11",30.939,30.462,25.366,25.511,15.978,16.753,22.071
"2097-12",31.15,31.541,26.15,27.196,17.644,18.853,23.212
"2098-01",31.391,31.985,28.404,28.627,18.669,20.883,24.122
"2098-02",31.408,31.968,30.105,29.309,19.228,22.426,24.835
"2098-03",30.957,31.409,29.842,28.377,18.961,21.457,24.599
"2098-04",31.123,31.557,28.618,26.975,18.432,19.723,23.983
"2098-05",31.272,30.934,26.905,25.772,17.623,18.383,23.106
"2098-06",31.397,30.315,24.5,24.156,16.447,17.135,22.302
"2098-07",31.158,29.28,23.718,22.069,15.194,15.602,21.434
"2098-08",31.072,28.949,22.599,22.447,14.35,15.26,20.876
"2098-09",31.214,29.519,22.541,23.516,14.355,15.452,21.022
"2098-10",31.273,30.241,24.029,24.515,14.757,15.458,21.338
"2098-11",31.323,30.778,23.983,26.242,15.359,17.081,22.063
"2098-12",31.305,31.3,26.015,28.285,17.482,19.578,23.451
"2099-01",31.123,31.55,26.411,29.908,19.039,22.026,24.468
"2099-02",31.055,31.237,26.946,28.955,19.71,21.84,24.787
"2099-03",31.451,31.567,27.267,28.659,20.262,20.911,24.86
"2099-04",31.515,31.673,26.991,27.855,19.118,19.927,24.029
"2099-05",31.603,31.048,25.741,25.773,17.834,18.123,23.028
"2099-06",31.405,30.103,24.718,24.223,16.17,17.024,22.227
"2099-07",30.962,28.932,23.626,22.909,15.153,15.979,21.395
"2099-08",30.78,28.89,23.74,23.148,14.943,15.77,21.044
"2099-09",30.754,29.214,23.949,23.39,14.629,15.429,21.084
"2099-10",31.126,29.905,24.496,24.634,15.039,16.023,21.469
"2099-11",31.086,30.681,25.047,26.211,15.467,17.214,22.166
"2099-12",31.369,31.542,26.495,27.444,17.071,19.006,23.381
